self-check ok (nfock=4, use_bs=False, worst FD rel err 0.00e+00)
per-iter log: data/results/h4_hybrid_L8_nobs_r0150_iters.jsonl
live snapshot: data/results/h4_hybrid_L8_nobs_r0150_live.json

=== build H4 JWT Hamiltonian at R=1.50 Å ===
=== r=1.50 Å   FCI(pyscf)=-1.9961503255  eig=-1.9961503255  paper_fci=-1.99615033  paper_SNAP_D20=-1.9961503324377303 ===
-- r=1.50  (ECD+SNAP)^8 + ECD   npar=344 --
    iter=1 E=-0.9822392303 nfev=2 t=2.3s remaining=1999
    iter=2 E=-1.0323545764 nfev=3 t=3.5s remaining=1998
    iter=3 E=-1.0791408010 nfev=4 t=4.7s remaining=1997
    iter=4 E=-1.1410416955 nfev=5 t=5.8s remaining=1996
    iter=5 E=-1.1498332507 nfev=6 t=7.0s remaining=1995
    iter=6 E=-1.1658480303 nfev=7 t=8.3s remaining=1994
    iter=7 E=-1.1959779161 nfev=8 t=9.5s remaining=1993
    iter=8 E=-1.2458236001 nfev=9 t=10.6s remaining=1992
    iter=9 E=-1.2801740554 nfev=10 t=11.8s remaining=1991
    iter=10 E=-1.3160165466 nfev=11 t=13.0s remaining=1990
    iter=11 E=-1.3554271953 nfev=12 t=14.1s remaining=1989
    iter=12 E=-1.3809566188 nfev=13 t=15.3s remaining=1988
    iter=13 E=-1.4161210410 nfev=14 t=16.4s remaining=1987
    iter=14 E=-1.4644213060 nfev=15 t=17.6s remaining=1986
    iter=15 E=-1.5254446342 nfev=16 t=18.7s remaining=1985
    iter=16 E=-1.5556877172 nfev=18 t=21.0s remaining=1984
    iter=17 E=-1.5838736324 nfev=19 t=22.2s remaining=1983
    iter=18 E=-1.6175455710 nfev=20 t=23.3s remaining=1982
    iter=19 E=-1.6297228537 nfev=21 t=24.5s remaining=1981
    iter=20 E=-1.6498032826 nfev=22 t=25.7s remaining=1980
    iter=21 E=-1.6807807823 nfev=23 t=26.9s remaining=1979
    iter=22 E=-1.7233145689 nfev=24 t=28.1s remaining=1978
    iter=23 E=-1.7595556947 nfev=25 t=29.2s remaining=1977
    iter=24 E=-1.7792183395 nfev=27 t=31.4s remaining=1976
    iter=25 E=-1.8054335556 nfev=28 t=32.5s remaining=1975
    iter=26 E=-1.8350737810 nfev=29 t=33.7s remaining=1974
    iter=27 E=-1.8482392219 nfev=30 t=34.8s remaining=1973
    iter=28 E=-1.8659057749 nfev=31 t=36.0s remaining=1972
    iter=29 E=-1.8823715922 nfev=32 t=37.1s remaining=1971
    iter=30 E=-1.8909114655 nfev=33 t=38.3s remaining=1970
    iter=31 E=-1.8999959082 nfev=34 t=39.4s remaining=1969
    iter=32 E=-1.9081630942 nfev=35 t=40.5s remaining=1968
    iter=33 E=-1.9114209371 nfev=36 t=41.7s remaining=1967
    iter=34 E=-1.9158702562 nfev=37 t=42.8s remaining=1966
    iter=35 E=-1.9202239123 nfev=38 t=43.9s remaining=1965
    iter=36 E=-1.9238201449 nfev=39 t=45.0s remaining=1964
    iter=37 E=-1.9244943675 nfev=40 t=46.2s remaining=1963
    iter=38 E=-1.9257146267 nfev=41 t=47.4s remaining=1962
    iter=39 E=-1.9277467199 nfev=42 t=48.6s remaining=1961
    iter=40 E=-1.9306182161 nfev=43 t=49.8s remaining=1960
    iter=41 E=-1.9327786612 nfev=44 t=51.0s remaining=1959
    iter=42 E=-1.9339024831 nfev=45 t=52.2s remaining=1958
    iter=43 E=-1.9352309612 nfev=46 t=53.3s remaining=1957
    iter=44 E=-1.9363816717 nfev=47 t=54.5s remaining=1956
    iter=45 E=-1.9365845183 nfev=48 t=55.7s remaining=1955
    iter=46 E=-1.9369608022 nfev=49 t=56.9s remaining=1954
    iter=47 E=-1.9375930152 nfev=50 t=58.2s remaining=1953
    iter=48 E=-1.9381843294 nfev=51 t=59.3s remaining=1952
    iter=49 E=-1.9384224850 nfev=52 t=60.5s remaining=1951
    iter=50 E=-1.9386448299 nfev=53 t=61.6s remaining=1950
    iter=51 E=-1.9388400338 nfev=54 t=62.7s remaining=1949
    iter=52 E=-1.9390551814 nfev=55 t=63.8s remaining=1948
    iter=53 E=-1.9393250561 nfev=56 t=65.1s remaining=1947
    iter=54 E=-1.9394631469 nfev=57 t=66.7s remaining=1946
    iter=55 E=-1.9396557590 nfev=58 t=68.0s remaining=1945
    iter=56 E=-1.9399181665 nfev=59 t=69.2s remaining=1944
    iter=57 E=-1.9403123396 nfev=60 t=70.4s remaining=1943
    iter=58 E=-1.9408114805 nfev=61 t=71.5s remaining=1942
    iter=59 E=-1.9412022780 nfev=62 t=72.6s remaining=1941
    iter=60 E=-1.9416179246 nfev=63 t=73.7s remaining=1940
    iter=61 E=-1.9419158606 nfev=64 t=74.8s remaining=1939
    iter=62 E=-1.9422244783 nfev=65 t=76.0s remaining=1938
    iter=63 E=-1.9425917601 nfev=66 t=77.1s remaining=1937
    iter=64 E=-1.9431022952 nfev=67 t=78.1s remaining=1936
    iter=65 E=-1.9435570306 nfev=68 t=79.3s remaining=1935
    iter=66 E=-1.9438273327 nfev=69 t=80.6s remaining=1934
    iter=67 E=-1.9441330404 nfev=70 t=81.7s remaining=1933
    iter=68 E=-1.9445348237 nfev=71 t=82.8s remaining=1932
    iter=69 E=-1.9449598513 nfev=72 t=84.1s remaining=1931
    iter=70 E=-1.9453793693 nfev=73 t=85.2s remaining=1930
    iter=71 E=-1.9458219657 nfev=74 t=86.4s remaining=1929
    iter=72 E=-1.9463674531 nfev=75 t=87.5s remaining=1928
    iter=73 E=-1.9471093623 nfev=76 t=88.8s remaining=1927
    iter=74 E=-1.9478777025 nfev=77 t=89.9s remaining=1926
    iter=75 E=-1.9486303066 nfev=78 t=91.1s remaining=1925
    iter=76 E=-1.9492818590 nfev=79 t=92.2s remaining=1924
    iter=77 E=-1.9497324540 nfev=80 t=93.3s remaining=1923
    iter=78 E=-1.9503426366 nfev=81 t=94.5s remaining=1922
    iter=79 E=-1.9510118162 nfev=82 t=95.7s remaining=1921
    iter=80 E=-1.9517702670 nfev=83 t=96.9s remaining=1920
    iter=81 E=-1.9525792523 nfev=84 t=98.1s remaining=1919
    iter=82 E=-1.9532729747 nfev=85 t=99.2s remaining=1918
    iter=83 E=-1.9540470422 nfev=86 t=100.4s remaining=1917
    iter=84 E=-1.9546885225 nfev=87 t=101.6s remaining=1916
    iter=85 E=-1.9553540500 nfev=88 t=102.7s remaining=1915
    iter=86 E=-1.9561958846 nfev=89 t=103.9s remaining=1914
    iter=87 E=-1.9570532090 nfev=90 t=105.1s remaining=1913
    iter=88 E=-1.9580573249 nfev=91 t=106.3s remaining=1912
    iter=89 E=-1.9588763560 nfev=92 t=107.5s remaining=1911
    iter=90 E=-1.9596641177 nfev=93 t=108.6s remaining=1910
    iter=91 E=-1.9604947292 nfev=94 t=109.9s remaining=1909
    iter=92 E=-1.9614602416 nfev=95 t=111.1s remaining=1908
    iter=93 E=-1.9622456076 nfev=96 t=112.2s remaining=1907
    iter=94 E=-1.9631667149 nfev=97 t=113.3s remaining=1906
    iter=95 E=-1.9642091658 nfev=98 t=114.5s remaining=1905
    iter=96 E=-1.9648974041 nfev=99 t=115.7s remaining=1904
    iter=97 E=-1.9655160029 nfev=100 t=116.9s remaining=1903
    iter=98 E=-1.9661564641 nfev=101 t=118.1s remaining=1902
    iter=99 E=-1.9665722900 nfev=102 t=119.2s remaining=1901
    iter=100 E=-1.9669551040 nfev=103 t=120.4s remaining=1900
    iter=101 E=-1.9674093269 nfev=104 t=121.6s remaining=1899
    iter=102 E=-1.9679335275 nfev=105 t=122.7s remaining=1898
    iter=103 E=-1.9683738580 nfev=106 t=124.1s remaining=1897
    iter=104 E=-1.9687291271 nfev=107 t=125.3s remaining=1896
    iter=105 E=-1.9692372839 nfev=108 t=126.5s remaining=1895
    iter=106 E=-1.9698467457 nfev=109 t=127.6s remaining=1894
    iter=107 E=-1.9702579924 nfev=110 t=128.8s remaining=1893
    iter=108 E=-1.9707198984 nfev=111 t=130.0s remaining=1892
    iter=109 E=-1.9711432201 nfev=112 t=131.2s remaining=1891
    iter=110 E=-1.9714255420 nfev=113 t=132.4s remaining=1890
    iter=111 E=-1.9717146600 nfev=114 t=133.6s remaining=1889
    iter=112 E=-1.9720367024 nfev=115 t=134.9s remaining=1888
    iter=113 E=-1.9722430788 nfev=116 t=136.2s remaining=1887
    iter=114 E=-1.9724449318 nfev=117 t=137.4s remaining=1886
    iter=115 E=-1.9726816950 nfev=118 t=138.6s remaining=1885
    iter=116 E=-1.9729972384 nfev=119 t=139.8s remaining=1884
    iter=117 E=-1.9732445119 nfev=120 t=140.9s remaining=1883
    iter=118 E=-1.9734493396 nfev=121 t=142.1s remaining=1882
    iter=119 E=-1.9736424954 nfev=122 t=143.3s remaining=1881
    iter=120 E=-1.9737920129 nfev=123 t=144.5s remaining=1880
    iter=121 E=-1.9739489034 nfev=124 t=145.9s remaining=1879
    iter=122 E=-1.9741403668 nfev=125 t=147.2s remaining=1878
    iter=123 E=-1.9743152211 nfev=126 t=148.5s remaining=1877
    iter=124 E=-1.9745338471 nfev=127 t=149.8s remaining=1876
    iter=125 E=-1.9747321085 nfev=128 t=151.0s remaining=1875
    iter=126 E=-1.9749432053 nfev=129 t=152.2s remaining=1874
    iter=127 E=-1.9751562030 nfev=130 t=153.3s remaining=1873
    iter=128 E=-1.9753279893 nfev=131 t=154.4s remaining=1872
    iter=129 E=-1.9754752669 nfev=132 t=155.5s remaining=1871
    iter=130 E=-1.9756202334 nfev=133 t=156.6s remaining=1870
    iter=131 E=-1.9757478124 nfev=134 t=157.8s remaining=1869
    iter=132 E=-1.9758671912 nfev=135 t=158.8s remaining=1868
    iter=133 E=-1.9759916525 nfev=136 t=160.0s remaining=1867
    iter=134 E=-1.9761279385 nfev=137 t=161.1s remaining=1866
    iter=135 E=-1.9762588636 nfev=138 t=162.2s remaining=1865
    iter=136 E=-1.9763814274 nfev=139 t=163.3s remaining=1864
    iter=137 E=-1.9764993703 nfev=140 t=164.5s remaining=1863
    iter=138 E=-1.9766068188 nfev=141 t=165.7s remaining=1862
    iter=139 E=-1.9767027149 nfev=142 t=167.0s remaining=1861
    iter=140 E=-1.9768124255 nfev=143 t=168.1s remaining=1860
    iter=141 E=-1.9769268822 nfev=144 t=169.2s remaining=1859
    iter=142 E=-1.9770349803 nfev=145 t=170.5s remaining=1858
    iter=143 E=-1.9771493416 nfev=146 t=171.7s remaining=1857
    iter=144 E=-1.9772746178 nfev=147 t=172.9s remaining=1856
    iter=145 E=-1.9773958729 nfev=148 t=174.2s remaining=1855
    iter=146 E=-1.9775102296 nfev=149 t=175.3s remaining=1854
    iter=147 E=-1.9776201378 nfev=150 t=176.5s remaining=1853
    iter=148 E=-1.9777204916 nfev=151 t=177.6s remaining=1852
    iter=149 E=-1.9778128232 nfev=152 t=178.7s remaining=1851
    iter=150 E=-1.9779220170 nfev=153 t=179.9s remaining=1850
    iter=151 E=-1.9780311602 nfev=154 t=181.3s remaining=1849
    iter=152 E=-1.9781444493 nfev=155 t=182.5s remaining=1848
    iter=153 E=-1.9782502815 nfev=156 t=183.6s remaining=1847
    iter=154 E=-1.9783602868 nfev=157 t=184.8s remaining=1846
    iter=155 E=-1.9784746969 nfev=158 t=185.9s remaining=1845
    iter=156 E=-1.9785830989 nfev=159 t=187.2s remaining=1844
    iter=157 E=-1.9786557247 nfev=160 t=188.4s remaining=1843
    iter=158 E=-1.9787371595 nfev=161 t=189.7s remaining=1842
    iter=159 E=-1.9788296343 nfev=162 t=190.9s remaining=1841
    iter=160 E=-1.9789420478 nfev=163 t=192.1s remaining=1840
    iter=161 E=-1.9790437136 nfev=164 t=193.3s remaining=1839
    iter=162 E=-1.9791285700 nfev=165 t=194.6s remaining=1838
    iter=163 E=-1.9792091947 nfev=166 t=195.7s remaining=1837
    iter=164 E=-1.9792936896 nfev=167 t=196.9s remaining=1836
    iter=165 E=-1.9793939478 nfev=168 t=198.0s remaining=1835
    iter=166 E=-1.9794860904 nfev=169 t=199.1s remaining=1834
    iter=167 E=-1.9796046572 nfev=170 t=200.3s remaining=1833
    iter=168 E=-1.9797157320 nfev=171 t=201.4s remaining=1832
    iter=169 E=-1.9798153478 nfev=172 t=202.7s remaining=1831
    iter=170 E=-1.9799161525 nfev=173 t=204.0s remaining=1830
    iter=171 E=-1.9800107062 nfev=174 t=205.1s remaining=1829
    iter=172 E=-1.9801044305 nfev=175 t=206.2s remaining=1828
    iter=173 E=-1.9802097206 nfev=176 t=207.3s remaining=1827
    iter=174 E=-1.9803310053 nfev=177 t=208.4s remaining=1826
    iter=175 E=-1.9804350910 nfev=178 t=209.6s remaining=1825
    iter=176 E=-1.9805447406 nfev=179 t=210.7s remaining=1824
    iter=177 E=-1.9806435083 nfev=180 t=211.9s remaining=1823
    iter=178 E=-1.9807422664 nfev=181 t=213.1s remaining=1822
    iter=179 E=-1.9808449876 nfev=182 t=214.3s remaining=1821
    iter=180 E=-1.9809454389 nfev=183 t=215.5s remaining=1820
    iter=181 E=-1.9810269457 nfev=184 t=216.6s remaining=1819
    iter=182 E=-1.9810807912 nfev=185 t=217.7s remaining=1818
    iter=183 E=-1.9811439401 nfev=186 t=219.0s remaining=1817
    iter=184 E=-1.9812213824 nfev=187 t=220.3s remaining=1816
    iter=185 E=-1.9812947580 nfev=188 t=221.5s remaining=1815
    iter=186 E=-1.9813600829 nfev=189 t=222.6s remaining=1814
    iter=187 E=-1.9814265503 nfev=190 t=223.7s remaining=1813
    iter=188 E=-1.9815087178 nfev=191 t=224.8s remaining=1812
    iter=189 E=-1.9815804265 nfev=192 t=226.1s remaining=1811
    iter=190 E=-1.9816683612 nfev=193 t=227.3s remaining=1810
    iter=191 E=-1.9817609726 nfev=194 t=228.4s remaining=1809
    iter=192 E=-1.9818164126 nfev=195 t=229.6s remaining=1808
    iter=193 E=-1.9818699857 nfev=196 t=230.8s remaining=1807
    iter=194 E=-1.9819291218 nfev=197 t=231.9s remaining=1806
    iter=195 E=-1.9819962050 nfev=198 t=233.1s remaining=1805
    iter=196 E=-1.9820857027 nfev=199 t=234.3s remaining=1804
    iter=197 E=-1.9821903514 nfev=200 t=235.5s remaining=1803
    iter=198 E=-1.9822818991 nfev=201 t=236.6s remaining=1802
    iter=199 E=-1.9823565840 nfev=202 t=237.8s remaining=1801
    iter=200 E=-1.9824240291 nfev=203 t=239.0s remaining=1800
    iter=201 E=-1.9824856509 nfev=204 t=240.1s remaining=1799
    iter=202 E=-1.9825501427 nfev=205 t=241.2s remaining=1798
    iter=203 E=-1.9826170046 nfev=206 t=242.3s remaining=1797
    iter=204 E=-1.9826938314 nfev=207 t=243.5s remaining=1796
    iter=205 E=-1.9827684626 nfev=208 t=244.6s remaining=1795
    iter=206 E=-1.9828263227 nfev=209 t=245.9s remaining=1794
    iter=207 E=-1.9828786944 nfev=210 t=247.0s remaining=1793
    iter=208 E=-1.9829278135 nfev=211 t=248.1s remaining=1792
    iter=209 E=-1.9829798023 nfev=212 t=249.4s remaining=1791
    iter=210 E=-1.9830340550 nfev=213 t=250.5s remaining=1790
    iter=211 E=-1.9830887567 nfev=214 t=251.7s remaining=1789
    iter=212 E=-1.9831398014 nfev=215 t=252.9s remaining=1788
    iter=213 E=-1.9831873071 nfev=216 t=254.1s remaining=1787
    iter=214 E=-1.9832365626 nfev=217 t=255.4s remaining=1786
    iter=215 E=-1.9832864583 nfev=218 t=256.6s remaining=1785
    iter=216 E=-1.9833411256 nfev=219 t=257.7s remaining=1784
    iter=217 E=-1.9834040628 nfev=220 t=258.9s remaining=1783
    iter=218 E=-1.9834718790 nfev=221 t=260.1s remaining=1782
    iter=219 E=-1.9835376349 nfev=222 t=261.2s remaining=1781
    iter=220 E=-1.9836013121 nfev=223 t=262.4s remaining=1780
    iter=221 E=-1.9836697103 nfev=224 t=263.5s remaining=1779
    iter=222 E=-1.9837397972 nfev=225 t=264.6s remaining=1778
    iter=223 E=-1.9838077526 nfev=226 t=265.8s remaining=1777
    iter=224 E=-1.9838701592 nfev=227 t=267.1s remaining=1776
    iter=225 E=-1.9839277466 nfev=228 t=268.3s remaining=1775
    iter=226 E=-1.9839775432 nfev=229 t=269.4s remaining=1774
    iter=227 E=-1.9840291949 nfev=230 t=270.5s remaining=1773
    iter=228 E=-1.9840916143 nfev=231 t=271.6s remaining=1772
    iter=229 E=-1.9841608069 nfev=232 t=272.7s remaining=1771
    iter=230 E=-1.9842137054 nfev=233 t=273.8s remaining=1770
    iter=231 E=-1.9842759513 nfev=234 t=274.9s remaining=1769
    iter=232 E=-1.9843375864 nfev=235 t=276.1s remaining=1768
    iter=233 E=-1.9843939223 nfev=236 t=277.1s remaining=1767
    iter=234 E=-1.9844540620 nfev=237 t=278.3s remaining=1766
    iter=235 E=-1.9845177465 nfev=238 t=279.4s remaining=1765
    iter=236 E=-1.9845847155 nfev=239 t=280.5s remaining=1764
    iter=237 E=-1.9846500198 nfev=240 t=281.6s remaining=1763
    iter=238 E=-1.9847108790 nfev=241 t=282.8s remaining=1762
    iter=239 E=-1.9847670783 nfev=242 t=283.9s remaining=1761
    iter=240 E=-1.9848348538 nfev=243 t=285.0s remaining=1760
    iter=241 E=-1.9848991591 nfev=244 t=286.1s remaining=1759
    iter=242 E=-1.9849554359 nfev=245 t=287.3s remaining=1758
    iter=243 E=-1.9850161018 nfev=246 t=288.4s remaining=1757
    iter=244 E=-1.9850673136 nfev=247 t=289.6s remaining=1756
    iter=245 E=-1.9851211439 nfev=248 t=290.8s remaining=1755
    iter=246 E=-1.9851808398 nfev=249 t=291.9s remaining=1754
    iter=247 E=-1.9852198287 nfev=250 t=293.0s remaining=1753
    iter=248 E=-1.9852692816 nfev=251 t=294.2s remaining=1752
    iter=249 E=-1.9853236049 nfev=252 t=295.4s remaining=1751
    iter=250 E=-1.9853714496 nfev=253 t=296.5s remaining=1750
    iter=251 E=-1.9854258982 nfev=254 t=297.7s remaining=1749
    iter=252 E=-1.9854922061 nfev=255 t=298.8s remaining=1748
    iter=253 E=-1.9855485606 nfev=256 t=300.1s remaining=1747
    iter=254 E=-1.9855930950 nfev=257 t=301.3s remaining=1746
    iter=255 E=-1.9856330590 nfev=258 t=302.5s remaining=1745
    iter=256 E=-1.9856725282 nfev=259 t=303.6s remaining=1744
    iter=257 E=-1.9857090175 nfev=260 t=304.7s remaining=1743
    iter=258 E=-1.9857434500 nfev=261 t=305.9s remaining=1742
    iter=259 E=-1.9857815375 nfev=262 t=307.1s remaining=1741
    iter=260 E=-1.9858227612 nfev=263 t=308.2s remaining=1740
    iter=261 E=-1.9858609290 nfev=264 t=309.7s remaining=1739
    iter=262 E=-1.9858967342 nfev=265 t=311.0s remaining=1738
    iter=263 E=-1.9859301801 nfev=266 t=312.2s remaining=1737
    iter=264 E=-1.9859667607 nfev=267 t=313.4s remaining=1736
    iter=265 E=-1.9860099183 nfev=268 t=314.6s remaining=1735
    iter=266 E=-1.9860550623 nfev=269 t=315.8s remaining=1734
    iter=267 E=-1.9860912600 nfev=270 t=316.9s remaining=1733
    iter=268 E=-1.9861203054 nfev=271 t=318.0s remaining=1732
    iter=269 E=-1.9861498260 nfev=272 t=319.1s remaining=1731
    iter=270 E=-1.9861822786 nfev=273 t=320.2s remaining=1730
    iter=271 E=-1.9862148816 nfev=274 t=321.4s remaining=1729
    iter=272 E=-1.9862524525 nfev=275 t=322.5s remaining=1728
    iter=273 E=-1.9862940884 nfev=276 t=323.6s remaining=1727
    iter=274 E=-1.9863370522 nfev=277 t=324.7s remaining=1726
    iter=275 E=-1.9863762923 nfev=278 t=325.9s remaining=1725
    iter=276 E=-1.9864103424 nfev=279 t=327.0s remaining=1724
    iter=277 E=-1.9864424448 nfev=280 t=328.1s remaining=1723
    iter=278 E=-1.9864782689 nfev=281 t=329.3s remaining=1722
    iter=279 E=-1.9865151415 nfev=282 t=330.4s remaining=1721
    iter=280 E=-1.9865482673 nfev=283 t=331.4s remaining=1720
    iter=281 E=-1.9865744271 nfev=284 t=332.5s remaining=1719
    iter=282 E=-1.9865957583 nfev=285 t=333.9s remaining=1718
    iter=283 E=-1.9866162129 nfev=286 t=335.2s remaining=1717
    iter=284 E=-1.9866384404 nfev=287 t=336.3s remaining=1716
    iter=285 E=-1.9866552374 nfev=288 t=337.4s remaining=1715
    iter=286 E=-1.9866743906 nfev=289 t=338.5s remaining=1714
    iter=287 E=-1.9866961145 nfev=290 t=339.6s remaining=1713
    iter=288 E=-1.9867209915 nfev=291 t=340.7s remaining=1712
    iter=289 E=-1.9867471085 nfev=292 t=341.8s remaining=1711
    iter=290 E=-1.9867724826 nfev=293 t=342.9s remaining=1710
    iter=291 E=-1.9867950034 nfev=294 t=344.2s remaining=1709
    iter=292 E=-1.9868152479 nfev=295 t=345.3s remaining=1708
    iter=293 E=-1.9868353591 nfev=296 t=346.4s remaining=1707
    iter=294 E=-1.9868571828 nfev=297 t=347.5s remaining=1706
    iter=295 E=-1.9868768324 nfev=298 t=348.8s remaining=1705
    iter=296 E=-1.9868970514 nfev=299 t=350.0s remaining=1704
    iter=297 E=-1.9869156749 nfev=300 t=351.1s remaining=1703
    iter=298 E=-1.9869325386 nfev=301 t=352.2s remaining=1702
    iter=299 E=-1.9869482807 nfev=302 t=353.3s remaining=1701
    iter=300 E=-1.9869632027 nfev=303 t=354.4s remaining=1700
    iter=301 E=-1.9869767486 nfev=304 t=355.7s remaining=1699
    iter=302 E=-1.9869914766 nfev=305 t=356.9s remaining=1698
    iter=303 E=-1.9870094639 nfev=306 t=358.1s remaining=1697
    iter=304 E=-1.9870273353 nfev=307 t=359.3s remaining=1696
    iter=305 E=-1.9870418705 nfev=308 t=360.5s remaining=1695
    iter=306 E=-1.9870536868 nfev=309 t=361.6s remaining=1694
    iter=307 E=-1.9870659241 nfev=310 t=362.8s remaining=1693
    iter=308 E=-1.9870810354 nfev=311 t=363.9s remaining=1692
    iter=309 E=-1.9871005639 nfev=312 t=365.0s remaining=1691
    iter=310 E=-1.9871201412 nfev=313 t=366.1s remaining=1690
    iter=311 E=-1.9871380611 nfev=314 t=367.2s remaining=1689
    iter=312 E=-1.9871527279 nfev=315 t=368.4s remaining=1688
    iter=313 E=-1.9871648238 nfev=316 t=369.5s remaining=1687
    iter=314 E=-1.9871774383 nfev=317 t=370.6s remaining=1686
    iter=315 E=-1.9871928040 nfev=318 t=371.7s remaining=1685
    iter=316 E=-1.9872111504 nfev=319 t=372.8s remaining=1684
    iter=317 E=-1.9872292537 nfev=320 t=373.9s remaining=1683
    iter=318 E=-1.9872454305 nfev=321 t=375.1s remaining=1682
    iter=319 E=-1.9872613931 nfev=322 t=376.2s remaining=1681
    iter=320 E=-1.9872777241 nfev=323 t=377.3s remaining=1680
    iter=321 E=-1.9872900850 nfev=324 t=378.4s remaining=1679
    iter=322 E=-1.9873010521 nfev=325 t=379.5s remaining=1678
    iter=323 E=-1.9873127815 nfev=326 t=380.6s remaining=1677
    iter=324 E=-1.9873262127 nfev=327 t=381.7s remaining=1676
    iter=325 E=-1.9873410180 nfev=328 t=382.8s remaining=1675
    iter=326 E=-1.9873568084 nfev=329 t=383.9s remaining=1674
    iter=327 E=-1.9873738697 nfev=330 t=385.0s remaining=1673
    iter=328 E=-1.9873910464 nfev=331 t=386.1s remaining=1672
    iter=329 E=-1.9874063509 nfev=332 t=387.2s remaining=1671
    iter=330 E=-1.9874195964 nfev=333 t=388.3s remaining=1670
    iter=331 E=-1.9874310043 nfev=334 t=389.4s remaining=1669
    iter=332 E=-1.9874405664 nfev=335 t=390.6s remaining=1668
    iter=333 E=-1.9874486991 nfev=336 t=391.7s remaining=1667
    iter=334 E=-1.9874568813 nfev=337 t=392.8s remaining=1666
    iter=335 E=-1.9874658220 nfev=338 t=394.0s remaining=1665
    iter=336 E=-1.9874754757 nfev=339 t=395.1s remaining=1664
    iter=337 E=-1.9874859746 nfev=340 t=396.2s remaining=1663
    iter=338 E=-1.9874978164 nfev=341 t=397.3s remaining=1662
    iter=339 E=-1.9875098469 nfev=342 t=398.5s remaining=1661
    iter=340 E=-1.9875212184 nfev=343 t=399.6s remaining=1660
    iter=341 E=-1.9875322502 nfev=344 t=400.7s remaining=1659
    iter=342 E=-1.9875435279 nfev=345 t=401.8s remaining=1658
    iter=343 E=-1.9875506887 nfev=346 t=403.0s remaining=1657
    iter=344 E=-1.9875584292 nfev=347 t=404.1s remaining=1656
    iter=345 E=-1.9875652080 nfev=348 t=405.3s remaining=1655
    iter=346 E=-1.9875717686 nfev=349 t=406.4s remaining=1654
    iter=347 E=-1.9875784166 nfev=350 t=407.5s remaining=1653
    iter=348 E=-1.9875857486 nfev=351 t=408.6s remaining=1652
    iter=349 E=-1.9875939360 nfev=352 t=409.7s remaining=1651
    iter=350 E=-1.9876029730 nfev=353 t=410.8s remaining=1650
    iter=351 E=-1.9876119593 nfev=354 t=411.9s remaining=1649
    iter=352 E=-1.9876202166 nfev=355 t=413.0s remaining=1648
    iter=353 E=-1.9876281890 nfev=356 t=414.2s remaining=1647
    iter=354 E=-1.9876364834 nfev=357 t=415.3s remaining=1646
    iter=355 E=-1.9876451823 nfev=358 t=416.4s remaining=1645
    iter=356 E=-1.9876542546 nfev=359 t=417.5s remaining=1644
    iter=357 E=-1.9876633779 nfev=360 t=418.5s remaining=1643
    iter=358 E=-1.9876722636 nfev=361 t=419.7s remaining=1642
    iter=359 E=-1.9876815001 nfev=362 t=420.9s remaining=1641
    iter=360 E=-1.9876916432 nfev=363 t=422.0s remaining=1640
    iter=361 E=-1.9877018102 nfev=364 t=423.2s remaining=1639
    iter=362 E=-1.9877106488 nfev=365 t=424.3s remaining=1638
    iter=363 E=-1.9877184530 nfev=366 t=425.4s remaining=1637
    iter=364 E=-1.9877262236 nfev=367 t=426.5s remaining=1636
    iter=365 E=-1.9877354076 nfev=368 t=427.7s remaining=1635
    iter=366 E=-1.9877452999 nfev=369 t=428.8s remaining=1634
    iter=367 E=-1.9877534602 nfev=370 t=430.0s remaining=1633
    iter=368 E=-1.9877597546 nfev=371 t=431.1s remaining=1632
    iter=369 E=-1.9877656463 nfev=372 t=432.4s remaining=1631
    iter=370 E=-1.9877727240 nfev=373 t=433.5s remaining=1630
    iter=371 E=-1.9877818496 nfev=374 t=434.7s remaining=1629
    iter=372 E=-1.9877902286 nfev=375 t=435.9s remaining=1628
    iter=373 E=-1.9877982254 nfev=376 t=437.0s remaining=1627
    iter=374 E=-1.9878062961 nfev=377 t=438.2s remaining=1626
    iter=375 E=-1.9878140231 nfev=378 t=439.3s remaining=1625
    iter=376 E=-1.9878205813 nfev=379 t=440.5s remaining=1624
    iter=377 E=-1.9878270047 nfev=380 t=441.7s remaining=1623
    iter=378 E=-1.9878345594 nfev=381 t=442.9s remaining=1622
    iter=379 E=-1.9878434773 nfev=382 t=444.2s remaining=1621
    iter=380 E=-1.9878510457 nfev=383 t=445.3s remaining=1620
    iter=381 E=-1.9878582551 nfev=384 t=446.5s remaining=1619
    iter=382 E=-1.9878654488 nfev=385 t=447.6s remaining=1618
    iter=383 E=-1.9878735819 nfev=386 t=448.8s remaining=1617
    iter=384 E=-1.9878824834 nfev=387 t=449.9s remaining=1616
    iter=385 E=-1.9878921717 nfev=388 t=451.1s remaining=1615
    iter=386 E=-1.9879028055 nfev=389 t=452.2s remaining=1614
    iter=387 E=-1.9879131513 nfev=390 t=453.5s remaining=1613
    iter=388 E=-1.9879220603 nfev=391 t=454.6s remaining=1612
    iter=389 E=-1.9879300239 nfev=392 t=455.7s remaining=1611
    iter=390 E=-1.9879380604 nfev=393 t=456.8s remaining=1610
    iter=391 E=-1.9879473203 nfev=394 t=457.9s remaining=1609
    iter=392 E=-1.9879572419 nfev=395 t=459.0s remaining=1608
    iter=393 E=-1.9879656079 nfev=396 t=460.0s remaining=1607
    iter=394 E=-1.9879725357 nfev=397 t=461.1s remaining=1606
    iter=395 E=-1.9879786922 nfev=398 t=462.3s remaining=1605
    iter=396 E=-1.9879853619 nfev=399 t=463.4s remaining=1604
    iter=397 E=-1.9879927299 nfev=400 t=464.5s remaining=1603
    iter=398 E=-1.9880017777 nfev=401 t=465.7s remaining=1602
    iter=399 E=-1.9880108637 nfev=402 t=466.9s remaining=1601
    iter=400 E=-1.9880206014 nfev=403 t=468.1s remaining=1600
    iter=401 E=-1.9880312169 nfev=404 t=469.3s remaining=1599
    iter=402 E=-1.9880419476 nfev=405 t=470.4s remaining=1598
    iter=403 E=-1.9880503962 nfev=406 t=471.5s remaining=1597
    iter=404 E=-1.9880581448 nfev=407 t=472.6s remaining=1596
    iter=405 E=-1.9880650583 nfev=408 t=473.7s remaining=1595
    iter=406 E=-1.9880719399 nfev=409 t=474.8s remaining=1594
    iter=407 E=-1.9880786965 nfev=410 t=475.9s remaining=1593
    iter=408 E=-1.9880855001 nfev=411 t=477.0s remaining=1592
    iter=409 E=-1.9880928246 nfev=412 t=478.1s remaining=1591
    iter=410 E=-1.9881011524 nfev=413 t=479.2s remaining=1590
    iter=411 E=-1.9881107312 nfev=414 t=480.4s remaining=1589
    iter=412 E=-1.9881207390 nfev=415 t=481.5s remaining=1588
    iter=413 E=-1.9881285468 nfev=416 t=482.6s remaining=1587
    iter=414 E=-1.9881367329 nfev=417 t=483.8s remaining=1586
    iter=415 E=-1.9881451267 nfev=418 t=484.9s remaining=1585
    iter=416 E=-1.9881531198 nfev=419 t=486.0s remaining=1584
    iter=417 E=-1.9881606263 nfev=420 t=487.2s remaining=1583
    iter=418 E=-1.9881696557 nfev=421 t=488.4s remaining=1582
    iter=419 E=-1.9881782313 nfev=422 t=489.4s remaining=1581
    iter=420 E=-1.9881876953 nfev=423 t=490.5s remaining=1580
    iter=421 E=-1.9881988634 nfev=424 t=491.6s remaining=1579
    iter=422 E=-1.9882105110 nfev=425 t=492.8s remaining=1578
    iter=423 E=-1.9882207786 nfev=426 t=493.9s remaining=1577
    iter=424 E=-1.9882301565 nfev=427 t=495.0s remaining=1576
    iter=425 E=-1.9882392942 nfev=428 t=496.2s remaining=1575
    iter=426 E=-1.9882482041 nfev=429 t=497.3s remaining=1574
    iter=427 E=-1.9882558000 nfev=430 t=498.4s remaining=1573
    iter=428 E=-1.9882635071 nfev=431 t=499.5s remaining=1572
    iter=429 E=-1.9882723002 nfev=432 t=500.6s remaining=1571
    iter=430 E=-1.9882821283 nfev=433 t=501.6s remaining=1570
    iter=431 E=-1.9882931761 nfev=434 t=502.7s remaining=1569
    iter=432 E=-1.9883059253 nfev=435 t=503.8s remaining=1568
    iter=433 E=-1.9883207581 nfev=436 t=505.0s remaining=1567
    iter=434 E=-1.9883358115 nfev=437 t=506.1s remaining=1566
    iter=435 E=-1.9883521531 nfev=438 t=507.2s remaining=1565
    iter=436 E=-1.9883650021 nfev=439 t=508.4s remaining=1564
    iter=437 E=-1.9883751432 nfev=440 t=509.5s remaining=1563
    iter=438 E=-1.9883841941 nfev=441 t=510.5s remaining=1562
    iter=439 E=-1.9883934876 nfev=442 t=511.7s remaining=1561
    iter=440 E=-1.9884040045 nfev=443 t=512.9s remaining=1560
    iter=441 E=-1.9884174183 nfev=444 t=514.0s remaining=1559
    iter=442 E=-1.9884331872 nfev=445 t=515.1s remaining=1558
    iter=443 E=-1.9884481623 nfev=446 t=516.2s remaining=1557
    iter=444 E=-1.9884625027 nfev=447 t=517.3s remaining=1556
    iter=445 E=-1.9884740441 nfev=448 t=518.6s remaining=1555
    iter=446 E=-1.9884822968 nfev=449 t=519.9s remaining=1554
    iter=447 E=-1.9884927018 nfev=450 t=521.3s remaining=1553
    iter=448 E=-1.9885022021 nfev=451 t=522.4s remaining=1552
    iter=449 E=-1.9885119896 nfev=452 t=523.5s remaining=1551
    iter=450 E=-1.9885242953 nfev=453 t=524.8s remaining=1550
    iter=451 E=-1.9885406331 nfev=454 t=526.0s remaining=1549
    iter=452 E=-1.9885532269 nfev=455 t=527.2s remaining=1548
    iter=453 E=-1.9885656963 nfev=456 t=528.3s remaining=1547
    iter=454 E=-1.9885772656 nfev=457 t=529.5s remaining=1546
    iter=455 E=-1.9885884636 nfev=458 t=530.6s remaining=1545
    iter=456 E=-1.9885994301 nfev=459 t=531.9s remaining=1544
    iter=457 E=-1.9886107295 nfev=460 t=533.4s remaining=1543
    iter=458 E=-1.9886230495 nfev=461 t=534.9s remaining=1542
    iter=459 E=-1.9886377009 nfev=462 t=536.2s remaining=1541
    iter=460 E=-1.9886529981 nfev=463 t=537.4s remaining=1540
    iter=461 E=-1.9886680863 nfev=464 t=538.5s remaining=1539
    iter=462 E=-1.9886837637 nfev=465 t=539.6s remaining=1538
    iter=463 E=-1.9886975611 nfev=466 t=540.8s remaining=1537
    iter=464 E=-1.9887081356 nfev=467 t=541.9s remaining=1536
    iter=465 E=-1.9887179851 nfev=468 t=543.0s remaining=1535
    iter=466 E=-1.9887302168 nfev=469 t=544.2s remaining=1534
    iter=467 E=-1.9887448512 nfev=470 t=545.3s remaining=1533
    iter=468 E=-1.9887561895 nfev=471 t=546.4s remaining=1532
    iter=469 E=-1.9887659036 nfev=472 t=547.5s remaining=1531
    iter=470 E=-1.9887739680 nfev=473 t=548.7s remaining=1530
    iter=471 E=-1.9887835002 nfev=474 t=549.8s remaining=1529
    iter=472 E=-1.9887955630 nfev=475 t=550.9s remaining=1528
    iter=473 E=-1.9888056547 nfev=476 t=552.0s remaining=1527
    iter=474 E=-1.9888174158 nfev=477 t=553.1s remaining=1526
    iter=475 E=-1.9888311721 nfev=478 t=554.5s remaining=1525
    iter=476 E=-1.9888452912 nfev=479 t=555.8s remaining=1524
    iter=477 E=-1.9888541342 nfev=480 t=557.1s remaining=1523
    iter=478 E=-1.9888648184 nfev=481 t=558.2s remaining=1522
    iter=479 E=-1.9888782766 nfev=482 t=559.3s remaining=1521
    iter=480 E=-1.9888905066 nfev=483 t=560.4s remaining=1520
    iter=481 E=-1.9889014688 nfev=484 t=561.5s remaining=1519
    iter=482 E=-1.9889109448 nfev=485 t=562.6s remaining=1518
    iter=483 E=-1.9889190624 nfev=486 t=563.7s remaining=1517
    iter=484 E=-1.9889275046 nfev=487 t=564.8s remaining=1516
    iter=485 E=-1.9889365515 nfev=488 t=566.0s remaining=1515
    iter=486 E=-1.9889455019 nfev=489 t=567.1s remaining=1514
    iter=487 E=-1.9889527013 nfev=490 t=568.4s remaining=1513
    iter=488 E=-1.9889604521 nfev=491 t=569.6s remaining=1512
    iter=489 E=-1.9889686098 nfev=492 t=570.8s remaining=1511
    iter=490 E=-1.9889759869 nfev=493 t=571.9s remaining=1510
    iter=491 E=-1.9889829250 nfev=494 t=573.1s remaining=1509
    iter=492 E=-1.9889907273 nfev=495 t=574.3s remaining=1508
    iter=493 E=-1.9889996337 nfev=496 t=575.5s remaining=1507
    iter=494 E=-1.9890078487 nfev=497 t=576.7s remaining=1506
    iter=495 E=-1.9890147113 nfev=498 t=577.9s remaining=1505
    iter=496 E=-1.9890209346 nfev=499 t=579.0s remaining=1504
    iter=497 E=-1.9890271978 nfev=500 t=580.2s remaining=1503
    iter=498 E=-1.9890336675 nfev=501 t=581.4s remaining=1502
    iter=499 E=-1.9890403552 nfev=502 t=582.5s remaining=1501
    iter=500 E=-1.9890476645 nfev=503 t=583.6s remaining=1500
    iter=501 E=-1.9890552781 nfev=504 t=584.7s remaining=1499
    iter=502 E=-1.9890626760 nfev=505 t=585.8s remaining=1498
    iter=503 E=-1.9890702671 nfev=506 t=586.9s remaining=1497
    iter=504 E=-1.9890781265 nfev=507 t=588.0s remaining=1496
    iter=505 E=-1.9890854383 nfev=508 t=589.1s remaining=1495
    iter=506 E=-1.9890921450 nfev=509 t=590.2s remaining=1494
    iter=507 E=-1.9890982445 nfev=510 t=591.3s remaining=1493
    iter=508 E=-1.9891044605 nfev=511 t=592.4s remaining=1492
    iter=509 E=-1.9891106406 nfev=512 t=593.5s remaining=1491
    iter=510 E=-1.9891165323 nfev=513 t=594.6s remaining=1490
    iter=511 E=-1.9891225436 nfev=514 t=595.7s remaining=1489
    iter=512 E=-1.9891287663 nfev=515 t=596.9s remaining=1488
    iter=513 E=-1.9891340429 nfev=516 t=598.0s remaining=1487
    iter=514 E=-1.9891388236 nfev=517 t=599.1s remaining=1486
    iter=515 E=-1.9891442104 nfev=518 t=600.3s remaining=1485
    iter=516 E=-1.9891505176 nfev=519 t=601.4s remaining=1484
    iter=517 E=-1.9891573596 nfev=520 t=602.7s remaining=1483
    iter=518 E=-1.9891635340 nfev=521 t=603.9s remaining=1482
    iter=519 E=-1.9891683540 nfev=522 t=605.3s remaining=1481
    iter=520 E=-1.9891725084 nfev=523 t=606.8s remaining=1480
    iter=521 E=-1.9891768561 nfev=524 t=608.2s remaining=1479
    iter=522 E=-1.9891821062 nfev=525 t=609.7s remaining=1478
    iter=523 E=-1.9891873522 nfev=526 t=611.2s remaining=1477
    iter=524 E=-1.9891936763 nfev=527 t=612.5s remaining=1476
    iter=525 E=-1.9892007856 nfev=528 t=613.6s remaining=1475
    iter=526 E=-1.9892071578 nfev=529 t=614.8s remaining=1474
    iter=527 E=-1.9892120249 nfev=530 t=615.9s remaining=1473
    iter=528 E=-1.9892164478 nfev=531 t=617.2s remaining=1472
    iter=529 E=-1.9892216992 nfev=532 t=618.3s remaining=1471
    iter=530 E=-1.9892277841 nfev=533 t=619.5s remaining=1470
    iter=531 E=-1.9892343156 nfev=534 t=620.6s remaining=1469
    iter=532 E=-1.9892416008 nfev=535 t=621.8s remaining=1468
    iter=533 E=-1.9892495318 nfev=536 t=622.9s remaining=1467
    iter=534 E=-1.9892560295 nfev=537 t=624.0s remaining=1466
    iter=535 E=-1.9892634375 nfev=538 t=625.1s remaining=1465
    iter=536 E=-1.9892705935 nfev=539 t=626.2s remaining=1464
    iter=537 E=-1.9892773001 nfev=540 t=627.4s remaining=1463
    iter=538 E=-1.9892833782 nfev=541 t=628.6s remaining=1462
    iter=539 E=-1.9892889394 nfev=542 t=629.8s remaining=1461
    iter=540 E=-1.9892946320 nfev=543 t=631.1s remaining=1460
    iter=541 E=-1.9893008049 nfev=544 t=632.3s remaining=1459
    iter=542 E=-1.9893076502 nfev=545 t=633.4s remaining=1458
    iter=543 E=-1.9893148673 nfev=546 t=634.6s remaining=1457
    iter=544 E=-1.9893221528 nfev=547 t=635.8s remaining=1456
    iter=545 E=-1.9893301006 nfev=548 t=637.0s remaining=1455
    iter=546 E=-1.9893392256 nfev=549 t=638.1s remaining=1454
    iter=547 E=-1.9893480936 nfev=550 t=639.3s remaining=1453
    iter=548 E=-1.9893549948 nfev=551 t=640.5s remaining=1452
    iter=549 E=-1.9893603935 nfev=552 t=641.7s remaining=1451
    iter=550 E=-1.9893656430 nfev=553 t=642.9s remaining=1450
    iter=551 E=-1.9893720021 nfev=554 t=644.0s remaining=1449
    iter=552 E=-1.9893807474 nfev=555 t=645.2s remaining=1448
    iter=553 E=-1.9893911405 nfev=556 t=646.3s remaining=1447
    iter=554 E=-1.9894022706 nfev=557 t=647.4s remaining=1446
    iter=555 E=-1.9894128635 nfev=558 t=648.6s remaining=1445
    iter=556 E=-1.9894207922 nfev=559 t=649.8s remaining=1444
    iter=557 E=-1.9894274494 nfev=560 t=651.3s remaining=1443
    iter=558 E=-1.9894340789 nfev=561 t=652.6s remaining=1442
    iter=559 E=-1.9894414646 nfev=562 t=653.9s remaining=1441
    iter=560 E=-1.9894495033 nfev=563 t=655.2s remaining=1440
    iter=561 E=-1.9894578054 nfev=564 t=656.4s remaining=1439
    iter=562 E=-1.9894668646 nfev=565 t=657.6s remaining=1438
    iter=563 E=-1.9894777665 nfev=566 t=658.7s remaining=1437
    iter=564 E=-1.9894882643 nfev=567 t=660.1s remaining=1436
    iter=565 E=-1.9894958317 nfev=568 t=661.5s remaining=1435
    iter=566 E=-1.9895015657 nfev=569 t=662.7s remaining=1434
    iter=567 E=-1.9895078096 nfev=570 t=663.8s remaining=1433
    iter=568 E=-1.9895153938 nfev=571 t=664.9s remaining=1432
    iter=569 E=-1.9895225454 nfev=572 t=666.1s remaining=1431
    iter=570 E=-1.9895308546 nfev=573 t=667.2s remaining=1430
    iter=571 E=-1.9895398108 nfev=574 t=668.3s remaining=1429
    iter=572 E=-1.9895481677 nfev=575 t=669.5s remaining=1428
    iter=573 E=-1.9895557260 nfev=576 t=670.6s remaining=1427
    iter=574 E=-1.9895625245 nfev=577 t=671.7s remaining=1426
    iter=575 E=-1.9895693515 nfev=578 t=672.8s remaining=1425
    iter=576 E=-1.9895764067 nfev=579 t=673.9s remaining=1424
    iter=577 E=-1.9895836826 nfev=580 t=675.1s remaining=1423
    iter=578 E=-1.9895914781 nfev=581 t=676.6s remaining=1422
    iter=579 E=-1.9895994764 nfev=582 t=678.1s remaining=1421
    iter=580 E=-1.9896064769 nfev=583 t=679.2s remaining=1420
    iter=581 E=-1.9896120675 nfev=584 t=680.4s remaining=1419
    iter=582 E=-1.9896180738 nfev=585 t=681.5s remaining=1418
    iter=583 E=-1.9896258306 nfev=586 t=682.6s remaining=1417
    iter=584 E=-1.9896345567 nfev=587 t=683.7s remaining=1416
    iter=585 E=-1.9896430692 nfev=588 t=684.9s remaining=1415
    iter=586 E=-1.9896518476 nfev=589 t=685.9s remaining=1414
    iter=587 E=-1.9896605207 nfev=590 t=687.1s remaining=1413
    iter=588 E=-1.9896679487 nfev=591 t=688.2s remaining=1412
    iter=589 E=-1.9896738546 nfev=592 t=689.3s remaining=1411
    iter=590 E=-1.9896793160 nfev=593 t=690.4s remaining=1410
    iter=591 E=-1.9896855903 nfev=594 t=691.5s remaining=1409
    iter=592 E=-1.9896932236 nfev=595 t=692.6s remaining=1408
    iter=593 E=-1.9897010406 nfev=596 t=693.8s remaining=1407
    iter=594 E=-1.9897078902 nfev=597 t=695.0s remaining=1406
    iter=595 E=-1.9897137266 nfev=598 t=696.0s remaining=1405
    iter=596 E=-1.9897194895 nfev=599 t=697.1s remaining=1404
    iter=597 E=-1.9897264142 nfev=600 t=698.3s remaining=1403
    iter=598 E=-1.9897343676 nfev=601 t=699.4s remaining=1402
    iter=599 E=-1.9897426576 nfev=602 t=700.5s remaining=1401
    iter=600 E=-1.9897506095 nfev=603 t=701.6s remaining=1400
    iter=601 E=-1.9897590246 nfev=604 t=702.6s remaining=1399
    iter=602 E=-1.9897662653 nfev=605 t=703.7s remaining=1398
    iter=603 E=-1.9897711938 nfev=606 t=704.9s remaining=1397
    iter=604 E=-1.9897745584 nfev=607 t=706.0s remaining=1396
    iter=605 E=-1.9897774371 nfev=608 t=707.1s remaining=1395
    iter=606 E=-1.9897805108 nfev=609 t=708.2s remaining=1394
    iter=607 E=-1.9897843005 nfev=610 t=709.3s remaining=1393
    iter=608 E=-1.9897889176 nfev=611 t=710.4s remaining=1392
    iter=609 E=-1.9897948007 nfev=612 t=711.5s remaining=1391
    iter=610 E=-1.9898012563 nfev=613 t=712.8s remaining=1390
    iter=611 E=-1.9898079296 nfev=614 t=713.9s remaining=1389
    iter=612 E=-1.9898145937 nfev=615 t=715.1s remaining=1388
    iter=613 E=-1.9898211919 nfev=616 t=716.1s remaining=1387
    iter=614 E=-1.9898274326 nfev=617 t=717.3s remaining=1386
    iter=615 E=-1.9898336507 nfev=618 t=718.4s remaining=1385
    iter=616 E=-1.9898404225 nfev=619 t=719.5s remaining=1384
    iter=617 E=-1.9898480966 nfev=620 t=720.6s remaining=1383
    iter=618 E=-1.9898552856 nfev=621 t=721.7s remaining=1382
    iter=619 E=-1.9898611802 nfev=622 t=722.8s remaining=1381
    iter=620 E=-1.9898665126 nfev=623 t=723.9s remaining=1380
    iter=621 E=-1.9898723126 nfev=624 t=725.1s remaining=1379
    iter=622 E=-1.9898791738 nfev=625 t=726.2s remaining=1378
    iter=623 E=-1.9898880937 nfev=626 t=727.4s remaining=1377
    iter=624 E=-1.9898985796 nfev=627 t=728.6s remaining=1376
    iter=625 E=-1.9899090567 nfev=628 t=729.8s remaining=1375
    iter=626 E=-1.9899184552 nfev=629 t=731.0s remaining=1374
    iter=627 E=-1.9899255358 nfev=630 t=732.2s remaining=1373
    iter=628 E=-1.9899309618 nfev=631 t=733.3s remaining=1372
    iter=629 E=-1.9899357749 nfev=632 t=734.5s remaining=1371
    iter=630 E=-1.9899406427 nfev=633 t=735.6s remaining=1370
    iter=631 E=-1.9899454891 nfev=634 t=736.8s remaining=1369
    iter=632 E=-1.9899502568 nfev=635 t=738.1s remaining=1368
    iter=633 E=-1.9899554921 nfev=636 t=739.2s remaining=1367
    iter=634 E=-1.9899624040 nfev=637 t=740.3s remaining=1366
    iter=635 E=-1.9899718641 nfev=638 t=741.4s remaining=1365
    iter=636 E=-1.9899818326 nfev=639 t=742.5s remaining=1364
    iter=637 E=-1.9899892331 nfev=640 t=743.7s remaining=1363
    iter=638 E=-1.9899945350 nfev=641 t=744.9s remaining=1362
    iter=639 E=-1.9899996304 nfev=642 t=746.0s remaining=1361
    iter=640 E=-1.9900044753 nfev=643 t=747.2s remaining=1360
    iter=641 E=-1.9900103408 nfev=644 t=748.4s remaining=1359
    iter=642 E=-1.9900168497 nfev=645 t=749.8s remaining=1358
    iter=643 E=-1.9900253026 nfev=646 t=751.1s remaining=1357
    iter=644 E=-1.9900342061 nfev=647 t=752.3s remaining=1356
    iter=645 E=-1.9900412795 nfev=648 t=753.4s remaining=1355
    iter=646 E=-1.9900470748 nfev=649 t=754.5s remaining=1354
    iter=647 E=-1.9900528127 nfev=650 t=755.7s remaining=1353
    iter=648 E=-1.9900589991 nfev=651 t=756.8s remaining=1352
    iter=649 E=-1.9900665543 nfev=652 t=757.9s remaining=1351
    iter=650 E=-1.9900757969 nfev=653 t=759.1s remaining=1350
    iter=651 E=-1.9900839578 nfev=654 t=760.2s remaining=1349
    iter=652 E=-1.9900926836 nfev=655 t=761.3s remaining=1348
    iter=653 E=-1.9901009313 nfev=656 t=762.5s remaining=1347
    iter=654 E=-1.9901083398 nfev=657 t=763.7s remaining=1346
    iter=655 E=-1.9901155103 nfev=658 t=764.9s remaining=1345
    iter=656 E=-1.9901218304 nfev=659 t=766.0s remaining=1344
    iter=657 E=-1.9901270949 nfev=660 t=767.2s remaining=1343
    iter=658 E=-1.9901321838 nfev=661 t=768.3s remaining=1342
    iter=659 E=-1.9901383238 nfev=662 t=769.4s remaining=1341
    iter=660 E=-1.9901457341 nfev=663 t=770.6s remaining=1340
    iter=661 E=-1.9901508990 nfev=664 t=771.7s remaining=1339
    iter=662 E=-1.9901566411 nfev=665 t=772.9s remaining=1338
    iter=663 E=-1.9901625701 nfev=666 t=774.0s remaining=1337
    iter=664 E=-1.9901682405 nfev=667 t=775.1s remaining=1336
    iter=665 E=-1.9901759011 nfev=668 t=776.3s remaining=1335
    iter=666 E=-1.9901838894 nfev=669 t=777.4s remaining=1334
    iter=667 E=-1.9901919614 nfev=670 t=778.5s remaining=1333
    iter=668 E=-1.9902004599 nfev=671 t=779.7s remaining=1332
    iter=669 E=-1.9902098980 nfev=672 t=780.8s remaining=1331
    iter=670 E=-1.9902201055 nfev=673 t=781.9s remaining=1330
    iter=671 E=-1.9902318160 nfev=674 t=783.0s remaining=1329
    iter=672 E=-1.9902431141 nfev=675 t=784.1s remaining=1328
    iter=673 E=-1.9902507714 nfev=676 t=785.2s remaining=1327
    iter=674 E=-1.9902563943 nfev=677 t=786.4s remaining=1326
    iter=675 E=-1.9902615020 nfev=678 t=787.5s remaining=1325
    iter=676 E=-1.9902666321 nfev=679 t=788.6s remaining=1324
    iter=677 E=-1.9902723614 nfev=680 t=789.8s remaining=1323
    iter=678 E=-1.9902782713 nfev=681 t=790.9s remaining=1322
    iter=679 E=-1.9902856542 nfev=682 t=792.0s remaining=1321
    iter=680 E=-1.9902949453 nfev=683 t=793.1s remaining=1320
    iter=681 E=-1.9903042770 nfev=684 t=794.2s remaining=1319
    iter=682 E=-1.9903132208 nfev=685 t=795.3s remaining=1318
    iter=683 E=-1.9903249782 nfev=686 t=796.5s remaining=1317
    iter=684 E=-1.9903352886 nfev=687 t=797.6s remaining=1316
    iter=685 E=-1.9903423429 nfev=688 t=798.9s remaining=1315
    iter=686 E=-1.9903475336 nfev=689 t=800.2s remaining=1314
    iter=687 E=-1.9903529129 nfev=690 t=801.2s remaining=1313
    iter=688 E=-1.9903598797 nfev=691 t=802.3s remaining=1312
    iter=689 E=-1.9903682774 nfev=692 t=803.4s remaining=1311
    iter=690 E=-1.9903772492 nfev=693 t=804.5s remaining=1310
    iter=691 E=-1.9903874746 nfev=694 t=805.6s remaining=1309
    iter=692 E=-1.9903972168 nfev=695 t=806.7s remaining=1308
    iter=693 E=-1.9904049555 nfev=696 t=807.8s remaining=1307
    iter=694 E=-1.9904118558 nfev=697 t=808.9s remaining=1306
    iter=695 E=-1.9904192387 nfev=698 t=810.0s remaining=1305
    iter=696 E=-1.9904255316 nfev=699 t=811.2s remaining=1304
    iter=697 E=-1.9904312849 nfev=700 t=812.3s remaining=1303
    iter=698 E=-1.9904385260 nfev=701 t=813.5s remaining=1302
    iter=699 E=-1.9904475462 nfev=702 t=814.6s remaining=1301
    iter=700 E=-1.9904583798 nfev=703 t=815.7s remaining=1300
    iter=701 E=-1.9904692147 nfev=704 t=817.0s remaining=1299
    iter=702 E=-1.9904767075 nfev=705 t=818.1s remaining=1298
    iter=703 E=-1.9904824902 nfev=706 t=819.4s remaining=1297
    iter=704 E=-1.9904877477 nfev=707 t=820.5s remaining=1296
    iter=705 E=-1.9904939416 nfev=708 t=821.7s remaining=1295
    iter=706 E=-1.9905024681 nfev=709 t=822.8s remaining=1294
    iter=707 E=-1.9905132402 nfev=710 t=823.8s remaining=1293
    iter=708 E=-1.9905258399 nfev=711 t=825.0s remaining=1292
    iter=709 E=-1.9905392497 nfev=712 t=826.1s remaining=1291
    iter=710 E=-1.9905494732 nfev=713 t=827.3s remaining=1290
    iter=711 E=-1.9905577063 nfev=714 t=828.5s remaining=1289
    iter=712 E=-1.9905646931 nfev=715 t=829.7s remaining=1288
    iter=713 E=-1.9905699755 nfev=716 t=830.8s remaining=1287
    iter=714 E=-1.9905755373 nfev=717 t=831.9s remaining=1286
    iter=715 E=-1.9905810221 nfev=718 t=833.1s remaining=1285
    iter=716 E=-1.9905865297 nfev=719 t=834.2s remaining=1284
    iter=717 E=-1.9905943915 nfev=720 t=835.3s remaining=1283
    iter=718 E=-1.9906042524 nfev=721 t=836.5s remaining=1282
    iter=719 E=-1.9906141183 nfev=722 t=837.6s remaining=1281
    iter=720 E=-1.9906235729 nfev=723 t=838.7s remaining=1280
    iter=721 E=-1.9906315033 nfev=724 t=839.8s remaining=1279
    iter=722 E=-1.9906373383 nfev=725 t=841.0s remaining=1278
    iter=723 E=-1.9906438505 nfev=726 t=842.1s remaining=1277
    iter=724 E=-1.9906504796 nfev=727 t=843.2s remaining=1276
    iter=725 E=-1.9906573570 nfev=728 t=844.4s remaining=1275
    iter=726 E=-1.9906640360 nfev=729 t=845.5s remaining=1274
    iter=727 E=-1.9906715047 nfev=730 t=846.8s remaining=1273
    iter=728 E=-1.9906808054 nfev=731 t=847.9s remaining=1272
    iter=729 E=-1.9906889655 nfev=732 t=849.1s remaining=1271
    iter=730 E=-1.9906974867 nfev=733 t=850.2s remaining=1270
    iter=731 E=-1.9907050622 nfev=734 t=851.3s remaining=1269
    iter=732 E=-1.9907124152 nfev=735 t=852.4s remaining=1268
    iter=733 E=-1.9907202887 nfev=736 t=853.6s remaining=1267
    iter=734 E=-1.9907271061 nfev=737 t=854.7s remaining=1266
    iter=735 E=-1.9907344688 nfev=738 t=855.9s remaining=1265
    iter=736 E=-1.9907416403 nfev=739 t=857.1s remaining=1264
    iter=737 E=-1.9907480826 nfev=740 t=858.2s remaining=1263
    iter=738 E=-1.9907564719 nfev=741 t=859.6s remaining=1262
    iter=739 E=-1.9907674002 nfev=742 t=860.7s remaining=1261
    iter=740 E=-1.9907756214 nfev=743 t=861.8s remaining=1260
    iter=741 E=-1.9907819462 nfev=744 t=863.0s remaining=1259
    iter=742 E=-1.9907877887 nfev=745 t=864.1s remaining=1258
    iter=743 E=-1.9907918570 nfev=746 t=865.3s remaining=1257
    iter=744 E=-1.9907955316 nfev=747 t=866.4s remaining=1256
    iter=745 E=-1.9908000906 nfev=748 t=867.5s remaining=1255
    iter=746 E=-1.9908050829 nfev=749 t=868.7s remaining=1254
    iter=747 E=-1.9908117634 nfev=750 t=869.8s remaining=1253
    iter=748 E=-1.9908191971 nfev=751 t=870.9s remaining=1252
    iter=749 E=-1.9908262403 nfev=752 t=872.1s remaining=1251
    iter=750 E=-1.9908318615 nfev=753 t=873.2s remaining=1250
    iter=751 E=-1.9908365255 nfev=754 t=874.3s remaining=1249
    iter=752 E=-1.9908406726 nfev=755 t=875.4s remaining=1248
    iter=753 E=-1.9908443919 nfev=756 t=876.5s remaining=1247
    iter=754 E=-1.9908478732 nfev=757 t=877.6s remaining=1246
    iter=755 E=-1.9908518827 nfev=758 t=878.8s remaining=1245
    iter=756 E=-1.9908566384 nfev=759 t=879.9s remaining=1244
    iter=757 E=-1.9908616647 nfev=760 t=881.0s remaining=1243
    iter=758 E=-1.9908683795 nfev=761 t=882.1s remaining=1242
    iter=759 E=-1.9908755263 nfev=762 t=883.2s remaining=1241
    iter=760 E=-1.9908812278 nfev=763 t=884.4s remaining=1240
    iter=761 E=-1.9908861932 nfev=764 t=885.5s remaining=1239
    iter=762 E=-1.9908909539 nfev=765 t=886.7s remaining=1238
    iter=763 E=-1.9908954963 nfev=766 t=887.9s remaining=1237
    iter=764 E=-1.9908992079 nfev=767 t=889.0s remaining=1236
    iter=765 E=-1.9909030789 nfev=768 t=890.0s remaining=1235
    iter=766 E=-1.9909074824 nfev=769 t=891.1s remaining=1234
    iter=767 E=-1.9909128099 nfev=770 t=892.2s remaining=1233
    iter=768 E=-1.9909187323 nfev=771 t=893.3s remaining=1232
    iter=769 E=-1.9909246858 nfev=772 t=894.5s remaining=1231
    iter=770 E=-1.9909303123 nfev=773 t=895.6s remaining=1230
    iter=771 E=-1.9909353313 nfev=774 t=896.7s remaining=1229
    iter=772 E=-1.9909393454 nfev=775 t=897.8s remaining=1228
    iter=773 E=-1.9909424965 nfev=776 t=898.9s remaining=1227
    iter=774 E=-1.9909452843 nfev=777 t=899.9s remaining=1226
    iter=775 E=-1.9909484012 nfev=778 t=901.0s remaining=1225
    iter=776 E=-1.9909524675 nfev=779 t=902.1s remaining=1224
    iter=777 E=-1.9909578071 nfev=780 t=903.1s remaining=1223
    iter=778 E=-1.9909638890 nfev=781 t=904.2s remaining=1222
    iter=779 E=-1.9909695932 nfev=782 t=905.3s remaining=1221
    iter=780 E=-1.9909742623 nfev=783 t=906.4s remaining=1220
    iter=781 E=-1.9909779460 nfev=784 t=907.5s remaining=1219
    iter=782 E=-1.9909811946 nfev=785 t=908.6s remaining=1218
    iter=783 E=-1.9909841930 nfev=786 t=909.7s remaining=1217
    iter=784 E=-1.9909871268 nfev=787 t=910.8s remaining=1216
    iter=785 E=-1.9909908883 nfev=788 t=911.9s remaining=1215
    iter=786 E=-1.9909953605 nfev=789 t=913.1s remaining=1214
    iter=787 E=-1.9910000057 nfev=790 t=914.2s remaining=1213
    iter=788 E=-1.9910042186 nfev=791 t=915.4s remaining=1212
    iter=789 E=-1.9910075360 nfev=792 t=916.5s remaining=1211
    iter=790 E=-1.9910102500 nfev=793 t=917.7s remaining=1210
    iter=791 E=-1.9910129709 nfev=794 t=918.8s remaining=1209
    iter=792 E=-1.9910161766 nfev=795 t=920.0s remaining=1208
    iter=793 E=-1.9910195623 nfev=796 t=921.2s remaining=1207
    iter=794 E=-1.9910225731 nfev=797 t=922.4s remaining=1206
    iter=795 E=-1.9910255272 nfev=798 t=923.7s remaining=1205
    iter=796 E=-1.9910287528 nfev=799 t=924.8s remaining=1204
    iter=797 E=-1.9910323217 nfev=800 t=926.1s remaining=1203
    iter=798 E=-1.9910359490 nfev=801 t=927.3s remaining=1202
    iter=799 E=-1.9910392206 nfev=802 t=928.5s remaining=1201
    iter=800 E=-1.9910421889 nfev=803 t=929.6s remaining=1200
    iter=801 E=-1.9910448481 nfev=804 t=930.8s remaining=1199
    iter=802 E=-1.9910472852 nfev=805 t=932.0s remaining=1198
    iter=803 E=-1.9910500306 nfev=806 t=933.0s remaining=1197
    iter=804 E=-1.9910537495 nfev=807 t=934.1s remaining=1196
    iter=805 E=-1.9910588907 nfev=808 t=935.3s remaining=1195
    iter=806 E=-1.9910653025 nfev=809 t=936.4s remaining=1194
    iter=807 E=-1.9910713120 nfev=810 t=937.5s remaining=1193
    iter=808 E=-1.9910761602 nfev=811 t=938.6s remaining=1192
    iter=809 E=-1.9910795423 nfev=812 t=939.7s remaining=1191
    iter=810 E=-1.9910816882 nfev=813 t=940.9s remaining=1190
    iter=811 E=-1.9910832703 nfev=814 t=941.9s remaining=1189
    iter=812 E=-1.9910850272 nfev=815 t=943.0s remaining=1188
    iter=813 E=-1.9910873264 nfev=816 t=944.1s remaining=1187
    iter=814 E=-1.9910902189 nfev=817 t=945.3s remaining=1186
    iter=815 E=-1.9910934685 nfev=818 t=946.4s remaining=1185
    iter=816 E=-1.9910971196 nfev=819 t=947.5s remaining=1184
    iter=817 E=-1.9911012435 nfev=820 t=948.6s remaining=1183
    iter=818 E=-1.9911057316 nfev=821 t=949.7s remaining=1182
    iter=819 E=-1.9911097781 nfev=822 t=950.8s remaining=1181
    iter=820 E=-1.9911134470 nfev=823 t=951.9s remaining=1180
    iter=821 E=-1.9911167922 nfev=824 t=952.9s remaining=1179
    iter=822 E=-1.9911195804 nfev=825 t=954.0s remaining=1178
    iter=823 E=-1.9911216439 nfev=826 t=955.2s remaining=1177
    iter=824 E=-1.9911240846 nfev=827 t=956.4s remaining=1176
    iter=825 E=-1.9911269293 nfev=828 t=957.6s remaining=1175
    iter=826 E=-1.9911303786 nfev=829 t=958.6s remaining=1174
    iter=827 E=-1.9911341669 nfev=830 t=959.7s remaining=1173
    iter=828 E=-1.9911373550 nfev=831 t=960.8s remaining=1172
    iter=829 E=-1.9911400242 nfev=832 t=961.9s remaining=1171
    iter=830 E=-1.9911427058 nfev=833 t=963.1s remaining=1170
    iter=831 E=-1.9911457184 nfev=834 t=964.3s remaining=1169
    iter=832 E=-1.9911488116 nfev=835 t=965.4s remaining=1168
    iter=833 E=-1.9911518336 nfev=836 t=966.5s remaining=1167
    iter=834 E=-1.9911546921 nfev=837 t=967.7s remaining=1166
    iter=835 E=-1.9911573550 nfev=838 t=968.9s remaining=1165
    iter=836 E=-1.9911600111 nfev=839 t=970.0s remaining=1164
    iter=837 E=-1.9911632006 nfev=840 t=971.2s remaining=1163
    iter=838 E=-1.9911675948 nfev=841 t=972.3s remaining=1162
    iter=839 E=-1.9911733038 nfev=842 t=973.4s remaining=1161
    iter=840 E=-1.9911790643 nfev=843 t=974.5s remaining=1160
    iter=841 E=-1.9911835056 nfev=844 t=975.7s remaining=1159
    iter=842 E=-1.9911865239 nfev=845 t=976.8s remaining=1158
    iter=843 E=-1.9911888618 nfev=846 t=977.9s remaining=1157
    iter=844 E=-1.9911911015 nfev=847 t=979.0s remaining=1156
    iter=845 E=-1.9911934665 nfev=848 t=980.1s remaining=1155
    iter=846 E=-1.9911962262 nfev=849 t=981.2s remaining=1154
    iter=847 E=-1.9911995547 nfev=850 t=982.3s remaining=1153
    iter=848 E=-1.9912030992 nfev=851 t=983.4s remaining=1152
    iter=849 E=-1.9912060630 nfev=852 t=984.5s remaining=1151
    iter=850 E=-1.9912086470 nfev=853 t=985.6s remaining=1150
    iter=851 E=-1.9912110307 nfev=854 t=986.7s remaining=1149
    iter=852 E=-1.9912131622 nfev=855 t=987.8s remaining=1148
    iter=853 E=-1.9912149915 nfev=856 t=988.9s remaining=1147
    iter=854 E=-1.9912167689 nfev=857 t=990.0s remaining=1146
    iter=855 E=-1.9912188772 nfev=858 t=991.2s remaining=1145
    iter=856 E=-1.9912216970 nfev=859 t=992.3s remaining=1144
    iter=857 E=-1.9912249315 nfev=860 t=993.4s remaining=1143
    iter=858 E=-1.9912277463 nfev=861 t=994.6s remaining=1142
    iter=859 E=-1.9912299868 nfev=862 t=995.8s remaining=1141
    iter=860 E=-1.9912319783 nfev=863 t=996.9s remaining=1140
    iter=861 E=-1.9912341650 nfev=864 t=998.0s remaining=1139
    iter=862 E=-1.9912367727 nfev=865 t=999.2s remaining=1138
    iter=863 E=-1.9912395416 nfev=866 t=1000.3s remaining=1137
    iter=864 E=-1.9912422050 nfev=867 t=1001.4s remaining=1136
    iter=865 E=-1.9912444865 nfev=868 t=1002.6s remaining=1135
    iter=866 E=-1.9912465554 nfev=869 t=1003.7s remaining=1134
    iter=867 E=-1.9912487012 nfev=870 t=1004.8s remaining=1133
    iter=868 E=-1.9912511830 nfev=871 t=1006.0s remaining=1132
    iter=869 E=-1.9912538556 nfev=872 t=1007.2s remaining=1131
    iter=870 E=-1.9912567551 nfev=873 t=1008.3s remaining=1130
    iter=871 E=-1.9912599055 nfev=874 t=1009.5s remaining=1129
    iter=872 E=-1.9912630297 nfev=875 t=1010.6s remaining=1128
    iter=873 E=-1.9912656310 nfev=876 t=1011.8s remaining=1127
    iter=874 E=-1.9912676625 nfev=877 t=1012.9s remaining=1126
    iter=875 E=-1.9912693485 nfev=878 t=1014.0s remaining=1125
    iter=876 E=-1.9912709525 nfev=879 t=1015.1s remaining=1124
    iter=877 E=-1.9912729535 nfev=880 t=1016.1s remaining=1123
    iter=878 E=-1.9912759094 nfev=881 t=1017.2s remaining=1122
    iter=879 E=-1.9912798768 nfev=882 t=1018.3s remaining=1121
    iter=880 E=-1.9912840735 nfev=883 t=1019.4s remaining=1120
    iter=881 E=-1.9912875956 nfev=884 t=1020.5s remaining=1119
    iter=882 E=-1.9912903851 nfev=885 t=1021.6s remaining=1118
    iter=883 E=-1.9912928769 nfev=886 t=1022.7s remaining=1117
    iter=884 E=-1.9912954606 nfev=887 t=1023.8s remaining=1116
    iter=885 E=-1.9912977974 nfev=888 t=1024.9s remaining=1115
    iter=886 E=-1.9913001729 nfev=889 t=1026.0s remaining=1114
    iter=887 E=-1.9913030880 nfev=890 t=1027.2s remaining=1113
    iter=888 E=-1.9913068074 nfev=891 t=1028.4s remaining=1112
    iter=889 E=-1.9913111363 nfev=892 t=1029.4s remaining=1111
    iter=890 E=-1.9913156751 nfev=893 t=1030.6s remaining=1110
    iter=891 E=-1.9913202178 nfev=894 t=1031.7s remaining=1109
    iter=892 E=-1.9913237837 nfev=895 t=1032.8s remaining=1108
    iter=893 E=-1.9913259963 nfev=896 t=1034.0s remaining=1107
    iter=894 E=-1.9913274983 nfev=897 t=1035.1s remaining=1106
    iter=895 E=-1.9913290530 nfev=898 t=1036.3s remaining=1105
    iter=896 E=-1.9913310463 nfev=899 t=1037.4s remaining=1104
    iter=897 E=-1.9913339669 nfev=900 t=1038.5s remaining=1103
    iter=898 E=-1.9913383023 nfev=901 t=1039.6s remaining=1102
    iter=899 E=-1.9913442329 nfev=902 t=1040.8s remaining=1101
    iter=900 E=-1.9913496547 nfev=903 t=1041.9s remaining=1100
    iter=901 E=-1.9913541301 nfev=904 t=1043.0s remaining=1099
    iter=902 E=-1.9913574338 nfev=905 t=1044.1s remaining=1098
    iter=903 E=-1.9913598998 nfev=906 t=1045.3s remaining=1097
    iter=904 E=-1.9913620077 nfev=907 t=1046.4s remaining=1096
    iter=905 E=-1.9913642772 nfev=908 t=1047.6s remaining=1095
    iter=906 E=-1.9913671817 nfev=909 t=1048.7s remaining=1094
    iter=907 E=-1.9913716092 nfev=910 t=1049.9s remaining=1093
    iter=908 E=-1.9913779254 nfev=911 t=1051.0s remaining=1092
    iter=909 E=-1.9913848146 nfev=912 t=1052.2s remaining=1091
    iter=910 E=-1.9913922437 nfev=913 t=1053.6s remaining=1090
    iter=911 E=-1.9914011016 nfev=914 t=1054.8s remaining=1089
    iter=912 E=-1.9914096211 nfev=915 t=1056.0s remaining=1088
    iter=913 E=-1.9914161453 nfev=916 t=1057.2s remaining=1087
    iter=914 E=-1.9914208196 nfev=917 t=1058.4s remaining=1086
    iter=915 E=-1.9914236108 nfev=918 t=1059.5s remaining=1085
    iter=916 E=-1.9914258727 nfev=919 t=1060.6s remaining=1084
    iter=917 E=-1.9914283842 nfev=920 t=1061.7s remaining=1083
    iter=918 E=-1.9914307338 nfev=921 t=1062.9s remaining=1082
    iter=919 E=-1.9914339339 nfev=922 t=1064.0s remaining=1081
    iter=920 E=-1.9914384847 nfev=923 t=1065.2s remaining=1080
    iter=921 E=-1.9914445736 nfev=924 t=1066.3s remaining=1079
    iter=922 E=-1.9914516159 nfev=925 t=1067.4s remaining=1078
    iter=923 E=-1.9914609693 nfev=926 t=1068.5s remaining=1077
    iter=924 E=-1.9914723944 nfev=927 t=1069.7s remaining=1076
    iter=925 E=-1.9914795001 nfev=928 t=1070.8s remaining=1075
    iter=926 E=-1.9914855318 nfev=929 t=1071.9s remaining=1074
    iter=927 E=-1.9914902245 nfev=930 t=1073.0s remaining=1073
    iter=928 E=-1.9914942664 nfev=931 t=1074.1s remaining=1072
    iter=929 E=-1.9914973002 nfev=932 t=1075.3s remaining=1071
    iter=930 E=-1.9915007294 nfev=933 t=1076.4s remaining=1070
    iter=931 E=-1.9915051168 nfev=934 t=1077.6s remaining=1069
    iter=932 E=-1.9915109263 nfev=935 t=1078.8s remaining=1068
    iter=933 E=-1.9915190638 nfev=936 t=1079.9s remaining=1067
    iter=934 E=-1.9915286817 nfev=937 t=1081.2s remaining=1066
    iter=935 E=-1.9915363480 nfev=938 t=1082.3s remaining=1065
    iter=936 E=-1.9915440701 nfev=939 t=1083.4s remaining=1064
    iter=937 E=-1.9915522462 nfev=940 t=1084.7s remaining=1063
    iter=938 E=-1.9915579534 nfev=941 t=1085.9s remaining=1062
    iter=939 E=-1.9915639421 nfev=942 t=1087.0s remaining=1061
    iter=940 E=-1.9915694057 nfev=943 t=1088.3s remaining=1060
    iter=941 E=-1.9915734457 nfev=944 t=1089.5s remaining=1059
    iter=942 E=-1.9915775696 nfev=945 t=1090.6s remaining=1058
    iter=943 E=-1.9915816483 nfev=946 t=1091.8s remaining=1057
    iter=944 E=-1.9915867234 nfev=947 t=1093.0s remaining=1056
    iter=945 E=-1.9915935114 nfev=948 t=1094.1s remaining=1055
    iter=946 E=-1.9916026684 nfev=949 t=1095.3s remaining=1054
    iter=947 E=-1.9916113014 nfev=950 t=1096.4s remaining=1053
    iter=948 E=-1.9916191254 nfev=951 t=1097.6s remaining=1052
    iter=949 E=-1.9916262434 nfev=952 t=1098.7s remaining=1051
    iter=950 E=-1.9916318374 nfev=953 t=1099.9s remaining=1050
    iter=951 E=-1.9916354580 nfev=954 t=1101.0s remaining=1049
    iter=952 E=-1.9916396099 nfev=955 t=1102.0s remaining=1048
    iter=953 E=-1.9916446526 nfev=956 t=1103.1s remaining=1047
    iter=954 E=-1.9916490900 nfev=957 t=1104.2s remaining=1046
    iter=955 E=-1.9916539856 nfev=958 t=1105.3s remaining=1045
    iter=956 E=-1.9916585273 nfev=959 t=1106.4s remaining=1044
    iter=957 E=-1.9916620700 nfev=960 t=1107.5s remaining=1043
    iter=958 E=-1.9916669687 nfev=961 t=1108.6s remaining=1042
    iter=959 E=-1.9916737223 nfev=962 t=1109.7s remaining=1041
    iter=960 E=-1.9916797047 nfev=963 t=1110.8s remaining=1040
    iter=961 E=-1.9916853733 nfev=964 t=1111.9s remaining=1039
    iter=962 E=-1.9916917382 nfev=965 t=1113.0s remaining=1038
    iter=963 E=-1.9916961355 nfev=966 t=1114.1s remaining=1037
    iter=964 E=-1.9916994229 nfev=967 t=1115.2s remaining=1036
    iter=965 E=-1.9917028970 nfev=968 t=1116.4s remaining=1035
    iter=966 E=-1.9917061384 nfev=969 t=1117.5s remaining=1034
    iter=967 E=-1.9917099596 nfev=970 t=1118.6s remaining=1033
    iter=968 E=-1.9917153524 nfev=971 t=1119.8s remaining=1032
    iter=969 E=-1.9917228635 nfev=972 t=1120.8s remaining=1031
    iter=970 E=-1.9917307682 nfev=973 t=1121.9s remaining=1030
    iter=971 E=-1.9917374638 nfev=974 t=1123.0s remaining=1029
    iter=972 E=-1.9917441423 nfev=975 t=1124.1s remaining=1028
    iter=973 E=-1.9917502581 nfev=976 t=1125.3s remaining=1027
    iter=974 E=-1.9917540191 nfev=977 t=1126.4s remaining=1026
    iter=975 E=-1.9917574187 nfev=978 t=1127.6s remaining=1025
    iter=976 E=-1.9917600379 nfev=979 t=1128.7s remaining=1024
    iter=977 E=-1.9917629197 nfev=980 t=1130.0s remaining=1023
    iter=978 E=-1.9917668124 nfev=981 t=1131.2s remaining=1022
    iter=979 E=-1.9917719624 nfev=982 t=1132.3s remaining=1021
    iter=980 E=-1.9917779762 nfev=983 t=1133.4s remaining=1020
    iter=981 E=-1.9917860067 nfev=984 t=1134.5s remaining=1019
    iter=982 E=-1.9917951770 nfev=985 t=1135.6s remaining=1018
    iter=983 E=-1.9918026080 nfev=986 t=1136.7s remaining=1017
    iter=984 E=-1.9918085072 nfev=987 t=1137.9s remaining=1016
    iter=985 E=-1.9918130188 nfev=988 t=1139.1s remaining=1015
    iter=986 E=-1.9918163722 nfev=989 t=1140.3s remaining=1014
    iter=987 E=-1.9918196220 nfev=990 t=1141.5s remaining=1013
    iter=988 E=-1.9918221994 nfev=991 t=1142.9s remaining=1012
    iter=989 E=-1.9918250492 nfev=992 t=1144.0s remaining=1011
    iter=990 E=-1.9918285807 nfev=993 t=1145.2s remaining=1010
    iter=991 E=-1.9918334346 nfev=994 t=1146.4s remaining=1009
    iter=992 E=-1.9918394682 nfev=995 t=1147.6s remaining=1008
    iter=993 E=-1.9918472454 nfev=996 t=1148.8s remaining=1007
    iter=994 E=-1.9918570185 nfev=997 t=1150.0s remaining=1006
    iter=995 E=-1.9918666789 nfev=998 t=1151.1s remaining=1005
    iter=996 E=-1.9918744663 nfev=999 t=1152.2s remaining=1004
    iter=997 E=-1.9918813938 nfev=1000 t=1153.4s remaining=1003
    iter=998 E=-1.9918874506 nfev=1001 t=1154.6s remaining=1002
    iter=999 E=-1.9918905497 nfev=1002 t=1155.9s remaining=1001
    iter=1000 E=-1.9918933993 nfev=1003 t=1157.2s remaining=1000
    iter=1001 E=-1.9918960232 nfev=1004 t=1158.3s remaining=999
    iter=1002 E=-1.9918986932 nfev=1005 t=1159.5s remaining=998
    iter=1003 E=-1.9919026483 nfev=1006 t=1160.6s remaining=997
    iter=1004 E=-1.9919086149 nfev=1007 t=1161.7s remaining=996
    iter=1005 E=-1.9919169401 nfev=1008 t=1162.8s remaining=995
    iter=1006 E=-1.9919257270 nfev=1009 t=1163.9s remaining=994
    iter=1007 E=-1.9919343199 nfev=1010 t=1165.0s remaining=993
    iter=1008 E=-1.9919441741 nfev=1011 t=1166.1s remaining=992
    iter=1009 E=-1.9919521961 nfev=1012 t=1167.2s remaining=991
    iter=1010 E=-1.9919571856 nfev=1013 t=1168.4s remaining=990
    iter=1011 E=-1.9919621085 nfev=1014 t=1169.6s remaining=989
    iter=1012 E=-1.9919664539 nfev=1015 t=1170.7s remaining=988
    iter=1013 E=-1.9919697578 nfev=1016 t=1171.9s remaining=987
    iter=1014 E=-1.9919739056 nfev=1017 t=1173.1s remaining=986
    iter=1015 E=-1.9919793369 nfev=1018 t=1174.2s remaining=985
    iter=1016 E=-1.9919851809 nfev=1019 t=1175.7s remaining=984
    iter=1017 E=-1.9919924778 nfev=1020 t=1176.8s remaining=983
    iter=1018 E=-1.9919996097 nfev=1021 t=1178.0s remaining=982
    iter=1019 E=-1.9920075339 nfev=1022 t=1179.1s remaining=981
    iter=1020 E=-1.9920150070 nfev=1023 t=1180.3s remaining=980
    iter=1021 E=-1.9920204789 nfev=1024 t=1181.5s remaining=979
    iter=1022 E=-1.9920259600 nfev=1025 t=1182.6s remaining=978
    iter=1023 E=-1.9920313683 nfev=1026 t=1183.7s remaining=977
    iter=1024 E=-1.9920352475 nfev=1027 t=1184.9s remaining=976
    iter=1025 E=-1.9920391015 nfev=1028 t=1186.0s remaining=975
    iter=1026 E=-1.9920424822 nfev=1029 t=1187.2s remaining=974
    iter=1027 E=-1.9920460096 nfev=1030 t=1188.3s remaining=973
    iter=1028 E=-1.9920509468 nfev=1031 t=1189.4s remaining=972
    iter=1029 E=-1.9920564548 nfev=1032 t=1190.5s remaining=971
    iter=1030 E=-1.9920624578 nfev=1033 t=1191.6s remaining=970
    iter=1031 E=-1.9920703538 nfev=1034 t=1192.7s remaining=969
    iter=1032 E=-1.9920782253 nfev=1035 t=1193.8s remaining=968
    iter=1033 E=-1.9920842833 nfev=1036 t=1195.0s remaining=967
    iter=1034 E=-1.9920897938 nfev=1037 t=1196.2s remaining=966
    iter=1035 E=-1.9920948228 nfev=1038 t=1197.4s remaining=965
    iter=1036 E=-1.9920987817 nfev=1039 t=1198.5s remaining=964
    iter=1037 E=-1.9921025247 nfev=1040 t=1199.6s remaining=963
    iter=1038 E=-1.9921064438 nfev=1041 t=1200.7s remaining=962
    iter=1039 E=-1.9921102928 nfev=1042 t=1201.7s remaining=961
    iter=1040 E=-1.9921143407 nfev=1043 t=1202.8s remaining=960
    iter=1041 E=-1.9921195479 nfev=1044 t=1203.9s remaining=959
    iter=1042 E=-1.9921259946 nfev=1045 t=1205.0s remaining=958
    iter=1043 E=-1.9921351378 nfev=1046 t=1206.1s remaining=957
    iter=1044 E=-1.9921466078 nfev=1047 t=1207.1s remaining=956
    iter=1045 E=-1.9921565563 nfev=1048 t=1208.2s remaining=955
    iter=1046 E=-1.9921647653 nfev=1049 t=1209.3s remaining=954
    iter=1047 E=-1.9921723786 nfev=1050 t=1210.4s remaining=953
    iter=1048 E=-1.9921801340 nfev=1051 t=1211.6s remaining=952
    iter=1049 E=-1.9921888921 nfev=1052 t=1212.7s remaining=951
    iter=1050 E=-1.9921981910 nfev=1053 t=1213.7s remaining=950
    iter=1051 E=-1.9922069377 nfev=1054 t=1214.8s remaining=949
    iter=1052 E=-1.9922142191 nfev=1055 t=1216.0s remaining=948
    iter=1053 E=-1.9922207412 nfev=1056 t=1217.1s remaining=947
    iter=1054 E=-1.9922252117 nfev=1057 t=1218.3s remaining=946
    iter=1055 E=-1.9922303662 nfev=1058 t=1219.3s remaining=945
    iter=1056 E=-1.9922344781 nfev=1059 t=1220.4s remaining=944
    iter=1057 E=-1.9922393930 nfev=1060 t=1221.5s remaining=943
    iter=1058 E=-1.9922462441 nfev=1061 t=1222.6s remaining=942
    iter=1059 E=-1.9922543262 nfev=1062 t=1223.8s remaining=941
    iter=1060 E=-1.9922627471 nfev=1063 t=1224.9s remaining=940
    iter=1061 E=-1.9922708419 nfev=1064 t=1226.0s remaining=939
    iter=1062 E=-1.9922785365 nfev=1065 t=1227.1s remaining=938
    iter=1063 E=-1.9922866774 nfev=1066 t=1228.2s remaining=937
    iter=1064 E=-1.9922940145 nfev=1067 t=1229.3s remaining=936
    iter=1065 E=-1.9922996157 nfev=1068 t=1230.5s remaining=935
    iter=1066 E=-1.9923039193 nfev=1069 t=1231.7s remaining=934
    iter=1067 E=-1.9923079265 nfev=1070 t=1232.8s remaining=933
    iter=1068 E=-1.9923126381 nfev=1071 t=1233.9s remaining=932
    iter=1069 E=-1.9923169870 nfev=1072 t=1235.0s remaining=931
    iter=1070 E=-1.9923219699 nfev=1073 t=1236.1s remaining=930
    iter=1071 E=-1.9923279457 nfev=1074 t=1237.1s remaining=929
    iter=1072 E=-1.9923337613 nfev=1075 t=1238.2s remaining=928
    iter=1073 E=-1.9923394044 nfev=1076 t=1239.3s remaining=927
    iter=1074 E=-1.9923459722 nfev=1077 t=1240.4s remaining=926
    iter=1075 E=-1.9923534824 nfev=1078 t=1241.4s remaining=925
    iter=1076 E=-1.9923599649 nfev=1079 t=1242.6s remaining=924
    iter=1077 E=-1.9923671011 nfev=1080 t=1243.7s remaining=923
    iter=1078 E=-1.9923738608 nfev=1081 t=1244.8s remaining=922
    iter=1079 E=-1.9923789536 nfev=1082 t=1245.9s remaining=921
    iter=1080 E=-1.9923840899 nfev=1083 t=1247.0s remaining=920
    iter=1081 E=-1.9923897309 nfev=1084 t=1248.1s remaining=919
    iter=1082 E=-1.9923946380 nfev=1085 t=1249.3s remaining=918
    iter=1083 E=-1.9923990945 nfev=1086 t=1250.4s remaining=917
    iter=1084 E=-1.9924038308 nfev=1087 t=1251.5s remaining=916
    iter=1085 E=-1.9924103802 nfev=1088 t=1252.6s remaining=915
    iter=1086 E=-1.9924195617 nfev=1089 t=1253.7s remaining=914
    iter=1087 E=-1.9924286801 nfev=1090 t=1254.7s remaining=913
    iter=1088 E=-1.9924358253 nfev=1091 t=1255.9s remaining=912
    iter=1089 E=-1.9924413310 nfev=1092 t=1257.0s remaining=911
    iter=1090 E=-1.9924457586 nfev=1093 t=1258.2s remaining=910
    iter=1091 E=-1.9924499620 nfev=1094 t=1259.3s remaining=909
    iter=1092 E=-1.9924541537 nfev=1095 t=1260.4s remaining=908
    iter=1093 E=-1.9924579214 nfev=1096 t=1261.5s remaining=907
    iter=1094 E=-1.9924611118 nfev=1097 t=1262.6s remaining=906
    iter=1095 E=-1.9924644070 nfev=1098 t=1263.6s remaining=905
    iter=1096 E=-1.9924686453 nfev=1099 t=1264.8s remaining=904
    iter=1097 E=-1.9924743428 nfev=1100 t=1266.0s remaining=903
    iter=1098 E=-1.9924815117 nfev=1101 t=1267.2s remaining=902
    iter=1099 E=-1.9924879953 nfev=1102 t=1268.4s remaining=901
    iter=1100 E=-1.9924937942 nfev=1103 t=1269.5s remaining=900
    iter=1101 E=-1.9924977922 nfev=1104 t=1270.6s remaining=899
    iter=1102 E=-1.9925002489 nfev=1105 t=1271.8s remaining=898
    iter=1103 E=-1.9925022610 nfev=1106 t=1272.9s remaining=897
    iter=1104 E=-1.9925043191 nfev=1107 t=1274.1s remaining=896
    iter=1105 E=-1.9925072022 nfev=1108 t=1275.3s remaining=895
    iter=1106 E=-1.9925114257 nfev=1109 t=1276.5s remaining=894
    iter=1107 E=-1.9925175226 nfev=1110 t=1277.6s remaining=893
    iter=1108 E=-1.9925244775 nfev=1111 t=1278.8s remaining=892
    iter=1109 E=-1.9925296678 nfev=1112 t=1279.9s remaining=891
    iter=1110 E=-1.9925347247 nfev=1113 t=1280.9s remaining=890
    iter=1111 E=-1.9925387598 nfev=1114 t=1282.0s remaining=889
    iter=1112 E=-1.9925413337 nfev=1115 t=1283.1s remaining=888
    iter=1113 E=-1.9925430617 nfev=1116 t=1284.2s remaining=887
    iter=1114 E=-1.9925442083 nfev=1117 t=1285.3s remaining=886
    iter=1115 E=-1.9925453809 nfev=1118 t=1286.5s remaining=885
    iter=1116 E=-1.9925468859 nfev=1119 t=1287.6s remaining=884
    iter=1117 E=-1.9925490732 nfev=1120 t=1288.8s remaining=883
    iter=1118 E=-1.9925519919 nfev=1121 t=1289.9s remaining=882
    iter=1119 E=-1.9925556351 nfev=1122 t=1291.0s remaining=881
    iter=1120 E=-1.9925603256 nfev=1123 t=1292.1s remaining=880
    iter=1121 E=-1.9925650108 nfev=1124 t=1293.3s remaining=879
    iter=1122 E=-1.9925682785 nfev=1125 t=1294.3s remaining=878
    iter=1123 E=-1.9925709802 nfev=1126 t=1295.5s remaining=877
    iter=1124 E=-1.9925734674 nfev=1127 t=1296.7s remaining=876
    iter=1125 E=-1.9925755168 nfev=1128 t=1297.9s remaining=875
    iter=1126 E=-1.9925778555 nfev=1129 t=1299.0s remaining=874
    iter=1127 E=-1.9925802928 nfev=1130 t=1300.1s remaining=873
    iter=1128 E=-1.9925825269 nfev=1131 t=1301.2s remaining=872
    iter=1129 E=-1.9925850115 nfev=1132 t=1302.3s remaining=871
    iter=1130 E=-1.9925881161 nfev=1133 t=1303.5s remaining=870
    iter=1131 E=-1.9925921332 nfev=1134 t=1304.6s remaining=869
    iter=1132 E=-1.9925966178 nfev=1135 t=1305.8s remaining=868
    iter=1133 E=-1.9926015495 nfev=1136 t=1307.0s remaining=867
    iter=1134 E=-1.9926065089 nfev=1137 t=1308.1s remaining=866
    iter=1135 E=-1.9926105524 nfev=1138 t=1309.3s remaining=865
    iter=1136 E=-1.9926131276 nfev=1139 t=1310.5s remaining=864
    iter=1137 E=-1.9926156148 nfev=1140 t=1311.6s remaining=863
    iter=1138 E=-1.9926181797 nfev=1141 t=1312.8s remaining=862
    iter=1139 E=-1.9926202319 nfev=1142 t=1314.0s remaining=861
    iter=1140 E=-1.9926221691 nfev=1143 t=1315.1s remaining=860
    iter=1141 E=-1.9926244810 nfev=1144 t=1316.3s remaining=859
    iter=1142 E=-1.9926268954 nfev=1145 t=1317.4s remaining=858
    iter=1143 E=-1.9926292097 nfev=1146 t=1318.7s remaining=857
    iter=1144 E=-1.9926318357 nfev=1147 t=1319.8s remaining=856
    iter=1145 E=-1.9926349705 nfev=1148 t=1321.0s remaining=855
    iter=1146 E=-1.9926387960 nfev=1149 t=1322.1s remaining=854
    iter=1147 E=-1.9926439138 nfev=1150 t=1323.1s remaining=853
    iter=1148 E=-1.9926491311 nfev=1151 t=1324.2s remaining=852
    iter=1149 E=-1.9926528697 nfev=1152 t=1325.3s remaining=851
    iter=1150 E=-1.9926550980 nfev=1153 t=1326.4s remaining=850
    iter=1151 E=-1.9926565283 nfev=1154 t=1327.5s remaining=849
    iter=1152 E=-1.9926577258 nfev=1155 t=1328.6s remaining=848
    iter=1153 E=-1.9926588744 nfev=1156 t=1329.8s remaining=847
    iter=1154 E=-1.9926604190 nfev=1157 t=1330.9s remaining=846
    iter=1155 E=-1.9926623149 nfev=1158 t=1332.0s remaining=845
    iter=1156 E=-1.9926647175 nfev=1159 t=1333.2s remaining=844
    iter=1157 E=-1.9926681831 nfev=1160 t=1334.3s remaining=843
    iter=1158 E=-1.9926720242 nfev=1161 t=1335.4s remaining=842
    iter=1159 E=-1.9926755400 nfev=1162 t=1336.5s remaining=841
    iter=1160 E=-1.9926788264 nfev=1163 t=1337.6s remaining=840
    iter=1161 E=-1.9926813615 nfev=1164 t=1338.7s remaining=839
    iter=1162 E=-1.9926830808 nfev=1165 t=1339.8s remaining=838
    iter=1163 E=-1.9926847898 nfev=1166 t=1340.9s remaining=837
    iter=1164 E=-1.9926866907 nfev=1167 t=1342.0s remaining=836
    iter=1165 E=-1.9926888610 nfev=1168 t=1343.1s remaining=835
    iter=1166 E=-1.9926916717 nfev=1169 t=1344.2s remaining=834
    iter=1167 E=-1.9926948721 nfev=1170 t=1345.4s remaining=833
    iter=1168 E=-1.9926983252 nfev=1171 t=1346.5s remaining=832
    iter=1169 E=-1.9927021311 nfev=1172 t=1347.7s remaining=831
    iter=1170 E=-1.9927065663 nfev=1173 t=1348.8s remaining=830
    iter=1171 E=-1.9927118274 nfev=1174 t=1350.0s remaining=829
    iter=1172 E=-1.9927176913 nfev=1175 t=1351.3s remaining=828
    iter=1173 E=-1.9927230970 nfev=1176 t=1352.5s remaining=827
    iter=1174 E=-1.9927275504 nfev=1177 t=1353.6s remaining=826
    iter=1175 E=-1.9927305700 nfev=1178 t=1354.9s remaining=825
    iter=1176 E=-1.9927324644 nfev=1179 t=1356.1s remaining=824
    iter=1177 E=-1.9927339437 nfev=1180 t=1357.2s remaining=823
    iter=1178 E=-1.9927355448 nfev=1181 t=1358.4s remaining=822
    iter=1179 E=-1.9927375154 nfev=1182 t=1359.6s remaining=821
    iter=1180 E=-1.9927403481 nfev=1183 t=1360.7s remaining=820
    iter=1181 E=-1.9927443778 nfev=1184 t=1362.0s remaining=819
    iter=1182 E=-1.9927500239 nfev=1185 t=1363.1s remaining=818
    iter=1183 E=-1.9927567191 nfev=1186 t=1364.3s remaining=817
    iter=1184 E=-1.9927628612 nfev=1187 t=1365.4s remaining=816
    iter=1185 E=-1.9927682779 nfev=1188 t=1366.6s remaining=815
    iter=1186 E=-1.9927726957 nfev=1189 t=1367.7s remaining=814
    iter=1187 E=-1.9927757525 nfev=1190 t=1368.8s remaining=813
    iter=1188 E=-1.9927780989 nfev=1191 t=1369.9s remaining=812
    iter=1189 E=-1.9927801008 nfev=1192 t=1371.0s remaining=811
    iter=1190 E=-1.9927819188 nfev=1193 t=1372.1s remaining=810
    iter=1191 E=-1.9927842217 nfev=1194 t=1373.2s remaining=809
    iter=1192 E=-1.9927871658 nfev=1195 t=1374.3s remaining=808
    iter=1193 E=-1.9927909900 nfev=1196 t=1375.3s remaining=807
    iter=1194 E=-1.9927964082 nfev=1197 t=1376.4s remaining=806
    iter=1195 E=-1.9928032740 nfev=1198 t=1377.5s remaining=805
    iter=1196 E=-1.9928100881 nfev=1199 t=1378.6s remaining=804
    iter=1197 E=-1.9928157333 nfev=1200 t=1379.7s remaining=803
    iter=1198 E=-1.9928195010 nfev=1201 t=1380.8s remaining=802
    iter=1199 E=-1.9928237644 nfev=1202 t=1381.9s remaining=801
    iter=1200 E=-1.9928270260 nfev=1203 t=1382.9s remaining=800
    iter=1201 E=-1.9928301873 nfev=1204 t=1384.0s remaining=799
    iter=1202 E=-1.9928330385 nfev=1205 t=1385.1s remaining=798
    iter=1203 E=-1.9928355131 nfev=1206 t=1386.1s remaining=797
    iter=1204 E=-1.9928377821 nfev=1207 t=1387.2s remaining=796
    iter=1205 E=-1.9928399725 nfev=1208 t=1388.3s remaining=795
    iter=1206 E=-1.9928424841 nfev=1209 t=1389.4s remaining=794
    iter=1207 E=-1.9928458698 nfev=1210 t=1390.5s remaining=793
    iter=1208 E=-1.9928491367 nfev=1211 t=1391.7s remaining=792
    iter=1209 E=-1.9928521759 nfev=1212 t=1392.8s remaining=791
    iter=1210 E=-1.9928560616 nfev=1213 t=1393.9s remaining=790
    iter=1211 E=-1.9928612507 nfev=1214 t=1395.0s remaining=789
    iter=1212 E=-1.9928653888 nfev=1215 t=1396.1s remaining=788
    iter=1213 E=-1.9928690876 nfev=1216 t=1397.3s remaining=787
    iter=1214 E=-1.9928726518 nfev=1217 t=1398.4s remaining=786
    iter=1215 E=-1.9928751183 nfev=1218 t=1399.5s remaining=785
    iter=1216 E=-1.9928769367 nfev=1219 t=1400.7s remaining=784
    iter=1217 E=-1.9928790270 nfev=1220 t=1401.9s remaining=783
    iter=1218 E=-1.9928806673 nfev=1221 t=1403.0s remaining=782
    iter=1219 E=-1.9928821237 nfev=1222 t=1404.2s remaining=781
    iter=1220 E=-1.9928839028 nfev=1223 t=1405.3s remaining=780
    iter=1221 E=-1.9928861744 nfev=1224 t=1406.5s remaining=779
    iter=1222 E=-1.9928887263 nfev=1225 t=1407.7s remaining=778
    iter=1223 E=-1.9928920554 nfev=1226 t=1408.8s remaining=777
    iter=1224 E=-1.9928961101 nfev=1227 t=1409.9s remaining=776
    iter=1225 E=-1.9929009533 nfev=1228 t=1411.0s remaining=775
    iter=1226 E=-1.9929062440 nfev=1229 t=1412.1s remaining=774
    iter=1227 E=-1.9929107702 nfev=1230 t=1413.2s remaining=773
    iter=1228 E=-1.9929142289 nfev=1231 t=1414.4s remaining=772
    iter=1229 E=-1.9929169660 nfev=1232 t=1415.5s remaining=771
    iter=1230 E=-1.9929192478 nfev=1233 t=1416.6s remaining=770
    iter=1231 E=-1.9929213250 nfev=1234 t=1417.7s remaining=769
    iter=1232 E=-1.9929236366 nfev=1235 t=1419.0s remaining=768
    iter=1233 E=-1.9929256912 nfev=1236 t=1420.3s remaining=767
    iter=1234 E=-1.9929276840 nfev=1237 t=1421.5s remaining=766
    iter=1235 E=-1.9929298775 nfev=1238 t=1422.6s remaining=765
    iter=1236 E=-1.9929324637 nfev=1239 t=1423.8s remaining=764
    iter=1237 E=-1.9929351058 nfev=1240 t=1424.9s remaining=763
    iter=1238 E=-1.9929382557 nfev=1241 t=1426.0s remaining=762
    iter=1239 E=-1.9929423539 nfev=1242 t=1427.2s remaining=761
    iter=1240 E=-1.9929472667 nfev=1243 t=1428.3s remaining=760
    iter=1241 E=-1.9929512831 nfev=1244 t=1429.5s remaining=759
    iter=1242 E=-1.9929552323 nfev=1245 t=1430.6s remaining=758
    iter=1243 E=-1.9929574558 nfev=1246 t=1431.8s remaining=757
    iter=1244 E=-1.9929588261 nfev=1247 t=1432.9s remaining=756
    iter=1245 E=-1.9929601453 nfev=1248 t=1434.0s remaining=755
    iter=1246 E=-1.9929618398 nfev=1249 t=1435.2s remaining=754
    iter=1247 E=-1.9929636277 nfev=1250 t=1436.3s remaining=753
    iter=1248 E=-1.9929660636 nfev=1251 t=1437.5s remaining=752
    iter=1249 E=-1.9929695753 nfev=1252 t=1438.6s remaining=751
    iter=1250 E=-1.9929741353 nfev=1253 t=1439.7s remaining=750
    iter=1251 E=-1.9929798480 nfev=1254 t=1440.9s remaining=749
    iter=1252 E=-1.9929859238 nfev=1255 t=1442.0s remaining=748
    iter=1253 E=-1.9929907877 nfev=1256 t=1443.2s remaining=747
    iter=1254 E=-1.9929938973 nfev=1257 t=1444.3s remaining=746
    iter=1255 E=-1.9929959049 nfev=1258 t=1445.5s remaining=745
    iter=1256 E=-1.9929976280 nfev=1259 t=1446.6s remaining=744
    iter=1257 E=-1.9929992506 nfev=1260 t=1447.8s remaining=743
    iter=1258 E=-1.9930005478 nfev=1261 t=1448.9s remaining=742
    iter=1259 E=-1.9930019058 nfev=1262 t=1450.0s remaining=741
    iter=1260 E=-1.9930035287 nfev=1263 t=1451.2s remaining=740
    iter=1261 E=-1.9930055180 nfev=1264 t=1452.3s remaining=739
    iter=1262 E=-1.9930080028 nfev=1265 t=1453.5s remaining=738
    iter=1263 E=-1.9930110145 nfev=1266 t=1454.6s remaining=737
    iter=1264 E=-1.9930145826 nfev=1267 t=1455.7s remaining=736
    iter=1265 E=-1.9930183045 nfev=1268 t=1456.9s remaining=735
    iter=1266 E=-1.9930208783 nfev=1269 t=1458.0s remaining=734
    iter=1267 E=-1.9930227045 nfev=1270 t=1459.2s remaining=733
    iter=1268 E=-1.9930242560 nfev=1271 t=1460.3s remaining=732
    iter=1269 E=-1.9930256758 nfev=1272 t=1461.4s remaining=731
    iter=1270 E=-1.9930269639 nfev=1273 t=1462.6s remaining=730
    iter=1271 E=-1.9930283457 nfev=1274 t=1463.7s remaining=729
    iter=1272 E=-1.9930298206 nfev=1275 t=1464.9s remaining=728
    iter=1273 E=-1.9930316140 nfev=1276 t=1466.0s remaining=727
    iter=1274 E=-1.9930341176 nfev=1277 t=1467.2s remaining=726
    iter=1275 E=-1.9930374301 nfev=1278 t=1468.3s remaining=725
    iter=1276 E=-1.9930407635 nfev=1279 t=1469.4s remaining=724
    iter=1277 E=-1.9930437006 nfev=1280 t=1470.6s remaining=723
    iter=1278 E=-1.9930461050 nfev=1281 t=1471.7s remaining=722
    iter=1279 E=-1.9930480005 nfev=1282 t=1472.8s remaining=721
    iter=1280 E=-1.9930494828 nfev=1283 t=1474.0s remaining=720
    iter=1281 E=-1.9930509443 nfev=1284 t=1475.1s remaining=719
    iter=1282 E=-1.9930524781 nfev=1285 t=1476.3s remaining=718
    iter=1283 E=-1.9930542758 nfev=1286 t=1477.4s remaining=717
    iter=1284 E=-1.9930564498 nfev=1287 t=1478.5s remaining=716
    iter=1285 E=-1.9930586797 nfev=1288 t=1479.7s remaining=715
    iter=1286 E=-1.9930608251 nfev=1289 t=1480.8s remaining=714
    iter=1287 E=-1.9930632548 nfev=1290 t=1482.0s remaining=713
    iter=1288 E=-1.9930664864 nfev=1291 t=1483.1s remaining=712
    iter=1289 E=-1.9930697011 nfev=1292 t=1484.2s remaining=711
    iter=1290 E=-1.9930732839 nfev=1293 t=1485.4s remaining=710
    iter=1291 E=-1.9930765258 nfev=1294 t=1486.5s remaining=709
    iter=1292 E=-1.9930791710 nfev=1295 t=1487.7s remaining=708
    iter=1293 E=-1.9930814963 nfev=1296 t=1488.8s remaining=707
    iter=1294 E=-1.9930838404 nfev=1297 t=1490.0s remaining=706
    iter=1295 E=-1.9930861096 nfev=1298 t=1491.1s remaining=705
    iter=1296 E=-1.9930884998 nfev=1299 t=1492.2s remaining=704
    iter=1297 E=-1.9930904683 nfev=1300 t=1493.4s remaining=703
    iter=1298 E=-1.9930929080 nfev=1301 t=1494.5s remaining=702
    iter=1299 E=-1.9930956106 nfev=1302 t=1495.7s remaining=701
    iter=1300 E=-1.9930986427 nfev=1303 t=1496.8s remaining=700
    iter=1301 E=-1.9931028566 nfev=1304 t=1497.9s remaining=699
    iter=1302 E=-1.9931076283 nfev=1305 t=1499.1s remaining=698
    iter=1303 E=-1.9931119108 nfev=1306 t=1500.2s remaining=697
    iter=1304 E=-1.9931155794 nfev=1307 t=1501.3s remaining=696
    iter=1305 E=-1.9931183135 nfev=1308 t=1502.5s remaining=695
    iter=1306 E=-1.9931202750 nfev=1309 t=1503.6s remaining=694
    iter=1307 E=-1.9931224126 nfev=1310 t=1504.7s remaining=693
    iter=1308 E=-1.9931243007 nfev=1311 t=1505.9s remaining=692
    iter=1309 E=-1.9931259440 nfev=1312 t=1507.0s remaining=691
    iter=1310 E=-1.9931282042 nfev=1313 t=1508.1s remaining=690
    iter=1311 E=-1.9931314232 nfev=1314 t=1509.3s remaining=689
    iter=1312 E=-1.9931356364 nfev=1315 t=1510.4s remaining=688
    iter=1313 E=-1.9931410826 nfev=1316 t=1511.5s remaining=687
    iter=1314 E=-1.9931476743 nfev=1317 t=1512.7s remaining=686
    iter=1315 E=-1.9931545641 nfev=1318 t=1513.8s remaining=685
    iter=1316 E=-1.9931593131 nfev=1319 t=1514.9s remaining=684
    iter=1317 E=-1.9931633741 nfev=1320 t=1516.1s remaining=683
    iter=1318 E=-1.9931663197 nfev=1321 t=1517.2s remaining=682
    iter=1319 E=-1.9931687372 nfev=1322 t=1518.3s remaining=681
    iter=1320 E=-1.9931705726 nfev=1323 t=1519.5s remaining=680
    iter=1321 E=-1.9931725456 nfev=1324 t=1520.6s remaining=679
    iter=1322 E=-1.9931754978 nfev=1325 t=1521.8s remaining=678
    iter=1323 E=-1.9931793912 nfev=1326 t=1522.9s remaining=677
    iter=1324 E=-1.9931828583 nfev=1327 t=1524.0s remaining=676
    iter=1325 E=-1.9931862752 nfev=1328 t=1525.2s remaining=675
    iter=1326 E=-1.9931901408 nfev=1329 t=1526.3s remaining=674
    iter=1327 E=-1.9931943649 nfev=1330 t=1527.4s remaining=673
    iter=1328 E=-1.9931999124 nfev=1331 t=1528.6s remaining=672
    iter=1329 E=-1.9932057406 nfev=1332 t=1529.7s remaining=671
    iter=1330 E=-1.9932107803 nfev=1333 t=1530.9s remaining=670
    iter=1331 E=-1.9932144653 nfev=1334 t=1532.0s remaining=669
    iter=1332 E=-1.9932169805 nfev=1335 t=1533.2s remaining=668
    iter=1333 E=-1.9932188708 nfev=1336 t=1534.3s remaining=667
    iter=1334 E=-1.9932206740 nfev=1337 t=1535.4s remaining=666
    iter=1335 E=-1.9932224847 nfev=1338 t=1536.6s remaining=665
    iter=1336 E=-1.9932245223 nfev=1339 t=1537.7s remaining=664
    iter=1337 E=-1.9932267619 nfev=1340 t=1538.8s remaining=663
    iter=1338 E=-1.9932290278 nfev=1341 t=1540.0s remaining=662
    iter=1339 E=-1.9932323656 nfev=1342 t=1541.3s remaining=661
    iter=1340 E=-1.9932374852 nfev=1343 t=1542.5s remaining=660
    iter=1341 E=-1.9932442399 nfev=1344 t=1543.6s remaining=659
    iter=1342 E=-1.9932497205 nfev=1345 t=1544.8s remaining=658
    iter=1343 E=-1.9932547051 nfev=1346 t=1546.0s remaining=657
    iter=1344 E=-1.9932577999 nfev=1347 t=1547.1s remaining=656
    iter=1345 E=-1.9932597957 nfev=1348 t=1548.2s remaining=655
    iter=1346 E=-1.9932612464 nfev=1349 t=1549.4s remaining=654
    iter=1347 E=-1.9932627352 nfev=1350 t=1550.5s remaining=653
    iter=1348 E=-1.9932640716 nfev=1351 t=1551.7s remaining=652
    iter=1349 E=-1.9932652881 nfev=1352 t=1552.9s remaining=651
    iter=1350 E=-1.9932668934 nfev=1353 t=1554.1s remaining=650
    iter=1351 E=-1.9932686768 nfev=1354 t=1555.2s remaining=649
    iter=1352 E=-1.9932707478 nfev=1355 t=1556.3s remaining=648
    iter=1353 E=-1.9932736665 nfev=1356 t=1557.5s remaining=647
    iter=1354 E=-1.9932774525 nfev=1357 t=1558.6s remaining=646
    iter=1355 E=-1.9932809911 nfev=1358 t=1559.7s remaining=645
    iter=1356 E=-1.9932844950 nfev=1359 t=1560.9s remaining=644
    iter=1357 E=-1.9932876325 nfev=1360 t=1562.1s remaining=643
    iter=1358 E=-1.9932892147 nfev=1361 t=1563.2s remaining=642
    iter=1359 E=-1.9932902126 nfev=1362 t=1564.4s remaining=641
    iter=1360 E=-1.9932911723 nfev=1363 t=1565.6s remaining=640
    iter=1361 E=-1.9932920832 nfev=1364 t=1566.7s remaining=639
    iter=1362 E=-1.9932930741 nfev=1365 t=1567.9s remaining=638
    iter=1363 E=-1.9932945222 nfev=1366 t=1570.7s remaining=637
    iter=1364 E=-1.9932963472 nfev=1367 t=1572.0s remaining=636
    iter=1365 E=-1.9932980780 nfev=1368 t=1573.1s remaining=635
    iter=1366 E=-1.9933001402 nfev=1369 t=1574.2s remaining=634
    iter=1367 E=-1.9933027951 nfev=1370 t=1575.5s remaining=633
    iter=1368 E=-1.9933053133 nfev=1371 t=1576.7s remaining=632
    iter=1369 E=-1.9933080223 nfev=1372 t=1577.8s remaining=631
    iter=1370 E=-1.9933106363 nfev=1373 t=1579.0s remaining=630
    iter=1371 E=-1.9933125319 nfev=1374 t=1580.1s remaining=629
    iter=1372 E=-1.9933139590 nfev=1375 t=1581.3s remaining=628
    iter=1373 E=-1.9933148893 nfev=1376 t=1582.4s remaining=627
    iter=1374 E=-1.9933155676 nfev=1377 t=1583.4s remaining=626
    iter=1375 E=-1.9933162711 nfev=1378 t=1584.5s remaining=625
    iter=1376 E=-1.9933171754 nfev=1379 t=1585.7s remaining=624
    iter=1377 E=-1.9933181075 nfev=1380 t=1586.8s remaining=623
    iter=1378 E=-1.9933195451 nfev=1381 t=1588.0s remaining=622
    iter=1379 E=-1.9933217635 nfev=1382 t=1589.0s remaining=621
    iter=1380 E=-1.9933245910 nfev=1383 t=1590.2s remaining=620
    iter=1381 E=-1.9933265434 nfev=1384 t=1591.3s remaining=619
    iter=1382 E=-1.9933283877 nfev=1385 t=1592.4s remaining=618
    iter=1383 E=-1.9933298241 nfev=1386 t=1593.6s remaining=617
    iter=1384 E=-1.9933308696 nfev=1387 t=1594.7s remaining=616
    iter=1385 E=-1.9933318608 nfev=1388 t=1595.8s remaining=615
    iter=1386 E=-1.9933328753 nfev=1389 t=1596.9s remaining=614
    iter=1387 E=-1.9933336401 nfev=1390 t=1598.0s remaining=613
    iter=1388 E=-1.9933343034 nfev=1391 t=1599.0s remaining=612
    iter=1389 E=-1.9933349573 nfev=1392 t=1600.2s remaining=611
    iter=1390 E=-1.9933357486 nfev=1393 t=1601.3s remaining=610
    iter=1391 E=-1.9933369100 nfev=1394 t=1602.4s remaining=609
    iter=1392 E=-1.9933385583 nfev=1395 t=1603.5s remaining=608
    iter=1393 E=-1.9933406857 nfev=1396 t=1604.6s remaining=607
    iter=1394 E=-1.9933431171 nfev=1397 t=1605.8s remaining=606
    iter=1395 E=-1.9933454443 nfev=1398 t=1606.9s remaining=605
    iter=1396 E=-1.9933471316 nfev=1399 t=1608.1s remaining=604
    iter=1397 E=-1.9933482889 nfev=1400 t=1609.2s remaining=603
    iter=1398 E=-1.9933490297 nfev=1401 t=1610.3s remaining=602
    iter=1399 E=-1.9933495775 nfev=1402 t=1611.5s remaining=601
    iter=1400 E=-1.9933500380 nfev=1403 t=1612.7s remaining=600
    iter=1401 E=-1.9933506947 nfev=1404 t=1613.8s remaining=599
    iter=1402 E=-1.9933515343 nfev=1405 t=1615.0s remaining=598
    iter=1403 E=-1.9933527366 nfev=1406 t=1616.2s remaining=597
    iter=1404 E=-1.9933544576 nfev=1407 t=1617.3s remaining=596
    iter=1405 E=-1.9933565647 nfev=1408 t=1618.4s remaining=595
    iter=1406 E=-1.9933587380 nfev=1409 t=1619.5s remaining=594
    iter=1407 E=-1.9933605052 nfev=1410 t=1620.6s remaining=593
    iter=1408 E=-1.9933616940 nfev=1411 t=1621.8s remaining=592
    iter=1409 E=-1.9933624622 nfev=1412 t=1622.8s remaining=591
    iter=1410 E=-1.9933630835 nfev=1413 t=1624.0s remaining=590
    iter=1411 E=-1.9933637362 nfev=1414 t=1625.2s remaining=589
    iter=1412 E=-1.9933645062 nfev=1415 t=1626.4s remaining=588
    iter=1413 E=-1.9933653009 nfev=1416 t=1627.7s remaining=587
    iter=1414 E=-1.9933661861 nfev=1417 t=1628.9s remaining=586
    iter=1415 E=-1.9933673453 nfev=1418 t=1630.0s remaining=585
    iter=1416 E=-1.9933689154 nfev=1419 t=1631.1s remaining=584
    iter=1417 E=-1.9933708560 nfev=1420 t=1632.2s remaining=583
    iter=1418 E=-1.9933728465 nfev=1421 t=1633.3s remaining=582
    iter=1419 E=-1.9933743946 nfev=1422 t=1634.4s remaining=581
    iter=1420 E=-1.9933756083 nfev=1423 t=1635.6s remaining=580
    iter=1421 E=-1.9933765508 nfev=1424 t=1636.7s remaining=579
    iter=1422 E=-1.9933772296 nfev=1425 t=1637.8s remaining=578
    iter=1423 E=-1.9933777456 nfev=1426 t=1638.9s remaining=577
    iter=1424 E=-1.9933782735 nfev=1427 t=1640.1s remaining=576
    iter=1425 E=-1.9933788540 nfev=1428 t=1641.2s remaining=575
    iter=1426 E=-1.9933796399 nfev=1429 t=1642.2s remaining=574
    iter=1427 E=-1.9933807445 nfev=1430 t=1643.4s remaining=573
    iter=1428 E=-1.9933823284 nfev=1431 t=1644.5s remaining=572
    iter=1429 E=-1.9933843851 nfev=1432 t=1645.6s remaining=571
    iter=1430 E=-1.9933863397 nfev=1433 t=1646.8s remaining=570
    iter=1431 E=-1.9933877723 nfev=1434 t=1647.9s remaining=569
    iter=1432 E=-1.9933888174 nfev=1435 t=1649.1s remaining=568
    iter=1433 E=-1.9933895536 nfev=1436 t=1650.4s remaining=567
    iter=1434 E=-1.9933900444 nfev=1437 t=1651.5s remaining=566
    iter=1435 E=-1.9933904463 nfev=1438 t=1652.6s remaining=565
    iter=1436 E=-1.9933908483 nfev=1439 t=1653.7s remaining=564
    iter=1437 E=-1.9933913818 nfev=1440 t=1654.9s remaining=563
    iter=1438 E=-1.9933921757 nfev=1441 t=1656.1s remaining=562
    iter=1439 E=-1.9933933144 nfev=1442 t=1657.3s remaining=561
    iter=1440 E=-1.9933946546 nfev=1443 t=1658.5s remaining=560
    iter=1441 E=-1.9933961056 nfev=1444 t=1659.6s remaining=559
    iter=1442 E=-1.9933975072 nfev=1445 t=1660.7s remaining=558
    iter=1443 E=-1.9933986461 nfev=1446 t=1661.8s remaining=557
    iter=1444 E=-1.9933993934 nfev=1447 t=1663.0s remaining=556
    iter=1445 E=-1.9933998577 nfev=1448 t=1664.4s remaining=555
    iter=1446 E=-1.9934002461 nfev=1449 t=1665.6s remaining=554
    iter=1447 E=-1.9934006629 nfev=1450 t=1666.7s remaining=553
    iter=1448 E=-1.9934011730 nfev=1451 t=1667.9s remaining=552
    iter=1449 E=-1.9934018827 nfev=1452 t=1669.1s remaining=551
    iter=1450 E=-1.9934029820 nfev=1453 t=1670.3s remaining=550
    iter=1451 E=-1.9934046856 nfev=1454 t=1671.4s remaining=549
    iter=1452 E=-1.9934070856 nfev=1455 t=1672.6s remaining=548
    iter=1453 E=-1.9934092503 nfev=1456 t=1673.8s remaining=547
    iter=1454 E=-1.9934111166 nfev=1457 t=1674.9s remaining=546
    iter=1455 E=-1.9934122789 nfev=1458 t=1676.1s remaining=545
    iter=1456 E=-1.9934129519 nfev=1459 t=1677.3s remaining=544
    iter=1457 E=-1.9934134718 nfev=1460 t=1678.4s remaining=543
    iter=1458 E=-1.9934140046 nfev=1461 t=1679.5s remaining=542
    iter=1459 E=-1.9934146325 nfev=1462 t=1680.6s remaining=541
    iter=1460 E=-1.9934154510 nfev=1463 t=1681.8s remaining=540
    iter=1461 E=-1.9934164980 nfev=1464 t=1682.9s remaining=539
    iter=1462 E=-1.9934175626 nfev=1465 t=1684.0s remaining=538
    iter=1463 E=-1.9934188551 nfev=1466 t=1685.2s remaining=537
    iter=1464 E=-1.9934204958 nfev=1467 t=1686.3s remaining=536
    iter=1465 E=-1.9934222143 nfev=1468 t=1687.4s remaining=535
    iter=1466 E=-1.9934237275 nfev=1469 t=1688.6s remaining=534
    iter=1467 E=-1.9934247922 nfev=1470 t=1689.7s remaining=533
    iter=1468 E=-1.9934254600 nfev=1471 t=1690.9s remaining=532
    iter=1469 E=-1.9934259053 nfev=1472 t=1692.1s remaining=531
    iter=1470 E=-1.9934263247 nfev=1473 t=1693.2s remaining=530
    iter=1471 E=-1.9934267285 nfev=1474 t=1694.4s remaining=529
    iter=1472 E=-1.9934271982 nfev=1475 t=1695.6s remaining=528
    iter=1473 E=-1.9934277630 nfev=1476 t=1696.8s remaining=527
    iter=1474 E=-1.9934285744 nfev=1477 t=1697.9s remaining=526
    iter=1475 E=-1.9934297455 nfev=1478 t=1699.1s remaining=525
    iter=1476 E=-1.9934312818 nfev=1479 t=1700.3s remaining=524
    iter=1477 E=-1.9934329289 nfev=1480 t=1701.7s remaining=523
    iter=1478 E=-1.9934345915 nfev=1481 t=1702.8s remaining=522
    iter=1479 E=-1.9934358537 nfev=1482 t=1704.0s remaining=521
    iter=1480 E=-1.9934368178 nfev=1483 t=1705.1s remaining=520
    iter=1481 E=-1.9934375125 nfev=1484 t=1706.2s remaining=519
    iter=1482 E=-1.9934379850 nfev=1485 t=1707.3s remaining=518
    iter=1483 E=-1.9934383269 nfev=1486 t=1708.5s remaining=517
    iter=1484 E=-1.9934388258 nfev=1487 t=1709.6s remaining=516
    iter=1485 E=-1.9934395636 nfev=1488 t=1710.8s remaining=515
    iter=1486 E=-1.9934406139 nfev=1489 t=1711.9s remaining=514
    iter=1487 E=-1.9934421129 nfev=1490 t=1713.0s remaining=513
    iter=1488 E=-1.9934440255 nfev=1491 t=1714.1s remaining=512
    iter=1489 E=-1.9934460806 nfev=1492 t=1715.2s remaining=511
    iter=1490 E=-1.9934478122 nfev=1493 t=1716.3s remaining=510
    iter=1491 E=-1.9934490562 nfev=1494 t=1717.4s remaining=509
    iter=1492 E=-1.9934498151 nfev=1495 t=1718.4s remaining=508
    iter=1493 E=-1.9934503246 nfev=1496 t=1719.5s remaining=507
    iter=1494 E=-1.9934507439 nfev=1497 t=1720.6s remaining=506
    iter=1495 E=-1.9934510802 nfev=1498 t=1721.6s remaining=505
    iter=1496 E=-1.9934513541 nfev=1499 t=1722.8s remaining=504
    iter=1497 E=-1.9934517028 nfev=1500 t=1723.8s remaining=503
    iter=1498 E=-1.9934522519 nfev=1501 t=1725.0s remaining=502
    iter=1499 E=-1.9934531170 nfev=1502 t=1726.1s remaining=501
    iter=1500 E=-1.9934544029 nfev=1503 t=1727.2s remaining=500
    iter=1501 E=-1.9934559516 nfev=1504 t=1728.2s remaining=499
    iter=1502 E=-1.9934573998 nfev=1505 t=1729.3s remaining=498
    iter=1503 E=-1.9934586031 nfev=1506 t=1730.5s remaining=497
    iter=1504 E=-1.9934592359 nfev=1507 t=1731.6s remaining=496
    iter=1505 E=-1.9934595734 nfev=1508 t=1732.7s remaining=495
    iter=1506 E=-1.9934598157 nfev=1509 t=1733.9s remaining=494
    iter=1507 E=-1.9934600446 nfev=1510 t=1734.9s remaining=493
    iter=1508 E=-1.9934603025 nfev=1511 t=1736.0s remaining=492
    iter=1509 E=-1.9934606748 nfev=1512 t=1737.1s remaining=491
    iter=1510 E=-1.9934611265 nfev=1513 t=1738.2s remaining=490
    iter=1511 E=-1.9934616364 nfev=1514 t=1739.3s remaining=489
    iter=1512 E=-1.9934623076 nfev=1515 t=1740.8s remaining=488
    iter=1513 E=-1.9934630759 nfev=1516 t=1741.8s remaining=487
    iter=1514 E=-1.9934638184 nfev=1517 t=1742.9s remaining=486
    iter=1515 E=-1.9934644500 nfev=1518 t=1744.0s remaining=485
    iter=1516 E=-1.9934649486 nfev=1519 t=1745.2s remaining=484
    iter=1517 E=-1.9934653523 nfev=1520 t=1746.3s remaining=483
    iter=1518 E=-1.9934656574 nfev=1521 t=1747.4s remaining=482
    iter=1519 E=-1.9934658755 nfev=1522 t=1748.5s remaining=481
    iter=1520 E=-1.9934660380 nfev=1523 t=1749.7s remaining=480
    iter=1521 E=-1.9934662207 nfev=1524 t=1750.8s remaining=479
    iter=1522 E=-1.9934663968 nfev=1525 t=1752.0s remaining=478
    iter=1523 E=-1.9934666263 nfev=1526 t=1753.2s remaining=477
    iter=1524 E=-1.9934669446 nfev=1527 t=1754.3s remaining=476
    iter=1525 E=-1.9934673807 nfev=1528 t=1755.6s remaining=475
    iter=1526 E=-1.9934679418 nfev=1529 t=1756.7s remaining=474
    iter=1527 E=-1.9934685584 nfev=1530 t=1757.8s remaining=473
    iter=1528 E=-1.9934690931 nfev=1531 t=1758.9s remaining=472
    iter=1529 E=-1.9934694382 nfev=1532 t=1760.0s remaining=471
    iter=1530 E=-1.9934696283 nfev=1533 t=1761.1s remaining=470
    iter=1531 E=-1.9934697501 nfev=1534 t=1762.3s remaining=469
    iter=1532 E=-1.9934698561 nfev=1535 t=1763.4s remaining=468
    iter=1533 E=-1.9934699690 nfev=1536 t=1764.6s remaining=467
    iter=1534 E=-1.9934700890 nfev=1537 t=1765.7s remaining=466
    iter=1535 E=-1.9934702332 nfev=1538 t=1766.8s remaining=465
    iter=1536 E=-1.9934704299 nfev=1539 t=1768.0s remaining=464
    iter=1537 E=-1.9934707274 nfev=1540 t=1769.1s remaining=463
    iter=1538 E=-1.9934711826 nfev=1541 t=1770.3s remaining=462
    iter=1539 E=-1.9934718469 nfev=1542 t=1771.4s remaining=461
    iter=1540 E=-1.9934725321 nfev=1543 t=1772.6s remaining=460
    iter=1541 E=-1.9934730677 nfev=1544 t=1773.7s remaining=459
    iter=1542 E=-1.9934733521 nfev=1545 t=1774.8s remaining=458
    iter=1543 E=-1.9934734922 nfev=1546 t=1776.0s remaining=457
    iter=1544 E=-1.9934735847 nfev=1547 t=1777.1s remaining=456
    iter=1545 E=-1.9934736820 nfev=1548 t=1778.2s remaining=455
    iter=1546 E=-1.9934738162 nfev=1549 t=1779.3s remaining=454
    iter=1547 E=-1.9934740185 nfev=1550 t=1780.4s remaining=453
    iter=1548 E=-1.9934743282 nfev=1551 t=1781.5s remaining=452
    iter=1549 E=-1.9934747886 nfev=1552 t=1782.6s remaining=451
    iter=1550 E=-1.9934753362 nfev=1553 t=1783.7s remaining=450
    iter=1551 E=-1.9934759069 nfev=1554 t=1784.9s remaining=449
    iter=1552 E=-1.9934763784 nfev=1555 t=1786.2s remaining=448
    iter=1553 E=-1.9934766870 nfev=1556 t=1787.3s remaining=447
    iter=1554 E=-1.9934768627 nfev=1557 t=1788.4s remaining=446
    iter=1555 E=-1.9934769663 nfev=1558 t=1789.6s remaining=445
    iter=1556 E=-1.9934770369 nfev=1559 t=1790.8s remaining=444
    iter=1557 E=-1.9934770985 nfev=1560 t=1792.0s remaining=443
    iter=1558 E=-1.9934771781 nfev=1561 t=1793.2s remaining=442
    iter=1559 E=-1.9934773018 nfev=1562 t=1794.3s remaining=441
    iter=1560 E=-1.9934774977 nfev=1563 t=1795.5s remaining=440
    iter=1561 E=-1.9934778113 nfev=1564 t=1796.7s remaining=439
    iter=1562 E=-1.9934783034 nfev=1565 t=1797.9s remaining=438
    iter=1563 E=-1.9934789931 nfev=1566 t=1799.1s remaining=437
    iter=1564 E=-1.9934795853 nfev=1567 t=1800.3s remaining=436
    iter=1565 E=-1.9934800263 nfev=1568 t=1801.5s remaining=435
    iter=1566 E=-1.9934802242 nfev=1569 t=1802.7s remaining=434
    iter=1567 E=-1.9934803333 nfev=1570 t=1803.8s remaining=433
    iter=1568 E=-1.9934804141 nfev=1571 t=1805.0s remaining=432
    iter=1569 E=-1.9934804998 nfev=1572 t=1806.1s remaining=431
    iter=1570 E=-1.9934806140 nfev=1573 t=1807.2s remaining=430
    iter=1571 E=-1.9934807992 nfev=1574 t=1808.3s remaining=429
    iter=1572 E=-1.9934811033 nfev=1575 t=1809.4s remaining=428
    iter=1573 E=-1.9934815890 nfev=1576 t=1810.6s remaining=427
    iter=1574 E=-1.9934822883 nfev=1577 t=1811.7s remaining=426
    iter=1575 E=-1.9934829001 nfev=1578 t=1812.9s remaining=425
    iter=1576 E=-1.9934833520 nfev=1579 t=1814.1s remaining=424
    iter=1577 E=-1.9934835763 nfev=1580 t=1815.3s remaining=423
    iter=1578 E=-1.9934836890 nfev=1581 t=1816.4s remaining=422
    iter=1579 E=-1.9934837825 nfev=1582 t=1817.5s remaining=421
    iter=1580 E=-1.9934838875 nfev=1583 t=1818.7s remaining=420
    iter=1581 E=-1.9934840333 nfev=1584 t=1819.8s remaining=419
    iter=1582 E=-1.9934842673 nfev=1585 t=1820.9s remaining=418
    iter=1583 E=-1.9934846449 nfev=1586 t=1822.1s remaining=417
    iter=1584 E=-1.9934852271 nfev=1587 t=1823.2s remaining=416
    iter=1585 E=-1.9934859522 nfev=1588 t=1824.3s remaining=415
    iter=1586 E=-1.9934865083 nfev=1589 t=1825.5s remaining=414
    iter=1587 E=-1.9934869283 nfev=1590 t=1826.6s remaining=413
    iter=1588 E=-1.9934871581 nfev=1591 t=1827.7s remaining=412
    iter=1589 E=-1.9934872969 nfev=1592 t=1828.9s remaining=411
    iter=1590 E=-1.9934874136 nfev=1593 t=1830.0s remaining=410
    iter=1591 E=-1.9934875270 nfev=1594 t=1831.1s remaining=409
    iter=1592 E=-1.9934876771 nfev=1595 t=1832.2s remaining=408
    iter=1593 E=-1.9934878986 nfev=1596 t=1833.4s remaining=407
    iter=1594 E=-1.9934881988 nfev=1597 t=1834.5s remaining=406
    iter=1595 E=-1.9934885558 nfev=1598 t=1835.6s remaining=405
    iter=1596 E=-1.9934889691 nfev=1599 t=1836.7s remaining=404
    iter=1597 E=-1.9934895053 nfev=1600 t=1837.7s remaining=403
    iter=1598 E=-1.9934901996 nfev=1601 t=1838.8s remaining=402
    iter=1599 E=-1.9934909027 nfev=1602 t=1839.9s remaining=401
    iter=1600 E=-1.9934912793 nfev=1603 t=1841.0s remaining=400
    iter=1601 E=-1.9934914783 nfev=1604 t=1842.1s remaining=399
    iter=1602 E=-1.9934915848 nfev=1605 t=1843.2s remaining=398
    iter=1603 E=-1.9934916751 nfev=1606 t=1844.2s remaining=397
    iter=1604 E=-1.9934917928 nfev=1607 t=1845.4s remaining=396
    iter=1605 E=-1.9934919742 nfev=1608 t=1846.5s remaining=395
    iter=1606 E=-1.9934922576 nfev=1609 t=1847.5s remaining=394
    iter=1607 E=-1.9934926971 nfev=1610 t=1848.7s remaining=393
    iter=1608 E=-1.9934933400 nfev=1611 t=1849.7s remaining=392
    iter=1609 E=-1.9934940307 nfev=1612 t=1850.8s remaining=391
    iter=1610 E=-1.9934946891 nfev=1613 t=1851.9s remaining=390
    iter=1611 E=-1.9934951281 nfev=1614 t=1853.0s remaining=389
    iter=1612 E=-1.9934953607 nfev=1615 t=1854.1s remaining=388
    iter=1613 E=-1.9934954767 nfev=1616 t=1855.2s remaining=387
    iter=1614 E=-1.9934955659 nfev=1617 t=1856.3s remaining=386
    iter=1615 E=-1.9934956643 nfev=1618 t=1857.4s remaining=385
    iter=1616 E=-1.9934958132 nfev=1619 t=1858.5s remaining=384
    iter=1617 E=-1.9934960449 nfev=1620 t=1859.6s remaining=383
    iter=1618 E=-1.9934964190 nfev=1621 t=1860.6s remaining=382
    iter=1619 E=-1.9934970217 nfev=1622 t=1861.7s remaining=381
    iter=1620 E=-1.9934979303 nfev=1623 t=1862.8s remaining=380
    iter=1621 E=-1.9934989627 nfev=1624 t=1863.8s remaining=379
    iter=1622 E=-1.9934997592 nfev=1625 t=1864.9s remaining=378
    iter=1623 E=-1.9935004447 nfev=1626 t=1866.0s remaining=377
    iter=1624 E=-1.9935008017 nfev=1627 t=1867.2s remaining=376
    iter=1625 E=-1.9935009776 nfev=1628 t=1868.2s remaining=375
    iter=1626 E=-1.9935011127 nfev=1629 t=1869.3s remaining=374
    iter=1627 E=-1.9935012869 nfev=1630 t=1870.4s remaining=373
    iter=1628 E=-1.9935015067 nfev=1631 t=1871.5s remaining=372
    iter=1629 E=-1.9935018738 nfev=1632 t=1872.6s remaining=371
    iter=1630 E=-1.9935024857 nfev=1633 t=1873.8s remaining=370
    iter=1631 E=-1.9935034288 nfev=1634 t=1874.9s remaining=369
    iter=1632 E=-1.9935044694 nfev=1635 t=1876.0s remaining=368
    iter=1633 E=-1.9935051035 nfev=1636 t=1877.2s remaining=367
    iter=1634 E=-1.9935057213 nfev=1637 t=1878.3s remaining=366
    iter=1635 E=-1.9935060480 nfev=1638 t=1879.4s remaining=365
    iter=1636 E=-1.9935061848 nfev=1639 t=1880.5s remaining=364
    iter=1637 E=-1.9935063078 nfev=1640 t=1881.5s remaining=363
    iter=1638 E=-1.9935064323 nfev=1641 t=1882.6s remaining=362
    iter=1639 E=-1.9935065606 nfev=1642 t=1883.7s remaining=361
    iter=1640 E=-1.9935067771 nfev=1643 t=1884.8s remaining=360
    iter=1641 E=-1.9935071489 nfev=1644 t=1886.0s remaining=359
    iter=1642 E=-1.9935077610 nfev=1645 t=1887.0s remaining=358
    iter=1643 E=-1.9935086184 nfev=1646 t=1888.2s remaining=357
    iter=1644 E=-1.9935092767 nfev=1647 t=1889.2s remaining=356
    iter=1645 E=-1.9935098390 nfev=1648 t=1890.3s remaining=355
    iter=1646 E=-1.9935102933 nfev=1649 t=1891.4s remaining=354
    iter=1647 E=-1.9935105277 nfev=1650 t=1892.6s remaining=353
    iter=1648 E=-1.9935106537 nfev=1651 t=1893.6s remaining=352
    iter=1649 E=-1.9935107950 nfev=1652 t=1894.7s remaining=351
    iter=1650 E=-1.9935108718 nfev=1653 t=1895.8s remaining=350
    iter=1651 E=-1.9935109766 nfev=1654 t=1896.9s remaining=349
    iter=1652 E=-1.9935111516 nfev=1655 t=1897.9s remaining=348
    iter=1653 E=-1.9935114402 nfev=1656 t=1899.0s remaining=347
    iter=1654 E=-1.9935118916 nfev=1657 t=1900.2s remaining=346
    iter=1655 E=-1.9935125356 nfev=1658 t=1901.3s remaining=345
    iter=1656 E=-1.9935132654 nfev=1659 t=1902.3s remaining=344
    iter=1657 E=-1.9935140311 nfev=1660 t=1903.4s remaining=343
    iter=1658 E=-1.9935144827 nfev=1661 t=1904.5s remaining=342
    iter=1659 E=-1.9935146446 nfev=1662 t=1905.7s remaining=341
    iter=1660 E=-1.9935147313 nfev=1663 t=1906.9s remaining=340
    iter=1661 E=-1.9935148323 nfev=1664 t=1908.1s remaining=339
    iter=1662 E=-1.9935149584 nfev=1665 t=1909.3s remaining=338
    iter=1663 E=-1.9935151491 nfev=1666 t=1910.6s remaining=337
    iter=1664 E=-1.9935154536 nfev=1667 t=1911.9s remaining=336
    iter=1665 E=-1.9935159493 nfev=1668 t=1913.1s remaining=335
    iter=1666 E=-1.9935167374 nfev=1669 t=1914.4s remaining=334
    iter=1667 E=-1.9935178423 nfev=1670 t=1915.6s remaining=333
    iter=1668 E=-1.9935187525 nfev=1671 t=1917.0s remaining=332
    iter=1669 E=-1.9935194627 nfev=1672 t=1918.2s remaining=331
    iter=1670 E=-1.9935198177 nfev=1673 t=1919.6s remaining=330
    iter=1671 E=-1.9935199641 nfev=1674 t=1920.9s remaining=329
    iter=1672 E=-1.9935200469 nfev=1675 t=1922.0s remaining=328
    iter=1673 E=-1.9935201296 nfev=1676 t=1923.2s remaining=327
    iter=1674 E=-1.9935202545 nfev=1677 t=1924.3s remaining=326
    iter=1675 E=-1.9935204489 nfev=1678 t=1925.5s remaining=325
    iter=1676 E=-1.9935207625 nfev=1679 t=1926.6s remaining=324
    iter=1677 E=-1.9935212687 nfev=1680 t=1927.8s remaining=323
    iter=1678 E=-1.9935220461 nfev=1681 t=1928.9s remaining=322
    iter=1679 E=-1.9935229923 nfev=1682 t=1930.0s remaining=321
    iter=1680 E=-1.9935237035 nfev=1683 t=1931.2s remaining=320
    iter=1681 E=-1.9935242135 nfev=1684 t=1932.3s remaining=319
    iter=1682 E=-1.9935244308 nfev=1685 t=1933.5s remaining=318
    iter=1683 E=-1.9935245538 nfev=1686 t=1934.6s remaining=317
    iter=1684 E=-1.9935246647 nfev=1687 t=1935.8s remaining=316
    iter=1685 E=-1.9935247637 nfev=1688 t=1936.9s remaining=315
    iter=1686 E=-1.9935248715 nfev=1689 t=1938.2s remaining=314
    iter=1687 E=-1.9935250478 nfev=1690 t=1939.4s remaining=313
    iter=1688 E=-1.9935253402 nfev=1691 t=1940.5s remaining=312
    iter=1689 E=-1.9935258125 nfev=1692 t=1941.6s remaining=311
    iter=1690 E=-1.9935265225 nfev=1693 t=1942.7s remaining=310
    iter=1691 E=-1.9935273640 nfev=1694 t=1943.8s remaining=309
    iter=1692 E=-1.9935282004 nfev=1695 t=1945.0s remaining=308
    iter=1693 E=-1.9935288549 nfev=1696 t=1946.2s remaining=307
    iter=1694 E=-1.9935291535 nfev=1697 t=1947.3s remaining=306
    iter=1695 E=-1.9935292902 nfev=1698 t=1948.4s remaining=305
    iter=1696 E=-1.9935293990 nfev=1699 t=1949.5s remaining=304
    iter=1697 E=-1.9935295190 nfev=1700 t=1950.8s remaining=303
    iter=1698 E=-1.9935296571 nfev=1701 t=1952.0s remaining=302
    iter=1699 E=-1.9935298800 nfev=1702 t=1953.3s remaining=301
    iter=1700 E=-1.9935302513 nfev=1703 t=1954.4s remaining=300
    iter=1701 E=-1.9935308328 nfev=1704 t=1955.6s remaining=299
    iter=1702 E=-1.9935315826 nfev=1705 t=1956.7s remaining=298
    iter=1703 E=-1.9935320909 nfev=1706 t=1957.9s remaining=297
    iter=1704 E=-1.9935324600 nfev=1707 t=1959.0s remaining=296
    iter=1705 E=-1.9935326111 nfev=1708 t=1960.1s remaining=295
    iter=1706 E=-1.9935326774 nfev=1709 t=1961.2s remaining=294
    iter=1707 E=-1.9935327437 nfev=1710 t=1962.4s remaining=293
    iter=1708 E=-1.9935328477 nfev=1711 t=1963.5s remaining=292
    iter=1709 E=-1.9935330039 nfev=1712 t=1964.6s remaining=291
    iter=1710 E=-1.9935332573 nfev=1713 t=1965.8s remaining=290
    iter=1711 E=-1.9935336749 nfev=1714 t=1967.0s remaining=289
    iter=1712 E=-1.9935343060 nfev=1715 t=1968.1s remaining=288
    iter=1713 E=-1.9935348832 nfev=1716 t=1969.2s remaining=287
    iter=1714 E=-1.9935352277 nfev=1717 t=1970.3s remaining=286
    iter=1715 E=-1.9935354627 nfev=1718 t=1971.4s remaining=285
    iter=1716 E=-1.9935356017 nfev=1719 t=1972.5s remaining=284
    iter=1717 E=-1.9935356985 nfev=1720 t=1973.6s remaining=283
    iter=1718 E=-1.9935357574 nfev=1721 t=1974.7s remaining=282
    iter=1719 E=-1.9935358061 nfev=1722 t=1975.8s remaining=281
    iter=1720 E=-1.9935358836 nfev=1723 t=1977.0s remaining=280
    iter=1721 E=-1.9935360155 nfev=1724 t=1978.1s remaining=279
    iter=1722 E=-1.9935362442 nfev=1725 t=1979.4s remaining=278
    iter=1723 E=-1.9935366367 nfev=1726 t=1980.5s remaining=277
    iter=1724 E=-1.9935372690 nfev=1727 t=1981.6s remaining=276
    iter=1725 E=-1.9935380974 nfev=1728 t=1982.7s remaining=275
    iter=1726 E=-1.9935385872 nfev=1729 t=1983.9s remaining=274
    iter=1727 E=-1.9935389534 nfev=1730 t=1985.1s remaining=273
    iter=1728 E=-1.9935390654 nfev=1731 t=1986.3s remaining=272
    iter=1729 E=-1.9935391126 nfev=1732 t=1987.4s remaining=271
    iter=1730 E=-1.9935391687 nfev=1733 t=1988.6s remaining=270
    iter=1731 E=-1.9935392462 nfev=1734 t=1989.7s remaining=269
    iter=1732 E=-1.9935393661 nfev=1735 t=1990.8s remaining=268
    iter=1733 E=-1.9935395640 nfev=1736 t=1991.9s remaining=267
    iter=1734 E=-1.9935399002 nfev=1737 t=1993.0s remaining=266
    iter=1735 E=-1.9935404471 nfev=1738 t=1994.2s remaining=265
    iter=1736 E=-1.9935411630 nfev=1739 t=1995.4s remaining=264
    iter=1737 E=-1.9935415102 nfev=1740 t=1996.5s remaining=263
    iter=1738 E=-1.9935416932 nfev=1741 t=1997.7s remaining=262
    iter=1739 E=-1.9935417625 nfev=1742 t=1998.8s remaining=261
    iter=1740 E=-1.9935418029 nfev=1743 t=2000.0s remaining=260
    iter=1741 E=-1.9935418560 nfev=1744 t=2001.1s remaining=259
    iter=1742 E=-1.9935419354 nfev=1745 t=2002.3s remaining=258
    iter=1743 E=-1.9935420493 nfev=1746 t=2003.4s remaining=257
    iter=1744 E=-1.9935422292 nfev=1747 t=2004.5s remaining=256
    iter=1745 E=-1.9935425298 nfev=1748 t=2005.7s remaining=255
    iter=1746 E=-1.9935430142 nfev=1749 t=2006.9s remaining=254
    iter=1747 E=-1.9935436625 nfev=1750 t=2008.1s remaining=253
    iter=1748 E=-1.9935440240 nfev=1751 t=2009.3s remaining=252
    iter=1749 E=-1.9935442643 nfev=1752 t=2010.4s remaining=251
    iter=1750 E=-1.9935443892 nfev=1753 t=2011.6s remaining=250
    iter=1751 E=-1.9935444554 nfev=1754 t=2012.7s remaining=249
    iter=1752 E=-1.9935445018 nfev=1755 t=2013.9s remaining=248
    iter=1753 E=-1.9935445464 nfev=1756 t=2015.1s remaining=247
    iter=1754 E=-1.9935445994 nfev=1757 t=2016.3s remaining=246
    iter=1755 E=-1.9935446874 nfev=1758 t=2017.4s remaining=245
    iter=1756 E=-1.9935448394 nfev=1759 t=2018.5s remaining=244
    iter=1757 E=-1.9935451048 nfev=1760 t=2019.6s remaining=243
    iter=1758 E=-1.9935455452 nfev=1761 t=2020.7s remaining=242
    iter=1759 E=-1.9935461792 nfev=1762 t=2021.8s remaining=241
    iter=1760 E=-1.9935466396 nfev=1763 t=2022.9s remaining=240
    iter=1761 E=-1.9935469779 nfev=1764 t=2023.9s remaining=239
    iter=1762 E=-1.9935471460 nfev=1765 t=2025.1s remaining=238
    iter=1763 E=-1.9935471923 nfev=1766 t=2026.2s remaining=237
    iter=1764 E=-1.9935472303 nfev=1767 t=2027.3s remaining=236
    iter=1765 E=-1.9935472945 nfev=1768 t=2028.4s remaining=235
    iter=1766 E=-1.9935474030 nfev=1769 t=2029.5s remaining=234
    iter=1767 E=-1.9935475771 nfev=1770 t=2030.6s remaining=233
    iter=1768 E=-1.9935478427 nfev=1771 t=2031.7s remaining=232
    iter=1769 E=-1.9935482198 nfev=1772 t=2032.9s remaining=231
    iter=1770 E=-1.9935487194 nfev=1773 t=2034.0s remaining=230
    iter=1771 E=-1.9935492382 nfev=1774 t=2035.1s remaining=229
    iter=1772 E=-1.9935494942 nfev=1775 t=2036.2s remaining=228
    iter=1773 E=-1.9935495874 nfev=1776 t=2037.4s remaining=227
    iter=1774 E=-1.9935496387 nfev=1777 t=2038.4s remaining=226
    iter=1775 E=-1.9935496805 nfev=1778 t=2039.5s remaining=225
    iter=1776 E=-1.9935497152 nfev=1779 t=2040.6s remaining=224
    iter=1777 E=-1.9935497640 nfev=1780 t=2041.7s remaining=223
    iter=1778 E=-1.9935498526 nfev=1781 t=2043.2s remaining=222
    iter=1779 E=-1.9935500119 nfev=1782 t=2044.6s remaining=221
    iter=1780 E=-1.9935502852 nfev=1783 t=2045.8s remaining=220
    iter=1781 E=-1.9935506941 nfev=1784 t=2047.0s remaining=219
    iter=1782 E=-1.9935510371 nfev=1785 t=2048.2s remaining=218
    iter=1783 E=-1.9935512847 nfev=1786 t=2049.4s remaining=217
    iter=1784 E=-1.9935514330 nfev=1787 t=2050.5s remaining=216
    iter=1785 E=-1.9935514737 nfev=1788 t=2051.7s remaining=215
    iter=1786 E=-1.9935514933 nfev=1789 t=2052.8s remaining=214
    iter=1787 E=-1.9935515222 nfev=1790 t=2054.0s remaining=213
    iter=1788 E=-1.9935515694 nfev=1791 t=2055.1s remaining=212
    iter=1789 E=-1.9935516438 nfev=1792 t=2056.3s remaining=211
    iter=1790 E=-1.9935517577 nfev=1793 t=2057.4s remaining=210
    iter=1791 E=-1.9935519446 nfev=1794 t=2058.5s remaining=209
    iter=1792 E=-1.9935522581 nfev=1795 t=2059.6s remaining=208
    iter=1793 E=-1.9935527487 nfev=1796 t=2060.7s remaining=207
    iter=1794 E=-1.9935532540 nfev=1797 t=2061.8s remaining=206
    iter=1795 E=-1.9935534804 nfev=1798 t=2062.9s remaining=205
    iter=1796 E=-1.9935536253 nfev=1799 t=2064.0s remaining=204
    iter=1797 E=-1.9935536839 nfev=1800 t=2065.1s remaining=203
    iter=1798 E=-1.9935537268 nfev=1801 t=2066.2s remaining=202
    iter=1799 E=-1.9935537629 nfev=1802 t=2067.4s remaining=201
    iter=1800 E=-1.9935538089 nfev=1803 t=2068.5s remaining=200
    iter=1801 E=-1.9935538856 nfev=1804 t=2069.6s remaining=199
    iter=1802 E=-1.9935540183 nfev=1805 t=2070.7s remaining=198
    iter=1803 E=-1.9935542411 nfev=1806 t=2071.9s remaining=197
    iter=1804 E=-1.9935545844 nfev=1807 t=2073.0s remaining=196
    iter=1805 E=-1.9935549472 nfev=1808 t=2074.2s remaining=195
    iter=1806 E=-1.9935552504 nfev=1809 t=2075.4s remaining=194
    iter=1807 E=-1.9935555014 nfev=1810 t=2076.5s remaining=193
    iter=1808 E=-1.9935556383 nfev=1811 t=2077.6s remaining=192
    iter=1809 E=-1.9935557131 nfev=1812 t=2078.7s remaining=191
    iter=1810 E=-1.9935557671 nfev=1813 t=2079.9s remaining=190
    iter=1811 E=-1.9935558114 nfev=1814 t=2081.0s remaining=189
    iter=1812 E=-1.9935558555 nfev=1815 t=2082.1s remaining=188
    iter=1813 E=-1.9935559230 nfev=1816 t=2083.2s remaining=187
    iter=1814 E=-1.9935560273 nfev=1817 t=2084.3s remaining=186
    iter=1815 E=-1.9935561947 nfev=1818 t=2085.4s remaining=185
    iter=1816 E=-1.9935564675 nfev=1819 t=2086.6s remaining=184
    iter=1817 E=-1.9935568962 nfev=1820 t=2087.7s remaining=183
    iter=1818 E=-1.9935574193 nfev=1821 t=2088.8s remaining=182
    iter=1819 E=-1.9935578426 nfev=1822 t=2089.9s remaining=181
    iter=1820 E=-1.9935581412 nfev=1823 t=2091.0s remaining=180
    iter=1821 E=-1.9935582558 nfev=1824 t=2092.1s remaining=179
    iter=1822 E=-1.9935583086 nfev=1825 t=2093.2s remaining=178
    iter=1823 E=-1.9935583470 nfev=1826 t=2094.3s remaining=177
    iter=1824 E=-1.9935583858 nfev=1827 t=2095.4s remaining=176
    iter=1825 E=-1.9935584306 nfev=1828 t=2096.5s remaining=175
    iter=1826 E=-1.9935585045 nfev=1829 t=2097.6s remaining=174
    iter=1827 E=-1.9935586304 nfev=1830 t=2098.7s remaining=173
    iter=1828 E=-1.9935588487 nfev=1831 t=2099.8s remaining=172
    iter=1829 E=-1.9935592111 nfev=1832 t=2101.0s remaining=171
    iter=1830 E=-1.9935597622 nfev=1833 t=2102.2s remaining=170
    iter=1831 E=-1.9935603349 nfev=1834 t=2103.3s remaining=169
    iter=1832 E=-1.9935608248 nfev=1835 t=2104.4s remaining=168
    iter=1833 E=-1.9935611078 nfev=1836 t=2105.5s remaining=167
    iter=1834 E=-1.9935611972 nfev=1837 t=2106.7s remaining=166
    iter=1835 E=-1.9935612504 nfev=1838 t=2107.9s remaining=165
    iter=1836 E=-1.9935613040 nfev=1839 t=2109.0s remaining=164
    iter=1837 E=-1.9935613811 nfev=1840 t=2110.2s remaining=163
    iter=1838 E=-1.9935615022 nfev=1841 t=2111.3s remaining=162
    iter=1839 E=-1.9935617041 nfev=1842 t=2112.4s remaining=161
    iter=1840 E=-1.9935620505 nfev=1843 t=2113.5s remaining=160
    iter=1841 E=-1.9935626181 nfev=1844 t=2114.6s remaining=159
    iter=1842 E=-1.9935633924 nfev=1845 t=2115.7s remaining=158
    iter=1843 E=-1.9935638116 nfev=1846 t=2116.9s remaining=157
    iter=1844 E=-1.9935641710 nfev=1847 t=2118.0s remaining=156
    iter=1845 E=-1.9935643373 nfev=1848 t=2119.1s remaining=155
    iter=1846 E=-1.9935644041 nfev=1849 t=2120.3s remaining=154
    iter=1847 E=-1.9935644519 nfev=1850 t=2121.4s remaining=153
    iter=1848 E=-1.9935645209 nfev=1851 t=2122.6s remaining=152
    iter=1849 E=-1.9935645836 nfev=1852 t=2123.8s remaining=151
    iter=1850 E=-1.9935646872 nfev=1853 t=2125.0s remaining=150
    iter=1851 E=-1.9935648645 nfev=1854 t=2126.2s remaining=149
    iter=1852 E=-1.9935651686 nfev=1855 t=2127.4s remaining=148
    iter=1853 E=-1.9935656641 nfev=1856 t=2128.5s remaining=147
    iter=1854 E=-1.9935663877 nfev=1857 t=2129.6s remaining=146
    iter=1855 E=-1.9935670932 nfev=1858 t=2130.7s remaining=145
    iter=1856 E=-1.9935676159 nfev=1859 t=2131.9s remaining=144
    iter=1857 E=-1.9935679700 nfev=1860 t=2133.0s remaining=143
    iter=1858 E=-1.9935680946 nfev=1861 t=2134.1s remaining=142
    iter=1859 E=-1.9935681611 nfev=1862 t=2135.3s remaining=141
    iter=1860 E=-1.9935682588 nfev=1863 t=2136.4s remaining=140
    iter=1861 E=-1.9935683768 nfev=1864 t=2137.7s remaining=139
    iter=1862 E=-1.9935685239 nfev=1865 t=2138.8s remaining=138
    iter=1863 E=-1.9935687655 nfev=1866 t=2140.0s remaining=137
    iter=1864 E=-1.9935691715 nfev=1867 t=2141.1s remaining=136
    iter=1865 E=-1.9935697648 nfev=1868 t=2142.3s remaining=135
    iter=1866 E=-1.9935701191 nfev=1869 t=2143.4s remaining=134
    iter=1867 E=-1.9935702248 nfev=1870 t=2144.6s remaining=133
    iter=1868 E=-1.9935703997 nfev=1871 t=2145.8s remaining=132
    iter=1869 E=-1.9935706430 nfev=1872 t=2146.9s remaining=131
    iter=1870 E=-1.9935708233 nfev=1873 t=2148.0s remaining=130
    iter=1871 E=-1.9935709966 nfev=1874 t=2149.2s remaining=129
    iter=1872 E=-1.9935712416 nfev=1875 t=2150.3s remaining=128
    iter=1873 E=-1.9935715402 nfev=1876 t=2151.4s remaining=127
    iter=1874 E=-1.9935717686 nfev=1877 t=2152.6s remaining=126
    iter=1875 E=-1.9935719685 nfev=1878 t=2153.8s remaining=125
    iter=1876 E=-1.9935721385 nfev=1879 t=2154.9s remaining=124
    iter=1877 E=-1.9935722628 nfev=1880 t=2156.0s remaining=123
    iter=1878 E=-1.9935723576 nfev=1881 t=2157.1s remaining=122
    iter=1879 E=-1.9935724718 nfev=1882 t=2158.3s remaining=121
    iter=1880 E=-1.9935726433 nfev=1883 t=2159.4s remaining=120
    iter=1881 E=-1.9935729012 nfev=1884 t=2160.5s remaining=119
    iter=1882 E=-1.9935733008 nfev=1885 t=2161.6s remaining=118
    iter=1883 E=-1.9935739391 nfev=1886 t=2162.7s remaining=117
    iter=1884 E=-1.9935748440 nfev=1887 t=2163.8s remaining=116
    iter=1885 E=-1.9935756868 nfev=1888 t=2164.9s remaining=115
    iter=1886 E=-1.9935760469 nfev=1889 t=2166.2s remaining=114
    iter=1887 E=-1.9935765805 nfev=1890 t=2167.4s remaining=113
    iter=1888 E=-1.9935769833 nfev=1891 t=2168.5s remaining=112
    iter=1889 E=-1.9935771399 nfev=1892 t=2169.6s remaining=111
    iter=1890 E=-1.9935772599 nfev=1893 t=2170.8s remaining=110
    iter=1891 E=-1.9935773503 nfev=1894 t=2172.0s remaining=109
    iter=1892 E=-1.9935774476 nfev=1895 t=2173.2s remaining=108
    iter=1893 E=-1.9935775709 nfev=1896 t=2174.3s remaining=107
    iter=1894 E=-1.9935776890 nfev=1897 t=2175.4s remaining=106
    iter=1895 E=-1.9935778765 nfev=1898 t=2176.5s remaining=105
    iter=1896 E=-1.9935781880 nfev=1899 t=2177.6s remaining=104
    iter=1897 E=-1.9935786671 nfev=1900 t=2178.7s remaining=103
    iter=1898 E=-1.9935792950 nfev=1901 t=2179.7s remaining=102
    iter=1899 E=-1.9935800322 nfev=1902 t=2180.9s remaining=101
    iter=1900 E=-1.9935808910 nfev=1903 t=2182.0s remaining=100
    iter=1901 E=-1.9935821935 nfev=1904 t=2183.1s remaining=99
    iter=1902 E=-1.9935837917 nfev=1905 t=2184.2s remaining=98
    iter=1903 E=-1.9935843564 nfev=1906 t=2185.3s remaining=97
    iter=1904 E=-1.9935849225 nfev=1907 t=2186.4s remaining=96
    iter=1905 E=-1.9935852935 nfev=1908 t=2187.5s remaining=95
    iter=1906 E=-1.9935855229 nfev=1909 t=2188.7s remaining=94
    iter=1907 E=-1.9935856364 nfev=1910 t=2189.8s remaining=93
    iter=1908 E=-1.9935858016 nfev=1911 t=2190.9s remaining=92
    iter=1909 E=-1.9935860359 nfev=1912 t=2192.1s remaining=91
    iter=1910 E=-1.9935863610 nfev=1913 t=2193.2s remaining=90
    iter=1911 E=-1.9935867965 nfev=1914 t=2194.3s remaining=89
    iter=1912 E=-1.9935873215 nfev=1915 t=2195.4s remaining=88
    iter=1913 E=-1.9935878285 nfev=1916 t=2196.6s remaining=87
    iter=1914 E=-1.9935884668 nfev=1917 t=2197.7s remaining=86
    iter=1915 E=-1.9935893183 nfev=1918 t=2198.9s remaining=85
    iter=1916 E=-1.9935901824 nfev=1919 t=2200.0s remaining=84
    iter=1917 E=-1.9935909850 nfev=1920 t=2201.2s remaining=83
    iter=1918 E=-1.9935917635 nfev=1921 t=2202.3s remaining=82
    iter=1919 E=-1.9935924585 nfev=1922 t=2203.5s remaining=81
    iter=1920 E=-1.9935930809 nfev=1923 t=2204.7s remaining=80
    iter=1921 E=-1.9935937512 nfev=1924 t=2205.8s remaining=79
    iter=1922 E=-1.9935945915 nfev=1925 t=2207.0s remaining=78
    iter=1923 E=-1.9935953330 nfev=1926 t=2208.1s remaining=77
    iter=1924 E=-1.9935959162 nfev=1927 t=2209.2s remaining=76
    iter=1925 E=-1.9935965110 nfev=1928 t=2210.3s remaining=75
    iter=1926 E=-1.9935970839 nfev=1929 t=2211.4s remaining=74
    iter=1927 E=-1.9935976447 nfev=1930 t=2212.5s remaining=73
    iter=1928 E=-1.9935981964 nfev=1931 t=2213.6s remaining=72
    iter=1929 E=-1.9935988203 nfev=1932 t=2214.7s remaining=71
    iter=1930 E=-1.9935994878 nfev=1933 t=2215.9s remaining=70
    iter=1931 E=-1.9936001217 nfev=1934 t=2216.9s remaining=69
    iter=1932 E=-1.9936007698 nfev=1935 t=2218.0s remaining=68
    iter=1933 E=-1.9936014111 nfev=1936 t=2219.1s remaining=67
    iter=1934 E=-1.9936021383 nfev=1937 t=2220.2s remaining=66
    iter=1935 E=-1.9936029137 nfev=1938 t=2221.3s remaining=65
    iter=1936 E=-1.9936036332 nfev=1939 t=2222.3s remaining=64
    iter=1937 E=-1.9936042259 nfev=1940 t=2223.4s remaining=63
    iter=1938 E=-1.9936047334 nfev=1941 t=2224.4s remaining=62
    iter=1939 E=-1.9936050708 nfev=1942 t=2225.5s remaining=61
    iter=1940 E=-1.9936053467 nfev=1943 t=2226.7s remaining=60
    iter=1941 E=-1.9936056378 nfev=1944 t=2227.8s remaining=59
    iter=1942 E=-1.9936059109 nfev=1945 t=2229.0s remaining=58
    iter=1943 E=-1.9936062218 nfev=1946 t=2230.1s remaining=57
    iter=1944 E=-1.9936065773 nfev=1947 t=2231.3s remaining=56
    iter=1945 E=-1.9936070812 nfev=1948 t=2232.5s remaining=55
    iter=1946 E=-1.9936078107 nfev=1949 t=2233.6s remaining=54
    iter=1947 E=-1.9936088012 nfev=1950 t=2234.8s remaining=53
    iter=1948 E=-1.9936098608 nfev=1951 t=2236.0s remaining=52
    iter=1949 E=-1.9936107065 nfev=1952 t=2237.2s remaining=51
    iter=1950 E=-1.9936117559 nfev=1953 t=2238.3s remaining=50
    iter=1951 E=-1.9936128007 nfev=1954 t=2239.5s remaining=49
    iter=1952 E=-1.9936135200 nfev=1955 t=2240.7s remaining=48
    iter=1953 E=-1.9936140355 nfev=1956 t=2241.9s remaining=47
    iter=1954 E=-1.9936144670 nfev=1957 t=2243.0s remaining=46
    iter=1955 E=-1.9936147519 nfev=1958 t=2244.2s remaining=45
    iter=1956 E=-1.9936149422 nfev=1959 t=2245.4s remaining=44
    iter=1957 E=-1.9936150961 nfev=1960 t=2246.6s remaining=43
    iter=1958 E=-1.9936152298 nfev=1961 t=2247.7s remaining=42
    iter=1959 E=-1.9936153868 nfev=1962 t=2248.9s remaining=41
    iter=1960 E=-1.9936156017 nfev=1963 t=2250.1s remaining=40
    iter=1961 E=-1.9936158281 nfev=1964 t=2251.3s remaining=39
    iter=1962 E=-1.9936160930 nfev=1965 t=2252.5s remaining=38
    iter=1963 E=-1.9936165002 nfev=1966 t=2253.6s remaining=37
    iter=1964 E=-1.9936171111 nfev=1967 t=2254.8s remaining=36
    iter=1965 E=-1.9936179625 nfev=1968 t=2255.9s remaining=35
    iter=1966 E=-1.9936189449 nfev=1969 t=2257.1s remaining=34
    iter=1967 E=-1.9936200547 nfev=1970 t=2258.3s remaining=33
    iter=1968 E=-1.9936209477 nfev=1971 t=2259.5s remaining=32
    iter=1969 E=-1.9936214416 nfev=1972 t=2260.6s remaining=31
    iter=1970 E=-1.9936219734 nfev=1973 t=2261.8s remaining=30
    iter=1971 E=-1.9936223053 nfev=1974 t=2262.9s remaining=29
    iter=1972 E=-1.9936225291 nfev=1975 t=2264.1s remaining=28
    iter=1973 E=-1.9936226708 nfev=1976 t=2265.3s remaining=27
    iter=1974 E=-1.9936227729 nfev=1977 t=2266.4s remaining=26
    iter=1975 E=-1.9936228997 nfev=1978 t=2267.6s remaining=25
    iter=1976 E=-1.9936230559 nfev=1979 t=2268.8s remaining=24
    iter=1977 E=-1.9936232578 nfev=1980 t=2269.9s remaining=23
    iter=1978 E=-1.9936235486 nfev=1981 t=2271.1s remaining=22
    iter=1979 E=-1.9936239498 nfev=1982 t=2272.2s remaining=21
    iter=1980 E=-1.9936243440 nfev=1983 t=2273.4s remaining=20
    iter=1981 E=-1.9936247618 nfev=1984 t=2274.6s remaining=19
    iter=1982 E=-1.9936252755 nfev=1985 t=2275.8s remaining=18
    iter=1983 E=-1.9936259321 nfev=1986 t=2276.9s remaining=17
    iter=1984 E=-1.9936266128 nfev=1987 t=2278.1s remaining=16
    iter=1985 E=-1.9936272286 nfev=1988 t=2279.2s remaining=15
    iter=1986 E=-1.9936277772 nfev=1989 t=2280.4s remaining=14
    iter=1987 E=-1.9936281463 nfev=1990 t=2281.6s remaining=13
    iter=1988 E=-1.9936283525 nfev=1991 t=2282.7s remaining=12
    iter=1989 E=-1.9936285163 nfev=1992 t=2283.9s remaining=11
    iter=1990 E=-1.9936286476 nfev=1993 t=2285.0s remaining=10
    iter=1991 E=-1.9936287562 nfev=1994 t=2286.1s remaining=9
    iter=1992 E=-1.9936288798 nfev=1995 t=2287.4s remaining=8
    iter=1993 E=-1.9936290187 nfev=1996 t=2288.8s remaining=7
    iter=1994 E=-1.9936292202 nfev=1997 t=2289.9s remaining=6
    iter=1995 E=-1.9936295052 nfev=1998 t=2291.0s remaining=5
    iter=1996 E=-1.9936298923 nfev=1999 t=2292.2s remaining=4
    iter=1997 E=-1.9936304445 nfev=2000 t=2293.3s remaining=3
    iter=1998 E=-1.9936311848 nfev=2001 t=2294.4s remaining=2
    iter=1999 E=-1.9936320586 nfev=2002 t=2295.7s remaining=1
    iter=2000 E=-1.9936328644 nfev=2003 t=2296.9s remaining=0
    iter=2000 E=-1.9936328644 nfev=2003 t=2296.9s remaining=0
    seed=0 E=-1.9936328644 dE=+2.517e-03 nit=2000 ok=False t=2296.9s
  r=1.50  L=8   npar=344   E=-1.9936328644  |E-FCI|=2.517e-03  FCI=no   chem=no

=== summary (best seed per layer) ===
  bond   L ansatz                 npar              E     |E-FCI|  FCI? chem?
  1.50   8 (ECD+SNAP)^8 + ECD      344  -1.9936328644   2.517e-03    no    no

wrote data/results/h4_hybrid_L8_nobs_r0150.json
