self-check ok (nfock=4, use_bs=False, worst FD rel err 0.00e+00)
per-iter log: data/results/h4_hybrid_L10_nobs_r0100_iters.jsonl
live snapshot: data/results/h4_hybrid_L10_nobs_r0100_live.json

=== build H4 JWT Hamiltonian at R=1.00 Å ===
=== r=1.00 Å   FCI(pyscf)=-2.1663874486  eig=-2.1663874486  paper_fci=-2.16638745  paper_SNAP_D20=-2.1663874536450387 ===
-- r=1.00  (ECD+SNAP)^10 + ECD   npar=428 --
    iter=1 E=-0.3951359389 nfev=2 t=3.4s remaining=1999
    iter=2 E=-0.4724805806 nfev=3 t=5.3s remaining=1998
    iter=3 E=-0.5559001991 nfev=4 t=7.3s remaining=1997
    iter=4 E=-0.6475750244 nfev=5 t=9.3s remaining=1996
    iter=5 E=-0.6783194067 nfev=6 t=11.3s remaining=1995
    iter=6 E=-0.7213942438 nfev=7 t=13.4s remaining=1994
    iter=7 E=-0.7651293229 nfev=8 t=15.4s remaining=1993
    iter=8 E=-0.8209446848 nfev=9 t=17.4s remaining=1992
    iter=9 E=-0.8819728673 nfev=10 t=19.4s remaining=1991
    iter=10 E=-0.8947102298 nfev=11 t=21.1s remaining=1990
    iter=11 E=-0.9148780347 nfev=12 t=22.8s remaining=1989
    iter=12 E=-0.9493066919 nfev=13 t=24.4s remaining=1988
    iter=13 E=-0.9985064915 nfev=14 t=26.0s remaining=1987
    iter=14 E=-1.0549365568 nfev=15 t=27.8s remaining=1986
    iter=15 E=-1.0744445941 nfev=16 t=29.8s remaining=1985
    iter=16 E=-1.1040667056 nfev=17 t=31.4s remaining=1984
    iter=17 E=-1.1480439401 nfev=18 t=33.4s remaining=1983
    iter=18 E=-1.2056556747 nfev=19 t=35.0s remaining=1982
    iter=19 E=-1.2581872822 nfev=20 t=36.7s remaining=1981
    iter=20 E=-1.2882454607 nfev=22 t=39.9s remaining=1980
    iter=21 E=-1.3087339489 nfev=23 t=41.6s remaining=1979
    iter=22 E=-1.3329834875 nfev=24 t=43.3s remaining=1978
    iter=23 E=-1.3589560538 nfev=25 t=44.9s remaining=1977
    iter=24 E=-1.3933897040 nfev=26 t=46.6s remaining=1976
    iter=25 E=-1.4261755499 nfev=27 t=48.5s remaining=1975
    iter=26 E=-1.4633193790 nfev=28 t=50.1s remaining=1974
    iter=27 E=-1.4829698033 nfev=29 t=51.8s remaining=1973
    iter=28 E=-1.5066432089 nfev=30 t=53.3s remaining=1972
    iter=29 E=-1.5398521339 nfev=31 t=55.0s remaining=1971
    iter=30 E=-1.5771494872 nfev=32 t=56.6s remaining=1970
    iter=31 E=-1.5909135360 nfev=33 t=58.3s remaining=1969
    iter=32 E=-1.6129616712 nfev=34 t=59.9s remaining=1968
    iter=33 E=-1.6408344841 nfev=35 t=61.5s remaining=1967
    iter=34 E=-1.6792432914 nfev=36 t=63.0s remaining=1966
    iter=35 E=-1.7119251312 nfev=37 t=64.6s remaining=1965
    iter=36 E=-1.7336888317 nfev=38 t=66.2s remaining=1964
    iter=37 E=-1.7575126397 nfev=39 t=67.9s remaining=1963
    iter=38 E=-1.7735553064 nfev=40 t=69.5s remaining=1962
    iter=39 E=-1.7940852832 nfev=41 t=71.3s remaining=1961
    iter=40 E=-1.8198950186 nfev=42 t=72.9s remaining=1960
    iter=41 E=-1.8510626428 nfev=43 t=74.7s remaining=1959
    iter=42 E=-1.8715959758 nfev=44 t=76.3s remaining=1958
    iter=43 E=-1.8969884250 nfev=45 t=77.9s remaining=1957
    iter=44 E=-1.9136062925 nfev=46 t=79.5s remaining=1956
    iter=45 E=-1.9360469289 nfev=47 t=81.2s remaining=1955
    iter=46 E=-1.9538237407 nfev=48 t=82.8s remaining=1954
    iter=47 E=-1.9716640351 nfev=49 t=84.7s remaining=1953
    iter=48 E=-1.9886846377 nfev=50 t=86.7s remaining=1952
    iter=49 E=-1.9977536160 nfev=51 t=88.7s remaining=1951
    iter=50 E=-2.0115655949 nfev=52 t=90.7s remaining=1950
    iter=51 E=-2.0288142445 nfev=53 t=92.7s remaining=1949
    iter=52 E=-2.0490051431 nfev=54 t=94.3s remaining=1948
    iter=53 E=-2.0593902154 nfev=55 t=95.9s remaining=1947
    iter=54 E=-2.0706186498 nfev=56 t=97.5s remaining=1946
    iter=55 E=-2.0811825556 nfev=57 t=99.1s remaining=1945
    iter=56 E=-2.0851227785 nfev=58 t=100.7s remaining=1944
    iter=57 E=-2.0910930176 nfev=59 t=102.7s remaining=1943
    iter=58 E=-2.0981840669 nfev=60 t=104.8s remaining=1942
    iter=59 E=-2.1030811236 nfev=61 t=107.0s remaining=1941
    iter=60 E=-2.1069447210 nfev=62 t=108.8s remaining=1940
    iter=61 E=-2.1109022541 nfev=63 t=110.3s remaining=1939
    iter=62 E=-2.1144515035 nfev=64 t=111.9s remaining=1938
    iter=63 E=-2.1174318534 nfev=65 t=113.6s remaining=1937
    iter=64 E=-2.1200416427 nfev=66 t=115.6s remaining=1936
    iter=65 E=-2.1216687434 nfev=67 t=117.6s remaining=1935
    iter=66 E=-2.1233193176 nfev=68 t=119.5s remaining=1934
    iter=67 E=-2.1248418591 nfev=69 t=121.6s remaining=1933
    iter=68 E=-2.1257475209 nfev=70 t=123.6s remaining=1932
    iter=69 E=-2.1270582173 nfev=71 t=125.7s remaining=1931
    iter=70 E=-2.1285928168 nfev=72 t=127.3s remaining=1930
    iter=71 E=-2.1291797936 nfev=74 t=130.6s remaining=1929
    iter=72 E=-2.1298427816 nfev=75 t=132.3s remaining=1928
    iter=73 E=-2.1304585173 nfev=76 t=134.4s remaining=1927
    iter=74 E=-2.1309852002 nfev=77 t=136.1s remaining=1926
    iter=75 E=-2.1313885657 nfev=78 t=137.7s remaining=1925
    iter=76 E=-2.1318265282 nfev=79 t=139.3s remaining=1924
    iter=77 E=-2.1322471540 nfev=80 t=140.8s remaining=1923
    iter=78 E=-2.1326294035 nfev=81 t=142.3s remaining=1922
    iter=79 E=-2.1330624939 nfev=82 t=143.9s remaining=1921
    iter=80 E=-2.1334786954 nfev=83 t=145.5s remaining=1920
    iter=81 E=-2.1339398052 nfev=84 t=147.1s remaining=1919
    iter=82 E=-2.1343125769 nfev=85 t=148.7s remaining=1918
    iter=83 E=-2.1347052904 nfev=86 t=150.3s remaining=1917
    iter=84 E=-2.1351752757 nfev=87 t=151.8s remaining=1916
    iter=85 E=-2.1355488942 nfev=88 t=153.6s remaining=1915
    iter=86 E=-2.1359335593 nfev=89 t=155.5s remaining=1914
    iter=87 E=-2.1363331377 nfev=90 t=157.0s remaining=1913
    iter=88 E=-2.1366371765 nfev=91 t=158.6s remaining=1912
    iter=89 E=-2.1369241470 nfev=92 t=160.2s remaining=1911
    iter=90 E=-2.1373091931 nfev=93 t=161.9s remaining=1910
    iter=91 E=-2.1377402994 nfev=94 t=163.6s remaining=1909
    iter=92 E=-2.1381222945 nfev=95 t=165.2s remaining=1908
    iter=93 E=-2.1384920841 nfev=96 t=166.7s remaining=1907
    iter=94 E=-2.1388718147 nfev=97 t=168.3s remaining=1906
    iter=95 E=-2.1391857167 nfev=98 t=169.9s remaining=1905
    iter=96 E=-2.1396459357 nfev=99 t=171.5s remaining=1904
    iter=97 E=-2.1402197423 nfev=100 t=173.1s remaining=1903
    iter=98 E=-2.1405064521 nfev=101 t=175.0s remaining=1902
    iter=99 E=-2.1406179376 nfev=102 t=176.9s remaining=1901
    iter=100 E=-2.1408060800 nfev=103 t=178.6s remaining=1900
    iter=101 E=-2.1411064810 nfev=104 t=180.1s remaining=1899
    iter=102 E=-2.1414690824 nfev=105 t=181.7s remaining=1898
    iter=103 E=-2.1416884661 nfev=106 t=183.5s remaining=1897
    iter=104 E=-2.1419669085 nfev=107 t=185.2s remaining=1896
    iter=105 E=-2.1422823698 nfev=108 t=187.0s remaining=1895
    iter=106 E=-2.1424527855 nfev=109 t=188.8s remaining=1894
    iter=107 E=-2.1427275060 nfev=110 t=190.5s remaining=1893
    iter=108 E=-2.1431158846 nfev=111 t=192.3s remaining=1892
    iter=109 E=-2.1433909383 nfev=112 t=194.1s remaining=1891
    iter=110 E=-2.1435777376 nfev=113 t=195.8s remaining=1890
    iter=111 E=-2.1437915113 nfev=114 t=197.6s remaining=1889
    iter=112 E=-2.1439919787 nfev=115 t=199.4s remaining=1888
    iter=113 E=-2.1441626111 nfev=116 t=201.1s remaining=1887
    iter=114 E=-2.1443830552 nfev=117 t=202.9s remaining=1886
    iter=115 E=-2.1446680161 nfev=118 t=204.7s remaining=1885
    iter=116 E=-2.1448319150 nfev=119 t=206.5s remaining=1884
    iter=117 E=-2.1449784845 nfev=120 t=208.2s remaining=1883
    iter=118 E=-2.1451418108 nfev=121 t=210.0s remaining=1882
    iter=119 E=-2.1453095457 nfev=122 t=211.8s remaining=1881
    iter=120 E=-2.1455154166 nfev=123 t=213.5s remaining=1880
    iter=121 E=-2.1457607041 nfev=124 t=215.3s remaining=1879
    iter=122 E=-2.1460076615 nfev=125 t=217.1s remaining=1878
    iter=123 E=-2.1461754950 nfev=126 t=218.9s remaining=1877
    iter=124 E=-2.1463043370 nfev=127 t=220.6s remaining=1876
    iter=125 E=-2.1463972880 nfev=128 t=222.4s remaining=1875
    iter=126 E=-2.1465186429 nfev=129 t=224.2s remaining=1874
    iter=127 E=-2.1466890380 nfev=130 t=225.9s remaining=1873
    iter=128 E=-2.1468979336 nfev=131 t=227.9s remaining=1872
    iter=129 E=-2.1470908786 nfev=132 t=229.7s remaining=1871
    iter=130 E=-2.1472752415 nfev=133 t=231.5s remaining=1870
    iter=131 E=-2.1474629330 nfev=134 t=233.2s remaining=1869
    iter=132 E=-2.1476044447 nfev=135 t=234.8s remaining=1868
    iter=133 E=-2.1477945031 nfev=136 t=236.5s remaining=1867
    iter=134 E=-2.1479662880 nfev=137 t=238.2s remaining=1866
    iter=135 E=-2.1480883511 nfev=138 t=239.8s remaining=1865
    iter=136 E=-2.1482395707 nfev=139 t=241.3s remaining=1864
    iter=137 E=-2.1484302551 nfev=140 t=242.9s remaining=1863
    iter=138 E=-2.1485421526 nfev=141 t=244.5s remaining=1862
    iter=139 E=-2.1486675737 nfev=142 t=246.0s remaining=1861
    iter=140 E=-2.1488019540 nfev=143 t=247.7s remaining=1860
    iter=141 E=-2.1489402923 nfev=144 t=249.4s remaining=1859
    iter=142 E=-2.1490281863 nfev=145 t=251.0s remaining=1858
    iter=143 E=-2.1491510095 nfev=146 t=252.6s remaining=1857
    iter=144 E=-2.1493077259 nfev=147 t=254.2s remaining=1856
    iter=145 E=-2.1494273942 nfev=148 t=255.8s remaining=1855
    iter=146 E=-2.1495385908 nfev=149 t=257.3s remaining=1854
    iter=147 E=-2.1496536107 nfev=150 t=258.9s remaining=1853
    iter=148 E=-2.1497815646 nfev=151 t=260.5s remaining=1852
    iter=149 E=-2.1499251294 nfev=152 t=262.2s remaining=1851
    iter=150 E=-2.1500971534 nfev=153 t=263.9s remaining=1850
    iter=151 E=-2.1502363096 nfev=154 t=265.6s remaining=1849
    iter=152 E=-2.1503453991 nfev=155 t=267.2s remaining=1848
    iter=153 E=-2.1504430233 nfev=156 t=269.0s remaining=1847
    iter=154 E=-2.1505623311 nfev=157 t=270.7s remaining=1846
    iter=155 E=-2.1506858187 nfev=158 t=272.3s remaining=1845
    iter=156 E=-2.1508372317 nfev=159 t=274.0s remaining=1844
    iter=157 E=-2.1510174980 nfev=160 t=275.6s remaining=1843
    iter=158 E=-2.1511952167 nfev=161 t=277.1s remaining=1842
    iter=159 E=-2.1513901737 nfev=162 t=278.6s remaining=1841
    iter=160 E=-2.1515680241 nfev=163 t=280.1s remaining=1840
    iter=161 E=-2.1517139927 nfev=164 t=282.0s remaining=1839
    iter=162 E=-2.1518619679 nfev=165 t=283.6s remaining=1838
    iter=163 E=-2.1520699287 nfev=166 t=285.2s remaining=1837
    iter=164 E=-2.1522624997 nfev=167 t=286.8s remaining=1836
    iter=165 E=-2.1524432150 nfev=168 t=288.4s remaining=1835
    iter=166 E=-2.1526220497 nfev=169 t=289.9s remaining=1834
    iter=167 E=-2.1527557858 nfev=170 t=291.5s remaining=1833
    iter=168 E=-2.1528653838 nfev=171 t=293.1s remaining=1832
    iter=169 E=-2.1529942876 nfev=172 t=294.7s remaining=1831
    iter=170 E=-2.1531210938 nfev=173 t=296.3s remaining=1830
    iter=171 E=-2.1532746789 nfev=174 t=297.9s remaining=1829
    iter=172 E=-2.1534806838 nfev=175 t=299.7s remaining=1828
    iter=173 E=-2.1536756886 nfev=176 t=301.6s remaining=1827
    iter=174 E=-2.1538245204 nfev=177 t=303.6s remaining=1826
    iter=175 E=-2.1539769651 nfev=178 t=305.6s remaining=1825
    iter=176 E=-2.1541438731 nfev=179 t=307.5s remaining=1824
    iter=177 E=-2.1542704821 nfev=180 t=309.8s remaining=1823
    iter=178 E=-2.1544306186 nfev=181 t=312.0s remaining=1822
    iter=179 E=-2.1545735594 nfev=182 t=314.3s remaining=1821
    iter=180 E=-2.1546975735 nfev=183 t=316.6s remaining=1820
    iter=181 E=-2.1548794298 nfev=184 t=318.8s remaining=1819
    iter=182 E=-2.1550938950 nfev=185 t=321.2s remaining=1818
    iter=183 E=-2.1552267162 nfev=186 t=323.5s remaining=1817
    iter=184 E=-2.1553855579 nfev=187 t=325.7s remaining=1816
    iter=185 E=-2.1555622862 nfev=188 t=327.8s remaining=1815
    iter=186 E=-2.1557264248 nfev=189 t=329.9s remaining=1814
    iter=187 E=-2.1558584298 nfev=190 t=331.5s remaining=1813
    iter=188 E=-2.1559760708 nfev=191 t=333.1s remaining=1812
    iter=189 E=-2.1560733830 nfev=192 t=334.7s remaining=1811
    iter=190 E=-2.1561508631 nfev=193 t=336.3s remaining=1810
    iter=191 E=-2.1562252169 nfev=194 t=337.9s remaining=1809
    iter=192 E=-2.1563227917 nfev=195 t=339.5s remaining=1808
    iter=193 E=-2.1564402066 nfev=196 t=341.1s remaining=1807
    iter=194 E=-2.1565786830 nfev=197 t=342.7s remaining=1806
    iter=195 E=-2.1567001214 nfev=198 t=344.3s remaining=1805
    iter=196 E=-2.1568217402 nfev=199 t=345.9s remaining=1804
    iter=197 E=-2.1569275960 nfev=200 t=347.5s remaining=1803
    iter=198 E=-2.1570109193 nfev=201 t=349.2s remaining=1802
    iter=199 E=-2.1570953581 nfev=202 t=350.9s remaining=1801
    iter=200 E=-2.1571911772 nfev=203 t=352.4s remaining=1800
    iter=201 E=-2.1572805096 nfev=204 t=354.0s remaining=1799
    iter=202 E=-2.1573759030 nfev=205 t=355.5s remaining=1798
    iter=203 E=-2.1574504548 nfev=206 t=357.1s remaining=1797
    iter=204 E=-2.1575226692 nfev=207 t=358.6s remaining=1796
    iter=205 E=-2.1575930479 nfev=208 t=360.3s remaining=1795
    iter=206 E=-2.1576498451 nfev=209 t=362.3s remaining=1794
    iter=207 E=-2.1576993630 nfev=210 t=363.9s remaining=1793
    iter=208 E=-2.1577606407 nfev=211 t=365.5s remaining=1792
    iter=209 E=-2.1578206389 nfev=212 t=367.1s remaining=1791
    iter=210 E=-2.1578885529 nfev=213 t=368.7s remaining=1790
    iter=211 E=-2.1579658632 nfev=214 t=370.3s remaining=1789
    iter=212 E=-2.1580391266 nfev=215 t=371.9s remaining=1788
    iter=213 E=-2.1581184682 nfev=216 t=373.6s remaining=1787
    iter=214 E=-2.1581969982 nfev=217 t=375.1s remaining=1786
    iter=215 E=-2.1582687450 nfev=218 t=376.8s remaining=1785
    iter=216 E=-2.1583379564 nfev=219 t=378.4s remaining=1784
    iter=217 E=-2.1583938732 nfev=220 t=380.6s remaining=1783
    iter=218 E=-2.1584378978 nfev=221 t=382.9s remaining=1782
    iter=219 E=-2.1584803811 nfev=222 t=385.1s remaining=1781
    iter=220 E=-2.1585290336 nfev=223 t=387.4s remaining=1780
    iter=221 E=-2.1585854818 nfev=224 t=389.7s remaining=1779
    iter=222 E=-2.1586502684 nfev=225 t=392.0s remaining=1778
    iter=223 E=-2.1587240686 nfev=226 t=394.2s remaining=1777
    iter=224 E=-2.1588018039 nfev=227 t=396.6s remaining=1776
    iter=225 E=-2.1588752545 nfev=228 t=398.9s remaining=1775
    iter=226 E=-2.1589416334 nfev=229 t=401.2s remaining=1774
    iter=227 E=-2.1590060280 nfev=230 t=403.5s remaining=1773
    iter=228 E=-2.1590615763 nfev=231 t=405.8s remaining=1772
    iter=229 E=-2.1591108629 nfev=232 t=408.1s remaining=1771
    iter=230 E=-2.1591694309 nfev=233 t=410.5s remaining=1770
    iter=231 E=-2.1592335373 nfev=234 t=412.8s remaining=1769
    iter=232 E=-2.1592909602 nfev=235 t=415.1s remaining=1768
    iter=233 E=-2.1593406451 nfev=236 t=417.4s remaining=1767
    iter=234 E=-2.1593965263 nfev=237 t=419.7s remaining=1766
    iter=235 E=-2.1594623717 nfev=238 t=422.0s remaining=1765
    iter=236 E=-2.1595260437 nfev=239 t=423.6s remaining=1764
    iter=237 E=-2.1595764024 nfev=240 t=425.2s remaining=1763
    iter=238 E=-2.1596141671 nfev=241 t=426.7s remaining=1762
    iter=239 E=-2.1596462630 nfev=242 t=428.3s remaining=1761
    iter=240 E=-2.1596798948 nfev=243 t=430.0s remaining=1760
    iter=241 E=-2.1597204371 nfev=244 t=431.6s remaining=1759
    iter=242 E=-2.1597600202 nfev=245 t=433.2s remaining=1758
    iter=243 E=-2.1598060914 nfev=246 t=434.8s remaining=1757
    iter=244 E=-2.1598514639 nfev=247 t=436.4s remaining=1756
    iter=245 E=-2.1598869777 nfev=248 t=438.0s remaining=1755
    iter=246 E=-2.1599217435 nfev=249 t=439.6s remaining=1754
    iter=247 E=-2.1599620305 nfev=250 t=441.2s remaining=1753
    iter=248 E=-2.1600092402 nfev=251 t=443.0s remaining=1752
    iter=249 E=-2.1600536851 nfev=252 t=444.6s remaining=1751
    iter=250 E=-2.1601027052 nfev=253 t=446.3s remaining=1750
    iter=251 E=-2.1601530386 nfev=254 t=448.0s remaining=1749
    iter=252 E=-2.1601943989 nfev=255 t=449.5s remaining=1748
    iter=253 E=-2.1602372044 nfev=256 t=451.1s remaining=1747
    iter=254 E=-2.1602843134 nfev=257 t=452.7s remaining=1746
    iter=255 E=-2.1603336739 nfev=258 t=454.7s remaining=1745
    iter=256 E=-2.1603791640 nfev=259 t=456.4s remaining=1744
    iter=257 E=-2.1604204856 nfev=260 t=458.0s remaining=1743
    iter=258 E=-2.1604556066 nfev=261 t=459.6s remaining=1742
    iter=259 E=-2.1604883458 nfev=262 t=461.2s remaining=1741
    iter=260 E=-2.1605206294 nfev=263 t=462.8s remaining=1740
    iter=261 E=-2.1605561302 nfev=264 t=464.4s remaining=1739
    iter=262 E=-2.1605900390 nfev=265 t=466.0s remaining=1738
    iter=263 E=-2.1606221878 nfev=266 t=467.6s remaining=1737
    iter=264 E=-2.1606559859 nfev=267 t=469.3s remaining=1736
    iter=265 E=-2.1606897014 nfev=268 t=471.0s remaining=1735
    iter=266 E=-2.1607205562 nfev=269 t=472.6s remaining=1734
    iter=267 E=-2.1607551028 nfev=270 t=474.2s remaining=1733
    iter=268 E=-2.1608034327 nfev=271 t=475.7s remaining=1732
    iter=269 E=-2.1608480345 nfev=272 t=477.3s remaining=1731
    iter=270 E=-2.1608918222 nfev=273 t=479.0s remaining=1730
    iter=271 E=-2.1609331340 nfev=274 t=480.5s remaining=1729
    iter=272 E=-2.1609691810 nfev=275 t=482.1s remaining=1728
    iter=273 E=-2.1609977401 nfev=276 t=483.7s remaining=1727
    iter=274 E=-2.1610298664 nfev=277 t=485.3s remaining=1726
    iter=275 E=-2.1610738088 nfev=278 t=486.9s remaining=1725
    iter=276 E=-2.1611140911 nfev=279 t=488.5s remaining=1724
    iter=277 E=-2.1611544371 nfev=280 t=490.1s remaining=1723
    iter=278 E=-2.1611929810 nfev=281 t=491.7s remaining=1722
    iter=279 E=-2.1612266030 nfev=282 t=493.4s remaining=1721
    iter=280 E=-2.1612595384 nfev=283 t=495.5s remaining=1720
    iter=281 E=-2.1612969973 nfev=284 t=497.8s remaining=1719
    iter=282 E=-2.1613334427 nfev=285 t=499.8s remaining=1718
    iter=283 E=-2.1613734018 nfev=286 t=501.9s remaining=1717
    iter=284 E=-2.1614143085 nfev=287 t=504.0s remaining=1716
    iter=285 E=-2.1614624811 nfev=288 t=506.1s remaining=1715
    iter=286 E=-2.1615009760 nfev=289 t=508.3s remaining=1714
    iter=287 E=-2.1615298934 nfev=290 t=510.2s remaining=1713
    iter=288 E=-2.1615607866 nfev=291 t=511.8s remaining=1712
    iter=289 E=-2.1615993909 nfev=292 t=513.4s remaining=1711
    iter=290 E=-2.1616424518 nfev=293 t=515.0s remaining=1710
    iter=291 E=-2.1616748446 nfev=294 t=516.6s remaining=1709
    iter=292 E=-2.1617038182 nfev=295 t=518.2s remaining=1708
    iter=293 E=-2.1617392158 nfev=296 t=519.7s remaining=1707
    iter=294 E=-2.1617707408 nfev=297 t=521.3s remaining=1706
    iter=295 E=-2.1618126545 nfev=298 t=522.9s remaining=1705
    iter=296 E=-2.1618644255 nfev=299 t=524.8s remaining=1704
    iter=297 E=-2.1619146562 nfev=300 t=526.8s remaining=1703
    iter=298 E=-2.1619619213 nfev=301 t=528.8s remaining=1702
    iter=299 E=-2.1620070240 nfev=302 t=530.9s remaining=1701
    iter=300 E=-2.1620377684 nfev=303 t=533.1s remaining=1700
    iter=301 E=-2.1620662825 nfev=304 t=535.0s remaining=1699
    iter=302 E=-2.1620970404 nfev=305 t=536.5s remaining=1698
    iter=303 E=-2.1621245954 nfev=306 t=538.1s remaining=1697
    iter=304 E=-2.1621533412 nfev=307 t=539.7s remaining=1696
    iter=305 E=-2.1621770122 nfev=308 t=541.2s remaining=1695
    iter=306 E=-2.1622060658 nfev=309 t=542.8s remaining=1694
    iter=307 E=-2.1622479925 nfev=310 t=544.4s remaining=1693
    iter=308 E=-2.1622916834 nfev=311 t=546.0s remaining=1692
    iter=309 E=-2.1623357272 nfev=312 t=547.8s remaining=1691
    iter=310 E=-2.1623791248 nfev=313 t=549.9s remaining=1690
    iter=311 E=-2.1624087911 nfev=314 t=552.0s remaining=1689
    iter=312 E=-2.1624330077 nfev=315 t=554.1s remaining=1688
    iter=313 E=-2.1624599248 nfev=316 t=556.1s remaining=1687
    iter=314 E=-2.1624928487 nfev=317 t=558.1s remaining=1686
    iter=315 E=-2.1625203306 nfev=318 t=560.2s remaining=1685
    iter=316 E=-2.1625478999 nfev=319 t=562.0s remaining=1684
    iter=317 E=-2.1625774992 nfev=320 t=563.7s remaining=1683
    iter=318 E=-2.1626104919 nfev=321 t=565.6s remaining=1682
    iter=319 E=-2.1626446337 nfev=322 t=567.3s remaining=1681
    iter=320 E=-2.1626772887 nfev=323 t=569.4s remaining=1680
    iter=321 E=-2.1627049840 nfev=324 t=571.3s remaining=1679
    iter=322 E=-2.1627266416 nfev=325 t=572.8s remaining=1678
    iter=323 E=-2.1627493481 nfev=326 t=574.4s remaining=1677
    iter=324 E=-2.1627724174 nfev=327 t=576.3s remaining=1676
    iter=325 E=-2.1627982043 nfev=328 t=578.4s remaining=1675
    iter=326 E=-2.1628251298 nfev=329 t=579.9s remaining=1674
    iter=327 E=-2.1628481210 nfev=330 t=581.4s remaining=1673
    iter=328 E=-2.1628678061 nfev=331 t=583.0s remaining=1672
    iter=329 E=-2.1628843215 nfev=332 t=584.6s remaining=1671
    iter=330 E=-2.1629050191 nfev=333 t=586.1s remaining=1670
    iter=331 E=-2.1629248017 nfev=334 t=587.7s remaining=1669
    iter=332 E=-2.1629412199 nfev=335 t=589.3s remaining=1668
    iter=333 E=-2.1629600580 nfev=336 t=590.8s remaining=1667
    iter=334 E=-2.1629839347 nfev=337 t=592.5s remaining=1666
    iter=335 E=-2.1630059587 nfev=338 t=594.4s remaining=1665
    iter=336 E=-2.1630249607 nfev=339 t=596.3s remaining=1664
    iter=337 E=-2.1630423044 nfev=340 t=598.0s remaining=1663
    iter=338 E=-2.1630597301 nfev=341 t=599.7s remaining=1662
    iter=339 E=-2.1630805457 nfev=342 t=601.4s remaining=1661
    iter=340 E=-2.1631001049 nfev=343 t=603.1s remaining=1660
    iter=341 E=-2.1631187598 nfev=344 t=604.7s remaining=1659
    iter=342 E=-2.1631333244 nfev=345 t=606.3s remaining=1658
    iter=343 E=-2.1631460151 nfev=346 t=608.0s remaining=1657
    iter=344 E=-2.1631642016 nfev=347 t=609.6s remaining=1656
    iter=345 E=-2.1631878780 nfev=348 t=611.2s remaining=1655
    iter=346 E=-2.1632103812 nfev=349 t=612.7s remaining=1654
    iter=347 E=-2.1632317827 nfev=350 t=614.3s remaining=1653
    iter=348 E=-2.1632522805 nfev=351 t=615.8s remaining=1652
    iter=349 E=-2.1632669135 nfev=352 t=617.5s remaining=1651
    iter=350 E=-2.1632816211 nfev=353 t=619.1s remaining=1650
    iter=351 E=-2.1632970544 nfev=354 t=620.7s remaining=1649
    iter=352 E=-2.1633130994 nfev=355 t=622.3s remaining=1648
    iter=353 E=-2.1633312652 nfev=356 t=623.9s remaining=1647
    iter=354 E=-2.1633507265 nfev=357 t=625.4s remaining=1646
    iter=355 E=-2.1633673412 nfev=358 t=627.0s remaining=1645
    iter=356 E=-2.1633821428 nfev=359 t=628.5s remaining=1644
    iter=357 E=-2.1633974972 nfev=360 t=630.1s remaining=1643
    iter=358 E=-2.1634146047 nfev=361 t=631.6s remaining=1642
    iter=359 E=-2.1634312742 nfev=362 t=633.1s remaining=1641
    iter=360 E=-2.1634450979 nfev=363 t=634.7s remaining=1640
    iter=361 E=-2.1634591997 nfev=364 t=636.2s remaining=1639
    iter=362 E=-2.1634743412 nfev=365 t=637.7s remaining=1638
    iter=363 E=-2.1634872530 nfev=366 t=639.3s remaining=1637
    iter=364 E=-2.1635024011 nfev=367 t=640.9s remaining=1636
    iter=365 E=-2.1635185494 nfev=368 t=642.5s remaining=1635
    iter=366 E=-2.1635348103 nfev=369 t=644.1s remaining=1634
    iter=367 E=-2.1635532757 nfev=370 t=645.8s remaining=1633
    iter=368 E=-2.1635725490 nfev=371 t=647.3s remaining=1632
    iter=369 E=-2.1635876619 nfev=372 t=648.9s remaining=1631
    iter=370 E=-2.1635978276 nfev=373 t=650.5s remaining=1630
    iter=371 E=-2.1636065038 nfev=374 t=652.1s remaining=1629
    iter=372 E=-2.1636169524 nfev=375 t=653.7s remaining=1628
    iter=373 E=-2.1636296389 nfev=376 t=655.3s remaining=1627
    iter=374 E=-2.1636416273 nfev=377 t=656.8s remaining=1626
    iter=375 E=-2.1636519263 nfev=378 t=658.4s remaining=1625
    iter=376 E=-2.1636623632 nfev=379 t=659.9s remaining=1624
    iter=377 E=-2.1636754377 nfev=380 t=661.5s remaining=1623
    iter=378 E=-2.1636908052 nfev=381 t=663.1s remaining=1622
    iter=379 E=-2.1637057020 nfev=382 t=664.7s remaining=1621
    iter=380 E=-2.1637211238 nfev=383 t=666.3s remaining=1620
    iter=381 E=-2.1637350543 nfev=384 t=667.9s remaining=1619
    iter=382 E=-2.1637471641 nfev=385 t=669.5s remaining=1618
    iter=383 E=-2.1637580815 nfev=386 t=671.3s remaining=1617
    iter=384 E=-2.1637688019 nfev=387 t=672.9s remaining=1616
    iter=385 E=-2.1637799762 nfev=388 t=674.5s remaining=1615
    iter=386 E=-2.1637913523 nfev=389 t=676.0s remaining=1614
    iter=387 E=-2.1638020972 nfev=390 t=677.6s remaining=1613
    iter=388 E=-2.1638116902 nfev=391 t=679.2s remaining=1612
    iter=389 E=-2.1638252840 nfev=392 t=680.8s remaining=1611
    iter=390 E=-2.1638409244 nfev=393 t=682.5s remaining=1610
    iter=391 E=-2.1638557899 nfev=394 t=684.1s remaining=1609
    iter=392 E=-2.1638683536 nfev=395 t=685.7s remaining=1608
    iter=393 E=-2.1638802527 nfev=396 t=687.9s remaining=1607
    iter=394 E=-2.1638917361 nfev=397 t=689.8s remaining=1606
    iter=395 E=-2.1639018559 nfev=398 t=691.5s remaining=1605
    iter=396 E=-2.1639113833 nfev=399 t=693.0s remaining=1604
    iter=397 E=-2.1639220580 nfev=400 t=694.6s remaining=1603
    iter=398 E=-2.1639357150 nfev=401 t=696.2s remaining=1602
    iter=399 E=-2.1639480996 nfev=402 t=697.9s remaining=1601
    iter=400 E=-2.1639595476 nfev=403 t=699.6s remaining=1600
    iter=401 E=-2.1639682729 nfev=404 t=701.3s remaining=1599
    iter=402 E=-2.1639774141 nfev=405 t=702.9s remaining=1598
    iter=403 E=-2.1639893021 nfev=406 t=704.5s remaining=1597
    iter=404 E=-2.1640046028 nfev=407 t=706.0s remaining=1596
    iter=405 E=-2.1640222947 nfev=408 t=707.7s remaining=1595
    iter=406 E=-2.1640399162 nfev=409 t=709.2s remaining=1594
    iter=407 E=-2.1640543443 nfev=410 t=711.2s remaining=1593
    iter=408 E=-2.1640657768 nfev=411 t=713.1s remaining=1592
    iter=409 E=-2.1640777431 nfev=412 t=714.8s remaining=1591
    iter=410 E=-2.1640931055 nfev=413 t=716.4s remaining=1590
    iter=411 E=-2.1641062265 nfev=414 t=718.1s remaining=1589
    iter=412 E=-2.1641206939 nfev=415 t=719.7s remaining=1588
    iter=413 E=-2.1641327231 nfev=416 t=721.2s remaining=1587
    iter=414 E=-2.1641425339 nfev=417 t=723.0s remaining=1586
    iter=415 E=-2.1641561220 nfev=418 t=724.8s remaining=1585
    iter=416 E=-2.1641762943 nfev=419 t=726.6s remaining=1584
    iter=417 E=-2.1641982018 nfev=420 t=728.2s remaining=1583
    iter=418 E=-2.1642135197 nfev=421 t=729.8s remaining=1582
    iter=419 E=-2.1642265322 nfev=422 t=731.4s remaining=1581
    iter=420 E=-2.1642376185 nfev=423 t=733.1s remaining=1580
    iter=421 E=-2.1642480763 nfev=424 t=734.8s remaining=1579
    iter=422 E=-2.1642602804 nfev=425 t=736.3s remaining=1578
    iter=423 E=-2.1642751674 nfev=426 t=737.8s remaining=1577
    iter=424 E=-2.1642913272 nfev=427 t=739.4s remaining=1576
    iter=425 E=-2.1643078920 nfev=428 t=741.0s remaining=1575
    iter=426 E=-2.1643249625 nfev=429 t=742.5s remaining=1574
    iter=427 E=-2.1643388029 nfev=430 t=744.1s remaining=1573
    iter=428 E=-2.1643504439 nfev=431 t=745.6s remaining=1572
    iter=429 E=-2.1643616052 nfev=432 t=747.1s remaining=1571
    iter=430 E=-2.1643736732 nfev=433 t=748.6s remaining=1570
    iter=431 E=-2.1643863763 nfev=434 t=750.2s remaining=1569
    iter=432 E=-2.1643996041 nfev=435 t=751.8s remaining=1568
    iter=433 E=-2.1644122185 nfev=436 t=753.3s remaining=1567
    iter=434 E=-2.1644248942 nfev=437 t=755.1s remaining=1566
    iter=435 E=-2.1644382945 nfev=438 t=756.7s remaining=1565
    iter=436 E=-2.1644527914 nfev=439 t=758.7s remaining=1564
    iter=437 E=-2.1644662624 nfev=440 t=760.5s remaining=1563
    iter=438 E=-2.1644825729 nfev=441 t=762.0s remaining=1562
    iter=439 E=-2.1644985868 nfev=442 t=763.6s remaining=1561
    iter=440 E=-2.1645144063 nfev=443 t=765.2s remaining=1560
    iter=441 E=-2.1645315357 nfev=444 t=766.8s remaining=1559
    iter=442 E=-2.1645495480 nfev=445 t=768.4s remaining=1558
    iter=443 E=-2.1645667966 nfev=446 t=770.0s remaining=1557
    iter=444 E=-2.1645823987 nfev=447 t=771.6s remaining=1556
    iter=445 E=-2.1645963638 nfev=448 t=773.1s remaining=1555
    iter=446 E=-2.1646091072 nfev=449 t=774.8s remaining=1554
    iter=447 E=-2.1646194065 nfev=450 t=776.4s remaining=1553
    iter=448 E=-2.1646287264 nfev=451 t=778.0s remaining=1552
    iter=449 E=-2.1646394919 nfev=452 t=779.6s remaining=1551
    iter=450 E=-2.1646545306 nfev=453 t=781.1s remaining=1550
    iter=451 E=-2.1646687588 nfev=454 t=782.7s remaining=1549
    iter=452 E=-2.1646813432 nfev=455 t=784.3s remaining=1548
    iter=453 E=-2.1646934323 nfev=456 t=785.9s remaining=1547
    iter=454 E=-2.1647061700 nfev=457 t=787.5s remaining=1546
    iter=455 E=-2.1647197407 nfev=458 t=789.1s remaining=1545
    iter=456 E=-2.1647348059 nfev=459 t=790.7s remaining=1544
    iter=457 E=-2.1647514909 nfev=460 t=792.4s remaining=1543
    iter=458 E=-2.1647655543 nfev=461 t=794.1s remaining=1542
    iter=459 E=-2.1647757512 nfev=462 t=795.7s remaining=1541
    iter=460 E=-2.1647855271 nfev=463 t=797.4s remaining=1540
    iter=461 E=-2.1647968361 nfev=464 t=799.1s remaining=1539
    iter=462 E=-2.1648086767 nfev=465 t=800.7s remaining=1538
    iter=463 E=-2.1648183873 nfev=466 t=802.3s remaining=1537
    iter=464 E=-2.1648278140 nfev=467 t=804.0s remaining=1536
    iter=465 E=-2.1648380329 nfev=468 t=805.7s remaining=1535
    iter=466 E=-2.1648488602 nfev=469 t=807.5s remaining=1534
    iter=467 E=-2.1648599421 nfev=470 t=809.1s remaining=1533
    iter=468 E=-2.1648742451 nfev=471 t=810.7s remaining=1532
    iter=469 E=-2.1648865524 nfev=472 t=812.3s remaining=1531
    iter=470 E=-2.1648959363 nfev=473 t=813.8s remaining=1530
    iter=471 E=-2.1649040210 nfev=474 t=815.5s remaining=1529
    iter=472 E=-2.1649126425 nfev=475 t=817.1s remaining=1528
    iter=473 E=-2.1649220019 nfev=476 t=818.8s remaining=1527
    iter=474 E=-2.1649329636 nfev=477 t=820.4s remaining=1526
    iter=475 E=-2.1649441887 nfev=478 t=822.0s remaining=1525
    iter=476 E=-2.1649537838 nfev=479 t=823.6s remaining=1524
    iter=477 E=-2.1649624461 nfev=480 t=825.2s remaining=1523
    iter=478 E=-2.1649723525 nfev=481 t=826.8s remaining=1522
    iter=479 E=-2.1649826226 nfev=482 t=828.5s remaining=1521
    iter=480 E=-2.1649912569 nfev=483 t=830.2s remaining=1520
    iter=481 E=-2.1649990264 nfev=484 t=832.0s remaining=1519
    iter=482 E=-2.1650076549 nfev=485 t=833.6s remaining=1518
    iter=483 E=-2.1650159955 nfev=486 t=835.2s remaining=1517
    iter=484 E=-2.1650237095 nfev=487 t=836.8s remaining=1516
    iter=485 E=-2.1650306722 nfev=488 t=838.5s remaining=1515
    iter=486 E=-2.1650372567 nfev=489 t=840.0s remaining=1514
    iter=487 E=-2.1650444852 nfev=490 t=842.0s remaining=1513
    iter=488 E=-2.1650525667 nfev=491 t=844.1s remaining=1512
    iter=489 E=-2.1650597007 nfev=492 t=846.1s remaining=1511
    iter=490 E=-2.1650665176 nfev=493 t=847.7s remaining=1510
    iter=491 E=-2.1650730328 nfev=494 t=849.6s remaining=1509
    iter=492 E=-2.1650793970 nfev=495 t=851.2s remaining=1508
    iter=493 E=-2.1650858332 nfev=496 t=853.1s remaining=1507
    iter=494 E=-2.1650917421 nfev=497 t=855.1s remaining=1506
    iter=495 E=-2.1650964946 nfev=498 t=857.2s remaining=1505
    iter=496 E=-2.1651006049 nfev=499 t=859.1s remaining=1504
    iter=497 E=-2.1651046078 nfev=500 t=860.7s remaining=1503
    iter=498 E=-2.1651078054 nfev=501 t=862.4s remaining=1502
    iter=499 E=-2.1651121220 nfev=502 t=864.0s remaining=1501
    iter=500 E=-2.1651168696 nfev=503 t=865.6s remaining=1500
    iter=501 E=-2.1651212297 nfev=504 t=867.2s remaining=1499
    iter=502 E=-2.1651260309 nfev=505 t=868.8s remaining=1498
    iter=503 E=-2.1651306116 nfev=506 t=870.4s remaining=1497
    iter=504 E=-2.1651345281 nfev=507 t=871.9s remaining=1496
    iter=505 E=-2.1651388912 nfev=508 t=873.6s remaining=1495
    iter=506 E=-2.1651434514 nfev=509 t=875.1s remaining=1494
    iter=507 E=-2.1651478942 nfev=510 t=876.8s remaining=1493
    iter=508 E=-2.1651523943 nfev=511 t=878.7s remaining=1492
    iter=509 E=-2.1651567217 nfev=512 t=880.3s remaining=1491
    iter=510 E=-2.1651605474 nfev=513 t=881.9s remaining=1490
    iter=511 E=-2.1651639299 nfev=514 t=883.5s remaining=1489
    iter=512 E=-2.1651674291 nfev=515 t=885.1s remaining=1488
    iter=513 E=-2.1651706278 nfev=516 t=886.7s remaining=1487
    iter=514 E=-2.1651733911 nfev=517 t=888.2s remaining=1486
    iter=515 E=-2.1651761080 nfev=518 t=889.7s remaining=1485
    iter=516 E=-2.1651791632 nfev=519 t=891.3s remaining=1484
    iter=517 E=-2.1651823408 nfev=520 t=892.8s remaining=1483
    iter=518 E=-2.1651855583 nfev=521 t=894.4s remaining=1482
    iter=519 E=-2.1651890601 nfev=522 t=896.0s remaining=1481
    iter=520 E=-2.1651927290 nfev=523 t=897.6s remaining=1480
    iter=521 E=-2.1651961422 nfev=524 t=899.2s remaining=1479
    iter=522 E=-2.1651988561 nfev=525 t=900.7s remaining=1478
    iter=523 E=-2.1652011100 nfev=526 t=902.3s remaining=1477
    iter=524 E=-2.1652033169 nfev=527 t=903.9s remaining=1476
    iter=525 E=-2.1652056463 nfev=528 t=905.4s remaining=1475
    iter=526 E=-2.1652079690 nfev=529 t=906.9s remaining=1474
    iter=527 E=-2.1652103950 nfev=530 t=908.6s remaining=1473
    iter=528 E=-2.1652133316 nfev=531 t=910.1s remaining=1472
    iter=529 E=-2.1652168394 nfev=532 t=911.7s remaining=1471
    iter=530 E=-2.1652203873 nfev=533 t=913.2s remaining=1470
    iter=531 E=-2.1652233746 nfev=534 t=914.8s remaining=1469
    iter=532 E=-2.1652258539 nfev=535 t=916.4s remaining=1468
    iter=533 E=-2.1652282617 nfev=536 t=917.9s remaining=1467
    iter=534 E=-2.1652309575 nfev=537 t=919.5s remaining=1466
    iter=535 E=-2.1652340706 nfev=538 t=921.1s remaining=1465
    iter=536 E=-2.1652374983 nfev=539 t=923.3s remaining=1464
    iter=537 E=-2.1652409116 nfev=540 t=925.0s remaining=1463
    iter=538 E=-2.1652439625 nfev=541 t=926.7s remaining=1462
    iter=539 E=-2.1652465120 nfev=542 t=928.4s remaining=1461
    iter=540 E=-2.1652487670 nfev=543 t=929.9s remaining=1460
    iter=541 E=-2.1652508886 nfev=544 t=931.6s remaining=1459
    iter=542 E=-2.1652530697 nfev=545 t=933.2s remaining=1458
    iter=543 E=-2.1652553767 nfev=546 t=934.7s remaining=1457
    iter=544 E=-2.1652578804 nfev=547 t=936.4s remaining=1456
    iter=545 E=-2.1652603872 nfev=548 t=938.2s remaining=1455
    iter=546 E=-2.1652626765 nfev=549 t=939.8s remaining=1454
    iter=547 E=-2.1652646284 nfev=550 t=941.3s remaining=1453
    iter=548 E=-2.1652663678 nfev=551 t=942.9s remaining=1452
    iter=549 E=-2.1652680476 nfev=552 t=944.4s remaining=1451
    iter=550 E=-2.1652700845 nfev=553 t=946.1s remaining=1450
    iter=551 E=-2.1652729688 nfev=554 t=947.6s remaining=1449
    iter=552 E=-2.1652769350 nfev=555 t=949.3s remaining=1448
    iter=553 E=-2.1652811818 nfev=556 t=951.3s remaining=1447
    iter=554 E=-2.1652845334 nfev=557 t=953.4s remaining=1446
    iter=555 E=-2.1652867853 nfev=558 t=955.3s remaining=1445
    iter=556 E=-2.1652886315 nfev=559 t=957.0s remaining=1444
    iter=557 E=-2.1652908046 nfev=560 t=958.8s remaining=1443
    iter=558 E=-2.1652930659 nfev=561 t=960.4s remaining=1442
    iter=559 E=-2.1652951402 nfev=562 t=962.1s remaining=1441
    iter=560 E=-2.1652971352 nfev=563 t=963.7s remaining=1440
    iter=561 E=-2.1652991495 nfev=564 t=965.3s remaining=1439
    iter=562 E=-2.1653013633 nfev=565 t=966.8s remaining=1438
    iter=563 E=-2.1653037737 nfev=566 t=968.4s remaining=1437
    iter=564 E=-2.1653062258 nfev=567 t=969.9s remaining=1436
    iter=565 E=-2.1653086827 nfev=568 t=971.6s remaining=1435
    iter=566 E=-2.1653112434 nfev=569 t=973.2s remaining=1434
    iter=567 E=-2.1653140783 nfev=570 t=974.9s remaining=1433
    iter=568 E=-2.1653167373 nfev=571 t=976.5s remaining=1432
    iter=569 E=-2.1653187257 nfev=572 t=978.1s remaining=1431
    iter=570 E=-2.1653201143 nfev=573 t=979.8s remaining=1430
    iter=571 E=-2.1653214428 nfev=574 t=981.2s remaining=1429
    iter=572 E=-2.1653232378 nfev=575 t=982.8s remaining=1428
    iter=573 E=-2.1653255985 nfev=576 t=984.3s remaining=1427
    iter=574 E=-2.1653282527 nfev=577 t=985.8s remaining=1426
    iter=575 E=-2.1653307503 nfev=578 t=987.3s remaining=1425
    iter=576 E=-2.1653329041 nfev=579 t=988.8s remaining=1424
    iter=577 E=-2.1653348549 nfev=580 t=990.3s remaining=1423
    iter=578 E=-2.1653367747 nfev=581 t=992.0s remaining=1422
    iter=579 E=-2.1653386876 nfev=582 t=993.6s remaining=1421
    iter=580 E=-2.1653406599 nfev=583 t=995.3s remaining=1420
    iter=581 E=-2.1653430065 nfev=584 t=996.8s remaining=1419
    iter=582 E=-2.1653460032 nfev=585 t=998.3s remaining=1418
    iter=583 E=-2.1653493759 nfev=586 t=1000.1s remaining=1417
    iter=584 E=-2.1653523257 nfev=587 t=1001.7s remaining=1416
    iter=585 E=-2.1653544436 nfev=588 t=1003.3s remaining=1415
    iter=586 E=-2.1653559788 nfev=589 t=1004.9s remaining=1414
    iter=587 E=-2.1653573197 nfev=590 t=1006.4s remaining=1413
    iter=588 E=-2.1653587053 nfev=591 t=1008.0s remaining=1412
    iter=589 E=-2.1653602824 nfev=592 t=1009.6s remaining=1411
    iter=590 E=-2.1653620749 nfev=593 t=1011.2s remaining=1410
    iter=591 E=-2.1653640526 nfev=594 t=1012.7s remaining=1409
    iter=592 E=-2.1653660538 nfev=595 t=1014.4s remaining=1408
    iter=593 E=-2.1653679331 nfev=596 t=1016.0s remaining=1407
    iter=594 E=-2.1653697234 nfev=597 t=1017.6s remaining=1406
    iter=595 E=-2.1653715565 nfev=598 t=1019.2s remaining=1405
    iter=596 E=-2.1653733882 nfev=599 t=1020.8s remaining=1404
    iter=597 E=-2.1653752943 nfev=600 t=1022.4s remaining=1403
    iter=598 E=-2.1653774634 nfev=601 t=1024.0s remaining=1402
    iter=599 E=-2.1653799827 nfev=602 t=1025.5s remaining=1401
    iter=600 E=-2.1653823926 nfev=603 t=1027.1s remaining=1400
    iter=601 E=-2.1653842270 nfev=604 t=1028.6s remaining=1399
    iter=602 E=-2.1653855043 nfev=605 t=1030.2s remaining=1398
    iter=603 E=-2.1653865978 nfev=606 t=1031.8s remaining=1397
    iter=604 E=-2.1653878609 nfev=607 t=1033.4s remaining=1396
    iter=605 E=-2.1653893173 nfev=608 t=1034.9s remaining=1395
    iter=606 E=-2.1653909458 nfev=609 t=1036.5s remaining=1394
    iter=607 E=-2.1653927379 nfev=610 t=1038.2s remaining=1393
    iter=608 E=-2.1653947233 nfev=611 t=1040.0s remaining=1392
    iter=609 E=-2.1653967441 nfev=612 t=1041.6s remaining=1391
    iter=610 E=-2.1653985270 nfev=613 t=1043.2s remaining=1390
    iter=611 E=-2.1654000008 nfev=614 t=1044.8s remaining=1389
    iter=612 E=-2.1654013273 nfev=615 t=1046.4s remaining=1388
    iter=613 E=-2.1654028443 nfev=616 t=1048.0s remaining=1387
    iter=614 E=-2.1654045945 nfev=617 t=1049.6s remaining=1386
    iter=615 E=-2.1654065530 nfev=618 t=1051.2s remaining=1385
    iter=616 E=-2.1654085213 nfev=619 t=1052.7s remaining=1384
    iter=617 E=-2.1654103403 nfev=620 t=1054.3s remaining=1383
    iter=618 E=-2.1654118916 nfev=621 t=1055.9s remaining=1382
    iter=619 E=-2.1654131747 nfev=622 t=1057.5s remaining=1381
    iter=620 E=-2.1654143348 nfev=623 t=1059.1s remaining=1380
    iter=621 E=-2.1654155571 nfev=624 t=1060.7s remaining=1379
    iter=622 E=-2.1654170629 nfev=625 t=1062.2s remaining=1378
    iter=623 E=-2.1654187347 nfev=626 t=1063.8s remaining=1377
    iter=624 E=-2.1654205797 nfev=627 t=1065.3s remaining=1376
    iter=625 E=-2.1654224479 nfev=628 t=1066.9s remaining=1375
    iter=626 E=-2.1654238841 nfev=629 t=1068.5s remaining=1374
    iter=627 E=-2.1654250533 nfev=630 t=1070.1s remaining=1373
    iter=628 E=-2.1654263702 nfev=631 t=1071.9s remaining=1372
    iter=629 E=-2.1654276409 nfev=632 t=1073.9s remaining=1371
    iter=630 E=-2.1654290090 nfev=633 t=1076.0s remaining=1370
    iter=631 E=-2.1654305400 nfev=634 t=1078.1s remaining=1369
    iter=632 E=-2.1654322113 nfev=635 t=1080.1s remaining=1368
    iter=633 E=-2.1654339464 nfev=636 t=1082.2s remaining=1367
    iter=634 E=-2.1654358451 nfev=637 t=1084.2s remaining=1366
    iter=635 E=-2.1654380400 nfev=638 t=1086.3s remaining=1365
    iter=636 E=-2.1654399978 nfev=639 t=1088.3s remaining=1364
    iter=637 E=-2.1654415048 nfev=640 t=1090.3s remaining=1363
    iter=638 E=-2.1654425731 nfev=641 t=1092.4s remaining=1362
    iter=639 E=-2.1654435003 nfev=642 t=1094.5s remaining=1361
    iter=640 E=-2.1654446183 nfev=643 t=1096.6s remaining=1360
    iter=641 E=-2.1654460754 nfev=644 t=1098.8s remaining=1359
    iter=642 E=-2.1654479863 nfev=645 t=1100.4s remaining=1358
    iter=643 E=-2.1654499879 nfev=646 t=1101.9s remaining=1357
    iter=644 E=-2.1654515300 nfev=647 t=1103.5s remaining=1356
    iter=645 E=-2.1654527967 nfev=648 t=1105.1s remaining=1355
    iter=646 E=-2.1654539050 nfev=649 t=1106.6s remaining=1354
    iter=647 E=-2.1654550107 nfev=650 t=1108.1s remaining=1353
    iter=648 E=-2.1654563147 nfev=651 t=1109.7s remaining=1352
    iter=649 E=-2.1654582163 nfev=652 t=1111.4s remaining=1351
    iter=650 E=-2.1654603026 nfev=653 t=1113.0s remaining=1350
    iter=651 E=-2.1654624734 nfev=654 t=1114.7s remaining=1349
    iter=652 E=-2.1654644751 nfev=655 t=1116.5s remaining=1348
    iter=653 E=-2.1654660585 nfev=656 t=1118.0s remaining=1347
    iter=654 E=-2.1654671233 nfev=657 t=1119.6s remaining=1346
    iter=655 E=-2.1654679576 nfev=658 t=1121.1s remaining=1345
    iter=656 E=-2.1654688197 nfev=659 t=1122.8s remaining=1344
    iter=657 E=-2.1654701133 nfev=660 t=1124.5s remaining=1343
    iter=658 E=-2.1654717620 nfev=661 t=1126.1s remaining=1342
    iter=659 E=-2.1654735518 nfev=662 t=1127.7s remaining=1341
    iter=660 E=-2.1654756588 nfev=663 t=1129.5s remaining=1340
    iter=661 E=-2.1654775818 nfev=664 t=1131.0s remaining=1339
    iter=662 E=-2.1654791922 nfev=665 t=1132.7s remaining=1338
    iter=663 E=-2.1654804516 nfev=666 t=1134.3s remaining=1337
    iter=664 E=-2.1654814750 nfev=667 t=1135.9s remaining=1336
    iter=665 E=-2.1654824533 nfev=668 t=1137.5s remaining=1335
    iter=666 E=-2.1654835764 nfev=669 t=1139.1s remaining=1334
    iter=667 E=-2.1654849506 nfev=670 t=1140.8s remaining=1333
    iter=668 E=-2.1654866571 nfev=671 t=1142.4s remaining=1332
    iter=669 E=-2.1654887812 nfev=672 t=1144.0s remaining=1331
    iter=670 E=-2.1654911536 nfev=673 t=1145.6s remaining=1330
    iter=671 E=-2.1654931532 nfev=674 t=1147.1s remaining=1329
    iter=672 E=-2.1654944702 nfev=675 t=1148.7s remaining=1328
    iter=673 E=-2.1654952380 nfev=676 t=1150.3s remaining=1327
    iter=674 E=-2.1654960073 nfev=677 t=1151.8s remaining=1326
    iter=675 E=-2.1654970367 nfev=678 t=1153.4s remaining=1325
    iter=676 E=-2.1654986192 nfev=679 t=1154.9s remaining=1324
    iter=677 E=-2.1655008421 nfev=680 t=1156.5s remaining=1323
    iter=678 E=-2.1655032002 nfev=681 t=1158.1s remaining=1322
    iter=679 E=-2.1655060051 nfev=682 t=1159.6s remaining=1321
    iter=680 E=-2.1655083108 nfev=683 t=1161.1s remaining=1320
    iter=681 E=-2.1655099431 nfev=684 t=1162.7s remaining=1319
    iter=682 E=-2.1655110102 nfev=685 t=1164.3s remaining=1318
    iter=683 E=-2.1655118558 nfev=686 t=1165.8s remaining=1317
    iter=684 E=-2.1655126977 nfev=687 t=1167.4s remaining=1316
    iter=685 E=-2.1655136448 nfev=688 t=1168.9s remaining=1315
    iter=686 E=-2.1655148475 nfev=689 t=1170.6s remaining=1314
    iter=687 E=-2.1655163882 nfev=690 t=1172.5s remaining=1313
    iter=688 E=-2.1655180485 nfev=691 t=1174.5s remaining=1312
    iter=689 E=-2.1655196763 nfev=692 t=1176.5s remaining=1311
    iter=690 E=-2.1655212710 nfev=693 t=1178.6s remaining=1310
    iter=691 E=-2.1655227626 nfev=694 t=1180.7s remaining=1309
    iter=692 E=-2.1655241789 nfev=695 t=1182.7s remaining=1308
    iter=693 E=-2.1655254471 nfev=696 t=1184.7s remaining=1307
    iter=694 E=-2.1655265710 nfev=697 t=1186.7s remaining=1306
    iter=695 E=-2.1655275420 nfev=698 t=1188.3s remaining=1305
    iter=696 E=-2.1655285774 nfev=699 t=1189.8s remaining=1304
    iter=697 E=-2.1655298909 nfev=700 t=1191.4s remaining=1303
    iter=698 E=-2.1655315904 nfev=701 t=1192.9s remaining=1302
    iter=699 E=-2.1655332321 nfev=702 t=1194.5s remaining=1301
    iter=700 E=-2.1655349402 nfev=703 t=1196.0s remaining=1300
    iter=701 E=-2.1655366435 nfev=704 t=1197.5s remaining=1299
    iter=702 E=-2.1655380240 nfev=705 t=1199.0s remaining=1298
    iter=703 E=-2.1655388938 nfev=706 t=1200.6s remaining=1297
    iter=704 E=-2.1655397426 nfev=707 t=1202.2s remaining=1296
    iter=705 E=-2.1655407592 nfev=708 t=1203.7s remaining=1295
    iter=706 E=-2.1655417957 nfev=709 t=1205.2s remaining=1294
    iter=707 E=-2.1655426747 nfev=710 t=1206.9s remaining=1293
    iter=708 E=-2.1655436173 nfev=711 t=1208.4s remaining=1292
    iter=709 E=-2.1655447370 nfev=712 t=1210.0s remaining=1291
    iter=710 E=-2.1655460649 nfev=713 t=1211.5s remaining=1290
    iter=711 E=-2.1655474102 nfev=714 t=1213.0s remaining=1289
    iter=712 E=-2.1655488506 nfev=715 t=1214.6s remaining=1288
    iter=713 E=-2.1655503026 nfev=716 t=1216.1s remaining=1287
    iter=714 E=-2.1655515764 nfev=717 t=1218.0s remaining=1286
    iter=715 E=-2.1655525748 nfev=718 t=1219.6s remaining=1285
    iter=716 E=-2.1655533308 nfev=719 t=1221.1s remaining=1284
    iter=717 E=-2.1655539135 nfev=720 t=1222.6s remaining=1283
    iter=718 E=-2.1655544643 nfev=721 t=1224.1s remaining=1282
    iter=719 E=-2.1655550735 nfev=722 t=1225.7s remaining=1281
    iter=720 E=-2.1655559027 nfev=723 t=1227.2s remaining=1280
    iter=721 E=-2.1655570289 nfev=724 t=1228.9s remaining=1279
    iter=722 E=-2.1655585041 nfev=725 t=1230.5s remaining=1278
    iter=723 E=-2.1655602485 nfev=726 t=1232.2s remaining=1277
    iter=724 E=-2.1655619208 nfev=727 t=1233.8s remaining=1276
    iter=725 E=-2.1655631557 nfev=728 t=1235.5s remaining=1275
    iter=726 E=-2.1655639147 nfev=729 t=1237.1s remaining=1274
    iter=727 E=-2.1655645900 nfev=730 t=1238.7s remaining=1273
    iter=728 E=-2.1655652620 nfev=731 t=1240.3s remaining=1272
    iter=729 E=-2.1655659154 nfev=732 t=1241.9s remaining=1271
    iter=730 E=-2.1655667525 nfev=733 t=1243.4s remaining=1270
    iter=731 E=-2.1655678525 nfev=734 t=1245.0s remaining=1269
    iter=732 E=-2.1655688211 nfev=735 t=1246.6s remaining=1268
    iter=733 E=-2.1655697815 nfev=736 t=1248.3s remaining=1267
    iter=734 E=-2.1655709214 nfev=737 t=1250.0s remaining=1266
    iter=735 E=-2.1655723622 nfev=738 t=1251.6s remaining=1265
    iter=736 E=-2.1655737042 nfev=739 t=1253.1s remaining=1264
    iter=737 E=-2.1655745648 nfev=740 t=1254.6s remaining=1263
    iter=738 E=-2.1655751296 nfev=741 t=1256.2s remaining=1262
    iter=739 E=-2.1655756282 nfev=742 t=1258.0s remaining=1261
    iter=740 E=-2.1655762418 nfev=743 t=1259.8s remaining=1260
    iter=741 E=-2.1655769366 nfev=744 t=1261.5s remaining=1259
    iter=742 E=-2.1655777864 nfev=745 t=1263.3s remaining=1258
    iter=743 E=-2.1655787475 nfev=746 t=1265.0s remaining=1257
    iter=744 E=-2.1655798350 nfev=747 t=1266.8s remaining=1256
    iter=745 E=-2.1655808205 nfev=748 t=1268.6s remaining=1255
    iter=746 E=-2.1655815547 nfev=749 t=1270.3s remaining=1254
    iter=747 E=-2.1655821141 nfev=750 t=1272.1s remaining=1253
    iter=748 E=-2.1655826366 nfev=751 t=1273.9s remaining=1252
    iter=749 E=-2.1655831509 nfev=752 t=1275.6s remaining=1251
    iter=750 E=-2.1655836333 nfev=753 t=1277.4s remaining=1250
    iter=751 E=-2.1655841348 nfev=754 t=1279.2s remaining=1249
    iter=752 E=-2.1655847382 nfev=755 t=1280.9s remaining=1248
    iter=753 E=-2.1655855699 nfev=756 t=1282.7s remaining=1247
    iter=754 E=-2.1655866299 nfev=757 t=1284.4s remaining=1246
    iter=755 E=-2.1655876415 nfev=758 t=1286.2s remaining=1245
    iter=756 E=-2.1655884053 nfev=759 t=1288.0s remaining=1244
    iter=757 E=-2.1655889199 nfev=760 t=1289.8s remaining=1243
    iter=758 E=-2.1655892977 nfev=761 t=1291.5s remaining=1242
    iter=759 E=-2.1655896311 nfev=762 t=1293.3s remaining=1241
    iter=760 E=-2.1655899822 nfev=763 t=1295.0s remaining=1240
    iter=761 E=-2.1655904291 nfev=764 t=1296.8s remaining=1239
    iter=762 E=-2.1655910561 nfev=765 t=1298.6s remaining=1238
    iter=763 E=-2.1655918062 nfev=766 t=1300.3s remaining=1237
    iter=764 E=-2.1655925772 nfev=767 t=1302.1s remaining=1236
    iter=765 E=-2.1655932210 nfev=768 t=1303.9s remaining=1235
    iter=766 E=-2.1655936818 nfev=769 t=1305.7s remaining=1234
    iter=767 E=-2.1655940030 nfev=770 t=1307.4s remaining=1233
    iter=768 E=-2.1655942903 nfev=771 t=1309.2s remaining=1232
    iter=769 E=-2.1655946419 nfev=772 t=1311.0s remaining=1231
    iter=770 E=-2.1655951541 nfev=773 t=1312.8s remaining=1230
    iter=771 E=-2.1655959232 nfev=774 t=1314.5s remaining=1229
    iter=772 E=-2.1655969842 nfev=775 t=1316.2s remaining=1228
    iter=773 E=-2.1655980317 nfev=776 t=1317.8s remaining=1227
    iter=774 E=-2.1655988747 nfev=777 t=1319.3s remaining=1226
    iter=775 E=-2.1655994356 nfev=778 t=1320.9s remaining=1225
    iter=776 E=-2.1655997813 nfev=779 t=1322.6s remaining=1224
    iter=777 E=-2.1656000205 nfev=780 t=1324.2s remaining=1223
    iter=778 E=-2.1656003468 nfev=781 t=1325.7s remaining=1222
    iter=779 E=-2.1656008237 nfev=782 t=1327.3s remaining=1221
    iter=780 E=-2.1656015436 nfev=783 t=1328.9s remaining=1220
    iter=781 E=-2.1656026154 nfev=784 t=1330.5s remaining=1219
    iter=782 E=-2.1656039206 nfev=785 t=1332.1s remaining=1218
    iter=783 E=-2.1656050540 nfev=786 t=1333.6s remaining=1217
    iter=784 E=-2.1656059037 nfev=787 t=1335.1s remaining=1216
    iter=785 E=-2.1656064180 nfev=788 t=1336.6s remaining=1215
    iter=786 E=-2.1656067683 nfev=789 t=1338.2s remaining=1214
    iter=787 E=-2.1656070601 nfev=790 t=1339.8s remaining=1213
    iter=788 E=-2.1656073591 nfev=791 t=1341.5s remaining=1212
    iter=789 E=-2.1656077460 nfev=792 t=1343.1s remaining=1211
    iter=790 E=-2.1656083497 nfev=793 t=1344.7s remaining=1210
    iter=791 E=-2.1656092889 nfev=794 t=1346.4s remaining=1209
    iter=792 E=-2.1656106352 nfev=795 t=1348.4s remaining=1208
    iter=793 E=-2.1656118958 nfev=796 t=1350.5s remaining=1207
    iter=794 E=-2.1656127053 nfev=797 t=1352.6s remaining=1206
    iter=795 E=-2.1656131590 nfev=798 t=1354.7s remaining=1205
    iter=796 E=-2.1656134440 nfev=799 t=1356.8s remaining=1204
    iter=797 E=-2.1656137653 nfev=800 t=1358.8s remaining=1203
    iter=798 E=-2.1656142631 nfev=801 t=1360.8s remaining=1202
    iter=799 E=-2.1656150037 nfev=802 t=1362.7s remaining=1201
    iter=800 E=-2.1656159921 nfev=803 t=1364.2s remaining=1200
    iter=801 E=-2.1656172083 nfev=804 t=1365.7s remaining=1199
    iter=802 E=-2.1656184967 nfev=805 t=1367.3s remaining=1198
    iter=803 E=-2.1656194634 nfev=806 t=1368.9s remaining=1197
    iter=804 E=-2.1656200179 nfev=807 t=1370.5s remaining=1196
    iter=805 E=-2.1656203401 nfev=808 t=1372.0s remaining=1195
    iter=806 E=-2.1656205825 nfev=809 t=1373.7s remaining=1194
    iter=807 E=-2.1656208441 nfev=810 t=1375.4s remaining=1193
    iter=808 E=-2.1656212109 nfev=811 t=1376.9s remaining=1192
    iter=809 E=-2.1656217929 nfev=812 t=1378.6s remaining=1191
    iter=810 E=-2.1656227329 nfev=813 t=1380.2s remaining=1190
    iter=811 E=-2.1656241561 nfev=814 t=1381.8s remaining=1189
    iter=812 E=-2.1656256922 nfev=815 t=1383.8s remaining=1188
    iter=813 E=-2.1656267136 nfev=816 t=1385.8s remaining=1187
    iter=814 E=-2.1656272954 nfev=817 t=1387.9s remaining=1186
    iter=815 E=-2.1656275355 nfev=818 t=1389.9s remaining=1185
    iter=816 E=-2.1656277152 nfev=819 t=1391.5s remaining=1184
    iter=817 E=-2.1656279450 nfev=820 t=1393.2s remaining=1183
    iter=818 E=-2.1656282880 nfev=821 t=1394.7s remaining=1182
    iter=819 E=-2.1656288231 nfev=822 t=1396.2s remaining=1181
    iter=820 E=-2.1656296494 nfev=823 t=1397.7s remaining=1180
    iter=821 E=-2.1656307662 nfev=824 t=1399.2s remaining=1179
    iter=822 E=-2.1656317409 nfev=825 t=1400.8s remaining=1178
    iter=823 E=-2.1656325064 nfev=826 t=1402.4s remaining=1177
    iter=824 E=-2.1656329017 nfev=827 t=1403.9s remaining=1176
    iter=825 E=-2.1656331356 nfev=828 t=1405.4s remaining=1175
    iter=826 E=-2.1656333854 nfev=829 t=1407.0s remaining=1174
    iter=827 E=-2.1656337525 nfev=830 t=1408.5s remaining=1173
    iter=828 E=-2.1656342332 nfev=831 t=1410.1s remaining=1172
    iter=829 E=-2.1656349561 nfev=832 t=1412.1s remaining=1171
    iter=830 E=-2.1656359714 nfev=833 t=1414.2s remaining=1170
    iter=831 E=-2.1656367942 nfev=834 t=1416.2s remaining=1169
    iter=832 E=-2.1656372529 nfev=835 t=1417.9s remaining=1168
    iter=833 E=-2.1656375230 nfev=836 t=1419.4s remaining=1167
    iter=834 E=-2.1656377559 nfev=837 t=1420.9s remaining=1166
    iter=835 E=-2.1656380145 nfev=838 t=1422.4s remaining=1165
    iter=836 E=-2.1656383145 nfev=839 t=1424.0s remaining=1164
    iter=837 E=-2.1656387384 nfev=840 t=1425.7s remaining=1163
    iter=838 E=-2.1656393801 nfev=841 t=1427.7s remaining=1162
    iter=839 E=-2.1656403399 nfev=842 t=1429.7s remaining=1161
    iter=840 E=-2.1656414575 nfev=843 t=1431.7s remaining=1160
    iter=841 E=-2.1656422211 nfev=844 t=1433.6s remaining=1159
    iter=842 E=-2.1656428449 nfev=845 t=1435.2s remaining=1158
    iter=843 E=-2.1656433106 nfev=846 t=1436.7s remaining=1157
    iter=844 E=-2.1656436934 nfev=847 t=1438.2s remaining=1156
    iter=845 E=-2.1656439857 nfev=848 t=1439.7s remaining=1155
    iter=846 E=-2.1656443911 nfev=849 t=1441.3s remaining=1154
    iter=847 E=-2.1656447362 nfev=850 t=1442.8s remaining=1153
    iter=848 E=-2.1656450692 nfev=851 t=1444.3s remaining=1152
    iter=849 E=-2.1656455690 nfev=852 t=1445.8s remaining=1151
    iter=850 E=-2.1656463452 nfev=853 t=1447.3s remaining=1150
    iter=851 E=-2.1656475494 nfev=854 t=1448.9s remaining=1149
    iter=852 E=-2.1656490911 nfev=855 t=1450.4s remaining=1148
    iter=853 E=-2.1656501764 nfev=856 t=1451.9s remaining=1147
    iter=854 E=-2.1656508090 nfev=857 t=1453.4s remaining=1146
    iter=855 E=-2.1656511165 nfev=858 t=1455.1s remaining=1145
    iter=856 E=-2.1656513319 nfev=859 t=1457.2s remaining=1144
    iter=857 E=-2.1656516431 nfev=860 t=1459.1s remaining=1143
    iter=858 E=-2.1656521152 nfev=861 t=1461.0s remaining=1142
    iter=859 E=-2.1656528740 nfev=862 t=1463.1s remaining=1141
    iter=860 E=-2.1656540707 nfev=863 t=1464.7s remaining=1140
    iter=861 E=-2.1656557377 nfev=864 t=1466.2s remaining=1139
    iter=862 E=-2.1656569892 nfev=865 t=1467.8s remaining=1138
    iter=863 E=-2.1656577672 nfev=866 t=1469.3s remaining=1137
    iter=864 E=-2.1656581020 nfev=867 t=1471.1s remaining=1136
    iter=865 E=-2.1656583047 nfev=868 t=1472.6s remaining=1135
    iter=866 E=-2.1656585323 nfev=869 t=1474.1s remaining=1134
    iter=867 E=-2.1656588425 nfev=870 t=1475.6s remaining=1133
    iter=868 E=-2.1656591892 nfev=871 t=1477.2s remaining=1132
    iter=869 E=-2.1656597620 nfev=872 t=1478.7s remaining=1131
    iter=870 E=-2.1656607057 nfev=873 t=1480.2s remaining=1130
    iter=871 E=-2.1656620901 nfev=874 t=1481.7s remaining=1129
    iter=872 E=-2.1656632768 nfev=875 t=1483.2s remaining=1128
    iter=873 E=-2.1656640818 nfev=876 t=1484.7s remaining=1127
    iter=874 E=-2.1656646152 nfev=877 t=1486.3s remaining=1126
    iter=875 E=-2.1656648843 nfev=878 t=1487.8s remaining=1125
    iter=876 E=-2.1656650934 nfev=879 t=1489.2s remaining=1124
    iter=877 E=-2.1656653913 nfev=880 t=1490.7s remaining=1123
    iter=878 E=-2.1656658564 nfev=881 t=1492.2s remaining=1122
    iter=879 E=-2.1656665810 nfev=882 t=1493.7s remaining=1121
    iter=880 E=-2.1656676581 nfev=883 t=1495.3s remaining=1120
    iter=881 E=-2.1656689824 nfev=884 t=1496.9s remaining=1119
    iter=882 E=-2.1656702069 nfev=885 t=1498.5s remaining=1118
    iter=883 E=-2.1656710783 nfev=886 t=1500.0s remaining=1117
    iter=884 E=-2.1656715659 nfev=887 t=1501.6s remaining=1116
    iter=885 E=-2.1656718318 nfev=888 t=1503.2s remaining=1115
    iter=886 E=-2.1656720494 nfev=889 t=1504.7s remaining=1114
    iter=887 E=-2.1656723322 nfev=890 t=1506.2s remaining=1113
    iter=888 E=-2.1656726750 nfev=891 t=1507.8s remaining=1112
    iter=889 E=-2.1656731986 nfev=892 t=1509.4s remaining=1111
    iter=890 E=-2.1656740224 nfev=893 t=1511.0s remaining=1110
    iter=891 E=-2.1656752237 nfev=894 t=1512.5s remaining=1109
    iter=892 E=-2.1656765526 nfev=895 t=1514.1s remaining=1108
    iter=893 E=-2.1656774714 nfev=896 t=1515.7s remaining=1107
    iter=894 E=-2.1656781673 nfev=897 t=1517.3s remaining=1106
    iter=895 E=-2.1656785285 nfev=898 t=1518.9s remaining=1105
    iter=896 E=-2.1656787805 nfev=899 t=1520.6s remaining=1104
    iter=897 E=-2.1656791649 nfev=900 t=1522.4s remaining=1103
    iter=898 E=-2.1656796572 nfev=901 t=1523.9s remaining=1102
    iter=899 E=-2.1656800467 nfev=902 t=1525.5s remaining=1101
    iter=900 E=-2.1656805430 nfev=903 t=1527.0s remaining=1100
    iter=901 E=-2.1656810281 nfev=904 t=1528.5s remaining=1099
    iter=902 E=-2.1656816057 nfev=905 t=1530.0s remaining=1098
    iter=903 E=-2.1656823711 nfev=906 t=1531.5s remaining=1097
    iter=904 E=-2.1656833133 nfev=907 t=1533.0s remaining=1096
    iter=905 E=-2.1656841563 nfev=908 t=1534.5s remaining=1095
    iter=906 E=-2.1656847263 nfev=909 t=1536.1s remaining=1094
    iter=907 E=-2.1656850430 nfev=910 t=1537.6s remaining=1093
    iter=908 E=-2.1656852848 nfev=911 t=1539.2s remaining=1092
    iter=909 E=-2.1656855735 nfev=912 t=1540.8s remaining=1091
    iter=910 E=-2.1656859525 nfev=913 t=1542.4s remaining=1090
    iter=911 E=-2.1656864590 nfev=914 t=1543.9s remaining=1089
    iter=912 E=-2.1656872178 nfev=915 t=1545.4s remaining=1088
    iter=913 E=-2.1656882871 nfev=916 t=1546.9s remaining=1087
    iter=914 E=-2.1656895864 nfev=917 t=1548.4s remaining=1086
    iter=915 E=-2.1656907022 nfev=918 t=1550.0s remaining=1085
    iter=916 E=-2.1656915559 nfev=919 t=1551.6s remaining=1084
    iter=917 E=-2.1656919462 nfev=920 t=1553.1s remaining=1083
    iter=918 E=-2.1656921938 nfev=921 t=1554.6s remaining=1082
    iter=919 E=-2.1656924395 nfev=922 t=1556.3s remaining=1081
    iter=920 E=-2.1656927732 nfev=923 t=1557.9s remaining=1080
    iter=921 E=-2.1656931207 nfev=924 t=1559.4s remaining=1079
    iter=922 E=-2.1656936206 nfev=925 t=1561.0s remaining=1078
    iter=923 E=-2.1656943045 nfev=926 t=1562.5s remaining=1077
    iter=924 E=-2.1656951188 nfev=927 t=1564.1s remaining=1076
    iter=925 E=-2.1656961482 nfev=928 t=1565.7s remaining=1075
    iter=926 E=-2.1656972809 nfev=929 t=1567.3s remaining=1074
    iter=927 E=-2.1656981928 nfev=930 t=1568.9s remaining=1073
    iter=928 E=-2.1656987001 nfev=931 t=1570.3s remaining=1072
    iter=929 E=-2.1656989533 nfev=932 t=1571.8s remaining=1071
    iter=930 E=-2.1656991485 nfev=933 t=1573.3s remaining=1070
    iter=931 E=-2.1656993497 nfev=934 t=1574.9s remaining=1069
    iter=932 E=-2.1656996671 nfev=935 t=1576.4s remaining=1068
    iter=933 E=-2.1657001663 nfev=936 t=1578.0s remaining=1067
    iter=934 E=-2.1657009399 nfev=937 t=1579.7s remaining=1066
    iter=935 E=-2.1657021038 nfev=938 t=1581.3s remaining=1065
    iter=936 E=-2.1657036669 nfev=939 t=1583.0s remaining=1064
    iter=937 E=-2.1657048201 nfev=940 t=1584.6s remaining=1063
    iter=938 E=-2.1657055104 nfev=941 t=1586.4s remaining=1062
    iter=939 E=-2.1657058516 nfev=942 t=1588.1s remaining=1061
    iter=940 E=-2.1657061201 nfev=943 t=1589.6s remaining=1060
    iter=941 E=-2.1657065030 nfev=944 t=1591.3s remaining=1059
    iter=942 E=-2.1657069273 nfev=945 t=1592.8s remaining=1058
    iter=943 E=-2.1657073800 nfev=946 t=1594.5s remaining=1057
    iter=944 E=-2.1657079945 nfev=947 t=1596.1s remaining=1056
    iter=945 E=-2.1657088365 nfev=948 t=1598.1s remaining=1055
    iter=946 E=-2.1657097315 nfev=949 t=1599.8s remaining=1054
    iter=947 E=-2.1657106522 nfev=950 t=1601.5s remaining=1053
    iter=948 E=-2.1657115495 nfev=951 t=1603.1s remaining=1052
    iter=949 E=-2.1657122731 nfev=952 t=1604.7s remaining=1051
    iter=950 E=-2.1657129285 nfev=953 t=1606.3s remaining=1050
    iter=951 E=-2.1657134282 nfev=954 t=1607.8s remaining=1049
    iter=952 E=-2.1657138395 nfev=955 t=1609.4s remaining=1048
    iter=953 E=-2.1657140974 nfev=956 t=1610.9s remaining=1047
    iter=954 E=-2.1657143815 nfev=957 t=1612.6s remaining=1046
    iter=955 E=-2.1657147836 nfev=958 t=1614.1s remaining=1045
    iter=956 E=-2.1657153019 nfev=959 t=1615.7s remaining=1044
    iter=957 E=-2.1657160939 nfev=960 t=1617.2s remaining=1043
    iter=958 E=-2.1657172696 nfev=961 t=1618.7s remaining=1042
    iter=959 E=-2.1657187103 nfev=962 t=1620.3s remaining=1041
    iter=960 E=-2.1657199988 nfev=963 t=1621.9s remaining=1040
    iter=961 E=-2.1657210658 nfev=964 t=1623.4s remaining=1039
    iter=962 E=-2.1657217370 nfev=965 t=1625.0s remaining=1038
    iter=963 E=-2.1657221739 nfev=966 t=1626.5s remaining=1037
    iter=964 E=-2.1657224914 nfev=967 t=1628.1s remaining=1036
    iter=965 E=-2.1657227728 nfev=968 t=1629.6s remaining=1035
    iter=966 E=-2.1657230448 nfev=969 t=1631.2s remaining=1034
    iter=967 E=-2.1657233901 nfev=970 t=1632.8s remaining=1033
    iter=968 E=-2.1657238933 nfev=971 t=1634.3s remaining=1032
    iter=969 E=-2.1657246289 nfev=972 t=1636.0s remaining=1031
    iter=970 E=-2.1657255556 nfev=973 t=1637.5s remaining=1030
    iter=971 E=-2.1657264915 nfev=974 t=1639.0s remaining=1029
    iter=972 E=-2.1657276133 nfev=975 t=1640.6s remaining=1028
    iter=973 E=-2.1657287662 nfev=976 t=1642.1s remaining=1027
    iter=974 E=-2.1657294506 nfev=977 t=1643.8s remaining=1026
    iter=975 E=-2.1657302013 nfev=978 t=1645.7s remaining=1025
    iter=976 E=-2.1657308508 nfev=979 t=1647.2s remaining=1024
    iter=977 E=-2.1657313591 nfev=980 t=1648.9s remaining=1023
    iter=978 E=-2.1657316647 nfev=981 t=1650.8s remaining=1022
    iter=979 E=-2.1657319419 nfev=982 t=1652.7s remaining=1021
    iter=980 E=-2.1657322710 nfev=983 t=1654.5s remaining=1020
    iter=981 E=-2.1657326821 nfev=984 t=1656.2s remaining=1019
    iter=982 E=-2.1657332860 nfev=985 t=1657.8s remaining=1018
    iter=983 E=-2.1657341767 nfev=986 t=1659.3s remaining=1017
    iter=984 E=-2.1657354513 nfev=987 t=1660.9s remaining=1016
    iter=985 E=-2.1657369195 nfev=988 t=1662.5s remaining=1015
    iter=986 E=-2.1657382533 nfev=989 t=1664.0s remaining=1014
    iter=987 E=-2.1657392801 nfev=990 t=1665.6s remaining=1013
    iter=988 E=-2.1657398866 nfev=991 t=1667.2s remaining=1012
    iter=989 E=-2.1657402349 nfev=992 t=1668.7s remaining=1011
    iter=990 E=-2.1657404708 nfev=993 t=1670.2s remaining=1010
    iter=991 E=-2.1657406632 nfev=994 t=1671.7s remaining=1009
    iter=992 E=-2.1657409020 nfev=995 t=1673.2s remaining=1008
    iter=993 E=-2.1657412872 nfev=996 t=1674.7s remaining=1007
    iter=994 E=-2.1657419290 nfev=997 t=1676.2s remaining=1006
    iter=995 E=-2.1657429620 nfev=998 t=1677.7s remaining=1005
    iter=996 E=-2.1657444408 nfev=999 t=1679.2s remaining=1004
    iter=997 E=-2.1657459354 nfev=1000 t=1680.8s remaining=1003
    iter=998 E=-2.1657472432 nfev=1001 t=1682.6s remaining=1002
    iter=999 E=-2.1657482547 nfev=1002 t=1684.2s remaining=1001
    iter=1000 E=-2.1657486475 nfev=1003 t=1685.8s remaining=1000
    iter=1001 E=-2.1657491630 nfev=1004 t=1687.3s remaining=999
    iter=1002 E=-2.1657495718 nfev=1005 t=1688.9s remaining=998
    iter=1003 E=-2.1657500061 nfev=1006 t=1690.9s remaining=997
    iter=1004 E=-2.1657504006 nfev=1007 t=1692.6s remaining=996
    iter=1005 E=-2.1657508288 nfev=1008 t=1694.3s remaining=995
    iter=1006 E=-2.1657513738 nfev=1009 t=1695.9s remaining=994
    iter=1007 E=-2.1657522407 nfev=1010 t=1697.6s remaining=993
    iter=1008 E=-2.1657535783 nfev=1011 t=1699.3s remaining=992
    iter=1009 E=-2.1657553516 nfev=1012 t=1701.0s remaining=991
    iter=1010 E=-2.1657568174 nfev=1013 t=1702.6s remaining=990
    iter=1011 E=-2.1657581305 nfev=1014 t=1704.2s remaining=989
    iter=1012 E=-2.1657588565 nfev=1015 t=1706.2s remaining=988
    iter=1013 E=-2.1657592640 nfev=1016 t=1707.9s remaining=987
    iter=1014 E=-2.1657595940 nfev=1017 t=1709.6s remaining=986
    iter=1015 E=-2.1657599719 nfev=1018 t=1711.3s remaining=985
    iter=1016 E=-2.1657603350 nfev=1019 t=1712.8s remaining=984
    iter=1017 E=-2.1657607508 nfev=1020 t=1714.5s remaining=983
    iter=1018 E=-2.1657613309 nfev=1021 t=1716.1s remaining=982
    iter=1019 E=-2.1657621449 nfev=1022 t=1717.7s remaining=981
    iter=1020 E=-2.1657632725 nfev=1023 t=1719.2s remaining=980
    iter=1021 E=-2.1657646309 nfev=1024 t=1720.7s remaining=979
    iter=1022 E=-2.1657659425 nfev=1025 t=1722.3s remaining=978
    iter=1023 E=-2.1657673971 nfev=1026 t=1723.9s remaining=977
    iter=1024 E=-2.1657686896 nfev=1027 t=1725.4s remaining=976
    iter=1025 E=-2.1657693656 nfev=1028 t=1727.0s remaining=975
    iter=1026 E=-2.1657698166 nfev=1029 t=1728.6s remaining=974
    iter=1027 E=-2.1657701785 nfev=1030 t=1730.2s remaining=973
    iter=1028 E=-2.1657704353 nfev=1031 t=1731.8s remaining=972
    iter=1029 E=-2.1657707720 nfev=1032 t=1733.3s remaining=971
    iter=1030 E=-2.1657711447 nfev=1033 t=1734.8s remaining=970
    iter=1031 E=-2.1657715798 nfev=1034 t=1736.3s remaining=969
    iter=1032 E=-2.1657722097 nfev=1035 t=1737.9s remaining=968
    iter=1033 E=-2.1657730808 nfev=1036 t=1739.4s remaining=967
    iter=1034 E=-2.1657742144 nfev=1037 t=1740.9s remaining=966
    iter=1035 E=-2.1657755678 nfev=1038 t=1742.5s remaining=965
    iter=1036 E=-2.1657768592 nfev=1039 t=1744.2s remaining=964
    iter=1037 E=-2.1657776593 nfev=1040 t=1746.0s remaining=963
    iter=1038 E=-2.1657780812 nfev=1041 t=1747.8s remaining=962
    iter=1039 E=-2.1657783682 nfev=1042 t=1749.6s remaining=961
    iter=1040 E=-2.1657785773 nfev=1043 t=1751.3s remaining=960
    iter=1041 E=-2.1657788484 nfev=1044 t=1753.1s remaining=959
    iter=1042 E=-2.1657791101 nfev=1045 t=1754.9s remaining=958
    iter=1043 E=-2.1657794788 nfev=1046 t=1756.7s remaining=957
    iter=1044 E=-2.1657800334 nfev=1047 t=1758.5s remaining=956
    iter=1045 E=-2.1657808881 nfev=1048 t=1760.2s remaining=955
    iter=1046 E=-2.1657821407 nfev=1049 t=1762.0s remaining=954
    iter=1047 E=-2.1657835006 nfev=1050 t=1763.8s remaining=953
    iter=1048 E=-2.1657844687 nfev=1051 t=1765.8s remaining=952
    iter=1049 E=-2.1657852951 nfev=1052 t=1767.4s remaining=951
    iter=1050 E=-2.1657856667 nfev=1053 t=1769.3s remaining=950
    iter=1051 E=-2.1657858822 nfev=1054 t=1771.1s remaining=949
    iter=1052 E=-2.1657861780 nfev=1055 t=1773.1s remaining=948
    iter=1053 E=-2.1657864106 nfev=1056 t=1775.1s remaining=947
    iter=1054 E=-2.1657866742 nfev=1057 t=1776.8s remaining=946
    iter=1055 E=-2.1657870624 nfev=1058 t=1778.2s remaining=945
    iter=1056 E=-2.1657876504 nfev=1059 t=1779.8s remaining=944
    iter=1057 E=-2.1657885225 nfev=1060 t=1781.4s remaining=943
    iter=1058 E=-2.1657897124 nfev=1061 t=1783.0s remaining=942
    iter=1059 E=-2.1657910569 nfev=1062 t=1784.6s remaining=941
    iter=1060 E=-2.1657922227 nfev=1063 t=1786.1s remaining=940
    iter=1061 E=-2.1657929068 nfev=1064 t=1787.6s remaining=939
    iter=1062 E=-2.1657932461 nfev=1065 t=1789.7s remaining=938
    iter=1063 E=-2.1657934519 nfev=1066 t=1791.8s remaining=937
    iter=1064 E=-2.1657936595 nfev=1067 t=1793.9s remaining=936
    iter=1065 E=-2.1657939575 nfev=1068 t=1796.1s remaining=935
    iter=1066 E=-2.1657943974 nfev=1069 t=1797.7s remaining=934
    iter=1067 E=-2.1657951017 nfev=1070 t=1799.4s remaining=933
    iter=1068 E=-2.1657962367 nfev=1071 t=1801.2s remaining=932
    iter=1069 E=-2.1657979398 nfev=1072 t=1802.7s remaining=931
    iter=1070 E=-2.1657996431 nfev=1073 t=1804.3s remaining=930
    iter=1071 E=-2.1658006646 nfev=1074 t=1805.8s remaining=929
    iter=1072 E=-2.1658012506 nfev=1075 t=1807.3s remaining=928
    iter=1073 E=-2.1658015073 nfev=1076 t=1808.9s remaining=927
    iter=1074 E=-2.1658016746 nfev=1077 t=1810.4s remaining=926
    iter=1075 E=-2.1658018715 nfev=1078 t=1812.0s remaining=925
    iter=1076 E=-2.1658020901 nfev=1079 t=1813.6s remaining=924
    iter=1077 E=-2.1658023572 nfev=1080 t=1815.2s remaining=923
    iter=1078 E=-2.1658027700 nfev=1081 t=1816.7s remaining=922
    iter=1079 E=-2.1658034026 nfev=1082 t=1818.4s remaining=921
    iter=1080 E=-2.1658043351 nfev=1083 t=1820.0s remaining=920
    iter=1081 E=-2.1658054613 nfev=1084 t=1821.6s remaining=919
    iter=1082 E=-2.1658066632 nfev=1085 t=1823.2s remaining=918
    iter=1083 E=-2.1658076484 nfev=1086 t=1824.8s remaining=917
    iter=1084 E=-2.1658082822 nfev=1087 t=1826.3s remaining=916
    iter=1085 E=-2.1658086879 nfev=1088 t=1827.9s remaining=915
    iter=1086 E=-2.1658089955 nfev=1089 t=1829.4s remaining=914
    iter=1087 E=-2.1658092373 nfev=1090 t=1831.3s remaining=913
    iter=1088 E=-2.1658094632 nfev=1091 t=1833.2s remaining=912
    iter=1089 E=-2.1658097758 nfev=1092 t=1834.8s remaining=911
    iter=1090 E=-2.1658102511 nfev=1093 t=1836.4s remaining=910
    iter=1091 E=-2.1658109731 nfev=1094 t=1837.9s remaining=909
    iter=1092 E=-2.1658120535 nfev=1095 t=1839.5s remaining=908
    iter=1093 E=-2.1658135501 nfev=1096 t=1841.0s remaining=907
    iter=1094 E=-2.1658149317 nfev=1097 t=1842.5s remaining=906
    iter=1095 E=-2.1658158681 nfev=1098 t=1844.0s remaining=905
    iter=1096 E=-2.1658162823 nfev=1099 t=1845.7s remaining=904
    iter=1097 E=-2.1658164873 nfev=1100 t=1847.8s remaining=903
    iter=1098 E=-2.1658166689 nfev=1101 t=1849.8s remaining=902
    iter=1099 E=-2.1658168763 nfev=1102 t=1851.8s remaining=901
    iter=1100 E=-2.1658171218 nfev=1103 t=1853.9s remaining=900
    iter=1101 E=-2.1658174966 nfev=1104 t=1855.8s remaining=899
    iter=1102 E=-2.1658180987 nfev=1105 t=1857.9s remaining=898
    iter=1103 E=-2.1658190121 nfev=1106 t=1859.6s remaining=897
    iter=1104 E=-2.1658201091 nfev=1107 t=1861.1s remaining=896
    iter=1105 E=-2.1658211384 nfev=1108 t=1862.8s remaining=895
    iter=1106 E=-2.1658220760 nfev=1109 t=1864.3s remaining=894
    iter=1107 E=-2.1658225866 nfev=1110 t=1866.1s remaining=893
    iter=1108 E=-2.1658228970 nfev=1111 t=1867.7s remaining=892
    iter=1109 E=-2.1658231559 nfev=1112 t=1869.5s remaining=891
    iter=1110 E=-2.1658234290 nfev=1113 t=1871.1s remaining=890
    iter=1111 E=-2.1658236734 nfev=1114 t=1872.7s remaining=889
    iter=1112 E=-2.1658239307 nfev=1115 t=1874.2s remaining=888
    iter=1113 E=-2.1658242418 nfev=1116 t=1875.8s remaining=887
    iter=1114 E=-2.1658246634 nfev=1117 t=1877.6s remaining=886
    iter=1115 E=-2.1658252927 nfev=1118 t=1879.2s remaining=885
    iter=1116 E=-2.1658261645 nfev=1119 t=1881.2s remaining=884
    iter=1117 E=-2.1658272519 nfev=1120 t=1883.0s remaining=883
    iter=1118 E=-2.1658282076 nfev=1121 t=1884.6s remaining=882
    iter=1119 E=-2.1658291500 nfev=1122 t=1886.3s remaining=881
    iter=1120 E=-2.1658297948 nfev=1123 t=1887.9s remaining=880
    iter=1121 E=-2.1658303847 nfev=1124 t=1889.5s remaining=879
    iter=1122 E=-2.1658308609 nfev=1125 t=1891.1s remaining=878
    iter=1123 E=-2.1658311730 nfev=1126 t=1892.6s remaining=877
    iter=1124 E=-2.1658314215 nfev=1127 t=1894.2s remaining=876
    iter=1125 E=-2.1658317279 nfev=1128 t=1895.8s remaining=875
    iter=1126 E=-2.1658320690 nfev=1129 t=1897.8s remaining=874
    iter=1127 E=-2.1658324477 nfev=1130 t=1899.8s remaining=873
    iter=1128 E=-2.1658330208 nfev=1131 t=1901.6s remaining=872
    iter=1129 E=-2.1658338941 nfev=1132 t=1903.3s remaining=871
    iter=1130 E=-2.1658351128 nfev=1133 t=1904.8s remaining=870
    iter=1131 E=-2.1658363465 nfev=1134 t=1906.4s remaining=869
    iter=1132 E=-2.1658374931 nfev=1135 t=1908.0s remaining=868
    iter=1133 E=-2.1658383439 nfev=1136 t=1909.5s remaining=867
    iter=1134 E=-2.1658387755 nfev=1137 t=1911.0s remaining=866
    iter=1135 E=-2.1658390142 nfev=1138 t=1912.6s remaining=865
    iter=1136 E=-2.1658391879 nfev=1139 t=1914.1s remaining=864
    iter=1137 E=-2.1658393931 nfev=1140 t=1915.6s remaining=863
    iter=1138 E=-2.1658397083 nfev=1141 t=1917.2s remaining=862
    iter=1139 E=-2.1658401987 nfev=1142 t=1918.7s remaining=861
    iter=1140 E=-2.1658409398 nfev=1143 t=1920.2s remaining=860
    iter=1141 E=-2.1658419616 nfev=1144 t=1921.8s remaining=859
    iter=1142 E=-2.1658429809 nfev=1145 t=1923.4s remaining=858
    iter=1143 E=-2.1658441072 nfev=1146 t=1925.1s remaining=857
    iter=1144 E=-2.1658451532 nfev=1147 t=1926.7s remaining=856
    iter=1145 E=-2.1658460351 nfev=1148 t=1928.2s remaining=855
    iter=1146 E=-2.1658466784 nfev=1149 t=1930.0s remaining=854
    iter=1147 E=-2.1658471083 nfev=1150 t=1932.2s remaining=853
    iter=1148 E=-2.1658473999 nfev=1151 t=1933.8s remaining=852
    iter=1149 E=-2.1658476276 nfev=1152 t=1935.3s remaining=851
    iter=1150 E=-2.1658478386 nfev=1153 t=1936.8s remaining=850
    iter=1151 E=-2.1658481178 nfev=1154 t=1938.4s remaining=849
    iter=1152 E=-2.1658484787 nfev=1155 t=1940.1s remaining=848
    iter=1153 E=-2.1658490187 nfev=1156 t=1941.6s remaining=847
    iter=1154 E=-2.1658498483 nfev=1157 t=1943.2s remaining=846
    iter=1155 E=-2.1658509985 nfev=1158 t=1944.8s remaining=845
    iter=1156 E=-2.1658519705 nfev=1159 t=1946.4s remaining=844
    iter=1157 E=-2.1658527596 nfev=1160 t=1948.0s remaining=843
    iter=1158 E=-2.1658533051 nfev=1161 t=1949.6s remaining=842
    iter=1159 E=-2.1658536128 nfev=1162 t=1951.3s remaining=841
    iter=1160 E=-2.1658537934 nfev=1163 t=1953.1s remaining=840
    iter=1161 E=-2.1658539337 nfev=1164 t=1954.6s remaining=839
    iter=1162 E=-2.1658540830 nfev=1165 t=1956.3s remaining=838
    iter=1163 E=-2.1658542784 nfev=1166 t=1958.1s remaining=837
    iter=1164 E=-2.1658545327 nfev=1167 t=1959.7s remaining=836
    iter=1165 E=-2.1658549057 nfev=1168 t=1961.2s remaining=835
    iter=1166 E=-2.1658554908 nfev=1169 t=1962.8s remaining=834
    iter=1167 E=-2.1658563811 nfev=1170 t=1964.4s remaining=833
    iter=1168 E=-2.1658575155 nfev=1171 t=1965.9s remaining=832
    iter=1169 E=-2.1658582155 nfev=1172 t=1967.6s remaining=831
    iter=1170 E=-2.1658586972 nfev=1173 t=1969.4s remaining=830
    iter=1171 E=-2.1658589668 nfev=1174 t=1971.3s remaining=829
    iter=1172 E=-2.1658591428 nfev=1175 t=1973.0s remaining=828
    iter=1173 E=-2.1658593284 nfev=1176 t=1974.5s remaining=827
    iter=1174 E=-2.1658595725 nfev=1177 t=1976.1s remaining=826
    iter=1175 E=-2.1658598381 nfev=1178 t=1977.7s remaining=825
    iter=1176 E=-2.1658602198 nfev=1179 t=1979.2s remaining=824
    iter=1177 E=-2.1658607278 nfev=1180 t=1980.8s remaining=823
    iter=1178 E=-2.1658612884 nfev=1181 t=1982.4s remaining=822
    iter=1179 E=-2.1658619560 nfev=1182 t=1984.0s remaining=821
    iter=1180 E=-2.1658627249 nfev=1183 t=1985.9s remaining=820
    iter=1181 E=-2.1658634983 nfev=1184 t=1987.9s remaining=819
    iter=1182 E=-2.1658640980 nfev=1185 t=1989.6s remaining=818
    iter=1183 E=-2.1658645029 nfev=1186 t=1991.2s remaining=817
    iter=1184 E=-2.1658647738 nfev=1187 t=1992.7s remaining=816
    iter=1185 E=-2.1658649832 nfev=1188 t=1994.3s remaining=815
    iter=1186 E=-2.1658651607 nfev=1189 t=1995.8s remaining=814
    iter=1187 E=-2.1658653602 nfev=1190 t=1997.4s remaining=813
    iter=1188 E=-2.1658656440 nfev=1191 t=1999.0s remaining=812
    iter=1189 E=-2.1658659819 nfev=1192 t=2000.9s remaining=811
    iter=1190 E=-2.1658663923 nfev=1193 t=2003.0s remaining=810
    iter=1191 E=-2.1658669037 nfev=1194 t=2005.0s remaining=809
    iter=1192 E=-2.1658675816 nfev=1195 t=2006.8s remaining=808
    iter=1193 E=-2.1658685511 nfev=1196 t=2008.3s remaining=807
    iter=1194 E=-2.1658696280 nfev=1197 t=2009.9s remaining=806
    iter=1195 E=-2.1658704963 nfev=1198 t=2011.4s remaining=805
    iter=1196 E=-2.1658710225 nfev=1199 t=2013.0s remaining=804
    iter=1197 E=-2.1658712969 nfev=1200 t=2014.5s remaining=803
    iter=1198 E=-2.1658714498 nfev=1201 t=2016.0s remaining=802
    iter=1199 E=-2.1658715720 nfev=1202 t=2017.6s remaining=801
    iter=1200 E=-2.1658717523 nfev=1203 t=2019.3s remaining=800
    iter=1201 E=-2.1658720230 nfev=1204 t=2020.9s remaining=799
    iter=1202 E=-2.1658724349 nfev=1205 t=2022.4s remaining=798
    iter=1203 E=-2.1658730531 nfev=1206 t=2024.0s remaining=797
    iter=1204 E=-2.1658739287 nfev=1207 t=2025.7s remaining=796
    iter=1205 E=-2.1658748758 nfev=1208 t=2027.4s remaining=795
    iter=1206 E=-2.1658757474 nfev=1209 t=2028.9s remaining=794
    iter=1207 E=-2.1658764528 nfev=1210 t=2030.5s remaining=793
    iter=1208 E=-2.1658769347 nfev=1211 t=2032.0s remaining=792
    iter=1209 E=-2.1658772620 nfev=1212 t=2033.7s remaining=791
    iter=1210 E=-2.1658774972 nfev=1213 t=2035.5s remaining=790
    iter=1211 E=-2.1658776652 nfev=1214 t=2037.3s remaining=789
    iter=1212 E=-2.1658778018 nfev=1215 t=2039.1s remaining=788
    iter=1213 E=-2.1658779766 nfev=1216 t=2040.8s remaining=787
    iter=1214 E=-2.1658782258 nfev=1217 t=2042.5s remaining=786
    iter=1215 E=-2.1658785952 nfev=1218 t=2044.1s remaining=785
    iter=1216 E=-2.1658791638 nfev=1219 t=2045.8s remaining=784
    iter=1217 E=-2.1658799987 nfev=1220 t=2047.4s remaining=783
    iter=1218 E=-2.1658811221 nfev=1221 t=2048.9s remaining=782
    iter=1219 E=-2.1658821565 nfev=1222 t=2050.5s remaining=781
    iter=1220 E=-2.1658830416 nfev=1223 t=2052.0s remaining=780
    iter=1221 E=-2.1658837695 nfev=1224 t=2053.6s remaining=779
    iter=1222 E=-2.1658842597 nfev=1225 t=2055.1s remaining=778
    iter=1223 E=-2.1658845587 nfev=1226 t=2056.6s remaining=777
    iter=1224 E=-2.1658847958 nfev=1227 t=2058.1s remaining=776
    iter=1225 E=-2.1658849315 nfev=1228 t=2059.8s remaining=775
    iter=1226 E=-2.1658850807 nfev=1229 t=2061.5s remaining=774
    iter=1227 E=-2.1658853212 nfev=1230 t=2063.0s remaining=773
    iter=1228 E=-2.1658857003 nfev=1231 t=2064.6s remaining=772
    iter=1229 E=-2.1658862813 nfev=1232 t=2066.2s remaining=771
    iter=1230 E=-2.1658871483 nfev=1233 t=2067.8s remaining=770
    iter=1231 E=-2.1658884202 nfev=1234 t=2069.4s remaining=769
    iter=1232 E=-2.1658899897 nfev=1235 t=2071.1s remaining=768
    iter=1233 E=-2.1658911799 nfev=1236 t=2072.7s remaining=767
    iter=1234 E=-2.1658919730 nfev=1237 t=2074.3s remaining=766
    iter=1235 E=-2.1658924103 nfev=1238 t=2076.0s remaining=765
    iter=1236 E=-2.1658927424 nfev=1239 t=2077.5s remaining=764
    iter=1237 E=-2.1658929864 nfev=1240 t=2079.0s remaining=763
    iter=1238 E=-2.1658931386 nfev=1241 t=2080.6s remaining=762
    iter=1239 E=-2.1658932921 nfev=1242 t=2082.1s remaining=761
    iter=1240 E=-2.1658935445 nfev=1243 t=2083.6s remaining=760
    iter=1241 E=-2.1658939513 nfev=1244 t=2085.1s remaining=759
    iter=1242 E=-2.1658945698 nfev=1245 t=2086.6s remaining=758
    iter=1243 E=-2.1658953699 nfev=1246 t=2088.1s remaining=757
    iter=1244 E=-2.1658963411 nfev=1247 t=2089.7s remaining=756
    iter=1245 E=-2.1658975718 nfev=1248 t=2091.2s remaining=755
    iter=1246 E=-2.1658986736 nfev=1249 t=2092.8s remaining=754
    iter=1247 E=-2.1658990721 nfev=1250 t=2094.3s remaining=753
    iter=1248 E=-2.1658992900 nfev=1251 t=2095.9s remaining=752
    iter=1249 E=-2.1658994637 nfev=1252 t=2097.4s remaining=751
    iter=1250 E=-2.1658996254 nfev=1253 t=2099.0s remaining=750
    iter=1251 E=-2.1658998713 nfev=1254 t=2100.5s remaining=749
    iter=1252 E=-2.1659002593 nfev=1255 t=2102.1s remaining=748
    iter=1253 E=-2.1659008807 nfev=1256 t=2103.6s remaining=747
    iter=1254 E=-2.1659018453 nfev=1257 t=2105.1s remaining=746
    iter=1255 E=-2.1659031701 nfev=1258 t=2106.7s remaining=745
    iter=1256 E=-2.1659043570 nfev=1259 t=2108.2s remaining=744
    iter=1257 E=-2.1659053280 nfev=1260 t=2109.9s remaining=743
    iter=1258 E=-2.1659059310 nfev=1261 t=2111.4s remaining=742
    iter=1259 E=-2.1659062287 nfev=1262 t=2113.4s remaining=741
    iter=1260 E=-2.1659064568 nfev=1263 t=2114.9s remaining=740
    iter=1261 E=-2.1659066616 nfev=1264 t=2116.5s remaining=739
    iter=1262 E=-2.1659067909 nfev=1265 t=2118.3s remaining=738
    iter=1263 E=-2.1659069651 nfev=1266 t=2120.3s remaining=737
    iter=1264 E=-2.1659072562 nfev=1267 t=2122.3s remaining=736
    iter=1265 E=-2.1659077408 nfev=1268 t=2124.2s remaining=735
    iter=1266 E=-2.1659085176 nfev=1269 t=2126.2s remaining=734
    iter=1267 E=-2.1659096443 nfev=1270 t=2128.3s remaining=733
    iter=1268 E=-2.1659109381 nfev=1271 t=2130.2s remaining=732
    iter=1269 E=-2.1659122465 nfev=1272 t=2131.8s remaining=731
    iter=1270 E=-2.1659135427 nfev=1273 t=2133.4s remaining=730
    iter=1271 E=-2.1659142494 nfev=1274 t=2134.9s remaining=729
    iter=1272 E=-2.1659146361 nfev=1275 t=2136.4s remaining=728
    iter=1273 E=-2.1659148947 nfev=1276 t=2138.0s remaining=727
    iter=1274 E=-2.1659151034 nfev=1277 t=2139.7s remaining=726
    iter=1275 E=-2.1659152563 nfev=1278 t=2141.8s remaining=725
    iter=1276 E=-2.1659154566 nfev=1279 t=2143.8s remaining=724
    iter=1277 E=-2.1659157611 nfev=1280 t=2145.8s remaining=723
    iter=1278 E=-2.1659161665 nfev=1281 t=2147.9s remaining=722
    iter=1279 E=-2.1659166851 nfev=1282 t=2149.8s remaining=721
    iter=1280 E=-2.1659173906 nfev=1283 t=2151.3s remaining=720
    iter=1281 E=-2.1659184382 nfev=1284 t=2152.8s remaining=719
    iter=1282 E=-2.1659195482 nfev=1285 t=2154.8s remaining=718
    iter=1283 E=-2.1659201501 nfev=1286 t=2156.6s remaining=717
    iter=1284 E=-2.1659207439 nfev=1287 t=2158.3s remaining=716
    iter=1285 E=-2.1659211085 nfev=1288 t=2159.9s remaining=715
    iter=1286 E=-2.1659212978 nfev=1289 t=2161.4s remaining=714
    iter=1287 E=-2.1659214573 nfev=1290 t=2163.1s remaining=713
    iter=1288 E=-2.1659216394 nfev=1291 t=2164.6s remaining=712
    iter=1289 E=-2.1659218090 nfev=1292 t=2166.2s remaining=711
    iter=1290 E=-2.1659220454 nfev=1293 t=2167.7s remaining=710
    iter=1291 E=-2.1659223477 nfev=1294 t=2169.2s remaining=709
    iter=1292 E=-2.1659227263 nfev=1295 t=2170.8s remaining=708
    iter=1293 E=-2.1659232417 nfev=1296 t=2172.4s remaining=707
    iter=1294 E=-2.1659239479 nfev=1297 t=2173.9s remaining=706
    iter=1295 E=-2.1659247974 nfev=1298 t=2175.5s remaining=705
    iter=1296 E=-2.1659256432 nfev=1299 t=2177.1s remaining=704
    iter=1297 E=-2.1659263789 nfev=1300 t=2178.7s remaining=703
    iter=1298 E=-2.1659269672 nfev=1301 t=2180.2s remaining=702
    iter=1299 E=-2.1659273211 nfev=1302 t=2181.8s remaining=701
    iter=1300 E=-2.1659275079 nfev=1303 t=2183.4s remaining=700
    iter=1301 E=-2.1659276371 nfev=1304 t=2185.0s remaining=699
    iter=1302 E=-2.1659277804 nfev=1305 t=2186.7s remaining=698
    iter=1303 E=-2.1659279739 nfev=1306 t=2188.2s remaining=697
    iter=1304 E=-2.1659282828 nfev=1307 t=2190.2s remaining=696
    iter=1305 E=-2.1659287824 nfev=1308 t=2192.3s remaining=695
    iter=1306 E=-2.1659295479 nfev=1309 t=2194.4s remaining=694
    iter=1307 E=-2.1659304778 nfev=1310 t=2196.4s remaining=693
    iter=1308 E=-2.1659311909 nfev=1311 t=2198.5s remaining=692
    iter=1309 E=-2.1659318728 nfev=1312 t=2200.1s remaining=691
    iter=1310 E=-2.1659323621 nfev=1313 t=2201.7s remaining=690
    iter=1311 E=-2.1659326902 nfev=1314 t=2203.2s remaining=689
    iter=1312 E=-2.1659328959 nfev=1315 t=2204.8s remaining=688
    iter=1313 E=-2.1659330316 nfev=1316 t=2206.3s remaining=687
    iter=1314 E=-2.1659331332 nfev=1317 t=2207.8s remaining=686
    iter=1315 E=-2.1659332915 nfev=1318 t=2209.4s remaining=685
    iter=1316 E=-2.1659335395 nfev=1319 t=2210.9s remaining=684
    iter=1317 E=-2.1659339064 nfev=1320 t=2212.6s remaining=683
    iter=1318 E=-2.1659343986 nfev=1321 t=2214.1s remaining=682
    iter=1319 E=-2.1659350721 nfev=1322 t=2215.7s remaining=681
    iter=1320 E=-2.1659359433 nfev=1323 t=2217.2s remaining=680
    iter=1321 E=-2.1659366389 nfev=1324 t=2218.7s remaining=679
    iter=1322 E=-2.1659371084 nfev=1325 t=2220.4s remaining=678
    iter=1323 E=-2.1659374358 nfev=1326 t=2222.0s remaining=677
    iter=1324 E=-2.1659376781 nfev=1327 t=2223.8s remaining=676
    iter=1325 E=-2.1659378503 nfev=1328 t=2225.7s remaining=675
    iter=1326 E=-2.1659379794 nfev=1329 t=2227.8s remaining=674
    iter=1327 E=-2.1659380892 nfev=1330 t=2229.8s remaining=673
    iter=1328 E=-2.1659382394 nfev=1331 t=2231.8s remaining=672
    iter=1329 E=-2.1659384521 nfev=1332 t=2233.9s remaining=671
    iter=1330 E=-2.1659387696 nfev=1333 t=2235.9s remaining=670
    iter=1331 E=-2.1659392288 nfev=1334 t=2237.9s remaining=669
    iter=1332 E=-2.1659398567 nfev=1335 t=2240.0s remaining=668
    iter=1333 E=-2.1659405260 nfev=1336 t=2241.9s remaining=667
    iter=1334 E=-2.1659411765 nfev=1337 t=2244.0s remaining=666
    iter=1335 E=-2.1659417663 nfev=1338 t=2246.0s remaining=665
    iter=1336 E=-2.1659422671 nfev=1339 t=2248.1s remaining=664
    iter=1337 E=-2.1659426377 nfev=1340 t=2250.1s remaining=663
    iter=1338 E=-2.1659428350 nfev=1341 t=2251.6s remaining=662
    iter=1339 E=-2.1659429565 nfev=1342 t=2253.1s remaining=661
    iter=1340 E=-2.1659430891 nfev=1343 t=2254.6s remaining=660
    iter=1341 E=-2.1659432580 nfev=1344 t=2256.2s remaining=659
    iter=1342 E=-2.1659434698 nfev=1345 t=2257.7s remaining=658
    iter=1343 E=-2.1659437573 nfev=1346 t=2259.3s remaining=657
    iter=1344 E=-2.1659441515 nfev=1347 t=2260.9s remaining=656
    iter=1345 E=-2.1659446158 nfev=1348 t=2262.5s remaining=655
    iter=1346 E=-2.1659452064 nfev=1349 t=2264.0s remaining=654
    iter=1347 E=-2.1659459908 nfev=1350 t=2265.5s remaining=653
    iter=1348 E=-2.1659468772 nfev=1351 t=2267.1s remaining=652
    iter=1349 E=-2.1659476217 nfev=1352 t=2269.0s remaining=651
    iter=1350 E=-2.1659481836 nfev=1353 t=2271.0s remaining=650
    iter=1351 E=-2.1659485181 nfev=1354 t=2272.6s remaining=649
    iter=1352 E=-2.1659487346 nfev=1355 t=2274.2s remaining=648
    iter=1353 E=-2.1659489039 nfev=1356 t=2275.7s remaining=647
    iter=1354 E=-2.1659490232 nfev=1357 t=2277.2s remaining=646
    iter=1355 E=-2.1659491337 nfev=1358 t=2278.7s remaining=645
    iter=1356 E=-2.1659493036 nfev=1359 t=2280.2s remaining=644
    iter=1357 E=-2.1659495649 nfev=1360 t=2281.8s remaining=643
    iter=1358 E=-2.1659499544 nfev=1361 t=2283.3s remaining=642
    iter=1359 E=-2.1659505055 nfev=1362 t=2284.9s remaining=641
    iter=1360 E=-2.1659512262 nfev=1363 t=2286.4s remaining=640
    iter=1361 E=-2.1659519998 nfev=1364 t=2288.0s remaining=639
    iter=1362 E=-2.1659525403 nfev=1365 t=2289.9s remaining=638
    iter=1363 E=-2.1659528355 nfev=1366 t=2291.7s remaining=637
    iter=1364 E=-2.1659530029 nfev=1367 t=2293.2s remaining=636
    iter=1365 E=-2.1659531400 nfev=1368 t=2294.7s remaining=635
    iter=1366 E=-2.1659532590 nfev=1369 t=2296.2s remaining=634
    iter=1367 E=-2.1659533837 nfev=1370 t=2297.8s remaining=633
    iter=1368 E=-2.1659535293 nfev=1371 t=2299.6s remaining=632
    iter=1369 E=-2.1659537544 nfev=1372 t=2301.4s remaining=631
    iter=1370 E=-2.1659541044 nfev=1373 t=2302.9s remaining=630
    iter=1371 E=-2.1659546440 nfev=1374 t=2304.4s remaining=629
    iter=1372 E=-2.1659554193 nfev=1375 t=2306.1s remaining=628
    iter=1373 E=-2.1659562489 nfev=1376 t=2307.6s remaining=627
    iter=1374 E=-2.1659569197 nfev=1377 t=2309.2s remaining=626
    iter=1375 E=-2.1659573643 nfev=1378 t=2310.7s remaining=625
    iter=1376 E=-2.1659576200 nfev=1379 t=2312.3s remaining=624
    iter=1377 E=-2.1659577734 nfev=1380 t=2314.0s remaining=623
    iter=1378 E=-2.1659578821 nfev=1381 t=2315.5s remaining=622
    iter=1379 E=-2.1659579491 nfev=1382 t=2317.1s remaining=621
    iter=1380 E=-2.1659580266 nfev=1383 t=2318.9s remaining=620
    iter=1381 E=-2.1659581363 nfev=1384 t=2320.5s remaining=619
    iter=1382 E=-2.1659582922 nfev=1385 t=2322.0s remaining=618
    iter=1383 E=-2.1659585207 nfev=1386 t=2323.5s remaining=617
    iter=1384 E=-2.1659588697 nfev=1387 t=2325.2s remaining=616
    iter=1385 E=-2.1659594059 nfev=1388 t=2326.8s remaining=615
    iter=1386 E=-2.1659602105 nfev=1389 t=2328.4s remaining=614
    iter=1387 E=-2.1659611896 nfev=1390 t=2330.0s remaining=613
    iter=1388 E=-2.1659618772 nfev=1391 t=2332.2s remaining=612
    iter=1389 E=-2.1659623270 nfev=1392 t=2334.3s remaining=611
    iter=1390 E=-2.1659625359 nfev=1393 t=2335.9s remaining=610
    iter=1391 E=-2.1659626570 nfev=1394 t=2337.5s remaining=609
    iter=1392 E=-2.1659627682 nfev=1395 t=2339.1s remaining=608
    iter=1393 E=-2.1659628701 nfev=1396 t=2340.6s remaining=607
    iter=1394 E=-2.1659630079 nfev=1397 t=2342.1s remaining=606
    iter=1395 E=-2.1659631993 nfev=1398 t=2343.7s remaining=605
    iter=1396 E=-2.1659634394 nfev=1399 t=2345.3s remaining=604
    iter=1397 E=-2.1659637134 nfev=1400 t=2347.0s remaining=603
    iter=1398 E=-2.1659640723 nfev=1401 t=2348.5s remaining=602
    iter=1399 E=-2.1659645026 nfev=1402 t=2350.0s remaining=601
    iter=1400 E=-2.1659649824 nfev=1403 t=2351.6s remaining=600
    iter=1401 E=-2.1659654623 nfev=1404 t=2353.2s remaining=599
    iter=1402 E=-2.1659658268 nfev=1405 t=2354.7s remaining=598
    iter=1403 E=-2.1659661268 nfev=1406 t=2356.3s remaining=597
    iter=1404 E=-2.1659663446 nfev=1407 t=2357.9s remaining=596
    iter=1405 E=-2.1659665021 nfev=1408 t=2359.6s remaining=595
    iter=1406 E=-2.1659666503 nfev=1409 t=2361.3s remaining=594
    iter=1407 E=-2.1659667879 nfev=1410 t=2362.9s remaining=593
    iter=1408 E=-2.1659669276 nfev=1411 t=2364.4s remaining=592
    iter=1409 E=-2.1659671066 nfev=1412 t=2366.0s remaining=591
    iter=1410 E=-2.1659673520 nfev=1413 t=2367.7s remaining=590
    iter=1411 E=-2.1659676983 nfev=1414 t=2369.2s remaining=589
    iter=1412 E=-2.1659681558 nfev=1415 t=2370.8s remaining=588
    iter=1413 E=-2.1659686856 nfev=1416 t=2372.4s remaining=587
    iter=1414 E=-2.1659692565 nfev=1417 t=2374.1s remaining=586
    iter=1415 E=-2.1659697026 nfev=1418 t=2375.8s remaining=585
    iter=1416 E=-2.1659700282 nfev=1419 t=2377.3s remaining=584
    iter=1417 E=-2.1659702612 nfev=1420 t=2379.0s remaining=583
    iter=1418 E=-2.1659704235 nfev=1421 t=2380.9s remaining=582
    iter=1419 E=-2.1659705371 nfev=1422 t=2382.5s remaining=581
    iter=1420 E=-2.1659706633 nfev=1423 t=2384.2s remaining=580
    iter=1421 E=-2.1659707868 nfev=1424 t=2385.8s remaining=579
    iter=1422 E=-2.1659709393 nfev=1425 t=2387.4s remaining=578
    iter=1423 E=-2.1659711637 nfev=1426 t=2389.0s remaining=577
    iter=1424 E=-2.1659714909 nfev=1427 t=2390.9s remaining=576
    iter=1425 E=-2.1659719556 nfev=1428 t=2392.7s remaining=575
    iter=1426 E=-2.1659725147 nfev=1429 t=2394.2s remaining=574
    iter=1427 E=-2.1659730959 nfev=1430 t=2395.9s remaining=573
    iter=1428 E=-2.1659735621 nfev=1431 t=2397.4s remaining=572
    iter=1429 E=-2.1659739304 nfev=1432 t=2399.0s remaining=571
    iter=1430 E=-2.1659742004 nfev=1433 t=2400.5s remaining=570
    iter=1431 E=-2.1659744096 nfev=1434 t=2402.1s remaining=569
    iter=1432 E=-2.1659745547 nfev=1435 t=2403.7s remaining=568
    iter=1433 E=-2.1659746663 nfev=1436 t=2405.2s remaining=567
    iter=1434 E=-2.1659747950 nfev=1437 t=2406.9s remaining=566
    iter=1435 E=-2.1659749734 nfev=1438 t=2408.6s remaining=565
    iter=1436 E=-2.1659751857 nfev=1439 t=2410.2s remaining=564
    iter=1437 E=-2.1659754468 nfev=1440 t=2411.8s remaining=563
    iter=1438 E=-2.1659757753 nfev=1441 t=2413.7s remaining=562
    iter=1439 E=-2.1659762254 nfev=1442 t=2415.2s remaining=561
    iter=1440 E=-2.1659768311 nfev=1443 t=2416.8s remaining=560
    iter=1441 E=-2.1659774667 nfev=1444 t=2418.3s remaining=559
    iter=1442 E=-2.1659780429 nfev=1445 t=2420.1s remaining=558
    iter=1443 E=-2.1659784940 nfev=1446 t=2421.7s remaining=557
    iter=1444 E=-2.1659787788 nfev=1447 t=2423.2s remaining=556
    iter=1445 E=-2.1659789374 nfev=1448 t=2424.7s remaining=555
    iter=1446 E=-2.1659790481 nfev=1449 t=2426.4s remaining=554
    iter=1447 E=-2.1659791408 nfev=1450 t=2427.9s remaining=553
    iter=1448 E=-2.1659792315 nfev=1451 t=2429.5s remaining=552
    iter=1449 E=-2.1659793423 nfev=1452 t=2431.1s remaining=551
    iter=1450 E=-2.1659794867 nfev=1453 t=2432.5s remaining=550
    iter=1451 E=-2.1659797005 nfev=1454 t=2434.1s remaining=549
    iter=1452 E=-2.1659800198 nfev=1455 t=2435.6s remaining=548
    iter=1453 E=-2.1659804900 nfev=1456 t=2437.2s remaining=547
    iter=1454 E=-2.1659810934 nfev=1457 t=2438.7s remaining=546
    iter=1455 E=-2.1659817784 nfev=1458 t=2440.3s remaining=545
    iter=1456 E=-2.1659824026 nfev=1459 t=2442.0s remaining=544
    iter=1457 E=-2.1659828625 nfev=1460 t=2443.7s remaining=543
    iter=1458 E=-2.1659831161 nfev=1461 t=2445.3s remaining=542
    iter=1459 E=-2.1659832774 nfev=1462 t=2446.9s remaining=541
    iter=1460 E=-2.1659833977 nfev=1463 t=2448.4s remaining=540
    iter=1461 E=-2.1659834950 nfev=1464 t=2450.0s remaining=539
    iter=1462 E=-2.1659835874 nfev=1465 t=2451.6s remaining=538
    iter=1463 E=-2.1659837139 nfev=1466 t=2453.2s remaining=537
    iter=1464 E=-2.1659839087 nfev=1467 t=2454.8s remaining=536
    iter=1465 E=-2.1659842142 nfev=1468 t=2456.4s remaining=535
    iter=1466 E=-2.1659846839 nfev=1469 t=2458.0s remaining=534
    iter=1467 E=-2.1659853651 nfev=1470 t=2459.7s remaining=533
    iter=1468 E=-2.1659861971 nfev=1471 t=2461.3s remaining=532
    iter=1469 E=-2.1659870175 nfev=1472 t=2462.8s remaining=531
    iter=1470 E=-2.1659875689 nfev=1473 t=2464.3s remaining=530
    iter=1471 E=-2.1659878025 nfev=1474 t=2465.9s remaining=529
    iter=1472 E=-2.1659879193 nfev=1475 t=2467.4s remaining=528
    iter=1473 E=-2.1659880079 nfev=1476 t=2469.0s remaining=527
    iter=1474 E=-2.1659880808 nfev=1477 t=2470.8s remaining=526
    iter=1475 E=-2.1659881820 nfev=1478 t=2472.3s remaining=525
    iter=1476 E=-2.1659883366 nfev=1479 t=2473.8s remaining=524
    iter=1477 E=-2.1659885716 nfev=1480 t=2475.4s remaining=523
    iter=1478 E=-2.1659889329 nfev=1481 t=2476.9s remaining=522
    iter=1479 E=-2.1659894701 nfev=1482 t=2478.4s remaining=521
    iter=1480 E=-2.1659901994 nfev=1483 t=2480.0s remaining=520
    iter=1481 E=-2.1659908771 nfev=1484 t=2481.6s remaining=519
    iter=1482 E=-2.1659914462 nfev=1485 t=2483.1s remaining=518
    iter=1483 E=-2.1659917746 nfev=1486 t=2484.6s remaining=517
    iter=1484 E=-2.1659920041 nfev=1487 t=2486.2s remaining=516
    iter=1485 E=-2.1659921860 nfev=1488 t=2487.7s remaining=515
    iter=1486 E=-2.1659923411 nfev=1489 t=2489.2s remaining=514
    iter=1487 E=-2.1659924456 nfev=1490 t=2490.8s remaining=513
    iter=1488 E=-2.1659925519 nfev=1491 t=2492.4s remaining=512
    iter=1489 E=-2.1659926573 nfev=1492 t=2493.9s remaining=511
    iter=1490 E=-2.1659927737 nfev=1493 t=2495.5s remaining=510
    iter=1491 E=-2.1659929528 nfev=1494 t=2497.1s remaining=509
    iter=1492 E=-2.1659932350 nfev=1495 t=2498.7s remaining=508
    iter=1493 E=-2.1659936584 nfev=1496 t=2500.2s remaining=507
    iter=1494 E=-2.1659941756 nfev=1497 t=2501.8s remaining=506
    iter=1495 E=-2.1659947232 nfev=1498 t=2503.4s remaining=505
    iter=1496 E=-2.1659952332 nfev=1499 t=2504.9s remaining=504
    iter=1497 E=-2.1659955495 nfev=1500 t=2506.4s remaining=503
    iter=1498 E=-2.1659957353 nfev=1501 t=2507.9s remaining=502
    iter=1499 E=-2.1659958515 nfev=1502 t=2509.5s remaining=501
    iter=1500 E=-2.1659959331 nfev=1503 t=2511.0s remaining=500
    iter=1501 E=-2.1659960141 nfev=1504 t=2512.5s remaining=499
    iter=1502 E=-2.1659960992 nfev=1505 t=2514.0s remaining=498
    iter=1503 E=-2.1659962160 nfev=1506 t=2515.6s remaining=497
    iter=1504 E=-2.1659963939 nfev=1507 t=2517.1s remaining=496
    iter=1505 E=-2.1659966668 nfev=1508 t=2518.7s remaining=495
    iter=1506 E=-2.1659970770 nfev=1509 t=2520.6s remaining=494
    iter=1507 E=-2.1659976450 nfev=1510 t=2522.3s remaining=493
    iter=1508 E=-2.1659982793 nfev=1511 t=2523.9s remaining=492
    iter=1509 E=-2.1659988653 nfev=1512 t=2525.5s remaining=491
    iter=1510 E=-2.1659992017 nfev=1513 t=2527.1s remaining=490
    iter=1511 E=-2.1659993686 nfev=1514 t=2528.7s remaining=489
    iter=1512 E=-2.1659994782 nfev=1515 t=2530.2s remaining=488
    iter=1513 E=-2.1659995533 nfev=1516 t=2531.8s remaining=487
    iter=1514 E=-2.1659996145 nfev=1517 t=2533.4s remaining=486
    iter=1515 E=-2.1659996877 nfev=1518 t=2534.9s remaining=485
    iter=1516 E=-2.1659997723 nfev=1519 t=2536.5s remaining=484
    iter=1517 E=-2.1659998981 nfev=1520 t=2538.0s remaining=483
    iter=1518 E=-2.1660000871 nfev=1521 t=2539.6s remaining=482
    iter=1519 E=-2.1660003635 nfev=1522 t=2541.1s remaining=481
    iter=1520 E=-2.1660007696 nfev=1523 t=2542.7s remaining=480
    iter=1521 E=-2.1660013363 nfev=1524 t=2544.3s remaining=479
    iter=1522 E=-2.1660019426 nfev=1525 t=2545.7s remaining=478
    iter=1523 E=-2.1660024326 nfev=1526 t=2547.2s remaining=477
    iter=1524 E=-2.1660027918 nfev=1527 t=2548.7s remaining=476
    iter=1525 E=-2.1660030275 nfev=1528 t=2550.3s remaining=475
    iter=1526 E=-2.1660031468 nfev=1529 t=2551.8s remaining=474
    iter=1527 E=-2.1660032351 nfev=1530 t=2553.3s remaining=473
    iter=1528 E=-2.1660033161 nfev=1531 t=2554.9s remaining=472
    iter=1529 E=-2.1660033985 nfev=1532 t=2556.4s remaining=471
    iter=1530 E=-2.1660035038 nfev=1533 t=2558.0s remaining=470
    iter=1531 E=-2.1660036421 nfev=1534 t=2559.9s remaining=469
    iter=1532 E=-2.1660038541 nfev=1535 t=2561.4s remaining=468
    iter=1533 E=-2.1660041801 nfev=1536 t=2563.1s remaining=467
    iter=1534 E=-2.1660046630 nfev=1537 t=2564.9s remaining=466
    iter=1535 E=-2.1660052692 nfev=1538 t=2566.5s remaining=465
    iter=1536 E=-2.1660058800 nfev=1539 t=2568.1s remaining=464
    iter=1537 E=-2.1660063459 nfev=1540 t=2569.6s remaining=463
    iter=1538 E=-2.1660066403 nfev=1541 t=2571.4s remaining=462
    iter=1539 E=-2.1660068684 nfev=1542 t=2573.1s remaining=461
    iter=1540 E=-2.1660070614 nfev=1543 t=2574.7s remaining=460
    iter=1541 E=-2.1660071885 nfev=1544 t=2576.3s remaining=459
    iter=1542 E=-2.1660072945 nfev=1545 t=2577.7s remaining=458
    iter=1543 E=-2.1660073905 nfev=1546 t=2579.2s remaining=457
    iter=1544 E=-2.1660074931 nfev=1547 t=2580.7s remaining=456
    iter=1545 E=-2.1660076137 nfev=1548 t=2582.9s remaining=455
    iter=1546 E=-2.1660077610 nfev=1549 t=2585.1s remaining=454
    iter=1547 E=-2.1660079377 nfev=1550 t=2586.9s remaining=453
    iter=1548 E=-2.1660081334 nfev=1551 t=2588.5s remaining=452
    iter=1549 E=-2.1660083783 nfev=1552 t=2590.0s remaining=451
    iter=1550 E=-2.1660087210 nfev=1553 t=2591.6s remaining=450
    iter=1551 E=-2.1660092334 nfev=1554 t=2593.2s remaining=449
    iter=1552 E=-2.1660098315 nfev=1555 t=2594.8s remaining=448
    iter=1553 E=-2.1660102618 nfev=1556 t=2596.2s remaining=447
    iter=1554 E=-2.1660105918 nfev=1557 t=2597.7s remaining=446
    iter=1555 E=-2.1660107675 nfev=1558 t=2599.2s remaining=445
    iter=1556 E=-2.1660108482 nfev=1559 t=2600.7s remaining=444
    iter=1557 E=-2.1660109226 nfev=1560 t=2602.8s remaining=443
    iter=1558 E=-2.1660109863 nfev=1561 t=2604.9s remaining=442
    iter=1559 E=-2.1660110443 nfev=1562 t=2606.9s remaining=441
    iter=1560 E=-2.1660111373 nfev=1563 t=2608.6s remaining=440
    iter=1561 E=-2.1660112909 nfev=1564 t=2610.1s remaining=439
    iter=1562 E=-2.1660115326 nfev=1565 t=2611.6s remaining=438
    iter=1563 E=-2.1660119022 nfev=1566 t=2613.1s remaining=437
    iter=1564 E=-2.1660124144 nfev=1567 t=2614.6s remaining=436
    iter=1565 E=-2.1660129051 nfev=1568 t=2616.2s remaining=435
    iter=1566 E=-2.1660133088 nfev=1569 t=2617.8s remaining=434
    iter=1567 E=-2.1660135164 nfev=1570 t=2619.3s remaining=433
    iter=1568 E=-2.1660136309 nfev=1571 t=2620.8s remaining=432
    iter=1569 E=-2.1660137283 nfev=1572 t=2622.3s remaining=431
    iter=1570 E=-2.1660137988 nfev=1573 t=2623.8s remaining=430
    iter=1571 E=-2.1660138585 nfev=1574 t=2625.3s remaining=429
    iter=1572 E=-2.1660139253 nfev=1575 t=2626.9s remaining=428
    iter=1573 E=-2.1660140352 nfev=1576 t=2628.5s remaining=427
    iter=1574 E=-2.1660142125 nfev=1577 t=2630.0s remaining=426
    iter=1575 E=-2.1660144830 nfev=1578 t=2631.7s remaining=425
    iter=1576 E=-2.1660148404 nfev=1579 t=2633.1s remaining=424
    iter=1577 E=-2.1660152360 nfev=1580 t=2634.6s remaining=423
    iter=1578 E=-2.1660156894 nfev=1581 t=2636.1s remaining=422
    iter=1579 E=-2.1660160913 nfev=1582 t=2637.6s remaining=421
    iter=1580 E=-2.1660163422 nfev=1583 t=2639.2s remaining=420
    iter=1581 E=-2.1660165379 nfev=1584 t=2640.7s remaining=419
    iter=1582 E=-2.1660166487 nfev=1585 t=2642.2s remaining=418
    iter=1583 E=-2.1660166880 nfev=1586 t=2643.7s remaining=417
    iter=1584 E=-2.1660167245 nfev=1587 t=2645.4s remaining=416
    iter=1585 E=-2.1660167738 nfev=1588 t=2647.0s remaining=415
    iter=1586 E=-2.1660168433 nfev=1589 t=2648.6s remaining=414
    iter=1587 E=-2.1660169502 nfev=1590 t=2650.2s remaining=413
    iter=1588 E=-2.1660171239 nfev=1591 t=2651.7s remaining=412
    iter=1589 E=-2.1660174020 nfev=1592 t=2653.2s remaining=411
    iter=1590 E=-2.1660177993 nfev=1593 t=2655.0s remaining=410
    iter=1591 E=-2.1660181959 nfev=1594 t=2656.6s remaining=409
    iter=1592 E=-2.1660185566 nfev=1595 t=2658.1s remaining=408
    iter=1593 E=-2.1660188362 nfev=1596 t=2659.8s remaining=407
    iter=1594 E=-2.1660189480 nfev=1597 t=2661.3s remaining=406
    iter=1595 E=-2.1660190157 nfev=1598 t=2662.7s remaining=405
    iter=1596 E=-2.1660190677 nfev=1599 t=2664.2s remaining=404
    iter=1597 E=-2.1660191082 nfev=1600 t=2665.8s remaining=403
    iter=1598 E=-2.1660191504 nfev=1601 t=2667.4s remaining=402
    iter=1599 E=-2.1660192170 nfev=1602 t=2669.1s remaining=401
    iter=1600 E=-2.1660193236 nfev=1603 t=2670.7s remaining=400
    iter=1601 E=-2.1660194947 nfev=1604 t=2672.2s remaining=399
    iter=1602 E=-2.1660197678 nfev=1605 t=2673.8s remaining=398
    iter=1603 E=-2.1660201844 nfev=1606 t=2675.4s remaining=397
    iter=1604 E=-2.1660206944 nfev=1607 t=2676.9s remaining=396
    iter=1605 E=-2.1660210506 nfev=1608 t=2678.5s remaining=395
    iter=1606 E=-2.1660212531 nfev=1609 t=2680.0s remaining=394
    iter=1607 E=-2.1660213363 nfev=1610 t=2681.6s remaining=393
    iter=1608 E=-2.1660213788 nfev=1611 t=2683.2s remaining=392
    iter=1609 E=-2.1660214247 nfev=1612 t=2684.8s remaining=391
    iter=1610 E=-2.1660214812 nfev=1613 t=2686.3s remaining=390
    iter=1611 E=-2.1660215226 nfev=1614 t=2687.8s remaining=389
    iter=1612 E=-2.1660215853 nfev=1615 t=2689.3s remaining=388
    iter=1613 E=-2.1660216780 nfev=1616 t=2690.8s remaining=387
    iter=1614 E=-2.1660218186 nfev=1617 t=2692.4s remaining=386
    iter=1615 E=-2.1660220384 nfev=1618 t=2694.0s remaining=385
    iter=1616 E=-2.1660223651 nfev=1619 t=2695.5s remaining=384
    iter=1617 E=-2.1660227139 nfev=1620 t=2697.3s remaining=383
    iter=1618 E=-2.1660228921 nfev=1621 t=2698.8s remaining=382
    iter=1619 E=-2.1660230075 nfev=1622 t=2700.3s remaining=381
    iter=1620 E=-2.1660230734 nfev=1623 t=2701.8s remaining=380
    iter=1621 E=-2.1660231340 nfev=1624 t=2703.4s remaining=379
    iter=1622 E=-2.1660231852 nfev=1625 t=2705.0s remaining=378
    iter=1623 E=-2.1660232287 nfev=1626 t=2706.4s remaining=377
    iter=1624 E=-2.1660232820 nfev=1627 t=2707.9s remaining=376
    iter=1625 E=-2.1660233601 nfev=1628 t=2709.5s remaining=375
    iter=1626 E=-2.1660234734 nfev=1629 t=2711.0s remaining=374
    iter=1627 E=-2.1660236307 nfev=1630 t=2712.5s remaining=373
    iter=1628 E=-2.1660238471 nfev=1631 t=2714.1s remaining=372
    iter=1629 E=-2.1660241567 nfev=1632 t=2715.6s remaining=371
    iter=1630 E=-2.1660244991 nfev=1633 t=2717.1s remaining=370
    iter=1631 E=-2.1660247477 nfev=1634 t=2718.7s remaining=369
    iter=1632 E=-2.1660249163 nfev=1635 t=2720.3s remaining=368
    iter=1633 E=-2.1660250218 nfev=1636 t=2721.7s remaining=367
    iter=1634 E=-2.1660250918 nfev=1637 t=2723.3s remaining=366
    iter=1635 E=-2.1660251379 nfev=1638 t=2724.9s remaining=365
    iter=1636 E=-2.1660251735 nfev=1639 t=2726.4s remaining=364
    iter=1637 E=-2.1660252154 nfev=1640 t=2727.8s remaining=363
    iter=1638 E=-2.1660252852 nfev=1641 t=2729.3s remaining=362
    iter=1639 E=-2.1660253996 nfev=1642 t=2730.8s remaining=361
    iter=1640 E=-2.1660255787 nfev=1643 t=2732.3s remaining=360
    iter=1641 E=-2.1660258306 nfev=1644 t=2733.8s remaining=359
    iter=1642 E=-2.1660260870 nfev=1645 t=2735.4s remaining=358
    iter=1643 E=-2.1660263287 nfev=1646 t=2737.1s remaining=357
    iter=1644 E=-2.1660265099 nfev=1647 t=2738.7s remaining=356
    iter=1645 E=-2.1660266032 nfev=1648 t=2740.2s remaining=355
    iter=1646 E=-2.1660266520 nfev=1649 t=2741.8s remaining=354
    iter=1647 E=-2.1660266866 nfev=1650 t=2743.4s remaining=353
    iter=1648 E=-2.1660267184 nfev=1651 t=2745.0s remaining=352
    iter=1649 E=-2.1660267486 nfev=1652 t=2746.6s remaining=351
    iter=1650 E=-2.1660267965 nfev=1653 t=2748.2s remaining=350
    iter=1651 E=-2.1660268748 nfev=1654 t=2749.7s remaining=349
    iter=1652 E=-2.1660270008 nfev=1655 t=2751.3s remaining=348
    iter=1653 E=-2.1660271915 nfev=1656 t=2752.8s remaining=347
    iter=1654 E=-2.1660274571 nfev=1657 t=2754.3s remaining=346
    iter=1655 E=-2.1660277674 nfev=1658 t=2755.9s remaining=345
    iter=1656 E=-2.1660281840 nfev=1659 t=2757.4s remaining=344
    iter=1657 E=-2.1660285810 nfev=1660 t=2758.9s remaining=343
    iter=1658 E=-2.1660288632 nfev=1661 t=2760.4s remaining=342
    iter=1659 E=-2.1660290295 nfev=1662 t=2762.0s remaining=341
    iter=1660 E=-2.1660291422 nfev=1663 t=2763.5s remaining=340
    iter=1661 E=-2.1660291983 nfev=1664 t=2765.1s remaining=339
    iter=1662 E=-2.1660292297 nfev=1665 t=2766.6s remaining=338
    iter=1663 E=-2.1660292615 nfev=1666 t=2768.2s remaining=337
    iter=1664 E=-2.1660293101 nfev=1667 t=2769.9s remaining=336
    iter=1665 E=-2.1660293820 nfev=1668 t=2771.5s remaining=335
    iter=1666 E=-2.1660294843 nfev=1669 t=2773.1s remaining=334
    iter=1667 E=-2.1660296427 nfev=1670 t=2774.6s remaining=333
    iter=1668 E=-2.1660298960 nfev=1671 t=2776.2s remaining=332
    iter=1669 E=-2.1660302779 nfev=1672 t=2777.8s remaining=331
    iter=1670 E=-2.1660306869 nfev=1673 t=2779.3s remaining=330
    iter=1671 E=-2.1660309344 nfev=1674 t=2780.8s remaining=329
    iter=1672 E=-2.1660311300 nfev=1675 t=2782.3s remaining=328
    iter=1673 E=-2.1660312409 nfev=1676 t=2783.9s remaining=327
    iter=1674 E=-2.1660313125 nfev=1677 t=2785.4s remaining=326
    iter=1675 E=-2.1660313630 nfev=1678 t=2786.9s remaining=325
    iter=1676 E=-2.1660314062 nfev=1679 t=2788.4s remaining=324
    iter=1677 E=-2.1660314494 nfev=1680 t=2789.9s remaining=323
    iter=1678 E=-2.1660315111 nfev=1681 t=2791.5s remaining=322
    iter=1679 E=-2.1660316011 nfev=1682 t=2793.0s remaining=321
    iter=1680 E=-2.1660317331 nfev=1683 t=2794.5s remaining=320
    iter=1681 E=-2.1660319389 nfev=1684 t=2796.0s remaining=319
    iter=1682 E=-2.1660322472 nfev=1685 t=2797.6s remaining=318
    iter=1683 E=-2.1660325981 nfev=1686 t=2799.1s remaining=317
    iter=1684 E=-2.1660328108 nfev=1687 t=2800.6s remaining=316
    iter=1685 E=-2.1660329564 nfev=1688 t=2802.2s remaining=315
    iter=1686 E=-2.1660330376 nfev=1689 t=2803.8s remaining=314
    iter=1687 E=-2.1660330889 nfev=1690 t=2805.4s remaining=313
    iter=1688 E=-2.1660331344 nfev=1691 t=2807.0s remaining=312
    iter=1689 E=-2.1660331715 nfev=1692 t=2808.7s remaining=311
    iter=1690 E=-2.1660332185 nfev=1693 t=2810.2s remaining=310
    iter=1691 E=-2.1660332909 nfev=1694 t=2811.8s remaining=309
    iter=1692 E=-2.1660333995 nfev=1695 t=2813.3s remaining=308
    iter=1693 E=-2.1660335423 nfev=1696 t=2814.9s remaining=307
    iter=1694 E=-2.1660337047 nfev=1697 t=2816.5s remaining=306
    iter=1695 E=-2.1660338622 nfev=1698 t=2818.1s remaining=305
    iter=1696 E=-2.1660340432 nfev=1699 t=2819.8s remaining=304
    iter=1697 E=-2.1660342472 nfev=1700 t=2821.4s remaining=303
    iter=1698 E=-2.1660344608 nfev=1701 t=2822.9s remaining=302
    iter=1699 E=-2.1660347305 nfev=1702 t=2824.4s remaining=301
    iter=1700 E=-2.1660349426 nfev=1703 t=2825.9s remaining=300
    iter=1701 E=-2.1660350693 nfev=1704 t=2827.9s remaining=299
    iter=1702 E=-2.1660351549 nfev=1705 t=2829.9s remaining=298
    iter=1703 E=-2.1660352280 nfev=1706 t=2831.5s remaining=297
    iter=1704 E=-2.1660352833 nfev=1707 t=2833.0s remaining=296
    iter=1705 E=-2.1660353403 nfev=1708 t=2834.5s remaining=295
    iter=1706 E=-2.1660353940 nfev=1709 t=2836.1s remaining=294
    iter=1707 E=-2.1660354536 nfev=1710 t=2837.7s remaining=293
    iter=1708 E=-2.1660355298 nfev=1711 t=2839.2s remaining=292
    iter=1709 E=-2.1660356435 nfev=1712 t=2841.0s remaining=291
    iter=1710 E=-2.1660358154 nfev=1713 t=2842.9s remaining=290
    iter=1711 E=-2.1660360733 nfev=1714 t=2844.4s remaining=289
    iter=1712 E=-2.1660364183 nfev=1715 t=2845.9s remaining=288
    iter=1713 E=-2.1660367322 nfev=1716 t=2847.4s remaining=287
    iter=1714 E=-2.1660370525 nfev=1717 t=2848.9s remaining=286
    iter=1715 E=-2.1660373208 nfev=1718 t=2850.5s remaining=285
    iter=1716 E=-2.1660375103 nfev=1719 t=2852.0s remaining=284
    iter=1717 E=-2.1660376308 nfev=1720 t=2853.6s remaining=283
    iter=1718 E=-2.1660376981 nfev=1721 t=2855.2s remaining=282
    iter=1719 E=-2.1660377493 nfev=1722 t=2856.8s remaining=281
    iter=1720 E=-2.1660377963 nfev=1723 t=2858.4s remaining=280
    iter=1721 E=-2.1660378509 nfev=1724 t=2860.0s remaining=279
    iter=1722 E=-2.1660379035 nfev=1725 t=2861.5s remaining=278
    iter=1723 E=-2.1660379821 nfev=1726 t=2863.1s remaining=277
    iter=1724 E=-2.1660381120 nfev=1727 t=2864.7s remaining=276
    iter=1725 E=-2.1660383256 nfev=1728 t=2866.4s remaining=275
    iter=1726 E=-2.1660386640 nfev=1729 t=2868.0s remaining=274
    iter=1727 E=-2.1660391324 nfev=1730 t=2869.6s remaining=273
    iter=1728 E=-2.1660395944 nfev=1731 t=2871.2s remaining=272
    iter=1729 E=-2.1660399782 nfev=1732 t=2872.7s remaining=271
    iter=1730 E=-2.1660403101 nfev=1733 t=2874.2s remaining=270
    iter=1731 E=-2.1660404730 nfev=1734 t=2875.7s remaining=269
    iter=1732 E=-2.1660405660 nfev=1735 t=2877.2s remaining=268
    iter=1733 E=-2.1660406578 nfev=1736 t=2878.8s remaining=267
    iter=1734 E=-2.1660407226 nfev=1737 t=2880.3s remaining=266
    iter=1735 E=-2.1660407693 nfev=1738 t=2881.8s remaining=265
    iter=1736 E=-2.1660408259 nfev=1739 t=2883.3s remaining=264
    iter=1737 E=-2.1660408901 nfev=1740 t=2884.9s remaining=263
    iter=1738 E=-2.1660409801 nfev=1741 t=2886.5s remaining=262
    iter=1739 E=-2.1660411169 nfev=1742 t=2888.1s remaining=261
    iter=1740 E=-2.1660413218 nfev=1743 t=2889.6s remaining=260
    iter=1741 E=-2.1660416129 nfev=1744 t=2891.1s remaining=259
    iter=1742 E=-2.1660419282 nfev=1745 t=2892.8s remaining=258
    iter=1743 E=-2.1660421875 nfev=1746 t=2894.4s remaining=257
    iter=1744 E=-2.1660424575 nfev=1747 t=2896.0s remaining=256
    iter=1745 E=-2.1660426780 nfev=1748 t=2897.5s remaining=255
    iter=1746 E=-2.1660427796 nfev=1749 t=2899.0s remaining=254
    iter=1747 E=-2.1660428435 nfev=1750 t=2900.6s remaining=253
    iter=1748 E=-2.1660428970 nfev=1751 t=2902.2s remaining=252
    iter=1749 E=-2.1660429278 nfev=1752 t=2903.7s remaining=251
    iter=1750 E=-2.1660429750 nfev=1753 t=2905.2s remaining=250
    iter=1751 E=-2.1660430468 nfev=1754 t=2906.8s remaining=249
    iter=1752 E=-2.1660431472 nfev=1755 t=2908.3s remaining=248
    iter=1753 E=-2.1660432910 nfev=1756 t=2909.9s remaining=247
    iter=1754 E=-2.1660435196 nfev=1757 t=2911.5s remaining=246
    iter=1755 E=-2.1660438799 nfev=1758 t=2913.1s remaining=245
    iter=1756 E=-2.1660443534 nfev=1759 t=2914.6s remaining=244
    iter=1757 E=-2.1660446496 nfev=1760 t=2916.1s remaining=243
    iter=1758 E=-2.1660448648 nfev=1761 t=2917.6s remaining=242
    iter=1759 E=-2.1660449887 nfev=1762 t=2919.1s remaining=241
    iter=1760 E=-2.1660450469 nfev=1763 t=2920.6s remaining=240
    iter=1761 E=-2.1660450804 nfev=1764 t=2922.1s remaining=239
    iter=1762 E=-2.1660451090 nfev=1765 t=2923.8s remaining=238
    iter=1763 E=-2.1660451423 nfev=1766 t=2925.4s remaining=237
    iter=1764 E=-2.1660451875 nfev=1767 t=2926.9s remaining=236
    iter=1765 E=-2.1660452555 nfev=1768 t=2928.4s remaining=235
    iter=1766 E=-2.1660453544 nfev=1769 t=2929.9s remaining=234
    iter=1767 E=-2.1660454828 nfev=1770 t=2931.4s remaining=233
    iter=1768 E=-2.1660456404 nfev=1771 t=2933.0s remaining=232
    iter=1769 E=-2.1660458356 nfev=1772 t=2934.6s remaining=231
    iter=1770 E=-2.1660461243 nfev=1773 t=2936.2s remaining=230
    iter=1771 E=-2.1660465252 nfev=1774 t=2937.8s remaining=229
    iter=1772 E=-2.1660469357 nfev=1775 t=2939.4s remaining=228
    iter=1773 E=-2.1660472688 nfev=1776 t=2941.1s remaining=227
    iter=1774 E=-2.1660475086 nfev=1777 t=2942.8s remaining=226
    iter=1775 E=-2.1660476133 nfev=1778 t=2944.4s remaining=225
    iter=1776 E=-2.1660476810 nfev=1779 t=2946.0s remaining=224
    iter=1777 E=-2.1660477326 nfev=1780 t=2947.6s remaining=223
    iter=1778 E=-2.1660477823 nfev=1781 t=2949.2s remaining=222
    iter=1779 E=-2.1660478211 nfev=1782 t=2950.8s remaining=221
    iter=1780 E=-2.1660478769 nfev=1783 t=2952.3s remaining=220
    iter=1781 E=-2.1660479695 nfev=1784 t=2953.9s remaining=219
    iter=1782 E=-2.1660481195 nfev=1785 t=2955.4s remaining=218
    iter=1783 E=-2.1660483463 nfev=1786 t=2957.0s remaining=217
    iter=1784 E=-2.1660486516 nfev=1787 t=2958.5s remaining=216
    iter=1785 E=-2.1660490288 nfev=1788 t=2960.1s remaining=215
    iter=1786 E=-2.1660494908 nfev=1789 t=2961.6s remaining=214
    iter=1787 E=-2.1660498526 nfev=1790 t=2963.1s remaining=213
    iter=1788 E=-2.1660500577 nfev=1791 t=2964.7s remaining=212
    iter=1789 E=-2.1660501658 nfev=1792 t=2966.2s remaining=211
    iter=1790 E=-2.1660502372 nfev=1793 t=2967.8s remaining=210
    iter=1791 E=-2.1660502723 nfev=1794 t=2969.3s remaining=209
    iter=1792 E=-2.1660503065 nfev=1795 t=2970.8s remaining=208
    iter=1793 E=-2.1660503410 nfev=1796 t=2972.3s remaining=207
    iter=1794 E=-2.1660503860 nfev=1797 t=2974.0s remaining=206
    iter=1795 E=-2.1660504469 nfev=1798 t=2976.0s remaining=205
    iter=1796 E=-2.1660505408 nfev=1799 t=2978.0s remaining=204
    iter=1797 E=-2.1660506928 nfev=1800 t=2980.1s remaining=203
    iter=1798 E=-2.1660509427 nfev=1801 t=2982.1s remaining=202
    iter=1799 E=-2.1660513171 nfev=1802 t=2984.1s remaining=201
    iter=1800 E=-2.1660517642 nfev=1803 t=2986.2s remaining=200
    iter=1801 E=-2.1660520726 nfev=1804 t=2988.3s remaining=199
    iter=1802 E=-2.1660523809 nfev=1805 t=2990.4s remaining=198
    iter=1803 E=-2.1660525568 nfev=1806 t=2992.4s remaining=197
    iter=1804 E=-2.1660526045 nfev=1807 t=2994.1s remaining=196
    iter=1805 E=-2.1660526498 nfev=1808 t=2995.7s remaining=195
    iter=1806 E=-2.1660526996 nfev=1809 t=2997.3s remaining=194
    iter=1807 E=-2.1660527333 nfev=1810 t=2998.8s remaining=193
    iter=1808 E=-2.1660527847 nfev=1811 t=3000.4s remaining=192
    iter=1809 E=-2.1660528704 nfev=1812 t=3002.0s remaining=191
    iter=1810 E=-2.1660530096 nfev=1813 t=3003.5s remaining=190
    iter=1811 E=-2.1660532161 nfev=1814 t=3005.1s remaining=189
    iter=1812 E=-2.1660534853 nfev=1815 t=3006.6s remaining=188
    iter=1813 E=-2.1660537773 nfev=1816 t=3008.2s remaining=187
    iter=1814 E=-2.1660541794 nfev=1817 t=3009.8s remaining=186
    iter=1815 E=-2.1660544860 nfev=1818 t=3011.3s remaining=185
    iter=1816 E=-2.1660545739 nfev=1819 t=3012.8s remaining=184
    iter=1817 E=-2.1660546206 nfev=1820 t=3014.4s remaining=183
    iter=1818 E=-2.1660546525 nfev=1821 t=3015.9s remaining=182
    iter=1819 E=-2.1660546844 nfev=1822 t=3017.5s remaining=181
    iter=1820 E=-2.1660547080 nfev=1823 t=3019.0s remaining=180
    iter=1821 E=-2.1660547441 nfev=1824 t=3021.0s remaining=179
    iter=1822 E=-2.1660548022 nfev=1825 t=3023.1s remaining=178
    iter=1823 E=-2.1660548944 nfev=1826 t=3025.1s remaining=177
    iter=1824 E=-2.1660550272 nfev=1827 t=3027.2s remaining=176
    iter=1825 E=-2.1660551871 nfev=1828 t=3029.2s remaining=175
    iter=1826 E=-2.1660554314 nfev=1829 t=3031.2s remaining=174
    iter=1827 E=-2.1660557349 nfev=1830 t=3033.2s remaining=173
    iter=1828 E=-2.1660559377 nfev=1831 t=3035.2s remaining=172
    iter=1829 E=-2.1660560900 nfev=1832 t=3037.3s remaining=171
    iter=1830 E=-2.1660561859 nfev=1833 t=3039.3s remaining=170
    iter=1831 E=-2.1660562399 nfev=1834 t=3041.3s remaining=169
    iter=1832 E=-2.1660562736 nfev=1835 t=3043.1s remaining=168
    iter=1833 E=-2.1660562966 nfev=1836 t=3044.6s remaining=167
    iter=1834 E=-2.1660563168 nfev=1837 t=3046.2s remaining=166
    iter=1835 E=-2.1660563428 nfev=1838 t=3047.8s remaining=165
    iter=1836 E=-2.1660563774 nfev=1839 t=3049.3s remaining=164
    iter=1837 E=-2.1660564286 nfev=1840 t=3050.9s remaining=163
    iter=1838 E=-2.1660565064 nfev=1841 t=3052.4s remaining=162
    iter=1839 E=-2.1660566274 nfev=1842 t=3054.0s remaining=161
    iter=1840 E=-2.1660568039 nfev=1843 t=3055.5s remaining=160
    iter=1841 E=-2.1660570390 nfev=1844 t=3057.0s remaining=159
    iter=1842 E=-2.1660572609 nfev=1845 t=3058.6s remaining=158
    iter=1843 E=-2.1660574758 nfev=1846 t=3060.1s remaining=157
    iter=1844 E=-2.1660576481 nfev=1847 t=3061.8s remaining=156
    iter=1845 E=-2.1660577333 nfev=1848 t=3063.5s remaining=155
    iter=1846 E=-2.1660577861 nfev=1849 t=3065.1s remaining=154
    iter=1847 E=-2.1660578199 nfev=1850 t=3066.6s remaining=153
    iter=1848 E=-2.1660578364 nfev=1851 t=3068.1s remaining=152
    iter=1849 E=-2.1660578493 nfev=1852 t=3069.7s remaining=151
    iter=1850 E=-2.1660578688 nfev=1853 t=3071.1s remaining=150
    iter=1851 E=-2.1660578973 nfev=1854 t=3072.7s remaining=149
    iter=1852 E=-2.1660579410 nfev=1855 t=3074.3s remaining=148
    iter=1853 E=-2.1660580008 nfev=1856 t=3075.9s remaining=147
    iter=1854 E=-2.1660580788 nfev=1857 t=3077.4s remaining=146
    iter=1855 E=-2.1660581740 nfev=1858 t=3078.8s remaining=145
    iter=1856 E=-2.1660583067 nfev=1859 t=3080.3s remaining=144
    iter=1857 E=-2.1660584914 nfev=1860 t=3081.8s remaining=143
    iter=1858 E=-2.1660587090 nfev=1861 t=3083.4s remaining=142
    iter=1859 E=-2.1660588590 nfev=1862 t=3085.0s remaining=141
    iter=1860 E=-2.1660589728 nfev=1863 t=3086.5s remaining=140
    iter=1861 E=-2.1660590301 nfev=1864 t=3088.1s remaining=139
    iter=1862 E=-2.1660590572 nfev=1865 t=3089.6s remaining=138
    iter=1863 E=-2.1660590755 nfev=1866 t=3091.1s remaining=137
    iter=1864 E=-2.1660590953 nfev=1867 t=3092.6s remaining=136
    iter=1865 E=-2.1660591219 nfev=1868 t=3094.1s remaining=135
    iter=1866 E=-2.1660591559 nfev=1869 t=3095.6s remaining=134
    iter=1867 E=-2.1660592007 nfev=1870 t=3097.1s remaining=133
    iter=1868 E=-2.1660592739 nfev=1871 t=3098.6s remaining=132
    iter=1869 E=-2.1660593876 nfev=1872 t=3100.1s remaining=131
    iter=1870 E=-2.1660595484 nfev=1873 t=3101.6s remaining=130
    iter=1871 E=-2.1660597090 nfev=1874 t=3103.1s remaining=129
    iter=1872 E=-2.1660598424 nfev=1875 t=3104.7s remaining=128
    iter=1873 E=-2.1660599369 nfev=1876 t=3106.2s remaining=127
    iter=1874 E=-2.1660599829 nfev=1877 t=3107.8s remaining=126
    iter=1875 E=-2.1660600057 nfev=1878 t=3109.5s remaining=125
    iter=1876 E=-2.1660600247 nfev=1879 t=3111.0s remaining=124
    iter=1877 E=-2.1660600404 nfev=1880 t=3112.4s remaining=123
    iter=1878 E=-2.1660600534 nfev=1881 t=3114.2s remaining=122
    iter=1879 E=-2.1660600723 nfev=1882 t=3115.8s remaining=121
    iter=1880 E=-2.1660600983 nfev=1883 t=3117.3s remaining=120
    iter=1881 E=-2.1660601305 nfev=1884 t=3118.8s remaining=119
    iter=1882 E=-2.1660601842 nfev=1885 t=3120.3s remaining=118
    iter=1883 E=-2.1660602726 nfev=1886 t=3122.0s remaining=117
    iter=1884 E=-2.1660604177 nfev=1887 t=3123.6s remaining=116
    iter=1885 E=-2.1660606254 nfev=1888 t=3125.1s remaining=115
    iter=1886 E=-2.1660608223 nfev=1889 t=3126.7s remaining=114
    iter=1887 E=-2.1660609538 nfev=1890 t=3128.2s remaining=113
    iter=1888 E=-2.1660610380 nfev=1891 t=3129.7s remaining=112
    iter=1889 E=-2.1660610674 nfev=1892 t=3131.2s remaining=111
    iter=1890 E=-2.1660610848 nfev=1893 t=3132.6s remaining=110
    iter=1891 E=-2.1660610969 nfev=1894 t=3134.2s remaining=109
    iter=1892 E=-2.1660611143 nfev=1895 t=3135.8s remaining=108
    iter=1893 E=-2.1660611324 nfev=1896 t=3137.3s remaining=107
    iter=1894 E=-2.1660611612 nfev=1897 t=3139.0s remaining=106
    iter=1895 E=-2.1660612078 nfev=1898 t=3140.7s remaining=105
    iter=1896 E=-2.1660612807 nfev=1899 t=3142.3s remaining=104
    iter=1897 E=-2.1660613871 nfev=1900 t=3143.9s remaining=103
    iter=1898 E=-2.1660615179 nfev=1901 t=3145.5s remaining=102
    iter=1899 E=-2.1660616403 nfev=1902 t=3147.0s remaining=101
    iter=1900 E=-2.1660617743 nfev=1903 t=3148.6s remaining=100
    iter=1901 E=-2.1660618553 nfev=1904 t=3150.1s remaining=99
    iter=1902 E=-2.1660618861 nfev=1905 t=3151.7s remaining=98
    iter=1903 E=-2.1660619067 nfev=1906 t=3153.2s remaining=97
    iter=1904 E=-2.1660619216 nfev=1907 t=3154.7s remaining=96
    iter=1905 E=-2.1660619313 nfev=1908 t=3156.2s remaining=95
    iter=1906 E=-2.1660619431 nfev=1909 t=3157.7s remaining=94
    iter=1907 E=-2.1660619611 nfev=1910 t=3159.2s remaining=93
    iter=1908 E=-2.1660619893 nfev=1911 t=3160.7s remaining=92
    iter=1909 E=-2.1660620346 nfev=1912 t=3162.2s remaining=91
    iter=1910 E=-2.1660621056 nfev=1913 t=3163.6s remaining=90
    iter=1911 E=-2.1660622103 nfev=1914 t=3165.1s remaining=89
    iter=1912 E=-2.1660623473 nfev=1915 t=3166.7s remaining=88
    iter=1913 E=-2.1660624839 nfev=1916 t=3168.2s remaining=87
    iter=1914 E=-2.1660626430 nfev=1917 t=3169.9s remaining=86
    iter=1915 E=-2.1660627783 nfev=1918 t=3171.4s remaining=85
    iter=1916 E=-2.1660628404 nfev=1919 t=3172.9s remaining=84
    iter=1917 E=-2.1660628688 nfev=1920 t=3174.4s remaining=83
    iter=1918 E=-2.1660628846 nfev=1921 t=3176.5s remaining=82
    iter=1919 E=-2.1660628993 nfev=1922 t=3178.6s remaining=81
    iter=1920 E=-2.1660629105 nfev=1923 t=3180.3s remaining=80
    iter=1921 E=-2.1660629289 nfev=1924 t=3181.8s remaining=79
    iter=1922 E=-2.1660629599 nfev=1925 t=3183.5s remaining=78
    iter=1923 E=-2.1660630147 nfev=1926 t=3185.4s remaining=77
    iter=1924 E=-2.1660631066 nfev=1927 t=3186.9s remaining=76
    iter=1925 E=-2.1660632567 nfev=1928 t=3188.4s remaining=75
    iter=1926 E=-2.1660634623 nfev=1929 t=3189.9s remaining=74
    iter=1927 E=-2.1660636767 nfev=1930 t=3191.6s remaining=73
    iter=1928 E=-2.1660638528 nfev=1931 t=3193.1s remaining=72
    iter=1929 E=-2.1660639751 nfev=1932 t=3194.7s remaining=71
    iter=1930 E=-2.1660639991 nfev=1933 t=3196.3s remaining=70
    iter=1931 E=-2.1660640103 nfev=1934 t=3198.0s remaining=69
    iter=1932 E=-2.1660640254 nfev=1935 t=3199.6s remaining=68
    iter=1933 E=-2.1660640510 nfev=1936 t=3201.3s remaining=67
    iter=1934 E=-2.1660640836 nfev=1937 t=3202.9s remaining=66
    iter=1935 E=-2.1660641299 nfev=1938 t=3204.4s remaining=65
    iter=1936 E=-2.1660642098 nfev=1939 t=3205.9s remaining=64
    iter=1937 E=-2.1660643461 nfev=1940 t=3207.4s remaining=63
    iter=1938 E=-2.1660645657 nfev=1941 t=3209.3s remaining=62
    iter=1939 E=-2.1660648699 nfev=1942 t=3210.9s remaining=61
    iter=1940 E=-2.1660651171 nfev=1943 t=3212.4s remaining=60
    iter=1941 E=-2.1660653175 nfev=1944 t=3214.0s remaining=59
    iter=1942 E=-2.1660654326 nfev=1945 t=3215.5s remaining=58
    iter=1943 E=-2.1660654749 nfev=1946 t=3217.1s remaining=57
    iter=1944 E=-2.1660655023 nfev=1947 t=3218.7s remaining=56
    iter=1945 E=-2.1660655246 nfev=1948 t=3220.2s remaining=55
    iter=1946 E=-2.1660655542 nfev=1949 t=3221.8s remaining=54
    iter=1947 E=-2.1660655797 nfev=1950 t=3223.4s remaining=53
    iter=1948 E=-2.1660656250 nfev=1951 t=3224.8s remaining=52
    iter=1949 E=-2.1660657032 nfev=1952 t=3226.3s remaining=51
    iter=1950 E=-2.1660658344 nfev=1953 t=3227.8s remaining=50
    iter=1951 E=-2.1660660341 nfev=1954 t=3229.3s remaining=49
    iter=1952 E=-2.1660662678 nfev=1955 t=3231.4s remaining=48
    iter=1953 E=-2.1660665225 nfev=1956 t=3233.4s remaining=47
    iter=1954 E=-2.1660668141 nfev=1957 t=3235.8s remaining=46
    iter=1955 E=-2.1660670140 nfev=1958 t=3238.1s remaining=45
    iter=1956 E=-2.1660670889 nfev=1959 t=3240.0s remaining=44
    iter=1957 E=-2.1660671266 nfev=1960 t=3241.8s remaining=43
    iter=1958 E=-2.1660671558 nfev=1961 t=3243.9s remaining=42
    iter=1959 E=-2.1660671764 nfev=1962 t=3246.0s remaining=41
    iter=1960 E=-2.1660672011 nfev=1963 t=3248.1s remaining=40
    iter=1961 E=-2.1660672396 nfev=1964 t=3249.9s remaining=39
    iter=1962 E=-2.1660673027 nfev=1965 t=3251.6s remaining=38
    iter=1963 E=-2.1660674009 nfev=1966 t=3253.9s remaining=37
    iter=1964 E=-2.1660675486 nfev=1967 t=3255.7s remaining=36
    iter=1965 E=-2.1660677550 nfev=1968 t=3257.3s remaining=35
    iter=1966 E=-2.1660680407 nfev=1969 t=3259.0s remaining=34
    iter=1967 E=-2.1660683601 nfev=1970 t=3260.5s remaining=33
    iter=1968 E=-2.1660685882 nfev=1971 t=3262.2s remaining=32
    iter=1969 E=-2.1660686729 nfev=1972 t=3263.8s remaining=31
    iter=1970 E=-2.1660687149 nfev=1973 t=3265.4s remaining=30
    iter=1971 E=-2.1660687405 nfev=1974 t=3266.9s remaining=29
    iter=1972 E=-2.1660687586 nfev=1975 t=3268.4s remaining=28
    iter=1973 E=-2.1660687708 nfev=1976 t=3269.9s remaining=27
    iter=1974 E=-2.1660687865 nfev=1977 t=3271.4s remaining=26
    iter=1975 E=-2.1660688103 nfev=1978 t=3273.0s remaining=25
    iter=1976 E=-2.1660688474 nfev=1979 t=3274.6s remaining=24
    iter=1977 E=-2.1660689037 nfev=1980 t=3276.0s remaining=23
    iter=1978 E=-2.1660689866 nfev=1981 t=3277.5s remaining=22
    iter=1979 E=-2.1660691031 nfev=1982 t=3279.0s remaining=21
    iter=1980 E=-2.1660692642 nfev=1983 t=3280.5s remaining=20
    iter=1981 E=-2.1660694804 nfev=1984 t=3282.0s remaining=19
    iter=1982 E=-2.1660697246 nfev=1985 t=3283.4s remaining=18
    iter=1983 E=-2.1660699044 nfev=1986 t=3284.9s remaining=17
    iter=1984 E=-2.1660700110 nfev=1987 t=3286.4s remaining=16
    iter=1985 E=-2.1660700636 nfev=1988 t=3287.9s remaining=15
    iter=1986 E=-2.1660700921 nfev=1989 t=3289.3s remaining=14
    iter=1987 E=-2.1660701088 nfev=1990 t=3290.8s remaining=13
    iter=1988 E=-2.1660701221 nfev=1991 t=3292.3s remaining=12
    iter=1989 E=-2.1660701427 nfev=1992 t=3293.8s remaining=11
    iter=1990 E=-2.1660701743 nfev=1993 t=3295.5s remaining=10
    iter=1991 E=-2.1660702263 nfev=1994 t=3297.1s remaining=9
    iter=1992 E=-2.1660703031 nfev=1995 t=3298.7s remaining=8
    iter=1993 E=-2.1660704052 nfev=1996 t=3300.2s remaining=7
    iter=1994 E=-2.1660705303 nfev=1997 t=3301.8s remaining=6
    iter=1995 E=-2.1660707032 nfev=1998 t=3303.3s remaining=5
    iter=1996 E=-2.1660708578 nfev=1999 t=3304.8s remaining=4
    iter=1997 E=-2.1660709833 nfev=2000 t=3306.6s remaining=3
    iter=1998 E=-2.1660710734 nfev=2001 t=3308.1s remaining=2
    iter=1999 E=-2.1660711330 nfev=2002 t=3309.5s remaining=1
    iter=2000 E=-2.1660711621 nfev=2003 t=3311.3s remaining=0
    iter=2000 E=-2.1660711621 nfev=2003 t=3311.3s remaining=0
    seed=0 E=-2.1660711621 dE=+3.163e-04 nit=2000 ok=False t=3311.3s
  r=1.00  L=10  npar=428   E=-2.1660711621  |E-FCI|=3.163e-04  FCI=no   chem=yes

=== summary (best seed per layer) ===
  bond   L ansatz                 npar              E     |E-FCI|  FCI? chem?
  1.00  10 (ECD+SNAP)^10 + ECD     428  -2.1660711621   3.163e-04    no   yes

wrote data/results/h4_hybrid_L10_nobs_r0100.json
