self-check ok (nfock=4, use_bs=False, worst FD rel err 0.00e+00)
per-iter log: data/results/h4_hybrid_L9_nobs_r0070_iters.jsonl
live snapshot: data/results/h4_hybrid_L9_nobs_r0070_live.json

=== build H4 JWT Hamiltonian at R=0.70 Å ===
=== r=0.70 Å   FCI(pyscf)=-2.1069969151  eig=-2.1069969151  paper_fci=-2.10699692  paper_SNAP_D20=-2.1069969178094183 ===
-- r=0.70  (ECD+SNAP)^9 + ECD   npar=386 --
    iter=1 E=0.8205402017 nfev=2 t=3.0s remaining=1999
    iter=2 E=0.5646327568 nfev=3 t=4.4s remaining=1998
    iter=3 E=0.3232171853 nfev=4 t=6.1s remaining=1997
    iter=4 E=0.2677976283 nfev=5 t=7.8s remaining=1996
    iter=5 E=0.1637697594 nfev=6 t=9.5s remaining=1995
    iter=6 E=-0.0106930519 nfev=7 t=11.3s remaining=1994
    iter=7 E=-0.1195505131 nfev=9 t=14.7s remaining=1993
    iter=8 E=-0.1867546505 nfev=10 t=16.3s remaining=1992
    iter=9 E=-0.2747103174 nfev=11 t=17.9s remaining=1991
    iter=10 E=-0.3559937601 nfev=12 t=19.5s remaining=1990
    iter=11 E=-0.4419087514 nfev=13 t=21.0s remaining=1989
    iter=12 E=-0.5126737515 nfev=14 t=22.8s remaining=1988
    iter=13 E=-0.5971129492 nfev=15 t=24.3s remaining=1987
    iter=14 E=-0.6881099708 nfev=16 t=25.8s remaining=1986
    iter=15 E=-0.7354769058 nfev=17 t=27.6s remaining=1985
    iter=16 E=-0.7993586424 nfev=18 t=29.2s remaining=1984
    iter=17 E=-0.8773068091 nfev=19 t=30.7s remaining=1983
    iter=18 E=-0.9864657441 nfev=20 t=32.3s remaining=1982
    iter=19 E=-1.0402661412 nfev=21 t=34.0s remaining=1981
    iter=20 E=-1.1091928314 nfev=22 t=35.6s remaining=1980
    iter=21 E=-1.2031417930 nfev=23 t=37.1s remaining=1979
    iter=22 E=-1.3256860501 nfev=24 t=38.5s remaining=1978
    iter=23 E=-1.4353623006 nfev=25 t=40.0s remaining=1977
    iter=24 E=-1.4516016107 nfev=26 t=41.5s remaining=1976
    iter=25 E=-1.4821228857 nfev=27 t=43.0s remaining=1975
    iter=26 E=-1.5357492447 nfev=28 t=44.4s remaining=1974
    iter=27 E=-1.6211170471 nfev=29 t=45.8s remaining=1973
    iter=28 E=-1.7397747180 nfev=30 t=47.3s remaining=1972
    iter=29 E=-1.8509082103 nfev=31 t=48.8s remaining=1971
    iter=30 E=-1.8986756151 nfev=33 t=51.7s remaining=1970
    iter=31 E=-1.9404812677 nfev=34 t=53.1s remaining=1969
    iter=32 E=-1.9611578108 nfev=36 t=56.1s remaining=1968
    iter=33 E=-1.9680243588 nfev=37 t=57.4s remaining=1967
    iter=34 E=-1.9792316921 nfev=38 t=58.9s remaining=1966
    iter=35 E=-1.9968740213 nfev=39 t=60.3s remaining=1965
    iter=36 E=-2.0131228701 nfev=40 t=61.7s remaining=1964
    iter=37 E=-2.0308276997 nfev=41 t=63.1s remaining=1963
    iter=38 E=-2.0372926497 nfev=42 t=64.5s remaining=1962
    iter=39 E=-2.0461321104 nfev=43 t=65.8s remaining=1961
    iter=40 E=-2.0539197728 nfev=44 t=67.2s remaining=1960
    iter=41 E=-2.0602725048 nfev=45 t=68.6s remaining=1959
    iter=42 E=-2.0649459523 nfev=46 t=70.1s remaining=1958
    iter=43 E=-2.0701027923 nfev=47 t=71.6s remaining=1957
    iter=44 E=-2.0735518482 nfev=48 t=73.4s remaining=1956
    iter=45 E=-2.0767457414 nfev=49 t=75.2s remaining=1955
    iter=46 E=-2.0803127683 nfev=50 t=76.9s remaining=1954
    iter=47 E=-2.0810178440 nfev=51 t=78.2s remaining=1953
    iter=48 E=-2.0821711997 nfev=52 t=79.7s remaining=1952
    iter=49 E=-2.0838728791 nfev=53 t=81.2s remaining=1951
    iter=50 E=-2.0847405552 nfev=54 t=82.6s remaining=1950
    iter=51 E=-2.0857774162 nfev=55 t=83.9s remaining=1949
    iter=52 E=-2.0862636737 nfev=57 t=86.9s remaining=1948
    iter=53 E=-2.0865753732 nfev=58 t=88.5s remaining=1947
    iter=54 E=-2.0868502459 nfev=59 t=90.1s remaining=1946
    iter=55 E=-2.0870835745 nfev=60 t=91.5s remaining=1945
    iter=56 E=-2.0871517101 nfev=61 t=92.9s remaining=1944
    iter=57 E=-2.0872637225 nfev=62 t=94.5s remaining=1943
    iter=58 E=-2.0874029074 nfev=63 t=96.0s remaining=1942
    iter=59 E=-2.0874851087 nfev=64 t=97.3s remaining=1941
    iter=60 E=-2.0875592388 nfev=65 t=98.7s remaining=1940
    iter=61 E=-2.0875969845 nfev=66 t=100.0s remaining=1939
    iter=62 E=-2.0876513362 nfev=67 t=101.4s remaining=1938
    iter=63 E=-2.0877223760 nfev=68 t=102.9s remaining=1937
    iter=64 E=-2.0877970392 nfev=69 t=104.3s remaining=1936
    iter=65 E=-2.0878856974 nfev=70 t=105.7s remaining=1935
    iter=66 E=-2.0879982070 nfev=71 t=107.1s remaining=1934
    iter=67 E=-2.0880848966 nfev=72 t=108.5s remaining=1933
    iter=68 E=-2.0881513312 nfev=73 t=109.9s remaining=1932
    iter=69 E=-2.0882304317 nfev=74 t=111.5s remaining=1931
    iter=70 E=-2.0883410374 nfev=75 t=113.0s remaining=1930
    iter=71 E=-2.0884432300 nfev=76 t=114.4s remaining=1929
    iter=72 E=-2.0885695121 nfev=77 t=115.9s remaining=1928
    iter=73 E=-2.0887465547 nfev=78 t=117.3s remaining=1927
    iter=74 E=-2.0888878276 nfev=79 t=118.9s remaining=1926
    iter=75 E=-2.0889674529 nfev=80 t=120.3s remaining=1925
    iter=76 E=-2.0890583257 nfev=81 t=121.8s remaining=1924
    iter=77 E=-2.0891784490 nfev=82 t=123.3s remaining=1923
    iter=78 E=-2.0892929444 nfev=83 t=124.7s remaining=1922
    iter=79 E=-2.0894307567 nfev=84 t=126.1s remaining=1921
    iter=80 E=-2.0896071682 nfev=85 t=127.4s remaining=1920
    iter=81 E=-2.0897662675 nfev=86 t=128.9s remaining=1919
    iter=82 E=-2.0898836098 nfev=87 t=130.4s remaining=1918
    iter=83 E=-2.0900613734 nfev=88 t=131.8s remaining=1917
    iter=84 E=-2.0902632440 nfev=89 t=133.3s remaining=1916
    iter=85 E=-2.0903965383 nfev=90 t=134.7s remaining=1915
    iter=86 E=-2.0905801455 nfev=91 t=136.1s remaining=1914
    iter=87 E=-2.0907899254 nfev=92 t=137.6s remaining=1913
    iter=88 E=-2.0909319444 nfev=93 t=139.1s remaining=1912
    iter=89 E=-2.0910161750 nfev=94 t=140.5s remaining=1911
    iter=90 E=-2.0911026713 nfev=95 t=142.0s remaining=1910
    iter=91 E=-2.0912192991 nfev=96 t=143.7s remaining=1909
    iter=92 E=-2.0913372438 nfev=97 t=145.1s remaining=1908
    iter=93 E=-2.0914245006 nfev=98 t=147.0s remaining=1907
    iter=94 E=-2.0915168783 nfev=99 t=148.5s remaining=1906
    iter=95 E=-2.0915998771 nfev=100 t=150.0s remaining=1905
    iter=96 E=-2.0917059238 nfev=101 t=151.4s remaining=1904
    iter=97 E=-2.0917837433 nfev=102 t=152.8s remaining=1903
    iter=98 E=-2.0918666825 nfev=103 t=154.3s remaining=1902
    iter=99 E=-2.0919669593 nfev=104 t=155.9s remaining=1901
    iter=100 E=-2.0920481175 nfev=105 t=157.3s remaining=1900
    iter=101 E=-2.0921644164 nfev=106 t=158.7s remaining=1899
    iter=102 E=-2.0923329015 nfev=107 t=160.2s remaining=1898
    iter=103 E=-2.0925440399 nfev=108 t=161.6s remaining=1897
    iter=104 E=-2.0927502430 nfev=109 t=163.2s remaining=1896
    iter=105 E=-2.0929466667 nfev=110 t=164.7s remaining=1895
    iter=106 E=-2.0931116894 nfev=111 t=166.1s remaining=1894
    iter=107 E=-2.0932272607 nfev=112 t=167.5s remaining=1893
    iter=108 E=-2.0933826145 nfev=113 t=169.0s remaining=1892
    iter=109 E=-2.0935495151 nfev=114 t=170.5s remaining=1891
    iter=110 E=-2.0936895923 nfev=115 t=171.9s remaining=1890
    iter=111 E=-2.0938468273 nfev=116 t=173.5s remaining=1889
    iter=112 E=-2.0939972022 nfev=117 t=175.4s remaining=1888
    iter=113 E=-2.0940962892 nfev=118 t=177.2s remaining=1887
    iter=114 E=-2.0942068642 nfev=119 t=179.1s remaining=1886
    iter=115 E=-2.0943372535 nfev=120 t=181.0s remaining=1885
    iter=116 E=-2.0944842341 nfev=121 t=182.5s remaining=1884
    iter=117 E=-2.0946690549 nfev=122 t=183.9s remaining=1883
    iter=118 E=-2.0948110759 nfev=123 t=185.3s remaining=1882
    iter=119 E=-2.0949313352 nfev=124 t=186.7s remaining=1881
    iter=120 E=-2.0950683751 nfev=125 t=188.1s remaining=1880
    iter=121 E=-2.0952363937 nfev=126 t=189.5s remaining=1879
    iter=122 E=-2.0953829547 nfev=127 t=191.0s remaining=1878
    iter=123 E=-2.0955010381 nfev=128 t=192.4s remaining=1877
    iter=124 E=-2.0956276844 nfev=129 t=193.9s remaining=1876
    iter=125 E=-2.0957660372 nfev=130 t=195.3s remaining=1875
    iter=126 E=-2.0958395111 nfev=131 t=196.9s remaining=1874
    iter=127 E=-2.0959247784 nfev=132 t=198.4s remaining=1873
    iter=128 E=-2.0959939650 nfev=133 t=200.0s remaining=1872
    iter=129 E=-2.0960768875 nfev=134 t=201.4s remaining=1871
    iter=130 E=-2.0961915584 nfev=135 t=203.0s remaining=1870
    iter=131 E=-2.0963370603 nfev=136 t=204.3s remaining=1869
    iter=132 E=-2.0964473464 nfev=137 t=205.7s remaining=1868
    iter=133 E=-2.0965289810 nfev=138 t=207.1s remaining=1867
    iter=134 E=-2.0966223000 nfev=139 t=208.6s remaining=1866
    iter=135 E=-2.0967292506 nfev=140 t=210.1s remaining=1865
    iter=136 E=-2.0968609891 nfev=141 t=211.6s remaining=1864
    iter=137 E=-2.0969635498 nfev=142 t=213.2s remaining=1863
    iter=138 E=-2.0970785216 nfev=143 t=214.8s remaining=1862
    iter=139 E=-2.0972055129 nfev=144 t=216.2s remaining=1861
    iter=140 E=-2.0972809683 nfev=145 t=217.9s remaining=1860
    iter=141 E=-2.0973483196 nfev=146 t=219.4s remaining=1859
    iter=142 E=-2.0974130122 nfev=147 t=220.9s remaining=1858
    iter=143 E=-2.0974889656 nfev=148 t=222.3s remaining=1857
    iter=144 E=-2.0975922907 nfev=149 t=223.8s remaining=1856
    iter=145 E=-2.0976985098 nfev=150 t=225.2s remaining=1855
    iter=146 E=-2.0977683874 nfev=151 t=226.7s remaining=1854
    iter=147 E=-2.0978447742 nfev=152 t=228.1s remaining=1853
    iter=148 E=-2.0979430451 nfev=153 t=229.5s remaining=1852
    iter=149 E=-2.0980128997 nfev=154 t=230.8s remaining=1851
    iter=150 E=-2.0980696709 nfev=155 t=232.2s remaining=1850
    iter=151 E=-2.0981391616 nfev=156 t=233.9s remaining=1849
    iter=152 E=-2.0982164424 nfev=157 t=235.7s remaining=1848
    iter=153 E=-2.0982697427 nfev=158 t=237.2s remaining=1847
    iter=154 E=-2.0983221451 nfev=159 t=238.7s remaining=1846
    iter=155 E=-2.0984008336 nfev=160 t=240.1s remaining=1845
    iter=156 E=-2.0985140084 nfev=161 t=241.8s remaining=1844
    iter=157 E=-2.0986165667 nfev=162 t=243.1s remaining=1843
    iter=158 E=-2.0986558132 nfev=163 t=244.6s remaining=1842
    iter=159 E=-2.0987179163 nfev=164 t=246.1s remaining=1841
    iter=160 E=-2.0987934768 nfev=165 t=247.6s remaining=1840
    iter=161 E=-2.0988420047 nfev=166 t=249.0s remaining=1839
    iter=162 E=-2.0988926653 nfev=167 t=250.6s remaining=1838
    iter=163 E=-2.0989587594 nfev=168 t=252.3s remaining=1837
    iter=164 E=-2.0990130141 nfev=169 t=253.8s remaining=1836
    iter=165 E=-2.0990691333 nfev=170 t=255.5s remaining=1835
    iter=166 E=-2.0991314741 nfev=171 t=256.9s remaining=1834
    iter=167 E=-2.0992134209 nfev=172 t=258.4s remaining=1833
    iter=168 E=-2.0992975380 nfev=173 t=259.8s remaining=1832
    iter=169 E=-2.0993693861 nfev=174 t=261.2s remaining=1831
    iter=170 E=-2.0994319738 nfev=175 t=262.9s remaining=1830
    iter=171 E=-2.0994913416 nfev=176 t=264.5s remaining=1829
    iter=172 E=-2.0995491090 nfev=177 t=266.0s remaining=1828
    iter=173 E=-2.0996125357 nfev=178 t=267.4s remaining=1827
    iter=174 E=-2.0996849955 nfev=179 t=268.9s remaining=1826
    iter=175 E=-2.0997605659 nfev=180 t=270.3s remaining=1825
    iter=176 E=-2.0998138125 nfev=181 t=272.0s remaining=1824
    iter=177 E=-2.0998686496 nfev=182 t=273.8s remaining=1823
    iter=178 E=-2.0999178673 nfev=183 t=275.5s remaining=1822
    iter=179 E=-2.0999576444 nfev=184 t=277.1s remaining=1821
    iter=180 E=-2.1000016525 nfev=185 t=278.6s remaining=1820
    iter=181 E=-2.1000497196 nfev=186 t=280.0s remaining=1819
    iter=182 E=-2.1000934998 nfev=187 t=281.5s remaining=1818
    iter=183 E=-2.1001318875 nfev=188 t=283.1s remaining=1817
    iter=184 E=-2.1001817309 nfev=189 t=284.6s remaining=1816
    iter=185 E=-2.1002501730 nfev=190 t=286.3s remaining=1815
    iter=186 E=-2.1003230666 nfev=191 t=288.1s remaining=1814
    iter=187 E=-2.1003865147 nfev=192 t=289.9s remaining=1813
    iter=188 E=-2.1004467934 nfev=193 t=291.5s remaining=1812
    iter=189 E=-2.1005069551 nfev=194 t=292.9s remaining=1811
    iter=190 E=-2.1005909676 nfev=195 t=294.6s remaining=1810
    iter=191 E=-2.1007038381 nfev=196 t=296.5s remaining=1809
    iter=192 E=-2.1007998437 nfev=197 t=298.1s remaining=1808
    iter=193 E=-2.1008792834 nfev=198 t=299.7s remaining=1807
    iter=194 E=-2.1009454490 nfev=199 t=301.2s remaining=1806
    iter=195 E=-2.1009952125 nfev=200 t=302.6s remaining=1805
    iter=196 E=-2.1010472443 nfev=201 t=304.2s remaining=1804
    iter=197 E=-2.1011130464 nfev=202 t=305.7s remaining=1803
    iter=198 E=-2.1011918133 nfev=203 t=307.2s remaining=1802
    iter=199 E=-2.1012704576 nfev=204 t=308.7s remaining=1801
    iter=200 E=-2.1013253209 nfev=205 t=310.5s remaining=1800
    iter=201 E=-2.1013702231 nfev=206 t=312.4s remaining=1799
    iter=202 E=-2.1014118162 nfev=207 t=314.3s remaining=1798
    iter=203 E=-2.1014626490 nfev=208 t=316.1s remaining=1797
    iter=204 E=-2.1015042547 nfev=209 t=318.0s remaining=1796
    iter=205 E=-2.1015506528 nfev=210 t=319.8s remaining=1795
    iter=206 E=-2.1016115633 nfev=211 t=321.7s remaining=1794
    iter=207 E=-2.1016676977 nfev=212 t=323.6s remaining=1793
    iter=208 E=-2.1017210481 nfev=213 t=325.4s remaining=1792
    iter=209 E=-2.1017688310 nfev=214 t=327.3s remaining=1791
    iter=210 E=-2.1018012241 nfev=215 t=328.9s remaining=1790
    iter=211 E=-2.1018382093 nfev=216 t=330.5s remaining=1789
    iter=212 E=-2.1018675221 nfev=217 t=332.2s remaining=1788
    iter=213 E=-2.1019038130 nfev=218 t=334.1s remaining=1787
    iter=214 E=-2.1019502469 nfev=219 t=336.0s remaining=1786
    iter=215 E=-2.1020165761 nfev=220 t=337.7s remaining=1785
    iter=216 E=-2.1020917916 nfev=221 t=339.3s remaining=1784
    iter=217 E=-2.1021440575 nfev=222 t=340.8s remaining=1783
    iter=218 E=-2.1021949661 nfev=223 t=342.5s remaining=1782
    iter=219 E=-2.1022367584 nfev=224 t=344.1s remaining=1781
    iter=220 E=-2.1022632633 nfev=225 t=345.6s remaining=1780
    iter=221 E=-2.1022864677 nfev=226 t=347.3s remaining=1779
    iter=222 E=-2.1023100048 nfev=227 t=348.9s remaining=1778
    iter=223 E=-2.1023342946 nfev=228 t=350.4s remaining=1777
    iter=224 E=-2.1023610809 nfev=229 t=351.7s remaining=1776
    iter=225 E=-2.1023950596 nfev=230 t=353.2s remaining=1775
    iter=226 E=-2.1024229592 nfev=231 t=354.7s remaining=1774
    iter=227 E=-2.1024557527 nfev=232 t=356.1s remaining=1773
    iter=228 E=-2.1024916062 nfev=233 t=357.5s remaining=1772
    iter=229 E=-2.1025260184 nfev=234 t=359.1s remaining=1771
    iter=230 E=-2.1025620500 nfev=235 t=360.5s remaining=1770
    iter=231 E=-2.1026088760 nfev=236 t=362.0s remaining=1769
    iter=232 E=-2.1026590610 nfev=237 t=363.4s remaining=1768
    iter=233 E=-2.1026947513 nfev=238 t=364.8s remaining=1767
    iter=234 E=-2.1027271962 nfev=239 t=366.5s remaining=1766
    iter=235 E=-2.1027623155 nfev=240 t=368.3s remaining=1765
    iter=236 E=-2.1027994899 nfev=241 t=370.1s remaining=1764
    iter=237 E=-2.1028357413 nfev=242 t=371.5s remaining=1763
    iter=238 E=-2.1028780844 nfev=243 t=373.4s remaining=1762
    iter=239 E=-2.1029215772 nfev=244 t=374.9s remaining=1761
    iter=240 E=-2.1029520875 nfev=245 t=376.3s remaining=1760
    iter=241 E=-2.1029841177 nfev=246 t=377.9s remaining=1759
    iter=242 E=-2.1030168230 nfev=247 t=379.4s remaining=1758
    iter=243 E=-2.1030463246 nfev=248 t=380.9s remaining=1757
    iter=244 E=-2.1030699859 nfev=249 t=382.3s remaining=1756
    iter=245 E=-2.1030899281 nfev=250 t=383.7s remaining=1755
    iter=246 E=-2.1031110945 nfev=251 t=385.3s remaining=1754
    iter=247 E=-2.1031409702 nfev=252 t=386.9s remaining=1753
    iter=248 E=-2.1031748448 nfev=253 t=388.6s remaining=1752
    iter=249 E=-2.1032121352 nfev=254 t=390.5s remaining=1751
    iter=250 E=-2.1032570785 nfev=255 t=391.9s remaining=1750
    iter=251 E=-2.1032942679 nfev=256 t=393.4s remaining=1749
    iter=252 E=-2.1033227669 nfev=257 t=394.8s remaining=1748
    iter=253 E=-2.1033523940 nfev=258 t=396.2s remaining=1747
    iter=254 E=-2.1033861787 nfev=259 t=398.1s remaining=1746
    iter=255 E=-2.1034142568 nfev=260 t=400.0s remaining=1745
    iter=256 E=-2.1034413484 nfev=261 t=401.8s remaining=1744
    iter=257 E=-2.1034650407 nfev=262 t=403.7s remaining=1743
    iter=258 E=-2.1034869735 nfev=263 t=405.6s remaining=1742
    iter=259 E=-2.1035101193 nfev=264 t=407.2s remaining=1741
    iter=260 E=-2.1035283224 nfev=265 t=408.8s remaining=1740
    iter=261 E=-2.1035425893 nfev=266 t=410.6s remaining=1739
    iter=262 E=-2.1035618850 nfev=267 t=412.0s remaining=1738
    iter=263 E=-2.1035874657 nfev=268 t=413.4s remaining=1737
    iter=264 E=-2.1036069106 nfev=269 t=414.8s remaining=1736
    iter=265 E=-2.1036232163 nfev=270 t=416.3s remaining=1735
    iter=266 E=-2.1036414620 nfev=271 t=418.0s remaining=1734
    iter=267 E=-2.1036615956 nfev=272 t=419.9s remaining=1733
    iter=268 E=-2.1036788623 nfev=273 t=421.7s remaining=1732
    iter=269 E=-2.1036963503 nfev=274 t=423.5s remaining=1731
    iter=270 E=-2.1037165383 nfev=275 t=424.9s remaining=1730
    iter=271 E=-2.1037411028 nfev=276 t=426.4s remaining=1729
    iter=272 E=-2.1037667045 nfev=277 t=427.9s remaining=1728
    iter=273 E=-2.1037874153 nfev=278 t=429.3s remaining=1727
    iter=274 E=-2.1038041094 nfev=279 t=430.7s remaining=1726
    iter=275 E=-2.1038231117 nfev=280 t=432.2s remaining=1725
    iter=276 E=-2.1038493610 nfev=281 t=433.8s remaining=1724
    iter=277 E=-2.1038793213 nfev=282 t=435.4s remaining=1723
    iter=278 E=-2.1039065637 nfev=283 t=437.3s remaining=1722
    iter=279 E=-2.1039290724 nfev=284 t=439.2s remaining=1721
    iter=280 E=-2.1039471960 nfev=285 t=440.8s remaining=1720
    iter=281 E=-2.1039643578 nfev=286 t=442.4s remaining=1719
    iter=282 E=-2.1039815575 nfev=287 t=443.9s remaining=1718
    iter=283 E=-2.1039992742 nfev=288 t=445.3s remaining=1717
    iter=284 E=-2.1040211775 nfev=289 t=446.7s remaining=1716
    iter=285 E=-2.1040433386 nfev=290 t=448.2s remaining=1715
    iter=286 E=-2.1040615301 nfev=291 t=449.6s remaining=1714
    iter=287 E=-2.1040791623 nfev=292 t=451.2s remaining=1713
    iter=288 E=-2.1040953354 nfev=293 t=452.7s remaining=1712
    iter=289 E=-2.1041113224 nfev=294 t=454.4s remaining=1711
    iter=290 E=-2.1041270635 nfev=295 t=455.9s remaining=1710
    iter=291 E=-2.1041428466 nfev=296 t=457.4s remaining=1709
    iter=292 E=-2.1041575254 nfev=297 t=459.5s remaining=1708
    iter=293 E=-2.1041771423 nfev=298 t=461.3s remaining=1707
    iter=294 E=-2.1041961278 nfev=299 t=462.8s remaining=1706
    iter=295 E=-2.1042138797 nfev=300 t=464.2s remaining=1705
    iter=296 E=-2.1042314860 nfev=301 t=465.5s remaining=1704
    iter=297 E=-2.1042460535 nfev=302 t=467.0s remaining=1703
    iter=298 E=-2.1042561832 nfev=303 t=468.4s remaining=1702
    iter=299 E=-2.1042672968 nfev=304 t=469.9s remaining=1701
    iter=300 E=-2.1042781121 nfev=305 t=471.4s remaining=1700
    iter=301 E=-2.1042889737 nfev=306 t=472.9s remaining=1699
    iter=302 E=-2.1042999657 nfev=307 t=474.4s remaining=1698
    iter=303 E=-2.1043101309 nfev=308 t=475.9s remaining=1697
    iter=304 E=-2.1043212890 nfev=309 t=477.3s remaining=1696
    iter=305 E=-2.1043354143 nfev=310 t=479.0s remaining=1695
    iter=306 E=-2.1043474212 nfev=311 t=480.9s remaining=1694
    iter=307 E=-2.1043590886 nfev=312 t=482.5s remaining=1693
    iter=308 E=-2.1043713385 nfev=313 t=483.9s remaining=1692
    iter=309 E=-2.1043832481 nfev=314 t=485.4s remaining=1691
    iter=310 E=-2.1043938984 nfev=315 t=486.9s remaining=1690
    iter=311 E=-2.1044039035 nfev=316 t=488.3s remaining=1689
    iter=312 E=-2.1044141649 nfev=317 t=489.7s remaining=1688
    iter=313 E=-2.1044269992 nfev=318 t=491.0s remaining=1687
    iter=314 E=-2.1044403460 nfev=319 t=492.4s remaining=1686
    iter=315 E=-2.1044561711 nfev=320 t=493.8s remaining=1685
    iter=316 E=-2.1044717179 nfev=321 t=495.1s remaining=1684
    iter=317 E=-2.1044853485 nfev=322 t=496.8s remaining=1683
    iter=318 E=-2.1044958780 nfev=323 t=498.7s remaining=1682
    iter=319 E=-2.1045047372 nfev=324 t=500.5s remaining=1681
    iter=320 E=-2.1045121870 nfev=325 t=502.0s remaining=1680
    iter=321 E=-2.1045210612 nfev=326 t=503.4s remaining=1679
    iter=322 E=-2.1045345011 nfev=327 t=504.9s remaining=1678
    iter=323 E=-2.1045503625 nfev=328 t=506.5s remaining=1677
    iter=324 E=-2.1045610606 nfev=329 t=508.0s remaining=1676
    iter=325 E=-2.1045713188 nfev=330 t=509.5s remaining=1675
    iter=326 E=-2.1045825296 nfev=331 t=511.0s remaining=1674
    iter=327 E=-2.1045957350 nfev=332 t=512.4s remaining=1673
    iter=328 E=-2.1046071010 nfev=333 t=513.9s remaining=1672
    iter=329 E=-2.1046177447 nfev=334 t=515.3s remaining=1671
    iter=330 E=-2.1046267533 nfev=335 t=516.8s remaining=1670
    iter=331 E=-2.1046357675 nfev=336 t=518.2s remaining=1669
    iter=332 E=-2.1046462860 nfev=337 t=519.7s remaining=1668
    iter=333 E=-2.1046563731 nfev=338 t=521.1s remaining=1667
    iter=334 E=-2.1046661530 nfev=339 t=522.6s remaining=1666
    iter=335 E=-2.1046757962 nfev=340 t=524.1s remaining=1665
    iter=336 E=-2.1046860424 nfev=341 t=525.5s remaining=1664
    iter=337 E=-2.1046991209 nfev=342 t=527.0s remaining=1663
    iter=338 E=-2.1047169573 nfev=343 t=528.4s remaining=1662
    iter=339 E=-2.1047345969 nfev=344 t=529.9s remaining=1661
    iter=340 E=-2.1047473533 nfev=345 t=531.3s remaining=1660
    iter=341 E=-2.1047567889 nfev=346 t=532.8s remaining=1659
    iter=342 E=-2.1047652885 nfev=347 t=534.4s remaining=1658
    iter=343 E=-2.1047758068 nfev=348 t=536.0s remaining=1657
    iter=344 E=-2.1047881737 nfev=349 t=537.5s remaining=1656
    iter=345 E=-2.1047992172 nfev=350 t=539.0s remaining=1655
    iter=346 E=-2.1048067097 nfev=351 t=540.9s remaining=1654
    iter=347 E=-2.1048132050 nfev=352 t=542.8s remaining=1653
    iter=348 E=-2.1048223048 nfev=353 t=544.3s remaining=1652
    iter=349 E=-2.1048353684 nfev=354 t=545.7s remaining=1651
    iter=350 E=-2.1048507016 nfev=355 t=547.1s remaining=1650
    iter=351 E=-2.1048670394 nfev=356 t=548.7s remaining=1649
    iter=352 E=-2.1048844889 nfev=357 t=550.4s remaining=1648
    iter=353 E=-2.1048984477 nfev=358 t=551.8s remaining=1647
    iter=354 E=-2.1049078794 nfev=359 t=553.2s remaining=1646
    iter=355 E=-2.1049157784 nfev=360 t=554.7s remaining=1645
    iter=356 E=-2.1049242551 nfev=361 t=556.2s remaining=1644
    iter=357 E=-2.1049329903 nfev=362 t=557.8s remaining=1643
    iter=358 E=-2.1049435495 nfev=363 t=559.7s remaining=1642
    iter=359 E=-2.1049586652 nfev=364 t=561.6s remaining=1641
    iter=360 E=-2.1049741096 nfev=365 t=563.4s remaining=1640
    iter=361 E=-2.1049844524 nfev=366 t=565.3s remaining=1639
    iter=362 E=-2.1049932801 nfev=367 t=567.2s remaining=1638
    iter=363 E=-2.1050023646 nfev=368 t=569.1s remaining=1637
    iter=364 E=-2.1050125862 nfev=369 t=570.6s remaining=1636
    iter=365 E=-2.1050247698 nfev=370 t=572.1s remaining=1635
    iter=366 E=-2.1050355116 nfev=371 t=573.7s remaining=1634
    iter=367 E=-2.1050468681 nfev=372 t=575.4s remaining=1633
    iter=368 E=-2.1050559969 nfev=373 t=576.8s remaining=1632
    iter=369 E=-2.1050649733 nfev=374 t=578.4s remaining=1631
    iter=370 E=-2.1050738309 nfev=375 t=580.2s remaining=1630
    iter=371 E=-2.1050827265 nfev=376 t=581.6s remaining=1629
    iter=372 E=-2.1050921936 nfev=377 t=583.3s remaining=1628
    iter=373 E=-2.1051063836 nfev=378 t=585.2s remaining=1627
    iter=374 E=-2.1051230386 nfev=379 t=587.0s remaining=1626
    iter=375 E=-2.1051344768 nfev=380 t=745.6s remaining=1625
    iter=376 E=-2.1051452021 nfev=381 t=747.5s remaining=1624
    iter=377 E=-2.1051529297 nfev=382 t=749.2s remaining=1623
    iter=378 E=-2.1051594965 nfev=383 t=750.8s remaining=1622
    iter=379 E=-2.1051663405 nfev=384 t=752.5s remaining=1621
    iter=380 E=-2.1051760692 nfev=385 t=754.1s remaining=1620
    iter=381 E=-2.1051852512 nfev=386 t=755.9s remaining=1619
    iter=382 E=-2.1051949422 nfev=387 t=757.3s remaining=1618
    iter=383 E=-2.1052048780 nfev=388 t=758.9s remaining=1617
    iter=384 E=-2.1052145704 nfev=389 t=760.3s remaining=1616
    iter=385 E=-2.1052235647 nfev=390 t=761.8s remaining=1615
    iter=386 E=-2.1052327030 nfev=391 t=763.2s remaining=1614
    iter=387 E=-2.1052425009 nfev=392 t=764.9s remaining=1613
    iter=388 E=-2.1052512010 nfev=393 t=766.7s remaining=1612
    iter=389 E=-2.1052597854 nfev=394 t=768.2s remaining=1611
    iter=390 E=-2.1052681147 nfev=395 t=769.6s remaining=1610
    iter=391 E=-2.1052744725 nfev=396 t=771.0s remaining=1609
    iter=392 E=-2.1052800421 nfev=397 t=772.5s remaining=1608
    iter=393 E=-2.1052867800 nfev=398 t=773.9s remaining=1607
    iter=394 E=-2.1052959719 nfev=399 t=775.3s remaining=1606
    iter=395 E=-2.1053031833 nfev=400 t=776.7s remaining=1605
    iter=396 E=-2.1053089105 nfev=401 t=778.4s remaining=1604
    iter=397 E=-2.1053138388 nfev=402 t=779.9s remaining=1603
    iter=398 E=-2.1053187045 nfev=403 t=781.2s remaining=1602
    iter=399 E=-2.1053242817 nfev=404 t=782.6s remaining=1601
    iter=400 E=-2.1053320308 nfev=405 t=784.3s remaining=1600
    iter=401 E=-2.1053380873 nfev=406 t=786.1s remaining=1599
    iter=402 E=-2.1053426564 nfev=407 t=788.1s remaining=1598
    iter=403 E=-2.1053484462 nfev=408 t=789.7s remaining=1597
    iter=404 E=-2.1053570901 nfev=409 t=791.3s remaining=1596
    iter=405 E=-2.1053676011 nfev=410 t=792.7s remaining=1595
    iter=406 E=-2.1053769128 nfev=411 t=794.2s remaining=1594
    iter=407 E=-2.1053849533 nfev=412 t=795.8s remaining=1593
    iter=408 E=-2.1053902728 nfev=413 t=797.4s remaining=1592
    iter=409 E=-2.1053942142 nfev=414 t=798.9s remaining=1591
    iter=410 E=-2.1054002117 nfev=415 t=800.3s remaining=1590
    iter=411 E=-2.1054091545 nfev=416 t=801.8s remaining=1589
    iter=412 E=-2.1054204948 nfev=417 t=803.2s remaining=1588
    iter=413 E=-2.1054289358 nfev=418 t=804.8s remaining=1587
    iter=414 E=-2.1054380196 nfev=419 t=806.5s remaining=1586
    iter=415 E=-2.1054442523 nfev=420 t=808.0s remaining=1585
    iter=416 E=-2.1054491769 nfev=421 t=809.4s remaining=1584
    iter=417 E=-2.1054534726 nfev=422 t=810.8s remaining=1583
    iter=418 E=-2.1054581772 nfev=423 t=812.4s remaining=1582
    iter=419 E=-2.1054638912 nfev=424 t=814.3s remaining=1581
    iter=420 E=-2.1054711517 nfev=425 t=816.2s remaining=1580
    iter=421 E=-2.1054772724 nfev=426 t=817.7s remaining=1579
    iter=422 E=-2.1054811510 nfev=427 t=819.2s remaining=1578
    iter=423 E=-2.1054843436 nfev=428 t=820.7s remaining=1577
    iter=424 E=-2.1054878049 nfev=429 t=822.2s remaining=1576
    iter=425 E=-2.1054927452 nfev=430 t=823.8s remaining=1575
    iter=426 E=-2.1054975829 nfev=431 t=825.4s remaining=1574
    iter=427 E=-2.1055026570 nfev=432 t=826.9s remaining=1573
    iter=428 E=-2.1055083824 nfev=433 t=828.5s remaining=1572
    iter=429 E=-2.1055144484 nfev=434 t=830.0s remaining=1571
    iter=430 E=-2.1055201613 nfev=435 t=831.5s remaining=1570
    iter=431 E=-2.1055260539 nfev=436 t=833.0s remaining=1569
    iter=432 E=-2.1055322771 nfev=437 t=834.4s remaining=1568
    iter=433 E=-2.1055385748 nfev=438 t=835.9s remaining=1567
    iter=434 E=-2.1055450347 nfev=439 t=837.3s remaining=1566
    iter=435 E=-2.1055498667 nfev=440 t=838.8s remaining=1565
    iter=436 E=-2.1055544209 nfev=441 t=840.2s remaining=1564
    iter=437 E=-2.1055600115 nfev=442 t=841.7s remaining=1563
    iter=438 E=-2.1055653502 nfev=443 t=843.1s remaining=1562
    iter=439 E=-2.1055707788 nfev=444 t=844.7s remaining=1561
    iter=440 E=-2.1055761608 nfev=445 t=846.2s remaining=1560
    iter=441 E=-2.1055821364 nfev=446 t=847.7s remaining=1559
    iter=442 E=-2.1055887052 nfev=447 t=849.3s remaining=1558
    iter=443 E=-2.1055938300 nfev=448 t=850.9s remaining=1557
    iter=444 E=-2.1055983155 nfev=449 t=852.4s remaining=1556
    iter=445 E=-2.1056027084 nfev=450 t=853.8s remaining=1555
    iter=446 E=-2.1056065545 nfev=451 t=855.3s remaining=1554
    iter=447 E=-2.1056126099 nfev=452 t=856.7s remaining=1553
    iter=448 E=-2.1056208524 nfev=453 t=858.1s remaining=1552
    iter=449 E=-2.1056263687 nfev=454 t=859.7s remaining=1551
    iter=450 E=-2.1056317556 nfev=455 t=861.3s remaining=1550
    iter=451 E=-2.1056361177 nfev=456 t=863.2s remaining=1549
    iter=452 E=-2.1056401145 nfev=457 t=865.0s remaining=1548
    iter=453 E=-2.1056438628 nfev=458 t=866.9s remaining=1547
    iter=454 E=-2.1056485894 nfev=459 t=868.6s remaining=1546
    iter=455 E=-2.1056555876 nfev=460 t=870.0s remaining=1545
    iter=456 E=-2.1056628726 nfev=461 t=871.4s remaining=1544
    iter=457 E=-2.1056677990 nfev=462 t=873.0s remaining=1543
    iter=458 E=-2.1056714091 nfev=463 t=874.8s remaining=1542
    iter=459 E=-2.1056740053 nfev=464 t=876.7s remaining=1541
    iter=460 E=-2.1056765832 nfev=465 t=878.6s remaining=1540
    iter=461 E=-2.1056793313 nfev=466 t=880.4s remaining=1539
    iter=462 E=-2.1056830604 nfev=467 t=882.3s remaining=1538
    iter=463 E=-2.1056881155 nfev=468 t=884.2s remaining=1537
    iter=464 E=-2.1056921607 nfev=469 t=886.0s remaining=1536
    iter=465 E=-2.1056962163 nfev=470 t=888.0s remaining=1535
    iter=466 E=-2.1057000357 nfev=471 t=889.5s remaining=1534
    iter=467 E=-2.1057038235 nfev=472 t=890.9s remaining=1533
    iter=468 E=-2.1057081284 nfev=473 t=892.4s remaining=1532
    iter=469 E=-2.1057135177 nfev=474 t=893.8s remaining=1531
    iter=470 E=-2.1057190138 nfev=475 t=895.3s remaining=1530
    iter=471 E=-2.1057239678 nfev=476 t=896.9s remaining=1529
    iter=472 E=-2.1057288410 nfev=477 t=898.4s remaining=1528
    iter=473 E=-2.1057333673 nfev=478 t=899.8s remaining=1527
    iter=474 E=-2.1057374371 nfev=479 t=901.2s remaining=1526
    iter=475 E=-2.1057414316 nfev=480 t=902.7s remaining=1525
    iter=476 E=-2.1057452335 nfev=481 t=904.1s remaining=1524
    iter=477 E=-2.1057488716 nfev=482 t=905.8s remaining=1523
    iter=478 E=-2.1057526850 nfev=483 t=907.5s remaining=1522
    iter=479 E=-2.1057571909 nfev=484 t=909.0s remaining=1521
    iter=480 E=-2.1057628745 nfev=485 t=910.4s remaining=1520
    iter=481 E=-2.1057691999 nfev=486 t=912.0s remaining=1519
    iter=482 E=-2.1057757597 nfev=487 t=913.6s remaining=1518
    iter=483 E=-2.1057812096 nfev=488 t=915.1s remaining=1517
    iter=484 E=-2.1057849634 nfev=489 t=916.7s remaining=1516
    iter=485 E=-2.1057882451 nfev=490 t=918.1s remaining=1515
    iter=486 E=-2.1057931367 nfev=491 t=919.6s remaining=1514
    iter=487 E=-2.1058002086 nfev=492 t=921.4s remaining=1513
    iter=488 E=-2.1058081033 nfev=493 t=923.0s remaining=1512
    iter=489 E=-2.1058169179 nfev=494 t=924.4s remaining=1511
    iter=490 E=-2.1058249495 nfev=495 t=925.9s remaining=1510
    iter=491 E=-2.1058308058 nfev=496 t=927.4s remaining=1509
    iter=492 E=-2.1058344649 nfev=497 t=929.1s remaining=1508
    iter=493 E=-2.1058375169 nfev=498 t=930.5s remaining=1507
    iter=494 E=-2.1058412249 nfev=499 t=931.8s remaining=1506
    iter=495 E=-2.1058454381 nfev=500 t=933.2s remaining=1505
    iter=496 E=-2.1058501341 nfev=501 t=934.5s remaining=1504
    iter=497 E=-2.1058549825 nfev=502 t=935.9s remaining=1503
    iter=498 E=-2.1058600892 nfev=503 t=937.4s remaining=1502
    iter=499 E=-2.1058651497 nfev=504 t=939.0s remaining=1501
    iter=500 E=-2.1058710421 nfev=505 t=940.4s remaining=1500
    iter=501 E=-2.1058781970 nfev=506 t=942.1s remaining=1499
    iter=502 E=-2.1058834472 nfev=507 t=943.9s remaining=1498
    iter=503 E=-2.1058894691 nfev=508 t=945.8s remaining=1497
    iter=504 E=-2.1058968304 nfev=509 t=947.5s remaining=1496
    iter=505 E=-2.1059038245 nfev=510 t=949.0s remaining=1495
    iter=506 E=-2.1059101612 nfev=511 t=950.6s remaining=1494
    iter=507 E=-2.1059157594 nfev=512 t=952.0s remaining=1493
    iter=508 E=-2.1059192563 nfev=513 t=953.4s remaining=1492
    iter=509 E=-2.1059221136 nfev=514 t=955.0s remaining=1491
    iter=510 E=-2.1059256977 nfev=515 t=956.6s remaining=1490
    iter=511 E=-2.1059300799 nfev=516 t=958.0s remaining=1489
    iter=512 E=-2.1059350551 nfev=517 t=959.5s remaining=1488
    iter=513 E=-2.1059394778 nfev=518 t=960.9s remaining=1487
    iter=514 E=-2.1059431585 nfev=519 t=962.4s remaining=1486
    iter=515 E=-2.1059469887 nfev=520 t=963.8s remaining=1485
    iter=516 E=-2.1059502516 nfev=521 t=965.2s remaining=1484
    iter=517 E=-2.1059543545 nfev=522 t=966.8s remaining=1483
    iter=518 E=-2.1059600390 nfev=523 t=968.3s remaining=1482
    iter=519 E=-2.1059651397 nfev=524 t=969.8s remaining=1481
    iter=520 E=-2.1059692884 nfev=525 t=971.3s remaining=1480
    iter=521 E=-2.1059727339 nfev=526 t=972.8s remaining=1479
    iter=522 E=-2.1059756699 nfev=527 t=974.5s remaining=1478
    iter=523 E=-2.1059783075 nfev=528 t=976.4s remaining=1477
    iter=524 E=-2.1059808616 nfev=529 t=978.2s remaining=1476
    iter=525 E=-2.1059841869 nfev=530 t=979.9s remaining=1475
    iter=526 E=-2.1059881478 nfev=531 t=981.4s remaining=1474
    iter=527 E=-2.1059926629 nfev=532 t=983.0s remaining=1473
    iter=528 E=-2.1059981469 nfev=533 t=984.5s remaining=1472
    iter=529 E=-2.1060037044 nfev=534 t=985.9s remaining=1471
    iter=530 E=-2.1060089232 nfev=535 t=987.3s remaining=1470
    iter=531 E=-2.1060128653 nfev=536 t=988.8s remaining=1469
    iter=532 E=-2.1060155985 nfev=537 t=990.2s remaining=1468
    iter=533 E=-2.1060178521 nfev=538 t=991.6s remaining=1467
    iter=534 E=-2.1060204130 nfev=539 t=993.0s remaining=1466
    iter=535 E=-2.1060228865 nfev=540 t=994.4s remaining=1465
    iter=536 E=-2.1060255035 nfev=541 t=996.1s remaining=1464
    iter=537 E=-2.1060286720 nfev=542 t=997.8s remaining=1463
    iter=538 E=-2.1060328248 nfev=543 t=999.6s remaining=1462
    iter=539 E=-2.1060370041 nfev=544 t=1001.2s remaining=1461
    iter=540 E=-2.1060407839 nfev=545 t=1002.6s remaining=1460
    iter=541 E=-2.1060443263 nfev=546 t=1004.2s remaining=1459
    iter=542 E=-2.1060479923 nfev=547 t=1006.0s remaining=1458
    iter=543 E=-2.1060516739 nfev=548 t=1007.5s remaining=1457
    iter=544 E=-2.1060549724 nfev=549 t=1008.9s remaining=1456
    iter=545 E=-2.1060573993 nfev=550 t=1010.3s remaining=1455
    iter=546 E=-2.1060593922 nfev=551 t=1011.9s remaining=1454
    iter=547 E=-2.1060616021 nfev=552 t=1013.3s remaining=1453
    iter=548 E=-2.1060647780 nfev=553 t=1014.8s remaining=1452
    iter=549 E=-2.1060690272 nfev=554 t=1016.2s remaining=1451
    iter=550 E=-2.1060742290 nfev=555 t=1017.7s remaining=1450
    iter=551 E=-2.1060795929 nfev=556 t=1019.1s remaining=1449
    iter=552 E=-2.1060838940 nfev=557 t=1020.5s remaining=1448
    iter=553 E=-2.1060863758 nfev=558 t=1021.9s remaining=1447
    iter=554 E=-2.1060886520 nfev=559 t=1023.3s remaining=1446
    iter=555 E=-2.1060915638 nfev=560 t=1024.7s remaining=1445
    iter=556 E=-2.1060948600 nfev=561 t=1026.2s remaining=1444
    iter=557 E=-2.1060984568 nfev=562 t=1027.9s remaining=1443
    iter=558 E=-2.1061018982 nfev=563 t=1029.5s remaining=1442
    iter=559 E=-2.1061051058 nfev=564 t=1031.2s remaining=1441
    iter=560 E=-2.1061083867 nfev=565 t=1032.7s remaining=1440
    iter=561 E=-2.1061118977 nfev=566 t=1034.2s remaining=1439
    iter=562 E=-2.1061146744 nfev=567 t=1035.6s remaining=1438
    iter=563 E=-2.1061169487 nfev=568 t=1037.0s remaining=1437
    iter=564 E=-2.1061190389 nfev=569 t=1038.5s remaining=1436
    iter=565 E=-2.1061219821 nfev=570 t=1040.0s remaining=1435
    iter=566 E=-2.1061258123 nfev=571 t=1041.4s remaining=1434
    iter=567 E=-2.1061298646 nfev=572 t=1043.2s remaining=1433
    iter=568 E=-2.1061334929 nfev=573 t=1045.1s remaining=1432
    iter=569 E=-2.1061367196 nfev=574 t=1046.9s remaining=1431
    iter=570 E=-2.1061394149 nfev=575 t=1048.8s remaining=1430
    iter=571 E=-2.1061422526 nfev=576 t=1050.7s remaining=1429
    iter=572 E=-2.1061454401 nfev=577 t=1052.6s remaining=1428
    iter=573 E=-2.1061479690 nfev=578 t=1054.3s remaining=1427
    iter=574 E=-2.1061505799 nfev=579 t=1055.7s remaining=1426
    iter=575 E=-2.1061533787 nfev=580 t=1057.2s remaining=1425
    iter=576 E=-2.1061565642 nfev=581 t=1058.6s remaining=1424
    iter=577 E=-2.1061603543 nfev=582 t=1060.1s remaining=1423
    iter=578 E=-2.1061639202 nfev=583 t=1061.6s remaining=1422
    iter=579 E=-2.1061669007 nfev=584 t=1063.1s remaining=1421
    iter=580 E=-2.1061698198 nfev=585 t=1064.8s remaining=1420
    iter=581 E=-2.1061722503 nfev=586 t=1066.3s remaining=1419
    iter=582 E=-2.1061745602 nfev=587 t=1067.8s remaining=1418
    iter=583 E=-2.1061766342 nfev=588 t=1069.3s remaining=1417
    iter=584 E=-2.1061787936 nfev=589 t=1070.7s remaining=1416
    iter=585 E=-2.1061814720 nfev=590 t=1072.3s remaining=1415
    iter=586 E=-2.1061847255 nfev=591 t=1073.7s remaining=1414
    iter=587 E=-2.1061880610 nfev=592 t=1075.2s remaining=1413
    iter=588 E=-2.1061914109 nfev=593 t=1076.5s remaining=1412
    iter=589 E=-2.1061943748 nfev=594 t=1077.9s remaining=1411
    iter=590 E=-2.1061962495 nfev=595 t=1079.3s remaining=1410
    iter=591 E=-2.1061983306 nfev=596 t=1080.7s remaining=1409
    iter=592 E=-2.1062001927 nfev=597 t=1082.1s remaining=1408
    iter=593 E=-2.1062021550 nfev=598 t=1083.4s remaining=1407
    iter=594 E=-2.1062044758 nfev=599 t=1084.9s remaining=1406
    iter=595 E=-2.1062077209 nfev=600 t=1086.2s remaining=1405
    iter=596 E=-2.1062117160 nfev=601 t=1087.6s remaining=1404
    iter=597 E=-2.1062149055 nfev=602 t=1089.0s remaining=1403
    iter=598 E=-2.1062175809 nfev=603 t=1090.6s remaining=1402
    iter=599 E=-2.1062196754 nfev=604 t=1092.1s remaining=1401
    iter=600 E=-2.1062214925 nfev=605 t=1093.5s remaining=1400
    iter=601 E=-2.1062233149 nfev=606 t=1094.9s remaining=1399
    iter=602 E=-2.1062258076 nfev=607 t=1096.4s remaining=1398
    iter=603 E=-2.1062290915 nfev=608 t=1097.8s remaining=1397
    iter=604 E=-2.1062328104 nfev=609 t=1099.6s remaining=1396
    iter=605 E=-2.1062362314 nfev=610 t=1101.3s remaining=1395
    iter=606 E=-2.1062390155 nfev=611 t=1102.7s remaining=1394
    iter=607 E=-2.1062412601 nfev=612 t=1104.1s remaining=1393
    iter=608 E=-2.1062428104 nfev=613 t=1105.5s remaining=1392
    iter=609 E=-2.1062439222 nfev=614 t=1106.9s remaining=1391
    iter=610 E=-2.1062451604 nfev=615 t=1108.3s remaining=1390
    iter=611 E=-2.1062467045 nfev=616 t=1109.7s remaining=1389
    iter=612 E=-2.1062485175 nfev=617 t=1111.1s remaining=1388
    iter=613 E=-2.1062513090 nfev=618 t=1112.5s remaining=1387
    iter=614 E=-2.1062551869 nfev=619 t=1114.0s remaining=1386
    iter=615 E=-2.1062583477 nfev=620 t=1115.5s remaining=1385
    iter=616 E=-2.1062605401 nfev=621 t=1117.0s remaining=1384
    iter=617 E=-2.1062622456 nfev=622 t=1118.8s remaining=1383
    iter=618 E=-2.1062636625 nfev=623 t=1120.2s remaining=1382
    iter=619 E=-2.1062649297 nfev=624 t=1121.5s remaining=1381
    iter=620 E=-2.1062668432 nfev=625 t=1122.9s remaining=1380
    iter=621 E=-2.1062688372 nfev=626 t=1124.3s remaining=1379
    iter=622 E=-2.1062705839 nfev=627 t=1125.8s remaining=1378
    iter=623 E=-2.1062729896 nfev=628 t=1127.2s remaining=1377
    iter=624 E=-2.1062758096 nfev=629 t=1128.6s remaining=1376
    iter=625 E=-2.1062776271 nfev=630 t=1130.0s remaining=1375
    iter=626 E=-2.1062796667 nfev=631 t=1131.4s remaining=1374
    iter=627 E=-2.1062820757 nfev=632 t=1132.8s remaining=1373
    iter=628 E=-2.1062847262 nfev=633 t=1134.6s remaining=1372
    iter=629 E=-2.1062868598 nfev=634 t=1136.4s remaining=1371
    iter=630 E=-2.1062885010 nfev=635 t=1137.9s remaining=1370
    iter=631 E=-2.1062897496 nfev=636 t=1139.3s remaining=1369
    iter=632 E=-2.1062908081 nfev=637 t=1140.7s remaining=1368
    iter=633 E=-2.1062920485 nfev=638 t=1142.2s remaining=1367
    iter=634 E=-2.1062937501 nfev=639 t=1143.9s remaining=1366
    iter=635 E=-2.1062961638 nfev=640 t=1145.4s remaining=1365
    iter=636 E=-2.1062996521 nfev=641 t=1146.8s remaining=1364
    iter=637 E=-2.1063035695 nfev=642 t=1148.2s remaining=1363
    iter=638 E=-2.1063063929 nfev=643 t=1149.7s remaining=1362
    iter=639 E=-2.1063089143 nfev=644 t=1151.4s remaining=1361
    iter=640 E=-2.1063110979 nfev=645 t=1153.1s remaining=1360
    iter=641 E=-2.1063129074 nfev=646 t=1154.8s remaining=1359
    iter=642 E=-2.1063142581 nfev=647 t=1156.3s remaining=1358
    iter=643 E=-2.1063155938 nfev=648 t=1158.0s remaining=1357
    iter=644 E=-2.1063168821 nfev=649 t=1159.9s remaining=1356
    iter=645 E=-2.1063181056 nfev=650 t=1161.6s remaining=1355
    iter=646 E=-2.1063194549 nfev=651 t=1163.1s remaining=1354
    iter=647 E=-2.1063210403 nfev=652 t=1164.5s remaining=1353
    iter=648 E=-2.1063227489 nfev=653 t=1166.1s remaining=1352
    iter=649 E=-2.1063246066 nfev=654 t=1167.7s remaining=1351
    iter=650 E=-2.1063265504 nfev=655 t=1169.7s remaining=1350
    iter=651 E=-2.1063284605 nfev=656 t=1175.1s remaining=1349
    iter=652 E=-2.1063301668 nfev=657 t=1176.8s remaining=1348
    iter=653 E=-2.1063317512 nfev=658 t=1178.5s remaining=1347
    iter=654 E=-2.1063330732 nfev=659 t=1180.2s remaining=1346
    iter=655 E=-2.1063340691 nfev=660 t=1181.8s remaining=1345
    iter=656 E=-2.1063350411 nfev=661 t=1183.3s remaining=1344
    iter=657 E=-2.1063361506 nfev=662 t=1184.8s remaining=1343
    iter=658 E=-2.1063371844 nfev=663 t=1186.3s remaining=1342
    iter=659 E=-2.1063382007 nfev=664 t=1187.8s remaining=1341
    iter=660 E=-2.1063396507 nfev=665 t=1189.3s remaining=1340
    iter=661 E=-2.1063415131 nfev=666 t=1190.7s remaining=1339
    iter=662 E=-2.1063436381 nfev=667 t=1192.2s remaining=1338
    iter=663 E=-2.1063461597 nfev=668 t=1193.7s remaining=1337
    iter=664 E=-2.1063481074 nfev=669 t=1195.4s remaining=1336
    iter=665 E=-2.1063493653 nfev=670 t=1197.1s remaining=1335
    iter=666 E=-2.1063502514 nfev=671 t=1198.6s remaining=1334
    iter=667 E=-2.1063511680 nfev=672 t=1200.1s remaining=1333
    iter=668 E=-2.1063523870 nfev=673 t=1201.6s remaining=1332
    iter=669 E=-2.1063539704 nfev=674 t=1203.3s remaining=1331
    iter=670 E=-2.1063558142 nfev=675 t=1205.1s remaining=1330
    iter=671 E=-2.1063580810 nfev=676 t=1207.0s remaining=1329
    iter=672 E=-2.1063604225 nfev=677 t=1208.5s remaining=1328
    iter=673 E=-2.1063627025 nfev=678 t=1209.9s remaining=1327
    iter=674 E=-2.1063649558 nfev=679 t=1211.3s remaining=1326
    iter=675 E=-2.1063665718 nfev=680 t=1212.8s remaining=1325
    iter=676 E=-2.1063675606 nfev=681 t=1214.1s remaining=1324
    iter=677 E=-2.1063683357 nfev=682 t=1215.7s remaining=1323
    iter=678 E=-2.1063691251 nfev=683 t=1217.3s remaining=1322
    iter=679 E=-2.1063700327 nfev=684 t=1218.9s remaining=1321
    iter=680 E=-2.1063712849 nfev=685 t=1220.7s remaining=1320
    iter=681 E=-2.1063729330 nfev=686 t=1222.2s remaining=1319
    iter=682 E=-2.1063752355 nfev=687 t=1223.7s remaining=1318
    iter=683 E=-2.1063784467 nfev=688 t=1225.4s remaining=1317
    iter=684 E=-2.1063815033 nfev=689 t=1227.1s remaining=1316
    iter=685 E=-2.1063832607 nfev=690 t=1228.5s remaining=1315
    iter=686 E=-2.1063846638 nfev=691 t=1230.0s remaining=1314
    iter=687 E=-2.1063856627 nfev=692 t=1231.3s remaining=1313
    iter=688 E=-2.1063863673 nfev=693 t=1232.7s remaining=1312
    iter=689 E=-2.1063871070 nfev=694 t=1234.2s remaining=1311
    iter=690 E=-2.1063880600 nfev=695 t=1235.6s remaining=1310
    iter=691 E=-2.1063892805 nfev=696 t=1237.0s remaining=1309
    iter=692 E=-2.1063908580 nfev=697 t=1238.4s remaining=1308
    iter=693 E=-2.1063928887 nfev=698 t=1239.8s remaining=1307
    iter=694 E=-2.1063952895 nfev=699 t=1241.2s remaining=1306
    iter=695 E=-2.1063978441 nfev=700 t=1242.6s remaining=1305
    iter=696 E=-2.1063999602 nfev=701 t=1244.0s remaining=1304
    iter=697 E=-2.1064016311 nfev=702 t=1245.5s remaining=1303
    iter=698 E=-2.1064028648 nfev=703 t=1247.4s remaining=1302
    iter=699 E=-2.1064039496 nfev=704 t=1249.2s remaining=1301
    iter=700 E=-2.1064049711 nfev=705 t=1250.8s remaining=1300
    iter=701 E=-2.1064060443 nfev=706 t=1252.1s remaining=1299
    iter=702 E=-2.1064071808 nfev=707 t=1253.6s remaining=1298
    iter=703 E=-2.1064082995 nfev=708 t=1255.1s remaining=1297
    iter=704 E=-2.1064094368 nfev=709 t=1256.6s remaining=1296
    iter=705 E=-2.1064106887 nfev=710 t=1258.1s remaining=1295
    iter=706 E=-2.1064121932 nfev=711 t=1259.5s remaining=1294
    iter=707 E=-2.1064142172 nfev=712 t=1261.0s remaining=1293
    iter=708 E=-2.1064161033 nfev=713 t=1262.5s remaining=1292
    iter=709 E=-2.1064177788 nfev=714 t=1264.3s remaining=1291
    iter=710 E=-2.1064193083 nfev=715 t=1265.9s remaining=1290
    iter=711 E=-2.1064206200 nfev=716 t=1267.3s remaining=1289
    iter=712 E=-2.1064214805 nfev=717 t=1268.6s remaining=1288
    iter=713 E=-2.1064219947 nfev=718 t=1270.0s remaining=1287
    iter=714 E=-2.1064225894 nfev=719 t=1271.4s remaining=1286
    iter=715 E=-2.1064234892 nfev=720 t=1272.9s remaining=1285
    iter=716 E=-2.1064246935 nfev=721 t=1274.3s remaining=1284
    iter=717 E=-2.1064259995 nfev=722 t=1275.7s remaining=1283
    iter=718 E=-2.1064276279 nfev=723 t=1277.0s remaining=1282
    iter=719 E=-2.1064293054 nfev=724 t=1278.4s remaining=1281
    iter=720 E=-2.1064307282 nfev=725 t=1280.0s remaining=1280
    iter=721 E=-2.1064319776 nfev=726 t=1281.7s remaining=1279
    iter=722 E=-2.1064330047 nfev=727 t=1283.6s remaining=1278
    iter=723 E=-2.1064336496 nfev=728 t=1285.3s remaining=1277
    iter=724 E=-2.1064340894 nfev=729 t=1287.2s remaining=1276
    iter=725 E=-2.1064345448 nfev=730 t=1288.7s remaining=1275
    iter=726 E=-2.1064351134 nfev=731 t=1290.3s remaining=1274
    iter=727 E=-2.1064358695 nfev=732 t=1291.9s remaining=1273
    iter=728 E=-2.1064370129 nfev=733 t=1293.4s remaining=1272
    iter=729 E=-2.1064386355 nfev=734 t=1294.8s remaining=1271
    iter=730 E=-2.1064404469 nfev=735 t=1296.2s remaining=1270
    iter=731 E=-2.1064421703 nfev=736 t=1297.6s remaining=1269
    iter=732 E=-2.1064439362 nfev=737 t=1299.0s remaining=1268
    iter=733 E=-2.1064450483 nfev=738 t=1300.4s remaining=1267
    iter=734 E=-2.1064457600 nfev=739 t=1301.8s remaining=1266
    iter=735 E=-2.1064463030 nfev=740 t=1303.3s remaining=1265
    iter=736 E=-2.1064467891 nfev=741 t=1304.7s remaining=1264
    iter=737 E=-2.1064472727 nfev=742 t=1306.2s remaining=1263
    iter=738 E=-2.1064478264 nfev=743 t=1307.9s remaining=1262
    iter=739 E=-2.1064483879 nfev=744 t=1309.4s remaining=1261
    iter=740 E=-2.1064491620 nfev=745 t=1310.9s remaining=1260
    iter=741 E=-2.1064502472 nfev=746 t=1312.6s remaining=1259
    iter=742 E=-2.1064516886 nfev=747 t=1314.0s remaining=1258
    iter=743 E=-2.1064531197 nfev=748 t=1315.6s remaining=1257
    iter=744 E=-2.1064544934 nfev=749 t=1317.1s remaining=1256
    iter=745 E=-2.1064556559 nfev=750 t=1318.6s remaining=1255
    iter=746 E=-2.1064566108 nfev=751 t=1320.0s remaining=1254
    iter=747 E=-2.1064573196 nfev=752 t=1321.4s remaining=1253
    iter=748 E=-2.1064578278 nfev=753 t=1322.8s remaining=1252
    iter=749 E=-2.1064582822 nfev=754 t=1324.2s remaining=1251
    iter=750 E=-2.1064587395 nfev=755 t=1326.0s remaining=1250
    iter=751 E=-2.1064591850 nfev=756 t=1327.5s remaining=1249
    iter=752 E=-2.1064598388 nfev=757 t=1328.9s remaining=1248
    iter=753 E=-2.1064607100 nfev=758 t=1330.3s remaining=1247
    iter=754 E=-2.1064619314 nfev=759 t=1331.7s remaining=1246
    iter=755 E=-2.1064636977 nfev=760 t=1333.1s remaining=1245
    iter=756 E=-2.1064655707 nfev=761 t=1334.6s remaining=1244
    iter=757 E=-2.1064666446 nfev=762 t=1336.2s remaining=1243
    iter=758 E=-2.1064673922 nfev=763 t=1337.7s remaining=1242
    iter=759 E=-2.1064678987 nfev=764 t=1339.3s remaining=1241
    iter=760 E=-2.1064682644 nfev=765 t=1340.8s remaining=1240
    iter=761 E=-2.1064685804 nfev=766 t=1342.3s remaining=1239
    iter=762 E=-2.1064688971 nfev=767 t=1343.9s remaining=1238
    iter=763 E=-2.1064692938 nfev=768 t=1345.5s remaining=1237
    iter=764 E=-2.1064698681 nfev=769 t=1347.3s remaining=1236
    iter=765 E=-2.1064706975 nfev=770 t=1349.2s remaining=1235
    iter=766 E=-2.1064718514 nfev=771 t=1351.1s remaining=1234
    iter=767 E=-2.1064731766 nfev=772 t=1352.9s remaining=1233
    iter=768 E=-2.1064744421 nfev=773 t=1354.6s remaining=1232
    iter=769 E=-2.1064754716 nfev=774 t=1356.0s remaining=1231
    iter=770 E=-2.1064763152 nfev=775 t=1357.5s remaining=1230
    iter=771 E=-2.1064769916 nfev=776 t=1359.3s remaining=1229
    iter=772 E=-2.1064775153 nfev=777 t=1360.7s remaining=1228
    iter=773 E=-2.1064778881 nfev=778 t=1362.6s remaining=1227
    iter=774 E=-2.1064781743 nfev=779 t=1364.4s remaining=1226
    iter=775 E=-2.1064785030 nfev=780 t=1366.3s remaining=1225
    iter=776 E=-2.1064788815 nfev=781 t=1368.1s remaining=1224
    iter=777 E=-2.1064793363 nfev=782 t=1370.0s remaining=1223
    iter=778 E=-2.1064799423 nfev=783 t=1371.8s remaining=1222
    iter=779 E=-2.1064807128 nfev=784 t=1373.7s remaining=1221
    iter=780 E=-2.1064815580 nfev=785 t=1375.6s remaining=1220
    iter=781 E=-2.1064825740 nfev=786 t=1377.4s remaining=1219
    iter=782 E=-2.1064835373 nfev=787 t=1378.8s remaining=1218
    iter=783 E=-2.1064843227 nfev=788 t=1380.3s remaining=1217
    iter=784 E=-2.1064850547 nfev=789 t=1381.9s remaining=1216
    iter=785 E=-2.1064855642 nfev=790 t=1383.3s remaining=1215
    iter=786 E=-2.1064858260 nfev=791 t=1384.9s remaining=1214
    iter=787 E=-2.1064860148 nfev=792 t=1386.8s remaining=1213
    iter=788 E=-2.1064861995 nfev=793 t=1388.4s remaining=1212
    iter=789 E=-2.1064864621 nfev=794 t=1389.8s remaining=1211
    iter=790 E=-2.1064868550 nfev=795 t=1391.3s remaining=1210
    iter=791 E=-2.1064874605 nfev=796 t=1393.1s remaining=1209
    iter=792 E=-2.1064883501 nfev=797 t=1395.0s remaining=1208
    iter=793 E=-2.1064893845 nfev=798 t=1396.7s remaining=1207
    iter=794 E=-2.1064903169 nfev=799 t=1398.0s remaining=1206
    iter=795 E=-2.1064913191 nfev=800 t=1399.5s remaining=1205
    iter=796 E=-2.1064921428 nfev=801 t=1400.9s remaining=1204
    iter=797 E=-2.1064927753 nfev=802 t=1402.4s remaining=1203
    iter=798 E=-2.1064932085 nfev=803 t=1403.9s remaining=1202
    iter=799 E=-2.1064936133 nfev=804 t=1405.4s remaining=1201
    iter=800 E=-2.1064939860 nfev=805 t=1407.0s remaining=1200
    iter=801 E=-2.1064943473 nfev=806 t=1408.4s remaining=1199
    iter=802 E=-2.1064946990 nfev=807 t=1409.8s remaining=1198
    iter=803 E=-2.1064950367 nfev=808 t=1411.3s remaining=1197
    iter=804 E=-2.1064954232 nfev=809 t=1412.8s remaining=1196
    iter=805 E=-2.1064959246 nfev=810 t=1414.2s remaining=1195
    iter=806 E=-2.1064965800 nfev=811 t=1415.7s remaining=1194
    iter=807 E=-2.1064973826 nfev=812 t=1417.1s remaining=1193
    iter=808 E=-2.1064983632 nfev=813 t=1418.7s remaining=1192
    iter=809 E=-2.1064993894 nfev=814 t=1420.1s remaining=1191
    iter=810 E=-2.1065003400 nfev=815 t=1421.6s remaining=1190
    iter=811 E=-2.1065011548 nfev=816 t=1423.2s remaining=1189
    iter=812 E=-2.1065018365 nfev=817 t=1424.9s remaining=1188
    iter=813 E=-2.1065022942 nfev=818 t=1426.7s remaining=1187
    iter=814 E=-2.1065025630 nfev=819 t=1428.6s remaining=1186
    iter=815 E=-2.1065027391 nfev=820 t=1430.1s remaining=1185
    iter=816 E=-2.1065029434 nfev=821 t=1432.0s remaining=1184
    iter=817 E=-2.1065032304 nfev=822 t=1433.9s remaining=1183
    iter=818 E=-2.1065036408 nfev=823 t=1435.7s remaining=1182
    iter=819 E=-2.1065042326 nfev=824 t=1437.6s remaining=1181
    iter=820 E=-2.1065050742 nfev=825 t=1439.1s remaining=1180
    iter=821 E=-2.1065060667 nfev=826 t=1440.6s remaining=1179
    iter=822 E=-2.1065071345 nfev=827 t=1442.1s remaining=1178
    iter=823 E=-2.1065080551 nfev=828 t=1443.7s remaining=1177
    iter=824 E=-2.1065087288 nfev=829 t=1445.2s remaining=1176
    iter=825 E=-2.1065091733 nfev=830 t=1446.7s remaining=1175
    iter=826 E=-2.1065094248 nfev=831 t=1448.1s remaining=1174
    iter=827 E=-2.1065096277 nfev=832 t=1449.6s remaining=1173
    iter=828 E=-2.1065098872 nfev=833 t=1451.1s remaining=1172
    iter=829 E=-2.1065102050 nfev=834 t=1452.6s remaining=1171
    iter=830 E=-2.1065105254 nfev=835 t=1454.0s remaining=1170
    iter=831 E=-2.1065109070 nfev=836 t=1455.6s remaining=1169
    iter=832 E=-2.1065114155 nfev=837 t=1457.0s remaining=1168
    iter=833 E=-2.1065121739 nfev=838 t=1458.4s remaining=1167
    iter=834 E=-2.1065131854 nfev=839 t=1459.9s remaining=1166
    iter=835 E=-2.1065140359 nfev=840 t=1461.4s remaining=1165
    iter=836 E=-2.1065145803 nfev=841 t=1462.8s remaining=1164
    iter=837 E=-2.1065149826 nfev=842 t=1464.4s remaining=1163
    iter=838 E=-2.1065153046 nfev=843 t=1465.9s remaining=1162
    iter=839 E=-2.1065155976 nfev=844 t=1467.4s remaining=1161
    iter=840 E=-2.1065158459 nfev=845 t=1468.9s remaining=1160
    iter=841 E=-2.1065161004 nfev=846 t=1470.4s remaining=1159
    iter=842 E=-2.1065164161 nfev=847 t=1471.8s remaining=1158
    iter=843 E=-2.1065168945 nfev=848 t=1473.2s remaining=1157
    iter=844 E=-2.1065176225 nfev=849 t=1474.6s remaining=1156
    iter=845 E=-2.1065186935 nfev=850 t=1476.1s remaining=1155
    iter=846 E=-2.1065199930 nfev=851 t=1477.8s remaining=1154
    iter=847 E=-2.1065212025 nfev=852 t=1479.4s remaining=1153
    iter=848 E=-2.1065220300 nfev=853 t=1481.3s remaining=1152
    iter=849 E=-2.1065224777 nfev=854 t=1482.8s remaining=1151
    iter=850 E=-2.1065227554 nfev=855 t=1484.3s remaining=1150
    iter=851 E=-2.1065229810 nfev=856 t=1485.9s remaining=1149
    iter=852 E=-2.1065231720 nfev=857 t=1487.4s remaining=1148
    iter=853 E=-2.1065233867 nfev=858 t=1488.9s remaining=1147
    iter=854 E=-2.1065237093 nfev=859 t=1490.4s remaining=1146
    iter=855 E=-2.1065242020 nfev=860 t=1491.9s remaining=1145
    iter=856 E=-2.1065249434 nfev=861 t=1493.4s remaining=1144
    iter=857 E=-2.1065260039 nfev=862 t=1494.8s remaining=1143
    iter=858 E=-2.1065271726 nfev=863 t=1496.2s remaining=1142
    iter=859 E=-2.1065281560 nfev=864 t=1497.6s remaining=1141
    iter=860 E=-2.1065288189 nfev=865 t=1499.0s remaining=1140
    iter=861 E=-2.1065291155 nfev=866 t=1500.4s remaining=1139
    iter=862 E=-2.1065292853 nfev=867 t=1501.8s remaining=1138
    iter=863 E=-2.1065294406 nfev=868 t=1503.1s remaining=1137
    iter=864 E=-2.1065296212 nfev=869 t=1504.6s remaining=1136
    iter=865 E=-2.1065297985 nfev=870 t=1506.2s remaining=1135
    iter=866 E=-2.1065300928 nfev=871 t=1507.8s remaining=1134
    iter=867 E=-2.1065305872 nfev=872 t=1509.2s remaining=1133
    iter=868 E=-2.1065313605 nfev=873 t=1510.6s remaining=1132
    iter=869 E=-2.1065323105 nfev=874 t=1512.0s remaining=1131
    iter=870 E=-2.1065332355 nfev=875 t=1513.5s remaining=1130
    iter=871 E=-2.1065341348 nfev=876 t=1515.4s remaining=1129
    iter=872 E=-2.1065347035 nfev=877 t=1516.9s remaining=1128
    iter=873 E=-2.1065350670 nfev=878 t=1518.3s remaining=1127
    iter=874 E=-2.1065353495 nfev=879 t=1519.8s remaining=1126
    iter=875 E=-2.1065356047 nfev=880 t=1521.4s remaining=1125
    iter=876 E=-2.1065358214 nfev=881 t=1522.9s remaining=1124
    iter=877 E=-2.1065360972 nfev=882 t=1524.4s remaining=1123
    iter=878 E=-2.1065365398 nfev=883 t=1525.8s remaining=1122
    iter=879 E=-2.1065372099 nfev=884 t=1527.5s remaining=1121
    iter=880 E=-2.1065380724 nfev=885 t=1529.3s remaining=1120
    iter=881 E=-2.1065391958 nfev=886 t=1531.2s remaining=1119
    iter=882 E=-2.1065405549 nfev=887 t=1532.8s remaining=1118
    iter=883 E=-2.1065418190 nfev=888 t=1534.2s remaining=1117
    iter=884 E=-2.1065425641 nfev=889 t=1535.6s remaining=1116
    iter=885 E=-2.1065428686 nfev=890 t=1537.4s remaining=1115
    iter=886 E=-2.1065430468 nfev=891 t=1539.2s remaining=1114
    iter=887 E=-2.1065432354 nfev=892 t=1541.1s remaining=1113
    iter=888 E=-2.1065434752 nfev=893 t=1543.0s remaining=1112
    iter=889 E=-2.1065438399 nfev=894 t=1544.6s remaining=1111
    iter=890 E=-2.1065443848 nfev=895 t=1546.1s remaining=1110
    iter=891 E=-2.1065451550 nfev=896 t=1547.8s remaining=1109
    iter=892 E=-2.1065462416 nfev=897 t=1549.1s remaining=1108
    iter=893 E=-2.1065472389 nfev=898 t=1550.5s remaining=1107
    iter=894 E=-2.1065478801 nfev=899 t=1551.9s remaining=1106
    iter=895 E=-2.1065482328 nfev=900 t=1553.5s remaining=1105
    iter=896 E=-2.1065484607 nfev=901 t=1555.0s remaining=1104
    iter=897 E=-2.1065486654 nfev=902 t=1556.5s remaining=1103
    iter=898 E=-2.1065489359 nfev=903 t=1558.0s remaining=1102
    iter=899 E=-2.1065492439 nfev=904 t=1559.4s remaining=1101
    iter=900 E=-2.1065495836 nfev=905 t=1560.8s remaining=1100
    iter=901 E=-2.1065499818 nfev=906 t=1562.2s remaining=1099
    iter=902 E=-2.1065503725 nfev=907 t=1563.7s remaining=1098
    iter=903 E=-2.1065507575 nfev=908 t=1565.0s remaining=1097
    iter=904 E=-2.1065511599 nfev=909 t=1566.5s remaining=1096
    iter=905 E=-2.1065516284 nfev=910 t=1567.9s remaining=1095
    iter=906 E=-2.1065522629 nfev=911 t=1569.3s remaining=1094
    iter=907 E=-2.1065531003 nfev=912 t=1570.8s remaining=1093
    iter=908 E=-2.1065540305 nfev=913 t=1572.1s remaining=1092
    iter=909 E=-2.1065548594 nfev=914 t=1573.7s remaining=1091
    iter=910 E=-2.1065553967 nfev=915 t=1575.1s remaining=1090
    iter=911 E=-2.1065556748 nfev=916 t=1576.6s remaining=1089
    iter=912 E=-2.1065558503 nfev=917 t=1578.0s remaining=1088
    iter=913 E=-2.1065560271 nfev=918 t=1579.5s remaining=1087
    iter=914 E=-2.1065562868 nfev=919 t=1580.9s remaining=1086
    iter=915 E=-2.1065566821 nfev=920 t=1582.4s remaining=1085
    iter=916 E=-2.1065572850 nfev=921 t=1583.8s remaining=1084
    iter=917 E=-2.1065581383 nfev=922 t=1585.2s remaining=1083
    iter=918 E=-2.1065590611 nfev=923 t=1586.7s remaining=1082
    iter=919 E=-2.1065598344 nfev=924 t=1588.2s remaining=1081
    iter=920 E=-2.1065604770 nfev=925 t=1589.6s remaining=1080
    iter=921 E=-2.1065608871 nfev=926 t=1591.0s remaining=1079
    iter=922 E=-2.1065610470 nfev=927 t=1592.5s remaining=1078
    iter=923 E=-2.1065612288 nfev=928 t=1593.9s remaining=1077
    iter=924 E=-2.1065614246 nfev=929 t=1595.6s remaining=1076
    iter=925 E=-2.1065616463 nfev=930 t=1597.4s remaining=1075
    iter=926 E=-2.1065620022 nfev=931 t=1599.1s remaining=1074
    iter=927 E=-2.1065625338 nfev=932 t=1601.0s remaining=1073
    iter=928 E=-2.1065632443 nfev=933 t=1602.7s remaining=1072
    iter=929 E=-2.1065639301 nfev=934 t=1604.1s remaining=1071
    iter=930 E=-2.1065648427 nfev=935 t=1605.5s remaining=1070
    iter=931 E=-2.1065656131 nfev=936 t=1606.9s remaining=1069
    iter=932 E=-2.1065661255 nfev=937 t=1608.3s remaining=1068
    iter=933 E=-2.1065664026 nfev=938 t=1609.8s remaining=1067
    iter=934 E=-2.1065665659 nfev=939 t=1611.2s remaining=1066
    iter=935 E=-2.1065667156 nfev=940 t=1612.6s remaining=1065
    iter=936 E=-2.1065669265 nfev=941 t=1614.0s remaining=1064
    iter=937 E=-2.1065671757 nfev=942 t=1615.4s remaining=1063
    iter=938 E=-2.1065675598 nfev=943 t=1616.9s remaining=1062
    iter=939 E=-2.1065681325 nfev=944 t=1618.3s remaining=1061
    iter=940 E=-2.1065689339 nfev=945 t=1620.0s remaining=1060
    iter=941 E=-2.1065698723 nfev=946 t=1621.5s remaining=1059
    iter=942 E=-2.1065709099 nfev=947 t=1623.0s remaining=1058
    iter=943 E=-2.1065716807 nfev=948 t=1624.4s remaining=1057
    iter=944 E=-2.1065721157 nfev=949 t=1625.8s remaining=1056
    iter=945 E=-2.1065723542 nfev=950 t=1627.2s remaining=1055
    iter=946 E=-2.1065725371 nfev=951 t=1628.7s remaining=1054
    iter=947 E=-2.1065727100 nfev=952 t=1630.1s remaining=1053
    iter=948 E=-2.1065728784 nfev=953 t=1631.6s remaining=1052
    iter=949 E=-2.1065730602 nfev=954 t=1633.0s remaining=1051
    iter=950 E=-2.1065732641 nfev=955 t=1634.4s remaining=1050
    iter=951 E=-2.1065735789 nfev=956 t=1636.1s remaining=1049
    iter=952 E=-2.1065740675 nfev=957 t=1638.0s remaining=1048
    iter=953 E=-2.1065747917 nfev=958 t=1639.7s remaining=1047
    iter=954 E=-2.1065756387 nfev=959 t=1641.2s remaining=1046
    iter=955 E=-2.1065763205 nfev=960 t=1642.6s remaining=1045
    iter=956 E=-2.1065768215 nfev=961 t=1644.0s remaining=1044
    iter=957 E=-2.1065770927 nfev=962 t=1645.4s remaining=1043
    iter=958 E=-2.1065772704 nfev=963 t=1646.9s remaining=1042
    iter=959 E=-2.1065774247 nfev=964 t=1648.3s remaining=1041
    iter=960 E=-2.1065775848 nfev=965 t=1650.0s remaining=1040
    iter=961 E=-2.1065777116 nfev=966 t=1651.7s remaining=1039
    iter=962 E=-2.1065778798 nfev=967 t=1653.1s remaining=1038
    iter=963 E=-2.1065780764 nfev=968 t=1654.5s remaining=1037
    iter=964 E=-2.1065783177 nfev=969 t=1655.9s remaining=1036
    iter=965 E=-2.1065786863 nfev=970 t=1657.5s remaining=1035
    iter=966 E=-2.1065792574 nfev=971 t=1659.0s remaining=1034
    iter=967 E=-2.1065800764 nfev=972 t=1660.4s remaining=1033
    iter=968 E=-2.1065809690 nfev=973 t=1661.8s remaining=1032
    iter=969 E=-2.1065817175 nfev=974 t=1663.1s remaining=1031
    iter=970 E=-2.1065824196 nfev=975 t=1664.6s remaining=1030
    iter=971 E=-2.1065828836 nfev=976 t=1666.2s remaining=1029
    iter=972 E=-2.1065831408 nfev=977 t=1667.9s remaining=1028
    iter=973 E=-2.1065833586 nfev=978 t=1669.2s remaining=1027
    iter=974 E=-2.1065835074 nfev=979 t=1670.8s remaining=1026
    iter=975 E=-2.1065836467 nfev=980 t=1672.1s remaining=1025
    iter=976 E=-2.1065838297 nfev=981 t=1673.9s remaining=1024
    iter=977 E=-2.1065840903 nfev=982 t=1675.7s remaining=1023
    iter=978 E=-2.1065844384 nfev=983 t=1677.6s remaining=1022
    iter=979 E=-2.1065848884 nfev=984 t=1679.5s remaining=1021
    iter=980 E=-2.1065854825 nfev=985 t=1681.3s remaining=1020
    iter=981 E=-2.1065861642 nfev=986 t=1683.2s remaining=1019
    iter=982 E=-2.1065869584 nfev=987 t=1685.0s remaining=1018
    iter=983 E=-2.1065880293 nfev=988 t=1686.9s remaining=1017
    iter=984 E=-2.1065893269 nfev=989 t=1688.7s remaining=1016
    iter=985 E=-2.1065900839 nfev=990 t=1690.6s remaining=1015
    iter=986 E=-2.1065907253 nfev=991 t=1692.5s remaining=1014
    iter=987 E=-2.1065910232 nfev=992 t=1694.3s remaining=1013
    iter=988 E=-2.1065912274 nfev=993 t=1696.2s remaining=1012
    iter=989 E=-2.1065914024 nfev=994 t=1698.0s remaining=1011
    iter=990 E=-2.1065916210 nfev=995 t=1699.8s remaining=1010
    iter=991 E=-2.1065918058 nfev=996 t=1701.2s remaining=1009
    iter=992 E=-2.1065920316 nfev=997 t=1702.8s remaining=1008
    iter=993 E=-2.1065923057 nfev=998 t=1704.2s remaining=1007
    iter=994 E=-2.1065926693 nfev=999 t=1705.7s remaining=1006
    iter=995 E=-2.1065931906 nfev=1000 t=1707.5s remaining=1005
    iter=996 E=-2.1065939294 nfev=1001 t=1709.1s remaining=1004
    iter=997 E=-2.1065948496 nfev=1002 t=1710.5s remaining=1003
    iter=998 E=-2.1065956209 nfev=1003 t=1711.9s remaining=1002
    iter=999 E=-2.1065962299 nfev=1004 t=1713.3s remaining=1001
    iter=1000 E=-2.1065966232 nfev=1005 t=1714.9s remaining=1000
    iter=1001 E=-2.1065969345 nfev=1006 t=1716.5s remaining=999
    iter=1002 E=-2.1065971786 nfev=1007 t=1717.9s remaining=998
    iter=1003 E=-2.1065973325 nfev=1008 t=1719.3s remaining=997
    iter=1004 E=-2.1065974763 nfev=1009 t=1720.7s remaining=996
    iter=1005 E=-2.1065977000 nfev=1010 t=1722.2s remaining=995
    iter=1006 E=-2.1065980281 nfev=1011 t=1723.9s remaining=994
    iter=1007 E=-2.1065984655 nfev=1012 t=1725.7s remaining=993
    iter=1008 E=-2.1065990601 nfev=1013 t=1727.6s remaining=992
    iter=1009 E=-2.1065999077 nfev=1014 t=1729.4s remaining=991
    iter=1010 E=-2.1066007711 nfev=1015 t=1731.3s remaining=990
    iter=1011 E=-2.1066013043 nfev=1016 t=1733.2s remaining=989
    iter=1012 E=-2.1066016633 nfev=1017 t=1734.8s remaining=988
    iter=1013 E=-2.1066018968 nfev=1018 t=1736.7s remaining=987
    iter=1014 E=-2.1066020486 nfev=1019 t=1738.4s remaining=986
    iter=1015 E=-2.1066021999 nfev=1020 t=1739.9s remaining=985
    iter=1016 E=-2.1066023262 nfev=1021 t=1741.3s remaining=984
    iter=1017 E=-2.1066024918 nfev=1022 t=1742.8s remaining=983
    iter=1018 E=-2.1066027243 nfev=1023 t=1744.2s remaining=982
    iter=1019 E=-2.1066030315 nfev=1024 t=1745.6s remaining=981
    iter=1020 E=-2.1066034467 nfev=1025 t=1747.2s remaining=980
    iter=1021 E=-2.1066040501 nfev=1026 t=1749.0s remaining=979
    iter=1022 E=-2.1066047665 nfev=1027 t=1750.9s remaining=978
    iter=1023 E=-2.1066053389 nfev=1028 t=1752.4s remaining=977
    iter=1024 E=-2.1066056585 nfev=1029 t=1753.8s remaining=976
    iter=1025 E=-2.1066058842 nfev=1030 t=1755.3s remaining=975
    iter=1026 E=-2.1066060276 nfev=1031 t=1756.8s remaining=974
    iter=1027 E=-2.1066061532 nfev=1032 t=1758.2s remaining=973
    iter=1028 E=-2.1066063109 nfev=1033 t=1759.8s remaining=972
    iter=1029 E=-2.1066064789 nfev=1034 t=1761.3s remaining=971
    iter=1030 E=-2.1066067103 nfev=1035 t=1762.8s remaining=970
    iter=1031 E=-2.1066070250 nfev=1036 t=1764.2s remaining=969
    iter=1032 E=-2.1066075035 nfev=1037 t=1765.6s remaining=968
    iter=1033 E=-2.1066081836 nfev=1038 t=1767.2s remaining=967
    iter=1034 E=-2.1066090927 nfev=1039 t=1768.6s remaining=966
    iter=1035 E=-2.1066099382 nfev=1040 t=1770.0s remaining=965
    iter=1036 E=-2.1066105659 nfev=1041 t=1771.4s remaining=964
    iter=1037 E=-2.1066108949 nfev=1042 t=1773.1s remaining=963
    iter=1038 E=-2.1066110990 nfev=1043 t=1774.6s remaining=962
    iter=1039 E=-2.1066112911 nfev=1044 t=1776.0s remaining=961
    iter=1040 E=-2.1066114299 nfev=1045 t=1777.6s remaining=960
    iter=1041 E=-2.1066115260 nfev=1046 t=1779.1s remaining=959
    iter=1042 E=-2.1066116275 nfev=1047 t=1780.6s remaining=958
    iter=1043 E=-2.1066117657 nfev=1048 t=1782.1s remaining=957
    iter=1044 E=-2.1066119437 nfev=1049 t=1783.5s remaining=956
    iter=1045 E=-2.1066122068 nfev=1050 t=1785.0s remaining=955
    iter=1046 E=-2.1066126311 nfev=1051 t=1786.4s remaining=954
    iter=1047 E=-2.1066132421 nfev=1052 t=1788.0s remaining=953
    iter=1048 E=-2.1066138478 nfev=1053 t=1789.5s remaining=952
    iter=1049 E=-2.1066143833 nfev=1054 t=1790.9s remaining=951
    iter=1050 E=-2.1066148277 nfev=1055 t=1792.4s remaining=950
    iter=1051 E=-2.1066151444 nfev=1056 t=1793.8s remaining=949
    iter=1052 E=-2.1066153534 nfev=1057 t=1795.2s remaining=948
    iter=1053 E=-2.1066155651 nfev=1058 t=1796.9s remaining=947
    iter=1054 E=-2.1066157105 nfev=1059 t=1798.7s remaining=946
    iter=1055 E=-2.1066158146 nfev=1060 t=1800.7s remaining=945
    iter=1056 E=-2.1066159202 nfev=1061 t=1802.2s remaining=944
    iter=1057 E=-2.1066160314 nfev=1062 t=1803.7s remaining=943
    iter=1058 E=-2.1066161529 nfev=1063 t=1805.1s remaining=942
    iter=1059 E=-2.1066163068 nfev=1064 t=1806.5s remaining=941
    iter=1060 E=-2.1066165288 nfev=1065 t=1808.0s remaining=940
    iter=1061 E=-2.1066168568 nfev=1066 t=1809.5s remaining=939
    iter=1062 E=-2.1066173082 nfev=1067 t=1811.0s remaining=938
    iter=1063 E=-2.1066177815 nfev=1068 t=1812.5s remaining=937
    iter=1064 E=-2.1066182146 nfev=1069 t=1813.9s remaining=936
    iter=1065 E=-2.1066185537 nfev=1070 t=1815.7s remaining=935
    iter=1066 E=-2.1066187792 nfev=1071 t=1817.1s remaining=934
    iter=1067 E=-2.1066189146 nfev=1072 t=1818.5s remaining=933
    iter=1068 E=-2.1066190073 nfev=1073 t=1820.0s remaining=932
    iter=1069 E=-2.1066190767 nfev=1074 t=1821.5s remaining=931
    iter=1070 E=-2.1066191463 nfev=1075 t=1823.3s remaining=930
    iter=1071 E=-2.1066192385 nfev=1076 t=1825.1s remaining=929
    iter=1072 E=-2.1066193807 nfev=1077 t=1826.7s remaining=928
    iter=1073 E=-2.1066195935 nfev=1078 t=1828.1s remaining=927
    iter=1074 E=-2.1066198740 nfev=1079 t=1829.6s remaining=926
    iter=1075 E=-2.1066202414 nfev=1080 t=1831.0s remaining=925
    iter=1076 E=-2.1066207571 nfev=1081 t=1832.5s remaining=924
    iter=1077 E=-2.1066212419 nfev=1082 t=1833.9s remaining=923
    iter=1078 E=-2.1066216029 nfev=1083 t=1835.4s remaining=922
    iter=1079 E=-2.1066218609 nfev=1084 t=1836.8s remaining=921
    iter=1080 E=-2.1066220413 nfev=1085 t=1838.7s remaining=920
    iter=1081 E=-2.1066221411 nfev=1086 t=1840.1s remaining=919
    iter=1082 E=-2.1066221885 nfev=1087 t=1841.6s remaining=918
    iter=1083 E=-2.1066222489 nfev=1088 t=1843.1s remaining=917
    iter=1084 E=-2.1066223326 nfev=1089 t=1844.5s remaining=916
    iter=1085 E=-2.1066224527 nfev=1090 t=1845.9s remaining=915
    iter=1086 E=-2.1066226267 nfev=1091 t=1847.3s remaining=914
    iter=1087 E=-2.1066228670 nfev=1092 t=1848.7s remaining=913
    iter=1088 E=-2.1066231448 nfev=1093 t=1850.0s remaining=912
    iter=1089 E=-2.1066235360 nfev=1094 t=1851.4s remaining=911
    iter=1090 E=-2.1066240125 nfev=1095 t=1853.0s remaining=910
    iter=1091 E=-2.1066245289 nfev=1096 t=1854.5s remaining=909
    iter=1092 E=-2.1066249615 nfev=1097 t=1856.0s remaining=908
    iter=1093 E=-2.1066252882 nfev=1098 t=1857.6s remaining=907
    iter=1094 E=-2.1066255004 nfev=1099 t=1859.4s remaining=906
    iter=1095 E=-2.1066256002 nfev=1100 t=1861.0s remaining=905
    iter=1096 E=-2.1066256575 nfev=1101 t=1862.6s remaining=904
    iter=1097 E=-2.1066257069 nfev=1102 t=1864.3s remaining=903
    iter=1098 E=-2.1066257647 nfev=1103 t=1865.9s remaining=902
    iter=1099 E=-2.1066258531 nfev=1104 t=1867.4s remaining=901
    iter=1100 E=-2.1066259938 nfev=1105 t=1869.1s remaining=900
    iter=1101 E=-2.1066262179 nfev=1106 t=1870.7s remaining=899
    iter=1102 E=-2.1066265628 nfev=1107 t=1872.3s remaining=898
    iter=1103 E=-2.1066270366 nfev=1108 t=1873.7s remaining=897
    iter=1104 E=-2.1066274756 nfev=1109 t=1875.0s remaining=896
    iter=1105 E=-2.1066278614 nfev=1110 t=1876.8s remaining=895
    iter=1106 E=-2.1066281574 nfev=1111 t=1878.3s remaining=894
    iter=1107 E=-2.1066283014 nfev=1112 t=1880.0s remaining=893
    iter=1108 E=-2.1066283902 nfev=1113 t=1881.5s remaining=892
    iter=1109 E=-2.1066284724 nfev=1114 t=1882.9s remaining=891
    iter=1110 E=-2.1066285387 nfev=1115 t=1884.3s remaining=890
    iter=1111 E=-2.1066286011 nfev=1116 t=1885.7s remaining=889
    iter=1112 E=-2.1066286738 nfev=1117 t=1887.2s remaining=888
    iter=1113 E=-2.1066287771 nfev=1118 t=1888.7s remaining=887
    iter=1114 E=-2.1066289193 nfev=1119 t=1890.1s remaining=886
    iter=1115 E=-2.1066290882 nfev=1120 t=1891.6s remaining=885
    iter=1116 E=-2.1066293576 nfev=1121 t=1893.0s remaining=884
    iter=1117 E=-2.1066297793 nfev=1122 t=1894.7s remaining=883
    iter=1118 E=-2.1066303761 nfev=1123 t=1896.1s remaining=882
    iter=1119 E=-2.1066309092 nfev=1124 t=1897.7s remaining=881
    iter=1120 E=-2.1066311929 nfev=1125 t=1899.6s remaining=880
    iter=1121 E=-2.1066313751 nfev=1126 t=1901.3s remaining=879
    iter=1122 E=-2.1066314697 nfev=1127 t=1903.1s remaining=878
    iter=1123 E=-2.1066315402 nfev=1128 t=1904.6s remaining=877
    iter=1124 E=-2.1066316011 nfev=1129 t=1906.0s remaining=876
    iter=1125 E=-2.1066316518 nfev=1130 t=1907.6s remaining=875
    iter=1126 E=-2.1066317169 nfev=1131 t=1909.5s remaining=874
    iter=1127 E=-2.1066318194 nfev=1132 t=1911.4s remaining=873
    iter=1128 E=-2.1066319766 nfev=1133 t=1913.5s remaining=872
    iter=1129 E=-2.1066322067 nfev=1134 t=1915.5s remaining=871
    iter=1130 E=-2.1066325483 nfev=1135 t=1917.6s remaining=870
    iter=1131 E=-2.1066330071 nfev=1136 t=1920.2s remaining=869
    iter=1132 E=-2.1066333615 nfev=1137 t=1922.0s remaining=868
    iter=1133 E=-2.1066335633 nfev=1138 t=1923.6s remaining=867
    iter=1134 E=-2.1066336857 nfev=1139 t=1925.3s remaining=866
    iter=1135 E=-2.1066337747 nfev=1140 t=1926.9s remaining=865
    iter=1136 E=-2.1066338570 nfev=1141 t=1928.7s remaining=864
    iter=1137 E=-2.1066339197 nfev=1142 t=1930.6s remaining=863
    iter=1138 E=-2.1066339976 nfev=1143 t=1932.4s remaining=862
    iter=1139 E=-2.1066340889 nfev=1144 t=1934.3s remaining=861
    iter=1140 E=-2.1066342162 nfev=1145 t=1936.1s remaining=860
    iter=1141 E=-2.1066343940 nfev=1146 t=1938.0s remaining=859
    iter=1142 E=-2.1066346674 nfev=1147 t=1939.7s remaining=858
    iter=1143 E=-2.1066350753 nfev=1148 t=1941.2s remaining=857
    iter=1144 E=-2.1066355824 nfev=1149 t=1942.6s remaining=856
    iter=1145 E=-2.1066359836 nfev=1150 t=1944.3s remaining=855
    iter=1146 E=-2.1066363314 nfev=1151 t=1946.1s remaining=854
    iter=1147 E=-2.1066365826 nfev=1152 t=1947.6s remaining=853
    iter=1148 E=-2.1066367102 nfev=1153 t=1948.9s remaining=852
    iter=1149 E=-2.1066367870 nfev=1154 t=1950.3s remaining=851
    iter=1150 E=-2.1066368345 nfev=1155 t=1951.7s remaining=850
    iter=1151 E=-2.1066368678 nfev=1156 t=1953.1s remaining=849
    iter=1152 E=-2.1066369152 nfev=1157 t=1954.5s remaining=848
    iter=1153 E=-2.1066369807 nfev=1158 t=1955.9s remaining=847
    iter=1154 E=-2.1066370784 nfev=1159 t=1957.3s remaining=846
    iter=1155 E=-2.1066372310 nfev=1160 t=1958.7s remaining=845
    iter=1156 E=-2.1066374835 nfev=1161 t=1960.2s remaining=844
    iter=1157 E=-2.1066378877 nfev=1162 t=1961.6s remaining=843
    iter=1158 E=-2.1066384619 nfev=1163 t=1963.1s remaining=842
    iter=1159 E=-2.1066388475 nfev=1164 t=1964.5s remaining=841
    iter=1160 E=-2.1066391044 nfev=1165 t=1966.1s remaining=840
    iter=1161 E=-2.1066392784 nfev=1166 t=1967.7s remaining=839
    iter=1162 E=-2.1066393412 nfev=1167 t=1969.1s remaining=838
    iter=1163 E=-2.1066393744 nfev=1168 t=1970.6s remaining=837
    iter=1164 E=-2.1066394139 nfev=1169 t=1972.0s remaining=836
    iter=1165 E=-2.1066394630 nfev=1170 t=1973.4s remaining=835
    iter=1166 E=-2.1066395236 nfev=1171 t=1975.2s remaining=834
    iter=1167 E=-2.1066396170 nfev=1172 t=1976.7s remaining=833
    iter=1168 E=-2.1066397733 nfev=1173 t=1978.5s remaining=832
    iter=1169 E=-2.1066400321 nfev=1174 t=1980.2s remaining=831
    iter=1170 E=-2.1066404153 nfev=1175 t=1981.7s remaining=830
    iter=1171 E=-2.1066407509 nfev=1176 t=1983.1s remaining=829
    iter=1172 E=-2.1066409846 nfev=1177 t=1984.5s remaining=828
    iter=1173 E=-2.1066411991 nfev=1178 t=1986.0s remaining=827
    iter=1174 E=-2.1066413006 nfev=1179 t=1987.4s remaining=826
    iter=1175 E=-2.1066413590 nfev=1180 t=1989.0s remaining=825
    iter=1176 E=-2.1066413924 nfev=1181 t=1990.7s remaining=824
    iter=1177 E=-2.1066414202 nfev=1182 t=1992.1s remaining=823
    iter=1178 E=-2.1066414493 nfev=1183 t=1993.6s remaining=822
    iter=1179 E=-2.1066414864 nfev=1184 t=1995.0s remaining=821
    iter=1180 E=-2.1066415480 nfev=1185 t=1996.6s remaining=820
    iter=1181 E=-2.1066416491 nfev=1186 t=1998.2s remaining=819
    iter=1182 E=-2.1066418120 nfev=1187 t=1999.7s remaining=818
    iter=1183 E=-2.1066420400 nfev=1188 t=2001.0s remaining=817
    iter=1184 E=-2.1066423019 nfev=1189 t=2002.5s remaining=816
    iter=1185 E=-2.1066425587 nfev=1190 t=2003.9s remaining=815
    iter=1186 E=-2.1066428742 nfev=1191 t=2005.2s remaining=814
    iter=1187 E=-2.1066430712 nfev=1192 t=2006.8s remaining=813
    iter=1188 E=-2.1066432074 nfev=1193 t=2008.3s remaining=812
    iter=1189 E=-2.1066433174 nfev=1194 t=2009.9s remaining=811
    iter=1190 E=-2.1066434055 nfev=1195 t=2011.4s remaining=810
    iter=1191 E=-2.1066434415 nfev=1196 t=2013.0s remaining=809
    iter=1192 E=-2.1066434734 nfev=1197 t=2014.4s remaining=808
    iter=1193 E=-2.1066435206 nfev=1198 t=2016.2s remaining=807
    iter=1194 E=-2.1066435928 nfev=1199 t=2017.7s remaining=806
    iter=1195 E=-2.1066437030 nfev=1200 t=2019.1s remaining=805
    iter=1196 E=-2.1066438734 nfev=1201 t=2020.6s remaining=804
    iter=1197 E=-2.1066441199 nfev=1202 t=2022.1s remaining=803
    iter=1198 E=-2.1066444316 nfev=1203 t=2023.7s remaining=802
    iter=1199 E=-2.1066447225 nfev=1204 t=2025.2s remaining=801
    iter=1200 E=-2.1066449848 nfev=1205 t=2026.6s remaining=800
    iter=1201 E=-2.1066451972 nfev=1206 t=2028.2s remaining=799
    iter=1202 E=-2.1066453055 nfev=1207 t=2029.6s remaining=798
    iter=1203 E=-2.1066453950 nfev=1208 t=2031.0s remaining=797
    iter=1204 E=-2.1066454628 nfev=1209 t=2032.4s remaining=796
    iter=1205 E=-2.1066454949 nfev=1210 t=2033.7s remaining=795
    iter=1206 E=-2.1066455356 nfev=1211 t=2035.1s remaining=794
    iter=1207 E=-2.1066456000 nfev=1212 t=2036.5s remaining=793
    iter=1208 E=-2.1066457035 nfev=1213 t=2038.1s remaining=792
    iter=1209 E=-2.1066458537 nfev=1214 t=2040.0s remaining=791
    iter=1210 E=-2.1066460776 nfev=1215 t=2041.4s remaining=790
    iter=1211 E=-2.1066463725 nfev=1216 t=2043.1s remaining=789
    iter=1212 E=-2.1066467505 nfev=1217 t=2044.6s remaining=788
    iter=1213 E=-2.1066470489 nfev=1218 t=2046.1s remaining=787
    iter=1214 E=-2.1066472919 nfev=1219 t=2047.6s remaining=786
    iter=1215 E=-2.1066474030 nfev=1220 t=2049.1s remaining=785
    iter=1216 E=-2.1066474862 nfev=1221 t=2050.5s remaining=784
    iter=1217 E=-2.1066475695 nfev=1222 t=2051.9s remaining=783
    iter=1218 E=-2.1066476399 nfev=1223 t=2053.5s remaining=782
    iter=1219 E=-2.1066476735 nfev=1224 t=2055.1s remaining=781
    iter=1220 E=-2.1066477069 nfev=1225 t=2056.5s remaining=780
    iter=1221 E=-2.1066477516 nfev=1226 t=2058.1s remaining=779
    iter=1222 E=-2.1066478194 nfev=1227 t=2059.7s remaining=778
    iter=1223 E=-2.1066479293 nfev=1228 t=2061.1s remaining=777
    iter=1224 E=-2.1066481103 nfev=1229 t=2062.7s remaining=776
    iter=1225 E=-2.1066483956 nfev=1230 t=2064.3s remaining=775
    iter=1226 E=-2.1066487823 nfev=1231 t=2065.9s remaining=774
    iter=1227 E=-2.1066490790 nfev=1232 t=2067.4s remaining=773
    iter=1228 E=-2.1066493439 nfev=1233 t=2069.0s remaining=772
    iter=1229 E=-2.1066495535 nfev=1234 t=2070.6s remaining=771
    iter=1230 E=-2.1066497089 nfev=1235 t=2072.2s remaining=770
    iter=1231 E=-2.1066498187 nfev=1236 t=2073.7s remaining=769
    iter=1232 E=-2.1066498828 nfev=1237 t=2075.1s remaining=768
    iter=1233 E=-2.1066499231 nfev=1238 t=2076.6s remaining=767
    iter=1234 E=-2.1066499459 nfev=1239 t=2078.0s remaining=766
    iter=1235 E=-2.1066499843 nfev=1240 t=2079.4s remaining=765
    iter=1236 E=-2.1066500481 nfev=1241 t=2080.8s remaining=764
    iter=1237 E=-2.1066501514 nfev=1242 t=2082.3s remaining=763
    iter=1238 E=-2.1066502966 nfev=1243 t=2083.8s remaining=762
    iter=1239 E=-2.1066504624 nfev=1244 t=2085.2s remaining=761
    iter=1240 E=-2.1066506340 nfev=1245 t=2086.6s remaining=760
    iter=1241 E=-2.1066508689 nfev=1246 t=2088.2s remaining=759
    iter=1242 E=-2.1066510858 nfev=1247 t=2090.0s remaining=758
    iter=1243 E=-2.1066512661 nfev=1248 t=2091.8s remaining=757
    iter=1244 E=-2.1066515473 nfev=1249 t=2093.7s remaining=756
    iter=1245 E=-2.1066519148 nfev=1250 t=2095.4s remaining=755
    iter=1246 E=-2.1066521671 nfev=1251 t=2096.9s remaining=754
    iter=1247 E=-2.1066523469 nfev=1252 t=2098.5s remaining=753
    iter=1248 E=-2.1066524637 nfev=1253 t=2100.1s remaining=752
    iter=1249 E=-2.1066525484 nfev=1254 t=2101.6s remaining=751
    iter=1250 E=-2.1066525903 nfev=1255 t=2103.2s remaining=750
    iter=1251 E=-2.1066526229 nfev=1256 t=2105.1s remaining=749
    iter=1252 E=-2.1066526673 nfev=1257 t=2106.9s remaining=748
    iter=1253 E=-2.1066527324 nfev=1258 t=2108.8s remaining=747
    iter=1254 E=-2.1066528332 nfev=1259 t=2110.2s remaining=746
    iter=1255 E=-2.1066529872 nfev=1260 t=2111.6s remaining=745
    iter=1256 E=-2.1066532203 nfev=1261 t=2113.4s remaining=744
    iter=1257 E=-2.1066535401 nfev=1262 t=2115.0s remaining=743
    iter=1258 E=-2.1066539391 nfev=1263 t=2116.5s remaining=742
    iter=1259 E=-2.1066542633 nfev=1264 t=2117.9s remaining=741
    iter=1260 E=-2.1066545970 nfev=1265 t=2119.3s remaining=740
    iter=1261 E=-2.1066547853 nfev=1266 t=2120.7s remaining=739
    iter=1262 E=-2.1066548860 nfev=1267 t=2122.2s remaining=738
    iter=1263 E=-2.1066549512 nfev=1268 t=2123.8s remaining=737
    iter=1264 E=-2.1066550221 nfev=1269 t=2125.4s remaining=736
    iter=1265 E=-2.1066550676 nfev=1270 t=2126.8s remaining=735
    iter=1266 E=-2.1066551017 nfev=1271 t=2128.2s remaining=734
    iter=1267 E=-2.1066551567 nfev=1272 t=2129.7s remaining=733
    iter=1268 E=-2.1066552335 nfev=1273 t=2131.4s remaining=732
    iter=1269 E=-2.1066552967 nfev=1274 t=2132.9s remaining=731
    iter=1270 E=-2.1066554086 nfev=1275 t=2134.3s remaining=730
    iter=1271 E=-2.1066556014 nfev=1276 t=2135.8s remaining=729
    iter=1272 E=-2.1066559053 nfev=1277 t=2137.3s remaining=728
    iter=1273 E=-2.1066562828 nfev=1278 t=2139.4s remaining=727
    iter=1274 E=-2.1066565869 nfev=1279 t=2141.2s remaining=726
    iter=1275 E=-2.1066568644 nfev=1280 t=2143.1s remaining=725
    iter=1276 E=-2.1066570592 nfev=1281 t=2144.8s remaining=724
    iter=1277 E=-2.1066572294 nfev=1282 t=2146.4s remaining=723
    iter=1278 E=-2.1066573563 nfev=1283 t=2148.2s remaining=722
    iter=1279 E=-2.1066574424 nfev=1284 t=2149.7s remaining=721
    iter=1280 E=-2.1066575033 nfev=1285 t=2151.4s remaining=720
    iter=1281 E=-2.1066575586 nfev=1286 t=2152.9s remaining=719
    iter=1282 E=-2.1066576160 nfev=1287 t=2154.3s remaining=718
    iter=1283 E=-2.1066576677 nfev=1288 t=2155.8s remaining=717
    iter=1284 E=-2.1066577355 nfev=1289 t=2157.2s remaining=716
    iter=1285 E=-2.1066578314 nfev=1290 t=2158.7s remaining=715
    iter=1286 E=-2.1066579717 nfev=1291 t=2160.2s remaining=714
    iter=1287 E=-2.1066581814 nfev=1292 t=2161.6s remaining=713
    iter=1288 E=-2.1066584640 nfev=1293 t=2163.1s remaining=712
    iter=1289 E=-2.1066588236 nfev=1294 t=2164.6s remaining=711
    iter=1290 E=-2.1066591570 nfev=1295 t=2166.2s remaining=710
    iter=1291 E=-2.1066594696 nfev=1296 t=2167.8s remaining=709
    iter=1292 E=-2.1066596472 nfev=1297 t=2169.3s remaining=708
    iter=1293 E=-2.1066597298 nfev=1298 t=2170.7s remaining=707
    iter=1294 E=-2.1066597760 nfev=1299 t=2172.1s remaining=706
    iter=1295 E=-2.1066598081 nfev=1300 t=2173.5s remaining=705
    iter=1296 E=-2.1066598403 nfev=1301 t=2174.9s remaining=704
    iter=1297 E=-2.1066598882 nfev=1302 t=2176.3s remaining=703
    iter=1298 E=-2.1066599606 nfev=1303 t=2177.7s remaining=702
    iter=1299 E=-2.1066600705 nfev=1304 t=2179.2s remaining=701
    iter=1300 E=-2.1066602305 nfev=1305 t=2180.7s remaining=700
    iter=1301 E=-2.1066604635 nfev=1306 t=2182.3s remaining=699
    iter=1302 E=-2.1066607830 nfev=1307 t=2183.7s remaining=698
    iter=1303 E=-2.1066611161 nfev=1308 t=2185.2s remaining=697
    iter=1304 E=-2.1066613505 nfev=1309 t=2186.6s remaining=696
    iter=1305 E=-2.1066615358 nfev=1310 t=2188.1s remaining=695
    iter=1306 E=-2.1066616512 nfev=1311 t=2189.6s remaining=694
    iter=1307 E=-2.1066617459 nfev=1312 t=2191.1s remaining=693
    iter=1308 E=-2.1066617960 nfev=1313 t=2192.5s remaining=692
    iter=1309 E=-2.1066618316 nfev=1314 t=2194.1s remaining=691
    iter=1310 E=-2.1066618628 nfev=1315 t=2195.5s remaining=690
    iter=1311 E=-2.1066619054 nfev=1316 t=2196.9s remaining=689
    iter=1312 E=-2.1066619656 nfev=1317 t=2198.5s remaining=688
    iter=1313 E=-2.1066620618 nfev=1318 t=2200.1s remaining=687
    iter=1314 E=-2.1066622099 nfev=1319 t=2201.7s remaining=686
    iter=1315 E=-2.1066624365 nfev=1320 t=2203.4s remaining=685
    iter=1316 E=-2.1066627394 nfev=1321 t=2204.9s remaining=684
    iter=1317 E=-2.1066630739 nfev=1322 t=2206.3s remaining=683
    iter=1318 E=-2.1066633511 nfev=1323 t=2207.8s remaining=682
    iter=1319 E=-2.1066636746 nfev=1324 t=2209.3s remaining=681
    iter=1320 E=-2.1066638243 nfev=1325 t=2210.8s remaining=680
    iter=1321 E=-2.1066638990 nfev=1326 t=2212.6s remaining=679
    iter=1322 E=-2.1066639464 nfev=1327 t=2214.2s remaining=678
    iter=1323 E=-2.1066640065 nfev=1328 t=2215.7s remaining=677
    iter=1324 E=-2.1066640440 nfev=1329 t=2217.2s remaining=676
    iter=1325 E=-2.1066640800 nfev=1330 t=2218.7s remaining=675
    iter=1326 E=-2.1066641459 nfev=1331 t=2220.3s remaining=674
    iter=1327 E=-2.1066642595 nfev=1332 t=2221.8s remaining=673
    iter=1328 E=-2.1066644387 nfev=1333 t=2223.2s remaining=672
    iter=1329 E=-2.1066646583 nfev=1334 t=2224.6s remaining=671
    iter=1330 E=-2.1066649854 nfev=1335 t=2226.0s remaining=670
    iter=1331 E=-2.1066653993 nfev=1336 t=2227.4s remaining=669
    iter=1332 E=-2.1066657770 nfev=1337 t=2228.7s remaining=668
    iter=1333 E=-2.1066659837 nfev=1338 t=2230.1s remaining=667
    iter=1334 E=-2.1066660919 nfev=1339 t=2231.4s remaining=666
    iter=1335 E=-2.1066661395 nfev=1340 t=2232.8s remaining=665
    iter=1336 E=-2.1066661749 nfev=1341 t=2234.2s remaining=664
    iter=1337 E=-2.1066662074 nfev=1342 t=2235.6s remaining=663
    iter=1338 E=-2.1066662286 nfev=1343 t=2237.0s remaining=662
    iter=1339 E=-2.1066662546 nfev=1344 t=2238.4s remaining=661
    iter=1340 E=-2.1066662879 nfev=1345 t=2239.9s remaining=660
    iter=1341 E=-2.1066663321 nfev=1346 t=2241.3s remaining=659
    iter=1342 E=-2.1066663958 nfev=1347 t=2243.0s remaining=658
    iter=1343 E=-2.1066664948 nfev=1348 t=2244.6s remaining=657
    iter=1344 E=-2.1066666472 nfev=1349 t=2245.9s remaining=656
    iter=1345 E=-2.1066668758 nfev=1350 t=2247.4s remaining=655
    iter=1346 E=-2.1066671644 nfev=1351 t=2248.9s remaining=654
    iter=1347 E=-2.1066674191 nfev=1352 t=2250.3s remaining=653
    iter=1348 E=-2.1066676431 nfev=1353 t=2251.6s remaining=652
    iter=1349 E=-2.1066678119 nfev=1354 t=2253.1s remaining=651
    iter=1350 E=-2.1066678673 nfev=1355 t=2254.5s remaining=650
    iter=1351 E=-2.1066679189 nfev=1356 t=2255.9s remaining=649
    iter=1352 E=-2.1066679615 nfev=1357 t=2257.3s remaining=648
    iter=1353 E=-2.1066679883 nfev=1358 t=2258.6s remaining=647
    iter=1354 E=-2.1066680247 nfev=1359 t=2260.0s remaining=646
    iter=1355 E=-2.1066680774 nfev=1360 t=2261.4s remaining=645
    iter=1356 E=-2.1066681484 nfev=1361 t=2263.1s remaining=644
    iter=1357 E=-2.1066682560 nfev=1362 t=2264.5s remaining=643
    iter=1358 E=-2.1066684212 nfev=1363 t=2265.8s remaining=642
    iter=1359 E=-2.1066686687 nfev=1364 t=2267.3s remaining=641
    iter=1360 E=-2.1066689867 nfev=1365 t=2268.7s remaining=640
    iter=1361 E=-2.1066692482 nfev=1366 t=2270.2s remaining=639
    iter=1362 E=-2.1066694641 nfev=1367 t=2271.6s remaining=638
    iter=1363 E=-2.1066696193 nfev=1368 t=2273.0s remaining=637
    iter=1364 E=-2.1066696794 nfev=1369 t=2274.4s remaining=636
    iter=1365 E=-2.1066697244 nfev=1370 t=2275.8s remaining=635
    iter=1366 E=-2.1066697626 nfev=1371 t=2277.1s remaining=634
    iter=1367 E=-2.1066697974 nfev=1372 t=2278.6s remaining=633
    iter=1368 E=-2.1066698272 nfev=1373 t=2280.1s remaining=632
    iter=1369 E=-2.1066698646 nfev=1374 t=2281.6s remaining=631
    iter=1370 E=-2.1066699239 nfev=1375 t=2283.1s remaining=630
    iter=1371 E=-2.1066700135 nfev=1376 t=2284.4s remaining=629
    iter=1372 E=-2.1066701635 nfev=1377 t=2285.9s remaining=628
    iter=1373 E=-2.1066704078 nfev=1378 t=2287.6s remaining=627
    iter=1374 E=-2.1066707356 nfev=1379 t=2289.5s remaining=626
    iter=1375 E=-2.1066709396 nfev=1380 t=2291.0s remaining=625
    iter=1376 E=-2.1066710751 nfev=1381 t=2292.6s remaining=624
    iter=1377 E=-2.1066711414 nfev=1382 t=2294.0s remaining=623
    iter=1378 E=-2.1066711735 nfev=1383 t=2295.4s remaining=622
    iter=1379 E=-2.1066711929 nfev=1384 t=2296.8s remaining=621
    iter=1380 E=-2.1066712121 nfev=1385 t=2298.4s remaining=620
    iter=1381 E=-2.1066712344 nfev=1386 t=2299.9s remaining=619
    iter=1382 E=-2.1066712684 nfev=1387 t=2301.5s remaining=618
    iter=1383 E=-2.1066713200 nfev=1388 t=2303.1s remaining=617
    iter=1384 E=-2.1066714030 nfev=1389 t=2304.6s remaining=616
    iter=1385 E=-2.1066715281 nfev=1390 t=2306.0s remaining=615
    iter=1386 E=-2.1066717192 nfev=1391 t=2307.5s remaining=614
    iter=1387 E=-2.1066719885 nfev=1392 t=2308.9s remaining=613
    iter=1388 E=-2.1066722828 nfev=1393 t=2310.3s remaining=612
    iter=1389 E=-2.1066725318 nfev=1394 t=2311.8s remaining=611
    iter=1390 E=-2.1066726790 nfev=1395 t=2313.2s remaining=610
    iter=1391 E=-2.1066727525 nfev=1396 t=2314.6s remaining=609
    iter=1392 E=-2.1066728058 nfev=1397 t=2316.1s remaining=608
    iter=1393 E=-2.1066728427 nfev=1398 t=2317.6s remaining=607
    iter=1394 E=-2.1066728632 nfev=1399 t=2319.2s remaining=606
    iter=1395 E=-2.1066728808 nfev=1400 t=2320.8s remaining=605
    iter=1396 E=-2.1066729072 nfev=1401 t=2322.3s remaining=604
    iter=1397 E=-2.1066729413 nfev=1402 t=2323.7s remaining=603
    iter=1398 E=-2.1066730000 nfev=1403 t=2325.2s remaining=602
    iter=1399 E=-2.1066730816 nfev=1404 t=2327.1s remaining=601
    iter=1400 E=-2.1066732010 nfev=1405 t=2328.9s remaining=600
    iter=1401 E=-2.1066733383 nfev=1406 t=2330.4s remaining=599
    iter=1402 E=-2.1066734980 nfev=1407 t=2331.8s remaining=598
    iter=1403 E=-2.1066736726 nfev=1408 t=2333.5s remaining=597
    iter=1404 E=-2.1066738622 nfev=1409 t=2335.0s remaining=596
    iter=1405 E=-2.1066740473 nfev=1410 t=2336.4s remaining=595
    iter=1406 E=-2.1066741644 nfev=1411 t=2337.8s remaining=594
    iter=1407 E=-2.1066742297 nfev=1412 t=2339.3s remaining=593
    iter=1408 E=-2.1066742610 nfev=1413 t=2340.7s remaining=592
    iter=1409 E=-2.1066742854 nfev=1414 t=2342.1s remaining=591
    iter=1410 E=-2.1066743068 nfev=1415 t=2343.5s remaining=590
    iter=1411 E=-2.1066743275 nfev=1416 t=2344.9s remaining=589
    iter=1412 E=-2.1066743504 nfev=1417 t=2346.4s remaining=588
    iter=1413 E=-2.1066743802 nfev=1418 t=2347.8s remaining=587
    iter=1414 E=-2.1066744193 nfev=1419 t=2349.3s remaining=586
    iter=1415 E=-2.1066744732 nfev=1420 t=2350.8s remaining=585
    iter=1416 E=-2.1066745453 nfev=1421 t=2352.3s remaining=584
    iter=1417 E=-2.1066746400 nfev=1422 t=2353.8s remaining=583
    iter=1418 E=-2.1066747646 nfev=1423 t=2355.4s remaining=582
    iter=1419 E=-2.1066749332 nfev=1424 t=2356.9s remaining=581
    iter=1420 E=-2.1066751492 nfev=1425 t=2358.4s remaining=580
    iter=1421 E=-2.1066753203 nfev=1426 t=2359.8s remaining=579
    iter=1422 E=-2.1066754792 nfev=1427 t=2361.3s remaining=578
    iter=1423 E=-2.1066756060 nfev=1428 t=2362.9s remaining=577
    iter=1424 E=-2.1066757025 nfev=1429 t=2364.4s remaining=576
    iter=1425 E=-2.1066757379 nfev=1430 t=2365.8s remaining=575
    iter=1426 E=-2.1066757813 nfev=1431 t=2367.5s remaining=574
    iter=1427 E=-2.1066758152 nfev=1432 t=2368.9s remaining=573
    iter=1428 E=-2.1066758350 nfev=1433 t=2370.3s remaining=572
    iter=1429 E=-2.1066758585 nfev=1434 t=2371.7s remaining=571
    iter=1430 E=-2.1066758904 nfev=1435 t=2373.3s remaining=570
    iter=1431 E=-2.1066759384 nfev=1436 t=2374.7s remaining=569
    iter=1432 E=-2.1066760118 nfev=1437 t=2376.2s remaining=568
    iter=1433 E=-2.1066761292 nfev=1438 t=2377.7s remaining=567
    iter=1434 E=-2.1066763053 nfev=1439 t=2379.1s remaining=566
    iter=1435 E=-2.1066765580 nfev=1440 t=2380.5s remaining=565
    iter=1436 E=-2.1066768131 nfev=1441 t=2382.0s remaining=564
    iter=1437 E=-2.1066770202 nfev=1442 t=2383.4s remaining=563
    iter=1438 E=-2.1066771898 nfev=1443 t=2384.9s remaining=562
    iter=1439 E=-2.1066772752 nfev=1444 t=2386.3s remaining=561
    iter=1440 E=-2.1066773055 nfev=1445 t=2387.7s remaining=560
    iter=1441 E=-2.1066773269 nfev=1446 t=2389.1s remaining=559
    iter=1442 E=-2.1066773495 nfev=1447 t=2390.6s remaining=558
    iter=1443 E=-2.1066773668 nfev=1448 t=2392.0s remaining=557
    iter=1444 E=-2.1066773846 nfev=1449 t=2393.5s remaining=556
    iter=1445 E=-2.1066774106 nfev=1450 t=2394.9s remaining=555
    iter=1446 E=-2.1066774526 nfev=1451 t=2396.4s remaining=554
    iter=1447 E=-2.1066775195 nfev=1452 t=2397.9s remaining=553
    iter=1448 E=-2.1066776192 nfev=1453 t=2399.5s remaining=552
    iter=1449 E=-2.1066777566 nfev=1454 t=2401.0s remaining=551
    iter=1450 E=-2.1066779125 nfev=1455 t=2402.5s remaining=550
    iter=1451 E=-2.1066780829 nfev=1456 t=2404.0s remaining=549
    iter=1452 E=-2.1066782878 nfev=1457 t=2405.4s remaining=548
    iter=1453 E=-2.1066784295 nfev=1458 t=2406.8s remaining=547
    iter=1454 E=-2.1066785171 nfev=1459 t=2408.2s remaining=546
    iter=1455 E=-2.1066785863 nfev=1460 t=2409.7s remaining=545
    iter=1456 E=-2.1066786645 nfev=1461 t=2411.0s remaining=544
    iter=1457 E=-2.1066786922 nfev=1462 t=2412.4s remaining=543
    iter=1458 E=-2.1066787122 nfev=1463 t=2413.8s remaining=542
    iter=1459 E=-2.1066787241 nfev=1464 t=2415.2s remaining=541
    iter=1460 E=-2.1066787430 nfev=1465 t=2416.6s remaining=540
    iter=1461 E=-2.1066787733 nfev=1466 t=2418.1s remaining=539
    iter=1462 E=-2.1066788232 nfev=1467 t=2419.5s remaining=538
    iter=1463 E=-2.1066788987 nfev=1468 t=2420.9s remaining=537
    iter=1464 E=-2.1066789858 nfev=1469 t=2422.5s remaining=536
    iter=1465 E=-2.1066791246 nfev=1470 t=2424.1s remaining=535
    iter=1466 E=-2.1066793145 nfev=1471 t=2425.5s remaining=534
    iter=1467 E=-2.1066794892 nfev=1472 t=2427.1s remaining=533
    iter=1468 E=-2.1066796908 nfev=1473 t=2428.6s remaining=532
    iter=1469 E=-2.1066799327 nfev=1474 t=2430.0s remaining=531
    iter=1470 E=-2.1066801260 nfev=1475 t=2431.5s remaining=530
    iter=1471 E=-2.1066802443 nfev=1476 t=2433.0s remaining=529
    iter=1472 E=-2.1066803189 nfev=1477 t=2434.5s remaining=528
    iter=1473 E=-2.1066803640 nfev=1478 t=2436.0s remaining=527
    iter=1474 E=-2.1066804060 nfev=1479 t=2437.4s remaining=526
    iter=1475 E=-2.1066804266 nfev=1480 t=2438.9s remaining=525
    iter=1476 E=-2.1066804466 nfev=1481 t=2440.3s remaining=524
    iter=1477 E=-2.1066804637 nfev=1482 t=2441.7s remaining=523
    iter=1478 E=-2.1066804788 nfev=1483 t=2443.1s remaining=522
    iter=1479 E=-2.1066804977 nfev=1484 t=2444.6s remaining=521
    iter=1480 E=-2.1066805248 nfev=1485 t=2445.9s remaining=520
    iter=1481 E=-2.1066805680 nfev=1486 t=2447.3s remaining=519
    iter=1482 E=-2.1066806380 nfev=1487 t=2448.7s remaining=518
    iter=1483 E=-2.1066807477 nfev=1488 t=2450.2s remaining=517
    iter=1484 E=-2.1066809128 nfev=1489 t=2451.6s remaining=516
    iter=1485 E=-2.1066811260 nfev=1490 t=2453.3s remaining=515
    iter=1486 E=-2.1066813844 nfev=1491 t=2454.8s remaining=514
    iter=1487 E=-2.1066816382 nfev=1492 t=2456.5s remaining=513
    iter=1488 E=-2.1066819615 nfev=1493 t=2458.0s remaining=512
    iter=1489 E=-2.1066821820 nfev=1494 t=2459.5s remaining=511
    iter=1490 E=-2.1066822464 nfev=1495 t=2461.0s remaining=510
    iter=1491 E=-2.1066823087 nfev=1496 t=2462.5s remaining=509
    iter=1492 E=-2.1066823669 nfev=1497 t=2463.9s remaining=508
    iter=1493 E=-2.1066824097 nfev=1498 t=2465.4s remaining=507
    iter=1494 E=-2.1066824453 nfev=1499 t=2466.9s remaining=506
    iter=1495 E=-2.1066824970 nfev=1500 t=2468.4s remaining=505
    iter=1496 E=-2.1066825453 nfev=1501 t=2469.8s remaining=504
    iter=1497 E=-2.1066825937 nfev=1502 t=2471.2s remaining=503
    iter=1498 E=-2.1066826711 nfev=1503 t=2472.6s remaining=502
    iter=1499 E=-2.1066827955 nfev=1504 t=2474.2s remaining=501
    iter=1500 E=-2.1066829912 nfev=1505 t=2475.7s remaining=500
    iter=1501 E=-2.1066832768 nfev=1506 t=2477.5s remaining=499
    iter=1502 E=-2.1066836255 nfev=1507 t=2479.1s remaining=498
    iter=1503 E=-2.1066839419 nfev=1508 t=2480.5s remaining=497
    iter=1504 E=-2.1066842232 nfev=1509 t=2482.1s remaining=496
    iter=1505 E=-2.1066843805 nfev=1510 t=2483.5s remaining=495
    iter=1506 E=-2.1066844574 nfev=1511 t=2485.2s remaining=494
    iter=1507 E=-2.1066845049 nfev=1512 t=2486.8s remaining=493
    iter=1508 E=-2.1066845503 nfev=1513 t=2488.4s remaining=492
    iter=1509 E=-2.1066845728 nfev=1514 t=2489.8s remaining=491
    iter=1510 E=-2.1066845901 nfev=1515 t=2491.3s remaining=490
    iter=1511 E=-2.1066846128 nfev=1516 t=2493.1s remaining=489
    iter=1512 E=-2.1066846421 nfev=1517 t=2494.6s remaining=488
    iter=1513 E=-2.1066846788 nfev=1518 t=2496.0s remaining=487
    iter=1514 E=-2.1066847277 nfev=1519 t=2497.5s remaining=486
    iter=1515 E=-2.1066848067 nfev=1520 t=2498.9s remaining=485
    iter=1516 E=-2.1066849431 nfev=1521 t=2500.4s remaining=484
    iter=1517 E=-2.1066851621 nfev=1522 t=2501.9s remaining=483
    iter=1518 E=-2.1066854371 nfev=1523 t=2503.4s remaining=482
    iter=1519 E=-2.1066855127 nfev=1524 t=2504.9s remaining=481
    iter=1520 E=-2.1066856282 nfev=1525 t=2506.3s remaining=480
    iter=1521 E=-2.1066857870 nfev=1526 t=2507.9s remaining=479
    iter=1522 E=-2.1066859359 nfev=1527 t=2509.3s remaining=478
    iter=1523 E=-2.1066860715 nfev=1528 t=2510.7s remaining=477
    iter=1524 E=-2.1066862020 nfev=1529 t=2512.0s remaining=476
    iter=1525 E=-2.1066863151 nfev=1530 t=2513.5s remaining=475
    iter=1526 E=-2.1066863828 nfev=1531 t=2514.9s remaining=474
    iter=1527 E=-2.1066864385 nfev=1532 t=2516.2s remaining=473
    iter=1528 E=-2.1066864900 nfev=1533 t=2517.8s remaining=472
    iter=1529 E=-2.1066865367 nfev=1534 t=2519.4s remaining=471
    iter=1530 E=-2.1066865914 nfev=1535 t=2520.9s remaining=470
    iter=1531 E=-2.1066866330 nfev=1536 t=2522.3s remaining=469
    iter=1532 E=-2.1066866731 nfev=1537 t=2523.7s remaining=468
    iter=1533 E=-2.1066867297 nfev=1538 t=2525.1s remaining=467
    iter=1534 E=-2.1066868073 nfev=1539 t=2526.5s remaining=466
    iter=1535 E=-2.1066869001 nfev=1540 t=2528.0s remaining=465
    iter=1536 E=-2.1066870244 nfev=1541 t=2529.4s remaining=464
    iter=1537 E=-2.1066871999 nfev=1542 t=2530.9s remaining=463
    iter=1538 E=-2.1066874594 nfev=1543 t=2532.2s remaining=462
    iter=1539 E=-2.1066878102 nfev=1544 t=2533.6s remaining=461
    iter=1540 E=-2.1066881566 nfev=1545 t=2535.0s remaining=460
    iter=1541 E=-2.1066884740 nfev=1546 t=2536.4s remaining=459
    iter=1542 E=-2.1066886927 nfev=1547 t=2537.8s remaining=458
    iter=1543 E=-2.1066887485 nfev=1548 t=2539.4s remaining=457
    iter=1544 E=-2.1066888360 nfev=1549 t=2540.8s remaining=456
    iter=1545 E=-2.1066889484 nfev=1550 t=2542.2s remaining=455
    iter=1546 E=-2.1066890022 nfev=1551 t=2543.5s remaining=454
    iter=1547 E=-2.1066890615 nfev=1552 t=2545.1s remaining=453
    iter=1548 E=-2.1066891024 nfev=1553 t=2546.5s remaining=452
    iter=1549 E=-2.1066891380 nfev=1554 t=2548.1s remaining=451
    iter=1550 E=-2.1066891781 nfev=1555 t=2549.6s remaining=450
    iter=1551 E=-2.1066892223 nfev=1556 t=2551.0s remaining=449
    iter=1552 E=-2.1066892771 nfev=1557 t=2552.6s remaining=448
    iter=1553 E=-2.1066893443 nfev=1558 t=2554.1s remaining=447
    iter=1554 E=-2.1066894419 nfev=1559 t=2555.6s remaining=446
    iter=1555 E=-2.1066895913 nfev=1560 t=2557.0s remaining=445
    iter=1556 E=-2.1066898110 nfev=1561 t=2558.5s remaining=444
    iter=1557 E=-2.1066900651 nfev=1562 t=2560.0s remaining=443
    iter=1558 E=-2.1066903680 nfev=1563 t=2561.4s remaining=442
    iter=1559 E=-2.1066906688 nfev=1564 t=2562.8s remaining=441
    iter=1560 E=-2.1066908851 nfev=1565 t=2564.2s remaining=440
    iter=1561 E=-2.1066910234 nfev=1566 t=2565.7s remaining=439
    iter=1562 E=-2.1066911250 nfev=1567 t=2567.1s remaining=438
    iter=1563 E=-2.1066912054 nfev=1568 t=2568.6s remaining=437
    iter=1564 E=-2.1066912697 nfev=1569 t=2570.0s remaining=436
    iter=1565 E=-2.1066913149 nfev=1570 t=2571.4s remaining=435
    iter=1566 E=-2.1066913382 nfev=1571 t=2572.7s remaining=434
    iter=1567 E=-2.1066913559 nfev=1572 t=2574.2s remaining=433
    iter=1568 E=-2.1066913827 nfev=1573 t=2575.7s remaining=432
    iter=1569 E=-2.1066914200 nfev=1574 t=2577.1s remaining=431
    iter=1570 E=-2.1066914646 nfev=1575 t=2578.6s remaining=430
    iter=1571 E=-2.1066915232 nfev=1576 t=2580.1s remaining=429
    iter=1572 E=-2.1066916042 nfev=1577 t=2581.8s remaining=428
    iter=1573 E=-2.1066917215 nfev=1578 t=2583.3s remaining=427
    iter=1574 E=-2.1066918989 nfev=1579 t=2585.1s remaining=426
    iter=1575 E=-2.1066921498 nfev=1580 t=2586.7s remaining=425
    iter=1576 E=-2.1066924247 nfev=1581 t=2588.1s remaining=424
    iter=1577 E=-2.1066926221 nfev=1582 t=2589.6s remaining=423
    iter=1578 E=-2.1066927779 nfev=1583 t=2591.2s remaining=422
    iter=1579 E=-2.1066928869 nfev=1584 t=2592.7s remaining=421
    iter=1580 E=-2.1066929863 nfev=1585 t=2594.1s remaining=420
    iter=1581 E=-2.1066930661 nfev=1586 t=2595.4s remaining=419
    iter=1582 E=-2.1066931336 nfev=1587 t=2596.8s remaining=418
    iter=1583 E=-2.1066931854 nfev=1588 t=2598.3s remaining=417
    iter=1584 E=-2.1066932354 nfev=1589 t=2599.8s remaining=416
    iter=1585 E=-2.1066932707 nfev=1590 t=2601.1s remaining=415
    iter=1586 E=-2.1066933011 nfev=1591 t=2602.6s remaining=414
    iter=1587 E=-2.1066933284 nfev=1592 t=2604.2s remaining=413
    iter=1588 E=-2.1066933594 nfev=1593 t=2606.0s remaining=412
    iter=1589 E=-2.1066933994 nfev=1594 t=2607.7s remaining=411
    iter=1590 E=-2.1066934608 nfev=1595 t=2609.2s remaining=410
    iter=1591 E=-2.1066935620 nfev=1596 t=2610.7s remaining=409
    iter=1592 E=-2.1066937196 nfev=1597 t=2612.2s remaining=408
    iter=1593 E=-2.1066939304 nfev=1598 t=2613.8s remaining=407
    iter=1594 E=-2.1066941213 nfev=1599 t=2615.2s remaining=406
    iter=1595 E=-2.1066943114 nfev=1600 t=2616.6s remaining=405
    iter=1596 E=-2.1066944544 nfev=1601 t=2618.0s remaining=404
    iter=1597 E=-2.1066945681 nfev=1602 t=2619.4s remaining=403
    iter=1598 E=-2.1066946836 nfev=1603 t=2621.0s remaining=402
    iter=1599 E=-2.1066948093 nfev=1604 t=2622.4s remaining=401
    iter=1600 E=-2.1066948832 nfev=1605 t=2624.0s remaining=400
    iter=1601 E=-2.1066949461 nfev=1606 t=2625.5s remaining=399
    iter=1602 E=-2.1066949838 nfev=1607 t=2627.5s remaining=398
    iter=1603 E=-2.1066950204 nfev=1608 t=2629.2s remaining=397
    iter=1604 E=-2.1066950526 nfev=1609 t=2630.9s remaining=396
    iter=1605 E=-2.1066950887 nfev=1610 t=2632.3s remaining=395
    iter=1606 E=-2.1066951405 nfev=1611 t=2633.9s remaining=394
    iter=1607 E=-2.1066951881 nfev=1612 t=2635.5s remaining=393
    iter=1608 E=-2.1066952588 nfev=1613 t=2637.2s remaining=392
    iter=1609 E=-2.1066953588 nfev=1614 t=2639.2s remaining=391
    iter=1610 E=-2.1066954524 nfev=1615 t=2641.8s remaining=390
    iter=1611 E=-2.1066955505 nfev=1616 t=2645.5s remaining=389
    iter=1612 E=-2.1066956641 nfev=1617 t=2647.1s remaining=388
    iter=1613 E=-2.1066958094 nfev=1618 t=2648.9s remaining=387
    iter=1614 E=-2.1066959735 nfev=1619 t=2650.7s remaining=386
    iter=1615 E=-2.1066961720 nfev=1620 t=2652.5s remaining=385
    iter=1616 E=-2.1066964591 nfev=1621 t=2654.3s remaining=384
    iter=1617 E=-2.1066967551 nfev=1622 t=2656.0s remaining=383
    iter=1618 E=-2.1066969544 nfev=1623 t=2657.7s remaining=382
    iter=1619 E=-2.1066970970 nfev=1624 t=2659.6s remaining=381
    iter=1620 E=-2.1066971891 nfev=1625 t=2661.5s remaining=380
    iter=1621 E=-2.1066972426 nfev=1626 t=2664.0s remaining=379
    iter=1622 E=-2.1066972793 nfev=1627 t=2671.4s remaining=378
    iter=1623 E=-2.1066973129 nfev=1628 t=2675.9s remaining=377
    iter=1624 E=-2.1066973465 nfev=1629 t=2677.6s remaining=376
    iter=1625 E=-2.1066973801 nfev=1630 t=2679.4s remaining=375
    iter=1626 E=-2.1066974254 nfev=1631 t=2681.3s remaining=374
    iter=1627 E=-2.1066974628 nfev=1632 t=2682.9s remaining=373
    iter=1628 E=-2.1066975100 nfev=1633 t=2684.3s remaining=372
    iter=1629 E=-2.1066975748 nfev=1634 t=2685.8s remaining=371
    iter=1630 E=-2.1066976651 nfev=1635 t=2687.2s remaining=370
    iter=1631 E=-2.1066978023 nfev=1636 t=2688.7s remaining=369
    iter=1632 E=-2.1066980095 nfev=1637 t=2690.3s remaining=368
    iter=1633 E=-2.1066982773 nfev=1638 t=2691.9s remaining=367
    iter=1634 E=-2.1066985422 nfev=1639 t=2693.6s remaining=366
    iter=1635 E=-2.1066987899 nfev=1640 t=2695.2s remaining=365
    iter=1636 E=-2.1066989769 nfev=1641 t=2697.0s remaining=364
    iter=1637 E=-2.1066991039 nfev=1642 t=2698.6s remaining=363
    iter=1638 E=-2.1066992306 nfev=1643 t=2700.1s remaining=362
    iter=1639 E=-2.1066993377 nfev=1644 t=2701.5s remaining=361
    iter=1640 E=-2.1066994341 nfev=1645 t=2702.9s remaining=360
    iter=1641 E=-2.1066994956 nfev=1646 t=2704.3s remaining=359
    iter=1642 E=-2.1066995403 nfev=1647 t=2705.8s remaining=358
    iter=1643 E=-2.1066995694 nfev=1648 t=2707.3s remaining=357
    iter=1644 E=-2.1066995997 nfev=1649 t=2708.7s remaining=356
    iter=1645 E=-2.1066996336 nfev=1650 t=2710.2s remaining=355
    iter=1646 E=-2.1066996738 nfev=1651 t=2711.7s remaining=354
    iter=1647 E=-2.1066997179 nfev=1652 t=2713.5s remaining=353
    iter=1648 E=-2.1066997795 nfev=1653 t=2715.0s remaining=352
    iter=1649 E=-2.1066998709 nfev=1654 t=2716.6s remaining=351
    iter=1650 E=-2.1066999839 nfev=1655 t=2718.1s remaining=350
    iter=1651 E=-2.1067001331 nfev=1656 t=2719.7s remaining=349
    iter=1652 E=-2.1067003216 nfev=1657 t=2721.3s remaining=348
    iter=1653 E=-2.1067005980 nfev=1658 t=2722.9s remaining=347
    iter=1654 E=-2.1067009169 nfev=1659 t=2724.5s remaining=346
    iter=1655 E=-2.1067011876 nfev=1660 t=2726.2s remaining=345
    iter=1656 E=-2.1067013747 nfev=1661 t=2727.7s remaining=344
    iter=1657 E=-2.1067014921 nfev=1662 t=2729.5s remaining=343
    iter=1658 E=-2.1067015605 nfev=1663 t=2731.0s remaining=342
    iter=1659 E=-2.1067016062 nfev=1664 t=2732.5s remaining=341
    iter=1660 E=-2.1067016416 nfev=1665 t=2734.1s remaining=340
    iter=1661 E=-2.1067016698 nfev=1666 t=2735.8s remaining=339
    iter=1662 E=-2.1067017034 nfev=1667 t=2737.3s remaining=338
    iter=1663 E=-2.1067017340 nfev=1668 t=2738.9s remaining=337
    iter=1664 E=-2.1067017705 nfev=1669 t=2740.5s remaining=336
    iter=1665 E=-2.1067018048 nfev=1670 t=2742.0s remaining=335
    iter=1666 E=-2.1067018503 nfev=1671 t=2743.8s remaining=334
    iter=1667 E=-2.1067019056 nfev=1672 t=2745.3s remaining=333
    iter=1668 E=-2.1067019786 nfev=1673 t=2746.7s remaining=332
    iter=1669 E=-2.1067020793 nfev=1674 t=2748.2s remaining=331
    iter=1670 E=-2.1067022052 nfev=1675 t=2749.6s remaining=330
    iter=1671 E=-2.1067023857 nfev=1676 t=2751.1s remaining=329
    iter=1672 E=-2.1067026272 nfev=1677 t=2752.7s remaining=328
    iter=1673 E=-2.1067029074 nfev=1678 t=2754.1s remaining=327
    iter=1674 E=-2.1067031538 nfev=1679 t=2755.6s remaining=326
    iter=1675 E=-2.1067033480 nfev=1680 t=2757.1s remaining=325
    iter=1676 E=-2.1067034572 nfev=1681 t=2758.7s remaining=324
    iter=1677 E=-2.1067035354 nfev=1682 t=2760.4s remaining=323
    iter=1678 E=-2.1067035895 nfev=1683 t=2762.1s remaining=322
    iter=1679 E=-2.1067036311 nfev=1684 t=2763.8s remaining=321
    iter=1680 E=-2.1067036543 nfev=1685 t=2765.4s remaining=320
    iter=1681 E=-2.1067036757 nfev=1686 t=2766.8s remaining=319
    iter=1682 E=-2.1067037024 nfev=1687 t=2768.3s remaining=318
    iter=1683 E=-2.1067037287 nfev=1688 t=2769.9s remaining=317
    iter=1684 E=-2.1067037572 nfev=1689 t=2771.6s remaining=316
    iter=1685 E=-2.1067037916 nfev=1690 t=2773.0s remaining=315
    iter=1686 E=-2.1067038304 nfev=1691 t=2774.4s remaining=314
    iter=1687 E=-2.1067038919 nfev=1692 t=2775.8s remaining=313
    iter=1688 E=-2.1067039897 nfev=1693 t=2777.5s remaining=312
    iter=1689 E=-2.1067041425 nfev=1694 t=2778.9s remaining=311
    iter=1690 E=-2.1067043572 nfev=1695 t=2780.5s remaining=310
    iter=1691 E=-2.1067046196 nfev=1696 t=2782.0s remaining=309
    iter=1692 E=-2.1067049095 nfev=1697 t=2783.6s remaining=308
    iter=1693 E=-2.1067050832 nfev=1698 t=2785.0s remaining=307
    iter=1694 E=-2.1067051909 nfev=1699 t=2786.6s remaining=306
    iter=1695 E=-2.1067052528 nfev=1700 t=2788.1s remaining=305
    iter=1696 E=-2.1067053130 nfev=1701 t=2789.5s remaining=304
    iter=1697 E=-2.1067053573 nfev=1702 t=2791.0s remaining=303
    iter=1698 E=-2.1067053972 nfev=1703 t=2792.4s remaining=302
    iter=1699 E=-2.1067054378 nfev=1704 t=2793.8s remaining=301
    iter=1700 E=-2.1067054728 nfev=1705 t=2795.3s remaining=300
    iter=1701 E=-2.1067055160 nfev=1706 t=2796.7s remaining=299
    iter=1702 E=-2.1067055657 nfev=1707 t=2798.1s remaining=298
    iter=1703 E=-2.1067056149 nfev=1708 t=2799.6s remaining=297
    iter=1704 E=-2.1067056765 nfev=1709 t=2801.0s remaining=296
    iter=1705 E=-2.1067057663 nfev=1710 t=2802.4s remaining=295
    iter=1706 E=-2.1067058648 nfev=1711 t=2803.8s remaining=294
    iter=1707 E=-2.1067059799 nfev=1712 t=2805.4s remaining=293
    iter=1708 E=-2.1067061089 nfev=1713 t=2806.8s remaining=292
    iter=1709 E=-2.1067062539 nfev=1714 t=2808.2s remaining=291
    iter=1710 E=-2.1067064151 nfev=1715 t=2809.7s remaining=290
    iter=1711 E=-2.1067065896 nfev=1716 t=2811.2s remaining=289
    iter=1712 E=-2.1067067295 nfev=1717 t=2812.6s remaining=288
    iter=1713 E=-2.1067068343 nfev=1718 t=2813.9s remaining=287
    iter=1714 E=-2.1067068995 nfev=1719 t=2815.3s remaining=286
    iter=1715 E=-2.1067069467 nfev=1720 t=2816.8s remaining=285
    iter=1716 E=-2.1067069751 nfev=1721 t=2818.4s remaining=284
    iter=1717 E=-2.1067069983 nfev=1722 t=2820.0s remaining=283
    iter=1718 E=-2.1067070133 nfev=1723 t=2821.4s remaining=282
    iter=1719 E=-2.1067070297 nfev=1724 t=2822.8s remaining=281
    iter=1720 E=-2.1067070470 nfev=1725 t=2824.2s remaining=280
    iter=1721 E=-2.1067070713 nfev=1726 t=2825.5s remaining=279
    iter=1722 E=-2.1067071107 nfev=1727 t=2827.0s remaining=278
    iter=1723 E=-2.1067071735 nfev=1728 t=2828.4s remaining=277
    iter=1724 E=-2.1067072645 nfev=1729 t=2829.8s remaining=276
    iter=1725 E=-2.1067073738 nfev=1730 t=2831.2s remaining=275
    iter=1726 E=-2.1067075145 nfev=1731 t=2832.5s remaining=274
    iter=1727 E=-2.1067076782 nfev=1732 t=2833.9s remaining=273
    iter=1728 E=-2.1067078817 nfev=1733 t=2835.4s remaining=272
    iter=1729 E=-2.1067081195 nfev=1734 t=2836.8s remaining=271
    iter=1730 E=-2.1067083635 nfev=1735 t=2838.2s remaining=270
    iter=1731 E=-2.1067085780 nfev=1736 t=2839.6s remaining=269
    iter=1732 E=-2.1067087138 nfev=1737 t=2841.2s remaining=268
    iter=1733 E=-2.1067088108 nfev=1738 t=2842.5s remaining=267
    iter=1734 E=-2.1067088582 nfev=1739 t=2843.9s remaining=266
    iter=1735 E=-2.1067088856 nfev=1740 t=2845.3s remaining=265
    iter=1736 E=-2.1067089039 nfev=1741 t=2846.8s remaining=264
    iter=1737 E=-2.1067089260 nfev=1742 t=2848.3s remaining=263
    iter=1738 E=-2.1067089573 nfev=1743 t=2849.7s remaining=262
    iter=1739 E=-2.1067090078 nfev=1744 t=2851.1s remaining=261
    iter=1740 E=-2.1067090651 nfev=1745 t=2852.6s remaining=260
    iter=1741 E=-2.1067091461 nfev=1746 t=2853.9s remaining=259
    iter=1742 E=-2.1067092623 nfev=1747 t=2855.4s remaining=258
    iter=1743 E=-2.1067094092 nfev=1748 t=2856.7s remaining=257
    iter=1744 E=-2.1067096099 nfev=1749 t=2858.1s remaining=256
    iter=1745 E=-2.1067098701 nfev=1750 t=2859.6s remaining=255
    iter=1746 E=-2.1067101135 nfev=1751 t=2861.0s remaining=254
    iter=1747 E=-2.1067103377 nfev=1752 t=2862.3s remaining=253
    iter=1748 E=-2.1067104979 nfev=1753 t=2863.9s remaining=252
    iter=1749 E=-2.1067106051 nfev=1754 t=2865.3s remaining=251
    iter=1750 E=-2.1067106401 nfev=1755 t=2866.8s remaining=250
    iter=1751 E=-2.1067106735 nfev=1756 t=2868.3s remaining=249
    iter=1752 E=-2.1067106925 nfev=1757 t=2870.1s remaining=248
    iter=1753 E=-2.1067107140 nfev=1758 t=2871.6s remaining=247
    iter=1754 E=-2.1067107418 nfev=1759 t=2873.1s remaining=246
    iter=1755 E=-2.1067107723 nfev=1760 t=2874.5s remaining=245
    iter=1756 E=-2.1067108133 nfev=1761 t=2875.9s remaining=244
    iter=1757 E=-2.1067108580 nfev=1762 t=2877.3s remaining=243
    iter=1758 E=-2.1067109154 nfev=1763 t=2878.7s remaining=242
    iter=1759 E=-2.1067109884 nfev=1764 t=2880.1s remaining=241
    iter=1760 E=-2.1067110841 nfev=1765 t=2881.6s remaining=240
    iter=1761 E=-2.1067112178 nfev=1766 t=2883.1s remaining=239
    iter=1762 E=-2.1067113851 nfev=1767 t=2884.5s remaining=238
    iter=1763 E=-2.1067115610 nfev=1768 t=2886.0s remaining=237
    iter=1764 E=-2.1067117557 nfev=1769 t=2887.4s remaining=236
    iter=1765 E=-2.1067119098 nfev=1770 t=2888.8s remaining=235
    iter=1766 E=-2.1067120678 nfev=1771 t=2890.3s remaining=234
    iter=1767 E=-2.1067121821 nfev=1772 t=2891.8s remaining=233
    iter=1768 E=-2.1067122632 nfev=1773 t=2893.4s remaining=232
    iter=1769 E=-2.1067123109 nfev=1774 t=2894.9s remaining=231
    iter=1770 E=-2.1067123394 nfev=1775 t=2896.4s remaining=230
    iter=1771 E=-2.1067123664 nfev=1776 t=2897.8s remaining=229
    iter=1772 E=-2.1067123871 nfev=1777 t=2899.4s remaining=228
    iter=1773 E=-2.1067123999 nfev=1778 t=2900.9s remaining=227
    iter=1774 E=-2.1067124179 nfev=1779 t=2902.3s remaining=226
    iter=1775 E=-2.1067124287 nfev=1780 t=2903.7s remaining=225
    iter=1776 E=-2.1067124456 nfev=1781 t=2905.1s remaining=224
    iter=1777 E=-2.1067124732 nfev=1782 t=2906.5s remaining=223
    iter=1778 E=-2.1067125218 nfev=1783 t=2908.1s remaining=222
    iter=1779 E=-2.1067126046 nfev=1784 t=2909.4s remaining=221
    iter=1780 E=-2.1067127404 nfev=1785 t=2910.8s remaining=220
    iter=1781 E=-2.1067129043 nfev=1786 t=2912.2s remaining=219
    iter=1782 E=-2.1067131765 nfev=1787 t=2913.6s remaining=218
    iter=1783 E=-2.1067135241 nfev=1788 t=2915.2s remaining=217
    iter=1784 E=-2.1067137898 nfev=1789 t=2916.6s remaining=216
    iter=1785 E=-2.1067139292 nfev=1790 t=2918.0s remaining=215
    iter=1786 E=-2.1067140047 nfev=1791 t=2919.4s remaining=214
    iter=1787 E=-2.1067140538 nfev=1792 t=2920.8s remaining=213
    iter=1788 E=-2.1067140733 nfev=1793 t=2922.2s remaining=212
    iter=1789 E=-2.1067140991 nfev=1794 t=2923.6s remaining=211
    iter=1790 E=-2.1067141181 nfev=1795 t=2925.0s remaining=210
    iter=1791 E=-2.1067141445 nfev=1796 t=2926.4s remaining=209
    iter=1792 E=-2.1067141728 nfev=1797 t=2928.1s remaining=208
    iter=1793 E=-2.1067142013 nfev=1798 t=2929.4s remaining=207
    iter=1794 E=-2.1067142436 nfev=1799 t=2930.7s remaining=206
    iter=1795 E=-2.1067143118 nfev=1800 t=2932.1s remaining=205
    iter=1796 E=-2.1067144087 nfev=1801 t=2933.6s remaining=204
    iter=1797 E=-2.1067145075 nfev=1802 t=2935.0s remaining=203
    iter=1798 E=-2.1067146365 nfev=1803 t=2936.5s remaining=202
    iter=1799 E=-2.1067148091 nfev=1804 t=2938.0s remaining=201
    iter=1800 E=-2.1067150332 nfev=1805 t=2939.6s remaining=200
    iter=1801 E=-2.1067152348 nfev=1806 t=2941.0s remaining=199
    iter=1802 E=-2.1067153939 nfev=1807 t=2942.5s remaining=198
    iter=1803 E=-2.1067155034 nfev=1808 t=2943.9s remaining=197
    iter=1804 E=-2.1067155631 nfev=1809 t=2945.4s remaining=196
    iter=1805 E=-2.1067156157 nfev=1810 t=2946.8s remaining=195
    iter=1806 E=-2.1067156424 nfev=1811 t=2948.2s remaining=194
    iter=1807 E=-2.1067156650 nfev=1812 t=2949.7s remaining=193
    iter=1808 E=-2.1067156738 nfev=1813 t=2951.2s remaining=192
    iter=1809 E=-2.1067156840 nfev=1814 t=2952.6s remaining=191
    iter=1810 E=-2.1067156941 nfev=1815 t=2954.2s remaining=190
    iter=1811 E=-2.1067157081 nfev=1816 t=2955.7s remaining=189
    iter=1812 E=-2.1067157282 nfev=1817 t=2957.1s remaining=188
    iter=1813 E=-2.1067157604 nfev=1818 t=2958.5s remaining=187
    iter=1814 E=-2.1067158131 nfev=1819 t=2960.0s remaining=186
    iter=1815 E=-2.1067159010 nfev=1820 t=2961.4s remaining=185
    iter=1816 E=-2.1067160430 nfev=1821 t=2962.8s remaining=184
    iter=1817 E=-2.1067162658 nfev=1822 t=2964.2s remaining=183
    iter=1818 E=-2.1067165658 nfev=1823 t=2965.6s remaining=182
    iter=1819 E=-2.1067168904 nfev=1824 t=2967.1s remaining=181
    iter=1820 E=-2.1067171568 nfev=1825 t=2968.5s remaining=180
    iter=1821 E=-2.1067172966 nfev=1826 t=2969.8s remaining=179
    iter=1822 E=-2.1067173901 nfev=1827 t=2971.2s remaining=178
    iter=1823 E=-2.1067174536 nfev=1828 t=2972.7s remaining=177
    iter=1824 E=-2.1067175071 nfev=1829 t=2974.2s remaining=176
    iter=1825 E=-2.1067175291 nfev=1830 t=2975.5s remaining=175
    iter=1826 E=-2.1067175519 nfev=1831 t=2976.9s remaining=174
    iter=1827 E=-2.1067175853 nfev=1832 t=2978.3s remaining=173
    iter=1828 E=-2.1067176189 nfev=1833 t=2979.6s remaining=172
    iter=1829 E=-2.1067176462 nfev=1834 t=2981.0s remaining=171
    iter=1830 E=-2.1067176869 nfev=1835 t=2982.4s remaining=170
    iter=1831 E=-2.1067177260 nfev=1836 t=2983.8s remaining=169
    iter=1832 E=-2.1067177840 nfev=1837 t=2985.2s remaining=168
    iter=1833 E=-2.1067178773 nfev=1838 t=2986.6s remaining=167
    iter=1834 E=-2.1067180233 nfev=1839 t=2988.0s remaining=166
    iter=1835 E=-2.1067182454 nfev=1840 t=2989.6s remaining=165
    iter=1836 E=-2.1067185447 nfev=1841 t=2991.3s remaining=164
    iter=1837 E=-2.1067188861 nfev=1842 t=2992.6s remaining=163
    iter=1838 E=-2.1067191239 nfev=1843 t=2994.1s remaining=162
    iter=1839 E=-2.1067193397 nfev=1844 t=2995.5s remaining=161
    iter=1840 E=-2.1067194425 nfev=1845 t=2996.9s remaining=160
    iter=1841 E=-2.1067195546 nfev=1846 t=2998.4s remaining=159
    iter=1842 E=-2.1067196175 nfev=1847 t=2999.8s remaining=158
    iter=1843 E=-2.1067196788 nfev=1848 t=3001.2s remaining=157
    iter=1844 E=-2.1067197220 nfev=1849 t=3002.6s remaining=156
    iter=1845 E=-2.1067197629 nfev=1850 t=3004.0s remaining=155
    iter=1846 E=-2.1067197897 nfev=1851 t=3005.5s remaining=154
    iter=1847 E=-2.1067198110 nfev=1852 t=3007.2s remaining=153
    iter=1848 E=-2.1067198355 nfev=1853 t=3008.6s remaining=152
    iter=1849 E=-2.1067198640 nfev=1854 t=3010.0s remaining=151
    iter=1850 E=-2.1067198909 nfev=1855 t=3011.6s remaining=150
    iter=1851 E=-2.1067199146 nfev=1856 t=3012.9s remaining=149
    iter=1852 E=-2.1067199319 nfev=1857 t=3014.3s remaining=148
    iter=1853 E=-2.1067199577 nfev=1858 t=3015.7s remaining=147
    iter=1854 E=-2.1067200009 nfev=1859 t=3017.1s remaining=146
    iter=1855 E=-2.1067200748 nfev=1860 t=3018.4s remaining=145
    iter=1856 E=-2.1067201981 nfev=1861 t=3019.8s remaining=144
    iter=1857 E=-2.1067203693 nfev=1862 t=3021.2s remaining=143
    iter=1858 E=-2.1067206054 nfev=1863 t=3022.6s remaining=142
    iter=1859 E=-2.1067209688 nfev=1864 t=3024.0s remaining=141
    iter=1860 E=-2.1067213288 nfev=1865 t=3025.3s remaining=140
    iter=1861 E=-2.1067215393 nfev=1866 t=3026.6s remaining=139
    iter=1862 E=-2.1067216775 nfev=1867 t=3028.1s remaining=138
    iter=1863 E=-2.1067217984 nfev=1868 t=3029.6s remaining=137
    iter=1864 E=-2.1067219020 nfev=1869 t=3031.2s remaining=136
    iter=1865 E=-2.1067219691 nfev=1870 t=3032.7s remaining=135
    iter=1866 E=-2.1067220256 nfev=1871 t=3034.0s remaining=134
    iter=1867 E=-2.1067220862 nfev=1872 t=3035.4s remaining=133
    iter=1868 E=-2.1067221325 nfev=1873 t=3036.8s remaining=132
    iter=1869 E=-2.1067221675 nfev=1874 t=3038.3s remaining=131
    iter=1870 E=-2.1067221898 nfev=1875 t=3039.7s remaining=130
    iter=1871 E=-2.1067222204 nfev=1876 t=3041.2s remaining=129
    iter=1872 E=-2.1067222524 nfev=1877 t=3042.6s remaining=128
    iter=1873 E=-2.1067222743 nfev=1878 t=3044.0s remaining=127
    iter=1874 E=-2.1067223051 nfev=1879 t=3045.4s remaining=126
    iter=1875 E=-2.1067223581 nfev=1880 t=3046.8s remaining=125
    iter=1876 E=-2.1067224075 nfev=1881 t=3048.2s remaining=124
    iter=1877 E=-2.1067224907 nfev=1882 t=3049.7s remaining=123
    iter=1878 E=-2.1067226017 nfev=1883 t=3051.1s remaining=122
    iter=1879 E=-2.1067227496 nfev=1884 t=3052.5s remaining=121
    iter=1880 E=-2.1067229266 nfev=1885 t=3054.0s remaining=120
    iter=1881 E=-2.1067231246 nfev=1886 t=3055.5s remaining=119
    iter=1882 E=-2.1067233424 nfev=1887 t=3056.9s remaining=118
    iter=1883 E=-2.1067235189 nfev=1888 t=3058.2s remaining=117
    iter=1884 E=-2.1067236731 nfev=1889 t=3059.7s remaining=116
    iter=1885 E=-2.1067238261 nfev=1890 t=3061.6s remaining=115
    iter=1886 E=-2.1067239305 nfev=1891 t=3062.9s remaining=114
    iter=1887 E=-2.1067239961 nfev=1892 t=3064.4s remaining=113
    iter=1888 E=-2.1067240362 nfev=1893 t=3065.8s remaining=112
    iter=1889 E=-2.1067240644 nfev=1894 t=3067.1s remaining=111
    iter=1890 E=-2.1067240822 nfev=1895 t=3068.6s remaining=110
    iter=1891 E=-2.1067241130 nfev=1896 t=3070.0s remaining=109
    iter=1892 E=-2.1067241401 nfev=1897 t=3071.4s remaining=108
    iter=1893 E=-2.1067241762 nfev=1898 t=3072.8s remaining=107
    iter=1894 E=-2.1067242248 nfev=1899 t=3074.3s remaining=106
    iter=1895 E=-2.1067242976 nfev=1900 t=3075.9s remaining=105
    iter=1896 E=-2.1067244129 nfev=1901 t=3077.6s remaining=104
    iter=1897 E=-2.1067245857 nfev=1902 t=3079.0s remaining=103
    iter=1898 E=-2.1067248209 nfev=1903 t=3080.4s remaining=102
    iter=1899 E=-2.1067250750 nfev=1904 t=3081.9s remaining=101
    iter=1900 E=-2.1067253831 nfev=1905 t=3083.3s remaining=100
    iter=1901 E=-2.1067257680 nfev=1906 t=3084.7s remaining=99
    iter=1902 E=-2.1067260525 nfev=1907 t=3086.1s remaining=98
    iter=1903 E=-2.1067261708 nfev=1908 t=3087.5s remaining=97
    iter=1904 E=-2.1067262678 nfev=1909 t=3088.9s remaining=96
    iter=1905 E=-2.1067263259 nfev=1910 t=3090.4s remaining=95
    iter=1906 E=-2.1067263655 nfev=1911 t=3091.8s remaining=94
    iter=1907 E=-2.1067263887 nfev=1912 t=3093.2s remaining=93
    iter=1908 E=-2.1067264164 nfev=1913 t=3094.6s remaining=92
    iter=1909 E=-2.1067264412 nfev=1914 t=3096.0s remaining=91
    iter=1910 E=-2.1067264627 nfev=1915 t=3097.5s remaining=90
    iter=1911 E=-2.1067264926 nfev=1916 t=3098.9s remaining=89
    iter=1912 E=-2.1067265308 nfev=1917 t=3100.4s remaining=88
    iter=1913 E=-2.1067265747 nfev=1918 t=3101.9s remaining=87
    iter=1914 E=-2.1067266248 nfev=1919 t=3103.5s remaining=86
    iter=1915 E=-2.1067267046 nfev=1920 t=3105.0s remaining=85
    iter=1916 E=-2.1067268315 nfev=1921 t=3106.5s remaining=84
    iter=1917 E=-2.1067270233 nfev=1922 t=3107.8s remaining=83
    iter=1918 E=-2.1067272787 nfev=1923 t=3109.2s remaining=82
    iter=1919 E=-2.1067276103 nfev=1924 t=3110.6s remaining=81
    iter=1920 E=-2.1067280760 nfev=1925 t=3112.1s remaining=80
    iter=1921 E=-2.1067285830 nfev=1926 t=3113.6s remaining=79
    iter=1922 E=-2.1067288390 nfev=1927 t=3115.1s remaining=78
    iter=1923 E=-2.1067290391 nfev=1928 t=3117.1s remaining=77
    iter=1924 E=-2.1067291735 nfev=1929 t=3118.6s remaining=76
    iter=1925 E=-2.1067292928 nfev=1930 t=3120.0s remaining=75
    iter=1926 E=-2.1067293545 nfev=1931 t=3121.5s remaining=74
    iter=1927 E=-2.1067294068 nfev=1932 t=3123.1s remaining=73
    iter=1928 E=-2.1067294561 nfev=1933 t=3124.8s remaining=72
    iter=1929 E=-2.1067295249 nfev=1934 t=3126.2s remaining=71
    iter=1930 E=-2.1067295932 nfev=1935 t=3127.9s remaining=70
    iter=1931 E=-2.1067296671 nfev=1936 t=3129.4s remaining=69
    iter=1932 E=-2.1067297524 nfev=1937 t=3130.9s remaining=68
    iter=1933 E=-2.1067298453 nfev=1938 t=3132.4s remaining=67
    iter=1934 E=-2.1067299436 nfev=1939 t=3134.2s remaining=66
    iter=1935 E=-2.1067300503 nfev=1940 t=3135.6s remaining=65
    iter=1936 E=-2.1067301891 nfev=1941 t=3137.3s remaining=64
    iter=1937 E=-2.1067303139 nfev=1942 t=3138.8s remaining=63
    iter=1938 E=-2.1067304758 nfev=1943 t=3140.2s remaining=62
    iter=1939 E=-2.1067306881 nfev=1944 t=3141.7s remaining=61
    iter=1940 E=-2.1067309738 nfev=1945 t=3143.1s remaining=60
    iter=1941 E=-2.1067313118 nfev=1946 t=3144.6s remaining=59
    iter=1942 E=-2.1067317412 nfev=1947 t=3146.0s remaining=58
    iter=1943 E=-2.1067321838 nfev=1948 t=3147.5s remaining=57
    iter=1944 E=-2.1067326203 nfev=1949 t=3148.9s remaining=56
    iter=1945 E=-2.1067328617 nfev=1950 t=3150.4s remaining=55
    iter=1946 E=-2.1067331668 nfev=1951 t=3151.8s remaining=54
    iter=1947 E=-2.1067333940 nfev=1952 t=3153.3s remaining=53
    iter=1948 E=-2.1067335712 nfev=1953 t=3154.8s remaining=52
    iter=1949 E=-2.1067337402 nfev=1954 t=3156.2s remaining=51
    iter=1950 E=-2.1067338933 nfev=1955 t=3157.7s remaining=50
    iter=1951 E=-2.1067340065 nfev=1956 t=3159.1s remaining=49
    iter=1952 E=-2.1067340954 nfev=1957 t=3160.6s remaining=48
    iter=1953 E=-2.1067341612 nfev=1958 t=3162.0s remaining=47
    iter=1954 E=-2.1067342259 nfev=1959 t=3163.5s remaining=46
    iter=1955 E=-2.1067342874 nfev=1960 t=3165.0s remaining=45
    iter=1956 E=-2.1067343515 nfev=1961 t=3166.5s remaining=44
    iter=1957 E=-2.1067344257 nfev=1962 t=3167.9s remaining=43
    iter=1958 E=-2.1067345056 nfev=1963 t=3169.4s remaining=42
    iter=1959 E=-2.1067345830 nfev=1964 t=3170.8s remaining=41
    iter=1960 E=-2.1067346761 nfev=1965 t=3172.3s remaining=40
    iter=1961 E=-2.1067347773 nfev=1966 t=3173.7s remaining=39
    iter=1962 E=-2.1067348884 nfev=1967 t=3175.2s remaining=38
    iter=1963 E=-2.1067350185 nfev=1968 t=3176.6s remaining=37
    iter=1964 E=-2.1067351823 nfev=1969 t=3178.1s remaining=36
    iter=1965 E=-2.1067353996 nfev=1970 t=3179.6s remaining=35
    iter=1966 E=-2.1067356614 nfev=1971 t=3181.0s remaining=34
    iter=1967 E=-2.1067359501 nfev=1972 t=3182.5s remaining=33
    iter=1968 E=-2.1067362851 nfev=1973 t=3184.0s remaining=32
    iter=1969 E=-2.1067366720 nfev=1974 t=3185.4s remaining=31
    iter=1970 E=-2.1067371046 nfev=1975 t=3186.9s remaining=30
    iter=1971 E=-2.1067375502 nfev=1976 t=3188.3s remaining=29
    iter=1972 E=-2.1067379705 nfev=1977 t=3189.8s remaining=28
    iter=1973 E=-2.1067382045 nfev=1978 t=3191.3s remaining=27
    iter=1974 E=-2.1067384356 nfev=1979 t=3192.7s remaining=26
    iter=1975 E=-2.1067385903 nfev=1980 t=3194.2s remaining=25
    iter=1976 E=-2.1067387547 nfev=1981 t=3195.6s remaining=24
    iter=1977 E=-2.1067388813 nfev=1982 t=3197.0s remaining=23
    iter=1978 E=-2.1067389779 nfev=1983 t=3198.5s remaining=22
    iter=1979 E=-2.1067390581 nfev=1984 t=3199.9s remaining=21
    iter=1980 E=-2.1067391295 nfev=1985 t=3201.3s remaining=20
    iter=1981 E=-2.1067392058 nfev=1986 t=3202.7s remaining=19
    iter=1982 E=-2.1067392868 nfev=1987 t=3204.2s remaining=18
    iter=1983 E=-2.1067393703 nfev=1988 t=3205.6s remaining=17
    iter=1984 E=-2.1067394736 nfev=1989 t=3207.0s remaining=16
    iter=1985 E=-2.1067395988 nfev=1990 t=3208.5s remaining=15
    iter=1986 E=-2.1067397259 nfev=1991 t=3209.9s remaining=14
    iter=1987 E=-2.1067398200 nfev=1992 t=3211.2s remaining=13
    iter=1988 E=-2.1067399446 nfev=1993 t=3213.1s remaining=12
    iter=1989 E=-2.1067400908 nfev=1994 t=3214.5s remaining=11
    iter=1990 E=-2.1067402027 nfev=1995 t=3216.1s remaining=10
    iter=1991 E=-2.1067403358 nfev=1996 t=3217.9s remaining=9
    iter=1992 E=-2.1067405234 nfev=1997 t=3219.7s remaining=8
    iter=1993 E=-2.1067407660 nfev=1998 t=3221.5s remaining=7
    iter=1994 E=-2.1067408971 nfev=1999 t=3223.0s remaining=6
    iter=1995 E=-2.1067410824 nfev=2000 t=3224.3s remaining=5
    iter=1996 E=-2.1067413121 nfev=2001 t=3225.6s remaining=4
    iter=1997 E=-2.1067415687 nfev=2002 t=3227.1s remaining=3
    iter=1998 E=-2.1067417937 nfev=2003 t=3228.5s remaining=2
    iter=1999 E=-2.1067420354 nfev=2004 t=3230.1s remaining=1
    iter=2000 E=-2.1067423274 nfev=2005 t=3231.8s remaining=0
    iter=2000 E=-2.1067423274 nfev=2005 t=3231.8s remaining=0
    seed=0 E=-2.1067423274 dE=+2.546e-04 nit=2000 ok=False t=3231.8s
  r=0.70  L=9   npar=386   E=-2.1067423274  |E-FCI|=2.546e-04  FCI=no   chem=yes

=== summary (best seed per layer) ===
  bond   L ansatz                 npar              E     |E-FCI|  FCI? chem?
  0.70   9 (ECD+SNAP)^9 + ECD      386  -2.1067423274   2.546e-04    no   yes

wrote data/results/h4_hybrid_L9_nobs_r0070.json
