self-check ok (nfock=4, use_bs=False, worst FD rel err 0.00e+00)
per-iter log: data/results/h4_hybrid_L10_nobs_r0050_iters.jsonl
live snapshot: data/results/h4_hybrid_L10_nobs_r0050_live.json

=== build H4 JWT Hamiltonian at R=0.50 Å ===
=== r=0.50 Å   FCI(pyscf)=-1.6531169519  eig=-1.6531169519  paper_fci=-1.65311695  paper_SNAP_D20=-1.6531169543899968 ===
-- r=0.50  (ECD+SNAP)^10 + ECD   npar=428 --
    iter=1 E=2.6613634007 nfev=3 t=5.2s remaining=1999
    iter=2 E=2.4214265008 nfev=5 t=8.6s remaining=1998
    iter=3 E=2.1828491202 nfev=6 t=10.3s remaining=1997
    iter=4 E=2.0131804811 nfev=7 t=11.9s remaining=1996
    iter=5 E=1.9129071280 nfev=9 t=15.3s remaining=1995
    iter=6 E=1.7867461833 nfev=10 t=17.0s remaining=1994
    iter=7 E=1.6146427028 nfev=11 t=18.6s remaining=1993
    iter=8 E=1.4573184342 nfev=12 t=20.3s remaining=1992
    iter=9 E=1.3342651139 nfev=13 t=22.0s remaining=1991
    iter=10 E=1.2265994511 nfev=14 t=23.8s remaining=1990
    iter=11 E=1.1303283432 nfev=15 t=26.0s remaining=1989
    iter=12 E=1.0092825091 nfev=16 t=27.8s remaining=1988
    iter=13 E=0.9210665081 nfev=17 t=29.9s remaining=1987
    iter=14 E=0.8281143424 nfev=18 t=32.2s remaining=1986
    iter=15 E=0.7383959684 nfev=19 t=34.2s remaining=1985
    iter=16 E=0.6249149056 nfev=20 t=36.1s remaining=1984
    iter=17 E=0.4910489037 nfev=21 t=38.0s remaining=1983
    iter=18 E=0.4355774987 nfev=22 t=39.9s remaining=1982
    iter=19 E=0.3479140229 nfev=23 t=41.7s remaining=1981
    iter=20 E=0.2291141459 nfev=24 t=43.4s remaining=1980
    iter=21 E=0.0777292324 nfev=25 t=45.0s remaining=1979
    iter=22 E=0.0767212338 nfev=26 t=46.8s remaining=1978
    iter=23 E=0.0378457705 nfev=29 t=51.6s remaining=1977
    iter=24 E=-0.0208169117 nfev=30 t=53.3s remaining=1976
    iter=25 E=-0.1133439540 nfev=31 t=55.1s remaining=1975
    iter=26 E=-0.2443177165 nfev=32 t=56.8s remaining=1974
    iter=27 E=-0.3516788296 nfev=33 t=58.4s remaining=1973
    iter=28 E=-0.4458017379 nfev=34 t=60.1s remaining=1972
    iter=29 E=-0.5468057782 nfev=35 t=61.7s remaining=1971
    iter=30 E=-0.5889913676 nfev=36 t=63.4s remaining=1970
    iter=31 E=-0.6546066854 nfev=37 t=65.0s remaining=1969
    iter=32 E=-0.7399603683 nfev=38 t=66.8s remaining=1968
    iter=33 E=-0.8260933305 nfev=39 t=68.4s remaining=1967
    iter=34 E=-0.8800093148 nfev=40 t=70.1s remaining=1966
    iter=35 E=-0.9564499377 nfev=41 t=71.8s remaining=1965
    iter=36 E=-1.0182691509 nfev=42 t=73.4s remaining=1964
    iter=37 E=-1.0697012833 nfev=43 t=75.0s remaining=1963
    iter=38 E=-1.1216655906 nfev=44 t=76.6s remaining=1962
    iter=39 E=-1.1778103947 nfev=45 t=78.2s remaining=1961
    iter=40 E=-1.2258460418 nfev=46 t=79.8s remaining=1960
    iter=41 E=-1.2749268190 nfev=47 t=81.5s remaining=1959
    iter=42 E=-1.3086556855 nfev=48 t=83.1s remaining=1958
    iter=43 E=-1.3562047890 nfev=49 t=84.8s remaining=1957
    iter=44 E=-1.4059407644 nfev=50 t=86.4s remaining=1956
    iter=45 E=-1.4580675880 nfev=51 t=88.0s remaining=1955
    iter=46 E=-1.4876281330 nfev=53 t=91.8s remaining=1954
    iter=47 E=-1.5151595655 nfev=54 t=93.4s remaining=1953
    iter=48 E=-1.5256590552 nfev=55 t=95.2s remaining=1952
    iter=49 E=-1.5427901762 nfev=56 t=96.8s remaining=1951
    iter=50 E=-1.5629434495 nfev=57 t=98.6s remaining=1950
    iter=51 E=-1.5766521062 nfev=58 t=100.2s remaining=1949
    iter=52 E=-1.5967452611 nfev=59 t=101.9s remaining=1948
    iter=53 E=-1.6065786715 nfev=61 t=105.2s remaining=1947
    iter=54 E=-1.6141083797 nfev=62 t=106.8s remaining=1946
    iter=55 E=-1.6190565893 nfev=63 t=108.5s remaining=1945
    iter=56 E=-1.6229938122 nfev=64 t=110.1s remaining=1944
    iter=57 E=-1.6272186348 nfev=65 t=111.7s remaining=1943
    iter=58 E=-1.6309092453 nfev=66 t=113.5s remaining=1942
    iter=59 E=-1.6327671537 nfev=67 t=115.3s remaining=1941
    iter=60 E=-1.6351434605 nfev=68 t=117.1s remaining=1940
    iter=61 E=-1.6375154065 nfev=69 t=118.8s remaining=1939
    iter=62 E=-1.6380814504 nfev=70 t=120.5s remaining=1938
    iter=63 E=-1.6390282624 nfev=71 t=122.2s remaining=1937
    iter=64 E=-1.6402267451 nfev=72 t=123.9s remaining=1936
    iter=65 E=-1.6410573138 nfev=73 t=125.7s remaining=1935
    iter=66 E=-1.6413985592 nfev=75 t=129.2s remaining=1934
    iter=67 E=-1.6416819024 nfev=76 t=130.9s remaining=1933
    iter=68 E=-1.6417162776 nfev=77 t=132.5s remaining=1932
    iter=69 E=-1.6417793902 nfev=78 t=134.2s remaining=1931
    iter=70 E=-1.6418798752 nfev=79 t=135.8s remaining=1930
    iter=71 E=-1.6420022774 nfev=80 t=137.6s remaining=1929
    iter=72 E=-1.6420393958 nfev=82 t=141.1s remaining=1928
    iter=73 E=-1.6420502330 nfev=83 t=142.8s remaining=1927
    iter=74 E=-1.6420666187 nfev=84 t=144.5s remaining=1926
    iter=75 E=-1.6420857510 nfev=85 t=146.7s remaining=1925
    iter=76 E=-1.6420953565 nfev=86 t=148.8s remaining=1924
    iter=77 E=-1.6421085974 nfev=87 t=150.9s remaining=1923
    iter=78 E=-1.6421253828 nfev=88 t=152.7s remaining=1922
    iter=79 E=-1.6421432811 nfev=89 t=154.3s remaining=1921
    iter=80 E=-1.6421680163 nfev=90 t=156.0s remaining=1920
    iter=81 E=-1.6422083808 nfev=91 t=157.6s remaining=1919
    iter=82 E=-1.6422732482 nfev=92 t=159.2s remaining=1918
    iter=83 E=-1.6423567168 nfev=93 t=160.9s remaining=1917
    iter=84 E=-1.6424611163 nfev=94 t=162.5s remaining=1916
    iter=85 E=-1.6426012320 nfev=95 t=164.1s remaining=1915
    iter=86 E=-1.6427593545 nfev=96 t=165.7s remaining=1914
    iter=87 E=-1.6428373085 nfev=97 t=167.4s remaining=1913
    iter=88 E=-1.6429109624 nfev=98 t=169.0s remaining=1912
    iter=89 E=-1.6429374884 nfev=99 t=170.7s remaining=1911
    iter=90 E=-1.6429764027 nfev=100 t=172.3s remaining=1910
    iter=91 E=-1.6430247398 nfev=101 t=174.0s remaining=1909
    iter=92 E=-1.6430557258 nfev=102 t=175.6s remaining=1908
    iter=93 E=-1.6430836329 nfev=103 t=177.4s remaining=1907
    iter=94 E=-1.6431176804 nfev=104 t=179.1s remaining=1906
    iter=95 E=-1.6431539393 nfev=105 t=180.9s remaining=1905
    iter=96 E=-1.6431990288 nfev=106 t=182.5s remaining=1904
    iter=97 E=-1.6432511100 nfev=107 t=184.3s remaining=1903
    iter=98 E=-1.6433013482 nfev=108 t=186.0s remaining=1902
    iter=99 E=-1.6433651513 nfev=109 t=187.6s remaining=1901
    iter=100 E=-1.6434305383 nfev=110 t=189.3s remaining=1900
    iter=101 E=-1.6434761605 nfev=111 t=190.9s remaining=1899
    iter=102 E=-1.6435180670 nfev=112 t=192.7s remaining=1898
    iter=103 E=-1.6435491350 nfev=113 t=194.4s remaining=1897
    iter=104 E=-1.6435757565 nfev=114 t=196.0s remaining=1896
    iter=105 E=-1.6435948711 nfev=115 t=197.7s remaining=1895
    iter=106 E=-1.6436209083 nfev=116 t=199.3s remaining=1894
    iter=107 E=-1.6436572887 nfev=117 t=200.8s remaining=1893
    iter=108 E=-1.6437004833 nfev=118 t=202.6s remaining=1892
    iter=109 E=-1.6437664367 nfev=119 t=204.4s remaining=1891
    iter=110 E=-1.6438564773 nfev=120 t=206.1s remaining=1890
    iter=111 E=-1.6439786943 nfev=121 t=207.7s remaining=1889
    iter=112 E=-1.6440676539 nfev=122 t=209.3s remaining=1888
    iter=113 E=-1.6441539774 nfev=123 t=210.9s remaining=1887
    iter=114 E=-1.6441777523 nfev=124 t=212.5s remaining=1886
    iter=115 E=-1.6442152384 nfev=125 t=214.2s remaining=1885
    iter=116 E=-1.6442464920 nfev=126 t=215.8s remaining=1884
    iter=117 E=-1.6442591823 nfev=127 t=217.6s remaining=1883
    iter=118 E=-1.6442748407 nfev=128 t=219.5s remaining=1882
    iter=119 E=-1.6442950386 nfev=129 t=221.2s remaining=1881
    iter=120 E=-1.6443251361 nfev=130 t=223.0s remaining=1880
    iter=121 E=-1.6443643738 nfev=131 t=224.7s remaining=1879
    iter=122 E=-1.6444094695 nfev=132 t=226.3s remaining=1878
    iter=123 E=-1.6444595718 nfev=133 t=228.0s remaining=1877
    iter=124 E=-1.6445298017 nfev=134 t=229.6s remaining=1876
    iter=125 E=-1.6446075827 nfev=135 t=231.2s remaining=1875
    iter=126 E=-1.6446818930 nfev=136 t=232.9s remaining=1874
    iter=127 E=-1.6447668952 nfev=137 t=234.5s remaining=1873
    iter=128 E=-1.6448157581 nfev=138 t=236.2s remaining=1872
    iter=129 E=-1.6448481325 nfev=139 t=238.1s remaining=1871
    iter=130 E=-1.6448826082 nfev=140 t=239.9s remaining=1870
    iter=131 E=-1.6449257728 nfev=141 t=241.7s remaining=1869
    iter=132 E=-1.6449707446 nfev=142 t=243.5s remaining=1868
    iter=133 E=-1.6450329350 nfev=143 t=245.2s remaining=1867
    iter=134 E=-1.6450942525 nfev=144 t=246.9s remaining=1866
    iter=135 E=-1.6451434066 nfev=145 t=248.7s remaining=1865
    iter=136 E=-1.6451910974 nfev=146 t=250.4s remaining=1864
    iter=137 E=-1.6452350619 nfev=147 t=252.0s remaining=1863
    iter=138 E=-1.6452677909 nfev=148 t=253.6s remaining=1862
    iter=139 E=-1.6453105323 nfev=149 t=255.3s remaining=1861
    iter=140 E=-1.6453762324 nfev=150 t=257.0s remaining=1860
    iter=141 E=-1.6454690773 nfev=151 t=258.7s remaining=1859
    iter=142 E=-1.6455384238 nfev=152 t=260.3s remaining=1858
    iter=143 E=-1.6456009535 nfev=153 t=262.0s remaining=1857
    iter=144 E=-1.6456306527 nfev=154 t=263.8s remaining=1856
    iter=145 E=-1.6456663097 nfev=155 t=265.4s remaining=1855
    iter=146 E=-1.6457039538 nfev=156 t=267.1s remaining=1854
    iter=147 E=-1.6457540909 nfev=157 t=268.9s remaining=1853
    iter=148 E=-1.6458351998 nfev=158 t=270.6s remaining=1852
    iter=149 E=-1.6459565562 nfev=159 t=272.2s remaining=1851
    iter=150 E=-1.6460537572 nfev=160 t=273.9s remaining=1850
    iter=151 E=-1.6461077488 nfev=161 t=275.6s remaining=1849
    iter=152 E=-1.6461663991 nfev=162 t=277.2s remaining=1848
    iter=153 E=-1.6462129690 nfev=163 t=278.9s remaining=1847
    iter=154 E=-1.6462686675 nfev=164 t=280.5s remaining=1846
    iter=155 E=-1.6463288238 nfev=165 t=282.1s remaining=1845
    iter=156 E=-1.6463774383 nfev=166 t=283.7s remaining=1844
    iter=157 E=-1.6464259973 nfev=167 t=285.2s remaining=1843
    iter=158 E=-1.6464702312 nfev=168 t=286.9s remaining=1842
    iter=159 E=-1.6464983834 nfev=169 t=288.5s remaining=1841
    iter=160 E=-1.6465253587 nfev=170 t=290.1s remaining=1840
    iter=161 E=-1.6465542319 nfev=171 t=291.9s remaining=1839
    iter=162 E=-1.6465847263 nfev=172 t=293.5s remaining=1838
    iter=163 E=-1.6466169931 nfev=173 t=295.2s remaining=1837
    iter=164 E=-1.6466514228 nfev=174 t=296.8s remaining=1836
    iter=165 E=-1.6466957368 nfev=175 t=298.5s remaining=1835
    iter=166 E=-1.6467404135 nfev=176 t=300.3s remaining=1834
    iter=167 E=-1.6467753426 nfev=177 t=302.0s remaining=1833
    iter=168 E=-1.6467992734 nfev=178 t=303.7s remaining=1832
    iter=169 E=-1.6468256121 nfev=179 t=305.3s remaining=1831
    iter=170 E=-1.6468604581 nfev=180 t=307.0s remaining=1830
    iter=171 E=-1.6469119387 nfev=181 t=308.6s remaining=1829
    iter=172 E=-1.6469678393 nfev=182 t=310.2s remaining=1828
    iter=173 E=-1.6470028791 nfev=183 t=311.9s remaining=1827
    iter=174 E=-1.6470368761 nfev=184 t=313.4s remaining=1826
    iter=175 E=-1.6470655290 nfev=185 t=315.3s remaining=1825
    iter=176 E=-1.6470896052 nfev=186 t=317.5s remaining=1824
    iter=177 E=-1.6471240233 nfev=187 t=319.7s remaining=1823
    iter=178 E=-1.6471735137 nfev=188 t=322.0s remaining=1822
    iter=179 E=-1.6472340253 nfev=189 t=323.7s remaining=1821
    iter=180 E=-1.6472920939 nfev=190 t=325.3s remaining=1820
    iter=181 E=-1.6473457546 nfev=191 t=327.0s remaining=1819
    iter=182 E=-1.6473903732 nfev=192 t=328.7s remaining=1818
    iter=183 E=-1.6473979617 nfev=193 t=330.4s remaining=1817
    iter=184 E=-1.6474119409 nfev=194 t=332.1s remaining=1816
    iter=185 E=-1.6474362358 nfev=195 t=333.8s remaining=1815
    iter=186 E=-1.6474722254 nfev=196 t=335.5s remaining=1814
    iter=187 E=-1.6475011857 nfev=197 t=337.4s remaining=1813
    iter=188 E=-1.6475216870 nfev=198 t=339.0s remaining=1812
    iter=189 E=-1.6475527610 nfev=199 t=340.7s remaining=1811
    iter=190 E=-1.6475994637 nfev=200 t=342.4s remaining=1810
    iter=191 E=-1.6476569066 nfev=201 t=344.0s remaining=1809
    iter=192 E=-1.6477093665 nfev=202 t=345.6s remaining=1808
    iter=193 E=-1.6477624506 nfev=203 t=347.3s remaining=1807
    iter=194 E=-1.6478310593 nfev=204 t=349.0s remaining=1806
    iter=195 E=-1.6478886636 nfev=205 t=350.8s remaining=1805
    iter=196 E=-1.6479214411 nfev=206 t=352.4s remaining=1804
    iter=197 E=-1.6479613905 nfev=207 t=354.1s remaining=1803
    iter=198 E=-1.6479845669 nfev=208 t=355.7s remaining=1802
    iter=199 E=-1.6480111868 nfev=209 t=357.4s remaining=1801
    iter=200 E=-1.6480375483 nfev=210 t=359.0s remaining=1800
    iter=201 E=-1.6480666156 nfev=211 t=360.6s remaining=1799
    iter=202 E=-1.6481040458 nfev=212 t=362.2s remaining=1798
    iter=203 E=-1.6481455550 nfev=213 t=363.8s remaining=1797
    iter=204 E=-1.6481878440 nfev=214 t=365.4s remaining=1796
    iter=205 E=-1.6482350154 nfev=215 t=367.0s remaining=1795
    iter=206 E=-1.6482868865 nfev=216 t=368.9s remaining=1794
    iter=207 E=-1.6483536794 nfev=217 t=371.0s remaining=1793
    iter=208 E=-1.6484284270 nfev=218 t=372.8s remaining=1792
    iter=209 E=-1.6484710566 nfev=219 t=374.6s remaining=1791
    iter=210 E=-1.6485074594 nfev=220 t=376.4s remaining=1790
    iter=211 E=-1.6485414449 nfev=221 t=378.0s remaining=1789
    iter=212 E=-1.6485824528 nfev=222 t=379.7s remaining=1788
    iter=213 E=-1.6486016141 nfev=223 t=381.3s remaining=1787
    iter=214 E=-1.6486303365 nfev=224 t=383.0s remaining=1786
    iter=215 E=-1.6486688595 nfev=225 t=385.1s remaining=1785
    iter=216 E=-1.6487106988 nfev=226 t=387.2s remaining=1784
    iter=217 E=-1.6487539682 nfev=227 t=389.0s remaining=1783
    iter=218 E=-1.6487950161 nfev=228 t=390.8s remaining=1782
    iter=219 E=-1.6488549709 nfev=229 t=392.5s remaining=1781
    iter=220 E=-1.6489247541 nfev=230 t=394.3s remaining=1780
    iter=221 E=-1.6489690356 nfev=231 t=396.2s remaining=1779
    iter=222 E=-1.6490184970 nfev=232 t=398.2s remaining=1778
    iter=223 E=-1.6490714849 nfev=233 t=400.0s remaining=1777
    iter=224 E=-1.6491080249 nfev=234 t=401.8s remaining=1776
    iter=225 E=-1.6491362055 nfev=235 t=403.5s remaining=1775
    iter=226 E=-1.6491642058 nfev=236 t=405.1s remaining=1774
    iter=227 E=-1.6491964066 nfev=237 t=406.7s remaining=1773
    iter=228 E=-1.6492333222 nfev=238 t=408.4s remaining=1772
    iter=229 E=-1.6492653539 nfev=239 t=410.0s remaining=1771
    iter=230 E=-1.6493010486 nfev=240 t=411.8s remaining=1770
    iter=231 E=-1.6493439839 nfev=241 t=413.4s remaining=1769
    iter=232 E=-1.6493843133 nfev=242 t=415.0s remaining=1768
    iter=233 E=-1.6494165943 nfev=243 t=416.7s remaining=1767
    iter=234 E=-1.6494544390 nfev=244 t=418.4s remaining=1766
    iter=235 E=-1.6494924713 nfev=245 t=420.1s remaining=1765
    iter=236 E=-1.6495307849 nfev=246 t=421.8s remaining=1764
    iter=237 E=-1.6495783521 nfev=247 t=423.5s remaining=1763
    iter=238 E=-1.6496200555 nfev=248 t=425.1s remaining=1762
    iter=239 E=-1.6496687015 nfev=249 t=426.7s remaining=1761
    iter=240 E=-1.6497193935 nfev=250 t=428.3s remaining=1760
    iter=241 E=-1.6497525727 nfev=251 t=429.9s remaining=1759
    iter=242 E=-1.6497930270 nfev=252 t=431.5s remaining=1758
    iter=243 E=-1.6498150818 nfev=253 t=433.2s remaining=1757
    iter=244 E=-1.6498318690 nfev=254 t=434.8s remaining=1756
    iter=245 E=-1.6498533021 nfev=255 t=436.4s remaining=1755
    iter=246 E=-1.6498774609 nfev=256 t=438.0s remaining=1754
    iter=247 E=-1.6499060187 nfev=257 t=439.6s remaining=1753
    iter=248 E=-1.6499424732 nfev=258 t=441.2s remaining=1752
    iter=249 E=-1.6499844956 nfev=259 t=442.8s remaining=1751
    iter=250 E=-1.6500202323 nfev=260 t=444.4s remaining=1750
    iter=251 E=-1.6500618930 nfev=261 t=446.0s remaining=1749
    iter=252 E=-1.6501113248 nfev=262 t=447.6s remaining=1748
    iter=253 E=-1.6501390698 nfev=263 t=449.3s remaining=1747
    iter=254 E=-1.6501649616 nfev=264 t=451.0s remaining=1746
    iter=255 E=-1.6501830949 nfev=265 t=452.8s remaining=1745
    iter=256 E=-1.6501990780 nfev=266 t=454.5s remaining=1744
    iter=257 E=-1.6502171314 nfev=267 t=456.2s remaining=1743
    iter=258 E=-1.6502380568 nfev=268 t=457.8s remaining=1742
    iter=259 E=-1.6502634128 nfev=269 t=459.4s remaining=1741
    iter=260 E=-1.6502802529 nfev=270 t=461.0s remaining=1740
    iter=261 E=-1.6503041083 nfev=271 t=462.7s remaining=1739
    iter=262 E=-1.6503301420 nfev=272 t=464.3s remaining=1738
    iter=263 E=-1.6503528722 nfev=273 t=465.9s remaining=1737
    iter=264 E=-1.6503809039 nfev=274 t=467.8s remaining=1736
    iter=265 E=-1.6504078591 nfev=275 t=469.3s remaining=1735
    iter=266 E=-1.6504222926 nfev=276 t=471.0s remaining=1734
    iter=267 E=-1.6504340591 nfev=277 t=472.6s remaining=1733
    iter=268 E=-1.6504467474 nfev=278 t=474.3s remaining=1732
    iter=269 E=-1.6504632398 nfev=279 t=475.9s remaining=1731
    iter=270 E=-1.6504831043 nfev=280 t=477.6s remaining=1730
    iter=271 E=-1.6505020879 nfev=281 t=479.2s remaining=1729
    iter=272 E=-1.6505298467 nfev=282 t=480.8s remaining=1728
    iter=273 E=-1.6505665526 nfev=283 t=482.5s remaining=1727
    iter=274 E=-1.6506031539 nfev=284 t=484.3s remaining=1726
    iter=275 E=-1.6506407224 nfev=285 t=485.9s remaining=1725
    iter=276 E=-1.6506736665 nfev=286 t=487.5s remaining=1724
    iter=277 E=-1.6506987954 nfev=287 t=489.2s remaining=1723
    iter=278 E=-1.6507162057 nfev=288 t=491.0s remaining=1722
    iter=279 E=-1.6507270098 nfev=289 t=492.8s remaining=1721
    iter=280 E=-1.6507375517 nfev=290 t=494.6s remaining=1720
    iter=281 E=-1.6507544822 nfev=291 t=496.3s remaining=1719
    iter=282 E=-1.6507798918 nfev=292 t=498.0s remaining=1718
    iter=283 E=-1.6508089765 nfev=293 t=499.7s remaining=1717
    iter=284 E=-1.6508305447 nfev=294 t=501.7s remaining=1716
    iter=285 E=-1.6508509982 nfev=295 t=503.5s remaining=1715
    iter=286 E=-1.6508650496 nfev=296 t=505.4s remaining=1714
    iter=287 E=-1.6508730692 nfev=297 t=507.1s remaining=1713
    iter=288 E=-1.6508841431 nfev=298 t=508.7s remaining=1712
    iter=289 E=-1.6508996990 nfev=299 t=510.6s remaining=1711
    iter=290 E=-1.6509167283 nfev=300 t=512.2s remaining=1710
    iter=291 E=-1.6509342852 nfev=301 t=513.9s remaining=1709
    iter=292 E=-1.6509545848 nfev=302 t=515.6s remaining=1708
    iter=293 E=-1.6509718504 nfev=303 t=517.6s remaining=1707
    iter=294 E=-1.6509859168 nfev=304 t=519.7s remaining=1706
    iter=295 E=-1.6510042695 nfev=305 t=521.4s remaining=1705
    iter=296 E=-1.6510259673 nfev=306 t=523.1s remaining=1704
    iter=297 E=-1.6510442900 nfev=307 t=524.7s remaining=1703
    iter=298 E=-1.6510659148 nfev=308 t=526.4s remaining=1702
    iter=299 E=-1.6510862900 nfev=309 t=528.6s remaining=1701
    iter=300 E=-1.6511079357 nfev=310 t=530.9s remaining=1700
    iter=301 E=-1.6511320364 nfev=311 t=532.9s remaining=1699
    iter=302 E=-1.6511603174 nfev=312 t=534.6s remaining=1698
    iter=303 E=-1.6511805463 nfev=313 t=536.3s remaining=1697
    iter=304 E=-1.6511947363 nfev=314 t=538.0s remaining=1696
    iter=305 E=-1.6512074761 nfev=315 t=539.7s remaining=1695
    iter=306 E=-1.6512199370 nfev=316 t=541.4s remaining=1694
    iter=307 E=-1.6512325055 nfev=317 t=543.0s remaining=1693
    iter=308 E=-1.6512466371 nfev=318 t=544.6s remaining=1692
    iter=309 E=-1.6512632502 nfev=319 t=546.3s remaining=1691
    iter=310 E=-1.6512829217 nfev=320 t=548.1s remaining=1690
    iter=311 E=-1.6513018463 nfev=321 t=549.7s remaining=1689
    iter=312 E=-1.6513210997 nfev=322 t=551.3s remaining=1688
    iter=313 E=-1.6513392419 nfev=323 t=552.9s remaining=1687
    iter=314 E=-1.6513514666 nfev=324 t=554.6s remaining=1686
    iter=315 E=-1.6513693370 nfev=325 t=556.4s remaining=1685
    iter=316 E=-1.6513935174 nfev=326 t=558.0s remaining=1684
    iter=317 E=-1.6514139028 nfev=327 t=559.7s remaining=1683
    iter=318 E=-1.6514307296 nfev=328 t=561.5s remaining=1682
    iter=319 E=-1.6514428904 nfev=329 t=563.2s remaining=1681
    iter=320 E=-1.6514520413 nfev=330 t=564.9s remaining=1680
    iter=321 E=-1.6514610173 nfev=331 t=566.6s remaining=1679
    iter=322 E=-1.6514748682 nfev=332 t=568.3s remaining=1678
    iter=323 E=-1.6514928823 nfev=333 t=570.0s remaining=1677
    iter=324 E=-1.6515057859 nfev=334 t=571.9s remaining=1676
    iter=325 E=-1.6515211264 nfev=335 t=574.1s remaining=1675
    iter=326 E=-1.6515396014 nfev=336 t=575.8s remaining=1674
    iter=327 E=-1.6515565762 nfev=337 t=577.6s remaining=1673
    iter=328 E=-1.6515718847 nfev=338 t=579.4s remaining=1672
    iter=329 E=-1.6515859441 nfev=339 t=581.3s remaining=1671
    iter=330 E=-1.6515958306 nfev=340 t=583.2s remaining=1670
    iter=331 E=-1.6516070902 nfev=341 t=584.9s remaining=1669
    iter=332 E=-1.6516225713 nfev=342 t=586.6s remaining=1668
    iter=333 E=-1.6516375077 nfev=343 t=588.6s remaining=1667
    iter=334 E=-1.6516525167 nfev=344 t=590.3s remaining=1666
    iter=335 E=-1.6516647719 nfev=345 t=592.0s remaining=1665
    iter=336 E=-1.6516762228 nfev=346 t=593.7s remaining=1664
    iter=337 E=-1.6516880044 nfev=347 t=595.4s remaining=1663
    iter=338 E=-1.6517019482 nfev=348 t=597.2s remaining=1662
    iter=339 E=-1.6517179213 nfev=349 t=598.9s remaining=1661
    iter=340 E=-1.6517339787 nfev=350 t=600.7s remaining=1660
    iter=341 E=-1.6517454796 nfev=351 t=602.4s remaining=1659
    iter=342 E=-1.6517559943 nfev=352 t=604.7s remaining=1658
    iter=343 E=-1.6517662254 nfev=353 t=607.0s remaining=1657
    iter=344 E=-1.6517731816 nfev=354 t=609.0s remaining=1656
    iter=345 E=-1.6517824397 nfev=355 t=611.0s remaining=1655
    iter=346 E=-1.6517952937 nfev=356 t=613.0s remaining=1654
    iter=347 E=-1.6518123806 nfev=357 t=614.8s remaining=1653
    iter=348 E=-1.6518290317 nfev=358 t=616.6s remaining=1652
    iter=349 E=-1.6518441061 nfev=359 t=618.4s remaining=1651
    iter=350 E=-1.6518568375 nfev=360 t=620.3s remaining=1650
    iter=351 E=-1.6518650666 nfev=361 t=622.0s remaining=1649
    iter=352 E=-1.6518759357 nfev=362 t=623.7s remaining=1648
    iter=353 E=-1.6518853750 nfev=363 t=625.6s remaining=1647
    iter=354 E=-1.6518935444 nfev=364 t=627.3s remaining=1646
    iter=355 E=-1.6519006572 nfev=365 t=628.9s remaining=1645
    iter=356 E=-1.6519070076 nfev=366 t=630.5s remaining=1644
    iter=357 E=-1.6519144553 nfev=367 t=632.1s remaining=1643
    iter=358 E=-1.6519214722 nfev=368 t=633.8s remaining=1642
    iter=359 E=-1.6519256750 nfev=369 t=635.5s remaining=1641
    iter=360 E=-1.6519306759 nfev=370 t=637.1s remaining=1640
    iter=361 E=-1.6519375844 nfev=371 t=638.7s remaining=1639
    iter=362 E=-1.6519476687 nfev=372 t=640.4s remaining=1638
    iter=363 E=-1.6519621312 nfev=373 t=642.0s remaining=1637
    iter=364 E=-1.6519778018 nfev=374 t=643.7s remaining=1636
    iter=365 E=-1.6519856366 nfev=376 t=647.1s remaining=1635
    iter=366 E=-1.6519957905 nfev=377 t=648.9s remaining=1634
    iter=367 E=-1.6520038338 nfev=378 t=650.7s remaining=1633
    iter=368 E=-1.6520087044 nfev=379 t=652.4s remaining=1632
    iter=369 E=-1.6520150911 nfev=380 t=654.2s remaining=1631
    iter=370 E=-1.6520210504 nfev=381 t=656.1s remaining=1630
    iter=371 E=-1.6520253509 nfev=382 t=658.0s remaining=1629
    iter=372 E=-1.6520307770 nfev=383 t=659.8s remaining=1628
    iter=373 E=-1.6520370921 nfev=384 t=661.5s remaining=1627
    iter=374 E=-1.6520440478 nfev=385 t=663.4s remaining=1626
    iter=375 E=-1.6520521131 nfev=386 t=665.0s remaining=1625
    iter=376 E=-1.6520593831 nfev=387 t=666.7s remaining=1624
    iter=377 E=-1.6520652705 nfev=388 t=668.4s remaining=1623
    iter=378 E=-1.6520718732 nfev=389 t=670.1s remaining=1622
    iter=379 E=-1.6520793274 nfev=390 t=671.7s remaining=1621
    iter=380 E=-1.6520865767 nfev=391 t=673.4s remaining=1620
    iter=381 E=-1.6520938924 nfev=392 t=675.0s remaining=1619
    iter=382 E=-1.6520998073 nfev=393 t=676.6s remaining=1618
    iter=383 E=-1.6521057500 nfev=394 t=678.2s remaining=1617
    iter=384 E=-1.6521119113 nfev=395 t=679.9s remaining=1616
    iter=385 E=-1.6521198155 nfev=396 t=681.6s remaining=1615
    iter=386 E=-1.6521284473 nfev=397 t=683.3s remaining=1614
    iter=387 E=-1.6521367138 nfev=398 t=684.9s remaining=1613
    iter=388 E=-1.6521437754 nfev=399 t=686.6s remaining=1612
    iter=389 E=-1.6521479016 nfev=400 t=688.3s remaining=1611
    iter=390 E=-1.6521524849 nfev=401 t=690.0s remaining=1610
    iter=391 E=-1.6521566181 nfev=402 t=691.7s remaining=1609
    iter=392 E=-1.6521607032 nfev=403 t=693.4s remaining=1608
    iter=393 E=-1.6521659987 nfev=404 t=695.1s remaining=1607
    iter=394 E=-1.6521734119 nfev=405 t=696.9s remaining=1606
    iter=395 E=-1.6521833772 nfev=406 t=698.6s remaining=1605
    iter=396 E=-1.6521931956 nfev=407 t=700.4s remaining=1604
    iter=397 E=-1.6522008319 nfev=408 t=702.4s remaining=1603
    iter=398 E=-1.6522072307 nfev=409 t=704.0s remaining=1602
    iter=399 E=-1.6522128336 nfev=410 t=705.7s remaining=1601
    iter=400 E=-1.6522171142 nfev=411 t=707.3s remaining=1600
    iter=401 E=-1.6522208116 nfev=412 t=709.0s remaining=1599
    iter=402 E=-1.6522250192 nfev=413 t=710.6s remaining=1598
    iter=403 E=-1.6522294249 nfev=414 t=712.3s remaining=1597
    iter=404 E=-1.6522339662 nfev=415 t=713.9s remaining=1596
    iter=405 E=-1.6522374837 nfev=416 t=715.6s remaining=1595
    iter=406 E=-1.6522417461 nfev=417 t=717.3s remaining=1594
    iter=407 E=-1.6522481114 nfev=418 t=718.9s remaining=1593
    iter=408 E=-1.6522563711 nfev=419 t=720.5s remaining=1592
    iter=409 E=-1.6522633398 nfev=420 t=722.2s remaining=1591
    iter=410 E=-1.6522691726 nfev=421 t=723.9s remaining=1590
    iter=411 E=-1.6522738981 nfev=422 t=725.5s remaining=1589
    iter=412 E=-1.6522776973 nfev=423 t=727.2s remaining=1588
    iter=413 E=-1.6522822336 nfev=424 t=728.9s remaining=1587
    iter=414 E=-1.6522864740 nfev=425 t=730.6s remaining=1586
    iter=415 E=-1.6522900535 nfev=426 t=732.2s remaining=1585
    iter=416 E=-1.6522935790 nfev=427 t=733.9s remaining=1584
    iter=417 E=-1.6522978750 nfev=428 t=735.8s remaining=1583
    iter=418 E=-1.6523035538 nfev=429 t=737.6s remaining=1582
    iter=419 E=-1.6523084006 nfev=430 t=739.3s remaining=1581
    iter=420 E=-1.6523126451 nfev=431 t=741.1s remaining=1580
    iter=421 E=-1.6523160339 nfev=432 t=742.9s remaining=1579
    iter=422 E=-1.6523183599 nfev=433 t=744.5s remaining=1578
    iter=423 E=-1.6523211960 nfev=434 t=746.2s remaining=1577
    iter=424 E=-1.6523250512 nfev=435 t=747.9s remaining=1576
    iter=425 E=-1.6523296900 nfev=436 t=749.8s remaining=1575
    iter=426 E=-1.6523338249 nfev=437 t=751.4s remaining=1574
    iter=427 E=-1.6523384152 nfev=438 t=753.1s remaining=1573
    iter=428 E=-1.6523439231 nfev=439 t=754.9s remaining=1572
    iter=429 E=-1.6523482699 nfev=440 t=756.6s remaining=1571
    iter=430 E=-1.6523525242 nfev=441 t=758.4s remaining=1570
    iter=431 E=-1.6523557853 nfev=442 t=760.1s remaining=1569
    iter=432 E=-1.6523579172 nfev=443 t=761.8s remaining=1568
    iter=433 E=-1.6523603676 nfev=444 t=763.4s remaining=1567
    iter=434 E=-1.6523624924 nfev=445 t=765.0s remaining=1566
    iter=435 E=-1.6523640516 nfev=446 t=766.6s remaining=1565
    iter=436 E=-1.6523662969 nfev=447 t=768.4s remaining=1564
    iter=437 E=-1.6523697794 nfev=448 t=770.5s remaining=1563
    iter=438 E=-1.6523750658 nfev=449 t=772.8s remaining=1562
    iter=439 E=-1.6523822295 nfev=450 t=774.6s remaining=1561
    iter=440 E=-1.6523888412 nfev=451 t=776.3s remaining=1560
    iter=441 E=-1.6523951431 nfev=452 t=778.0s remaining=1559
    iter=442 E=-1.6524003831 nfev=453 t=779.6s remaining=1558
    iter=443 E=-1.6524042172 nfev=454 t=781.3s remaining=1557
    iter=444 E=-1.6524077459 nfev=455 t=782.9s remaining=1556
    iter=445 E=-1.6524114931 nfev=456 t=784.7s remaining=1555
    iter=446 E=-1.6524148212 nfev=457 t=786.4s remaining=1554
    iter=447 E=-1.6524166917 nfev=458 t=788.0s remaining=1553
    iter=448 E=-1.6524181933 nfev=459 t=789.7s remaining=1552
    iter=449 E=-1.6524196723 nfev=460 t=791.3s remaining=1551
    iter=450 E=-1.6524216683 nfev=461 t=793.0s remaining=1550
    iter=451 E=-1.6524245403 nfev=462 t=794.7s remaining=1549
    iter=452 E=-1.6524287895 nfev=463 t=796.3s remaining=1548
    iter=453 E=-1.6524340126 nfev=464 t=798.1s remaining=1547
    iter=454 E=-1.6524375141 nfev=465 t=799.9s remaining=1546
    iter=455 E=-1.6524404256 nfev=466 t=801.9s remaining=1545
    iter=456 E=-1.6524421841 nfev=467 t=803.6s remaining=1544
    iter=457 E=-1.6524435321 nfev=468 t=805.3s remaining=1543
    iter=458 E=-1.6524449161 nfev=469 t=807.0s remaining=1542
    iter=459 E=-1.6524466763 nfev=470 t=808.7s remaining=1541
    iter=460 E=-1.6524490580 nfev=471 t=810.4s remaining=1540
    iter=461 E=-1.6524524329 nfev=472 t=812.1s remaining=1539
    iter=462 E=-1.6524568104 nfev=473 t=813.8s remaining=1538
    iter=463 E=-1.6524622894 nfev=474 t=815.5s remaining=1537
    iter=464 E=-1.6524682969 nfev=475 t=817.2s remaining=1536
    iter=465 E=-1.6524735161 nfev=476 t=819.0s remaining=1535
    iter=466 E=-1.6524783637 nfev=477 t=820.7s remaining=1534
    iter=467 E=-1.6524806240 nfev=478 t=822.5s remaining=1533
    iter=468 E=-1.6524822449 nfev=479 t=824.2s remaining=1532
    iter=469 E=-1.6524838187 nfev=480 t=826.0s remaining=1531
    iter=470 E=-1.6524854542 nfev=481 t=827.9s remaining=1530
    iter=471 E=-1.6524873064 nfev=482 t=829.8s remaining=1529
    iter=472 E=-1.6524896619 nfev=483 t=831.5s remaining=1528
    iter=473 E=-1.6524917399 nfev=484 t=833.2s remaining=1527
    iter=474 E=-1.6524943390 nfev=485 t=835.0s remaining=1526
    iter=475 E=-1.6524982150 nfev=486 t=836.6s remaining=1525
    iter=476 E=-1.6525029714 nfev=487 t=838.6s remaining=1524
    iter=477 E=-1.6525062619 nfev=488 t=840.4s remaining=1523
    iter=478 E=-1.6525090738 nfev=489 t=842.2s remaining=1522
    iter=479 E=-1.6525113183 nfev=490 t=844.1s remaining=1521
    iter=480 E=-1.6525134715 nfev=491 t=845.9s remaining=1520
    iter=481 E=-1.6525158103 nfev=492 t=847.8s remaining=1519
    iter=482 E=-1.6525180944 nfev=493 t=849.6s remaining=1518
    iter=483 E=-1.6525208274 nfev=494 t=851.4s remaining=1517
    iter=484 E=-1.6525241107 nfev=495 t=853.2s remaining=1516
    iter=485 E=-1.6525273183 nfev=496 t=855.1s remaining=1515
    iter=486 E=-1.6525303189 nfev=497 t=857.0s remaining=1514
    iter=487 E=-1.6525331410 nfev=498 t=858.9s remaining=1513
    iter=488 E=-1.6525358727 nfev=499 t=860.6s remaining=1512
    iter=489 E=-1.6525385358 nfev=500 t=862.6s remaining=1511
    iter=490 E=-1.6525414476 nfev=501 t=864.5s remaining=1510
    iter=491 E=-1.6525451269 nfev=502 t=866.2s remaining=1509
    iter=492 E=-1.6525490619 nfev=503 t=868.0s remaining=1508
    iter=493 E=-1.6525529840 nfev=504 t=869.9s remaining=1507
    iter=494 E=-1.6525578751 nfev=505 t=871.9s remaining=1506
    iter=495 E=-1.6525623170 nfev=506 t=873.9s remaining=1505
    iter=496 E=-1.6525663427 nfev=507 t=875.8s remaining=1504
    iter=497 E=-1.6525698786 nfev=508 t=877.7s remaining=1503
    iter=498 E=-1.6525729008 nfev=509 t=879.5s remaining=1502
    iter=499 E=-1.6525753240 nfev=510 t=881.3s remaining=1501
    iter=500 E=-1.6525769958 nfev=511 t=883.1s remaining=1500
    iter=501 E=-1.6525785574 nfev=512 t=884.8s remaining=1499
    iter=502 E=-1.6525803968 nfev=513 t=886.5s remaining=1498
    iter=503 E=-1.6525825787 nfev=514 t=888.4s remaining=1497
    iter=504 E=-1.6525855648 nfev=515 t=890.1s remaining=1496
    iter=505 E=-1.6525892133 nfev=516 t=891.9s remaining=1495
    iter=506 E=-1.6525933573 nfev=517 t=894.1s remaining=1494
    iter=507 E=-1.6525983829 nfev=518 t=896.4s remaining=1493
    iter=508 E=-1.6526031872 nfev=519 t=898.3s remaining=1492
    iter=509 E=-1.6526063066 nfev=520 t=900.1s remaining=1491
    iter=510 E=-1.6526089856 nfev=521 t=901.8s remaining=1490
    iter=511 E=-1.6526112351 nfev=522 t=903.4s remaining=1489
    iter=512 E=-1.6526126822 nfev=523 t=905.1s remaining=1488
    iter=513 E=-1.6526147466 nfev=524 t=906.8s remaining=1487
    iter=514 E=-1.6526176239 nfev=525 t=908.5s remaining=1486
    iter=515 E=-1.6526210358 nfev=526 t=910.3s remaining=1485
    iter=516 E=-1.6526240084 nfev=527 t=912.0s remaining=1484
    iter=517 E=-1.6526277001 nfev=528 t=913.7s remaining=1483
    iter=518 E=-1.6526315099 nfev=529 t=915.4s remaining=1482
    iter=519 E=-1.6526339793 nfev=530 t=917.1s remaining=1481
    iter=520 E=-1.6526357937 nfev=531 t=918.9s remaining=1480
    iter=521 E=-1.6526375153 nfev=532 t=920.6s remaining=1479
    iter=522 E=-1.6526391853 nfev=533 t=922.4s remaining=1478
    iter=523 E=-1.6526407283 nfev=534 t=924.2s remaining=1477
    iter=524 E=-1.6526422052 nfev=535 t=926.1s remaining=1476
    iter=525 E=-1.6526436854 nfev=536 t=928.2s remaining=1475
    iter=526 E=-1.6526453436 nfev=537 t=930.4s remaining=1474
    iter=527 E=-1.6526469848 nfev=538 t=932.7s remaining=1473
    iter=528 E=-1.6526488066 nfev=539 t=935.0s remaining=1472
    iter=529 E=-1.6526506314 nfev=540 t=937.3s remaining=1471
    iter=530 E=-1.6526526421 nfev=541 t=939.5s remaining=1470
    iter=531 E=-1.6526553674 nfev=542 t=941.8s remaining=1469
    iter=532 E=-1.6526576226 nfev=543 t=944.0s remaining=1468
    iter=533 E=-1.6526605718 nfev=544 t=946.2s remaining=1467
    iter=534 E=-1.6526643742 nfev=545 t=948.4s remaining=1466
    iter=535 E=-1.6526685418 nfev=546 t=950.2s remaining=1465
    iter=536 E=-1.6526717837 nfev=547 t=952.5s remaining=1464
    iter=537 E=-1.6526735787 nfev=548 t=954.6s remaining=1463
    iter=538 E=-1.6526750348 nfev=549 t=956.3s remaining=1462
    iter=539 E=-1.6526759038 nfev=550 t=958.1s remaining=1461
    iter=540 E=-1.6526768224 nfev=551 t=959.9s remaining=1460
    iter=541 E=-1.6526778289 nfev=552 t=961.6s remaining=1459
    iter=542 E=-1.6526791728 nfev=553 t=963.3s remaining=1458
    iter=543 E=-1.6526810395 nfev=554 t=965.1s remaining=1457
    iter=544 E=-1.6526834665 nfev=555 t=966.8s remaining=1456
    iter=545 E=-1.6526866880 nfev=556 t=968.5s remaining=1455
    iter=546 E=-1.6526908180 nfev=557 t=970.5s remaining=1454
    iter=547 E=-1.6526951105 nfev=558 t=972.3s remaining=1453
    iter=548 E=-1.6526978430 nfev=559 t=974.0s remaining=1452
    iter=549 E=-1.6526996651 nfev=560 t=975.9s remaining=1451
    iter=550 E=-1.6527008068 nfev=561 t=977.7s remaining=1450
    iter=551 E=-1.6527016165 nfev=562 t=979.7s remaining=1449
    iter=552 E=-1.6527024146 nfev=563 t=981.5s remaining=1448
    iter=553 E=-1.6527032948 nfev=564 t=983.2s remaining=1447
    iter=554 E=-1.6527043231 nfev=565 t=984.9s remaining=1446
    iter=555 E=-1.6527057230 nfev=566 t=986.5s remaining=1445
    iter=556 E=-1.6527078057 nfev=567 t=988.3s remaining=1444
    iter=557 E=-1.6527105881 nfev=568 t=990.0s remaining=1443
    iter=558 E=-1.6527132245 nfev=569 t=991.7s remaining=1442
    iter=559 E=-1.6527156021 nfev=570 t=993.3s remaining=1441
    iter=560 E=-1.6527180580 nfev=571 t=995.0s remaining=1440
    iter=561 E=-1.6527200055 nfev=572 t=996.7s remaining=1439
    iter=562 E=-1.6527214827 nfev=573 t=998.4s remaining=1438
    iter=563 E=-1.6527226926 nfev=574 t=1000.1s remaining=1437
    iter=564 E=-1.6527235721 nfev=575 t=1002.0s remaining=1436
    iter=565 E=-1.6527241896 nfev=576 t=1004.0s remaining=1435
    iter=566 E=-1.6527249843 nfev=577 t=1005.8s remaining=1434
    iter=567 E=-1.6527260024 nfev=578 t=1007.5s remaining=1433
    iter=568 E=-1.6527272522 nfev=579 t=1009.3s remaining=1432
    iter=569 E=-1.6527291581 nfev=580 t=1011.0s remaining=1431
    iter=570 E=-1.6527317299 nfev=581 t=1012.7s remaining=1430
    iter=571 E=-1.6527337341 nfev=582 t=1014.4s remaining=1429
    iter=572 E=-1.6527351844 nfev=583 t=1016.2s remaining=1428
    iter=573 E=-1.6527366757 nfev=584 t=1017.9s remaining=1427
    iter=574 E=-1.6527385215 nfev=585 t=1019.6s remaining=1426
    iter=575 E=-1.6527403139 nfev=586 t=1021.3s remaining=1425
    iter=576 E=-1.6527423762 nfev=587 t=1023.0s remaining=1424
    iter=577 E=-1.6527438026 nfev=588 t=1024.7s remaining=1423
    iter=578 E=-1.6527451679 nfev=589 t=1026.5s remaining=1422
    iter=579 E=-1.6527464999 nfev=590 t=1028.3s remaining=1421
    iter=580 E=-1.6527471988 nfev=591 t=1030.1s remaining=1420
    iter=581 E=-1.6527480222 nfev=592 t=1032.0s remaining=1419
    iter=582 E=-1.6527490156 nfev=593 t=1034.4s remaining=1418
    iter=583 E=-1.6527499693 nfev=594 t=1036.7s remaining=1417
    iter=584 E=-1.6527513062 nfev=595 t=1039.0s remaining=1416
    iter=585 E=-1.6527528384 nfev=596 t=1041.2s remaining=1415
    iter=586 E=-1.6527542044 nfev=597 t=1043.4s remaining=1414
    iter=587 E=-1.6527554909 nfev=598 t=1045.1s remaining=1413
    iter=588 E=-1.6527565612 nfev=599 t=1046.8s remaining=1412
    iter=589 E=-1.6527571884 nfev=600 t=1048.6s remaining=1411
    iter=590 E=-1.6527579686 nfev=601 t=1050.3s remaining=1410
    iter=591 E=-1.6527590272 nfev=602 t=1051.9s remaining=1409
    iter=592 E=-1.6527600394 nfev=603 t=1053.6s remaining=1408
    iter=593 E=-1.6527609384 nfev=604 t=1055.4s remaining=1407
    iter=594 E=-1.6527615680 nfev=605 t=1057.6s remaining=1406
    iter=595 E=-1.6527620851 nfev=606 t=1059.7s remaining=1405
    iter=596 E=-1.6527626589 nfev=607 t=1061.5s remaining=1404
    iter=597 E=-1.6527633736 nfev=608 t=1063.2s remaining=1403
    iter=598 E=-1.6527641708 nfev=609 t=1064.9s remaining=1402
    iter=599 E=-1.6527651045 nfev=610 t=1066.6s remaining=1401
    iter=600 E=-1.6527661055 nfev=611 t=1068.4s remaining=1400
    iter=601 E=-1.6527672285 nfev=612 t=1070.1s remaining=1399
    iter=602 E=-1.6527685406 nfev=613 t=1071.9s remaining=1398
    iter=603 E=-1.6527698079 nfev=614 t=1073.7s remaining=1397
    iter=604 E=-1.6527708218 nfev=615 t=1075.4s remaining=1396
    iter=605 E=-1.6527715336 nfev=616 t=1077.1s remaining=1395
    iter=606 E=-1.6527720260 nfev=617 t=1078.8s remaining=1394
    iter=607 E=-1.6527723098 nfev=618 t=1080.5s remaining=1393
    iter=608 E=-1.6527725420 nfev=619 t=1082.2s remaining=1392
    iter=609 E=-1.6527728273 nfev=620 t=1083.9s remaining=1391
    iter=610 E=-1.6527732384 nfev=621 t=1085.6s remaining=1390
    iter=611 E=-1.6527738395 nfev=622 t=1087.4s remaining=1389
    iter=612 E=-1.6527747654 nfev=623 t=1089.1s remaining=1388
    iter=613 E=-1.6527761370 nfev=624 t=1090.8s remaining=1387
    iter=614 E=-1.6527780459 nfev=625 t=1092.4s remaining=1386
    iter=615 E=-1.6527800777 nfev=626 t=1094.1s remaining=1385
    iter=616 E=-1.6527819644 nfev=627 t=1095.8s remaining=1384
    iter=617 E=-1.6527832716 nfev=628 t=1097.4s remaining=1383
    iter=618 E=-1.6527842160 nfev=629 t=1099.1s remaining=1382
    iter=619 E=-1.6527848370 nfev=630 t=1101.0s remaining=1381
    iter=620 E=-1.6527855584 nfev=631 t=1102.9s remaining=1380
    iter=621 E=-1.6527861661 nfev=632 t=1104.7s remaining=1379
    iter=622 E=-1.6527869468 nfev=633 t=1106.4s remaining=1378
    iter=623 E=-1.6527875361 nfev=634 t=1108.2s remaining=1377
    iter=624 E=-1.6527881354 nfev=635 t=1109.9s remaining=1376
    iter=625 E=-1.6527887254 nfev=636 t=1111.6s remaining=1375
    iter=626 E=-1.6527892129 nfev=637 t=1113.3s remaining=1374
    iter=627 E=-1.6527897568 nfev=638 t=1115.0s remaining=1373
    iter=628 E=-1.6527903709 nfev=639 t=1116.8s remaining=1372
    iter=629 E=-1.6527909284 nfev=640 t=1118.6s remaining=1371
    iter=630 E=-1.6527917318 nfev=641 t=1120.3s remaining=1370
    iter=631 E=-1.6527928601 nfev=642 t=1122.0s remaining=1369
    iter=632 E=-1.6527943093 nfev=643 t=1123.8s remaining=1368
    iter=633 E=-1.6527955316 nfev=644 t=1125.5s remaining=1367
    iter=634 E=-1.6527965779 nfev=645 t=1127.3s remaining=1366
    iter=635 E=-1.6527972415 nfev=646 t=1128.9s remaining=1365
    iter=636 E=-1.6527976778 nfev=647 t=1130.6s remaining=1364
    iter=637 E=-1.6527980343 nfev=648 t=1132.3s remaining=1363
    iter=638 E=-1.6527984531 nfev=649 t=1134.2s remaining=1362
    iter=639 E=-1.6527990225 nfev=650 t=1136.0s remaining=1361
    iter=640 E=-1.6527997181 nfev=651 t=1137.8s remaining=1360
    iter=641 E=-1.6528006482 nfev=652 t=1139.6s remaining=1359
    iter=642 E=-1.6528017700 nfev=653 t=1141.2s remaining=1358
    iter=643 E=-1.6528030288 nfev=654 t=1143.0s remaining=1357
    iter=644 E=-1.6528042714 nfev=655 t=1144.7s remaining=1356
    iter=645 E=-1.6528055637 nfev=656 t=1146.4s remaining=1355
    iter=646 E=-1.6528065708 nfev=657 t=1148.0s remaining=1354
    iter=647 E=-1.6528073163 nfev=658 t=1149.7s remaining=1353
    iter=648 E=-1.6528079917 nfev=659 t=1151.3s remaining=1352
    iter=649 E=-1.6528085138 nfev=660 t=1153.0s remaining=1351
    iter=650 E=-1.6528089173 nfev=661 t=1154.7s remaining=1350
    iter=651 E=-1.6528092214 nfev=662 t=1156.4s remaining=1349
    iter=652 E=-1.6528095574 nfev=663 t=1158.3s remaining=1348
    iter=653 E=-1.6528100771 nfev=664 t=1159.9s remaining=1347
    iter=654 E=-1.6528108760 nfev=665 t=1161.5s remaining=1346
    iter=655 E=-1.6528120483 nfev=666 t=1163.2s remaining=1345
    iter=656 E=-1.6528134290 nfev=667 t=1165.0s remaining=1344
    iter=657 E=-1.6528146362 nfev=668 t=1166.8s remaining=1343
    iter=658 E=-1.6528156229 nfev=669 t=1168.4s remaining=1342
    iter=659 E=-1.6528163344 nfev=670 t=1170.2s remaining=1341
    iter=660 E=-1.6528169664 nfev=671 t=1171.9s remaining=1340
    iter=661 E=-1.6528174841 nfev=672 t=1173.5s remaining=1339
    iter=662 E=-1.6528177401 nfev=673 t=1175.3s remaining=1338
    iter=663 E=-1.6528179229 nfev=674 t=1176.9s remaining=1337
    iter=664 E=-1.6528180572 nfev=675 t=1178.6s remaining=1336
    iter=665 E=-1.6528182390 nfev=676 t=1180.4s remaining=1335
    iter=666 E=-1.6528185043 nfev=677 t=1182.0s remaining=1334
    iter=667 E=-1.6528188882 nfev=678 t=1183.7s remaining=1333
    iter=668 E=-1.6528194024 nfev=679 t=1185.3s remaining=1332
    iter=669 E=-1.6528200712 nfev=680 t=1187.0s remaining=1331
    iter=670 E=-1.6528207875 nfev=681 t=1188.6s remaining=1330
    iter=671 E=-1.6528216043 nfev=682 t=1190.4s remaining=1329
    iter=672 E=-1.6528224289 nfev=683 t=1192.1s remaining=1328
    iter=673 E=-1.6528230899 nfev=684 t=1193.8s remaining=1327
    iter=674 E=-1.6528237620 nfev=685 t=1195.5s remaining=1326
    iter=675 E=-1.6528244383 nfev=686 t=1197.3s remaining=1325
    iter=676 E=-1.6528249518 nfev=687 t=1198.9s remaining=1324
    iter=677 E=-1.6528256532 nfev=688 t=1200.7s remaining=1323
    iter=678 E=-1.6528262872 nfev=689 t=1202.3s remaining=1322
    iter=679 E=-1.6528268149 nfev=690 t=1204.0s remaining=1321
    iter=680 E=-1.6528272487 nfev=691 t=1205.7s remaining=1320
    iter=681 E=-1.6528275567 nfev=692 t=1207.3s remaining=1319
    iter=682 E=-1.6528277261 nfev=693 t=1209.0s remaining=1318
    iter=683 E=-1.6528279702 nfev=694 t=1210.7s remaining=1317
    iter=684 E=-1.6528283664 nfev=695 t=1212.4s remaining=1316
    iter=685 E=-1.6528289482 nfev=696 t=1214.0s remaining=1315
    iter=686 E=-1.6528297346 nfev=697 t=1215.6s remaining=1314
    iter=687 E=-1.6528307331 nfev=698 t=1217.3s remaining=1313
    iter=688 E=-1.6528318612 nfev=699 t=1219.0s remaining=1312
    iter=689 E=-1.6528329622 nfev=700 t=1220.6s remaining=1311
    iter=690 E=-1.6528336795 nfev=701 t=1222.3s remaining=1310
    iter=691 E=-1.6528341043 nfev=702 t=1224.1s remaining=1309
    iter=692 E=-1.6528344525 nfev=703 t=1225.9s remaining=1308
    iter=693 E=-1.6528346626 nfev=704 t=1227.7s remaining=1307
    iter=694 E=-1.6528347967 nfev=705 t=1229.5s remaining=1306
    iter=695 E=-1.6528349189 nfev=706 t=1231.3s remaining=1305
    iter=696 E=-1.6528350575 nfev=707 t=1233.2s remaining=1304
    iter=697 E=-1.6528352192 nfev=708 t=1235.0s remaining=1303
    iter=698 E=-1.6528354423 nfev=709 t=1236.8s remaining=1302
    iter=699 E=-1.6528357597 nfev=710 t=1238.6s remaining=1301
    iter=700 E=-1.6528362309 nfev=711 t=1240.4s remaining=1300
    iter=701 E=-1.6528368622 nfev=712 t=1242.1s remaining=1299
    iter=702 E=-1.6528377242 nfev=713 t=1243.9s remaining=1298
    iter=703 E=-1.6528386039 nfev=714 t=1245.7s remaining=1297
    iter=704 E=-1.6528394432 nfev=715 t=1247.4s remaining=1296
    iter=705 E=-1.6528398895 nfev=716 t=1249.2s remaining=1295
    iter=706 E=-1.6528400833 nfev=717 t=1251.1s remaining=1294
    iter=707 E=-1.6528402240 nfev=718 t=1252.9s remaining=1293
    iter=708 E=-1.6528403472 nfev=719 t=1254.7s remaining=1292
    iter=709 E=-1.6528404769 nfev=720 t=1256.7s remaining=1291
    iter=710 E=-1.6528406371 nfev=721 t=1258.7s remaining=1290
    iter=711 E=-1.6528408795 nfev=722 t=1260.4s remaining=1289
    iter=712 E=-1.6528412489 nfev=723 t=1262.0s remaining=1288
    iter=713 E=-1.6528417404 nfev=724 t=1263.7s remaining=1287
    iter=714 E=-1.6528423558 nfev=725 t=1265.4s remaining=1286
    iter=715 E=-1.6528430546 nfev=726 t=1267.0s remaining=1285
    iter=716 E=-1.6528439838 nfev=727 t=1268.7s remaining=1284
    iter=717 E=-1.6528448838 nfev=728 t=1270.4s remaining=1283
    iter=718 E=-1.6528452691 nfev=729 t=1272.1s remaining=1282
    iter=719 E=-1.6528458413 nfev=730 t=1273.7s remaining=1281
    iter=720 E=-1.6528464336 nfev=731 t=1275.4s remaining=1280
    iter=721 E=-1.6528467590 nfev=732 t=1277.0s remaining=1279
    iter=722 E=-1.6528470950 nfev=733 t=1278.7s remaining=1278
    iter=723 E=-1.6528473251 nfev=734 t=1280.4s remaining=1277
    iter=724 E=-1.6528475017 nfev=735 t=1282.1s remaining=1276
    iter=725 E=-1.6528477119 nfev=736 t=1283.8s remaining=1275
    iter=726 E=-1.6528479472 nfev=737 t=1285.6s remaining=1274
    iter=727 E=-1.6528482103 nfev=738 t=1287.4s remaining=1273
    iter=728 E=-1.6528485270 nfev=739 t=1289.2s remaining=1272
    iter=729 E=-1.6528488792 nfev=740 t=1290.9s remaining=1271
    iter=730 E=-1.6528492463 nfev=741 t=1292.7s remaining=1270
    iter=731 E=-1.6528497474 nfev=742 t=1294.5s remaining=1269
    iter=732 E=-1.6528504672 nfev=743 t=1296.2s remaining=1268
    iter=733 E=-1.6528513677 nfev=744 t=1298.0s remaining=1267
    iter=734 E=-1.6528520426 nfev=745 t=1299.7s remaining=1266
    iter=735 E=-1.6528525380 nfev=746 t=1301.5s remaining=1265
    iter=736 E=-1.6528527865 nfev=747 t=1303.2s remaining=1264
    iter=737 E=-1.6528528965 nfev=748 t=1304.8s remaining=1263
    iter=738 E=-1.6528529966 nfev=749 t=1306.5s remaining=1262
    iter=739 E=-1.6528531218 nfev=750 t=1308.1s remaining=1261
    iter=740 E=-1.6528532756 nfev=751 t=1309.9s remaining=1260
    iter=741 E=-1.6528534682 nfev=752 t=1311.6s remaining=1259
    iter=742 E=-1.6528536302 nfev=753 t=1313.3s remaining=1258
    iter=743 E=-1.6528538715 nfev=754 t=1315.0s remaining=1257
    iter=744 E=-1.6528542025 nfev=755 t=1316.6s remaining=1256
    iter=745 E=-1.6528546830 nfev=756 t=1318.2s remaining=1255
    iter=746 E=-1.6528552757 nfev=757 t=1319.8s remaining=1254
    iter=747 E=-1.6528558255 nfev=758 t=1321.5s remaining=1253
    iter=748 E=-1.6528562902 nfev=759 t=1323.1s remaining=1252
    iter=749 E=-1.6528565521 nfev=760 t=1324.8s remaining=1251
    iter=750 E=-1.6528566994 nfev=761 t=1326.4s remaining=1250
    iter=751 E=-1.6528568229 nfev=762 t=1328.1s remaining=1249
    iter=752 E=-1.6528569831 nfev=763 t=1329.7s remaining=1248
    iter=753 E=-1.6528571642 nfev=764 t=1331.4s remaining=1247
    iter=754 E=-1.6528573684 nfev=765 t=1333.0s remaining=1246
    iter=755 E=-1.6528576203 nfev=766 t=1334.7s remaining=1245
    iter=756 E=-1.6528579106 nfev=767 t=1336.3s remaining=1244
    iter=757 E=-1.6528582294 nfev=768 t=1338.0s remaining=1243
    iter=758 E=-1.6528586388 nfev=769 t=1339.7s remaining=1242
    iter=759 E=-1.6528592079 nfev=770 t=1341.4s remaining=1241
    iter=760 E=-1.6528599482 nfev=771 t=1343.0s remaining=1240
    iter=761 E=-1.6528605790 nfev=772 t=1344.7s remaining=1239
    iter=762 E=-1.6528610186 nfev=773 t=1346.3s remaining=1238
    iter=763 E=-1.6528612359 nfev=774 t=1348.0s remaining=1237
    iter=764 E=-1.6528614286 nfev=775 t=1349.7s remaining=1236
    iter=765 E=-1.6528615106 nfev=776 t=1351.3s remaining=1235
    iter=766 E=-1.6528615902 nfev=777 t=1353.0s remaining=1234
    iter=767 E=-1.6528616613 nfev=778 t=1354.7s remaining=1233
    iter=768 E=-1.6528617227 nfev=779 t=1356.6s remaining=1232
    iter=769 E=-1.6528617940 nfev=780 t=1358.3s remaining=1231
    iter=770 E=-1.6528618762 nfev=781 t=1360.0s remaining=1230
    iter=771 E=-1.6528619931 nfev=782 t=1361.8s remaining=1229
    iter=772 E=-1.6528621492 nfev=783 t=1363.5s remaining=1228
    iter=773 E=-1.6528623867 nfev=784 t=1365.2s remaining=1227
    iter=774 E=-1.6528626990 nfev=785 t=1367.0s remaining=1226
    iter=775 E=-1.6528631410 nfev=786 t=1368.7s remaining=1225
    iter=776 E=-1.6528635746 nfev=787 t=1370.4s remaining=1224
    iter=777 E=-1.6528640617 nfev=788 t=1372.0s remaining=1223
    iter=778 E=-1.6528645157 nfev=789 t=1373.7s remaining=1222
    iter=779 E=-1.6528649127 nfev=790 t=1375.5s remaining=1221
    iter=780 E=-1.6528650988 nfev=791 t=1377.1s remaining=1220
    iter=781 E=-1.6528653759 nfev=792 t=1378.8s remaining=1219
    iter=782 E=-1.6528656501 nfev=793 t=1380.4s remaining=1218
    iter=783 E=-1.6528657387 nfev=794 t=1382.2s remaining=1217
    iter=784 E=-1.6528658495 nfev=795 t=1383.9s remaining=1216
    iter=785 E=-1.6528660192 nfev=796 t=1385.7s remaining=1215
    iter=786 E=-1.6528662140 nfev=797 t=1387.4s remaining=1214
    iter=787 E=-1.6528664342 nfev=798 t=1389.1s remaining=1213
    iter=788 E=-1.6528667796 nfev=799 t=1390.8s remaining=1212
    iter=789 E=-1.6528673132 nfev=800 t=1392.5s remaining=1211
    iter=790 E=-1.6528680523 nfev=801 t=1394.2s remaining=1210
    iter=791 E=-1.6528687023 nfev=802 t=1396.0s remaining=1209
    iter=792 E=-1.6528690399 nfev=803 t=1397.7s remaining=1208
    iter=793 E=-1.6528693263 nfev=804 t=1399.4s remaining=1207
    iter=794 E=-1.6528695040 nfev=805 t=1401.2s remaining=1206
    iter=795 E=-1.6528695479 nfev=806 t=1402.8s remaining=1205
    iter=796 E=-1.6528696179 nfev=807 t=1404.5s remaining=1204
    iter=797 E=-1.6528697010 nfev=808 t=1406.2s remaining=1203
    iter=798 E=-1.6528697757 nfev=809 t=1408.1s remaining=1202
    iter=799 E=-1.6528698039 nfev=810 t=1409.8s remaining=1201
    iter=800 E=-1.6528698452 nfev=811 t=1411.6s remaining=1200
    iter=801 E=-1.6528701166 nfev=813 t=1415.0s remaining=1199
    iter=802 E=-1.6528704743 nfev=814 t=1416.8s remaining=1198
    iter=803 E=-1.6528709348 nfev=815 t=1418.5s remaining=1197
    iter=804 E=-1.6528715154 nfev=816 t=1420.3s remaining=1196
    iter=805 E=-1.6528723100 nfev=817 t=1422.1s remaining=1195
    iter=806 E=-1.6528730849 nfev=818 t=1423.8s remaining=1194
    iter=807 E=-1.6528731528 nfev=819 t=1425.6s remaining=1193
    iter=808 E=-1.6528732935 nfev=820 t=1427.4s remaining=1192
    iter=809 E=-1.6528735591 nfev=821 t=1429.2s remaining=1191
    iter=810 E=-1.6528739895 nfev=822 t=1431.0s remaining=1190
    iter=811 E=-1.6528742650 nfev=823 t=1432.8s remaining=1189
    iter=812 E=-1.6528744210 nfev=824 t=1434.5s remaining=1188
    iter=813 E=-1.6528745606 nfev=825 t=1436.3s remaining=1187
    iter=814 E=-1.6528748133 nfev=826 t=1438.1s remaining=1186
    iter=815 E=-1.6528749911 nfev=827 t=1440.0s remaining=1185
    iter=816 E=-1.6528750908 nfev=828 t=1441.7s remaining=1184
    iter=817 E=-1.6528752086 nfev=829 t=1443.6s remaining=1183
    iter=818 E=-1.6528753627 nfev=830 t=1445.2s remaining=1182
    iter=819 E=-1.6528755934 nfev=831 t=1446.9s remaining=1181
    iter=820 E=-1.6528759293 nfev=832 t=1448.6s remaining=1180
    iter=821 E=-1.6528763649 nfev=833 t=1450.2s remaining=1179
    iter=822 E=-1.6528767753 nfev=834 t=1451.8s remaining=1178
    iter=823 E=-1.6528772295 nfev=835 t=1453.4s remaining=1177
    iter=824 E=-1.6528777948 nfev=836 t=1455.1s remaining=1176
    iter=825 E=-1.6528782498 nfev=837 t=1456.8s remaining=1175
    iter=826 E=-1.6528785516 nfev=838 t=1458.6s remaining=1174
    iter=827 E=-1.6528787642 nfev=839 t=1460.2s remaining=1173
    iter=828 E=-1.6528788573 nfev=840 t=1461.9s remaining=1172
    iter=829 E=-1.6528789297 nfev=841 t=1463.5s remaining=1171
    iter=830 E=-1.6528789740 nfev=842 t=1465.1s remaining=1170
    iter=831 E=-1.6528790325 nfev=843 t=1466.6s remaining=1169
    iter=832 E=-1.6528790961 nfev=844 t=1468.3s remaining=1168
    iter=833 E=-1.6528791842 nfev=845 t=1470.0s remaining=1167
    iter=834 E=-1.6528792929 nfev=846 t=1471.7s remaining=1166
    iter=835 E=-1.6528794363 nfev=847 t=1473.2s remaining=1165
    iter=836 E=-1.6528796177 nfev=848 t=1474.8s remaining=1164
    iter=837 E=-1.6528798414 nfev=849 t=1476.4s remaining=1163
    iter=838 E=-1.6528801084 nfev=850 t=1478.2s remaining=1162
    iter=839 E=-1.6528803637 nfev=851 t=1480.1s remaining=1161
    iter=840 E=-1.6528806737 nfev=852 t=1481.8s remaining=1160
    iter=841 E=-1.6528808923 nfev=853 t=1483.4s remaining=1159
    iter=842 E=-1.6528812483 nfev=854 t=1485.1s remaining=1158
    iter=843 E=-1.6528816946 nfev=855 t=1486.8s remaining=1157
    iter=844 E=-1.6528819377 nfev=856 t=1488.5s remaining=1156
    iter=845 E=-1.6528821770 nfev=857 t=1490.2s remaining=1155
    iter=846 E=-1.6528825114 nfev=858 t=1491.9s remaining=1154
    iter=847 E=-1.6528826483 nfev=859 t=1493.6s remaining=1153
    iter=848 E=-1.6528827619 nfev=860 t=1495.5s remaining=1152
    iter=849 E=-1.6528828702 nfev=861 t=1497.3s remaining=1151
    iter=850 E=-1.6528829822 nfev=862 t=1499.0s remaining=1150
    iter=851 E=-1.6528831017 nfev=863 t=1500.7s remaining=1149
    iter=852 E=-1.6528832520 nfev=864 t=1502.4s remaining=1148
    iter=853 E=-1.6528834768 nfev=865 t=1504.0s remaining=1147
    iter=854 E=-1.6528837882 nfev=866 t=1505.7s remaining=1146
    iter=855 E=-1.6528842276 nfev=867 t=1507.3s remaining=1145
    iter=856 E=-1.6528848196 nfev=868 t=1509.0s remaining=1144
    iter=857 E=-1.6528854460 nfev=869 t=1510.7s remaining=1143
    iter=858 E=-1.6528858133 nfev=870 t=1512.3s remaining=1142
    iter=859 E=-1.6528860013 nfev=871 t=1513.9s remaining=1141
    iter=860 E=-1.6528861381 nfev=872 t=1515.6s remaining=1140
    iter=861 E=-1.6528862416 nfev=873 t=1517.3s remaining=1139
    iter=862 E=-1.6528863113 nfev=874 t=1519.0s remaining=1138
    iter=863 E=-1.6528863487 nfev=875 t=1520.7s remaining=1137
    iter=864 E=-1.6528863990 nfev=876 t=1522.4s remaining=1136
    iter=865 E=-1.6528864456 nfev=877 t=1524.2s remaining=1135
    iter=866 E=-1.6528865138 nfev=878 t=1525.9s remaining=1134
    iter=867 E=-1.6528865911 nfev=879 t=1527.6s remaining=1133
    iter=868 E=-1.6528866982 nfev=880 t=1529.3s remaining=1132
    iter=869 E=-1.6528868379 nfev=881 t=1531.0s remaining=1131
    iter=870 E=-1.6528870329 nfev=882 t=1532.7s remaining=1130
    iter=871 E=-1.6528872901 nfev=883 t=1534.5s remaining=1129
    iter=872 E=-1.6528876465 nfev=884 t=1536.2s remaining=1128
    iter=873 E=-1.6528880986 nfev=885 t=1538.0s remaining=1127
    iter=874 E=-1.6528886968 nfev=886 t=1539.8s remaining=1126
    iter=875 E=-1.6528891819 nfev=887 t=1541.4s remaining=1125
    iter=876 E=-1.6528895640 nfev=888 t=1543.0s remaining=1124
    iter=877 E=-1.6528899513 nfev=889 t=1544.7s remaining=1123
    iter=878 E=-1.6528900779 nfev=890 t=1546.3s remaining=1122
    iter=879 E=-1.6528901642 nfev=891 t=1548.0s remaining=1121
    iter=880 E=-1.6528902975 nfev=892 t=1549.7s remaining=1120
    iter=881 E=-1.6528904303 nfev=893 t=1551.4s remaining=1119
    iter=882 E=-1.6528905040 nfev=894 t=1552.9s remaining=1118
    iter=883 E=-1.6528905589 nfev=895 t=1554.7s remaining=1117
    iter=884 E=-1.6528905990 nfev=896 t=1556.3s remaining=1116
    iter=885 E=-1.6528906388 nfev=897 t=1558.0s remaining=1115
    iter=886 E=-1.6528906750 nfev=898 t=1559.6s remaining=1114
    iter=887 E=-1.6528907150 nfev=899 t=1561.4s remaining=1113
    iter=888 E=-1.6528907541 nfev=900 t=1563.0s remaining=1112
    iter=889 E=-1.6528907972 nfev=901 t=1564.8s remaining=1111
    iter=890 E=-1.6528908394 nfev=902 t=1566.6s remaining=1110
    iter=891 E=-1.6528908856 nfev=903 t=1568.3s remaining=1109
    iter=892 E=-1.6528909335 nfev=904 t=1570.0s remaining=1108
    iter=893 E=-1.6528909870 nfev=905 t=1571.7s remaining=1107
    iter=894 E=-1.6528910478 nfev=906 t=1573.4s remaining=1106
    iter=895 E=-1.6528911188 nfev=907 t=1575.1s remaining=1105
    iter=896 E=-1.6528912071 nfev=908 t=1576.8s remaining=1104
    iter=897 E=-1.6528913111 nfev=909 t=1578.4s remaining=1103
    iter=898 E=-1.6528914493 nfev=910 t=1580.1s remaining=1102
    iter=899 E=-1.6528915882 nfev=911 t=1581.9s remaining=1101
    iter=900 E=-1.6528917687 nfev=912 t=1583.6s remaining=1100
    iter=901 E=-1.6528919644 nfev=913 t=1585.2s remaining=1099
    iter=902 E=-1.6528922102 nfev=914 t=1587.0s remaining=1098
    iter=903 E=-1.6528925334 nfev=915 t=1588.9s remaining=1097
    iter=904 E=-1.6528928559 nfev=916 t=1590.6s remaining=1096
    iter=905 E=-1.6528931904 nfev=917 t=1592.3s remaining=1095
    iter=906 E=-1.6528934217 nfev=918 t=1593.9s remaining=1094
    iter=907 E=-1.6528935708 nfev=919 t=1595.5s remaining=1093
    iter=908 E=-1.6528937515 nfev=920 t=1597.1s remaining=1092
    iter=909 E=-1.6528939935 nfev=921 t=1598.7s remaining=1091
    iter=910 E=-1.6528940684 nfev=922 t=1600.5s remaining=1090
    iter=911 E=-1.6528941014 nfev=923 t=1602.1s remaining=1089
    iter=912 E=-1.6528941417 nfev=924 t=1603.8s remaining=1088
    iter=913 E=-1.6528941981 nfev=925 t=1605.5s remaining=1087
    iter=914 E=-1.6528942863 nfev=926 t=1607.2s remaining=1086
    iter=915 E=-1.6528944240 nfev=927 t=1609.1s remaining=1085
    iter=916 E=-1.6528946342 nfev=928 t=1610.8s remaining=1084
    iter=917 E=-1.6528949322 nfev=929 t=1612.4s remaining=1083
    iter=918 E=-1.6528953312 nfev=930 t=1614.1s remaining=1082
    iter=919 E=-1.6528957624 nfev=931 t=1615.7s remaining=1081
    iter=920 E=-1.6528961441 nfev=932 t=1617.5s remaining=1080
    iter=921 E=-1.6528963550 nfev=933 t=1619.1s remaining=1079
    iter=922 E=-1.6528964541 nfev=934 t=1620.8s remaining=1078
    iter=923 E=-1.6528964979 nfev=935 t=1622.8s remaining=1077
    iter=924 E=-1.6528965363 nfev=936 t=1624.5s remaining=1076
    iter=925 E=-1.6528965550 nfev=937 t=1626.1s remaining=1075
    iter=926 E=-1.6528965783 nfev=938 t=1627.8s remaining=1074
    iter=927 E=-1.6528965903 nfev=939 t=1629.5s remaining=1073
    iter=928 E=-1.6528966062 nfev=940 t=1631.2s remaining=1072
    iter=929 E=-1.6528966838 nfev=942 t=1634.5s remaining=1071
    iter=930 E=-1.6528967644 nfev=943 t=1636.2s remaining=1070
    iter=931 E=-1.6528968647 nfev=944 t=1637.8s remaining=1069
    iter=932 E=-1.6528970048 nfev=945 t=1639.5s remaining=1068
    iter=933 E=-1.6528972159 nfev=946 t=1641.1s remaining=1067
    iter=934 E=-1.6528975356 nfev=947 t=1642.7s remaining=1066
    iter=935 E=-1.6528979762 nfev=948 t=1644.4s remaining=1065
    iter=936 E=-1.6528985086 nfev=949 t=1646.0s remaining=1064
    iter=937 E=-1.6528986530 nfev=950 t=1647.6s remaining=1063
    iter=938 E=-1.6528989232 nfev=951 t=1649.3s remaining=1062
    iter=939 E=-1.6528993421 nfev=952 t=1650.9s remaining=1061
    iter=940 E=-1.6528995327 nfev=953 t=1652.6s remaining=1060
    iter=941 E=-1.6528996021 nfev=954 t=1654.2s remaining=1059
    iter=942 E=-1.6528996644 nfev=955 t=1655.8s remaining=1058
    iter=943 E=-1.6528997350 nfev=956 t=1657.4s remaining=1057
    iter=944 E=-1.6528997954 nfev=957 t=1659.1s remaining=1056
    iter=945 E=-1.6528998974 nfev=958 t=1660.8s remaining=1055
    iter=946 E=-1.6529000421 nfev=959 t=1662.5s remaining=1054
    iter=947 E=-1.6529001880 nfev=960 t=1664.2s remaining=1053
    iter=948 E=-1.6529003829 nfev=961 t=1665.8s remaining=1052
    iter=949 E=-1.6529005932 nfev=962 t=1667.4s remaining=1051
    iter=950 E=-1.6529008356 nfev=963 t=1669.1s remaining=1050
    iter=951 E=-1.6529010669 nfev=964 t=1670.7s remaining=1049
    iter=952 E=-1.6529013359 nfev=965 t=1672.5s remaining=1048
    iter=953 E=-1.6529016812 nfev=966 t=1674.1s remaining=1047
    iter=954 E=-1.6529020057 nfev=967 t=1675.8s remaining=1046
    iter=955 E=-1.6529022278 nfev=968 t=1677.5s remaining=1045
    iter=956 E=-1.6529023808 nfev=969 t=1679.2s remaining=1044
    iter=957 E=-1.6529024680 nfev=970 t=1681.0s remaining=1043
    iter=958 E=-1.6529025190 nfev=971 t=1682.7s remaining=1042
    iter=959 E=-1.6529025573 nfev=972 t=1684.3s remaining=1041
    iter=960 E=-1.6529025854 nfev=973 t=1686.1s remaining=1040
    iter=961 E=-1.6529026051 nfev=974 t=1687.8s remaining=1039
    iter=962 E=-1.6529026216 nfev=975 t=1689.4s remaining=1038
    iter=963 E=-1.6529026404 nfev=976 t=1691.1s remaining=1037
    iter=964 E=-1.6529026625 nfev=977 t=1692.8s remaining=1036
    iter=965 E=-1.6529026923 nfev=978 t=1694.7s remaining=1035
    iter=966 E=-1.6529027273 nfev=979 t=1696.5s remaining=1034
    iter=967 E=-1.6529027773 nfev=980 t=1698.1s remaining=1033
    iter=968 E=-1.6529028310 nfev=981 t=1699.8s remaining=1032
    iter=969 E=-1.6529029037 nfev=982 t=1701.4s remaining=1031
    iter=970 E=-1.6529029802 nfev=983 t=1703.0s remaining=1030
    iter=971 E=-1.6529030780 nfev=984 t=1704.7s remaining=1029
    iter=972 E=-1.6529031850 nfev=985 t=1706.3s remaining=1028
    iter=973 E=-1.6529033187 nfev=986 t=1707.9s remaining=1027
    iter=974 E=-1.6529034915 nfev=987 t=1709.7s remaining=1026
    iter=975 E=-1.6529037040 nfev=988 t=1711.4s remaining=1025
    iter=976 E=-1.6529039854 nfev=989 t=1713.0s remaining=1024
    iter=977 E=-1.6529041887 nfev=990 t=1714.6s remaining=1023
    iter=978 E=-1.6529044648 nfev=991 t=1716.3s remaining=1022
    iter=979 E=-1.6529047469 nfev=992 t=1717.9s remaining=1021
    iter=980 E=-1.6529049627 nfev=993 t=1719.5s remaining=1020
    iter=981 E=-1.6529050650 nfev=994 t=1721.2s remaining=1019
    iter=982 E=-1.6529052207 nfev=995 t=1722.9s remaining=1018
    iter=983 E=-1.6529052877 nfev=996 t=1724.5s remaining=1017
    iter=984 E=-1.6529053399 nfev=997 t=1726.3s remaining=1016
    iter=985 E=-1.6529053973 nfev=998 t=1727.9s remaining=1015
    iter=986 E=-1.6529054924 nfev=999 t=1729.7s remaining=1014
    iter=987 E=-1.6529055996 nfev=1000 t=1731.4s remaining=1013
    iter=988 E=-1.6529056826 nfev=1001 t=1733.1s remaining=1012
    iter=989 E=-1.6529058107 nfev=1002 t=1734.8s remaining=1011
    iter=990 E=-1.6529060023 nfev=1003 t=1736.5s remaining=1010
    iter=991 E=-1.6529062628 nfev=1004 t=1738.2s remaining=1009
    iter=992 E=-1.6529065985 nfev=1005 t=1739.9s remaining=1008
    iter=993 E=-1.6529069804 nfev=1006 t=1741.6s remaining=1007
    iter=994 E=-1.6529073701 nfev=1007 t=1743.3s remaining=1006
    iter=995 E=-1.6529075899 nfev=1008 t=1745.0s remaining=1005
    iter=996 E=-1.6529076898 nfev=1009 t=1746.6s remaining=1004
    iter=997 E=-1.6529077132 nfev=1010 t=1748.3s remaining=1003
    iter=998 E=-1.6529077403 nfev=1011 t=1750.1s remaining=1002
    iter=999 E=-1.6529077583 nfev=1012 t=1751.7s remaining=1001
    iter=1000 E=-1.6529077710 nfev=1013 t=1753.3s remaining=1000
    iter=1001 E=-1.6529077797 nfev=1014 t=1755.0s remaining=999
    iter=1002 E=-1.6529077884 nfev=1015 t=1756.7s remaining=998
    iter=1003 E=-1.6529078157 nfev=1017 t=1759.9s remaining=997
    iter=1004 E=-1.6529078435 nfev=1018 t=1761.5s remaining=996
    iter=1005 E=-1.6529078628 nfev=1019 t=1763.2s remaining=995
    iter=1006 E=-1.6529078867 nfev=1020 t=1764.9s remaining=994
    iter=1007 E=-1.6529079980 nfev=1022 t=1768.3s remaining=993
    iter=1008 E=-1.6529081176 nfev=1023 t=1769.9s remaining=992
    iter=1009 E=-1.6529082245 nfev=1024 t=1771.6s remaining=991
    iter=1010 E=-1.6529083695 nfev=1025 t=1773.3s remaining=990
    iter=1011 E=-1.6529085421 nfev=1026 t=1774.9s remaining=989
    iter=1012 E=-1.6529087861 nfev=1027 t=1776.7s remaining=988
    iter=1013 E=-1.6529090018 nfev=1028 t=1778.4s remaining=987
    iter=1014 E=-1.6529092274 nfev=1029 t=1780.0s remaining=986
    iter=1015 E=-1.6529094144 nfev=1030 t=1781.6s remaining=985
    iter=1016 E=-1.6529095974 nfev=1031 t=1783.3s remaining=984
    iter=1017 E=-1.6529096688 nfev=1032 t=1784.9s remaining=983
    iter=1018 E=-1.6529097486 nfev=1033 t=1786.6s remaining=982
    iter=1019 E=-1.6529098084 nfev=1034 t=1788.3s remaining=981
    iter=1020 E=-1.6529098684 nfev=1035 t=1789.9s remaining=980
    iter=1021 E=-1.6529099572 nfev=1036 t=1791.5s remaining=979
    iter=1022 E=-1.6529100499 nfev=1037 t=1793.2s remaining=978
    iter=1023 E=-1.6529101084 nfev=1038 t=1794.8s remaining=977
    iter=1024 E=-1.6529101791 nfev=1039 t=1796.4s remaining=976
    iter=1025 E=-1.6529102638 nfev=1040 t=1798.1s remaining=975
    iter=1026 E=-1.6529103457 nfev=1041 t=1799.8s remaining=974
    iter=1027 E=-1.6529104448 nfev=1042 t=1801.4s remaining=973
    iter=1028 E=-1.6529105587 nfev=1043 t=1803.1s remaining=972
    iter=1029 E=-1.6529107060 nfev=1044 t=1804.7s remaining=971
    iter=1030 E=-1.6529108806 nfev=1045 t=1806.4s remaining=970
    iter=1031 E=-1.6529110848 nfev=1046 t=1808.0s remaining=969
    iter=1032 E=-1.6529112468 nfev=1047 t=1809.7s remaining=968
    iter=1033 E=-1.6529114186 nfev=1048 t=1811.3s remaining=967
    iter=1034 E=-1.6529115858 nfev=1049 t=1813.0s remaining=966
    iter=1035 E=-1.6529117803 nfev=1050 t=1814.7s remaining=965
    iter=1036 E=-1.6529118150 nfev=1051 t=1816.5s remaining=964
    iter=1037 E=-1.6529118510 nfev=1052 t=1818.2s remaining=963
    iter=1038 E=-1.6529118776 nfev=1053 t=1819.8s remaining=962
    iter=1039 E=-1.6529118948 nfev=1054 t=1821.5s remaining=961
    iter=1040 E=-1.6529119042 nfev=1055 t=1823.2s remaining=960
    iter=1041 E=-1.6529119281 nfev=1057 t=1826.5s remaining=959
    iter=1042 E=-1.6529119452 nfev=1058 t=1828.1s remaining=958
    iter=1043 E=-1.6529119989 nfev=1060 t=1831.7s remaining=957
    iter=1044 E=-1.6529120368 nfev=1061 t=1833.5s remaining=956
    iter=1045 E=-1.6529120727 nfev=1062 t=1835.1s remaining=955
    iter=1046 E=-1.6529121072 nfev=1063 t=1836.8s remaining=954
    iter=1047 E=-1.6529121468 nfev=1064 t=1838.5s remaining=953
    iter=1048 E=-1.6529121907 nfev=1065 t=1840.2s remaining=952
    iter=1049 E=-1.6529122428 nfev=1066 t=1842.0s remaining=951
    iter=1050 E=-1.6529123040 nfev=1067 t=1843.9s remaining=950
    iter=1051 E=-1.6529123732 nfev=1068 t=1845.6s remaining=949
    iter=1052 E=-1.6529124551 nfev=1069 t=1847.2s remaining=948
    iter=1053 E=-1.6529125240 nfev=1070 t=1848.9s remaining=947
    iter=1054 E=-1.6529126039 nfev=1071 t=1850.6s remaining=946
    iter=1055 E=-1.6529126540 nfev=1072 t=1852.3s remaining=945
    iter=1056 E=-1.6529127044 nfev=1073 t=1854.0s remaining=944
    iter=1057 E=-1.6529127526 nfev=1074 t=1855.7s remaining=943
    iter=1058 E=-1.6529128107 nfev=1075 t=1857.5s remaining=942
    iter=1059 E=-1.6529128867 nfev=1076 t=1859.2s remaining=941
    iter=1060 E=-1.6529129961 nfev=1077 t=1861.0s remaining=940
    iter=1061 E=-1.6529131503 nfev=1078 t=1862.8s remaining=939
    iter=1062 E=-1.6529133387 nfev=1079 t=1864.4s remaining=938
    iter=1063 E=-1.6529134964 nfev=1080 t=1866.1s remaining=937
    iter=1064 E=-1.6529136761 nfev=1081 t=1867.8s remaining=936
    iter=1065 E=-1.6529138936 nfev=1082 t=1869.5s remaining=935
    iter=1066 E=-1.6529139444 nfev=1083 t=1871.1s remaining=934
    iter=1067 E=-1.6529139748 nfev=1084 t=1872.8s remaining=933
    iter=1068 E=-1.6529140136 nfev=1085 t=1874.4s remaining=932
    iter=1069 E=-1.6529140516 nfev=1086 t=1876.2s remaining=931
    iter=1070 E=-1.6529140840 nfev=1087 t=1877.9s remaining=930
    iter=1071 E=-1.6529141207 nfev=1088 t=1879.8s remaining=929
    iter=1072 E=-1.6529141762 nfev=1089 t=1881.5s remaining=928
    iter=1073 E=-1.6529142591 nfev=1090 t=1883.4s remaining=927
    iter=1074 E=-1.6529143822 nfev=1091 t=1885.2s remaining=926
    iter=1075 E=-1.6529145515 nfev=1092 t=1886.9s remaining=925
    iter=1076 E=-1.6529147460 nfev=1093 t=1888.6s remaining=924
    iter=1077 E=-1.6529149268 nfev=1094 t=1890.3s remaining=923
    iter=1078 E=-1.6529150435 nfev=1095 t=1892.1s remaining=922
    iter=1079 E=-1.6529151930 nfev=1096 t=1894.0s remaining=921
    iter=1080 E=-1.6529153542 nfev=1097 t=1895.7s remaining=920
    iter=1081 E=-1.6529155581 nfev=1098 t=1897.4s remaining=919
    iter=1082 E=-1.6529156768 nfev=1099 t=1899.2s remaining=918
    iter=1083 E=-1.6529157768 nfev=1100 t=1900.9s remaining=917
    iter=1084 E=-1.6529158299 nfev=1101 t=1902.7s remaining=916
    iter=1085 E=-1.6529159218 nfev=1102 t=1904.4s remaining=915
    iter=1086 E=-1.6529160500 nfev=1103 t=1906.2s remaining=914
    iter=1087 E=-1.6529161361 nfev=1104 t=1907.9s remaining=913
    iter=1088 E=-1.6529161500 nfev=1105 t=1909.6s remaining=912
    iter=1089 E=-1.6529161647 nfev=1106 t=1911.2s remaining=911
    iter=1090 E=-1.6529161858 nfev=1107 t=1912.9s remaining=910
    iter=1091 E=-1.6529162154 nfev=1108 t=1914.6s remaining=909
    iter=1092 E=-1.6529162617 nfev=1109 t=1916.2s remaining=908
    iter=1093 E=-1.6529163159 nfev=1110 t=1917.9s remaining=907
    iter=1094 E=-1.6529163843 nfev=1111 t=1919.7s remaining=906
    iter=1095 E=-1.6529164417 nfev=1112 t=1921.4s remaining=905
    iter=1096 E=-1.6529165008 nfev=1113 t=1923.0s remaining=904
    iter=1097 E=-1.6529165787 nfev=1114 t=1924.7s remaining=903
    iter=1098 E=-1.6529166891 nfev=1115 t=1926.3s remaining=902
    iter=1099 E=-1.6529168508 nfev=1116 t=1928.0s remaining=901
    iter=1100 E=-1.6529170892 nfev=1117 t=1929.7s remaining=900
    iter=1101 E=-1.6529173933 nfev=1118 t=1931.4s remaining=899
    iter=1102 E=-1.6529177442 nfev=1119 t=1933.0s remaining=898
    iter=1103 E=-1.6529177607 nfev=1120 t=1934.8s remaining=897
    iter=1104 E=-1.6529179187 nfev=1122 t=1938.1s remaining=896
    iter=1105 E=-1.6529181659 nfev=1123 t=1939.8s remaining=895
    iter=1106 E=-1.6529183669 nfev=1124 t=1941.5s remaining=894
    iter=1107 E=-1.6529184653 nfev=1125 t=1943.1s remaining=893
    iter=1108 E=-1.6529185056 nfev=1126 t=1944.9s remaining=892
    iter=1109 E=-1.6529185548 nfev=1127 t=1946.6s remaining=891
    iter=1110 E=-1.6529186056 nfev=1128 t=1948.3s remaining=890
    iter=1111 E=-1.6529186926 nfev=1129 t=1949.9s remaining=889
    iter=1112 E=-1.6529187752 nfev=1130 t=1951.5s remaining=888
    iter=1113 E=-1.6529188952 nfev=1131 t=1953.1s remaining=887
    iter=1114 E=-1.6529190664 nfev=1132 t=1954.9s remaining=886
    iter=1115 E=-1.6529192665 nfev=1133 t=1956.5s remaining=885
    iter=1116 E=-1.6529193875 nfev=1134 t=1958.1s remaining=884
    iter=1117 E=-1.6529194826 nfev=1135 t=1959.8s remaining=883
    iter=1118 E=-1.6529195899 nfev=1136 t=1961.5s remaining=882
    iter=1119 E=-1.6529197361 nfev=1137 t=1963.1s remaining=881
    iter=1120 E=-1.6529199212 nfev=1138 t=1964.8s remaining=880
    iter=1121 E=-1.6529201223 nfev=1139 t=1966.7s remaining=879
    iter=1122 E=-1.6529203343 nfev=1140 t=1968.3s remaining=878
    iter=1123 E=-1.6529205507 nfev=1141 t=1970.1s remaining=877
    iter=1124 E=-1.6529207366 nfev=1142 t=1971.8s remaining=876
    iter=1125 E=-1.6529208832 nfev=1143 t=1973.5s remaining=875
    iter=1126 E=-1.6529209528 nfev=1144 t=1975.2s remaining=874
    iter=1127 E=-1.6529210209 nfev=1145 t=1977.1s remaining=873
    iter=1128 E=-1.6529211105 nfev=1146 t=1978.9s remaining=872
    iter=1129 E=-1.6529211521 nfev=1147 t=1980.9s remaining=871
    iter=1130 E=-1.6529211720 nfev=1148 t=1982.7s remaining=870
    iter=1131 E=-1.6529211831 nfev=1149 t=1984.4s remaining=869
    iter=1132 E=-1.6529211925 nfev=1150 t=1986.2s remaining=868
    iter=1133 E=-1.6529211983 nfev=1151 t=1987.9s remaining=867
    iter=1134 E=-1.6529212172 nfev=1153 t=1991.3s remaining=866
    iter=1135 E=-1.6529212198 nfev=1154 t=1993.0s remaining=865
    iter=1136 E=-1.6529212229 nfev=1156 t=1996.6s remaining=864
    iter=1137 E=-1.6529212288 nfev=1158 t=1999.9s remaining=863
    iter=1138 E=-1.6529212306 nfev=1159 t=2001.5s remaining=862
    iter=1139 E=-1.6529212407 nfev=1161 t=2005.0s remaining=861
    iter=1140 E=-1.6529212474 nfev=1162 t=2006.9s remaining=860
    iter=1141 E=-1.6529212817 nfev=1164 t=2010.6s remaining=859
    iter=1142 E=-1.6529213089 nfev=1165 t=2012.3s remaining=858
    iter=1143 E=-1.6529213365 nfev=1166 t=2014.0s remaining=857
    iter=1144 E=-1.6529213663 nfev=1167 t=2015.6s remaining=856
    iter=1145 E=-1.6529214030 nfev=1168 t=2017.3s remaining=855
    iter=1146 E=-1.6529214497 nfev=1169 t=2019.1s remaining=854
    iter=1147 E=-1.6529215140 nfev=1170 t=2020.8s remaining=853
    iter=1148 E=-1.6529215994 nfev=1171 t=2022.5s remaining=852
    iter=1149 E=-1.6529217162 nfev=1172 t=2024.2s remaining=851
    iter=1150 E=-1.6529218573 nfev=1173 t=2025.9s remaining=850
    iter=1151 E=-1.6529220244 nfev=1174 t=2027.6s remaining=849
    iter=1152 E=-1.6529221986 nfev=1175 t=2029.2s remaining=848
    iter=1153 E=-1.6529223773 nfev=1176 t=2030.9s remaining=847
    iter=1154 E=-1.6529226278 nfev=1177 t=2032.6s remaining=846
    iter=1155 E=-1.6529228421 nfev=1178 t=2034.5s remaining=845
    iter=1156 E=-1.6529230693 nfev=1179 t=2036.3s remaining=844
    iter=1157 E=-1.6529232054 nfev=1180 t=2037.9s remaining=843
    iter=1158 E=-1.6529233021 nfev=1181 t=2039.6s remaining=842
    iter=1159 E=-1.6529233901 nfev=1182 t=2041.2s remaining=841
    iter=1160 E=-1.6529234931 nfev=1183 t=2042.9s remaining=840
    iter=1161 E=-1.6529235457 nfev=1184 t=2044.8s remaining=839
    iter=1162 E=-1.6529236513 nfev=1185 t=2046.5s remaining=838
    iter=1163 E=-1.6529237893 nfev=1186 t=2048.2s remaining=837
    iter=1164 E=-1.6529239238 nfev=1187 t=2049.9s remaining=836
    iter=1165 E=-1.6529239816 nfev=1188 t=2051.5s remaining=835
    iter=1166 E=-1.6529240443 nfev=1189 t=2053.2s remaining=834
    iter=1167 E=-1.6529240510 nfev=1190 t=2054.9s remaining=833
    iter=1168 E=-1.6529240576 nfev=1191 t=2056.6s remaining=832
    iter=1169 E=-1.6529240871 nfev=1193 t=2059.8s remaining=831
    iter=1170 E=-1.6529241159 nfev=1194 t=2061.5s remaining=830
    iter=1171 E=-1.6529241455 nfev=1195 t=2063.3s remaining=829
    iter=1172 E=-1.6529241783 nfev=1196 t=2065.1s remaining=828
    iter=1173 E=-1.6529242180 nfev=1197 t=2066.8s remaining=827
    iter=1174 E=-1.6529242675 nfev=1198 t=2068.6s remaining=826
    iter=1175 E=-1.6529243319 nfev=1199 t=2070.3s remaining=825
    iter=1176 E=-1.6529244140 nfev=1200 t=2072.0s remaining=824
    iter=1177 E=-1.6529245170 nfev=1201 t=2073.7s remaining=823
    iter=1178 E=-1.6529246352 nfev=1202 t=2075.4s remaining=822
    iter=1179 E=-1.6529247546 nfev=1203 t=2077.1s remaining=821
    iter=1180 E=-1.6529248789 nfev=1204 t=2078.8s remaining=820
    iter=1181 E=-1.6529250077 nfev=1205 t=2080.5s remaining=819
    iter=1182 E=-1.6529251958 nfev=1206 t=2082.1s remaining=818
    iter=1183 E=-1.6529253551 nfev=1207 t=2083.8s remaining=817
    iter=1184 E=-1.6529254610 nfev=1208 t=2085.5s remaining=816
    iter=1185 E=-1.6529255674 nfev=1209 t=2087.3s remaining=815
    iter=1186 E=-1.6529256193 nfev=1210 t=2089.2s remaining=814
    iter=1187 E=-1.6529256304 nfev=1211 t=2090.9s remaining=813
    iter=1188 E=-1.6529256310 nfev=1212 t=2092.6s remaining=812
    iter=1189 E=-1.6529256354 nfev=1215 t=2097.7s remaining=811
    iter=1190 E=-1.6529256454 nfev=1217 t=2101.2s remaining=810
    iter=1191 E=-1.6529256529 nfev=1218 t=2102.9s remaining=809
    iter=1192 E=-1.6529256785 nfev=1220 t=2106.2s remaining=808
    iter=1193 E=-1.6529256975 nfev=1221 t=2107.9s remaining=807
    iter=1194 E=-1.6529257158 nfev=1222 t=2109.7s remaining=806
    iter=1195 E=-1.6529257384 nfev=1223 t=2111.3s remaining=805
    iter=1196 E=-1.6529257686 nfev=1224 t=2113.0s remaining=804
    iter=1197 E=-1.6529258091 nfev=1225 t=2114.7s remaining=803
    iter=1198 E=-1.6529258669 nfev=1226 t=2116.3s remaining=802
    iter=1199 E=-1.6529259279 nfev=1227 t=2118.1s remaining=801
    iter=1200 E=-1.6529260124 nfev=1228 t=2119.7s remaining=800
    iter=1201 E=-1.6529260799 nfev=1229 t=2121.4s remaining=799
    iter=1202 E=-1.6529261578 nfev=1230 t=2123.0s remaining=798
    iter=1203 E=-1.6529262363 nfev=1231 t=2124.7s remaining=797
    iter=1204 E=-1.6529263219 nfev=1232 t=2126.3s remaining=796
    iter=1205 E=-1.6529264263 nfev=1233 t=2128.0s remaining=795
    iter=1206 E=-1.6529265335 nfev=1234 t=2129.7s remaining=794
    iter=1207 E=-1.6529266609 nfev=1235 t=2131.4s remaining=793
    iter=1208 E=-1.6529267485 nfev=1236 t=2133.1s remaining=792
    iter=1209 E=-1.6529268419 nfev=1237 t=2134.7s remaining=791
    iter=1210 E=-1.6529268938 nfev=1238 t=2136.3s remaining=790
    iter=1211 E=-1.6529269895 nfev=1239 t=2138.0s remaining=789
    iter=1212 E=-1.6529271379 nfev=1240 t=2139.6s remaining=788
    iter=1213 E=-1.6529272647 nfev=1241 t=2141.3s remaining=787
    iter=1214 E=-1.6529273499 nfev=1242 t=2143.0s remaining=786
    iter=1215 E=-1.6529274080 nfev=1243 t=2144.7s remaining=785
    iter=1216 E=-1.6529274711 nfev=1244 t=2146.5s remaining=784
    iter=1217 E=-1.6529275420 nfev=1245 t=2148.2s remaining=783
    iter=1218 E=-1.6529276505 nfev=1246 t=2149.9s remaining=782
    iter=1219 E=-1.6529277812 nfev=1247 t=2151.6s remaining=781
    iter=1220 E=-1.6529279163 nfev=1248 t=2153.2s remaining=780
    iter=1221 E=-1.6529280932 nfev=1249 t=2155.0s remaining=779
    iter=1222 E=-1.6529282409 nfev=1250 t=2156.7s remaining=778
    iter=1223 E=-1.6529283693 nfev=1251 t=2158.4s remaining=777
    iter=1224 E=-1.6529284390 nfev=1252 t=2160.0s remaining=776
    iter=1225 E=-1.6529284861 nfev=1253 t=2161.8s remaining=775
    iter=1226 E=-1.6529285344 nfev=1254 t=2163.4s remaining=774
    iter=1227 E=-1.6529285902 nfev=1255 t=2165.1s remaining=773
    iter=1228 E=-1.6529286558 nfev=1256 t=2166.8s remaining=772
    iter=1229 E=-1.6529287277 nfev=1257 t=2168.4s remaining=771
    iter=1230 E=-1.6529287920 nfev=1258 t=2170.1s remaining=770
    iter=1231 E=-1.6529288523 nfev=1259 t=2171.8s remaining=769
    iter=1232 E=-1.6529289048 nfev=1260 t=2173.5s remaining=768
    iter=1233 E=-1.6529289694 nfev=1261 t=2175.3s remaining=767
    iter=1234 E=-1.6529290403 nfev=1262 t=2177.0s remaining=766
    iter=1235 E=-1.6529291353 nfev=1263 t=2178.9s remaining=765
    iter=1236 E=-1.6529292485 nfev=1264 t=2180.6s remaining=764
    iter=1237 E=-1.6529293880 nfev=1265 t=2182.3s remaining=763
    iter=1238 E=-1.6529295187 nfev=1266 t=2184.0s remaining=762
    iter=1239 E=-1.6529296190 nfev=1267 t=2185.7s remaining=761
    iter=1240 E=-1.6529296426 nfev=1268 t=2187.4s remaining=760
    iter=1241 E=-1.6529296797 nfev=1269 t=2189.0s remaining=759
    iter=1242 E=-1.6529297354 nfev=1270 t=2190.8s remaining=758
    iter=1243 E=-1.6529298289 nfev=1271 t=2192.5s remaining=757
    iter=1244 E=-1.6529299018 nfev=1272 t=2194.2s remaining=756
    iter=1245 E=-1.6529299679 nfev=1273 t=2195.8s remaining=755
    iter=1246 E=-1.6529299811 nfev=1274 t=2197.6s remaining=754
    iter=1247 E=-1.6529299934 nfev=1275 t=2199.2s remaining=753
    iter=1248 E=-1.6529300410 nfev=1277 t=2202.4s remaining=752
    iter=1249 E=-1.6529300762 nfev=1278 t=2204.1s remaining=751
    iter=1250 E=-1.6529300945 nfev=1279 t=2205.8s remaining=750
    iter=1251 E=-1.6529301079 nfev=1280 t=2207.5s remaining=749
    iter=1252 E=-1.6529301178 nfev=1281 t=2209.3s remaining=748
    iter=1253 E=-1.6529301541 nfev=1283 t=2213.2s remaining=747
    iter=1254 E=-1.6529301701 nfev=1284 t=2214.9s remaining=746
    iter=1255 E=-1.6529301834 nfev=1285 t=2216.7s remaining=745
    iter=1256 E=-1.6529302102 nfev=1287 t=2220.2s remaining=744
    iter=1257 E=-1.6529302309 nfev=1288 t=2222.0s remaining=743
    iter=1258 E=-1.6529302437 nfev=1289 t=2223.8s remaining=742
    iter=1259 E=-1.6529302819 nfev=1291 t=2227.3s remaining=741
    iter=1260 E=-1.6529303086 nfev=1292 t=2229.0s remaining=740
    iter=1261 E=-1.6529303260 nfev=1293 t=2230.8s remaining=739
    iter=1262 E=-1.6529303804 nfev=1295 t=2234.2s remaining=738
    iter=1263 E=-1.6529304147 nfev=1296 t=2236.0s remaining=737
    iter=1264 E=-1.6529304377 nfev=1297 t=2237.7s remaining=736
    iter=1265 E=-1.6529305054 nfev=1299 t=2241.0s remaining=735
    iter=1266 E=-1.6529305354 nfev=1300 t=2242.7s remaining=734
    iter=1267 E=-1.6529305641 nfev=1301 t=2244.3s remaining=733
    iter=1268 E=-1.6529305849 nfev=1302 t=2246.0s remaining=732
    iter=1269 E=-1.6529306974 nfev=1304 t=2249.2s remaining=731
    iter=1270 E=-1.6529307675 nfev=1305 t=2250.9s remaining=730
    iter=1271 E=-1.6529308577 nfev=1306 t=2252.5s remaining=729
    iter=1272 E=-1.6529309762 nfev=1307 t=2254.3s remaining=728
    iter=1273 E=-1.6529311666 nfev=1308 t=2256.0s remaining=727
    iter=1274 E=-1.6529313738 nfev=1309 t=2257.7s remaining=726
    iter=1275 E=-1.6529315982 nfev=1310 t=2259.5s remaining=725
    iter=1276 E=-1.6529318074 nfev=1311 t=2261.2s remaining=724
    iter=1277 E=-1.6529319696 nfev=1312 t=2263.0s remaining=723
    iter=1278 E=-1.6529320671 nfev=1313 t=2264.6s remaining=722
    iter=1279 E=-1.6529320742 nfev=1314 t=2266.2s remaining=721
    iter=1280 E=-1.6529320820 nfev=1315 t=2267.9s remaining=720
    iter=1281 E=-1.6529321343 nfev=1317 t=2271.3s remaining=719
    iter=1282 E=-1.6529322112 nfev=1318 t=2273.0s remaining=718
    iter=1283 E=-1.6529322930 nfev=1319 t=2274.7s remaining=717
    iter=1284 E=-1.6529323843 nfev=1320 t=2276.4s remaining=716
    iter=1285 E=-1.6529325358 nfev=1321 t=2278.1s remaining=715
    iter=1286 E=-1.6529326863 nfev=1322 t=2279.7s remaining=714
    iter=1287 E=-1.6529327808 nfev=1323 t=2281.4s remaining=713
    iter=1288 E=-1.6529328740 nfev=1324 t=2283.0s remaining=712
    iter=1289 E=-1.6529329091 nfev=1325 t=2284.7s remaining=711
    iter=1290 E=-1.6529329443 nfev=1326 t=2286.3s remaining=710
    iter=1291 E=-1.6529329874 nfev=1327 t=2288.0s remaining=709
    iter=1292 E=-1.6529330462 nfev=1328 t=2289.7s remaining=708
    iter=1293 E=-1.6529331288 nfev=1329 t=2291.5s remaining=707
    iter=1294 E=-1.6529332353 nfev=1330 t=2293.2s remaining=706
    iter=1295 E=-1.6529333640 nfev=1331 t=2294.9s remaining=705
    iter=1296 E=-1.6529334870 nfev=1332 t=2296.6s remaining=704
    iter=1297 E=-1.6529336027 nfev=1333 t=2298.4s remaining=703
    iter=1298 E=-1.6529337149 nfev=1334 t=2300.0s remaining=702
    iter=1299 E=-1.6529338437 nfev=1335 t=2301.7s remaining=701
    iter=1300 E=-1.6529340053 nfev=1336 t=2303.4s remaining=700
    iter=1301 E=-1.6529342017 nfev=1337 t=2305.2s remaining=699
    iter=1302 E=-1.6529344358 nfev=1338 t=2306.9s remaining=698
    iter=1303 E=-1.6529346057 nfev=1339 t=2308.7s remaining=697
    iter=1304 E=-1.6529346810 nfev=1340 t=2310.4s remaining=696
    iter=1305 E=-1.6529346973 nfev=1342 t=2313.9s remaining=695
    iter=1306 E=-1.6529347251 nfev=1343 t=2315.7s remaining=694
    iter=1307 E=-1.6529347500 nfev=1344 t=2317.5s remaining=693
    iter=1308 E=-1.6529347874 nfev=1345 t=2319.2s remaining=692
    iter=1309 E=-1.6529348237 nfev=1346 t=2321.1s remaining=691
    iter=1310 E=-1.6529348452 nfev=1347 t=2322.8s remaining=690
    iter=1311 E=-1.6529348586 nfev=1348 t=2324.5s remaining=689
    iter=1312 E=-1.6529348710 nfev=1349 t=2326.2s remaining=688
    iter=1313 E=-1.6529348842 nfev=1350 t=2327.9s remaining=687
    iter=1314 E=-1.6529349363 nfev=1352 t=2331.3s remaining=686
    iter=1315 E=-1.6529349669 nfev=1353 t=2333.0s remaining=685
    iter=1316 E=-1.6529349792 nfev=1354 t=2334.7s remaining=684
    iter=1317 E=-1.6529350083 nfev=1356 t=2338.2s remaining=683
    iter=1318 E=-1.6529350220 nfev=1357 t=2339.9s remaining=682
    iter=1319 E=-1.6529350635 nfev=1359 t=2343.4s remaining=681
    iter=1320 E=-1.6529351139 nfev=1361 t=2346.8s remaining=680
    iter=1321 E=-1.6529351528 nfev=1362 t=2348.5s remaining=679
    iter=1322 E=-1.6529351965 nfev=1364 t=2351.8s remaining=678
    iter=1323 E=-1.6529352404 nfev=1365 t=2353.5s remaining=677
    iter=1324 E=-1.6529353758 nfev=1367 t=2356.9s remaining=676
    iter=1325 E=-1.6529354544 nfev=1368 t=2358.5s remaining=675
    iter=1326 E=-1.6529355452 nfev=1369 t=2360.2s remaining=674
    iter=1327 E=-1.6529355970 nfev=1370 t=2361.8s remaining=673
    iter=1328 E=-1.6529356674 nfev=1371 t=2363.5s remaining=672
    iter=1329 E=-1.6529357627 nfev=1372 t=2365.2s remaining=671
    iter=1330 E=-1.6529359058 nfev=1373 t=2366.9s remaining=670
    iter=1331 E=-1.6529361074 nfev=1374 t=2368.6s remaining=669
    iter=1332 E=-1.6529362871 nfev=1375 t=2370.4s remaining=668
    iter=1333 E=-1.6529364289 nfev=1376 t=2372.0s remaining=667
    iter=1334 E=-1.6529365734 nfev=1377 t=2373.7s remaining=666
    iter=1335 E=-1.6529368164 nfev=1378 t=2375.4s remaining=665
    iter=1336 E=-1.6529370287 nfev=1379 t=2377.2s remaining=664
    iter=1337 E=-1.6529371457 nfev=1380 t=2378.9s remaining=663
    iter=1338 E=-1.6529372565 nfev=1381 t=2380.6s remaining=662
    iter=1339 E=-1.6529373642 nfev=1382 t=2382.2s remaining=661
    iter=1340 E=-1.6529374741 nfev=1383 t=2383.9s remaining=660
    iter=1341 E=-1.6529375747 nfev=1384 t=2385.5s remaining=659
    iter=1342 E=-1.6529376810 nfev=1385 t=2387.1s remaining=658
    iter=1343 E=-1.6529377796 nfev=1386 t=2388.8s remaining=657
    iter=1344 E=-1.6529378657 nfev=1387 t=2390.5s remaining=656
    iter=1345 E=-1.6529379087 nfev=1388 t=2392.2s remaining=655
    iter=1346 E=-1.6529379393 nfev=1389 t=2394.0s remaining=654
    iter=1347 E=-1.6529379697 nfev=1390 t=2395.6s remaining=653
    iter=1348 E=-1.6529380041 nfev=1391 t=2397.3s remaining=652
    iter=1349 E=-1.6529381692 nfev=1393 t=2400.5s remaining=651
    iter=1350 E=-1.6529382678 nfev=1394 t=2402.2s remaining=650
    iter=1351 E=-1.6529383778 nfev=1395 t=2403.9s remaining=649
    iter=1352 E=-1.6529384872 nfev=1396 t=2405.5s remaining=648
    iter=1353 E=-1.6529386658 nfev=1397 t=2407.1s remaining=647
    iter=1354 E=-1.6529389280 nfev=1398 t=2408.9s remaining=646
    iter=1355 E=-1.6529392102 nfev=1399 t=2411.0s remaining=645
    iter=1356 E=-1.6529394168 nfev=1400 t=2412.6s remaining=644
    iter=1357 E=-1.6529396410 nfev=1401 t=2414.4s remaining=643
    iter=1358 E=-1.6529399537 nfev=1402 t=2416.2s remaining=642
    iter=1359 E=-1.6529401755 nfev=1403 t=2418.0s remaining=641
    iter=1360 E=-1.6529403624 nfev=1404 t=2419.9s remaining=640
    iter=1361 E=-1.6529404377 nfev=1405 t=2421.6s remaining=639
    iter=1362 E=-1.6529405186 nfev=1406 t=2423.4s remaining=638
    iter=1363 E=-1.6529406068 nfev=1407 t=2425.2s remaining=637
    iter=1364 E=-1.6529407218 nfev=1408 t=2427.1s remaining=636
    iter=1365 E=-1.6529408258 nfev=1409 t=2428.8s remaining=635
    iter=1366 E=-1.6529409301 nfev=1410 t=2430.4s remaining=634
    iter=1367 E=-1.6529409454 nfev=1412 t=2433.9s remaining=633
    iter=1368 E=-1.6529409601 nfev=1413 t=2435.5s remaining=632
    iter=1369 E=-1.6529409706 nfev=1414 t=2437.2s remaining=631
    iter=1370 E=-1.6529410119 nfev=1416 t=2440.5s remaining=630
    iter=1371 E=-1.6529410199 nfev=1417 t=2442.1s remaining=629
    iter=1372 E=-1.6529410278 nfev=1418 t=2443.8s remaining=628
    iter=1373 E=-1.6529410525 nfev=1420 t=2447.2s remaining=627
    iter=1374 E=-1.6529410743 nfev=1421 t=2448.9s remaining=626
    iter=1375 E=-1.6529410986 nfev=1422 t=2450.7s remaining=625
    iter=1376 E=-1.6529411308 nfev=1423 t=2452.4s remaining=624
    iter=1377 E=-1.6529411719 nfev=1424 t=2454.0s remaining=623
    iter=1378 E=-1.6529412326 nfev=1425 t=2455.8s remaining=622
    iter=1379 E=-1.6529413009 nfev=1426 t=2457.5s remaining=621
    iter=1380 E=-1.6529413775 nfev=1427 t=2459.2s remaining=620
    iter=1381 E=-1.6529414559 nfev=1428 t=2460.9s remaining=619
    iter=1382 E=-1.6529415392 nfev=1429 t=2462.7s remaining=618
    iter=1383 E=-1.6529416631 nfev=1430 t=2464.5s remaining=617
    iter=1384 E=-1.6529418317 nfev=1431 t=2466.2s remaining=616
    iter=1385 E=-1.6529420722 nfev=1432 t=2467.9s remaining=615
    iter=1386 E=-1.6529423209 nfev=1433 t=2469.6s remaining=614
    iter=1387 E=-1.6529425905 nfev=1434 t=2471.3s remaining=613
    iter=1388 E=-1.6529426489 nfev=1436 t=2474.7s remaining=612
    iter=1389 E=-1.6529427184 nfev=1437 t=2476.3s remaining=611
    iter=1390 E=-1.6529427899 nfev=1438 t=2478.0s remaining=610
    iter=1391 E=-1.6529428810 nfev=1439 t=2479.7s remaining=609
    iter=1392 E=-1.6529429820 nfev=1440 t=2481.4s remaining=608
    iter=1393 E=-1.6529430984 nfev=1441 t=2483.1s remaining=607
    iter=1394 E=-1.6529432079 nfev=1442 t=2484.8s remaining=606
    iter=1395 E=-1.6529432904 nfev=1443 t=2486.4s remaining=605
    iter=1396 E=-1.6529433428 nfev=1444 t=2488.1s remaining=604
    iter=1397 E=-1.6529433760 nfev=1445 t=2489.8s remaining=603
    iter=1398 E=-1.6529434186 nfev=1446 t=2491.5s remaining=602
    iter=1399 E=-1.6529434828 nfev=1447 t=2493.1s remaining=601
    iter=1400 E=-1.6529435916 nfev=1448 t=2494.9s remaining=600
    iter=1401 E=-1.6529437552 nfev=1449 t=2496.6s remaining=599
    iter=1402 E=-1.6529439599 nfev=1450 t=2498.2s remaining=598
    iter=1403 E=-1.6529440644 nfev=1451 t=2500.0s remaining=597
    iter=1404 E=-1.6529442322 nfev=1452 t=2501.8s remaining=596
    iter=1405 E=-1.6529445090 nfev=1453 t=2503.6s remaining=595
    iter=1406 E=-1.6529446467 nfev=1454 t=2505.3s remaining=594
    iter=1407 E=-1.6529448208 nfev=1455 t=2506.9s remaining=593
    iter=1408 E=-1.6529449221 nfev=1456 t=2508.6s remaining=592
    iter=1409 E=-1.6529450476 nfev=1457 t=2510.2s remaining=591
    iter=1410 E=-1.6529451899 nfev=1458 t=2511.9s remaining=590
    iter=1411 E=-1.6529454050 nfev=1459 t=2513.6s remaining=589
    iter=1412 E=-1.6529456469 nfev=1460 t=2515.2s remaining=588
    iter=1413 E=-1.6529459131 nfev=1461 t=2516.8s remaining=587
    iter=1414 E=-1.6529460967 nfev=1462 t=2518.5s remaining=586
    iter=1415 E=-1.6529462263 nfev=1463 t=2520.1s remaining=585
    iter=1416 E=-1.6529463006 nfev=1464 t=2521.8s remaining=584
    iter=1417 E=-1.6529463937 nfev=1465 t=2523.5s remaining=583
    iter=1418 E=-1.6529465100 nfev=1466 t=2525.2s remaining=582
    iter=1419 E=-1.6529466193 nfev=1467 t=2526.8s remaining=581
    iter=1420 E=-1.6529467827 nfev=1468 t=2528.5s remaining=580
    iter=1421 E=-1.6529469311 nfev=1469 t=2530.2s remaining=579
    iter=1422 E=-1.6529470305 nfev=1470 t=2531.8s remaining=578
    iter=1423 E=-1.6529471201 nfev=1471 t=2533.5s remaining=577
    iter=1424 E=-1.6529471750 nfev=1472 t=2535.2s remaining=576
    iter=1425 E=-1.6529472260 nfev=1473 t=2537.0s remaining=575
    iter=1426 E=-1.6529472749 nfev=1474 t=2538.8s remaining=574
    iter=1427 E=-1.6529473303 nfev=1475 t=2540.6s remaining=573
    iter=1428 E=-1.6529473938 nfev=1476 t=2542.4s remaining=572
    iter=1429 E=-1.6529474679 nfev=1477 t=2544.2s remaining=571
    iter=1430 E=-1.6529475550 nfev=1478 t=2546.0s remaining=570
    iter=1431 E=-1.6529476510 nfev=1479 t=2547.8s remaining=569
    iter=1432 E=-1.6529477552 nfev=1480 t=2549.6s remaining=568
    iter=1433 E=-1.6529478542 nfev=1481 t=2551.4s remaining=567
    iter=1434 E=-1.6529479413 nfev=1482 t=2553.2s remaining=566
    iter=1435 E=-1.6529480136 nfev=1483 t=2555.0s remaining=565
    iter=1436 E=-1.6529480595 nfev=1484 t=2556.7s remaining=564
    iter=1437 E=-1.6529481074 nfev=1485 t=2558.4s remaining=563
    iter=1438 E=-1.6529481432 nfev=1486 t=2560.0s remaining=562
    iter=1439 E=-1.6529481840 nfev=1487 t=2561.7s remaining=561
    iter=1440 E=-1.6529482299 nfev=1488 t=2563.4s remaining=560
    iter=1441 E=-1.6529482864 nfev=1489 t=2565.1s remaining=559
    iter=1442 E=-1.6529483538 nfev=1490 t=2566.8s remaining=558
    iter=1443 E=-1.6529484318 nfev=1491 t=2568.4s remaining=557
    iter=1444 E=-1.6529485069 nfev=1492 t=2570.2s remaining=556
    iter=1445 E=-1.6529485580 nfev=1493 t=2572.0s remaining=555
    iter=1446 E=-1.6529485850 nfev=1494 t=2573.6s remaining=554
    iter=1447 E=-1.6529486197 nfev=1495 t=2575.3s remaining=553
    iter=1448 E=-1.6529486792 nfev=1496 t=2577.0s remaining=552
    iter=1449 E=-1.6529487766 nfev=1497 t=2578.7s remaining=551
    iter=1450 E=-1.6529488581 nfev=1498 t=2580.3s remaining=550
    iter=1451 E=-1.6529489011 nfev=1499 t=2582.0s remaining=549
    iter=1452 E=-1.6529489404 nfev=1500 t=2583.6s remaining=548
    iter=1453 E=-1.6529489818 nfev=1501 t=2585.4s remaining=547
    iter=1454 E=-1.6529490314 nfev=1502 t=2587.1s remaining=546
    iter=1455 E=-1.6529490864 nfev=1503 t=2588.8s remaining=545
    iter=1456 E=-1.6529491525 nfev=1504 t=2590.5s remaining=544
    iter=1457 E=-1.6529492361 nfev=1505 t=2592.1s remaining=543
    iter=1458 E=-1.6529493312 nfev=1506 t=2593.6s remaining=542
    iter=1459 E=-1.6529494608 nfev=1507 t=2595.3s remaining=541
    iter=1460 E=-1.6529496030 nfev=1508 t=2596.9s remaining=540
    iter=1461 E=-1.6529497925 nfev=1509 t=2598.5s remaining=539
    iter=1462 E=-1.6529499858 nfev=1510 t=2600.1s remaining=538
    iter=1463 E=-1.6529502266 nfev=1511 t=2601.8s remaining=537
    iter=1464 E=-1.6529504769 nfev=1512 t=2603.4s remaining=536
    iter=1465 E=-1.6529507482 nfev=1513 t=2605.0s remaining=535
    iter=1466 E=-1.6529511081 nfev=1514 t=2606.6s remaining=534
    iter=1467 E=-1.6529512941 nfev=1515 t=2608.3s remaining=533
    iter=1468 E=-1.6529514541 nfev=1516 t=2610.0s remaining=532
    iter=1469 E=-1.6529515693 nfev=1517 t=2611.9s remaining=531
    iter=1470 E=-1.6529517364 nfev=1518 t=2613.5s remaining=530
    iter=1471 E=-1.6529518464 nfev=1519 t=2615.1s remaining=529
    iter=1472 E=-1.6529518908 nfev=1520 t=2616.7s remaining=528
    iter=1473 E=-1.6529519803 nfev=1521 t=2618.3s remaining=527
    iter=1474 E=-1.6529521486 nfev=1522 t=2620.0s remaining=526
    iter=1475 E=-1.6529523281 nfev=1523 t=2621.7s remaining=525
    iter=1476 E=-1.6529525004 nfev=1524 t=2623.3s remaining=524
    iter=1477 E=-1.6529526842 nfev=1525 t=2625.0s remaining=523
    iter=1478 E=-1.6529528727 nfev=1526 t=2626.7s remaining=522
    iter=1479 E=-1.6529530244 nfev=1527 t=2628.3s remaining=521
    iter=1480 E=-1.6529531408 nfev=1528 t=2630.0s remaining=520
    iter=1481 E=-1.6529532746 nfev=1529 t=2631.6s remaining=519
    iter=1482 E=-1.6529534053 nfev=1530 t=2633.2s remaining=518
    iter=1483 E=-1.6529535903 nfev=1531 t=2635.0s remaining=517
    iter=1484 E=-1.6529537794 nfev=1532 t=2636.7s remaining=516
    iter=1485 E=-1.6529539334 nfev=1533 t=2638.4s remaining=515
    iter=1486 E=-1.6529541011 nfev=1534 t=2640.3s remaining=514
    iter=1487 E=-1.6529542876 nfev=1535 t=2642.0s remaining=513
    iter=1488 E=-1.6529544532 nfev=1536 t=2643.6s remaining=512
    iter=1489 E=-1.6529546370 nfev=1537 t=2645.3s remaining=511
    iter=1490 E=-1.6529548536 nfev=1538 t=2646.9s remaining=510
    iter=1491 E=-1.6529550376 nfev=1539 t=2648.9s remaining=509
    iter=1492 E=-1.6529551965 nfev=1540 t=2650.8s remaining=508
    iter=1493 E=-1.6529553143 nfev=1541 t=2652.8s remaining=507
    iter=1494 E=-1.6529554780 nfev=1542 t=2654.6s remaining=506
    iter=1495 E=-1.6529556309 nfev=1543 t=2656.3s remaining=505
    iter=1496 E=-1.6529558477 nfev=1544 t=2658.0s remaining=504
    iter=1497 E=-1.6529560178 nfev=1545 t=2659.7s remaining=503
    iter=1498 E=-1.6529561573 nfev=1546 t=2661.3s remaining=502
    iter=1499 E=-1.6529562656 nfev=1547 t=2663.1s remaining=501
    iter=1500 E=-1.6529563385 nfev=1548 t=2664.9s remaining=500
    iter=1501 E=-1.6529563975 nfev=1549 t=2666.5s remaining=499
    iter=1502 E=-1.6529564559 nfev=1550 t=2668.2s remaining=498
    iter=1503 E=-1.6529565099 nfev=1551 t=2669.8s remaining=497
    iter=1504 E=-1.6529565695 nfev=1552 t=2671.5s remaining=496
    iter=1505 E=-1.6529566261 nfev=1553 t=2673.3s remaining=495
    iter=1506 E=-1.6529566903 nfev=1554 t=2675.0s remaining=494
    iter=1507 E=-1.6529567515 nfev=1555 t=2676.7s remaining=493
    iter=1508 E=-1.6529568188 nfev=1556 t=2678.3s remaining=492
    iter=1509 E=-1.6529568867 nfev=1557 t=2680.0s remaining=491
    iter=1510 E=-1.6529569561 nfev=1558 t=2681.7s remaining=490
    iter=1511 E=-1.6529570267 nfev=1559 t=2683.3s remaining=489
    iter=1512 E=-1.6529570900 nfev=1560 t=2685.0s remaining=488
    iter=1513 E=-1.6529571533 nfev=1561 t=2686.7s remaining=487
    iter=1514 E=-1.6529572070 nfev=1562 t=2688.3s remaining=486
    iter=1515 E=-1.6529572644 nfev=1563 t=2690.0s remaining=485
    iter=1516 E=-1.6529573187 nfev=1564 t=2691.7s remaining=484
    iter=1517 E=-1.6529573914 nfev=1565 t=2693.5s remaining=483
    iter=1518 E=-1.6529574428 nfev=1566 t=2695.2s remaining=482
    iter=1519 E=-1.6529575312 nfev=1567 t=2696.9s remaining=481
    iter=1520 E=-1.6529576472 nfev=1568 t=2698.8s remaining=480
    iter=1521 E=-1.6529578044 nfev=1569 t=2700.7s remaining=479
    iter=1522 E=-1.6529579272 nfev=1570 t=2702.4s remaining=478
    iter=1523 E=-1.6529580432 nfev=1571 t=2704.4s remaining=477
    iter=1524 E=-1.6529581448 nfev=1572 t=2706.1s remaining=476
    iter=1525 E=-1.6529582338 nfev=1573 t=2708.0s remaining=475
    iter=1526 E=-1.6529583337 nfev=1574 t=2709.8s remaining=474
    iter=1527 E=-1.6529584580 nfev=1575 t=2711.9s remaining=473
    iter=1528 E=-1.6529586176 nfev=1576 t=2713.7s remaining=472
    iter=1529 E=-1.6529587795 nfev=1577 t=2715.4s remaining=471
    iter=1530 E=-1.6529589499 nfev=1578 t=2717.1s remaining=470
    iter=1531 E=-1.6529591794 nfev=1579 t=2718.8s remaining=469
    iter=1532 E=-1.6529593526 nfev=1580 t=2720.5s remaining=468
    iter=1533 E=-1.6529594750 nfev=1581 t=2722.2s remaining=467
    iter=1534 E=-1.6529596116 nfev=1582 t=2723.9s remaining=466
    iter=1535 E=-1.6529597089 nfev=1583 t=2725.6s remaining=465
    iter=1536 E=-1.6529597745 nfev=1584 t=2727.4s remaining=464
    iter=1537 E=-1.6529598417 nfev=1585 t=2729.1s remaining=463
    iter=1538 E=-1.6529599359 nfev=1586 t=2730.7s remaining=462
    iter=1539 E=-1.6529600245 nfev=1587 t=2732.3s remaining=461
    iter=1540 E=-1.6529601237 nfev=1588 t=2734.3s remaining=460
    iter=1541 E=-1.6529602161 nfev=1589 t=2736.3s remaining=459
    iter=1542 E=-1.6529603275 nfev=1590 t=2737.9s remaining=458
    iter=1543 E=-1.6529604213 nfev=1591 t=2739.5s remaining=457
    iter=1544 E=-1.6529605103 nfev=1592 t=2741.1s remaining=456
    iter=1545 E=-1.6529605968 nfev=1593 t=2742.7s remaining=455
    iter=1546 E=-1.6529606683 nfev=1594 t=2744.4s remaining=454
    iter=1547 E=-1.6529607598 nfev=1595 t=2746.1s remaining=453
    iter=1548 E=-1.6529608774 nfev=1596 t=2747.8s remaining=452
    iter=1549 E=-1.6529609710 nfev=1597 t=2749.4s remaining=451
    iter=1550 E=-1.6529610878 nfev=1598 t=2751.1s remaining=450
    iter=1551 E=-1.6529612220 nfev=1599 t=2752.7s remaining=449
    iter=1552 E=-1.6529613992 nfev=1600 t=2754.4s remaining=448
    iter=1553 E=-1.6529616336 nfev=1601 t=2756.1s remaining=447
    iter=1554 E=-1.6529618993 nfev=1602 t=2757.7s remaining=446
    iter=1555 E=-1.6529621794 nfev=1603 t=2759.4s remaining=445
    iter=1556 E=-1.6529623081 nfev=1604 t=2761.0s remaining=444
    iter=1557 E=-1.6529625018 nfev=1605 t=2762.7s remaining=443
    iter=1558 E=-1.6529627079 nfev=1606 t=2764.5s remaining=442
    iter=1559 E=-1.6529628334 nfev=1607 t=2766.1s remaining=441
    iter=1560 E=-1.6529629058 nfev=1608 t=2767.8s remaining=440
    iter=1561 E=-1.6529629659 nfev=1609 t=2769.4s remaining=439
    iter=1562 E=-1.6529630284 nfev=1610 t=2771.1s remaining=438
    iter=1563 E=-1.6529630733 nfev=1611 t=2772.9s remaining=437
    iter=1564 E=-1.6529631146 nfev=1612 t=2774.6s remaining=436
    iter=1565 E=-1.6529631519 nfev=1613 t=2776.2s remaining=435
    iter=1566 E=-1.6529631973 nfev=1614 t=2777.9s remaining=434
    iter=1567 E=-1.6529632539 nfev=1615 t=2779.5s remaining=433
    iter=1568 E=-1.6529633100 nfev=1616 t=2781.2s remaining=432
    iter=1569 E=-1.6529633702 nfev=1617 t=2783.0s remaining=431
    iter=1570 E=-1.6529634423 nfev=1618 t=2784.7s remaining=430
    iter=1571 E=-1.6529635219 nfev=1619 t=2786.5s remaining=429
    iter=1572 E=-1.6529636010 nfev=1620 t=2788.3s remaining=428
    iter=1573 E=-1.6529636675 nfev=1621 t=2790.0s remaining=427
    iter=1574 E=-1.6529637073 nfev=1622 t=2791.6s remaining=426
    iter=1575 E=-1.6529637600 nfev=1623 t=2793.9s remaining=425
    iter=1576 E=-1.6529638139 nfev=1624 t=2796.3s remaining=424
    iter=1577 E=-1.6529638957 nfev=1625 t=2798.7s remaining=423
    iter=1578 E=-1.6529639862 nfev=1626 t=2801.0s remaining=422
    iter=1579 E=-1.6529641093 nfev=1627 t=2802.6s remaining=421
    iter=1580 E=-1.6529642399 nfev=1628 t=2804.2s remaining=420
    iter=1581 E=-1.6529643818 nfev=1629 t=2805.9s remaining=419
    iter=1582 E=-1.6529645348 nfev=1630 t=2807.6s remaining=418
    iter=1583 E=-1.6529646871 nfev=1631 t=2809.2s remaining=417
    iter=1584 E=-1.6529648283 nfev=1632 t=2811.4s remaining=416
    iter=1585 E=-1.6529649956 nfev=1633 t=2813.1s remaining=415
    iter=1586 E=-1.6529650934 nfev=1634 t=2814.8s remaining=414
    iter=1587 E=-1.6529652068 nfev=1635 t=2816.5s remaining=413
    iter=1588 E=-1.6529653637 nfev=1636 t=2818.2s remaining=412
    iter=1589 E=-1.6529655026 nfev=1637 t=2819.9s remaining=411
    iter=1590 E=-1.6529656040 nfev=1638 t=2821.5s remaining=410
    iter=1591 E=-1.6529657034 nfev=1639 t=2823.2s remaining=409
    iter=1592 E=-1.6529658304 nfev=1640 t=2825.0s remaining=408
    iter=1593 E=-1.6529659985 nfev=1641 t=2826.8s remaining=407
    iter=1594 E=-1.6529661182 nfev=1642 t=2828.6s remaining=406
    iter=1595 E=-1.6529662683 nfev=1643 t=2830.4s remaining=405
    iter=1596 E=-1.6529663762 nfev=1644 t=2832.0s remaining=404
    iter=1597 E=-1.6529664744 nfev=1645 t=2833.6s remaining=403
    iter=1598 E=-1.6529665554 nfev=1646 t=2835.3s remaining=402
    iter=1599 E=-1.6529666509 nfev=1647 t=2837.2s remaining=401
    iter=1600 E=-1.6529667467 nfev=1648 t=2839.4s remaining=400
    iter=1601 E=-1.6529668387 nfev=1649 t=2841.3s remaining=399
    iter=1602 E=-1.6529669865 nfev=1650 t=2843.1s remaining=398
    iter=1603 E=-1.6529671892 nfev=1651 t=2844.7s remaining=397
    iter=1604 E=-1.6529674080 nfev=1652 t=2846.6s remaining=396
    iter=1605 E=-1.6529675915 nfev=1653 t=2848.4s remaining=395
    iter=1606 E=-1.6529678090 nfev=1654 t=2850.2s remaining=394
    iter=1607 E=-1.6529680160 nfev=1655 t=2851.8s remaining=393
    iter=1608 E=-1.6529682107 nfev=1656 t=2853.4s remaining=392
    iter=1609 E=-1.6529683516 nfev=1657 t=2855.0s remaining=391
    iter=1610 E=-1.6529685047 nfev=1658 t=2856.5s remaining=390
    iter=1611 E=-1.6529686339 nfev=1659 t=2858.2s remaining=389
    iter=1612 E=-1.6529687870 nfev=1660 t=2859.8s remaining=388
    iter=1613 E=-1.6529688995 nfev=1661 t=2861.5s remaining=387
    iter=1614 E=-1.6529690366 nfev=1662 t=2863.1s remaining=386
    iter=1615 E=-1.6529691531 nfev=1663 t=2864.8s remaining=385
    iter=1616 E=-1.6529692892 nfev=1664 t=2866.4s remaining=384
    iter=1617 E=-1.6529694141 nfev=1665 t=2868.0s remaining=383
    iter=1618 E=-1.6529695306 nfev=1666 t=2869.7s remaining=382
    iter=1619 E=-1.6529696455 nfev=1667 t=2871.3s remaining=381
    iter=1620 E=-1.6529697938 nfev=1668 t=2873.0s remaining=380
    iter=1621 E=-1.6529699431 nfev=1669 t=2874.6s remaining=379
    iter=1622 E=-1.6529701358 nfev=1670 t=2876.3s remaining=378
    iter=1623 E=-1.6529702444 nfev=1671 t=2877.9s remaining=377
    iter=1624 E=-1.6529703555 nfev=1672 t=2879.5s remaining=376
    iter=1625 E=-1.6529704635 nfev=1673 t=2881.1s remaining=375
    iter=1626 E=-1.6529705492 nfev=1674 t=2882.7s remaining=374
    iter=1627 E=-1.6529706560 nfev=1675 t=2884.5s remaining=373
    iter=1628 E=-1.6529707598 nfev=1676 t=2886.4s remaining=372
    iter=1629 E=-1.6529708416 nfev=1677 t=2888.0s remaining=371
    iter=1630 E=-1.6529709112 nfev=1678 t=2889.7s remaining=370
    iter=1631 E=-1.6529709795 nfev=1679 t=2891.3s remaining=369
    iter=1632 E=-1.6529710503 nfev=1680 t=2892.9s remaining=368
    iter=1633 E=-1.6529711325 nfev=1681 t=2894.7s remaining=367
    iter=1634 E=-1.6529712248 nfev=1682 t=2896.4s remaining=366
    iter=1635 E=-1.6529713201 nfev=1683 t=2898.0s remaining=365
    iter=1636 E=-1.6529714137 nfev=1684 t=2899.7s remaining=364
    iter=1637 E=-1.6529714752 nfev=1685 t=2901.4s remaining=363
    iter=1638 E=-1.6529715460 nfev=1686 t=2903.3s remaining=362
    iter=1639 E=-1.6529716372 nfev=1687 t=2905.5s remaining=361
    iter=1640 E=-1.6529717756 nfev=1688 t=2907.8s remaining=360
    iter=1641 E=-1.6529719083 nfev=1689 t=2910.1s remaining=359
    iter=1642 E=-1.6529720913 nfev=1690 t=2911.8s remaining=358
    iter=1643 E=-1.6529722221 nfev=1691 t=2913.4s remaining=357
    iter=1644 E=-1.6529723931 nfev=1692 t=2915.1s remaining=356
    iter=1645 E=-1.6529725859 nfev=1693 t=2916.9s remaining=355
    iter=1646 E=-1.6529727915 nfev=1694 t=2918.5s remaining=354
    iter=1647 E=-1.6529729822 nfev=1695 t=2920.3s remaining=353
    iter=1648 E=-1.6529732279 nfev=1696 t=2922.0s remaining=352
    iter=1649 E=-1.6529735236 nfev=1697 t=2923.7s remaining=351
    iter=1650 E=-1.6529737931 nfev=1698 t=2925.4s remaining=350
    iter=1651 E=-1.6529740133 nfev=1699 t=2927.1s remaining=349
    iter=1652 E=-1.6529742834 nfev=1700 t=2928.8s remaining=348
    iter=1653 E=-1.6529745272 nfev=1701 t=2930.4s remaining=347
    iter=1654 E=-1.6529747841 nfev=1702 t=2932.1s remaining=346
    iter=1655 E=-1.6529749247 nfev=1703 t=2933.8s remaining=345
    iter=1656 E=-1.6529751278 nfev=1704 t=2935.5s remaining=344
    iter=1657 E=-1.6529753727 nfev=1705 t=2937.2s remaining=343
    iter=1658 E=-1.6529756271 nfev=1706 t=2938.9s remaining=342
    iter=1659 E=-1.6529758954 nfev=1707 t=2940.6s remaining=341
    iter=1660 E=-1.6529761913 nfev=1708 t=2942.4s remaining=340
    iter=1661 E=-1.6529763211 nfev=1709 t=2944.1s remaining=339
    iter=1662 E=-1.6529764771 nfev=1710 t=2945.9s remaining=338
    iter=1663 E=-1.6529766070 nfev=1711 t=2947.5s remaining=337
    iter=1664 E=-1.6529767002 nfev=1712 t=2949.3s remaining=336
    iter=1665 E=-1.6529768183 nfev=1713 t=2951.1s remaining=335
    iter=1666 E=-1.6529769588 nfev=1714 t=2952.7s remaining=334
    iter=1667 E=-1.6529771298 nfev=1715 t=2954.4s remaining=333
    iter=1668 E=-1.6529772464 nfev=1716 t=2956.1s remaining=332
    iter=1669 E=-1.6529773856 nfev=1717 t=2957.8s remaining=331
    iter=1670 E=-1.6529775465 nfev=1718 t=2959.5s remaining=330
    iter=1671 E=-1.6529777149 nfev=1719 t=2961.2s remaining=329
    iter=1672 E=-1.6529778449 nfev=1720 t=2962.8s remaining=328
    iter=1673 E=-1.6529779286 nfev=1721 t=2964.5s remaining=327
    iter=1674 E=-1.6529780599 nfev=1722 t=2966.1s remaining=326
    iter=1675 E=-1.6529782295 nfev=1723 t=2967.8s remaining=325
    iter=1676 E=-1.6529783994 nfev=1724 t=2969.5s remaining=324
    iter=1677 E=-1.6529784839 nfev=1725 t=2971.1s remaining=323
    iter=1678 E=-1.6529786069 nfev=1726 t=2972.9s remaining=322
    iter=1679 E=-1.6529787777 nfev=1727 t=2974.5s remaining=321
    iter=1680 E=-1.6529789944 nfev=1728 t=2976.1s remaining=320
    iter=1681 E=-1.6529791593 nfev=1729 t=2977.8s remaining=319
    iter=1682 E=-1.6529792771 nfev=1730 t=2979.5s remaining=318
    iter=1683 E=-1.6529794175 nfev=1731 t=2981.1s remaining=317
    iter=1684 E=-1.6529796120 nfev=1732 t=2982.8s remaining=316
    iter=1685 E=-1.6529798014 nfev=1733 t=2984.5s remaining=315
    iter=1686 E=-1.6529800278 nfev=1734 t=2986.2s remaining=314
    iter=1687 E=-1.6529801539 nfev=1735 t=2988.1s remaining=313
    iter=1688 E=-1.6529803560 nfev=1736 t=2989.7s remaining=312
    iter=1689 E=-1.6529806120 nfev=1737 t=2991.3s remaining=311
    iter=1690 E=-1.6529808714 nfev=1738 t=2993.1s remaining=310
    iter=1691 E=-1.6529810096 nfev=1739 t=2994.8s remaining=309
    iter=1692 E=-1.6529811733 nfev=1740 t=2996.4s remaining=308
    iter=1693 E=-1.6529813952 nfev=1741 t=2998.3s remaining=307
    iter=1694 E=-1.6529816285 nfev=1742 t=3000.3s remaining=306
    iter=1695 E=-1.6529817694 nfev=1743 t=3002.2s remaining=305
    iter=1696 E=-1.6529818771 nfev=1744 t=3004.5s remaining=304
    iter=1697 E=-1.6529820506 nfev=1745 t=3006.8s remaining=303
    iter=1698 E=-1.6529822736 nfev=1746 t=3009.0s remaining=302
    iter=1699 E=-1.6529824829 nfev=1747 t=3011.3s remaining=301
    iter=1700 E=-1.6529825258 nfev=1748 t=3013.7s remaining=300
    iter=1701 E=-1.6529826010 nfev=1749 t=3015.9s remaining=299
    iter=1702 E=-1.6529827195 nfev=1750 t=3018.3s remaining=298
    iter=1703 E=-1.6529829022 nfev=1751 t=3020.4s remaining=297
    iter=1704 E=-1.6529830778 nfev=1752 t=3022.3s remaining=296
    iter=1705 E=-1.6529831734 nfev=1753 t=3023.9s remaining=295
    iter=1706 E=-1.6529832852 nfev=1754 t=3025.5s remaining=294
    iter=1707 E=-1.6529833934 nfev=1755 t=3027.4s remaining=293
    iter=1708 E=-1.6529835165 nfev=1756 t=3029.6s remaining=292
    iter=1709 E=-1.6529836493 nfev=1757 t=3031.9s remaining=291
    iter=1710 E=-1.6529837467 nfev=1758 t=3034.1s remaining=290
    iter=1711 E=-1.6529838732 nfev=1759 t=3036.3s remaining=289
    iter=1712 E=-1.6529840271 nfev=1760 t=3038.5s remaining=288
    iter=1713 E=-1.6529841763 nfev=1761 t=3040.7s remaining=287
    iter=1714 E=-1.6529842912 nfev=1762 t=3042.7s remaining=286
    iter=1715 E=-1.6529844413 nfev=1763 t=3044.4s remaining=285
    iter=1716 E=-1.6529846071 nfev=1764 t=3046.0s remaining=284
    iter=1717 E=-1.6529847769 nfev=1765 t=3047.7s remaining=283
    iter=1718 E=-1.6529849859 nfev=1766 t=3049.6s remaining=282
    iter=1719 E=-1.6529852395 nfev=1767 t=3051.7s remaining=281
    iter=1720 E=-1.6529854838 nfev=1768 t=3053.4s remaining=280
    iter=1721 E=-1.6529857340 nfev=1769 t=3055.0s remaining=279
    iter=1722 E=-1.6529860084 nfev=1770 t=3056.7s remaining=278
    iter=1723 E=-1.6529862190 nfev=1771 t=3058.4s remaining=277
    iter=1724 E=-1.6529864847 nfev=1772 t=3060.1s remaining=276
    iter=1725 E=-1.6529867739 nfev=1773 t=3061.9s remaining=275
    iter=1726 E=-1.6529870832 nfev=1774 t=3063.6s remaining=274
    iter=1727 E=-1.6529873516 nfev=1775 t=3065.3s remaining=273
    iter=1728 E=-1.6529875356 nfev=1776 t=3066.9s remaining=272
    iter=1729 E=-1.6529876581 nfev=1777 t=3068.6s remaining=271
    iter=1730 E=-1.6529877926 nfev=1778 t=3070.3s remaining=270
    iter=1731 E=-1.6529879324 nfev=1779 t=3072.1s remaining=269
    iter=1732 E=-1.6529881030 nfev=1780 t=3074.0s remaining=268
    iter=1733 E=-1.6529882922 nfev=1781 t=3075.7s remaining=267
    iter=1734 E=-1.6529884564 nfev=1782 t=3077.7s remaining=266
    iter=1735 E=-1.6529886348 nfev=1783 t=3079.4s remaining=265
    iter=1736 E=-1.6529887410 nfev=1784 t=3081.1s remaining=264
    iter=1737 E=-1.6529888901 nfev=1785 t=3082.8s remaining=263
    iter=1738 E=-1.6529890819 nfev=1786 t=3084.5s remaining=262
    iter=1739 E=-1.6529893073 nfev=1787 t=3086.4s remaining=261
    iter=1740 E=-1.6529894501 nfev=1788 t=3088.1s remaining=260
    iter=1741 E=-1.6529896343 nfev=1789 t=3089.8s remaining=259
    iter=1742 E=-1.6529898410 nfev=1790 t=3091.5s remaining=258
    iter=1743 E=-1.6529901050 nfev=1791 t=3093.1s remaining=257
    iter=1744 E=-1.6529903862 nfev=1792 t=3094.8s remaining=256
    iter=1745 E=-1.6529907293 nfev=1793 t=3096.5s remaining=255
    iter=1746 E=-1.6529910684 nfev=1794 t=3098.4s remaining=254
    iter=1747 E=-1.6529913739 nfev=1795 t=3100.2s remaining=253
    iter=1748 E=-1.6529914782 nfev=1796 t=3101.9s remaining=252
    iter=1749 E=-1.6529916484 nfev=1797 t=3103.6s remaining=251
    iter=1750 E=-1.6529918386 nfev=1798 t=3105.3s remaining=250
    iter=1751 E=-1.6529919601 nfev=1799 t=3107.4s remaining=249
    iter=1752 E=-1.6529920220 nfev=1800 t=3109.7s remaining=248
    iter=1753 E=-1.6529920517 nfev=1801 t=3111.9s remaining=247
    iter=1754 E=-1.6529920781 nfev=1802 t=3114.1s remaining=246
    iter=1755 E=-1.6529921016 nfev=1803 t=3116.4s remaining=245
    iter=1756 E=-1.6529921278 nfev=1804 t=3118.6s remaining=244
    iter=1757 E=-1.6529921587 nfev=1805 t=3120.2s remaining=243
    iter=1758 E=-1.6529921940 nfev=1806 t=3121.9s remaining=242
    iter=1759 E=-1.6529922362 nfev=1807 t=3123.5s remaining=241
    iter=1760 E=-1.6529922825 nfev=1808 t=3125.2s remaining=240
    iter=1761 E=-1.6529923295 nfev=1809 t=3126.9s remaining=239
    iter=1762 E=-1.6529923775 nfev=1810 t=3128.5s remaining=238
    iter=1763 E=-1.6529924144 nfev=1811 t=3130.1s remaining=237
    iter=1764 E=-1.6529924516 nfev=1812 t=3131.7s remaining=236
    iter=1765 E=-1.6529924805 nfev=1813 t=3133.4s remaining=235
    iter=1766 E=-1.6529925128 nfev=1814 t=3135.3s remaining=234
    iter=1767 E=-1.6529925464 nfev=1815 t=3137.6s remaining=233
    iter=1768 E=-1.6529925876 nfev=1816 t=3139.9s remaining=232
    iter=1769 E=-1.6529926381 nfev=1817 t=3142.2s remaining=231
    iter=1770 E=-1.6529927015 nfev=1818 t=3144.4s remaining=230
    iter=1771 E=-1.6529927804 nfev=1819 t=3146.0s remaining=229
    iter=1772 E=-1.6529928666 nfev=1820 t=3147.7s remaining=228
    iter=1773 E=-1.6529929608 nfev=1821 t=3149.5s remaining=227
    iter=1774 E=-1.6529930227 nfev=1822 t=3151.1s remaining=226
    iter=1775 E=-1.6529931003 nfev=1823 t=3152.8s remaining=225
    iter=1776 E=-1.6529932116 nfev=1824 t=3154.5s remaining=224
    iter=1777 E=-1.6529933856 nfev=1825 t=3156.1s remaining=223
    iter=1778 E=-1.6529936525 nfev=1826 t=3157.8s remaining=222
    iter=1779 E=-1.6529939912 nfev=1827 t=3159.5s remaining=221
    iter=1780 E=-1.6529941926 nfev=1828 t=3161.2s remaining=220
    iter=1781 E=-1.6529943925 nfev=1829 t=3162.9s remaining=219
    iter=1782 E=-1.6529946321 nfev=1830 t=3164.6s remaining=218
    iter=1783 E=-1.6529949144 nfev=1831 t=3166.3s remaining=217
    iter=1784 E=-1.6529950413 nfev=1832 t=3167.9s remaining=216
    iter=1785 E=-1.6529951872 nfev=1833 t=3169.5s remaining=215
    iter=1786 E=-1.6529953102 nfev=1834 t=3171.2s remaining=214
    iter=1787 E=-1.6529954895 nfev=1835 t=3172.9s remaining=213
    iter=1788 E=-1.6529956914 nfev=1836 t=3174.6s remaining=212
    iter=1789 E=-1.6529958981 nfev=1837 t=3176.2s remaining=211
    iter=1790 E=-1.6529961194 nfev=1838 t=3177.9s remaining=210
    iter=1791 E=-1.6529963096 nfev=1839 t=3179.5s remaining=209
    iter=1792 E=-1.6529964733 nfev=1840 t=3181.1s remaining=208
    iter=1793 E=-1.6529966370 nfev=1841 t=3182.9s remaining=207
    iter=1794 E=-1.6529968300 nfev=1842 t=3184.5s remaining=206
    iter=1795 E=-1.6529969743 nfev=1843 t=3186.1s remaining=205
    iter=1796 E=-1.6529970685 nfev=1844 t=3187.9s remaining=204
    iter=1797 E=-1.6529971849 nfev=1845 t=3189.5s remaining=203
    iter=1798 E=-1.6529973222 nfev=1846 t=3191.2s remaining=202
    iter=1799 E=-1.6529974264 nfev=1847 t=3192.8s remaining=201
    iter=1800 E=-1.6529975411 nfev=1848 t=3194.6s remaining=200
    iter=1801 E=-1.6529976854 nfev=1849 t=3196.7s remaining=199
    iter=1802 E=-1.6529977659 nfev=1850 t=3198.5s remaining=198
    iter=1803 E=-1.6529978662 nfev=1851 t=3200.3s remaining=197
    iter=1804 E=-1.6529979677 nfev=1852 t=3202.1s remaining=196
    iter=1805 E=-1.6529980650 nfev=1853 t=3204.0s remaining=195
    iter=1806 E=-1.6529981387 nfev=1854 t=3205.9s remaining=194
    iter=1807 E=-1.6529982098 nfev=1855 t=3207.8s remaining=193
    iter=1808 E=-1.6529982766 nfev=1856 t=3209.5s remaining=192
    iter=1809 E=-1.6529983532 nfev=1857 t=3211.3s remaining=191
    iter=1810 E=-1.6529984432 nfev=1858 t=3213.1s remaining=190
    iter=1811 E=-1.6529985531 nfev=1859 t=3214.8s remaining=189
    iter=1812 E=-1.6529986855 nfev=1860 t=3216.5s remaining=188
    iter=1813 E=-1.6529988508 nfev=1861 t=3218.2s remaining=187
    iter=1814 E=-1.6529990461 nfev=1862 t=3219.9s remaining=186
    iter=1815 E=-1.6529992930 nfev=1863 t=3221.7s remaining=185
    iter=1816 E=-1.6529995036 nfev=1864 t=3223.4s remaining=184
    iter=1817 E=-1.6529997507 nfev=1865 t=3225.0s remaining=183
    iter=1818 E=-1.6529999001 nfev=1866 t=3226.7s remaining=182
    iter=1819 E=-1.6530000869 nfev=1867 t=3228.5s remaining=181
    iter=1820 E=-1.6530002589 nfev=1868 t=3230.2s remaining=180
    iter=1821 E=-1.6530004023 nfev=1869 t=3231.9s remaining=179
    iter=1822 E=-1.6530005235 nfev=1870 t=3233.6s remaining=178
    iter=1823 E=-1.6530006317 nfev=1871 t=3235.3s remaining=177
    iter=1824 E=-1.6530007178 nfev=1872 t=3237.0s remaining=176
    iter=1825 E=-1.6530007872 nfev=1873 t=3238.8s remaining=175
    iter=1826 E=-1.6530008501 nfev=1874 t=3240.4s remaining=174
    iter=1827 E=-1.6530009462 nfev=1875 t=3242.2s remaining=173
    iter=1828 E=-1.6530010715 nfev=1876 t=3243.8s remaining=172
    iter=1829 E=-1.6530011778 nfev=1877 t=3245.5s remaining=171
    iter=1830 E=-1.6530012685 nfev=1878 t=3247.2s remaining=170
    iter=1831 E=-1.6530013892 nfev=1879 t=3248.9s remaining=169
    iter=1832 E=-1.6530015547 nfev=1880 t=3250.5s remaining=168
    iter=1833 E=-1.6530016449 nfev=1881 t=3252.2s remaining=167
    iter=1834 E=-1.6530017490 nfev=1882 t=3253.9s remaining=166
    iter=1835 E=-1.6530018406 nfev=1883 t=3255.8s remaining=165
    iter=1836 E=-1.6530019298 nfev=1884 t=3257.7s remaining=164
    iter=1837 E=-1.6530020257 nfev=1885 t=3259.7s remaining=163
    iter=1838 E=-1.6530021572 nfev=1886 t=3261.6s remaining=162
    iter=1839 E=-1.6530023234 nfev=1887 t=3263.5s remaining=161
    iter=1840 E=-1.6530025124 nfev=1888 t=3265.5s remaining=160
    iter=1841 E=-1.6530026278 nfev=1889 t=3267.3s remaining=159
    iter=1842 E=-1.6530027717 nfev=1890 t=3269.2s remaining=158
    iter=1843 E=-1.6530028977 nfev=1891 t=3271.1s remaining=157
    iter=1844 E=-1.6530029769 nfev=1892 t=3273.0s remaining=156
    iter=1845 E=-1.6530030557 nfev=1893 t=3274.9s remaining=155
    iter=1846 E=-1.6530031610 nfev=1894 t=3276.7s remaining=154
    iter=1847 E=-1.6530032866 nfev=1895 t=3278.4s remaining=153
    iter=1848 E=-1.6530034522 nfev=1896 t=3280.1s remaining=152
    iter=1849 E=-1.6530036184 nfev=1897 t=3281.8s remaining=151
    iter=1850 E=-1.6530038263 nfev=1898 t=3283.5s remaining=150
    iter=1851 E=-1.6530040290 nfev=1899 t=3285.2s remaining=149
    iter=1852 E=-1.6530042903 nfev=1900 t=3286.8s remaining=148
    iter=1853 E=-1.6530045712 nfev=1901 t=3288.6s remaining=147
    iter=1854 E=-1.6530047856 nfev=1902 t=3290.4s remaining=146
    iter=1855 E=-1.6530049014 nfev=1903 t=3292.2s remaining=145
    iter=1856 E=-1.6530050411 nfev=1904 t=3293.9s remaining=144
    iter=1857 E=-1.6530052011 nfev=1905 t=3295.7s remaining=143
    iter=1858 E=-1.6530052766 nfev=1906 t=3297.5s remaining=142
    iter=1859 E=-1.6530053495 nfev=1907 t=3299.2s remaining=141
    iter=1860 E=-1.6530054271 nfev=1908 t=3301.0s remaining=140
    iter=1861 E=-1.6530055196 nfev=1909 t=3302.8s remaining=139
    iter=1862 E=-1.6530055725 nfev=1910 t=3304.5s remaining=138
    iter=1863 E=-1.6530056503 nfev=1911 t=3306.3s remaining=137
    iter=1864 E=-1.6530057160 nfev=1912 t=3308.0s remaining=136
    iter=1865 E=-1.6530058091 nfev=1913 t=3309.8s remaining=135
    iter=1866 E=-1.6530058962 nfev=1914 t=3311.6s remaining=134
    iter=1867 E=-1.6530059798 nfev=1915 t=3313.3s remaining=133
    iter=1868 E=-1.6530060730 nfev=1916 t=3315.1s remaining=132
    iter=1869 E=-1.6530061745 nfev=1917 t=3316.9s remaining=131
    iter=1870 E=-1.6530062926 nfev=1918 t=3318.6s remaining=130
    iter=1871 E=-1.6530064024 nfev=1919 t=3320.4s remaining=129
    iter=1872 E=-1.6530064903 nfev=1920 t=3322.2s remaining=128
    iter=1873 E=-1.6530065624 nfev=1921 t=3323.9s remaining=127
    iter=1874 E=-1.6530066578 nfev=1922 t=3325.7s remaining=126
    iter=1875 E=-1.6530067812 nfev=1923 t=3327.7s remaining=125
    iter=1876 E=-1.6530069056 nfev=1924 t=3329.4s remaining=124
    iter=1877 E=-1.6530070056 nfev=1925 t=3331.0s remaining=123
    iter=1878 E=-1.6530071292 nfev=1926 t=3332.7s remaining=122
    iter=1879 E=-1.6530072509 nfev=1927 t=3334.4s remaining=121
    iter=1880 E=-1.6530074107 nfev=1928 t=3336.1s remaining=120
    iter=1881 E=-1.6530075079 nfev=1929 t=3337.7s remaining=119
    iter=1882 E=-1.6530076133 nfev=1930 t=3339.4s remaining=118
    iter=1883 E=-1.6530077091 nfev=1931 t=3341.0s remaining=117
    iter=1884 E=-1.6530078078 nfev=1932 t=3342.6s remaining=116
    iter=1885 E=-1.6530079212 nfev=1933 t=3344.4s remaining=115
    iter=1886 E=-1.6530080411 nfev=1934 t=3346.0s remaining=114
    iter=1887 E=-1.6530081760 nfev=1935 t=3347.7s remaining=113
    iter=1888 E=-1.6530082918 nfev=1936 t=3349.3s remaining=112
    iter=1889 E=-1.6530083990 nfev=1937 t=3351.0s remaining=111
    iter=1890 E=-1.6530084786 nfev=1938 t=3352.6s remaining=110
    iter=1891 E=-1.6530085728 nfev=1939 t=3354.3s remaining=109
    iter=1892 E=-1.6530086710 nfev=1940 t=3356.0s remaining=108
    iter=1893 E=-1.6530088263 nfev=1941 t=3357.8s remaining=107
    iter=1894 E=-1.6530089402 nfev=1942 t=3359.5s remaining=106
    iter=1895 E=-1.6530090904 nfev=1943 t=3361.2s remaining=105
    iter=1896 E=-1.6530092394 nfev=1944 t=3362.9s remaining=104
    iter=1897 E=-1.6530093537 nfev=1945 t=3364.5s remaining=103
    iter=1898 E=-1.6530093894 nfev=1946 t=3366.2s remaining=102
    iter=1899 E=-1.6530094189 nfev=1947 t=3367.8s remaining=101
    iter=1900 E=-1.6530094506 nfev=1948 t=3369.6s remaining=100
    iter=1901 E=-1.6530094861 nfev=1949 t=3371.2s remaining=99
    iter=1902 E=-1.6530095221 nfev=1950 t=3372.9s remaining=98
    iter=1903 E=-1.6530095623 nfev=1951 t=3374.5s remaining=97
    iter=1904 E=-1.6530096011 nfev=1952 t=3376.3s remaining=96
    iter=1905 E=-1.6530096398 nfev=1953 t=3378.0s remaining=95
    iter=1906 E=-1.6530096757 nfev=1954 t=3379.8s remaining=94
    iter=1907 E=-1.6530097098 nfev=1955 t=3381.5s remaining=93
    iter=1908 E=-1.6530097437 nfev=1956 t=3383.1s remaining=92
    iter=1909 E=-1.6530097840 nfev=1957 t=3384.8s remaining=91
    iter=1910 E=-1.6530098306 nfev=1958 t=3386.4s remaining=90
    iter=1911 E=-1.6530098932 nfev=1959 t=3388.1s remaining=89
    iter=1912 E=-1.6530099754 nfev=1960 t=3389.7s remaining=88
    iter=1913 E=-1.6530100775 nfev=1961 t=3391.3s remaining=87
    iter=1914 E=-1.6530102082 nfev=1962 t=3393.0s remaining=86
    iter=1915 E=-1.6530103451 nfev=1963 t=3394.7s remaining=85
    iter=1916 E=-1.6530105662 nfev=1964 t=3396.3s remaining=84
    iter=1917 E=-1.6530108159 nfev=1965 t=3398.0s remaining=83
    iter=1918 E=-1.6530109167 nfev=1966 t=3399.7s remaining=82
    iter=1919 E=-1.6530109960 nfev=1967 t=3401.4s remaining=81
    iter=1920 E=-1.6530110595 nfev=1968 t=3403.0s remaining=80
    iter=1921 E=-1.6530111392 nfev=1969 t=3404.7s remaining=79
    iter=1922 E=-1.6530112101 nfev=1970 t=3406.3s remaining=78
    iter=1923 E=-1.6530113163 nfev=1971 t=3408.0s remaining=77
    iter=1924 E=-1.6530114354 nfev=1972 t=3409.7s remaining=76
    iter=1925 E=-1.6530115272 nfev=1973 t=3411.3s remaining=75
    iter=1926 E=-1.6530116146 nfev=1974 t=3413.0s remaining=74
    iter=1927 E=-1.6530117113 nfev=1975 t=3414.6s remaining=73
    iter=1928 E=-1.6530118136 nfev=1976 t=3416.2s remaining=72
    iter=1929 E=-1.6530119070 nfev=1977 t=3417.9s remaining=71
    iter=1930 E=-1.6530119939 nfev=1978 t=3419.6s remaining=70
    iter=1931 E=-1.6530120851 nfev=1979 t=3421.2s remaining=69
    iter=1932 E=-1.6530121937 nfev=1980 t=3422.9s remaining=68
    iter=1933 E=-1.6530123068 nfev=1981 t=3424.6s remaining=67
    iter=1934 E=-1.6530123819 nfev=1982 t=3426.3s remaining=66
    iter=1935 E=-1.6530124531 nfev=1983 t=3428.0s remaining=65
    iter=1936 E=-1.6530125192 nfev=1984 t=3429.7s remaining=64
    iter=1937 E=-1.6530125766 nfev=1985 t=3431.4s remaining=63
    iter=1938 E=-1.6530126277 nfev=1986 t=3433.1s remaining=62
    iter=1939 E=-1.6530126638 nfev=1987 t=3434.8s remaining=61
    iter=1940 E=-1.6530126951 nfev=1988 t=3436.5s remaining=60
    iter=1941 E=-1.6530127156 nfev=1989 t=3438.1s remaining=59
    iter=1942 E=-1.6530127351 nfev=1990 t=3439.8s remaining=58
    iter=1943 E=-1.6530127717 nfev=1992 t=3443.2s remaining=57
    iter=1944 E=-1.6530128016 nfev=1993 t=3444.9s remaining=56
    iter=1945 E=-1.6530128077 nfev=1994 t=3446.6s remaining=55
    iter=1946 E=-1.6530128288 nfev=1996 t=3450.1s remaining=54
    iter=1947 E=-1.6530128426 nfev=1997 t=3451.7s remaining=53
    iter=1948 E=-1.6530128872 nfev=1999 t=3455.0s remaining=52
    iter=1949 E=-1.6530128998 nfev=2000 t=3456.8s remaining=51
    iter=1950 E=-1.6530129097 nfev=2001 t=3458.4s remaining=50
    iter=1951 E=-1.6530129186 nfev=2003 t=3461.7s remaining=49
    iter=1952 E=-1.6530129271 nfev=2004 t=3463.3s remaining=48
    iter=1953 E=-1.6530129326 nfev=2005 t=3465.0s remaining=47
    iter=1954 E=-1.6530129537 nfev=2007 t=3468.2s remaining=46
    iter=1955 E=-1.6530129667 nfev=2008 t=3469.9s remaining=45
    iter=1956 E=-1.6530129750 nfev=2009 t=3471.5s remaining=44
    iter=1957 E=-1.6530129906 nfev=2011 t=3474.8s remaining=43
    iter=1958 E=-1.6530129975 nfev=2012 t=3476.4s remaining=42
    iter=1959 E=-1.6530130055 nfev=2014 t=3479.8s remaining=41
    iter=1960 E=-1.6530130238 nfev=2016 t=3483.4s remaining=40
    iter=1961 E=-1.6530130315 nfev=2017 t=3485.0s remaining=39
    iter=1962 E=-1.6530130648 nfev=2019 t=3488.3s remaining=38
    iter=1963 E=-1.6530130923 nfev=2020 t=3490.2s remaining=37
    iter=1964 E=-1.6530131261 nfev=2021 t=3491.9s remaining=36
    iter=1965 E=-1.6530131644 nfev=2022 t=3493.6s remaining=35
    iter=1966 E=-1.6530132193 nfev=2023 t=3495.3s remaining=34
    iter=1967 E=-1.6530132828 nfev=2024 t=3496.9s remaining=33
    iter=1968 E=-1.6530133752 nfev=2025 t=3498.6s remaining=32
    iter=1969 E=-1.6530134513 nfev=2026 t=3500.3s remaining=31
    iter=1970 E=-1.6530135483 nfev=2027 t=3501.9s remaining=30
    iter=1971 E=-1.6530136263 nfev=2028 t=3503.6s remaining=29
    iter=1972 E=-1.6530137580 nfev=2029 t=3505.4s remaining=28
    iter=1973 E=-1.6530139603 nfev=2030 t=3507.1s remaining=27
    iter=1974 E=-1.6530141390 nfev=2031 t=3508.8s remaining=26
    iter=1975 E=-1.6530141770 nfev=2032 t=3510.4s remaining=25
    iter=1976 E=-1.6530142214 nfev=2033 t=3512.2s remaining=24
    iter=1977 E=-1.6530142659 nfev=2034 t=3513.8s remaining=23
    iter=1978 E=-1.6530143126 nfev=2035 t=3515.4s remaining=22
    iter=1979 E=-1.6530143511 nfev=2036 t=3517.1s remaining=21
    iter=1980 E=-1.6530143922 nfev=2037 t=3518.9s remaining=20
    iter=1981 E=-1.6530144428 nfev=2038 t=3520.5s remaining=19
    iter=1982 E=-1.6530145123 nfev=2039 t=3522.1s remaining=18
    iter=1983 E=-1.6530146149 nfev=2040 t=3523.8s remaining=17
    iter=1984 E=-1.6530147214 nfev=2041 t=3525.4s remaining=16
    iter=1985 E=-1.6530148381 nfev=2042 t=3527.0s remaining=15
    iter=1986 E=-1.6530149632 nfev=2043 t=3528.8s remaining=14
    iter=1987 E=-1.6530150551 nfev=2044 t=3530.4s remaining=13
    iter=1988 E=-1.6530151274 nfev=2045 t=3532.1s remaining=12
    iter=1989 E=-1.6530151938 nfev=2046 t=3533.8s remaining=11
    iter=1990 E=-1.6530152284 nfev=2047 t=3535.4s remaining=10
    iter=1991 E=-1.6530152876 nfev=2048 t=3537.1s remaining=9
    iter=1992 E=-1.6530153485 nfev=2049 t=3538.8s remaining=8
    iter=1993 E=-1.6530154301 nfev=2050 t=3540.4s remaining=7
    iter=1994 E=-1.6530154678 nfev=2051 t=3542.1s remaining=6
    iter=1995 E=-1.6530155013 nfev=2052 t=3543.8s remaining=5
    iter=1996 E=-1.6530155160 nfev=2053 t=3545.5s remaining=4
    iter=1997 E=-1.6530155241 nfev=2054 t=3547.2s remaining=3
    iter=1998 E=-1.6530155306 nfev=2056 t=3550.4s remaining=2
    iter=1999 E=-1.6530155310 nfev=2058 t=3553.7s remaining=1
    iter=1999 E=-1.6530155310 nfev=2093 t=3612.5s remaining=1
    seed=0 E=-1.6530155310 dE=+1.014e-04 nit=1999 ok=False t=3612.5s
  r=0.50  L=10  npar=428   E=-1.6530155310  |E-FCI|=1.014e-04  FCI=no   chem=yes

=== summary (best seed per layer) ===
  bond   L ansatz                 npar              E     |E-FCI|  FCI? chem?
  0.50  10 (ECD+SNAP)^10 + ECD     428  -1.6530155310   1.014e-04    no   yes

wrote data/results/h4_hybrid_L10_nobs_r0050.json
