self-check ok (nfock=4, use_bs=False, worst FD rel err 0.00e+00)
per-iter log: data/results/h4_hybrid_L9_nobs_r0150_iters.jsonl
live snapshot: data/results/h4_hybrid_L9_nobs_r0150_live.json

=== build H4 JWT Hamiltonian at R=1.50 Å ===
=== r=1.50 Å   FCI(pyscf)=-1.9961503255  eig=-1.9961503255  paper_fci=-1.99615033  paper_SNAP_D20=-1.9961503324377303 ===
-- r=1.50  (ECD+SNAP)^9 + ECD   npar=386 --
    iter=1 E=-0.9662256669 nfev=2 t=3.1s remaining=1999
    iter=2 E=-1.0354060835 nfev=3 t=4.7s remaining=1998
    iter=3 E=-1.0980322574 nfev=4 t=6.2s remaining=1997
    iter=4 E=-1.1216302325 nfev=5 t=7.7s remaining=1996
    iter=5 E=-1.1595425583 nfev=6 t=9.2s remaining=1995
    iter=6 E=-1.2138570935 nfev=7 t=10.8s remaining=1994
    iter=7 E=-1.2465853490 nfev=9 t=13.9s remaining=1993
    iter=8 E=-1.2694244195 nfev=10 t=15.4s remaining=1992
    iter=9 E=-1.2934764563 nfev=11 t=17.0s remaining=1991
    iter=10 E=-1.3226527898 nfev=12 t=18.5s remaining=1990
    iter=11 E=-1.3578383105 nfev=13 t=20.0s remaining=1989
    iter=12 E=-1.4033475227 nfev=14 t=21.5s remaining=1988
    iter=13 E=-1.4255022277 nfev=16 t=24.3s remaining=1987
    iter=14 E=-1.4546319562 nfev=17 t=25.8s remaining=1986
    iter=15 E=-1.4850349342 nfev=18 t=27.2s remaining=1985
    iter=16 E=-1.5074484082 nfev=19 t=28.6s remaining=1984
    iter=17 E=-1.5351038824 nfev=20 t=30.2s remaining=1983
    iter=18 E=-1.5666552361 nfev=21 t=31.9s remaining=1982
    iter=19 E=-1.5983846869 nfev=22 t=33.5s remaining=1981
    iter=20 E=-1.6168329740 nfev=23 t=35.0s remaining=1980
    iter=21 E=-1.6385713008 nfev=24 t=36.5s remaining=1979
    iter=22 E=-1.6575699083 nfev=25 t=38.1s remaining=1978
    iter=23 E=-1.6759174918 nfev=26 t=39.6s remaining=1977
    iter=24 E=-1.6964684404 nfev=27 t=41.1s remaining=1976
    iter=25 E=-1.6991474778 nfev=28 t=42.7s remaining=1975
    iter=26 E=-1.7042135471 nfev=29 t=44.3s remaining=1974
    iter=27 E=-1.7136220392 nfev=30 t=45.8s remaining=1973
    iter=28 E=-1.7304249868 nfev=31 t=47.2s remaining=1972
    iter=29 E=-1.7554992266 nfev=32 t=48.6s remaining=1971
    iter=30 E=-1.7611958081 nfev=33 t=50.1s remaining=1970
    iter=31 E=-1.7713389820 nfev=34 t=51.5s remaining=1969
    iter=32 E=-1.7848841586 nfev=35 t=52.9s remaining=1968
    iter=33 E=-1.8049670623 nfev=36 t=54.5s remaining=1967
    iter=34 E=-1.8157298125 nfev=37 t=56.3s remaining=1966
    iter=35 E=-1.8268017132 nfev=38 t=58.1s remaining=1965
    iter=36 E=-1.8408799224 nfev=39 t=59.5s remaining=1964
    iter=37 E=-1.8583418198 nfev=40 t=60.9s remaining=1963
    iter=38 E=-1.8758996872 nfev=41 t=62.3s remaining=1962
    iter=39 E=-1.8842838993 nfev=42 t=63.7s remaining=1961
    iter=40 E=-1.8954387181 nfev=43 t=65.1s remaining=1960
    iter=41 E=-1.9052276816 nfev=44 t=66.6s remaining=1959
    iter=42 E=-1.9101168760 nfev=45 t=68.2s remaining=1958
    iter=43 E=-1.9162276137 nfev=46 t=69.7s remaining=1957
    iter=44 E=-1.9224257160 nfev=47 t=71.2s remaining=1956
    iter=45 E=-1.9243125805 nfev=48 t=72.6s remaining=1955
    iter=46 E=-1.9272301703 nfev=49 t=74.0s remaining=1954
    iter=47 E=-1.9296551223 nfev=50 t=75.5s remaining=1953
    iter=48 E=-1.9319892837 nfev=51 t=77.2s remaining=1952
    iter=49 E=-1.9330123911 nfev=53 t=80.3s remaining=1951
    iter=50 E=-1.9336799677 nfev=54 t=81.8s remaining=1950
    iter=51 E=-1.9346416881 nfev=55 t=83.5s remaining=1949
    iter=52 E=-1.9356624159 nfev=56 t=84.9s remaining=1948
    iter=53 E=-1.9367682636 nfev=57 t=86.3s remaining=1947
    iter=54 E=-1.9371109408 nfev=58 t=87.8s remaining=1946
    iter=55 E=-1.9375239168 nfev=59 t=89.3s remaining=1945
    iter=56 E=-1.9379791338 nfev=60 t=90.8s remaining=1944
    iter=57 E=-1.9382083705 nfev=61 t=92.3s remaining=1943
    iter=58 E=-1.9385502755 nfev=62 t=93.8s remaining=1942
    iter=59 E=-1.9389618476 nfev=63 t=95.3s remaining=1941
    iter=60 E=-1.9391915423 nfev=64 t=96.7s remaining=1940
    iter=61 E=-1.9394722332 nfev=65 t=98.1s remaining=1939
    iter=62 E=-1.9397871889 nfev=66 t=99.6s remaining=1938
    iter=63 E=-1.9401539543 nfev=67 t=100.9s remaining=1937
    iter=64 E=-1.9405053610 nfev=68 t=102.3s remaining=1936
    iter=65 E=-1.9409434613 nfev=69 t=103.6s remaining=1935
    iter=66 E=-1.9414296498 nfev=70 t=105.0s remaining=1934
    iter=67 E=-1.9419440349 nfev=71 t=106.5s remaining=1933
    iter=68 E=-1.9423708430 nfev=72 t=107.9s remaining=1932
    iter=69 E=-1.9429532098 nfev=73 t=109.3s remaining=1931
    iter=70 E=-1.9435590417 nfev=74 t=110.8s remaining=1930
    iter=71 E=-1.9439670480 nfev=75 t=112.2s remaining=1929
    iter=72 E=-1.9444159595 nfev=76 t=113.8s remaining=1928
    iter=73 E=-1.9449283460 nfev=77 t=115.3s remaining=1927
    iter=74 E=-1.9454591163 nfev=78 t=116.7s remaining=1926
    iter=75 E=-1.9460764045 nfev=79 t=118.2s remaining=1925
    iter=76 E=-1.9467455637 nfev=80 t=119.6s remaining=1924
    iter=77 E=-1.9473212398 nfev=81 t=121.0s remaining=1923
    iter=78 E=-1.9478581494 nfev=82 t=122.4s remaining=1922
    iter=79 E=-1.9485185550 nfev=83 t=124.1s remaining=1921
    iter=80 E=-1.9490830309 nfev=84 t=125.6s remaining=1920
    iter=81 E=-1.9495685650 nfev=85 t=127.0s remaining=1919
    iter=82 E=-1.9501989626 nfev=86 t=128.4s remaining=1918
    iter=83 E=-1.9508737146 nfev=87 t=130.0s remaining=1917
    iter=84 E=-1.9516219234 nfev=88 t=131.5s remaining=1916
    iter=85 E=-1.9522078987 nfev=89 t=132.9s remaining=1915
    iter=86 E=-1.9527403774 nfev=90 t=134.4s remaining=1914
    iter=87 E=-1.9533759619 nfev=91 t=136.0s remaining=1913
    iter=88 E=-1.9542204530 nfev=92 t=137.6s remaining=1912
    iter=89 E=-1.9550469505 nfev=93 t=139.0s remaining=1911
    iter=90 E=-1.9557472349 nfev=94 t=140.5s remaining=1910
    iter=91 E=-1.9566780987 nfev=95 t=141.9s remaining=1909
    iter=92 E=-1.9574399034 nfev=96 t=143.4s remaining=1908
    iter=93 E=-1.9580777895 nfev=97 t=144.8s remaining=1907
    iter=94 E=-1.9586986532 nfev=98 t=146.4s remaining=1906
    iter=95 E=-1.9595050917 nfev=99 t=147.9s remaining=1905
    iter=96 E=-1.9601378324 nfev=100 t=149.5s remaining=1904
    iter=97 E=-1.9606815913 nfev=101 t=151.1s remaining=1903
    iter=98 E=-1.9613532731 nfev=102 t=152.7s remaining=1902
    iter=99 E=-1.9620143730 nfev=103 t=154.3s remaining=1901
    iter=100 E=-1.9626041521 nfev=104 t=155.9s remaining=1900
    iter=101 E=-1.9632407751 nfev=105 t=157.5s remaining=1899
    iter=102 E=-1.9638374732 nfev=106 t=159.0s remaining=1898
    iter=103 E=-1.9644101838 nfev=107 t=160.4s remaining=1897
    iter=104 E=-1.9649898389 nfev=108 t=161.8s remaining=1896
    iter=105 E=-1.9656732843 nfev=109 t=163.3s remaining=1895
    iter=106 E=-1.9662863167 nfev=110 t=164.7s remaining=1894
    iter=107 E=-1.9668687123 nfev=111 t=166.1s remaining=1893
    iter=108 E=-1.9674260069 nfev=112 t=167.5s remaining=1892
    iter=109 E=-1.9679366155 nfev=113 t=168.9s remaining=1891
    iter=110 E=-1.9684767992 nfev=114 t=170.4s remaining=1890
    iter=111 E=-1.9689522323 nfev=115 t=171.8s remaining=1889
    iter=112 E=-1.9692919098 nfev=116 t=173.2s remaining=1888
    iter=113 E=-1.9695968076 nfev=117 t=174.7s remaining=1887
    iter=114 E=-1.9699152194 nfev=118 t=176.1s remaining=1886
    iter=115 E=-1.9702801752 nfev=119 t=177.5s remaining=1885
    iter=116 E=-1.9706083869 nfev=120 t=178.9s remaining=1884
    iter=117 E=-1.9708446162 nfev=121 t=180.4s remaining=1883
    iter=118 E=-1.9710888870 nfev=122 t=181.8s remaining=1882
    iter=119 E=-1.9713894821 nfev=123 t=183.2s remaining=1881
    iter=120 E=-1.9715761357 nfev=124 t=184.6s remaining=1880
    iter=121 E=-1.9717523741 nfev=125 t=186.1s remaining=1879
    iter=122 E=-1.9719612209 nfev=126 t=187.5s remaining=1878
    iter=123 E=-1.9722154183 nfev=127 t=188.9s remaining=1877
    iter=124 E=-1.9724821091 nfev=128 t=190.3s remaining=1876
    iter=125 E=-1.9727182414 nfev=129 t=191.7s remaining=1875
    iter=126 E=-1.9729366344 nfev=130 t=193.1s remaining=1874
    iter=127 E=-1.9731742716 nfev=131 t=194.6s remaining=1873
    iter=128 E=-1.9734559958 nfev=132 t=196.0s remaining=1872
    iter=129 E=-1.9737221118 nfev=133 t=197.4s remaining=1871
    iter=130 E=-1.9739484185 nfev=134 t=198.8s remaining=1870
    iter=131 E=-1.9741776168 nfev=135 t=200.2s remaining=1869
    iter=132 E=-1.9743805061 nfev=136 t=201.6s remaining=1868
    iter=133 E=-1.9745667001 nfev=137 t=203.1s remaining=1867
    iter=134 E=-1.9747408964 nfev=138 t=204.5s remaining=1866
    iter=135 E=-1.9749395442 nfev=139 t=205.9s remaining=1865
    iter=136 E=-1.9751109779 nfev=140 t=207.3s remaining=1864
    iter=137 E=-1.9752636451 nfev=141 t=208.7s remaining=1863
    iter=138 E=-1.9754278156 nfev=142 t=210.1s remaining=1862
    iter=139 E=-1.9755870614 nfev=143 t=211.6s remaining=1861
    iter=140 E=-1.9757441879 nfev=144 t=213.0s remaining=1860
    iter=141 E=-1.9759098171 nfev=145 t=214.5s remaining=1859
    iter=142 E=-1.9760789227 nfev=146 t=216.0s remaining=1858
    iter=143 E=-1.9762217801 nfev=147 t=217.5s remaining=1857
    iter=144 E=-1.9763356429 nfev=148 t=219.2s remaining=1856
    iter=145 E=-1.9764424693 nfev=149 t=220.7s remaining=1855
    iter=146 E=-1.9765140296 nfev=150 t=222.1s remaining=1854
    iter=147 E=-1.9765718864 nfev=151 t=223.6s remaining=1853
    iter=148 E=-1.9766497822 nfev=152 t=225.1s remaining=1852
    iter=149 E=-1.9767327608 nfev=153 t=226.5s remaining=1851
    iter=150 E=-1.9768009233 nfev=154 t=227.9s remaining=1850
    iter=151 E=-1.9768715514 nfev=155 t=229.3s remaining=1849
    iter=152 E=-1.9769487221 nfev=156 t=230.7s remaining=1848
    iter=153 E=-1.9770111384 nfev=157 t=232.1s remaining=1847
    iter=154 E=-1.9770922234 nfev=158 t=233.5s remaining=1846
    iter=155 E=-1.9771727640 nfev=159 t=235.0s remaining=1845
    iter=156 E=-1.9772434874 nfev=160 t=236.3s remaining=1844
    iter=157 E=-1.9773112547 nfev=161 t=237.8s remaining=1843
    iter=158 E=-1.9773701954 nfev=162 t=239.1s remaining=1842
    iter=159 E=-1.9774254310 nfev=163 t=240.6s remaining=1841
    iter=160 E=-1.9774838029 nfev=164 t=242.0s remaining=1840
    iter=161 E=-1.9775477139 nfev=165 t=243.4s remaining=1839
    iter=162 E=-1.9776057956 nfev=166 t=244.9s remaining=1838
    iter=163 E=-1.9776625863 nfev=167 t=246.4s remaining=1837
    iter=164 E=-1.9777310319 nfev=168 t=248.0s remaining=1836
    iter=165 E=-1.9777948591 nfev=169 t=249.5s remaining=1835
    iter=166 E=-1.9778551610 nfev=170 t=250.9s remaining=1834
    iter=167 E=-1.9779209740 nfev=171 t=252.8s remaining=1833
    iter=168 E=-1.9779890193 nfev=172 t=254.4s remaining=1832
    iter=169 E=-1.9780427647 nfev=173 t=255.9s remaining=1831
    iter=170 E=-1.9780916389 nfev=174 t=257.4s remaining=1830
    iter=171 E=-1.9781405534 nfev=175 t=259.0s remaining=1829
    iter=172 E=-1.9781798652 nfev=176 t=260.6s remaining=1828
    iter=173 E=-1.9782252678 nfev=177 t=262.1s remaining=1827
    iter=174 E=-1.9782675653 nfev=178 t=263.6s remaining=1826
    iter=175 E=-1.9783164360 nfev=179 t=265.1s remaining=1825
    iter=176 E=-1.9783682775 nfev=180 t=266.5s remaining=1824
    iter=177 E=-1.9784226250 nfev=181 t=268.0s remaining=1823
    iter=178 E=-1.9784819145 nfev=182 t=269.5s remaining=1822
    iter=179 E=-1.9785396841 nfev=183 t=271.0s remaining=1821
    iter=180 E=-1.9785817810 nfev=184 t=272.6s remaining=1820
    iter=181 E=-1.9786294950 nfev=185 t=274.1s remaining=1819
    iter=182 E=-1.9786748573 nfev=186 t=275.7s remaining=1818
    iter=183 E=-1.9787270050 nfev=187 t=277.2s remaining=1817
    iter=184 E=-1.9787836171 nfev=188 t=278.6s remaining=1816
    iter=185 E=-1.9788441662 nfev=189 t=280.2s remaining=1815
    iter=186 E=-1.9789070526 nfev=190 t=281.8s remaining=1814
    iter=187 E=-1.9789718651 nfev=191 t=283.1s remaining=1813
    iter=188 E=-1.9790458474 nfev=192 t=284.5s remaining=1812
    iter=189 E=-1.9791303587 nfev=193 t=285.9s remaining=1811
    iter=190 E=-1.9792232599 nfev=194 t=287.3s remaining=1810
    iter=191 E=-1.9793198785 nfev=195 t=288.8s remaining=1809
    iter=192 E=-1.9793924994 nfev=196 t=290.2s remaining=1808
    iter=193 E=-1.9794945222 nfev=197 t=291.6s remaining=1807
    iter=194 E=-1.9796195795 nfev=198 t=293.1s remaining=1806
    iter=195 E=-1.9797077805 nfev=199 t=294.6s remaining=1805
    iter=196 E=-1.9797910368 nfev=200 t=296.0s remaining=1804
    iter=197 E=-1.9798746075 nfev=201 t=297.4s remaining=1803
    iter=198 E=-1.9799418069 nfev=202 t=298.9s remaining=1802
    iter=199 E=-1.9800133092 nfev=203 t=300.3s remaining=1801
    iter=200 E=-1.9800910007 nfev=204 t=301.8s remaining=1800
    iter=201 E=-1.9801722140 nfev=205 t=303.3s remaining=1799
    iter=202 E=-1.9802773189 nfev=206 t=304.8s remaining=1798
    iter=203 E=-1.9803609303 nfev=207 t=306.2s remaining=1797
    iter=204 E=-1.9804561926 nfev=208 t=307.6s remaining=1796
    iter=205 E=-1.9805734356 nfev=209 t=309.1s remaining=1795
    iter=206 E=-1.9806720560 nfev=210 t=310.5s remaining=1794
    iter=207 E=-1.9807459003 nfev=211 t=312.0s remaining=1793
    iter=208 E=-1.9808317922 nfev=212 t=313.5s remaining=1792
    iter=209 E=-1.9809412016 nfev=213 t=315.0s remaining=1791
    iter=210 E=-1.9810419935 nfev=214 t=316.4s remaining=1790
    iter=211 E=-1.9811514219 nfev=215 t=318.0s remaining=1789
    iter=212 E=-1.9812767330 nfev=216 t=319.4s remaining=1788
    iter=213 E=-1.9814007626 nfev=217 t=320.9s remaining=1787
    iter=214 E=-1.9815267181 nfev=218 t=322.4s remaining=1786
    iter=215 E=-1.9816422137 nfev=219 t=323.8s remaining=1785
    iter=216 E=-1.9817597220 nfev=220 t=325.1s remaining=1784
    iter=217 E=-1.9818717977 nfev=221 t=326.5s remaining=1783
    iter=218 E=-1.9819966546 nfev=222 t=327.9s remaining=1782
    iter=219 E=-1.9820917347 nfev=223 t=329.4s remaining=1781
    iter=220 E=-1.9822007391 nfev=224 t=330.9s remaining=1780
    iter=221 E=-1.9823182428 nfev=225 t=332.4s remaining=1779
    iter=222 E=-1.9824474774 nfev=226 t=333.8s remaining=1778
    iter=223 E=-1.9825555995 nfev=227 t=335.2s remaining=1777
    iter=224 E=-1.9826838133 nfev=228 t=336.7s remaining=1776
    iter=225 E=-1.9828033886 nfev=229 t=338.1s remaining=1775
    iter=226 E=-1.9829078868 nfev=230 t=339.6s remaining=1774
    iter=227 E=-1.9830191619 nfev=231 t=341.2s remaining=1773
    iter=228 E=-1.9831275466 nfev=232 t=342.7s remaining=1772
    iter=229 E=-1.9832254508 nfev=233 t=344.1s remaining=1771
    iter=230 E=-1.9833398926 nfev=234 t=345.6s remaining=1770
    iter=231 E=-1.9834592895 nfev=235 t=347.0s remaining=1769
    iter=232 E=-1.9835758779 nfev=236 t=348.4s remaining=1768
    iter=233 E=-1.9837161820 nfev=237 t=349.8s remaining=1767
    iter=234 E=-1.9838182833 nfev=238 t=351.3s remaining=1766
    iter=235 E=-1.9839471688 nfev=239 t=352.7s remaining=1765
    iter=236 E=-1.9840921744 nfev=240 t=354.2s remaining=1764
    iter=237 E=-1.9842716258 nfev=241 t=355.6s remaining=1763
    iter=238 E=-1.9844058451 nfev=242 t=357.1s remaining=1762
    iter=239 E=-1.9845243831 nfev=243 t=358.5s remaining=1761
    iter=240 E=-1.9846460309 nfev=244 t=360.0s remaining=1760
    iter=241 E=-1.9847647966 nfev=245 t=361.4s remaining=1759
    iter=242 E=-1.9848661801 nfev=246 t=362.8s remaining=1758
    iter=243 E=-1.9849710435 nfev=247 t=364.3s remaining=1757
    iter=244 E=-1.9850343742 nfev=248 t=365.7s remaining=1756
    iter=245 E=-1.9851175056 nfev=249 t=367.3s remaining=1755
    iter=246 E=-1.9852006757 nfev=250 t=368.7s remaining=1754
    iter=247 E=-1.9852981156 nfev=251 t=370.3s remaining=1753
    iter=248 E=-1.9853775103 nfev=252 t=372.0s remaining=1752
    iter=249 E=-1.9854508191 nfev=253 t=373.4s remaining=1751
    iter=250 E=-1.9855254627 nfev=254 t=374.9s remaining=1750
    iter=251 E=-1.9856086733 nfev=255 t=376.3s remaining=1749
    iter=252 E=-1.9856863738 nfev=256 t=377.8s remaining=1748
    iter=253 E=-1.9857522870 nfev=257 t=379.3s remaining=1747
    iter=254 E=-1.9858213689 nfev=258 t=380.8s remaining=1746
    iter=255 E=-1.9858825140 nfev=259 t=382.3s remaining=1745
    iter=256 E=-1.9859403929 nfev=260 t=383.7s remaining=1744
    iter=257 E=-1.9860014400 nfev=261 t=385.2s remaining=1743
    iter=258 E=-1.9860618825 nfev=262 t=386.7s remaining=1742
    iter=259 E=-1.9861261758 nfev=263 t=388.3s remaining=1741
    iter=260 E=-1.9861982293 nfev=264 t=390.0s remaining=1740
    iter=261 E=-1.9862736980 nfev=265 t=391.7s remaining=1739
    iter=262 E=-1.9863428749 nfev=266 t=393.3s remaining=1738
    iter=263 E=-1.9864083855 nfev=267 t=394.8s remaining=1737
    iter=264 E=-1.9864768100 nfev=268 t=396.6s remaining=1736
    iter=265 E=-1.9865418719 nfev=269 t=398.4s remaining=1735
    iter=266 E=-1.9866005073 nfev=270 t=399.9s remaining=1734
    iter=267 E=-1.9866495022 nfev=271 t=401.7s remaining=1733
    iter=268 E=-1.9866976931 nfev=272 t=403.4s remaining=1732
    iter=269 E=-1.9867501811 nfev=273 t=405.2s remaining=1731
    iter=270 E=-1.9868208861 nfev=274 t=406.8s remaining=1730
    iter=271 E=-1.9868756687 nfev=275 t=408.4s remaining=1729
    iter=272 E=-1.9869247206 nfev=276 t=409.8s remaining=1728
    iter=273 E=-1.9869742109 nfev=277 t=411.3s remaining=1727
    iter=274 E=-1.9870240506 nfev=278 t=412.7s remaining=1726
    iter=275 E=-1.9870779614 nfev=279 t=414.2s remaining=1725
    iter=276 E=-1.9871310454 nfev=280 t=415.8s remaining=1724
    iter=277 E=-1.9871798820 nfev=281 t=417.4s remaining=1723
    iter=278 E=-1.9872221034 nfev=282 t=419.0s remaining=1722
    iter=279 E=-1.9872624708 nfev=283 t=420.6s remaining=1721
    iter=280 E=-1.9873042021 nfev=284 t=422.1s remaining=1720
    iter=281 E=-1.9873508465 nfev=285 t=423.6s remaining=1719
    iter=282 E=-1.9873923641 nfev=286 t=425.2s remaining=1718
    iter=283 E=-1.9874303722 nfev=287 t=426.8s remaining=1717
    iter=284 E=-1.9874638645 nfev=288 t=428.4s remaining=1716
    iter=285 E=-1.9874924265 nfev=289 t=430.0s remaining=1715
    iter=286 E=-1.9875170514 nfev=290 t=431.9s remaining=1714
    iter=287 E=-1.9875433198 nfev=291 t=433.5s remaining=1713
    iter=288 E=-1.9875750616 nfev=292 t=435.1s remaining=1712
    iter=289 E=-1.9876021662 nfev=293 t=436.8s remaining=1711
    iter=290 E=-1.9876326645 nfev=294 t=438.5s remaining=1710
    iter=291 E=-1.9876631924 nfev=295 t=440.0s remaining=1709
    iter=292 E=-1.9876899883 nfev=296 t=441.7s remaining=1708
    iter=293 E=-1.9877185067 nfev=297 t=443.2s remaining=1707
    iter=294 E=-1.9877506446 nfev=298 t=444.7s remaining=1706
    iter=295 E=-1.9877795950 nfev=299 t=446.3s remaining=1705
    iter=296 E=-1.9878041179 nfev=300 t=447.9s remaining=1704
    iter=297 E=-1.9878264956 nfev=301 t=449.5s remaining=1703
    iter=298 E=-1.9878494669 nfev=302 t=451.0s remaining=1702
    iter=299 E=-1.9878721936 nfev=303 t=452.7s remaining=1701
    iter=300 E=-1.9878979670 nfev=304 t=454.3s remaining=1700
    iter=301 E=-1.9879242043 nfev=305 t=455.9s remaining=1699
    iter=302 E=-1.9879463825 nfev=306 t=457.4s remaining=1698
    iter=303 E=-1.9879658021 nfev=307 t=459.1s remaining=1697
    iter=304 E=-1.9879847212 nfev=308 t=460.7s remaining=1696
    iter=305 E=-1.9880057841 nfev=309 t=462.3s remaining=1695
    iter=306 E=-1.9880284983 nfev=310 t=463.9s remaining=1694
    iter=307 E=-1.9880509160 nfev=311 t=465.4s remaining=1693
    iter=308 E=-1.9880736064 nfev=312 t=466.9s remaining=1692
    iter=309 E=-1.9880970834 nfev=313 t=468.5s remaining=1691
    iter=310 E=-1.9881220040 nfev=314 t=470.0s remaining=1690
    iter=311 E=-1.9881467312 nfev=315 t=471.4s remaining=1689
    iter=312 E=-1.9881702078 nfev=316 t=472.9s remaining=1688
    iter=313 E=-1.9881933051 nfev=317 t=474.4s remaining=1687
    iter=314 E=-1.9882131468 nfev=318 t=475.8s remaining=1686
    iter=315 E=-1.9882286456 nfev=319 t=477.2s remaining=1685
    iter=316 E=-1.9882454964 nfev=320 t=478.6s remaining=1684
    iter=317 E=-1.9882664431 nfev=321 t=480.1s remaining=1683
    iter=318 E=-1.9882848962 nfev=322 t=481.5s remaining=1682
    iter=319 E=-1.9883026832 nfev=323 t=482.9s remaining=1681
    iter=320 E=-1.9883178930 nfev=324 t=484.4s remaining=1680
    iter=321 E=-1.9883333468 nfev=325 t=485.9s remaining=1679
    iter=322 E=-1.9883509021 nfev=326 t=487.4s remaining=1678
    iter=323 E=-1.9883710823 nfev=327 t=488.9s remaining=1677
    iter=324 E=-1.9883914343 nfev=328 t=490.5s remaining=1676
    iter=325 E=-1.9884103415 nfev=329 t=492.0s remaining=1675
    iter=326 E=-1.9884274938 nfev=330 t=493.4s remaining=1674
    iter=327 E=-1.9884440691 nfev=331 t=494.9s remaining=1673
    iter=328 E=-1.9884601585 nfev=332 t=496.4s remaining=1672
    iter=329 E=-1.9884763272 nfev=333 t=497.9s remaining=1671
    iter=330 E=-1.9884936960 nfev=334 t=499.3s remaining=1670
    iter=331 E=-1.9885132317 nfev=335 t=500.8s remaining=1669
    iter=332 E=-1.9885350646 nfev=336 t=502.3s remaining=1668
    iter=333 E=-1.9885577715 nfev=337 t=503.8s remaining=1667
    iter=334 E=-1.9885767989 nfev=338 t=505.2s remaining=1666
    iter=335 E=-1.9885931180 nfev=339 t=506.6s remaining=1665
    iter=336 E=-1.9886095375 nfev=340 t=508.0s remaining=1664
    iter=337 E=-1.9886288303 nfev=341 t=509.3s remaining=1663
    iter=338 E=-1.9886456881 nfev=342 t=510.8s remaining=1662
    iter=339 E=-1.9886588170 nfev=343 t=512.4s remaining=1661
    iter=340 E=-1.9886708929 nfev=344 t=513.9s remaining=1660
    iter=341 E=-1.9886850691 nfev=345 t=515.5s remaining=1659
    iter=342 E=-1.9887001714 nfev=346 t=517.1s remaining=1658
    iter=343 E=-1.9887147346 nfev=347 t=518.6s remaining=1657
    iter=344 E=-1.9887272333 nfev=348 t=520.2s remaining=1656
    iter=345 E=-1.9887390538 nfev=349 t=521.7s remaining=1655
    iter=346 E=-1.9887554918 nfev=350 t=523.2s remaining=1654
    iter=347 E=-1.9887740664 nfev=351 t=524.6s remaining=1653
    iter=348 E=-1.9887910135 nfev=352 t=526.0s remaining=1652
    iter=349 E=-1.9888049748 nfev=353 t=527.5s remaining=1651
    iter=350 E=-1.9888169742 nfev=354 t=528.9s remaining=1650
    iter=351 E=-1.9888297711 nfev=355 t=530.3s remaining=1649
    iter=352 E=-1.9888462130 nfev=356 t=531.8s remaining=1648
    iter=353 E=-1.9888675511 nfev=357 t=533.2s remaining=1647
    iter=354 E=-1.9888910438 nfev=358 t=534.5s remaining=1646
    iter=355 E=-1.9889127407 nfev=359 t=536.0s remaining=1645
    iter=356 E=-1.9889314454 nfev=360 t=537.5s remaining=1644
    iter=357 E=-1.9889496975 nfev=361 t=538.9s remaining=1643
    iter=358 E=-1.9889695806 nfev=362 t=540.4s remaining=1642
    iter=359 E=-1.9889902008 nfev=363 t=541.8s remaining=1641
    iter=360 E=-1.9890086751 nfev=364 t=543.2s remaining=1640
    iter=361 E=-1.9890273643 nfev=365 t=544.6s remaining=1639
    iter=362 E=-1.9890462901 nfev=366 t=546.1s remaining=1638
    iter=363 E=-1.9890650919 nfev=367 t=547.6s remaining=1637
    iter=364 E=-1.9890831471 nfev=368 t=549.0s remaining=1636
    iter=365 E=-1.9890999848 nfev=369 t=550.5s remaining=1635
    iter=366 E=-1.9891140055 nfev=370 t=552.0s remaining=1634
    iter=367 E=-1.9891287973 nfev=371 t=553.5s remaining=1633
    iter=368 E=-1.9891453950 nfev=372 t=555.0s remaining=1632
    iter=369 E=-1.9891598489 nfev=373 t=556.5s remaining=1631
    iter=370 E=-1.9891746561 nfev=374 t=557.9s remaining=1630
    iter=371 E=-1.9891899208 nfev=375 t=559.3s remaining=1629
    iter=372 E=-1.9892021008 nfev=376 t=560.7s remaining=1628
    iter=373 E=-1.9892128720 nfev=377 t=562.1s remaining=1627
    iter=374 E=-1.9892235294 nfev=378 t=563.5s remaining=1626
    iter=375 E=-1.9892367654 nfev=379 t=564.9s remaining=1625
    iter=376 E=-1.9892517767 nfev=380 t=566.4s remaining=1624
    iter=377 E=-1.9892669931 nfev=381 t=567.9s remaining=1623
    iter=378 E=-1.9892821673 nfev=382 t=569.3s remaining=1622
    iter=379 E=-1.9892965038 nfev=383 t=570.8s remaining=1621
    iter=380 E=-1.9893108835 nfev=384 t=572.3s remaining=1620
    iter=381 E=-1.9893253313 nfev=385 t=573.9s remaining=1619
    iter=382 E=-1.9893388326 nfev=386 t=575.4s remaining=1618
    iter=383 E=-1.9893510352 nfev=387 t=576.9s remaining=1617
    iter=384 E=-1.9893652376 nfev=388 t=578.4s remaining=1616
    iter=385 E=-1.9893779797 nfev=389 t=579.9s remaining=1615
    iter=386 E=-1.9893897235 nfev=390 t=581.3s remaining=1614
    iter=387 E=-1.9894021507 nfev=391 t=582.8s remaining=1613
    iter=388 E=-1.9894161857 nfev=392 t=584.2s remaining=1612
    iter=389 E=-1.9894300796 nfev=393 t=585.7s remaining=1611
    iter=390 E=-1.9894427647 nfev=394 t=587.2s remaining=1610
    iter=391 E=-1.9894548963 nfev=395 t=588.7s remaining=1609
    iter=392 E=-1.9894668188 nfev=396 t=590.3s remaining=1608
    iter=393 E=-1.9894783955 nfev=397 t=591.7s remaining=1607
    iter=394 E=-1.9894906201 nfev=398 t=593.2s remaining=1606
    iter=395 E=-1.9895043847 nfev=399 t=594.8s remaining=1605
    iter=396 E=-1.9895188385 nfev=400 t=596.2s remaining=1604
    iter=397 E=-1.9895331718 nfev=401 t=597.8s remaining=1603
    iter=398 E=-1.9895468105 nfev=402 t=599.3s remaining=1602
    iter=399 E=-1.9895600708 nfev=403 t=600.7s remaining=1601
    iter=400 E=-1.9895733361 nfev=404 t=602.2s remaining=1600
    iter=401 E=-1.9895869166 nfev=405 t=603.7s remaining=1599
    iter=402 E=-1.9896023112 nfev=406 t=605.1s remaining=1598
    iter=403 E=-1.9896177880 nfev=407 t=606.6s remaining=1597
    iter=404 E=-1.9896326117 nfev=408 t=608.3s remaining=1596
    iter=405 E=-1.9896462378 nfev=409 t=609.8s remaining=1595
    iter=406 E=-1.9896579618 nfev=410 t=611.3s remaining=1594
    iter=407 E=-1.9896690181 nfev=411 t=612.7s remaining=1593
    iter=408 E=-1.9896814468 nfev=412 t=614.2s remaining=1592
    iter=409 E=-1.9896962709 nfev=413 t=615.7s remaining=1591
    iter=410 E=-1.9897105470 nfev=414 t=617.2s remaining=1590
    iter=411 E=-1.9897237811 nfev=415 t=618.6s remaining=1589
    iter=412 E=-1.9897361102 nfev=416 t=620.0s remaining=1588
    iter=413 E=-1.9897471736 nfev=417 t=621.5s remaining=1587
    iter=414 E=-1.9897592844 nfev=418 t=623.0s remaining=1586
    iter=415 E=-1.9897720589 nfev=419 t=624.3s remaining=1585
    iter=416 E=-1.9897836982 nfev=420 t=625.8s remaining=1584
    iter=417 E=-1.9897953548 nfev=421 t=627.2s remaining=1583
    iter=418 E=-1.9898074441 nfev=422 t=628.7s remaining=1582
    iter=419 E=-1.9898201748 nfev=423 t=630.2s remaining=1581
    iter=420 E=-1.9898330326 nfev=424 t=631.8s remaining=1580
    iter=421 E=-1.9898448139 nfev=425 t=633.2s remaining=1579
    iter=422 E=-1.9898590616 nfev=426 t=634.7s remaining=1578
    iter=423 E=-1.9898738429 nfev=427 t=636.1s remaining=1577
    iter=424 E=-1.9898853608 nfev=428 t=637.6s remaining=1576
    iter=425 E=-1.9898978998 nfev=429 t=639.2s remaining=1575
    iter=426 E=-1.9899128221 nfev=430 t=640.7s remaining=1574
    iter=427 E=-1.9899280093 nfev=431 t=642.4s remaining=1573
    iter=428 E=-1.9899435044 nfev=432 t=643.9s remaining=1572
    iter=429 E=-1.9899590302 nfev=433 t=645.3s remaining=1571
    iter=430 E=-1.9899750149 nfev=434 t=646.8s remaining=1570
    iter=431 E=-1.9899902986 nfev=435 t=648.3s remaining=1569
    iter=432 E=-1.9900046058 nfev=436 t=649.7s remaining=1568
    iter=433 E=-1.9900191811 nfev=437 t=651.2s remaining=1567
    iter=434 E=-1.9900355180 nfev=438 t=652.6s remaining=1566
    iter=435 E=-1.9900509748 nfev=439 t=654.3s remaining=1565
    iter=436 E=-1.9900658015 nfev=440 t=655.9s remaining=1564
    iter=437 E=-1.9900822564 nfev=441 t=657.3s remaining=1563
    iter=438 E=-1.9901010983 nfev=442 t=658.8s remaining=1562
    iter=439 E=-1.9901170852 nfev=443 t=660.2s remaining=1561
    iter=440 E=-1.9901328626 nfev=444 t=661.8s remaining=1560
    iter=441 E=-1.9901497119 nfev=445 t=663.2s remaining=1559
    iter=442 E=-1.9901668364 nfev=446 t=664.6s remaining=1558
    iter=443 E=-1.9901848655 nfev=447 t=666.3s remaining=1557
    iter=444 E=-1.9902024672 nfev=448 t=667.8s remaining=1556
    iter=445 E=-1.9902176872 nfev=449 t=669.4s remaining=1555
    iter=446 E=-1.9902309647 nfev=450 t=670.9s remaining=1554
    iter=447 E=-1.9902455752 nfev=451 t=672.4s remaining=1553
    iter=448 E=-1.9902595277 nfev=452 t=673.8s remaining=1552
    iter=449 E=-1.9902709920 nfev=453 t=675.3s remaining=1551
    iter=450 E=-1.9902819815 nfev=454 t=676.8s remaining=1550
    iter=451 E=-1.9902936233 nfev=455 t=678.3s remaining=1549
    iter=452 E=-1.9903060128 nfev=456 t=679.8s remaining=1548
    iter=453 E=-1.9903196914 nfev=457 t=681.3s remaining=1547
    iter=454 E=-1.9903318459 nfev=458 t=682.8s remaining=1546
    iter=455 E=-1.9903453271 nfev=459 t=684.2s remaining=1545
    iter=456 E=-1.9903595436 nfev=460 t=685.6s remaining=1544
    iter=457 E=-1.9903729325 nfev=461 t=687.1s remaining=1543
    iter=458 E=-1.9903853509 nfev=462 t=688.5s remaining=1542
    iter=459 E=-1.9903967951 nfev=463 t=690.0s remaining=1541
    iter=460 E=-1.9904093781 nfev=464 t=691.5s remaining=1540
    iter=461 E=-1.9904221360 nfev=465 t=692.9s remaining=1539
    iter=462 E=-1.9904398087 nfev=466 t=694.4s remaining=1538
    iter=463 E=-1.9904549337 nfev=467 t=695.7s remaining=1537
    iter=464 E=-1.9904716415 nfev=468 t=697.2s remaining=1536
    iter=465 E=-1.9904909633 nfev=469 t=698.7s remaining=1535
    iter=466 E=-1.9905096306 nfev=470 t=700.2s remaining=1534
    iter=467 E=-1.9905260905 nfev=471 t=701.6s remaining=1533
    iter=468 E=-1.9905423365 nfev=472 t=703.0s remaining=1532
    iter=469 E=-1.9905601074 nfev=473 t=704.5s remaining=1531
    iter=470 E=-1.9905774826 nfev=474 t=705.9s remaining=1530
    iter=471 E=-1.9905958500 nfev=475 t=707.4s remaining=1529
    iter=472 E=-1.9906146795 nfev=476 t=708.9s remaining=1528
    iter=473 E=-1.9906339533 nfev=477 t=710.5s remaining=1527
    iter=474 E=-1.9906526877 nfev=478 t=712.0s remaining=1526
    iter=475 E=-1.9906689716 nfev=479 t=713.5s remaining=1525
    iter=476 E=-1.9906852473 nfev=480 t=715.1s remaining=1524
    iter=477 E=-1.9907039527 nfev=481 t=716.6s remaining=1523
    iter=478 E=-1.9907255153 nfev=482 t=718.2s remaining=1522
    iter=479 E=-1.9907409690 nfev=483 t=719.7s remaining=1521
    iter=480 E=-1.9907537777 nfev=484 t=721.2s remaining=1520
    iter=481 E=-1.9907665611 nfev=485 t=722.7s remaining=1519
    iter=482 E=-1.9907811318 nfev=486 t=724.2s remaining=1518
    iter=483 E=-1.9907971447 nfev=487 t=725.7s remaining=1517
    iter=484 E=-1.9908124937 nfev=488 t=727.3s remaining=1516
    iter=485 E=-1.9908309028 nfev=489 t=728.7s remaining=1515
    iter=486 E=-1.9908502043 nfev=490 t=730.2s remaining=1514
    iter=487 E=-1.9908650328 nfev=491 t=731.8s remaining=1513
    iter=488 E=-1.9908784555 nfev=492 t=733.3s remaining=1512
    iter=489 E=-1.9908903553 nfev=493 t=734.7s remaining=1511
    iter=490 E=-1.9909000813 nfev=494 t=736.2s remaining=1510
    iter=491 E=-1.9909105413 nfev=495 t=737.8s remaining=1509
    iter=492 E=-1.9909225623 nfev=496 t=739.3s remaining=1508
    iter=493 E=-1.9909321738 nfev=497 t=740.7s remaining=1507
    iter=494 E=-1.9909435001 nfev=498 t=742.0s remaining=1506
    iter=495 E=-1.9909570004 nfev=499 t=743.5s remaining=1505
    iter=496 E=-1.9909699714 nfev=500 t=745.1s remaining=1504
    iter=497 E=-1.9909847027 nfev=501 t=746.6s remaining=1503
    iter=498 E=-1.9909983033 nfev=502 t=748.0s remaining=1502
    iter=499 E=-1.9910108091 nfev=503 t=749.6s remaining=1501
    iter=500 E=-1.9910220864 nfev=504 t=751.0s remaining=1500
    iter=501 E=-1.9910305586 nfev=505 t=752.4s remaining=1499
    iter=502 E=-1.9910385594 nfev=506 t=754.1s remaining=1498
    iter=503 E=-1.9910488427 nfev=507 t=755.6s remaining=1497
    iter=504 E=-1.9910620538 nfev=508 t=757.0s remaining=1496
    iter=505 E=-1.9910729483 nfev=509 t=758.4s remaining=1495
    iter=506 E=-1.9910840290 nfev=510 t=759.8s remaining=1494
    iter=507 E=-1.9910970411 nfev=511 t=761.2s remaining=1493
    iter=508 E=-1.9911085182 nfev=512 t=762.7s remaining=1492
    iter=509 E=-1.9911205588 nfev=513 t=764.3s remaining=1491
    iter=510 E=-1.9911341177 nfev=514 t=765.7s remaining=1490
    iter=511 E=-1.9911469139 nfev=515 t=767.2s remaining=1489
    iter=512 E=-1.9911610902 nfev=516 t=768.6s remaining=1488
    iter=513 E=-1.9911743325 nfev=517 t=770.0s remaining=1487
    iter=514 E=-1.9911853827 nfev=518 t=771.5s remaining=1486
    iter=515 E=-1.9911965068 nfev=519 t=773.0s remaining=1485
    iter=516 E=-1.9912095099 nfev=520 t=774.4s remaining=1484
    iter=517 E=-1.9912243339 nfev=521 t=775.9s remaining=1483
    iter=518 E=-1.9912422469 nfev=522 t=777.4s remaining=1482
    iter=519 E=-1.9912594875 nfev=523 t=778.9s remaining=1481
    iter=520 E=-1.9912758340 nfev=524 t=780.3s remaining=1480
    iter=521 E=-1.9912911916 nfev=525 t=781.8s remaining=1479
    iter=522 E=-1.9913070633 nfev=526 t=783.2s remaining=1478
    iter=523 E=-1.9913224153 nfev=527 t=784.7s remaining=1477
    iter=524 E=-1.9913396916 nfev=528 t=786.2s remaining=1476
    iter=525 E=-1.9913603017 nfev=529 t=787.7s remaining=1475
    iter=526 E=-1.9913776946 nfev=530 t=789.2s remaining=1474
    iter=527 E=-1.9913950482 nfev=531 t=790.7s remaining=1473
    iter=528 E=-1.9914135934 nfev=532 t=792.1s remaining=1472
    iter=529 E=-1.9914315760 nfev=533 t=793.6s remaining=1471
    iter=530 E=-1.9914478090 nfev=534 t=795.1s remaining=1470
    iter=531 E=-1.9914617987 nfev=535 t=796.5s remaining=1469
    iter=532 E=-1.9914726617 nfev=536 t=798.0s remaining=1468
    iter=533 E=-1.9914844955 nfev=537 t=799.7s remaining=1467
    iter=534 E=-1.9914949363 nfev=538 t=801.1s remaining=1466
    iter=535 E=-1.9915076870 nfev=539 t=802.5s remaining=1465
    iter=536 E=-1.9915176008 nfev=540 t=803.9s remaining=1464
    iter=537 E=-1.9915299422 nfev=541 t=805.4s remaining=1463
    iter=538 E=-1.9915414078 nfev=542 t=806.8s remaining=1462
    iter=539 E=-1.9915528398 nfev=543 t=808.3s remaining=1461
    iter=540 E=-1.9915649943 nfev=544 t=809.7s remaining=1460
    iter=541 E=-1.9915785038 nfev=545 t=811.1s remaining=1459
    iter=542 E=-1.9915902838 nfev=546 t=812.5s remaining=1458
    iter=543 E=-1.9916030609 nfev=547 t=814.0s remaining=1457
    iter=544 E=-1.9916166463 nfev=548 t=815.4s remaining=1456
    iter=545 E=-1.9916275315 nfev=549 t=816.9s remaining=1455
    iter=546 E=-1.9916392551 nfev=550 t=818.5s remaining=1454
    iter=547 E=-1.9916521338 nfev=551 t=820.0s remaining=1453
    iter=548 E=-1.9916630461 nfev=552 t=821.4s remaining=1452
    iter=549 E=-1.9916766546 nfev=553 t=822.8s remaining=1451
    iter=550 E=-1.9916928526 nfev=554 t=824.2s remaining=1450
    iter=551 E=-1.9917050785 nfev=555 t=825.5s remaining=1449
    iter=552 E=-1.9917188834 nfev=556 t=826.9s remaining=1448
    iter=553 E=-1.9917356582 nfev=557 t=828.3s remaining=1447
    iter=554 E=-1.9917546327 nfev=558 t=829.7s remaining=1446
    iter=555 E=-1.9917729706 nfev=559 t=831.1s remaining=1445
    iter=556 E=-1.9917882322 nfev=560 t=832.5s remaining=1444
    iter=557 E=-1.9918042571 nfev=561 t=834.1s remaining=1443
    iter=558 E=-1.9918199538 nfev=562 t=835.7s remaining=1442
    iter=559 E=-1.9918338273 nfev=563 t=837.1s remaining=1441
    iter=560 E=-1.9918474959 nfev=564 t=838.6s remaining=1440
    iter=561 E=-1.9918643479 nfev=565 t=840.1s remaining=1439
    iter=562 E=-1.9918829999 nfev=566 t=841.5s remaining=1438
    iter=563 E=-1.9919038186 nfev=567 t=843.0s remaining=1437
    iter=564 E=-1.9919236470 nfev=568 t=844.6s remaining=1436
    iter=565 E=-1.9919414110 nfev=569 t=846.0s remaining=1435
    iter=566 E=-1.9919583366 nfev=570 t=847.5s remaining=1434
    iter=567 E=-1.9919756737 nfev=571 t=848.9s remaining=1433
    iter=568 E=-1.9919906667 nfev=572 t=850.4s remaining=1432
    iter=569 E=-1.9920055763 nfev=573 t=851.8s remaining=1431
    iter=570 E=-1.9920216484 nfev=574 t=853.2s remaining=1430
    iter=571 E=-1.9920377131 nfev=575 t=854.6s remaining=1429
    iter=572 E=-1.9920532188 nfev=576 t=856.0s remaining=1428
    iter=573 E=-1.9920667672 nfev=577 t=857.4s remaining=1427
    iter=574 E=-1.9920783134 nfev=578 t=858.9s remaining=1426
    iter=575 E=-1.9920893502 nfev=579 t=860.3s remaining=1425
    iter=576 E=-1.9921003002 nfev=580 t=861.8s remaining=1424
    iter=577 E=-1.9921115568 nfev=581 t=863.3s remaining=1423
    iter=578 E=-1.9921237291 nfev=582 t=864.7s remaining=1422
    iter=579 E=-1.9921353691 nfev=583 t=866.1s remaining=1421
    iter=580 E=-1.9921514425 nfev=584 t=867.6s remaining=1420
    iter=581 E=-1.9921710693 nfev=585 t=869.0s remaining=1419
    iter=582 E=-1.9921859826 nfev=586 t=870.4s remaining=1418
    iter=583 E=-1.9921999827 nfev=587 t=871.8s remaining=1417
    iter=584 E=-1.9922129202 nfev=588 t=873.2s remaining=1416
    iter=585 E=-1.9922235669 nfev=589 t=874.7s remaining=1415
    iter=586 E=-1.9922343862 nfev=590 t=876.3s remaining=1414
    iter=587 E=-1.9922453757 nfev=591 t=877.6s remaining=1413
    iter=588 E=-1.9922546827 nfev=592 t=879.0s remaining=1412
    iter=589 E=-1.9922660571 nfev=593 t=880.3s remaining=1411
    iter=590 E=-1.9922788664 nfev=594 t=881.7s remaining=1410
    iter=591 E=-1.9922893916 nfev=595 t=883.2s remaining=1409
    iter=592 E=-1.9923017889 nfev=596 t=884.6s remaining=1408
    iter=593 E=-1.9923147995 nfev=597 t=886.3s remaining=1407
    iter=594 E=-1.9923288639 nfev=598 t=887.9s remaining=1406
    iter=595 E=-1.9923445166 nfev=599 t=889.5s remaining=1405
    iter=596 E=-1.9923590027 nfev=600 t=891.0s remaining=1404
    iter=597 E=-1.9923717596 nfev=601 t=892.7s remaining=1403
    iter=598 E=-1.9923846639 nfev=602 t=894.3s remaining=1402
    iter=599 E=-1.9923973126 nfev=603 t=895.8s remaining=1401
    iter=600 E=-1.9924088019 nfev=604 t=897.4s remaining=1400
    iter=601 E=-1.9924231641 nfev=605 t=899.1s remaining=1399
    iter=602 E=-1.9924369642 nfev=606 t=900.6s remaining=1398
    iter=603 E=-1.9924535098 nfev=607 t=902.1s remaining=1397
    iter=604 E=-1.9924698802 nfev=608 t=903.5s remaining=1396
    iter=605 E=-1.9924835471 nfev=609 t=904.8s remaining=1395
    iter=606 E=-1.9924963363 nfev=610 t=906.3s remaining=1394
    iter=607 E=-1.9925074537 nfev=611 t=907.7s remaining=1393
    iter=608 E=-1.9925162094 nfev=612 t=909.1s remaining=1392
    iter=609 E=-1.9925247980 nfev=613 t=910.6s remaining=1391
    iter=610 E=-1.9925331029 nfev=614 t=912.2s remaining=1390
    iter=611 E=-1.9925435728 nfev=615 t=913.8s remaining=1389
    iter=612 E=-1.9925578683 nfev=616 t=915.2s remaining=1388
    iter=613 E=-1.9925733250 nfev=617 t=916.5s remaining=1387
    iter=614 E=-1.9925872090 nfev=618 t=917.9s remaining=1386
    iter=615 E=-1.9925987141 nfev=619 t=919.4s remaining=1385
    iter=616 E=-1.9926081157 nfev=620 t=920.8s remaining=1384
    iter=617 E=-1.9926175100 nfev=621 t=922.2s remaining=1383
    iter=618 E=-1.9926304007 nfev=622 t=923.7s remaining=1382
    iter=619 E=-1.9926462399 nfev=623 t=925.1s remaining=1381
    iter=620 E=-1.9926583161 nfev=624 t=926.6s remaining=1380
    iter=621 E=-1.9926690428 nfev=625 t=928.0s remaining=1379
    iter=622 E=-1.9926792718 nfev=626 t=929.4s remaining=1378
    iter=623 E=-1.9926878156 nfev=627 t=930.8s remaining=1377
    iter=624 E=-1.9926962182 nfev=628 t=932.2s remaining=1376
    iter=625 E=-1.9927056522 nfev=629 t=933.8s remaining=1375
    iter=626 E=-1.9927130532 nfev=630 t=935.2s remaining=1374
    iter=627 E=-1.9927216623 nfev=631 t=936.5s remaining=1373
    iter=628 E=-1.9927320272 nfev=632 t=937.9s remaining=1372
    iter=629 E=-1.9927421431 nfev=633 t=939.3s remaining=1371
    iter=630 E=-1.9927534495 nfev=634 t=940.8s remaining=1370
    iter=631 E=-1.9927646864 nfev=635 t=942.3s remaining=1369
    iter=632 E=-1.9927748777 nfev=636 t=943.8s remaining=1368
    iter=633 E=-1.9927845572 nfev=637 t=945.2s remaining=1367
    iter=634 E=-1.9927933802 nfev=638 t=946.7s remaining=1366
    iter=635 E=-1.9928022119 nfev=639 t=948.2s remaining=1365
    iter=636 E=-1.9928116097 nfev=640 t=949.6s remaining=1364
    iter=637 E=-1.9928213800 nfev=641 t=951.0s remaining=1363
    iter=638 E=-1.9928343402 nfev=642 t=952.4s remaining=1362
    iter=639 E=-1.9928448811 nfev=643 t=953.7s remaining=1361
    iter=640 E=-1.9928534182 nfev=644 t=955.1s remaining=1360
    iter=641 E=-1.9928614279 nfev=645 t=956.8s remaining=1359
    iter=642 E=-1.9928694876 nfev=646 t=958.3s remaining=1358
    iter=643 E=-1.9928784068 nfev=647 t=959.6s remaining=1357
    iter=644 E=-1.9928912347 nfev=648 t=961.0s remaining=1356
    iter=645 E=-1.9929050397 nfev=649 t=962.5s remaining=1355
    iter=646 E=-1.9929147793 nfev=650 t=964.1s remaining=1354
    iter=647 E=-1.9929237320 nfev=651 t=965.5s remaining=1353
    iter=648 E=-1.9929331056 nfev=652 t=967.0s remaining=1352
    iter=649 E=-1.9929431713 nfev=653 t=968.4s remaining=1351
    iter=650 E=-1.9929533140 nfev=654 t=969.8s remaining=1350
    iter=651 E=-1.9929632013 nfev=655 t=971.3s remaining=1349
    iter=652 E=-1.9929736843 nfev=656 t=972.9s remaining=1348
    iter=653 E=-1.9929850487 nfev=657 t=974.7s remaining=1347
    iter=654 E=-1.9929950479 nfev=658 t=976.2s remaining=1346
    iter=655 E=-1.9930048423 nfev=659 t=977.6s remaining=1345
    iter=656 E=-1.9930143445 nfev=660 t=979.0s remaining=1344
    iter=657 E=-1.9930226141 nfev=661 t=980.4s remaining=1343
    iter=658 E=-1.9930302337 nfev=662 t=981.8s remaining=1342
    iter=659 E=-1.9930376628 nfev=663 t=983.3s remaining=1341
    iter=660 E=-1.9930454919 nfev=664 t=984.7s remaining=1340
    iter=661 E=-1.9930542190 nfev=665 t=986.2s remaining=1339
    iter=662 E=-1.9930624610 nfev=666 t=987.6s remaining=1338
    iter=663 E=-1.9930689684 nfev=667 t=989.1s remaining=1337
    iter=664 E=-1.9930749701 nfev=668 t=990.6s remaining=1336
    iter=665 E=-1.9930830678 nfev=669 t=992.0s remaining=1335
    iter=666 E=-1.9930934856 nfev=670 t=993.5s remaining=1334
    iter=667 E=-1.9931020504 nfev=671 t=995.0s remaining=1333
    iter=668 E=-1.9931082446 nfev=672 t=996.4s remaining=1332
    iter=669 E=-1.9931131148 nfev=673 t=997.9s remaining=1331
    iter=670 E=-1.9931181638 nfev=674 t=999.3s remaining=1330
    iter=671 E=-1.9931235793 nfev=675 t=1000.8s remaining=1329
    iter=672 E=-1.9931294367 nfev=676 t=1002.2s remaining=1328
    iter=673 E=-1.9931358872 nfev=677 t=1003.7s remaining=1327
    iter=674 E=-1.9931422699 nfev=678 t=1005.2s remaining=1326
    iter=675 E=-1.9931504339 nfev=679 t=1006.6s remaining=1325
    iter=676 E=-1.9931589708 nfev=680 t=1008.1s remaining=1324
    iter=677 E=-1.9931669290 nfev=681 t=1009.5s remaining=1323
    iter=678 E=-1.9931747330 nfev=682 t=1011.0s remaining=1322
    iter=679 E=-1.9931821005 nfev=683 t=1012.4s remaining=1321
    iter=680 E=-1.9931874618 nfev=684 t=1013.9s remaining=1320
    iter=681 E=-1.9931923018 nfev=685 t=1015.3s remaining=1319
    iter=682 E=-1.9931976171 nfev=686 t=1016.8s remaining=1318
    iter=683 E=-1.9932029530 nfev=687 t=1018.2s remaining=1317
    iter=684 E=-1.9932092365 nfev=688 t=1019.6s remaining=1316
    iter=685 E=-1.9932167808 nfev=689 t=1021.3s remaining=1315
    iter=686 E=-1.9932241478 nfev=690 t=1022.8s remaining=1314
    iter=687 E=-1.9932305801 nfev=691 t=1024.3s remaining=1313
    iter=688 E=-1.9932369550 nfev=692 t=1025.8s remaining=1312
    iter=689 E=-1.9932441075 nfev=693 t=1027.2s remaining=1311
    iter=690 E=-1.9932514796 nfev=694 t=1028.7s remaining=1310
    iter=691 E=-1.9932581781 nfev=695 t=1030.2s remaining=1309
    iter=692 E=-1.9932640310 nfev=696 t=1031.6s remaining=1308
    iter=693 E=-1.9932697124 nfev=697 t=1033.1s remaining=1307
    iter=694 E=-1.9932752280 nfev=698 t=1034.6s remaining=1306
    iter=695 E=-1.9932802652 nfev=699 t=1036.1s remaining=1305
    iter=696 E=-1.9932851379 nfev=700 t=1037.5s remaining=1304
    iter=697 E=-1.9932897355 nfev=701 t=1039.0s remaining=1303
    iter=698 E=-1.9932946068 nfev=702 t=1040.5s remaining=1302
    iter=699 E=-1.9933000405 nfev=703 t=1042.0s remaining=1301
    iter=700 E=-1.9933055157 nfev=704 t=1043.6s remaining=1300
    iter=701 E=-1.9933105481 nfev=705 t=1045.1s remaining=1299
    iter=702 E=-1.9933141463 nfev=706 t=1046.6s remaining=1298
    iter=703 E=-1.9933164780 nfev=707 t=1048.1s remaining=1297
    iter=704 E=-1.9933190086 nfev=708 t=1049.5s remaining=1296
    iter=705 E=-1.9933226318 nfev=709 t=1050.9s remaining=1295
    iter=706 E=-1.9933267414 nfev=710 t=1052.5s remaining=1294
    iter=707 E=-1.9933311797 nfev=711 t=1053.9s remaining=1293
    iter=708 E=-1.9933354001 nfev=712 t=1055.3s remaining=1292
    iter=709 E=-1.9933391506 nfev=713 t=1056.8s remaining=1291
    iter=710 E=-1.9933429023 nfev=714 t=1058.1s remaining=1290
    iter=711 E=-1.9933466311 nfev=715 t=1059.6s remaining=1289
    iter=712 E=-1.9933508922 nfev=716 t=1061.1s remaining=1288
    iter=713 E=-1.9933553497 nfev=717 t=1062.6s remaining=1287
    iter=714 E=-1.9933595136 nfev=718 t=1064.0s remaining=1286
    iter=715 E=-1.9933628101 nfev=719 t=1065.5s remaining=1285
    iter=716 E=-1.9933660873 nfev=720 t=1066.9s remaining=1284
    iter=717 E=-1.9933699745 nfev=721 t=1068.3s remaining=1283
    iter=718 E=-1.9933746646 nfev=722 t=1069.7s remaining=1282
    iter=719 E=-1.9933793289 nfev=723 t=1071.2s remaining=1281
    iter=720 E=-1.9933838083 nfev=724 t=1072.7s remaining=1280
    iter=721 E=-1.9933875962 nfev=725 t=1074.2s remaining=1279
    iter=722 E=-1.9933911329 nfev=726 t=1075.6s remaining=1278
    iter=723 E=-1.9933949330 nfev=727 t=1077.1s remaining=1277
    iter=724 E=-1.9933992984 nfev=728 t=1078.6s remaining=1276
    iter=725 E=-1.9934043766 nfev=729 t=1080.1s remaining=1275
    iter=726 E=-1.9934096952 nfev=730 t=1081.6s remaining=1274
    iter=727 E=-1.9934145532 nfev=731 t=1083.2s remaining=1273
    iter=728 E=-1.9934187420 nfev=732 t=1084.6s remaining=1272
    iter=729 E=-1.9934225109 nfev=733 t=1086.1s remaining=1271
    iter=730 E=-1.9934262903 nfev=734 t=1087.5s remaining=1270
    iter=731 E=-1.9934300625 nfev=735 t=1089.0s remaining=1269
    iter=732 E=-1.9934337779 nfev=736 t=1090.4s remaining=1268
    iter=733 E=-1.9934378053 nfev=737 t=1091.9s remaining=1267
    iter=734 E=-1.9934431462 nfev=738 t=1093.2s remaining=1266
    iter=735 E=-1.9934495561 nfev=739 t=1094.7s remaining=1265
    iter=736 E=-1.9934555789 nfev=740 t=1096.1s remaining=1264
    iter=737 E=-1.9934603133 nfev=741 t=1097.5s remaining=1263
    iter=738 E=-1.9934639177 nfev=742 t=1099.0s remaining=1262
    iter=739 E=-1.9934676971 nfev=743 t=1100.5s remaining=1261
    iter=740 E=-1.9934714911 nfev=744 t=1102.0s remaining=1260
    iter=741 E=-1.9934748929 nfev=745 t=1103.4s remaining=1259
    iter=742 E=-1.9934773928 nfev=746 t=1104.7s remaining=1258
    iter=743 E=-1.9934808131 nfev=747 t=1106.2s remaining=1257
    iter=744 E=-1.9934854076 nfev=748 t=1107.7s remaining=1256
    iter=745 E=-1.9934901747 nfev=749 t=1109.2s remaining=1255
    iter=746 E=-1.9934941051 nfev=750 t=1110.6s remaining=1254
    iter=747 E=-1.9934977402 nfev=751 t=1112.1s remaining=1253
    iter=748 E=-1.9935015029 nfev=752 t=1113.6s remaining=1252
    iter=749 E=-1.9935050534 nfev=753 t=1115.1s remaining=1251
    iter=750 E=-1.9935082788 nfev=754 t=1116.4s remaining=1250
    iter=751 E=-1.9935116596 nfev=755 t=1117.9s remaining=1249
    iter=752 E=-1.9935158497 nfev=756 t=1119.3s remaining=1248
    iter=753 E=-1.9935206900 nfev=757 t=1120.8s remaining=1247
    iter=754 E=-1.9935247830 nfev=758 t=1122.2s remaining=1246
    iter=755 E=-1.9935277353 nfev=759 t=1123.7s remaining=1245
    iter=756 E=-1.9935307039 nfev=760 t=1125.2s remaining=1244
    iter=757 E=-1.9935344062 nfev=761 t=1126.7s remaining=1243
    iter=758 E=-1.9935395786 nfev=762 t=1128.1s remaining=1242
    iter=759 E=-1.9935453035 nfev=763 t=1129.6s remaining=1241
    iter=760 E=-1.9935507037 nfev=764 t=1131.1s remaining=1240
    iter=761 E=-1.9935548563 nfev=765 t=1132.5s remaining=1239
    iter=762 E=-1.9935574748 nfev=766 t=1134.0s remaining=1238
    iter=763 E=-1.9935595849 nfev=767 t=1135.4s remaining=1237
    iter=764 E=-1.9935619700 nfev=768 t=1136.8s remaining=1236
    iter=765 E=-1.9935646275 nfev=769 t=1138.3s remaining=1235
    iter=766 E=-1.9935674942 nfev=770 t=1139.7s remaining=1234
    iter=767 E=-1.9935707807 nfev=771 t=1141.0s remaining=1233
    iter=768 E=-1.9935738898 nfev=772 t=1142.4s remaining=1232
    iter=769 E=-1.9935773845 nfev=773 t=1143.9s remaining=1231
    iter=770 E=-1.9935803938 nfev=774 t=1145.3s remaining=1230
    iter=771 E=-1.9935827766 nfev=775 t=1146.7s remaining=1229
    iter=772 E=-1.9935855336 nfev=776 t=1148.1s remaining=1228
    iter=773 E=-1.9935885664 nfev=777 t=1149.6s remaining=1227
    iter=774 E=-1.9935912263 nfev=778 t=1151.1s remaining=1226
    iter=775 E=-1.9935936435 nfev=779 t=1152.4s remaining=1225
    iter=776 E=-1.9935960890 nfev=780 t=1153.8s remaining=1224
    iter=777 E=-1.9935984395 nfev=781 t=1155.3s remaining=1223
    iter=778 E=-1.9936008858 nfev=782 t=1156.9s remaining=1222
    iter=779 E=-1.9936037698 nfev=783 t=1158.4s remaining=1221
    iter=780 E=-1.9936064361 nfev=784 t=1159.7s remaining=1220
    iter=781 E=-1.9936095042 nfev=785 t=1161.1s remaining=1219
    iter=782 E=-1.9936126688 nfev=786 t=1162.6s remaining=1218
    iter=783 E=-1.9936151353 nfev=787 t=1164.0s remaining=1217
    iter=784 E=-1.9936172142 nfev=788 t=1165.5s remaining=1216
    iter=785 E=-1.9936189431 nfev=789 t=1167.0s remaining=1215
    iter=786 E=-1.9936206439 nfev=790 t=1168.4s remaining=1214
    iter=787 E=-1.9936227479 nfev=791 t=1169.8s remaining=1213
    iter=788 E=-1.9936253430 nfev=792 t=1171.2s remaining=1212
    iter=789 E=-1.9936284739 nfev=793 t=1172.6s remaining=1211
    iter=790 E=-1.9936317002 nfev=794 t=1173.9s remaining=1210
    iter=791 E=-1.9936351229 nfev=795 t=1175.4s remaining=1209
    iter=792 E=-1.9936384571 nfev=796 t=1177.0s remaining=1208
    iter=793 E=-1.9936411861 nfev=797 t=1178.4s remaining=1207
    iter=794 E=-1.9936433334 nfev=798 t=1179.8s remaining=1206
    iter=795 E=-1.9936451872 nfev=799 t=1181.2s remaining=1205
    iter=796 E=-1.9936467744 nfev=800 t=1182.6s remaining=1204
    iter=797 E=-1.9936483943 nfev=801 t=1184.0s remaining=1203
    iter=798 E=-1.9936504453 nfev=802 t=1185.6s remaining=1202
    iter=799 E=-1.9936528232 nfev=803 t=1187.0s remaining=1201
    iter=800 E=-1.9936554461 nfev=804 t=1188.4s remaining=1200
    iter=801 E=-1.9936582519 nfev=805 t=1189.8s remaining=1199
    iter=802 E=-1.9936611528 nfev=806 t=1191.3s remaining=1198
    iter=803 E=-1.9936639327 nfev=807 t=1192.8s remaining=1197
    iter=804 E=-1.9936667039 nfev=808 t=1194.2s remaining=1196
    iter=805 E=-1.9936695781 nfev=809 t=1195.7s remaining=1195
    iter=806 E=-1.9936723492 nfev=810 t=1197.2s remaining=1194
    iter=807 E=-1.9936751472 nfev=811 t=1198.7s remaining=1193
    iter=808 E=-1.9936781818 nfev=812 t=1200.0s remaining=1192
    iter=809 E=-1.9936806483 nfev=813 t=1201.4s remaining=1191
    iter=810 E=-1.9936825020 nfev=814 t=1202.8s remaining=1190
    iter=811 E=-1.9936841392 nfev=815 t=1204.1s remaining=1189
    iter=812 E=-1.9936857528 nfev=816 t=1205.5s remaining=1188
    iter=813 E=-1.9936875337 nfev=817 t=1206.9s remaining=1187
    iter=814 E=-1.9936897397 nfev=818 t=1208.3s remaining=1186
    iter=815 E=-1.9936916651 nfev=819 t=1209.7s remaining=1185
    iter=816 E=-1.9936935464 nfev=820 t=1211.4s remaining=1184
    iter=817 E=-1.9936956014 nfev=821 t=1212.8s remaining=1183
    iter=818 E=-1.9936980621 nfev=822 t=1214.2s remaining=1182
    iter=819 E=-1.9937008989 nfev=823 t=1215.7s remaining=1181
    iter=820 E=-1.9937035480 nfev=824 t=1217.1s remaining=1180
    iter=821 E=-1.9937058403 nfev=825 t=1218.5s remaining=1179
    iter=822 E=-1.9937081909 nfev=826 t=1219.8s remaining=1178
    iter=823 E=-1.9937108314 nfev=827 t=1221.5s remaining=1177
    iter=824 E=-1.9937136488 nfev=828 t=1222.9s remaining=1176
    iter=825 E=-1.9937159911 nfev=829 t=1224.4s remaining=1175
    iter=826 E=-1.9937175540 nfev=830 t=1225.8s remaining=1174
    iter=827 E=-1.9937188579 nfev=831 t=1227.3s remaining=1173
    iter=828 E=-1.9937206514 nfev=832 t=1228.7s remaining=1172
    iter=829 E=-1.9937231736 nfev=833 t=1230.1s remaining=1171
    iter=830 E=-1.9937264451 nfev=834 t=1231.5s remaining=1170
    iter=831 E=-1.9937295300 nfev=835 t=1232.9s remaining=1169
    iter=832 E=-1.9937322145 nfev=836 t=1234.2s remaining=1168
    iter=833 E=-1.9937345278 nfev=837 t=1235.6s remaining=1167
    iter=834 E=-1.9937369460 nfev=838 t=1237.1s remaining=1166
    iter=835 E=-1.9937393908 nfev=839 t=1238.5s remaining=1165
    iter=836 E=-1.9937410278 nfev=840 t=1239.9s remaining=1164
    iter=837 E=-1.9937424117 nfev=841 t=1241.3s remaining=1163
    iter=838 E=-1.9937437452 nfev=842 t=1242.7s remaining=1162
    iter=839 E=-1.9937451408 nfev=843 t=1244.0s remaining=1161
    iter=840 E=-1.9937465407 nfev=844 t=1245.5s remaining=1160
    iter=841 E=-1.9937480790 nfev=845 t=1246.9s remaining=1159
    iter=842 E=-1.9937497887 nfev=846 t=1248.3s remaining=1158
    iter=843 E=-1.9937514787 nfev=847 t=1249.7s remaining=1157
    iter=844 E=-1.9937535967 nfev=848 t=1251.2s remaining=1156
    iter=845 E=-1.9937560950 nfev=849 t=1252.7s remaining=1155
    iter=846 E=-1.9937584735 nfev=850 t=1254.2s remaining=1154
    iter=847 E=-1.9937603458 nfev=851 t=1255.8s remaining=1153
    iter=848 E=-1.9937620314 nfev=852 t=1257.5s remaining=1152
    iter=849 E=-1.9937637622 nfev=853 t=1258.9s remaining=1151
    iter=850 E=-1.9937657023 nfev=854 t=1260.4s remaining=1150
    iter=851 E=-1.9937673251 nfev=855 t=1261.8s remaining=1149
    iter=852 E=-1.9937689221 nfev=856 t=1263.2s remaining=1148
    iter=853 E=-1.9937706261 nfev=857 t=1264.8s remaining=1147
    iter=854 E=-1.9937723700 nfev=858 t=1266.4s remaining=1146
    iter=855 E=-1.9937738851 nfev=859 t=1267.9s remaining=1145
    iter=856 E=-1.9937752573 nfev=860 t=1269.3s remaining=1144
    iter=857 E=-1.9937767440 nfev=861 t=1270.8s remaining=1143
    iter=858 E=-1.9937781282 nfev=862 t=1272.3s remaining=1142
    iter=859 E=-1.9937796858 nfev=863 t=1273.7s remaining=1141
    iter=860 E=-1.9937813636 nfev=864 t=1275.1s remaining=1140
    iter=861 E=-1.9937829435 nfev=865 t=1276.5s remaining=1139
    iter=862 E=-1.9937845748 nfev=866 t=1278.0s remaining=1138
    iter=863 E=-1.9937865348 nfev=867 t=1279.6s remaining=1137
    iter=864 E=-1.9937888460 nfev=868 t=1281.1s remaining=1136
    iter=865 E=-1.9937909925 nfev=869 t=1282.7s remaining=1135
    iter=866 E=-1.9937928190 nfev=870 t=1284.2s remaining=1134
    iter=867 E=-1.9937942010 nfev=871 t=1285.7s remaining=1133
    iter=868 E=-1.9937953652 nfev=872 t=1287.1s remaining=1132
    iter=869 E=-1.9937965404 nfev=873 t=1288.5s remaining=1131
    iter=870 E=-1.9937978198 nfev=874 t=1290.0s remaining=1130
    iter=871 E=-1.9937992851 nfev=875 t=1291.5s remaining=1129
    iter=872 E=-1.9938009197 nfev=876 t=1292.9s remaining=1128
    iter=873 E=-1.9938027684 nfev=877 t=1294.5s remaining=1127
    iter=874 E=-1.9938046581 nfev=878 t=1295.9s remaining=1126
    iter=875 E=-1.9938066006 nfev=879 t=1297.5s remaining=1125
    iter=876 E=-1.9938086026 nfev=880 t=1299.1s remaining=1124
    iter=877 E=-1.9938104577 nfev=881 t=1300.6s remaining=1123
    iter=878 E=-1.9938120581 nfev=882 t=1302.0s remaining=1122
    iter=879 E=-1.9938132576 nfev=883 t=1303.4s remaining=1121
    iter=880 E=-1.9938145479 nfev=884 t=1304.9s remaining=1120
    iter=881 E=-1.9938161499 nfev=885 t=1306.6s remaining=1119
    iter=882 E=-1.9938183956 nfev=886 t=1308.0s remaining=1118
    iter=883 E=-1.9938204520 nfev=887 t=1309.5s remaining=1117
    iter=884 E=-1.9938223821 nfev=888 t=1311.0s remaining=1116
    iter=885 E=-1.9938244579 nfev=889 t=1312.5s remaining=1115
    iter=886 E=-1.9938265551 nfev=890 t=1313.9s remaining=1114
    iter=887 E=-1.9938285421 nfev=891 t=1315.4s remaining=1113
    iter=888 E=-1.9938308051 nfev=892 t=1316.8s remaining=1112
    iter=889 E=-1.9938330513 nfev=893 t=1318.2s remaining=1111
    iter=890 E=-1.9938348140 nfev=894 t=1319.6s remaining=1110
    iter=891 E=-1.9938365117 nfev=895 t=1321.2s remaining=1109
    iter=892 E=-1.9938380930 nfev=896 t=1322.8s remaining=1108
    iter=893 E=-1.9938394004 nfev=897 t=1324.2s remaining=1107
    iter=894 E=-1.9938406201 nfev=898 t=1325.7s remaining=1106
    iter=895 E=-1.9938418674 nfev=899 t=1327.0s remaining=1105
    iter=896 E=-1.9938432654 nfev=900 t=1328.4s remaining=1104
    iter=897 E=-1.9938448831 nfev=901 t=1330.0s remaining=1103
    iter=898 E=-1.9938469506 nfev=902 t=1331.6s remaining=1102
    iter=899 E=-1.9938497006 nfev=903 t=1333.3s remaining=1101
    iter=900 E=-1.9938526551 nfev=904 t=1334.7s remaining=1100
    iter=901 E=-1.9938555427 nfev=905 t=1336.2s remaining=1099
    iter=902 E=-1.9938576382 nfev=906 t=1337.6s remaining=1098
    iter=903 E=-1.9938591701 nfev=907 t=1339.0s remaining=1097
    iter=904 E=-1.9938605399 nfev=908 t=1340.4s remaining=1096
    iter=905 E=-1.9938620956 nfev=909 t=1341.8s remaining=1095
    iter=906 E=-1.9938637403 nfev=910 t=1343.2s remaining=1094
    iter=907 E=-1.9938657690 nfev=911 t=1344.7s remaining=1093
    iter=908 E=-1.9938677523 nfev=912 t=1346.1s remaining=1092
    iter=909 E=-1.9938696550 nfev=913 t=1347.6s remaining=1091
    iter=910 E=-1.9938715558 nfev=914 t=1349.1s remaining=1090
    iter=911 E=-1.9938737165 nfev=915 t=1350.9s remaining=1089
    iter=912 E=-1.9938757257 nfev=916 t=1352.5s remaining=1088
    iter=913 E=-1.9938779260 nfev=917 t=1354.2s remaining=1087
    iter=914 E=-1.9938798293 nfev=918 t=1355.7s remaining=1086
    iter=915 E=-1.9938814221 nfev=919 t=1357.1s remaining=1085
    iter=916 E=-1.9938828504 nfev=920 t=1358.6s remaining=1084
    iter=917 E=-1.9938843388 nfev=921 t=1360.2s remaining=1083
    iter=918 E=-1.9938859874 nfev=922 t=1361.7s remaining=1082
    iter=919 E=-1.9938879852 nfev=923 t=1363.1s remaining=1081
    iter=920 E=-1.9938906586 nfev=924 t=1364.5s remaining=1080
    iter=921 E=-1.9938935240 nfev=925 t=1365.9s remaining=1079
    iter=922 E=-1.9938962436 nfev=926 t=1367.4s remaining=1078
    iter=923 E=-1.9938986366 nfev=927 t=1368.8s remaining=1077
    iter=924 E=-1.9939006253 nfev=928 t=1370.3s remaining=1076
    iter=925 E=-1.9939027206 nfev=929 t=1371.7s remaining=1075
    iter=926 E=-1.9939052498 nfev=930 t=1373.3s remaining=1074
    iter=927 E=-1.9939077389 nfev=931 t=1374.8s remaining=1073
    iter=928 E=-1.9939095819 nfev=932 t=1376.4s remaining=1072
    iter=929 E=-1.9939116856 nfev=933 t=1377.8s remaining=1071
    iter=930 E=-1.9939139822 nfev=934 t=1379.2s remaining=1070
    iter=931 E=-1.9939166599 nfev=935 t=1380.6s remaining=1069
    iter=932 E=-1.9939194703 nfev=936 t=1382.1s remaining=1068
    iter=933 E=-1.9939219118 nfev=937 t=1383.5s remaining=1067
    iter=934 E=-1.9939238782 nfev=938 t=1384.9s remaining=1066
    iter=935 E=-1.9939257233 nfev=939 t=1386.4s remaining=1065
    iter=936 E=-1.9939275882 nfev=940 t=1388.0s remaining=1064
    iter=937 E=-1.9939294237 nfev=941 t=1389.6s remaining=1063
    iter=938 E=-1.9939311211 nfev=942 t=1391.1s remaining=1062
    iter=939 E=-1.9939328277 nfev=943 t=1392.6s remaining=1061
    iter=940 E=-1.9939347037 nfev=944 t=1394.1s remaining=1060
    iter=941 E=-1.9939367357 nfev=945 t=1395.5s remaining=1059
    iter=942 E=-1.9939389102 nfev=946 t=1396.9s remaining=1058
    iter=943 E=-1.9939409597 nfev=947 t=1398.4s remaining=1057
    iter=944 E=-1.9939427016 nfev=948 t=1399.8s remaining=1056
    iter=945 E=-1.9939440747 nfev=949 t=1401.2s remaining=1055
    iter=946 E=-1.9939452444 nfev=950 t=1402.7s remaining=1054
    iter=947 E=-1.9939465293 nfev=951 t=1404.1s remaining=1053
    iter=948 E=-1.9939482570 nfev=952 t=1405.5s remaining=1052
    iter=949 E=-1.9939505056 nfev=953 t=1406.9s remaining=1051
    iter=950 E=-1.9939529905 nfev=954 t=1408.3s remaining=1050
    iter=951 E=-1.9939554399 nfev=955 t=1409.7s remaining=1049
    iter=952 E=-1.9939574572 nfev=956 t=1411.1s remaining=1048
    iter=953 E=-1.9939589167 nfev=957 t=1412.5s remaining=1047
    iter=954 E=-1.9939600052 nfev=958 t=1413.9s remaining=1046
    iter=955 E=-1.9939611297 nfev=959 t=1415.3s remaining=1045
    iter=956 E=-1.9939625468 nfev=960 t=1416.7s remaining=1044
    iter=957 E=-1.9939641951 nfev=961 t=1418.1s remaining=1043
    iter=958 E=-1.9939663862 nfev=962 t=1419.5s remaining=1042
    iter=959 E=-1.9939687861 nfev=963 t=1420.9s remaining=1041
    iter=960 E=-1.9939708856 nfev=964 t=1422.4s remaining=1040
    iter=961 E=-1.9939726405 nfev=965 t=1423.7s remaining=1039
    iter=962 E=-1.9939741752 nfev=966 t=1425.1s remaining=1038
    iter=963 E=-1.9939754597 nfev=967 t=1426.5s remaining=1037
    iter=964 E=-1.9939764775 nfev=968 t=1427.9s remaining=1036
    iter=965 E=-1.9939776010 nfev=969 t=1429.3s remaining=1035
    iter=966 E=-1.9939789184 nfev=970 t=1430.7s remaining=1034
    iter=967 E=-1.9939803141 nfev=971 t=1432.2s remaining=1033
    iter=968 E=-1.9939818601 nfev=972 t=1433.5s remaining=1032
    iter=969 E=-1.9939834711 nfev=973 t=1434.9s remaining=1031
    iter=970 E=-1.9939851198 nfev=974 t=1436.3s remaining=1030
    iter=971 E=-1.9939869435 nfev=975 t=1437.7s remaining=1029
    iter=972 E=-1.9939891005 nfev=976 t=1439.0s remaining=1028
    iter=973 E=-1.9939912156 nfev=977 t=1440.4s remaining=1027
    iter=974 E=-1.9939929895 nfev=978 t=1441.7s remaining=1026
    iter=975 E=-1.9939943555 nfev=979 t=1443.1s remaining=1025
    iter=976 E=-1.9939954766 nfev=980 t=1444.5s remaining=1024
    iter=977 E=-1.9939965686 nfev=981 t=1445.9s remaining=1023
    iter=978 E=-1.9939979417 nfev=982 t=1447.3s remaining=1022
    iter=979 E=-1.9939998967 nfev=983 t=1448.8s remaining=1021
    iter=980 E=-1.9940026736 nfev=984 t=1450.3s remaining=1020
    iter=981 E=-1.9940058951 nfev=985 t=1451.7s remaining=1019
    iter=982 E=-1.9940088402 nfev=986 t=1453.1s remaining=1018
    iter=983 E=-1.9940109207 nfev=987 t=1454.5s remaining=1017
    iter=984 E=-1.9940127249 nfev=988 t=1455.9s remaining=1016
    iter=985 E=-1.9940143626 nfev=989 t=1457.4s remaining=1015
    iter=986 E=-1.9940163065 nfev=990 t=1458.8s remaining=1014
    iter=987 E=-1.9940184052 nfev=991 t=1460.2s remaining=1013
    iter=988 E=-1.9940207076 nfev=992 t=1461.6s remaining=1012
    iter=989 E=-1.9940230447 nfev=993 t=1463.0s remaining=1011
    iter=990 E=-1.9940255732 nfev=994 t=1464.4s remaining=1010
    iter=991 E=-1.9940282339 nfev=995 t=1465.9s remaining=1009
    iter=992 E=-1.9940302711 nfev=996 t=1467.4s remaining=1008
    iter=993 E=-1.9940322712 nfev=997 t=1468.7s remaining=1007
    iter=994 E=-1.9940341912 nfev=998 t=1470.2s remaining=1006
    iter=995 E=-1.9940360956 nfev=999 t=1471.6s remaining=1005
    iter=996 E=-1.9940380638 nfev=1000 t=1472.9s remaining=1004
    iter=997 E=-1.9940402283 nfev=1001 t=1474.3s remaining=1003
    iter=998 E=-1.9940424183 nfev=1002 t=1475.7s remaining=1002
    iter=999 E=-1.9940442854 nfev=1003 t=1477.1s remaining=1001
    iter=1000 E=-1.9940459994 nfev=1004 t=1478.5s remaining=1000
    iter=1001 E=-1.9940478111 nfev=1005 t=1480.0s remaining=999
    iter=1002 E=-1.9940502099 nfev=1006 t=1481.5s remaining=998
    iter=1003 E=-1.9940531965 nfev=1007 t=1482.8s remaining=997
    iter=1004 E=-1.9940573255 nfev=1008 t=1484.3s remaining=996
    iter=1005 E=-1.9940615082 nfev=1009 t=1485.7s remaining=995
    iter=1006 E=-1.9940645797 nfev=1010 t=1487.1s remaining=994
    iter=1007 E=-1.9940674768 nfev=1011 t=1488.6s remaining=993
    iter=1008 E=-1.9940702756 nfev=1012 t=1490.1s remaining=992
    iter=1009 E=-1.9940730220 nfev=1013 t=1491.4s remaining=991
    iter=1010 E=-1.9940756266 nfev=1014 t=1492.8s remaining=990
    iter=1011 E=-1.9940779449 nfev=1015 t=1494.2s remaining=989
    iter=1012 E=-1.9940796697 nfev=1016 t=1495.7s remaining=988
    iter=1013 E=-1.9940814734 nfev=1017 t=1497.1s remaining=987
    iter=1014 E=-1.9940835604 nfev=1018 t=1498.6s remaining=986
    iter=1015 E=-1.9940862615 nfev=1019 t=1500.0s remaining=985
    iter=1016 E=-1.9940899561 nfev=1020 t=1501.6s remaining=984
    iter=1017 E=-1.9940939097 nfev=1021 t=1503.1s remaining=983
    iter=1018 E=-1.9940974999 nfev=1022 t=1504.5s remaining=982
    iter=1019 E=-1.9941005291 nfev=1023 t=1505.9s remaining=981
    iter=1020 E=-1.9941028922 nfev=1024 t=1507.3s remaining=980
    iter=1021 E=-1.9941047781 nfev=1025 t=1508.8s remaining=979
    iter=1022 E=-1.9941065106 nfev=1026 t=1510.7s remaining=978
    iter=1023 E=-1.9941079043 nfev=1027 t=1512.1s remaining=977
    iter=1024 E=-1.9941096355 nfev=1028 t=1513.5s remaining=976
    iter=1025 E=-1.9941117474 nfev=1029 t=1514.9s remaining=975
    iter=1026 E=-1.9941141896 nfev=1030 t=1516.4s remaining=974
    iter=1027 E=-1.9941174150 nfev=1031 t=1517.9s remaining=973
    iter=1028 E=-1.9941211014 nfev=1032 t=1519.4s remaining=972
    iter=1029 E=-1.9941250474 nfev=1033 t=1520.9s remaining=971
    iter=1030 E=-1.9941288228 nfev=1034 t=1522.4s remaining=970
    iter=1031 E=-1.9941318303 nfev=1035 t=1523.8s remaining=969
    iter=1032 E=-1.9941344824 nfev=1036 t=1525.2s remaining=968
    iter=1033 E=-1.9941375621 nfev=1037 t=1526.6s remaining=967
    iter=1034 E=-1.9941402378 nfev=1038 t=1528.0s remaining=966
    iter=1035 E=-1.9941425657 nfev=1039 t=1529.5s remaining=965
    iter=1036 E=-1.9941447306 nfev=1040 t=1530.9s remaining=964
    iter=1037 E=-1.9941470030 nfev=1041 t=1532.2s remaining=963
    iter=1038 E=-1.9941497127 nfev=1042 t=1533.7s remaining=962
    iter=1039 E=-1.9941525837 nfev=1043 t=1535.2s remaining=961
    iter=1040 E=-1.9941560077 nfev=1044 t=1536.6s remaining=960
    iter=1041 E=-1.9941590957 nfev=1045 t=1538.0s remaining=959
    iter=1042 E=-1.9941624187 nfev=1046 t=1539.4s remaining=958
    iter=1043 E=-1.9941658643 nfev=1047 t=1540.9s remaining=957
    iter=1044 E=-1.9941688261 nfev=1048 t=1542.2s remaining=956
    iter=1045 E=-1.9941716191 nfev=1049 t=1543.6s remaining=955
    iter=1046 E=-1.9941742675 nfev=1050 t=1545.0s remaining=954
    iter=1047 E=-1.9941767585 nfev=1051 t=1546.4s remaining=953
    iter=1048 E=-1.9941793991 nfev=1052 t=1547.9s remaining=952
    iter=1049 E=-1.9941822542 nfev=1053 t=1549.4s remaining=951
    iter=1050 E=-1.9941842340 nfev=1054 t=1550.8s remaining=950
    iter=1051 E=-1.9941865870 nfev=1055 t=1552.3s remaining=949
    iter=1052 E=-1.9941894108 nfev=1056 t=1553.9s remaining=948
    iter=1053 E=-1.9941925315 nfev=1057 t=1555.4s remaining=947
    iter=1054 E=-1.9941962173 nfev=1058 t=1556.9s remaining=946
    iter=1055 E=-1.9942001132 nfev=1059 t=1558.4s remaining=945
    iter=1056 E=-1.9942032430 nfev=1060 t=1559.8s remaining=944
    iter=1057 E=-1.9942055557 nfev=1061 t=1561.2s remaining=943
    iter=1058 E=-1.9942077780 nfev=1062 t=1562.6s remaining=942
    iter=1059 E=-1.9942100309 nfev=1063 t=1564.0s remaining=941
    iter=1060 E=-1.9942123088 nfev=1064 t=1565.4s remaining=940
    iter=1061 E=-1.9942149023 nfev=1065 t=1566.8s remaining=939
    iter=1062 E=-1.9942179294 nfev=1066 t=1568.2s remaining=938
    iter=1063 E=-1.9942217785 nfev=1067 t=1569.8s remaining=937
    iter=1064 E=-1.9942256135 nfev=1068 t=1571.3s remaining=936
    iter=1065 E=-1.9942299957 nfev=1069 t=1572.9s remaining=935
    iter=1066 E=-1.9942336747 nfev=1070 t=1574.4s remaining=934
    iter=1067 E=-1.9942369110 nfev=1071 t=1575.9s remaining=933
    iter=1068 E=-1.9942398338 nfev=1072 t=1577.4s remaining=932
    iter=1069 E=-1.9942422043 nfev=1073 t=1578.8s remaining=931
    iter=1070 E=-1.9942447931 nfev=1074 t=1580.3s remaining=930
    iter=1071 E=-1.9942471919 nfev=1075 t=1581.8s remaining=929
    iter=1072 E=-1.9942486240 nfev=1076 t=1583.4s remaining=928
    iter=1073 E=-1.9942502639 nfev=1077 t=1584.8s remaining=927
    iter=1074 E=-1.9942524987 nfev=1078 t=1586.3s remaining=926
    iter=1075 E=-1.9942553136 nfev=1079 t=1587.7s remaining=925
    iter=1076 E=-1.9942584371 nfev=1080 t=1589.1s remaining=924
    iter=1077 E=-1.9942617240 nfev=1081 t=1590.5s remaining=923
    iter=1078 E=-1.9942647997 nfev=1082 t=1592.1s remaining=922
    iter=1079 E=-1.9942676364 nfev=1083 t=1593.6s remaining=921
    iter=1080 E=-1.9942697234 nfev=1084 t=1595.2s remaining=920
    iter=1081 E=-1.9942713926 nfev=1085 t=1596.8s remaining=919
    iter=1082 E=-1.9942727594 nfev=1086 t=1598.5s remaining=918
    iter=1083 E=-1.9942739755 nfev=1087 t=1600.1s remaining=917
    iter=1084 E=-1.9942755725 nfev=1088 t=1601.5s remaining=916
    iter=1085 E=-1.9942777046 nfev=1089 t=1603.0s remaining=915
    iter=1086 E=-1.9942807501 nfev=1090 t=1604.4s remaining=914
    iter=1087 E=-1.9942842473 nfev=1091 t=1605.8s remaining=913
    iter=1088 E=-1.9942872996 nfev=1092 t=1607.2s remaining=912
    iter=1089 E=-1.9942906014 nfev=1093 t=1608.6s remaining=911
    iter=1090 E=-1.9942945363 nfev=1094 t=1610.0s remaining=910
    iter=1091 E=-1.9942975333 nfev=1095 t=1611.4s remaining=909
    iter=1092 E=-1.9943001610 nfev=1096 t=1612.8s remaining=908
    iter=1093 E=-1.9943021945 nfev=1097 t=1614.2s remaining=907
    iter=1094 E=-1.9943037154 nfev=1098 t=1615.6s remaining=906
    iter=1095 E=-1.9943053285 nfev=1099 t=1617.0s remaining=905
    iter=1096 E=-1.9943070593 nfev=1100 t=1618.5s remaining=904
    iter=1097 E=-1.9943089773 nfev=1101 t=1619.9s remaining=903
    iter=1098 E=-1.9943117186 nfev=1102 t=1621.4s remaining=902
    iter=1099 E=-1.9943154304 nfev=1103 t=1622.8s remaining=901
    iter=1100 E=-1.9943185236 nfev=1104 t=1624.3s remaining=900
    iter=1101 E=-1.9943208115 nfev=1105 t=1625.8s remaining=899
    iter=1102 E=-1.9943225505 nfev=1106 t=1627.3s remaining=898
    iter=1103 E=-1.9943238263 nfev=1107 t=1628.8s remaining=897
    iter=1104 E=-1.9943248966 nfev=1108 t=1630.3s remaining=896
    iter=1105 E=-1.9943259592 nfev=1109 t=1631.9s remaining=895
    iter=1106 E=-1.9943270299 nfev=1110 t=1633.5s remaining=894
    iter=1107 E=-1.9943285127 nfev=1111 t=1635.0s remaining=893
    iter=1108 E=-1.9943305212 nfev=1112 t=1636.4s remaining=892
    iter=1109 E=-1.9943329302 nfev=1113 t=1637.9s remaining=891
    iter=1110 E=-1.9943351287 nfev=1114 t=1639.3s remaining=890
    iter=1111 E=-1.9943369199 nfev=1115 t=1640.8s remaining=889
    iter=1112 E=-1.9943385815 nfev=1116 t=1642.3s remaining=888
    iter=1113 E=-1.9943402482 nfev=1117 t=1643.8s remaining=887
    iter=1114 E=-1.9943417309 nfev=1118 t=1645.2s remaining=886
    iter=1115 E=-1.9943430924 nfev=1119 t=1646.6s remaining=885
    iter=1116 E=-1.9943443732 nfev=1120 t=1648.0s remaining=884
    iter=1117 E=-1.9943456113 nfev=1121 t=1649.5s remaining=883
    iter=1118 E=-1.9943468110 nfev=1122 t=1650.9s remaining=882
    iter=1119 E=-1.9943482890 nfev=1123 t=1652.3s remaining=881
    iter=1120 E=-1.9943502827 nfev=1124 t=1653.7s remaining=880
    iter=1121 E=-1.9943527674 nfev=1125 t=1655.1s remaining=879
    iter=1122 E=-1.9943555583 nfev=1126 t=1656.5s remaining=878
    iter=1123 E=-1.9943582620 nfev=1127 t=1657.9s remaining=877
    iter=1124 E=-1.9943606186 nfev=1128 t=1659.2s remaining=876
    iter=1125 E=-1.9943623967 nfev=1129 t=1660.6s remaining=875
    iter=1126 E=-1.9943635156 nfev=1130 t=1662.0s remaining=874
    iter=1127 E=-1.9943643780 nfev=1131 t=1663.4s remaining=873
    iter=1128 E=-1.9943651233 nfev=1132 t=1664.8s remaining=872
    iter=1129 E=-1.9943658572 nfev=1133 t=1666.2s remaining=871
    iter=1130 E=-1.9943666985 nfev=1134 t=1667.6s remaining=870
    iter=1131 E=-1.9943675987 nfev=1135 t=1669.1s remaining=869
    iter=1132 E=-1.9943684821 nfev=1136 t=1670.5s remaining=868
    iter=1133 E=-1.9943696116 nfev=1137 t=1671.9s remaining=867
    iter=1134 E=-1.9943712101 nfev=1138 t=1673.2s remaining=866
    iter=1135 E=-1.9943729869 nfev=1139 t=1674.6s remaining=865
    iter=1136 E=-1.9943746706 nfev=1140 t=1675.9s remaining=864
    iter=1137 E=-1.9943760353 nfev=1141 t=1677.4s remaining=863
    iter=1138 E=-1.9943770572 nfev=1142 t=1678.8s remaining=862
    iter=1139 E=-1.9943778254 nfev=1143 t=1680.1s remaining=861
    iter=1140 E=-1.9943784472 nfev=1144 t=1681.6s remaining=860
    iter=1141 E=-1.9943790969 nfev=1145 t=1683.1s remaining=859
    iter=1142 E=-1.9943799208 nfev=1146 t=1684.5s remaining=858
    iter=1143 E=-1.9943810684 nfev=1147 t=1686.0s remaining=857
    iter=1144 E=-1.9943823290 nfev=1148 t=1687.4s remaining=856
    iter=1145 E=-1.9943834513 nfev=1149 t=1688.9s remaining=855
    iter=1146 E=-1.9943843754 nfev=1150 t=1690.3s remaining=854
    iter=1147 E=-1.9943851022 nfev=1151 t=1691.8s remaining=853
    iter=1148 E=-1.9943856804 nfev=1152 t=1693.3s remaining=852
    iter=1149 E=-1.9943861611 nfev=1153 t=1694.7s remaining=851
    iter=1150 E=-1.9943866351 nfev=1154 t=1696.2s remaining=850
    iter=1151 E=-1.9943871302 nfev=1155 t=1697.6s remaining=849
    iter=1152 E=-1.9943877144 nfev=1156 t=1699.1s remaining=848
    iter=1153 E=-1.9943884247 nfev=1157 t=1700.6s remaining=847
    iter=1154 E=-1.9943892543 nfev=1158 t=1702.0s remaining=846
    iter=1155 E=-1.9943901905 nfev=1159 t=1703.4s remaining=845
    iter=1156 E=-1.9943911752 nfev=1160 t=1704.8s remaining=844
    iter=1157 E=-1.9943921559 nfev=1161 t=1706.2s remaining=843
    iter=1158 E=-1.9943930491 nfev=1162 t=1707.5s remaining=842
    iter=1159 E=-1.9943937524 nfev=1163 t=1709.1s remaining=841
    iter=1160 E=-1.9943942250 nfev=1164 t=1710.7s remaining=840
    iter=1161 E=-1.9943945885 nfev=1165 t=1712.1s remaining=839
    iter=1162 E=-1.9943949751 nfev=1166 t=1713.6s remaining=838
    iter=1163 E=-1.9943954949 nfev=1167 t=1715.0s remaining=837
    iter=1164 E=-1.9943961828 nfev=1168 t=1716.5s remaining=836
    iter=1165 E=-1.9943969756 nfev=1169 t=1717.9s remaining=835
    iter=1166 E=-1.9943978009 nfev=1170 t=1719.4s remaining=834
    iter=1167 E=-1.9943986737 nfev=1171 t=1720.9s remaining=833
    iter=1168 E=-1.9943996707 nfev=1172 t=1722.3s remaining=832
    iter=1169 E=-1.9944008194 nfev=1173 t=1723.7s remaining=831
    iter=1170 E=-1.9944019564 nfev=1174 t=1725.1s remaining=830
    iter=1171 E=-1.9944028275 nfev=1175 t=1726.5s remaining=829
    iter=1172 E=-1.9944033735 nfev=1176 t=1728.0s remaining=828
    iter=1173 E=-1.9944037159 nfev=1177 t=1729.4s remaining=827
    iter=1174 E=-1.9944040045 nfev=1178 t=1730.9s remaining=826
    iter=1175 E=-1.9944043597 nfev=1179 t=1732.3s remaining=825
    iter=1176 E=-1.9944049085 nfev=1180 t=1733.8s remaining=824
    iter=1177 E=-1.9944057425 nfev=1181 t=1735.3s remaining=823
    iter=1178 E=-1.9944068468 nfev=1182 t=1736.7s remaining=822
    iter=1179 E=-1.9944078880 nfev=1183 t=1738.1s remaining=821
    iter=1180 E=-1.9944087731 nfev=1184 t=1739.5s remaining=820
    iter=1181 E=-1.9944093014 nfev=1185 t=1740.9s remaining=819
    iter=1182 E=-1.9944096570 nfev=1186 t=1742.4s remaining=818
    iter=1183 E=-1.9944099631 nfev=1187 t=1744.0s remaining=817
    iter=1184 E=-1.9944102885 nfev=1188 t=1745.5s remaining=816
    iter=1185 E=-1.9944106529 nfev=1189 t=1747.0s remaining=815
    iter=1186 E=-1.9944111151 nfev=1190 t=1748.5s remaining=814
    iter=1187 E=-1.9944117309 nfev=1191 t=1750.2s remaining=813
    iter=1188 E=-1.9944124878 nfev=1192 t=1751.6s remaining=812
    iter=1189 E=-1.9944132614 nfev=1193 t=1753.0s remaining=811
    iter=1190 E=-1.9944139358 nfev=1194 t=1754.7s remaining=810
    iter=1191 E=-1.9944144962 nfev=1195 t=1756.2s remaining=809
    iter=1192 E=-1.9944149836 nfev=1196 t=1757.6s remaining=808
    iter=1193 E=-1.9944154038 nfev=1197 t=1759.0s remaining=807
    iter=1194 E=-1.9944157594 nfev=1198 t=1760.4s remaining=806
    iter=1195 E=-1.9944160621 nfev=1199 t=1761.9s remaining=805
    iter=1196 E=-1.9944163508 nfev=1200 t=1763.3s remaining=804
    iter=1197 E=-1.9944166606 nfev=1201 t=1764.8s remaining=803
    iter=1198 E=-1.9944170112 nfev=1202 t=1766.2s remaining=802
    iter=1199 E=-1.9944173994 nfev=1203 t=1767.7s remaining=801
    iter=1200 E=-1.9944178396 nfev=1204 t=1769.1s remaining=800
    iter=1201 E=-1.9944183819 nfev=1205 t=1770.6s remaining=799
    iter=1202 E=-1.9944189876 nfev=1206 t=1772.1s remaining=798
    iter=1203 E=-1.9944195417 nfev=1207 t=1773.5s remaining=797
    iter=1204 E=-1.9944199576 nfev=1208 t=1775.0s remaining=796
    iter=1205 E=-1.9944202484 nfev=1209 t=1776.4s remaining=795
    iter=1206 E=-1.9944204892 nfev=1210 t=1777.8s remaining=794
    iter=1207 E=-1.9944207268 nfev=1211 t=1779.3s remaining=793
    iter=1208 E=-1.9944209873 nfev=1212 t=1780.7s remaining=792
    iter=1209 E=-1.9944212825 nfev=1213 t=1782.1s remaining=791
    iter=1210 E=-1.9944216106 nfev=1214 t=1783.4s remaining=790
    iter=1211 E=-1.9944219548 nfev=1215 t=1784.8s remaining=789
    iter=1212 E=-1.9944223333 nfev=1216 t=1786.3s remaining=788
    iter=1213 E=-1.9944227794 nfev=1217 t=1787.7s remaining=787
    iter=1214 E=-1.9944233002 nfev=1218 t=1789.1s remaining=786
    iter=1215 E=-1.9944237663 nfev=1219 t=1790.5s remaining=785
    iter=1216 E=-1.9944240770 nfev=1220 t=1791.8s remaining=784
    iter=1217 E=-1.9944242748 nfev=1221 t=1793.2s remaining=783
    iter=1218 E=-1.9944244530 nfev=1222 t=1794.6s remaining=782
    iter=1219 E=-1.9944246873 nfev=1223 t=1796.0s remaining=781
    iter=1220 E=-1.9944250503 nfev=1224 t=1797.5s remaining=780
    iter=1221 E=-1.9944256117 nfev=1225 t=1798.9s remaining=779
    iter=1222 E=-1.9944264133 nfev=1226 t=1800.3s remaining=778
    iter=1223 E=-1.9944272304 nfev=1227 t=1801.7s remaining=777
    iter=1224 E=-1.9944279185 nfev=1228 t=1803.1s remaining=776
    iter=1225 E=-1.9944283107 nfev=1229 t=1804.6s remaining=775
    iter=1226 E=-1.9944285540 nfev=1230 t=1806.1s remaining=774
    iter=1227 E=-1.9944287760 nfev=1231 t=1807.5s remaining=773
    iter=1228 E=-1.9944290363 nfev=1232 t=1808.9s remaining=772
    iter=1229 E=-1.9944293267 nfev=1233 t=1810.3s remaining=771
    iter=1230 E=-1.9944296647 nfev=1234 t=1811.7s remaining=770
    iter=1231 E=-1.9944300762 nfev=1235 t=1813.1s remaining=769
    iter=1232 E=-1.9944306166 nfev=1236 t=1814.5s remaining=768
    iter=1233 E=-1.9944313519 nfev=1237 t=1816.0s remaining=767
    iter=1234 E=-1.9944322500 nfev=1238 t=1817.5s remaining=766
    iter=1235 E=-1.9944331084 nfev=1239 t=1818.8s remaining=765
    iter=1236 E=-1.9944336450 nfev=1240 t=1820.3s remaining=764
    iter=1237 E=-1.9944339199 nfev=1241 t=1821.8s remaining=763
    iter=1238 E=-1.9944340877 nfev=1242 t=1823.2s remaining=762
    iter=1239 E=-1.9944342694 nfev=1243 t=1824.7s remaining=761
    iter=1240 E=-1.9944345214 nfev=1244 t=1826.1s remaining=760
    iter=1241 E=-1.9944348945 nfev=1245 t=1827.5s remaining=759
    iter=1242 E=-1.9944354372 nfev=1246 t=1829.0s remaining=758
    iter=1243 E=-1.9944361154 nfev=1247 t=1830.4s remaining=757
    iter=1244 E=-1.9944367937 nfev=1248 t=1831.9s remaining=756
    iter=1245 E=-1.9944373103 nfev=1249 t=1833.2s remaining=755
    iter=1246 E=-1.9944376381 nfev=1250 t=1834.7s remaining=754
    iter=1247 E=-1.9944378531 nfev=1251 t=1836.1s remaining=753
    iter=1248 E=-1.9944380313 nfev=1252 t=1837.6s remaining=752
    iter=1249 E=-1.9944382122 nfev=1253 t=1839.1s remaining=751
    iter=1250 E=-1.9944384086 nfev=1254 t=1840.6s remaining=750
    iter=1251 E=-1.9944386224 nfev=1255 t=1842.0s remaining=749
    iter=1252 E=-1.9944388691 nfev=1256 t=1843.4s remaining=748
    iter=1253 E=-1.9944391927 nfev=1257 t=1844.7s remaining=747
    iter=1254 E=-1.9944396549 nfev=1258 t=1846.2s remaining=746
    iter=1255 E=-1.9944402619 nfev=1259 t=1847.5s remaining=745
    iter=1256 E=-1.9944408655 nfev=1260 t=1848.9s remaining=744
    iter=1257 E=-1.9944412885 nfev=1261 t=1850.3s remaining=743
    iter=1258 E=-1.9944415179 nfev=1262 t=1851.7s remaining=742
    iter=1259 E=-1.9944416726 nfev=1263 t=1853.1s remaining=741
    iter=1260 E=-1.9944418270 nfev=1264 t=1854.5s remaining=740
    iter=1261 E=-1.9944419981 nfev=1265 t=1855.9s remaining=739
    iter=1262 E=-1.9944422091 nfev=1266 t=1857.4s remaining=738
    iter=1263 E=-1.9944424870 nfev=1267 t=1858.8s remaining=737
    iter=1264 E=-1.9944428524 nfev=1268 t=1860.2s remaining=736
    iter=1265 E=-1.9944432778 nfev=1269 t=1861.6s remaining=735
    iter=1266 E=-1.9944436905 nfev=1270 t=1863.0s remaining=734
    iter=1267 E=-1.9944439813 nfev=1271 t=1864.4s remaining=733
    iter=1268 E=-1.9944441535 nfev=1272 t=1865.8s remaining=732
    iter=1269 E=-1.9944442600 nfev=1273 t=1867.2s remaining=731
    iter=1270 E=-1.9944443610 nfev=1274 t=1868.7s remaining=730
    iter=1271 E=-1.9944444867 nfev=1275 t=1870.2s remaining=729
    iter=1272 E=-1.9944446616 nfev=1276 t=1871.6s remaining=728
    iter=1273 E=-1.9944449226 nfev=1277 t=1873.0s remaining=727
    iter=1274 E=-1.9944452654 nfev=1278 t=1874.3s remaining=726
    iter=1275 E=-1.9944456376 nfev=1279 t=1875.7s remaining=725
    iter=1276 E=-1.9944459607 nfev=1280 t=1877.3s remaining=724
    iter=1277 E=-1.9944462121 nfev=1281 t=1878.8s remaining=723
    iter=1278 E=-1.9944464140 nfev=1282 t=1880.5s remaining=722
    iter=1279 E=-1.9944465749 nfev=1283 t=1882.0s remaining=721
    iter=1280 E=-1.9944467015 nfev=1284 t=1883.6s remaining=720
    iter=1281 E=-1.9944468151 nfev=1285 t=1885.2s remaining=719
    iter=1282 E=-1.9944469594 nfev=1286 t=1886.9s remaining=718
    iter=1283 E=-1.9944471795 nfev=1287 t=1888.4s remaining=717
    iter=1284 E=-1.9944475167 nfev=1288 t=1889.8s remaining=716
    iter=1285 E=-1.9944480166 nfev=1289 t=1891.2s remaining=715
    iter=1286 E=-1.9944486157 nfev=1290 t=1892.7s remaining=714
    iter=1287 E=-1.9944492119 nfev=1291 t=1894.2s remaining=713
    iter=1288 E=-1.9944496863 nfev=1292 t=1895.6s remaining=712
    iter=1289 E=-1.9944499794 nfev=1293 t=1897.2s remaining=711
    iter=1290 E=-1.9944501674 nfev=1294 t=1898.6s remaining=710
    iter=1291 E=-1.9944503123 nfev=1295 t=1900.1s remaining=709
    iter=1292 E=-1.9944504593 nfev=1296 t=1901.5s remaining=708
    iter=1293 E=-1.9944506523 nfev=1297 t=1902.9s remaining=707
    iter=1294 E=-1.9944509476 nfev=1298 t=1904.5s remaining=706
    iter=1295 E=-1.9944513918 nfev=1299 t=1906.0s remaining=705
    iter=1296 E=-1.9944519878 nfev=1300 t=1907.4s remaining=704
    iter=1297 E=-1.9944525691 nfev=1301 t=1908.8s remaining=703
    iter=1298 E=-1.9944530151 nfev=1302 t=1910.2s remaining=702
    iter=1299 E=-1.9944532538 nfev=1303 t=1911.6s remaining=701
    iter=1300 E=-1.9944534104 nfev=1304 t=1913.1s remaining=700
    iter=1301 E=-1.9944535488 nfev=1305 t=1914.4s remaining=699
    iter=1302 E=-1.9944537273 nfev=1306 t=1915.8s remaining=698
    iter=1303 E=-1.9944539701 nfev=1307 t=1917.3s remaining=697
    iter=1304 E=-1.9944543314 nfev=1308 t=1918.7s remaining=696
    iter=1305 E=-1.9944548560 nfev=1309 t=1920.0s remaining=695
    iter=1306 E=-1.9944555270 nfev=1310 t=1921.5s remaining=694
    iter=1307 E=-1.9944562584 nfev=1311 t=1922.8s remaining=693
    iter=1308 E=-1.9944569568 nfev=1312 t=1924.2s remaining=692
    iter=1309 E=-1.9944574621 nfev=1313 t=1925.6s remaining=691
    iter=1310 E=-1.9944577688 nfev=1314 t=1927.0s remaining=690
    iter=1311 E=-1.9944579332 nfev=1315 t=1928.4s remaining=689
    iter=1312 E=-1.9944580474 nfev=1316 t=1929.8s remaining=688
    iter=1313 E=-1.9944581827 nfev=1317 t=1931.5s remaining=687
    iter=1314 E=-1.9944583797 nfev=1318 t=1932.9s remaining=686
    iter=1315 E=-1.9944586770 nfev=1319 t=1934.3s remaining=685
    iter=1316 E=-1.9944591219 nfev=1320 t=1935.7s remaining=684
    iter=1317 E=-1.9944597546 nfev=1321 t=1937.2s remaining=683
    iter=1318 E=-1.9944604153 nfev=1322 t=1938.6s remaining=682
    iter=1319 E=-1.9944609842 nfev=1323 t=1940.0s remaining=681
    iter=1320 E=-1.9944612974 nfev=1324 t=1941.4s remaining=680
    iter=1321 E=-1.9944614615 nfev=1325 t=1942.8s remaining=679
    iter=1322 E=-1.9944615738 nfev=1326 t=1944.2s remaining=678
    iter=1323 E=-1.9944617177 nfev=1327 t=1945.6s remaining=677
    iter=1324 E=-1.9944619292 nfev=1328 t=1947.1s remaining=676
    iter=1325 E=-1.9944622442 nfev=1329 t=1948.4s remaining=675
    iter=1326 E=-1.9944627013 nfev=1330 t=1949.8s remaining=674
    iter=1327 E=-1.9944633034 nfev=1331 t=1951.4s remaining=673
    iter=1328 E=-1.9944639297 nfev=1332 t=1952.7s remaining=672
    iter=1329 E=-1.9944644526 nfev=1333 t=1954.1s remaining=671
    iter=1330 E=-1.9944647349 nfev=1334 t=1955.4s remaining=670
    iter=1331 E=-1.9944648975 nfev=1335 t=1956.8s remaining=669
    iter=1332 E=-1.9944650193 nfev=1336 t=1958.2s remaining=668
    iter=1333 E=-1.9944651642 nfev=1337 t=1959.7s remaining=667
    iter=1334 E=-1.9944653448 nfev=1338 t=1961.1s remaining=666
    iter=1335 E=-1.9944656321 nfev=1339 t=1962.5s remaining=665
    iter=1336 E=-1.9944660913 nfev=1340 t=1963.9s remaining=664
    iter=1337 E=-1.9944667835 nfev=1341 t=1965.2s remaining=663
    iter=1338 E=-1.9944675850 nfev=1342 t=1966.6s remaining=662
    iter=1339 E=-1.9944680471 nfev=1343 t=1967.9s remaining=661
    iter=1340 E=-1.9944683389 nfev=1344 t=1969.3s remaining=660
    iter=1341 E=-1.9944684447 nfev=1345 t=1970.7s remaining=659
    iter=1342 E=-1.9944685339 nfev=1346 t=1972.1s remaining=658
    iter=1343 E=-1.9944686720 nfev=1347 t=1973.5s remaining=657
    iter=1344 E=-1.9944688867 nfev=1348 t=1974.9s remaining=656
    iter=1345 E=-1.9944692100 nfev=1349 t=1976.2s remaining=655
    iter=1346 E=-1.9944696800 nfev=1350 t=1977.6s remaining=654
    iter=1347 E=-1.9944702698 nfev=1351 t=1979.0s remaining=653
    iter=1348 E=-1.9944707829 nfev=1352 t=1980.4s remaining=652
    iter=1349 E=-1.9944711212 nfev=1353 t=1981.9s remaining=651
    iter=1350 E=-1.9944712957 nfev=1354 t=1983.3s remaining=650
    iter=1351 E=-1.9944713992 nfev=1355 t=1984.7s remaining=649
    iter=1352 E=-1.9944715199 nfev=1356 t=1986.2s remaining=648
    iter=1353 E=-1.9944716770 nfev=1357 t=1987.6s remaining=647
    iter=1354 E=-1.9944718979 nfev=1358 t=1988.9s remaining=646
    iter=1355 E=-1.9944722442 nfev=1359 t=1990.3s remaining=645
    iter=1356 E=-1.9944727848 nfev=1360 t=1991.7s remaining=644
    iter=1357 E=-1.9944735225 nfev=1361 t=1993.2s remaining=643
    iter=1358 E=-1.9944740141 nfev=1362 t=1994.6s remaining=642
    iter=1359 E=-1.9944743628 nfev=1363 t=1995.9s remaining=641
    iter=1360 E=-1.9944745559 nfev=1364 t=1997.4s remaining=640
    iter=1361 E=-1.9944747002 nfev=1365 t=1998.8s remaining=639
    iter=1362 E=-1.9944748434 nfev=1366 t=2000.2s remaining=638
    iter=1363 E=-1.9944750034 nfev=1367 t=2001.6s remaining=637
    iter=1364 E=-1.9944751903 nfev=1368 t=2002.9s remaining=636
    iter=1365 E=-1.9944754394 nfev=1369 t=2004.3s remaining=635
    iter=1366 E=-1.9944757716 nfev=1370 t=2005.7s remaining=634
    iter=1367 E=-1.9944761922 nfev=1371 t=2007.1s remaining=633
    iter=1368 E=-1.9944766569 nfev=1372 t=2008.5s remaining=632
    iter=1369 E=-1.9944771656 nfev=1373 t=2010.0s remaining=631
    iter=1370 E=-1.9944776381 nfev=1374 t=2011.6s remaining=630
    iter=1371 E=-1.9944780644 nfev=1375 t=2013.0s remaining=629
    iter=1372 E=-1.9944783813 nfev=1376 t=2014.4s remaining=628
    iter=1373 E=-1.9944785851 nfev=1377 t=2015.8s remaining=627
    iter=1374 E=-1.9944787328 nfev=1378 t=2017.2s remaining=626
    iter=1375 E=-1.9944788661 nfev=1379 t=2018.6s remaining=625
    iter=1376 E=-1.9944790382 nfev=1380 t=2020.0s remaining=624
    iter=1377 E=-1.9944792917 nfev=1381 t=2021.4s remaining=623
    iter=1378 E=-1.9944796611 nfev=1382 t=2023.0s remaining=622
    iter=1379 E=-1.9944801883 nfev=1383 t=2024.4s remaining=621
    iter=1380 E=-1.9944808742 nfev=1384 t=2025.8s remaining=620
    iter=1381 E=-1.9944815731 nfev=1385 t=2027.2s remaining=619
    iter=1382 E=-1.9944821419 nfev=1386 t=2028.6s remaining=618
    iter=1383 E=-1.9944824156 nfev=1387 t=2030.0s remaining=617
    iter=1384 E=-1.9944825313 nfev=1388 t=2031.4s remaining=616
    iter=1385 E=-1.9944826339 nfev=1389 t=2032.9s remaining=615
    iter=1386 E=-1.9944827678 nfev=1390 t=2034.3s remaining=614
    iter=1387 E=-1.9944829604 nfev=1391 t=2035.6s remaining=613
    iter=1388 E=-1.9944832474 nfev=1392 t=2036.9s remaining=612
    iter=1389 E=-1.9944836625 nfev=1393 t=2038.4s remaining=611
    iter=1390 E=-1.9944841872 nfev=1394 t=2039.8s remaining=610
    iter=1391 E=-1.9944847438 nfev=1395 t=2041.2s remaining=609
    iter=1392 E=-1.9944852605 nfev=1396 t=2042.5s remaining=608
    iter=1393 E=-1.9944855867 nfev=1397 t=2043.9s remaining=607
    iter=1394 E=-1.9944857844 nfev=1398 t=2045.3s remaining=606
    iter=1395 E=-1.9944858989 nfev=1399 t=2046.6s remaining=605
    iter=1396 E=-1.9944860128 nfev=1400 t=2048.0s remaining=604
    iter=1397 E=-1.9944861789 nfev=1401 t=2049.3s remaining=603
    iter=1398 E=-1.9944864309 nfev=1402 t=2050.7s remaining=602
    iter=1399 E=-1.9944868276 nfev=1403 t=2052.0s remaining=601
    iter=1400 E=-1.9944874304 nfev=1404 t=2053.5s remaining=600
    iter=1401 E=-1.9944882072 nfev=1405 t=2054.9s remaining=599
    iter=1402 E=-1.9944887087 nfev=1406 t=2056.3s remaining=598
    iter=1403 E=-1.9944890941 nfev=1407 t=2057.8s remaining=597
    iter=1404 E=-1.9944892826 nfev=1408 t=2059.2s remaining=596
    iter=1405 E=-1.9944894016 nfev=1409 t=2060.6s remaining=595
    iter=1406 E=-1.9944895346 nfev=1410 t=2062.0s remaining=594
    iter=1407 E=-1.9944897299 nfev=1411 t=2063.4s remaining=593
    iter=1408 E=-1.9944899635 nfev=1412 t=2064.8s remaining=592
    iter=1409 E=-1.9944903137 nfev=1413 t=2066.2s remaining=591
    iter=1410 E=-1.9944908344 nfev=1414 t=2067.6s remaining=590
    iter=1411 E=-1.9944915496 nfev=1415 t=2069.0s remaining=589
    iter=1412 E=-1.9944921191 nfev=1416 t=2070.8s remaining=588
    iter=1413 E=-1.9944924816 nfev=1417 t=2072.3s remaining=587
    iter=1414 E=-1.9944926948 nfev=1418 t=2073.8s remaining=586
    iter=1415 E=-1.9944928340 nfev=1419 t=2075.2s remaining=585
    iter=1416 E=-1.9944929439 nfev=1420 t=2076.5s remaining=584
    iter=1417 E=-1.9944930822 nfev=1421 t=2077.9s remaining=583
    iter=1418 E=-1.9944932762 nfev=1422 t=2079.2s remaining=582
    iter=1419 E=-1.9944935742 nfev=1423 t=2080.6s remaining=581
    iter=1420 E=-1.9944940455 nfev=1424 t=2081.9s remaining=580
    iter=1421 E=-1.9944947649 nfev=1425 t=2083.2s remaining=579
    iter=1422 E=-1.9944956124 nfev=1426 t=2084.6s remaining=578
    iter=1423 E=-1.9944961291 nfev=1427 t=2086.0s remaining=577
    iter=1424 E=-1.9944965057 nfev=1428 t=2087.3s remaining=576
    iter=1425 E=-1.9944967494 nfev=1429 t=2088.7s remaining=575
    iter=1426 E=-1.9944969229 nfev=1430 t=2090.0s remaining=574
    iter=1427 E=-1.9944970506 nfev=1431 t=2091.3s remaining=573
    iter=1428 E=-1.9944971630 nfev=1432 t=2092.7s remaining=572
    iter=1429 E=-1.9944972764 nfev=1433 t=2094.0s remaining=571
    iter=1430 E=-1.9944974423 nfev=1434 t=2095.3s remaining=570
    iter=1431 E=-1.9944977020 nfev=1435 t=2096.7s remaining=569
    iter=1432 E=-1.9944981043 nfev=1436 t=2098.1s remaining=568
    iter=1433 E=-1.9944986375 nfev=1437 t=2099.4s remaining=567
    iter=1434 E=-1.9944991521 nfev=1438 t=2100.8s remaining=566
    iter=1435 E=-1.9944996486 nfev=1439 t=2102.1s remaining=565
    iter=1436 E=-1.9945001523 nfev=1440 t=2103.5s remaining=564
    iter=1437 E=-1.9945003823 nfev=1441 t=2104.9s remaining=563
    iter=1438 E=-1.9945005336 nfev=1442 t=2106.2s remaining=562
    iter=1439 E=-1.9945006770 nfev=1443 t=2107.6s remaining=561
    iter=1440 E=-1.9945007967 nfev=1444 t=2109.1s remaining=560
    iter=1441 E=-1.9945009889 nfev=1445 t=2110.5s remaining=559
    iter=1442 E=-1.9945013018 nfev=1446 t=2111.8s remaining=558
    iter=1443 E=-1.9945018042 nfev=1447 t=2113.2s remaining=557
    iter=1444 E=-1.9945025442 nfev=1448 t=2114.6s remaining=556
    iter=1445 E=-1.9945034270 nfev=1449 t=2116.0s remaining=555
    iter=1446 E=-1.9945042234 nfev=1450 t=2117.4s remaining=554
    iter=1447 E=-1.9945049222 nfev=1451 t=2118.8s remaining=553
    iter=1448 E=-1.9945052941 nfev=1452 t=2120.3s remaining=552
    iter=1449 E=-1.9945055011 nfev=1453 t=2121.7s remaining=551
    iter=1450 E=-1.9945056408 nfev=1454 t=2123.1s remaining=550
    iter=1451 E=-1.9945057627 nfev=1455 t=2124.5s remaining=549
    iter=1452 E=-1.9945058847 nfev=1456 t=2125.9s remaining=548
    iter=1453 E=-1.9945060862 nfev=1457 t=2127.3s remaining=547
    iter=1454 E=-1.9945064206 nfev=1458 t=2128.7s remaining=546
    iter=1455 E=-1.9945069563 nfev=1459 t=2130.1s remaining=545
    iter=1456 E=-1.9945077070 nfev=1460 t=2131.5s remaining=544
    iter=1457 E=-1.9945084048 nfev=1461 t=2132.9s remaining=543
    iter=1458 E=-1.9945089489 nfev=1462 t=2134.4s remaining=542
    iter=1459 E=-1.9945093664 nfev=1463 t=2135.8s remaining=541
    iter=1460 E=-1.9945095539 nfev=1464 t=2137.2s remaining=540
    iter=1461 E=-1.9945096801 nfev=1465 t=2138.7s remaining=539
    iter=1462 E=-1.9945098558 nfev=1466 t=2140.2s remaining=538
    iter=1463 E=-1.9945100547 nfev=1467 t=2141.6s remaining=537
    iter=1464 E=-1.9945103058 nfev=1468 t=2143.0s remaining=536
    iter=1465 E=-1.9945107096 nfev=1469 t=2144.4s remaining=535
    iter=1466 E=-1.9945113385 nfev=1470 t=2145.8s remaining=534
    iter=1467 E=-1.9945122190 nfev=1471 t=2147.3s remaining=533
    iter=1468 E=-1.9945130654 nfev=1472 t=2148.7s remaining=532
    iter=1469 E=-1.9945139018 nfev=1473 t=2150.1s remaining=531
    iter=1470 E=-1.9945145203 nfev=1474 t=2151.5s remaining=530
    iter=1471 E=-1.9945147921 nfev=1475 t=2152.9s remaining=529
    iter=1472 E=-1.9945149541 nfev=1476 t=2154.4s remaining=528
    iter=1473 E=-1.9945150930 nfev=1477 t=2155.8s remaining=527
    iter=1474 E=-1.9945152667 nfev=1478 t=2157.2s remaining=526
    iter=1475 E=-1.9945155009 nfev=1479 t=2158.6s remaining=525
    iter=1476 E=-1.9945158592 nfev=1480 t=2160.1s remaining=524
    iter=1477 E=-1.9945163966 nfev=1481 t=2161.5s remaining=523
    iter=1478 E=-1.9945171467 nfev=1482 t=2162.9s remaining=522
    iter=1479 E=-1.9945179030 nfev=1483 t=2164.3s remaining=521
    iter=1480 E=-1.9945187947 nfev=1484 t=2165.9s remaining=520
    iter=1481 E=-1.9945195508 nfev=1485 t=2167.7s remaining=519
    iter=1482 E=-1.9945200950 nfev=1486 t=2169.3s remaining=518
    iter=1483 E=-1.9945204296 nfev=1487 t=2170.8s remaining=517
    iter=1484 E=-1.9945206373 nfev=1488 t=2172.3s remaining=516
    iter=1485 E=-1.9945207859 nfev=1489 t=2173.9s remaining=515
    iter=1486 E=-1.9945209994 nfev=1490 t=2175.3s remaining=514
    iter=1487 E=-1.9945213486 nfev=1491 t=2176.7s remaining=513
    iter=1488 E=-1.9945219166 nfev=1492 t=2178.1s remaining=512
    iter=1489 E=-1.9945227649 nfev=1493 t=2179.6s remaining=511
    iter=1490 E=-1.9945236962 nfev=1494 t=2181.0s remaining=510
    iter=1491 E=-1.9945244464 nfev=1495 t=2182.3s remaining=509
    iter=1492 E=-1.9945250372 nfev=1496 t=2183.8s remaining=508
    iter=1493 E=-1.9945252697 nfev=1497 t=2185.3s remaining=507
    iter=1494 E=-1.9945254283 nfev=1498 t=2186.7s remaining=506
    iter=1495 E=-1.9945255394 nfev=1499 t=2188.1s remaining=505
    iter=1496 E=-1.9945256683 nfev=1500 t=2189.6s remaining=504
    iter=1497 E=-1.9945257997 nfev=1501 t=2191.0s remaining=503
    iter=1498 E=-1.9945260095 nfev=1502 t=2192.4s remaining=502
    iter=1499 E=-1.9945263515 nfev=1503 t=2193.8s remaining=501
    iter=1500 E=-1.9945268895 nfev=1504 t=2195.2s remaining=500
    iter=1501 E=-1.9945276662 nfev=1505 t=2196.7s remaining=499
    iter=1502 E=-1.9945285579 nfev=1506 t=2198.1s remaining=498
    iter=1503 E=-1.9945295619 nfev=1507 t=2199.6s remaining=497
    iter=1504 E=-1.9945303864 nfev=1508 t=2201.1s remaining=496
    iter=1505 E=-1.9945308457 nfev=1509 t=2202.6s remaining=495
    iter=1506 E=-1.9945310945 nfev=1510 t=2204.0s remaining=494
    iter=1507 E=-1.9945312818 nfev=1511 t=2205.4s remaining=493
    iter=1508 E=-1.9945314373 nfev=1512 t=2206.8s remaining=492
    iter=1509 E=-1.9945316200 nfev=1513 t=2208.2s remaining=491
    iter=1510 E=-1.9945319071 nfev=1514 t=2209.5s remaining=490
    iter=1511 E=-1.9945323759 nfev=1515 t=2210.9s remaining=489
    iter=1512 E=-1.9945331351 nfev=1516 t=2212.3s remaining=488
    iter=1513 E=-1.9945342736 nfev=1517 t=2213.6s remaining=487
    iter=1514 E=-1.9945356740 nfev=1518 t=2215.0s remaining=486
    iter=1515 E=-1.9945368020 nfev=1519 t=2216.4s remaining=485
    iter=1516 E=-1.9945378242 nfev=1520 t=2217.7s remaining=484
    iter=1517 E=-1.9945383420 nfev=1521 t=2219.1s remaining=483
    iter=1518 E=-1.9945385992 nfev=1522 t=2220.5s remaining=482
    iter=1519 E=-1.9945388357 nfev=1523 t=2221.9s remaining=481
    iter=1520 E=-1.9945390830 nfev=1524 t=2223.3s remaining=480
    iter=1521 E=-1.9945392640 nfev=1525 t=2224.7s remaining=479
    iter=1522 E=-1.9945395449 nfev=1526 t=2226.2s remaining=478
    iter=1523 E=-1.9945400027 nfev=1527 t=2227.6s remaining=477
    iter=1524 E=-1.9945407040 nfev=1528 t=2229.0s remaining=476
    iter=1525 E=-1.9945416397 nfev=1529 t=2230.4s remaining=475
    iter=1526 E=-1.9945427468 nfev=1530 t=2231.9s remaining=474
    iter=1527 E=-1.9945439875 nfev=1531 t=2233.2s remaining=473
    iter=1528 E=-1.9945450468 nfev=1532 t=2234.6s remaining=472
    iter=1529 E=-1.9945457850 nfev=1533 t=2236.0s remaining=471
    iter=1530 E=-1.9945462735 nfev=1534 t=2237.4s remaining=470
    iter=1531 E=-1.9945466816 nfev=1535 t=2238.8s remaining=469
    iter=1532 E=-1.9945470209 nfev=1536 t=2240.3s remaining=468
    iter=1533 E=-1.9945473009 nfev=1537 t=2241.7s remaining=467
    iter=1534 E=-1.9945476502 nfev=1538 t=2243.1s remaining=466
    iter=1535 E=-1.9945480521 nfev=1539 t=2244.6s remaining=465
    iter=1536 E=-1.9945483909 nfev=1540 t=2245.9s remaining=464
    iter=1537 E=-1.9945489243 nfev=1541 t=2247.3s remaining=463
    iter=1538 E=-1.9945498212 nfev=1542 t=2248.6s remaining=462
    iter=1539 E=-1.9945512089 nfev=1543 t=2250.0s remaining=461
    iter=1540 E=-1.9945528478 nfev=1544 t=2251.4s remaining=460
    iter=1541 E=-1.9945541652 nfev=1545 t=2252.8s remaining=459
    iter=1542 E=-1.9945556405 nfev=1546 t=2254.1s remaining=458
    iter=1543 E=-1.9945567487 nfev=1547 t=2255.9s remaining=457
    iter=1544 E=-1.9945572214 nfev=1548 t=2257.4s remaining=456
    iter=1545 E=-1.9945577193 nfev=1549 t=2258.8s remaining=455
    iter=1546 E=-1.9945581481 nfev=1550 t=2260.3s remaining=454
    iter=1547 E=-1.9945584181 nfev=1551 t=2262.0s remaining=453
    iter=1548 E=-1.9945586871 nfev=1552 t=2263.6s remaining=452
    iter=1549 E=-1.9945590840 nfev=1553 t=2265.0s remaining=451
    iter=1550 E=-1.9945595835 nfev=1554 t=2266.4s remaining=450
    iter=1551 E=-1.9945601914 nfev=1555 t=2267.7s remaining=449
    iter=1552 E=-1.9945611099 nfev=1556 t=2269.0s remaining=448
    iter=1553 E=-1.9945624595 nfev=1557 t=2270.4s remaining=447
    iter=1554 E=-1.9945640560 nfev=1558 t=2271.8s remaining=446
    iter=1555 E=-1.9945652699 nfev=1559 t=2273.3s remaining=445
    iter=1556 E=-1.9945668417 nfev=1560 t=2274.7s remaining=444
    iter=1557 E=-1.9945684542 nfev=1561 t=2276.1s remaining=443
    iter=1558 E=-1.9945693651 nfev=1562 t=2277.5s remaining=442
    iter=1559 E=-1.9945700883 nfev=1563 t=2278.9s remaining=441
    iter=1560 E=-1.9945705838 nfev=1564 t=2280.2s remaining=440
    iter=1561 E=-1.9945709666 nfev=1565 t=2281.8s remaining=439
    iter=1562 E=-1.9945713352 nfev=1566 t=2283.2s remaining=438
    iter=1563 E=-1.9945716579 nfev=1567 t=2284.6s remaining=437
    iter=1564 E=-1.9945721340 nfev=1568 t=2286.3s remaining=436
    iter=1565 E=-1.9945728231 nfev=1569 t=2287.7s remaining=435
    iter=1566 E=-1.9945737655 nfev=1570 t=2289.2s remaining=434
    iter=1567 E=-1.9945751170 nfev=1571 t=2290.5s remaining=433
    iter=1568 E=-1.9945770808 nfev=1572 t=2292.0s remaining=432
    iter=1569 E=-1.9945792367 nfev=1573 t=2293.4s remaining=431
    iter=1570 E=-1.9945804123 nfev=1574 t=2295.1s remaining=430
    iter=1571 E=-1.9945813890 nfev=1575 t=2296.6s remaining=429
    iter=1572 E=-1.9945817872 nfev=1576 t=2298.0s remaining=428
    iter=1573 E=-1.9945821833 nfev=1577 t=2299.5s remaining=427
    iter=1574 E=-1.9945824696 nfev=1578 t=2300.9s remaining=426
    iter=1575 E=-1.9945827263 nfev=1579 t=2302.3s remaining=425
    iter=1576 E=-1.9945830897 nfev=1580 t=2303.7s remaining=424
    iter=1577 E=-1.9945835854 nfev=1581 t=2305.2s remaining=423
    iter=1578 E=-1.9945842310 nfev=1582 t=2306.7s remaining=422
    iter=1579 E=-1.9945851204 nfev=1583 t=2308.0s remaining=421
    iter=1580 E=-1.9945864259 nfev=1584 t=2309.4s remaining=420
    iter=1581 E=-1.9945882607 nfev=1585 t=2310.7s remaining=419
    iter=1582 E=-1.9945903217 nfev=1586 t=2312.2s remaining=418
    iter=1583 E=-1.9945924120 nfev=1587 t=2313.6s remaining=417
    iter=1584 E=-1.9945943621 nfev=1588 t=2314.9s remaining=416
    iter=1585 E=-1.9945956404 nfev=1589 t=2316.5s remaining=415
    iter=1586 E=-1.9945964796 nfev=1590 t=2318.1s remaining=414
    iter=1587 E=-1.9945971150 nfev=1591 t=2319.5s remaining=413
    iter=1588 E=-1.9945976681 nfev=1592 t=2320.8s remaining=412
    iter=1589 E=-1.9945981137 nfev=1593 t=2322.4s remaining=411
    iter=1590 E=-1.9945985864 nfev=1594 t=2323.8s remaining=410
    iter=1591 E=-1.9945992191 nfev=1595 t=2325.2s remaining=409
    iter=1592 E=-1.9946000560 nfev=1596 t=2326.5s remaining=408
    iter=1593 E=-1.9946011719 nfev=1597 t=2328.0s remaining=407
    iter=1594 E=-1.9946026710 nfev=1598 t=2329.4s remaining=406
    iter=1595 E=-1.9946041651 nfev=1599 t=2330.8s remaining=405
    iter=1596 E=-1.9946058842 nfev=1600 t=2332.2s remaining=404
    iter=1597 E=-1.9946076853 nfev=1601 t=2333.6s remaining=403
    iter=1598 E=-1.9946094095 nfev=1602 t=2335.1s remaining=402
    iter=1599 E=-1.9946102586 nfev=1603 t=2336.5s remaining=401
    iter=1600 E=-1.9946111004 nfev=1604 t=2338.0s remaining=400
    iter=1601 E=-1.9946116219 nfev=1605 t=2339.4s remaining=399
    iter=1602 E=-1.9946121002 nfev=1606 t=2340.8s remaining=398
    iter=1603 E=-1.9946125624 nfev=1607 t=2342.2s remaining=397
    iter=1604 E=-1.9946130216 nfev=1608 t=2343.7s remaining=396
    iter=1605 E=-1.9946135009 nfev=1609 t=2345.1s remaining=395
    iter=1606 E=-1.9946140530 nfev=1610 t=2346.6s remaining=394
    iter=1607 E=-1.9946146973 nfev=1611 t=2347.9s remaining=393
    iter=1608 E=-1.9946155270 nfev=1612 t=2349.4s remaining=392
    iter=1609 E=-1.9946164490 nfev=1613 t=2350.8s remaining=391
    iter=1610 E=-1.9946173335 nfev=1614 t=2352.2s remaining=390
    iter=1611 E=-1.9946182404 nfev=1615 t=2353.6s remaining=389
    iter=1612 E=-1.9946192063 nfev=1616 t=2355.1s remaining=388
    iter=1613 E=-1.9946200147 nfev=1617 t=2356.5s remaining=387
    iter=1614 E=-1.9946205896 nfev=1618 t=2357.9s remaining=386
    iter=1615 E=-1.9946211185 nfev=1619 t=2359.3s remaining=385
    iter=1616 E=-1.9946216219 nfev=1620 t=2360.7s remaining=384
    iter=1617 E=-1.9946219847 nfev=1621 t=2362.2s remaining=383
    iter=1618 E=-1.9946222936 nfev=1622 t=2363.6s remaining=382
    iter=1619 E=-1.9946225905 nfev=1623 t=2365.2s remaining=381
    iter=1620 E=-1.9946229123 nfev=1624 t=2366.7s remaining=380
    iter=1621 E=-1.9946233109 nfev=1625 t=2368.1s remaining=379
    iter=1622 E=-1.9946238175 nfev=1626 t=2369.5s remaining=378
    iter=1623 E=-1.9946244608 nfev=1627 t=2370.9s remaining=377
    iter=1624 E=-1.9946253947 nfev=1628 t=2372.3s remaining=376
    iter=1625 E=-1.9946266318 nfev=1629 t=2373.7s remaining=375
    iter=1626 E=-1.9946279141 nfev=1630 t=2375.2s remaining=374
    iter=1627 E=-1.9946292446 nfev=1631 t=2376.5s remaining=373
    iter=1628 E=-1.9946303652 nfev=1632 t=2378.1s remaining=372
    iter=1629 E=-1.9946310435 nfev=1633 t=2379.6s remaining=371
    iter=1630 E=-1.9946314908 nfev=1634 t=2381.0s remaining=370
    iter=1631 E=-1.9946317734 nfev=1635 t=2382.4s remaining=369
    iter=1632 E=-1.9946320104 nfev=1636 t=2384.1s remaining=368
    iter=1633 E=-1.9946322189 nfev=1637 t=2385.5s remaining=367
    iter=1634 E=-1.9946324807 nfev=1638 t=2386.9s remaining=366
    iter=1635 E=-1.9946328250 nfev=1639 t=2388.3s remaining=365
    iter=1636 E=-1.9946332419 nfev=1640 t=2389.8s remaining=364
    iter=1637 E=-1.9946337674 nfev=1641 t=2391.2s remaining=363
    iter=1638 E=-1.9946344781 nfev=1642 t=2392.7s remaining=362
    iter=1639 E=-1.9946353361 nfev=1643 t=2394.1s remaining=361
    iter=1640 E=-1.9946364113 nfev=1644 t=2395.6s remaining=360
    iter=1641 E=-1.9946377232 nfev=1645 t=2397.0s remaining=359
    iter=1642 E=-1.9946386914 nfev=1646 t=2398.4s remaining=358
    iter=1643 E=-1.9946393076 nfev=1647 t=2399.7s remaining=357
    iter=1644 E=-1.9946398014 nfev=1648 t=2401.0s remaining=356
    iter=1645 E=-1.9946401993 nfev=1649 t=2402.4s remaining=355
    iter=1646 E=-1.9946404852 nfev=1650 t=2403.8s remaining=354
    iter=1647 E=-1.9946407753 nfev=1651 t=2405.1s remaining=353
    iter=1648 E=-1.9946411029 nfev=1652 t=2406.5s remaining=352
    iter=1649 E=-1.9946414576 nfev=1653 t=2407.9s remaining=351
    iter=1650 E=-1.9946419706 nfev=1654 t=2409.4s remaining=350
    iter=1651 E=-1.9946426315 nfev=1655 t=2410.8s remaining=349
    iter=1652 E=-1.9946432756 nfev=1656 t=2412.3s remaining=348
    iter=1653 E=-1.9946440084 nfev=1657 t=2413.7s remaining=347
    iter=1654 E=-1.9946448694 nfev=1658 t=2415.1s remaining=346
    iter=1655 E=-1.9946459122 nfev=1659 t=2416.5s remaining=345
    iter=1656 E=-1.9946468696 nfev=1660 t=2417.9s remaining=344
    iter=1657 E=-1.9946477555 nfev=1661 t=2419.5s remaining=343
    iter=1658 E=-1.9946484850 nfev=1662 t=2420.9s remaining=342
    iter=1659 E=-1.9946488634 nfev=1663 t=2422.4s remaining=341
    iter=1660 E=-1.9946490788 nfev=1664 t=2423.8s remaining=340
    iter=1661 E=-1.9946492367 nfev=1665 t=2425.2s remaining=339
    iter=1662 E=-1.9946493888 nfev=1666 t=2426.6s remaining=338
    iter=1663 E=-1.9946495763 nfev=1667 t=2428.1s remaining=337
    iter=1664 E=-1.9946498408 nfev=1668 t=2429.5s remaining=336
    iter=1665 E=-1.9946502215 nfev=1669 t=2430.9s remaining=335
    iter=1666 E=-1.9946507960 nfev=1670 t=2432.3s remaining=334
    iter=1667 E=-1.9946516573 nfev=1671 t=2433.7s remaining=333
    iter=1668 E=-1.9946528192 nfev=1672 t=2435.1s remaining=332
    iter=1669 E=-1.9946540662 nfev=1673 t=2436.5s remaining=331
    iter=1670 E=-1.9946553081 nfev=1674 t=2438.1s remaining=330
    iter=1671 E=-1.9946563460 nfev=1675 t=2439.5s remaining=329
    iter=1672 E=-1.9946568448 nfev=1676 t=2441.0s remaining=328
    iter=1673 E=-1.9946571738 nfev=1677 t=2442.5s remaining=327
    iter=1674 E=-1.9946574056 nfev=1678 t=2444.0s remaining=326
    iter=1675 E=-1.9946575792 nfev=1679 t=2445.5s remaining=325
    iter=1676 E=-1.9946577552 nfev=1680 t=2447.0s remaining=324
    iter=1677 E=-1.9946579664 nfev=1681 t=2448.4s remaining=323
    iter=1678 E=-1.9946582706 nfev=1682 t=2449.8s remaining=322
    iter=1679 E=-1.9946587413 nfev=1683 t=2451.3s remaining=321
    iter=1680 E=-1.9946594896 nfev=1684 t=2452.7s remaining=320
    iter=1681 E=-1.9946606416 nfev=1685 t=2454.0s remaining=319
    iter=1682 E=-1.9946622160 nfev=1686 t=2455.5s remaining=318
    iter=1683 E=-1.9946635743 nfev=1687 t=2456.9s remaining=317
    iter=1684 E=-1.9946648187 nfev=1688 t=2458.4s remaining=316
    iter=1685 E=-1.9946655816 nfev=1689 t=2459.8s remaining=315
    iter=1686 E=-1.9946660070 nfev=1690 t=2461.3s remaining=314
    iter=1687 E=-1.9946662740 nfev=1691 t=2462.8s remaining=313
    iter=1688 E=-1.9946664921 nfev=1692 t=2464.3s remaining=312
    iter=1689 E=-1.9946666859 nfev=1693 t=2465.7s remaining=311
    iter=1690 E=-1.9946669459 nfev=1694 t=2467.2s remaining=310
    iter=1691 E=-1.9946673227 nfev=1695 t=2468.6s remaining=309
    iter=1692 E=-1.9946678726 nfev=1696 t=2470.2s remaining=308
    iter=1693 E=-1.9946686628 nfev=1697 t=2471.7s remaining=307
    iter=1694 E=-1.9946697469 nfev=1698 t=2473.3s remaining=306
    iter=1695 E=-1.9946709997 nfev=1699 t=2474.7s remaining=305
    iter=1696 E=-1.9946722480 nfev=1700 t=2476.2s remaining=304
    iter=1697 E=-1.9946733149 nfev=1701 t=2477.7s remaining=303
    iter=1698 E=-1.9946741806 nfev=1702 t=2479.1s remaining=302
    iter=1699 E=-1.9946748548 nfev=1703 t=2480.6s remaining=301
    iter=1700 E=-1.9946753588 nfev=1704 t=2482.0s remaining=300
    iter=1701 E=-1.9946757515 nfev=1705 t=2483.6s remaining=299
    iter=1702 E=-1.9946760693 nfev=1706 t=2485.1s remaining=298
    iter=1703 E=-1.9946763525 nfev=1707 t=2486.5s remaining=297
    iter=1704 E=-1.9946765916 nfev=1708 t=2488.0s remaining=296
    iter=1705 E=-1.9946768264 nfev=1709 t=2489.4s remaining=295
    iter=1706 E=-1.9946771163 nfev=1710 t=2490.7s remaining=294
    iter=1707 E=-1.9946774712 nfev=1711 t=2492.2s remaining=293
    iter=1708 E=-1.9946779425 nfev=1712 t=2493.7s remaining=292
    iter=1709 E=-1.9946785820 nfev=1713 t=2495.3s remaining=291
    iter=1710 E=-1.9946794156 nfev=1714 t=2496.7s remaining=290
    iter=1711 E=-1.9946804089 nfev=1715 t=2498.2s remaining=289
    iter=1712 E=-1.9946813876 nfev=1716 t=2499.9s remaining=288
    iter=1713 E=-1.9946821807 nfev=1717 t=2501.7s remaining=287
    iter=1714 E=-1.9946827004 nfev=1718 t=2503.2s remaining=286
    iter=1715 E=-1.9946830415 nfev=1719 t=2504.7s remaining=285
    iter=1716 E=-1.9946832704 nfev=1720 t=2506.2s remaining=284
    iter=1717 E=-1.9946834673 nfev=1721 t=2507.6s remaining=283
    iter=1718 E=-1.9946836393 nfev=1722 t=2509.1s remaining=282
    iter=1719 E=-1.9946838495 nfev=1723 t=2510.7s remaining=281
    iter=1720 E=-1.9946841381 nfev=1724 t=2512.1s remaining=280
    iter=1721 E=-1.9946845593 nfev=1725 t=2513.5s remaining=279
    iter=1722 E=-1.9946851628 nfev=1726 t=2514.9s remaining=278
    iter=1723 E=-1.9946859139 nfev=1727 t=2516.3s remaining=277
    iter=1724 E=-1.9946868104 nfev=1728 t=2517.8s remaining=276
    iter=1725 E=-1.9946878847 nfev=1729 t=2519.2s remaining=275
    iter=1726 E=-1.9946889334 nfev=1730 t=2520.7s remaining=274
    iter=1727 E=-1.9946897975 nfev=1731 t=2522.0s remaining=273
    iter=1728 E=-1.9946904937 nfev=1732 t=2523.4s remaining=272
    iter=1729 E=-1.9946909622 nfev=1733 t=2524.8s remaining=271
    iter=1730 E=-1.9946912901 nfev=1734 t=2526.2s remaining=270
    iter=1731 E=-1.9946916151 nfev=1735 t=2527.5s remaining=269
    iter=1732 E=-1.9946919387 nfev=1736 t=2528.9s remaining=268
    iter=1733 E=-1.9946922009 nfev=1737 t=2530.4s remaining=267
    iter=1734 E=-1.9946925140 nfev=1738 t=2531.8s remaining=266
    iter=1735 E=-1.9946928672 nfev=1739 t=2533.3s remaining=265
    iter=1736 E=-1.9946932796 nfev=1740 t=2534.8s remaining=264
    iter=1737 E=-1.9946937965 nfev=1741 t=2536.3s remaining=263
    iter=1738 E=-1.9946945422 nfev=1742 t=2537.8s remaining=262
    iter=1739 E=-1.9946956048 nfev=1743 t=2539.4s remaining=261
    iter=1740 E=-1.9946969234 nfev=1744 t=2540.8s remaining=260
    iter=1741 E=-1.9946982108 nfev=1745 t=2542.2s remaining=259
    iter=1742 E=-1.9946991630 nfev=1746 t=2543.6s remaining=258
    iter=1743 E=-1.9946996371 nfev=1747 t=2545.1s remaining=257
    iter=1744 E=-1.9946999135 nfev=1748 t=2546.5s remaining=256
    iter=1745 E=-1.9947001231 nfev=1749 t=2548.0s remaining=255
    iter=1746 E=-1.9947003120 nfev=1750 t=2549.5s remaining=254
    iter=1747 E=-1.9947004938 nfev=1751 t=2551.0s remaining=253
    iter=1748 E=-1.9947007762 nfev=1752 t=2552.4s remaining=252
    iter=1749 E=-1.9947012055 nfev=1753 t=2553.8s remaining=251
    iter=1750 E=-1.9947017788 nfev=1754 t=2555.3s remaining=250
    iter=1751 E=-1.9947024755 nfev=1755 t=2556.7s remaining=249
    iter=1752 E=-1.9947034402 nfev=1756 t=2558.1s remaining=248
    iter=1753 E=-1.9947047636 nfev=1757 t=2559.6s remaining=247
    iter=1754 E=-1.9947062838 nfev=1758 t=2561.0s remaining=246
    iter=1755 E=-1.9947076842 nfev=1759 t=2562.4s remaining=245
    iter=1756 E=-1.9947088854 nfev=1760 t=2563.8s remaining=244
    iter=1757 E=-1.9947097180 nfev=1761 t=2565.3s remaining=243
    iter=1758 E=-1.9947102682 nfev=1762 t=2566.8s remaining=242
    iter=1759 E=-1.9947106585 nfev=1763 t=2568.2s remaining=241
    iter=1760 E=-1.9947109626 nfev=1764 t=2569.7s remaining=240
    iter=1761 E=-1.9947111729 nfev=1765 t=2571.1s remaining=239
    iter=1762 E=-1.9947113524 nfev=1766 t=2572.5s remaining=238
    iter=1763 E=-1.9947115665 nfev=1767 t=2573.9s remaining=237
    iter=1764 E=-1.9947118584 nfev=1768 t=2575.3s remaining=236
    iter=1765 E=-1.9947122416 nfev=1769 t=2576.7s remaining=235
    iter=1766 E=-1.9947128339 nfev=1770 t=2578.0s remaining=234
    iter=1767 E=-1.9947137021 nfev=1771 t=2579.5s remaining=233
    iter=1768 E=-1.9947148204 nfev=1772 t=2580.8s remaining=232
    iter=1769 E=-1.9947160163 nfev=1773 t=2582.3s remaining=231
    iter=1770 E=-1.9947173210 nfev=1774 t=2583.8s remaining=230
    iter=1771 E=-1.9947181530 nfev=1775 t=2585.3s remaining=229
    iter=1772 E=-1.9947187123 nfev=1776 t=2586.7s remaining=228
    iter=1773 E=-1.9947192133 nfev=1777 t=2588.1s remaining=227
    iter=1774 E=-1.9947196200 nfev=1778 t=2589.5s remaining=226
    iter=1775 E=-1.9947199501 nfev=1779 t=2590.9s remaining=225
    iter=1776 E=-1.9947201824 nfev=1780 t=2592.3s remaining=224
    iter=1777 E=-1.9947204030 nfev=1781 t=2593.9s remaining=223
    iter=1778 E=-1.9947206097 nfev=1782 t=2595.3s remaining=222
    iter=1779 E=-1.9947208726 nfev=1783 t=2596.7s remaining=221
    iter=1780 E=-1.9947212160 nfev=1784 t=2598.1s remaining=220
    iter=1781 E=-1.9947216892 nfev=1785 t=2599.5s remaining=219
    iter=1782 E=-1.9947222876 nfev=1786 t=2601.0s remaining=218
    iter=1783 E=-1.9947230573 nfev=1787 t=2602.4s remaining=217
    iter=1784 E=-1.9947239982 nfev=1788 t=2603.7s remaining=216
    iter=1785 E=-1.9947249904 nfev=1789 t=2605.2s remaining=215
    iter=1786 E=-1.9947258546 nfev=1790 t=2606.6s remaining=214
    iter=1787 E=-1.9947266482 nfev=1791 t=2608.1s remaining=213
    iter=1788 E=-1.9947273483 nfev=1792 t=2609.5s remaining=212
    iter=1789 E=-1.9947278085 nfev=1793 t=2610.9s remaining=211
    iter=1790 E=-1.9947281344 nfev=1794 t=2612.4s remaining=210
    iter=1791 E=-1.9947283899 nfev=1795 t=2613.8s remaining=209
    iter=1792 E=-1.9947285885 nfev=1796 t=2615.2s remaining=208
    iter=1793 E=-1.9947287408 nfev=1797 t=2616.7s remaining=207
    iter=1794 E=-1.9947289237 nfev=1798 t=2618.2s remaining=206
    iter=1795 E=-1.9947291778 nfev=1799 t=2619.7s remaining=205
    iter=1796 E=-1.9947294733 nfev=1800 t=2621.2s remaining=204
    iter=1797 E=-1.9947298431 nfev=1801 t=2622.7s remaining=203
    iter=1798 E=-1.9947303294 nfev=1802 t=2624.1s remaining=202
    iter=1799 E=-1.9947308325 nfev=1803 t=2625.5s remaining=201
    iter=1800 E=-1.9947313134 nfev=1804 t=2627.0s remaining=200
    iter=1801 E=-1.9947319402 nfev=1805 t=2628.6s remaining=199
    iter=1802 E=-1.9947327401 nfev=1806 t=2630.0s remaining=198
    iter=1803 E=-1.9947335145 nfev=1807 t=2631.3s remaining=197
    iter=1804 E=-1.9947342558 nfev=1808 t=2632.7s remaining=196
    iter=1805 E=-1.9947348807 nfev=1809 t=2634.2s remaining=195
    iter=1806 E=-1.9947353609 nfev=1810 t=2635.7s remaining=194
    iter=1807 E=-1.9947356763 nfev=1811 t=2639.2s remaining=193
    iter=1808 E=-1.9947358778 nfev=1812 t=2640.8s remaining=192
    iter=1809 E=-1.9947360284 nfev=1813 t=2642.4s remaining=191
    iter=1810 E=-1.9947361801 nfev=1814 t=2644.0s remaining=190
    iter=1811 E=-1.9947363366 nfev=1815 t=2645.6s remaining=189
    iter=1812 E=-1.9947365353 nfev=1816 t=2647.1s remaining=188
    iter=1813 E=-1.9947367948 nfev=1817 t=2648.7s remaining=187
    iter=1814 E=-1.9947371639 nfev=1818 t=2650.2s remaining=186
    iter=1815 E=-1.9947376340 nfev=1819 t=2651.8s remaining=185
    iter=1816 E=-1.9947382826 nfev=1820 t=2653.3s remaining=184
    iter=1817 E=-1.9947391698 nfev=1821 t=2654.8s remaining=183
    iter=1818 E=-1.9947401797 nfev=1822 t=2656.3s remaining=182
    iter=1819 E=-1.9947410324 nfev=1823 t=2657.7s remaining=181
    iter=1820 E=-1.9947415982 nfev=1824 t=2659.1s remaining=180
    iter=1821 E=-1.9947419353 nfev=1825 t=2660.5s remaining=179
    iter=1822 E=-1.9947421473 nfev=1826 t=2661.9s remaining=178
    iter=1823 E=-1.9947423082 nfev=1827 t=2663.3s remaining=177
    iter=1824 E=-1.9947424613 nfev=1828 t=2664.6s remaining=176
    iter=1825 E=-1.9947426326 nfev=1829 t=2666.0s remaining=175
    iter=1826 E=-1.9947428111 nfev=1830 t=2667.4s remaining=174
    iter=1827 E=-1.9947430454 nfev=1831 t=2668.8s remaining=173
    iter=1828 E=-1.9947434081 nfev=1832 t=2670.3s remaining=172
    iter=1829 E=-1.9947439655 nfev=1833 t=2671.8s remaining=171
    iter=1830 E=-1.9947447775 nfev=1834 t=2673.4s remaining=170
    iter=1831 E=-1.9947457847 nfev=1835 t=2674.8s remaining=169
    iter=1832 E=-1.9947466158 nfev=1836 t=2676.3s remaining=168
    iter=1833 E=-1.9947473191 nfev=1837 t=2677.8s remaining=167
    iter=1834 E=-1.9947477392 nfev=1838 t=2679.3s remaining=166
    iter=1835 E=-1.9947479880 nfev=1839 t=2680.8s remaining=165
    iter=1836 E=-1.9947481950 nfev=1840 t=2682.3s remaining=164
    iter=1837 E=-1.9947483573 nfev=1841 t=2683.9s remaining=163
    iter=1838 E=-1.9947484887 nfev=1842 t=2685.4s remaining=162
    iter=1839 E=-1.9947486506 nfev=1843 t=2687.2s remaining=161
    iter=1840 E=-1.9947487970 nfev=1844 t=2689.0s remaining=160
    iter=1841 E=-1.9947489618 nfev=1845 t=2690.8s remaining=159
    iter=1842 E=-1.9947492067 nfev=1846 t=2692.6s remaining=158
    iter=1843 E=-1.9947495483 nfev=1847 t=2694.4s remaining=157
    iter=1844 E=-1.9947499577 nfev=1848 t=2696.0s remaining=156
    iter=1845 E=-1.9947504933 nfev=1849 t=2697.5s remaining=155
    iter=1846 E=-1.9947511166 nfev=1850 t=2698.9s remaining=154
    iter=1847 E=-1.9947517114 nfev=1851 t=2700.4s remaining=153
    iter=1848 E=-1.9947522269 nfev=1852 t=2701.8s remaining=152
    iter=1849 E=-1.9947526761 nfev=1853 t=2703.1s remaining=151
    iter=1850 E=-1.9947531028 nfev=1854 t=2704.7s remaining=150
    iter=1851 E=-1.9947535235 nfev=1855 t=2706.0s remaining=149
    iter=1852 E=-1.9947538958 nfev=1856 t=2707.4s remaining=148
    iter=1853 E=-1.9947542037 nfev=1857 t=2708.8s remaining=147
    iter=1854 E=-1.9947544503 nfev=1858 t=2710.3s remaining=146
    iter=1855 E=-1.9947546233 nfev=1859 t=2711.7s remaining=145
    iter=1856 E=-1.9947547408 nfev=1860 t=2713.1s remaining=144
    iter=1857 E=-1.9947548570 nfev=1861 t=2714.5s remaining=143
    iter=1858 E=-1.9947549959 nfev=1862 t=2715.9s remaining=142
    iter=1859 E=-1.9947551702 nfev=1863 t=2717.3s remaining=141
    iter=1860 E=-1.9947553913 nfev=1864 t=2718.7s remaining=140
    iter=1861 E=-1.9947556570 nfev=1865 t=2720.2s remaining=139
    iter=1862 E=-1.9947559423 nfev=1866 t=2721.6s remaining=138
    iter=1863 E=-1.9947562748 nfev=1867 t=2723.0s remaining=137
    iter=1864 E=-1.9947567117 nfev=1868 t=2724.5s remaining=136
    iter=1865 E=-1.9947572160 nfev=1869 t=2725.8s remaining=135
    iter=1866 E=-1.9947576816 nfev=1870 t=2727.3s remaining=134
    iter=1867 E=-1.9947580537 nfev=1871 t=2728.8s remaining=133
    iter=1868 E=-1.9947583521 nfev=1872 t=2730.2s remaining=132
    iter=1869 E=-1.9947585966 nfev=1873 t=2731.6s remaining=131
    iter=1870 E=-1.9947587864 nfev=1874 t=2733.0s remaining=130
    iter=1871 E=-1.9947589312 nfev=1875 t=2734.5s remaining=129
    iter=1872 E=-1.9947590625 nfev=1876 t=2735.9s remaining=128
    iter=1873 E=-1.9947591778 nfev=1877 t=2737.3s remaining=127
    iter=1874 E=-1.9947592922 nfev=1878 t=2738.7s remaining=126
    iter=1875 E=-1.9947594338 nfev=1879 t=2740.2s remaining=125
    iter=1876 E=-1.9947596409 nfev=1880 t=2741.6s remaining=124
    iter=1877 E=-1.9947599587 nfev=1881 t=2743.1s remaining=123
    iter=1878 E=-1.9947604438 nfev=1882 t=2744.6s remaining=122
    iter=1879 E=-1.9947611327 nfev=1883 t=2746.0s remaining=121
    iter=1880 E=-1.9947619040 nfev=1884 t=2747.4s remaining=120
    iter=1881 E=-1.9947626224 nfev=1885 t=2748.9s remaining=119
    iter=1882 E=-1.9947632513 nfev=1886 t=2750.3s remaining=118
    iter=1883 E=-1.9947636223 nfev=1887 t=2751.7s remaining=117
    iter=1884 E=-1.9947638722 nfev=1888 t=2753.0s remaining=116
    iter=1885 E=-1.9947640234 nfev=1889 t=2754.4s remaining=115
    iter=1886 E=-1.9947641740 nfev=1890 t=2755.8s remaining=114
    iter=1887 E=-1.9947642787 nfev=1891 t=2757.2s remaining=113
    iter=1888 E=-1.9947643958 nfev=1892 t=2758.6s remaining=112
    iter=1889 E=-1.9947645215 nfev=1893 t=2760.0s remaining=111
    iter=1890 E=-1.9947646835 nfev=1894 t=2761.5s remaining=110
    iter=1891 E=-1.9947649291 nfev=1895 t=2763.0s remaining=109
    iter=1892 E=-1.9947652983 nfev=1896 t=2764.4s remaining=108
    iter=1893 E=-1.9947658260 nfev=1897 t=2765.9s remaining=107
    iter=1894 E=-1.9947664845 nfev=1898 t=2767.4s remaining=106
    iter=1895 E=-1.9947672578 nfev=1899 t=2768.9s remaining=105
    iter=1896 E=-1.9947680551 nfev=1900 t=2770.5s remaining=104
    iter=1897 E=-1.9947686828 nfev=1901 t=2771.9s remaining=103
    iter=1898 E=-1.9947691585 nfev=1902 t=2773.4s remaining=102
    iter=1899 E=-1.9947695115 nfev=1903 t=2774.8s remaining=101
    iter=1900 E=-1.9947697881 nfev=1904 t=2776.3s remaining=100
    iter=1901 E=-1.9947700119 nfev=1905 t=2777.8s remaining=99
    iter=1902 E=-1.9947701770 nfev=1906 t=2779.2s remaining=98
    iter=1903 E=-1.9947702945 nfev=1907 t=2780.8s remaining=97
    iter=1904 E=-1.9947704232 nfev=1908 t=2782.6s remaining=96
    iter=1905 E=-1.9947705682 nfev=1909 t=2784.2s remaining=95
    iter=1906 E=-1.9947707696 nfev=1910 t=2785.6s remaining=94
    iter=1907 E=-1.9947710332 nfev=1911 t=2787.0s remaining=93
    iter=1908 E=-1.9947713766 nfev=1912 t=2788.6s remaining=92
    iter=1909 E=-1.9947718224 nfev=1913 t=2790.0s remaining=91
    iter=1910 E=-1.9947724313 nfev=1914 t=2791.4s remaining=90
    iter=1911 E=-1.9947732555 nfev=1915 t=2793.2s remaining=89
    iter=1912 E=-1.9947742596 nfev=1916 t=2794.7s remaining=88
    iter=1913 E=-1.9947751655 nfev=1917 t=2796.3s remaining=87
    iter=1914 E=-1.9947758276 nfev=1918 t=2797.8s remaining=86
    iter=1915 E=-1.9947764042 nfev=1919 t=2799.3s remaining=85
    iter=1916 E=-1.9947768851 nfev=1920 t=2800.8s remaining=84
    iter=1917 E=-1.9947772768 nfev=1921 t=2802.3s remaining=83
    iter=1918 E=-1.9947776091 nfev=1922 t=2803.7s remaining=82
    iter=1919 E=-1.9947778621 nfev=1923 t=2805.3s remaining=81
    iter=1920 E=-1.9947780704 nfev=1924 t=2806.7s remaining=80
    iter=1921 E=-1.9947782353 nfev=1925 t=2808.2s remaining=79
    iter=1922 E=-1.9947784368 nfev=1926 t=2809.8s remaining=78
    iter=1923 E=-1.9947786717 nfev=1927 t=2811.4s remaining=77
    iter=1924 E=-1.9947789919 nfev=1928 t=2812.9s remaining=76
    iter=1925 E=-1.9947794685 nfev=1929 t=2814.3s remaining=75
    iter=1926 E=-1.9947801737 nfev=1930 t=2815.7s remaining=74
    iter=1927 E=-1.9947811368 nfev=1931 t=2817.1s remaining=73
    iter=1928 E=-1.9947823356 nfev=1932 t=2818.8s remaining=72
    iter=1929 E=-1.9947837365 nfev=1933 t=2820.2s remaining=71
    iter=1930 E=-1.9947852581 nfev=1934 t=2821.8s remaining=70
    iter=1931 E=-1.9947863150 nfev=1935 t=2823.3s remaining=69
    iter=1932 E=-1.9947871415 nfev=1936 t=2824.9s remaining=68
    iter=1933 E=-1.9947876138 nfev=1937 t=2826.3s remaining=67
    iter=1934 E=-1.9947880262 nfev=1938 t=2827.7s remaining=66
    iter=1935 E=-1.9947882337 nfev=1939 t=2829.3s remaining=65
    iter=1936 E=-1.9947884302 nfev=1940 t=2831.0s remaining=64
    iter=1937 E=-1.9947886531 nfev=1941 t=2832.6s remaining=63
    iter=1938 E=-1.9947889570 nfev=1942 t=2834.0s remaining=62
    iter=1939 E=-1.9947893647 nfev=1943 t=2835.5s remaining=61
    iter=1940 E=-1.9947899188 nfev=1944 t=2836.8s remaining=60
    iter=1941 E=-1.9947906601 nfev=1945 t=2838.2s remaining=59
    iter=1942 E=-1.9947915944 nfev=1946 t=2839.6s remaining=58
    iter=1943 E=-1.9947928050 nfev=1947 t=2841.0s remaining=57
    iter=1944 E=-1.9947942752 nfev=1948 t=2842.3s remaining=56
    iter=1945 E=-1.9947961307 nfev=1949 t=2843.7s remaining=55
    iter=1946 E=-1.9947976057 nfev=1950 t=2845.1s remaining=54
    iter=1947 E=-1.9947994329 nfev=1951 t=2846.6s remaining=53
    iter=1948 E=-1.9948011203 nfev=1952 t=2848.1s remaining=52
    iter=1949 E=-1.9948023359 nfev=1953 t=2849.5s remaining=51
    iter=1950 E=-1.9948030047 nfev=1954 t=2851.0s remaining=50
    iter=1951 E=-1.9948037739 nfev=1955 t=2852.5s remaining=49
    iter=1952 E=-1.9948044079 nfev=1956 t=2853.9s remaining=48
    iter=1953 E=-1.9948048640 nfev=1957 t=2855.3s remaining=47
    iter=1954 E=-1.9948053074 nfev=1958 t=2856.9s remaining=46
    iter=1955 E=-1.9948056449 nfev=1959 t=2858.3s remaining=45
    iter=1956 E=-1.9948060698 nfev=1960 t=2859.8s remaining=44
    iter=1957 E=-1.9948065522 nfev=1961 t=2861.2s remaining=43
    iter=1958 E=-1.9948070539 nfev=1962 t=2862.9s remaining=42
    iter=1959 E=-1.9948077562 nfev=1963 t=2864.3s remaining=41
    iter=1960 E=-1.9948087610 nfev=1964 t=2865.8s remaining=40
    iter=1961 E=-1.9948100076 nfev=1965 t=2867.4s remaining=39
    iter=1962 E=-1.9948113885 nfev=1966 t=2869.2s remaining=38
    iter=1963 E=-1.9948131277 nfev=1967 t=2870.7s remaining=37
    iter=1964 E=-1.9948152377 nfev=1968 t=2872.4s remaining=36
    iter=1965 E=-1.9948168697 nfev=1969 t=2873.9s remaining=35
    iter=1966 E=-1.9948185256 nfev=1970 t=2875.5s remaining=34
    iter=1967 E=-1.9948202959 nfev=1971 t=2877.0s remaining=33
    iter=1968 E=-1.9948219403 nfev=1972 t=2878.5s remaining=32
    iter=1969 E=-1.9948232017 nfev=1973 t=2879.9s remaining=31
    iter=1970 E=-1.9948243091 nfev=1974 t=2881.4s remaining=30
    iter=1971 E=-1.9948254244 nfev=1975 t=2882.8s remaining=29
    iter=1972 E=-1.9948262388 nfev=1976 t=2884.2s remaining=28
    iter=1973 E=-1.9948270581 nfev=1977 t=2885.7s remaining=27
    iter=1974 E=-1.9948278416 nfev=1978 t=2887.1s remaining=26
    iter=1975 E=-1.9948284320 nfev=1979 t=2888.5s remaining=25
    iter=1976 E=-1.9948291797 nfev=1980 t=2889.9s remaining=24
    iter=1977 E=-1.9948299501 nfev=1981 t=2891.3s remaining=23
    iter=1978 E=-1.9948306216 nfev=1982 t=2892.7s remaining=22
    iter=1979 E=-1.9948314036 nfev=1983 t=2894.1s remaining=21
    iter=1980 E=-1.9948320564 nfev=1984 t=2895.5s remaining=20
    iter=1981 E=-1.9948327404 nfev=1985 t=2897.1s remaining=19
    iter=1982 E=-1.9948333684 nfev=1986 t=2898.5s remaining=18
    iter=1983 E=-1.9948340173 nfev=1987 t=2899.9s remaining=17
    iter=1984 E=-1.9948346429 nfev=1988 t=2901.5s remaining=16
    iter=1985 E=-1.9948353284 nfev=1989 t=2903.0s remaining=15
    iter=1986 E=-1.9948360218 nfev=1990 t=2904.4s remaining=14
    iter=1987 E=-1.9948367734 nfev=1991 t=2906.0s remaining=13
    iter=1988 E=-1.9948376910 nfev=1992 t=2907.5s remaining=12
    iter=1989 E=-1.9948388132 nfev=1993 t=2909.1s remaining=11
    iter=1990 E=-1.9948401725 nfev=1994 t=2910.5s remaining=10
    iter=1991 E=-1.9948416694 nfev=1995 t=2912.0s remaining=9
    iter=1992 E=-1.9948429993 nfev=1996 t=2913.5s remaining=8
    iter=1993 E=-1.9948444920 nfev=1997 t=2914.9s remaining=7
    iter=1994 E=-1.9948461815 nfev=1998 t=2916.4s remaining=6
    iter=1995 E=-1.9948477834 nfev=1999 t=2917.9s remaining=5
    iter=1996 E=-1.9948490726 nfev=2000 t=2919.4s remaining=4
    iter=1997 E=-1.9948502989 nfev=2001 t=2921.0s remaining=3
    iter=1998 E=-1.9948513037 nfev=2002 t=2922.4s remaining=2
    iter=1999 E=-1.9948523951 nfev=2003 t=2924.0s remaining=1
    iter=2000 E=-1.9948533322 nfev=2004 t=2925.4s remaining=0
    iter=2000 E=-1.9948533322 nfev=2004 t=2925.4s remaining=0
    seed=0 E=-1.9948533322 dE=+1.297e-03 nit=2000 ok=False t=2925.4s
  r=1.50  L=9   npar=386   E=-1.9948533322  |E-FCI|=1.297e-03  FCI=no   chem=yes

=== summary (best seed per layer) ===
  bond   L ansatz                 npar              E     |E-FCI|  FCI? chem?
  1.50   9 (ECD+SNAP)^9 + ECD      386  -1.9948533322   1.297e-03    no   yes

wrote data/results/h4_hybrid_L9_nobs_r0150.json
