self-check ok (nfock=4, use_bs=False, worst FD rel err 0.00e+00)
per-iter log: data/results/h4_hybrid_L11_nobs_r0200_iters.jsonl
live snapshot: data/results/h4_hybrid_L11_nobs_r0200_live.json

=== build H4 JWT Hamiltonian at R=2.00 Å ===
=== r=2.00 Å   FCI(pyscf)=-1.8977806460  eig=-1.8977806460  paper_fci=-1.89778065  paper_SNAP_D20=-1.8977806471287584 ===
-- r=2.00  (ECD+SNAP)^11 + ECD   npar=470 --
    iter=1 E=-1.1667458279 nfev=3 t=5.5s remaining=1999
    iter=2 E=-1.2251927215 nfev=4 t=7.4s remaining=1998
    iter=3 E=-1.2593415609 nfev=5 t=9.2s remaining=1997
    iter=4 E=-1.2940658589 nfev=6 t=11.1s remaining=1996
    iter=5 E=-1.3188932606 nfev=7 t=13.0s remaining=1995
    iter=6 E=-1.3452408910 nfev=8 t=14.9s remaining=1994
    iter=7 E=-1.3708445754 nfev=9 t=16.7s remaining=1993
    iter=8 E=-1.3890743372 nfev=10 t=18.6s remaining=1992
    iter=9 E=-1.4059937776 nfev=11 t=20.5s remaining=1991
    iter=10 E=-1.4271708357 nfev=12 t=22.3s remaining=1990
    iter=11 E=-1.4469377993 nfev=13 t=24.5s remaining=1989
    iter=12 E=-1.4557175886 nfev=14 t=26.4s remaining=1988
    iter=13 E=-1.4685615665 nfev=15 t=28.2s remaining=1987
    iter=14 E=-1.4845470916 nfev=16 t=30.2s remaining=1986
    iter=15 E=-1.4987504793 nfev=17 t=32.0s remaining=1985
    iter=16 E=-1.5095624285 nfev=18 t=34.1s remaining=1984
    iter=17 E=-1.5229438677 nfev=19 t=36.0s remaining=1983
    iter=18 E=-1.5407190900 nfev=20 t=37.8s remaining=1982
    iter=19 E=-1.5528629076 nfev=21 t=39.7s remaining=1981
    iter=20 E=-1.5648376243 nfev=22 t=41.5s remaining=1980
    iter=21 E=-1.5760426558 nfev=23 t=43.3s remaining=1979
    iter=22 E=-1.5876216906 nfev=24 t=45.2s remaining=1978
    iter=23 E=-1.5978041545 nfev=25 t=47.1s remaining=1977
    iter=24 E=-1.6083047485 nfev=26 t=48.9s remaining=1976
    iter=25 E=-1.6162973126 nfev=27 t=50.7s remaining=1975
    iter=26 E=-1.6249234835 nfev=28 t=52.5s remaining=1974
    iter=27 E=-1.6364447471 nfev=29 t=54.5s remaining=1973
    iter=28 E=-1.6477889833 nfev=30 t=56.3s remaining=1972
    iter=29 E=-1.6620214822 nfev=31 t=58.1s remaining=1971
    iter=30 E=-1.6676511705 nfev=32 t=59.9s remaining=1970
    iter=31 E=-1.6756429913 nfev=33 t=61.7s remaining=1969
    iter=32 E=-1.6863674958 nfev=34 t=63.5s remaining=1968
    iter=33 E=-1.6947628524 nfev=35 t=65.4s remaining=1967
    iter=34 E=-1.7034958094 nfev=36 t=67.3s remaining=1966
    iter=35 E=-1.7073638757 nfev=37 t=69.1s remaining=1965
    iter=36 E=-1.7127760488 nfev=38 t=70.9s remaining=1964
    iter=37 E=-1.7205367056 nfev=39 t=72.8s remaining=1963
    iter=38 E=-1.7289979474 nfev=40 t=74.6s remaining=1962
    iter=39 E=-1.7351124863 nfev=41 t=76.4s remaining=1961
    iter=40 E=-1.7405494818 nfev=42 t=78.2s remaining=1960
    iter=41 E=-1.7440481998 nfev=43 t=80.0s remaining=1959
    iter=42 E=-1.7485820507 nfev=44 t=81.8s remaining=1958
    iter=43 E=-1.7524019679 nfev=45 t=83.7s remaining=1957
    iter=44 E=-1.7573412660 nfev=46 t=85.5s remaining=1956
    iter=45 E=-1.7607304536 nfev=47 t=87.3s remaining=1955
    iter=46 E=-1.7640447529 nfev=48 t=89.1s remaining=1954
    iter=47 E=-1.7679600761 nfev=49 t=90.9s remaining=1953
    iter=48 E=-1.7720556170 nfev=50 t=92.7s remaining=1952
    iter=49 E=-1.7752672667 nfev=51 t=94.6s remaining=1951
    iter=50 E=-1.7796844015 nfev=52 t=96.5s remaining=1950
    iter=51 E=-1.7830428394 nfev=53 t=98.3s remaining=1949
    iter=52 E=-1.7865773352 nfev=54 t=100.4s remaining=1948
    iter=53 E=-1.7892847093 nfev=55 t=102.2s remaining=1947
    iter=54 E=-1.7914310577 nfev=56 t=104.1s remaining=1946
    iter=55 E=-1.7945391283 nfev=57 t=106.0s remaining=1945
    iter=56 E=-1.7970572174 nfev=58 t=108.2s remaining=1944
    iter=57 E=-1.8000308259 nfev=59 t=110.8s remaining=1943
    iter=58 E=-1.8014091031 nfev=60 t=112.7s remaining=1942
    iter=59 E=-1.8030384349 nfev=61 t=114.7s remaining=1941
    iter=60 E=-1.8051442806 nfev=62 t=116.7s remaining=1940
    iter=61 E=-1.8070005102 nfev=63 t=118.5s remaining=1939
    iter=62 E=-1.8084656345 nfev=64 t=120.3s remaining=1938
    iter=63 E=-1.8104592744 nfev=65 t=122.2s remaining=1937
    iter=64 E=-1.8122741319 nfev=66 t=124.0s remaining=1936
    iter=65 E=-1.8140693637 nfev=67 t=125.9s remaining=1935
    iter=66 E=-1.8155413625 nfev=68 t=127.8s remaining=1934
    iter=67 E=-1.8169350794 nfev=69 t=129.7s remaining=1933
    iter=68 E=-1.8186370187 nfev=70 t=131.4s remaining=1932
    iter=69 E=-1.8196852485 nfev=71 t=133.3s remaining=1931
    iter=70 E=-1.8211113304 nfev=72 t=135.2s remaining=1930
    iter=71 E=-1.8226087913 nfev=73 t=137.0s remaining=1929
    iter=72 E=-1.8240473452 nfev=74 t=138.8s remaining=1928
    iter=73 E=-1.8250496397 nfev=75 t=140.7s remaining=1927
    iter=74 E=-1.8263210106 nfev=76 t=142.6s remaining=1926
    iter=75 E=-1.8273808342 nfev=77 t=144.5s remaining=1925
    iter=76 E=-1.8282863153 nfev=78 t=146.4s remaining=1924
    iter=77 E=-1.8288239083 nfev=79 t=148.2s remaining=1923
    iter=78 E=-1.8296251132 nfev=80 t=150.1s remaining=1922
    iter=79 E=-1.8306936056 nfev=81 t=152.0s remaining=1921
    iter=80 E=-1.8315760205 nfev=82 t=153.8s remaining=1920
    iter=81 E=-1.8323063937 nfev=83 t=155.6s remaining=1919
    iter=82 E=-1.8331239328 nfev=84 t=157.6s remaining=1918
    iter=83 E=-1.8339293151 nfev=85 t=159.5s remaining=1917
    iter=84 E=-1.8347074250 nfev=86 t=161.4s remaining=1916
    iter=85 E=-1.8355221189 nfev=87 t=163.3s remaining=1915
    iter=86 E=-1.8364627722 nfev=88 t=165.2s remaining=1914
    iter=87 E=-1.8373072035 nfev=89 t=167.8s remaining=1913
    iter=88 E=-1.8383130897 nfev=90 t=169.6s remaining=1912
    iter=89 E=-1.8389149741 nfev=91 t=171.4s remaining=1911
    iter=90 E=-1.8397129241 nfev=92 t=173.2s remaining=1910
    iter=91 E=-1.8404943106 nfev=93 t=175.1s remaining=1909
    iter=92 E=-1.8412074800 nfev=94 t=177.0s remaining=1908
    iter=93 E=-1.8419810101 nfev=95 t=178.8s remaining=1907
    iter=94 E=-1.8429641085 nfev=96 t=180.6s remaining=1906
    iter=95 E=-1.8438090142 nfev=97 t=182.4s remaining=1905
    iter=96 E=-1.8444328803 nfev=98 t=184.1s remaining=1904
    iter=97 E=-1.8452765186 nfev=99 t=186.4s remaining=1903
    iter=98 E=-1.8462635919 nfev=100 t=189.2s remaining=1902
    iter=99 E=-1.8469062401 nfev=101 t=191.1s remaining=1901
    iter=100 E=-1.8473778503 nfev=102 t=192.9s remaining=1900
    iter=101 E=-1.8479497215 nfev=103 t=194.9s remaining=1899
    iter=102 E=-1.8486313563 nfev=104 t=196.8s remaining=1898
    iter=103 E=-1.8492721822 nfev=105 t=198.8s remaining=1897
    iter=104 E=-1.8499235004 nfev=106 t=200.9s remaining=1896
    iter=105 E=-1.8504788397 nfev=107 t=203.4s remaining=1895
    iter=106 E=-1.8510631498 nfev=108 t=205.3s remaining=1894
    iter=107 E=-1.8516437431 nfev=109 t=207.2s remaining=1893
    iter=108 E=-1.8522541230 nfev=110 t=209.1s remaining=1892
    iter=109 E=-1.8528404615 nfev=111 t=210.9s remaining=1891
    iter=110 E=-1.8534784887 nfev=112 t=212.7s remaining=1890
    iter=111 E=-1.8539991986 nfev=113 t=214.5s remaining=1889
    iter=112 E=-1.8546652816 nfev=114 t=216.3s remaining=1888
    iter=113 E=-1.8553471124 nfev=115 t=218.1s remaining=1887
    iter=114 E=-1.8558775905 nfev=116 t=219.9s remaining=1886
    iter=115 E=-1.8563927769 nfev=117 t=221.8s remaining=1885
    iter=116 E=-1.8569139071 nfev=118 t=223.5s remaining=1884
    iter=117 E=-1.8573350636 nfev=119 t=225.3s remaining=1883
    iter=118 E=-1.8577709480 nfev=120 t=227.2s remaining=1882
    iter=119 E=-1.8582612789 nfev=121 t=229.0s remaining=1881
    iter=120 E=-1.8586493344 nfev=122 t=230.8s remaining=1880
    iter=121 E=-1.8590463058 nfev=123 t=232.6s remaining=1879
    iter=122 E=-1.8595548947 nfev=124 t=234.5s remaining=1878
    iter=123 E=-1.8599448692 nfev=125 t=236.3s remaining=1877
    iter=124 E=-1.8603158012 nfev=126 t=238.1s remaining=1876
    iter=125 E=-1.8606200860 nfev=127 t=240.0s remaining=1875
    iter=126 E=-1.8609922411 nfev=128 t=241.8s remaining=1874
    iter=127 E=-1.8613062514 nfev=129 t=243.6s remaining=1873
    iter=128 E=-1.8616452982 nfev=130 t=245.4s remaining=1872
    iter=129 E=-1.8620336485 nfev=131 t=247.3s remaining=1871
    iter=130 E=-1.8623494388 nfev=132 t=249.0s remaining=1870
    iter=131 E=-1.8626328806 nfev=133 t=250.8s remaining=1869
    iter=132 E=-1.8628892305 nfev=134 t=252.6s remaining=1868
    iter=133 E=-1.8631433086 nfev=135 t=254.4s remaining=1867
    iter=134 E=-1.8633835279 nfev=136 t=256.2s remaining=1866
    iter=135 E=-1.8635804234 nfev=137 t=258.0s remaining=1865
    iter=136 E=-1.8637726625 nfev=138 t=259.8s remaining=1864
    iter=137 E=-1.8639837441 nfev=139 t=262.0s remaining=1863
    iter=138 E=-1.8641746301 nfev=140 t=263.8s remaining=1862
    iter=139 E=-1.8643663152 nfev=141 t=265.6s remaining=1861
    iter=140 E=-1.8645397265 nfev=142 t=267.4s remaining=1860
    iter=141 E=-1.8647122642 nfev=143 t=269.1s remaining=1859
    iter=142 E=-1.8648829052 nfev=144 t=271.0s remaining=1858
    iter=143 E=-1.8650435894 nfev=145 t=272.9s remaining=1857
    iter=144 E=-1.8651927262 nfev=146 t=274.8s remaining=1856
    iter=145 E=-1.8653557378 nfev=147 t=276.6s remaining=1855
    iter=146 E=-1.8655138597 nfev=148 t=278.5s remaining=1854
    iter=147 E=-1.8656639659 nfev=149 t=280.4s remaining=1853
    iter=148 E=-1.8658138349 nfev=150 t=282.2s remaining=1852
    iter=149 E=-1.8659765996 nfev=151 t=284.0s remaining=1851
    iter=150 E=-1.8661244390 nfev=152 t=285.8s remaining=1850
    iter=151 E=-1.8662327705 nfev=153 t=287.6s remaining=1849
    iter=152 E=-1.8663685562 nfev=154 t=289.5s remaining=1848
    iter=153 E=-1.8665067134 nfev=155 t=291.3s remaining=1847
    iter=154 E=-1.8666532153 nfev=156 t=293.1s remaining=1846
    iter=155 E=-1.8668241150 nfev=157 t=295.0s remaining=1845
    iter=156 E=-1.8669935658 nfev=158 t=296.8s remaining=1844
    iter=157 E=-1.8671210112 nfev=159 t=298.5s remaining=1843
    iter=158 E=-1.8672656346 nfev=160 t=300.3s remaining=1842
    iter=159 E=-1.8674331544 nfev=161 t=302.1s remaining=1841
    iter=160 E=-1.8675539204 nfev=162 t=304.0s remaining=1840
    iter=161 E=-1.8676812976 nfev=163 t=305.8s remaining=1839
    iter=162 E=-1.8677955170 nfev=164 t=307.7s remaining=1838
    iter=163 E=-1.8679166481 nfev=165 t=309.5s remaining=1837
    iter=164 E=-1.8680448504 nfev=166 t=311.2s remaining=1836
    iter=165 E=-1.8681844561 nfev=167 t=313.0s remaining=1835
    iter=166 E=-1.8683211123 nfev=168 t=315.1s remaining=1834
    iter=167 E=-1.8684805554 nfev=169 t=317.0s remaining=1833
    iter=168 E=-1.8686153254 nfev=170 t=319.0s remaining=1832
    iter=169 E=-1.8687469942 nfev=171 t=321.0s remaining=1831
    iter=170 E=-1.8688970782 nfev=172 t=322.8s remaining=1830
    iter=171 E=-1.8690558500 nfev=173 t=324.6s remaining=1829
    iter=172 E=-1.8692129097 nfev=174 t=326.5s remaining=1828
    iter=173 E=-1.8693506469 nfev=175 t=328.3s remaining=1827
    iter=174 E=-1.8694826741 nfev=176 t=330.1s remaining=1826
    iter=175 E=-1.8696372600 nfev=177 t=331.9s remaining=1825
    iter=176 E=-1.8698039626 nfev=178 t=333.7s remaining=1824
    iter=177 E=-1.8699433055 nfev=179 t=335.5s remaining=1823
    iter=178 E=-1.8700756376 nfev=180 t=337.4s remaining=1822
    iter=179 E=-1.8702150743 nfev=181 t=339.3s remaining=1821
    iter=180 E=-1.8703858571 nfev=182 t=341.1s remaining=1820
    iter=181 E=-1.8705439365 nfev=183 t=343.0s remaining=1819
    iter=182 E=-1.8707231697 nfev=184 t=344.9s remaining=1818
    iter=183 E=-1.8709004633 nfev=185 t=346.7s remaining=1817
    iter=184 E=-1.8710789579 nfev=186 t=348.5s remaining=1816
    iter=185 E=-1.8712924674 nfev=187 t=350.3s remaining=1815
    iter=186 E=-1.8714926678 nfev=188 t=352.2s remaining=1814
    iter=187 E=-1.8716801857 nfev=189 t=354.1s remaining=1813
    iter=188 E=-1.8718606038 nfev=190 t=356.2s remaining=1812
    iter=189 E=-1.8720551457 nfev=191 t=358.9s remaining=1811
    iter=190 E=-1.8722571840 nfev=192 t=361.7s remaining=1810
    iter=191 E=-1.8724454790 nfev=193 t=364.0s remaining=1809
    iter=192 E=-1.8726658701 nfev=194 t=366.0s remaining=1808
    iter=193 E=-1.8729121153 nfev=195 t=367.8s remaining=1807
    iter=194 E=-1.8731594801 nfev=196 t=369.6s remaining=1806
    iter=195 E=-1.8734251044 nfev=197 t=371.4s remaining=1805
    iter=196 E=-1.8737022042 nfev=198 t=373.2s remaining=1804
    iter=197 E=-1.8739472857 nfev=199 t=375.1s remaining=1803
    iter=198 E=-1.8741781168 nfev=200 t=377.5s remaining=1802
    iter=199 E=-1.8743824065 nfev=201 t=379.3s remaining=1801
    iter=200 E=-1.8745852010 nfev=202 t=381.1s remaining=1800
    iter=201 E=-1.8747781352 nfev=203 t=382.9s remaining=1799
    iter=202 E=-1.8749917867 nfev=204 t=384.8s remaining=1798
    iter=203 E=-1.8751959976 nfev=205 t=387.2s remaining=1797
    iter=204 E=-1.8753882769 nfev=206 t=389.6s remaining=1796
    iter=205 E=-1.8756071895 nfev=207 t=391.5s remaining=1795
    iter=206 E=-1.8757983749 nfev=208 t=393.4s remaining=1794
    iter=207 E=-1.8759718460 nfev=209 t=395.3s remaining=1793
    iter=208 E=-1.8761699434 nfev=210 t=397.1s remaining=1792
    iter=209 E=-1.8763621926 nfev=211 t=399.5s remaining=1791
    iter=210 E=-1.8765533694 nfev=212 t=401.3s remaining=1790
    iter=211 E=-1.8767291469 nfev=213 t=403.2s remaining=1789
    iter=212 E=-1.8768998998 nfev=214 t=405.1s remaining=1788
    iter=213 E=-1.8770501596 nfev=215 t=406.9s remaining=1787
    iter=214 E=-1.8772355094 nfev=216 t=408.8s remaining=1786
    iter=215 E=-1.8774288077 nfev=217 t=410.5s remaining=1785
    iter=216 E=-1.8776007910 nfev=218 t=412.4s remaining=1784
    iter=217 E=-1.8777840722 nfev=219 t=414.2s remaining=1783
    iter=218 E=-1.8779644669 nfev=220 t=415.9s remaining=1782
    iter=219 E=-1.8781429847 nfev=221 t=417.8s remaining=1781
    iter=220 E=-1.8783023636 nfev=222 t=419.6s remaining=1780
    iter=221 E=-1.8784509144 nfev=223 t=421.4s remaining=1779
    iter=222 E=-1.8785973019 nfev=224 t=423.2s remaining=1778
    iter=223 E=-1.8787462227 nfev=225 t=425.0s remaining=1777
    iter=224 E=-1.8789286591 nfev=226 t=426.9s remaining=1776
    iter=225 E=-1.8790991623 nfev=227 t=428.8s remaining=1775
    iter=226 E=-1.8792167354 nfev=228 t=430.6s remaining=1774
    iter=227 E=-1.8793430582 nfev=229 t=432.4s remaining=1773
    iter=228 E=-1.8794793019 nfev=230 t=434.2s remaining=1772
    iter=229 E=-1.8796051337 nfev=231 t=436.1s remaining=1771
    iter=230 E=-1.8797491056 nfev=232 t=438.0s remaining=1770
    iter=231 E=-1.8798944423 nfev=233 t=439.8s remaining=1769
    iter=232 E=-1.8800549898 nfev=234 t=441.7s remaining=1768
    iter=233 E=-1.8801839345 nfev=235 t=443.5s remaining=1767
    iter=234 E=-1.8802748356 nfev=236 t=445.3s remaining=1766
    iter=235 E=-1.8803684015 nfev=237 t=447.1s remaining=1765
    iter=236 E=-1.8804774782 nfev=238 t=449.1s remaining=1764
    iter=237 E=-1.8805992305 nfev=239 t=451.0s remaining=1763
    iter=238 E=-1.8807041158 nfev=240 t=453.0s remaining=1762
    iter=239 E=-1.8808104660 nfev=241 t=454.8s remaining=1761
    iter=240 E=-1.8809239632 nfev=242 t=456.6s remaining=1760
    iter=241 E=-1.8810334493 nfev=243 t=458.4s remaining=1759
    iter=242 E=-1.8811532495 nfev=244 t=460.3s remaining=1758
    iter=243 E=-1.8812749389 nfev=245 t=462.3s remaining=1757
    iter=244 E=-1.8813733933 nfev=246 t=464.3s remaining=1756
    iter=245 E=-1.8814869331 nfev=247 t=466.3s remaining=1755
    iter=246 E=-1.8816098720 nfev=248 t=468.1s remaining=1754
    iter=247 E=-1.8817271095 nfev=249 t=470.0s remaining=1753
    iter=248 E=-1.8818318805 nfev=250 t=471.8s remaining=1752
    iter=249 E=-1.8819382327 nfev=251 t=473.7s remaining=1751
    iter=250 E=-1.8820539063 nfev=252 t=475.5s remaining=1750
    iter=251 E=-1.8821549578 nfev=253 t=477.3s remaining=1749
    iter=252 E=-1.8822432390 nfev=254 t=479.2s remaining=1748
    iter=253 E=-1.8823307653 nfev=255 t=481.1s remaining=1747
    iter=254 E=-1.8824101869 nfev=256 t=483.1s remaining=1746
    iter=255 E=-1.8824767975 nfev=257 t=484.9s remaining=1745
    iter=256 E=-1.8825466664 nfev=258 t=486.7s remaining=1744
    iter=257 E=-1.8826272713 nfev=259 t=488.5s remaining=1743
    iter=258 E=-1.8826949596 nfev=260 t=490.3s remaining=1742
    iter=259 E=-1.8827675221 nfev=261 t=492.2s remaining=1741
    iter=260 E=-1.8828425991 nfev=262 t=494.1s remaining=1740
    iter=261 E=-1.8829162760 nfev=263 t=496.1s remaining=1739
    iter=262 E=-1.8830050127 nfev=264 t=498.0s remaining=1738
    iter=263 E=-1.8830986576 nfev=265 t=499.9s remaining=1737
    iter=264 E=-1.8831836831 nfev=266 t=501.8s remaining=1736
    iter=265 E=-1.8832797361 nfev=267 t=503.7s remaining=1735
    iter=266 E=-1.8833844540 nfev=268 t=505.7s remaining=1734
    iter=267 E=-1.8834879010 nfev=269 t=507.6s remaining=1733
    iter=268 E=-1.8835825338 nfev=270 t=509.8s remaining=1732
    iter=269 E=-1.8836982199 nfev=271 t=511.7s remaining=1731
    iter=270 E=-1.8837994923 nfev=272 t=513.7s remaining=1730
    iter=271 E=-1.8838868060 nfev=273 t=515.7s remaining=1729
    iter=272 E=-1.8839998909 nfev=274 t=517.7s remaining=1728
    iter=273 E=-1.8841425842 nfev=275 t=519.9s remaining=1727
    iter=274 E=-1.8842756082 nfev=276 t=521.8s remaining=1726
    iter=275 E=-1.8843843593 nfev=277 t=523.7s remaining=1725
    iter=276 E=-1.8844909899 nfev=278 t=525.5s remaining=1724
    iter=277 E=-1.8846012789 nfev=279 t=527.4s remaining=1723
    iter=278 E=-1.8846984571 nfev=280 t=529.5s remaining=1722
    iter=279 E=-1.8847997124 nfev=281 t=532.3s remaining=1721
    iter=280 E=-1.8848863433 nfev=282 t=534.5s remaining=1720
    iter=281 E=-1.8849645898 nfev=283 t=536.3s remaining=1719
    iter=282 E=-1.8850459606 nfev=284 t=538.5s remaining=1718
    iter=283 E=-1.8851355427 nfev=285 t=540.5s remaining=1717
    iter=284 E=-1.8851966000 nfev=286 t=542.4s remaining=1716
    iter=285 E=-1.8852715163 nfev=287 t=544.2s remaining=1715
    iter=286 E=-1.8853589462 nfev=288 t=546.3s remaining=1714
    iter=287 E=-1.8854262602 nfev=289 t=549.0s remaining=1713
    iter=288 E=-1.8854935025 nfev=290 t=551.5s remaining=1712
    iter=289 E=-1.8855655523 nfev=291 t=553.9s remaining=1711
    iter=290 E=-1.8856339578 nfev=292 t=556.6s remaining=1710
    iter=291 E=-1.8857007940 nfev=293 t=559.2s remaining=1709
    iter=292 E=-1.8857633906 nfev=294 t=561.4s remaining=1708
    iter=293 E=-1.8858285445 nfev=295 t=563.3s remaining=1707
    iter=294 E=-1.8858948763 nfev=296 t=565.3s remaining=1706
    iter=295 E=-1.8859597346 nfev=297 t=567.2s remaining=1705
    iter=296 E=-1.8860197434 nfev=298 t=569.1s remaining=1704
    iter=297 E=-1.8860821003 nfev=299 t=570.9s remaining=1703
    iter=298 E=-1.8861423456 nfev=300 t=572.7s remaining=1702
    iter=299 E=-1.8861997787 nfev=301 t=574.6s remaining=1701
    iter=300 E=-1.8862549797 nfev=302 t=576.5s remaining=1700
    iter=301 E=-1.8863068249 nfev=303 t=578.4s remaining=1699
    iter=302 E=-1.8863677116 nfev=304 t=580.3s remaining=1698
    iter=303 E=-1.8864266437 nfev=305 t=582.2s remaining=1697
    iter=304 E=-1.8864838601 nfev=306 t=584.2s remaining=1696
    iter=305 E=-1.8865317809 nfev=307 t=586.0s remaining=1695
    iter=306 E=-1.8865823691 nfev=308 t=587.8s remaining=1694
    iter=307 E=-1.8866365349 nfev=309 t=589.7s remaining=1693
    iter=308 E=-1.8866908443 nfev=310 t=591.6s remaining=1692
    iter=309 E=-1.8867386406 nfev=311 t=593.5s remaining=1691
    iter=310 E=-1.8867858453 nfev=312 t=595.7s remaining=1690
    iter=311 E=-1.8868348324 nfev=313 t=597.6s remaining=1689
    iter=312 E=-1.8868872800 nfev=314 t=599.7s remaining=1688
    iter=313 E=-1.8869382442 nfev=315 t=601.7s remaining=1687
    iter=314 E=-1.8869805628 nfev=316 t=603.6s remaining=1686
    iter=315 E=-1.8870185582 nfev=317 t=605.5s remaining=1685
    iter=316 E=-1.8870580791 nfev=318 t=607.5s remaining=1684
    iter=317 E=-1.8871003479 nfev=319 t=609.4s remaining=1683
    iter=318 E=-1.8871454389 nfev=320 t=611.3s remaining=1682
    iter=319 E=-1.8871948787 nfev=321 t=613.2s remaining=1681
    iter=320 E=-1.8872329716 nfev=322 t=615.0s remaining=1680
    iter=321 E=-1.8872799630 nfev=323 t=616.9s remaining=1679
    iter=322 E=-1.8873295402 nfev=324 t=618.8s remaining=1678
    iter=323 E=-1.8873754115 nfev=325 t=620.8s remaining=1677
    iter=324 E=-1.8874261537 nfev=326 t=623.4s remaining=1676
    iter=325 E=-1.8874747098 nfev=327 t=626.1s remaining=1675
    iter=326 E=-1.8875194232 nfev=328 t=628.9s remaining=1674
    iter=327 E=-1.8875667765 nfev=329 t=631.6s remaining=1673
    iter=328 E=-1.8876128566 nfev=330 t=634.3s remaining=1672
    iter=329 E=-1.8876588208 nfev=331 t=637.1s remaining=1671
    iter=330 E=-1.8877060171 nfev=332 t=639.7s remaining=1670
    iter=331 E=-1.8877537846 nfev=333 t=641.8s remaining=1669
    iter=332 E=-1.8878011283 nfev=334 t=643.7s remaining=1668
    iter=333 E=-1.8878539826 nfev=335 t=645.7s remaining=1667
    iter=334 E=-1.8879115080 nfev=336 t=647.6s remaining=1666
    iter=335 E=-1.8879700327 nfev=337 t=649.5s remaining=1665
    iter=336 E=-1.8880269060 nfev=338 t=651.4s remaining=1664
    iter=337 E=-1.8880753394 nfev=339 t=653.2s remaining=1663
    iter=338 E=-1.8881154496 nfev=340 t=655.1s remaining=1662
    iter=339 E=-1.8881629162 nfev=341 t=657.3s remaining=1661
    iter=340 E=-1.8882130012 nfev=342 t=659.4s remaining=1660
    iter=341 E=-1.8882632630 nfev=343 t=661.8s remaining=1659
    iter=342 E=-1.8883060266 nfev=344 t=664.0s remaining=1658
    iter=343 E=-1.8883472129 nfev=345 t=665.9s remaining=1657
    iter=344 E=-1.8883887696 nfev=346 t=668.1s remaining=1656
    iter=345 E=-1.8884318281 nfev=347 t=669.9s remaining=1655
    iter=346 E=-1.8884786009 nfev=348 t=671.8s remaining=1654
    iter=347 E=-1.8885231308 nfev=349 t=673.6s remaining=1653
    iter=348 E=-1.8885624598 nfev=350 t=675.5s remaining=1652
    iter=349 E=-1.8886038301 nfev=351 t=677.4s remaining=1651
    iter=350 E=-1.8886503598 nfev=352 t=679.2s remaining=1650
    iter=351 E=-1.8886918224 nfev=353 t=681.1s remaining=1649
    iter=352 E=-1.8887274323 nfev=354 t=683.0s remaining=1648
    iter=353 E=-1.8887635630 nfev=355 t=684.9s remaining=1647
    iter=354 E=-1.8888064807 nfev=356 t=686.7s remaining=1646
    iter=355 E=-1.8888595709 nfev=357 t=688.6s remaining=1645
    iter=356 E=-1.8889126203 nfev=358 t=690.5s remaining=1644
    iter=357 E=-1.8889611754 nfev=359 t=692.6s remaining=1643
    iter=358 E=-1.8890086676 nfev=360 t=694.5s remaining=1642
    iter=359 E=-1.8890604213 nfev=361 t=696.3s remaining=1641
    iter=360 E=-1.8891061958 nfev=362 t=698.3s remaining=1640
    iter=361 E=-1.8891508727 nfev=363 t=700.6s remaining=1639
    iter=362 E=-1.8891968623 nfev=364 t=703.0s remaining=1638
    iter=363 E=-1.8892426675 nfev=365 t=705.8s remaining=1637
    iter=364 E=-1.8892953529 nfev=366 t=708.5s remaining=1636
    iter=365 E=-1.8893493788 nfev=367 t=710.8s remaining=1635
    iter=366 E=-1.8893954941 nfev=368 t=712.7s remaining=1634
    iter=367 E=-1.8894405436 nfev=369 t=714.5s remaining=1633
    iter=368 E=-1.8894832318 nfev=370 t=716.3s remaining=1632
    iter=369 E=-1.8895211207 nfev=371 t=718.2s remaining=1631
    iter=370 E=-1.8895593551 nfev=372 t=720.1s remaining=1630
    iter=371 E=-1.8896015864 nfev=373 t=722.2s remaining=1629
    iter=372 E=-1.8896439859 nfev=374 t=724.2s remaining=1628
    iter=373 E=-1.8896858152 nfev=375 t=726.1s remaining=1627
    iter=374 E=-1.8897253906 nfev=376 t=728.0s remaining=1626
    iter=375 E=-1.8897672667 nfev=377 t=730.1s remaining=1625
    iter=376 E=-1.8898124080 nfev=378 t=732.1s remaining=1624
    iter=377 E=-1.8898593868 nfev=379 t=734.6s remaining=1623
    iter=378 E=-1.8899022205 nfev=380 t=737.3s remaining=1622
    iter=379 E=-1.8899565551 nfev=381 t=740.1s remaining=1621
    iter=380 E=-1.8900062734 nfev=382 t=742.1s remaining=1620
    iter=381 E=-1.8900515766 nfev=383 t=743.9s remaining=1619
    iter=382 E=-1.8900978239 nfev=384 t=745.8s remaining=1618
    iter=383 E=-1.8901425895 nfev=385 t=747.7s remaining=1617
    iter=384 E=-1.8901966866 nfev=386 t=749.6s remaining=1616
    iter=385 E=-1.8902491130 nfev=387 t=751.5s remaining=1615
    iter=386 E=-1.8902960577 nfev=388 t=754.2s remaining=1614
    iter=387 E=-1.8903386927 nfev=389 t=756.8s remaining=1613
    iter=388 E=-1.8903862056 nfev=390 t=758.7s remaining=1612
    iter=389 E=-1.8904397666 nfev=391 t=761.2s remaining=1611
    iter=390 E=-1.8905071949 nfev=392 t=764.0s remaining=1610
    iter=391 E=-1.8905676941 nfev=393 t=766.2s remaining=1609
    iter=392 E=-1.8906241765 nfev=394 t=768.0s remaining=1608
    iter=393 E=-1.8906729007 nfev=395 t=769.9s remaining=1607
    iter=394 E=-1.8907187817 nfev=396 t=771.7s remaining=1606
    iter=395 E=-1.8907700346 nfev=397 t=773.6s remaining=1605
    iter=396 E=-1.8908244879 nfev=398 t=775.5s remaining=1604
    iter=397 E=-1.8908757829 nfev=399 t=777.3s remaining=1603
    iter=398 E=-1.8909270139 nfev=400 t=779.4s remaining=1602
    iter=399 E=-1.8909776616 nfev=401 t=781.2s remaining=1601
    iter=400 E=-1.8910299019 nfev=402 t=783.0s remaining=1600
    iter=401 E=-1.8910799875 nfev=403 t=784.9s remaining=1599
    iter=402 E=-1.8911308543 nfev=404 t=786.8s remaining=1598
    iter=403 E=-1.8911753994 nfev=405 t=788.7s remaining=1597
    iter=404 E=-1.8912220669 nfev=406 t=790.5s remaining=1596
    iter=405 E=-1.8912729768 nfev=407 t=792.3s remaining=1595
    iter=406 E=-1.8913179914 nfev=408 t=794.1s remaining=1594
    iter=407 E=-1.8913702970 nfev=409 t=796.7s remaining=1593
    iter=408 E=-1.8914229899 nfev=410 t=799.0s remaining=1592
    iter=409 E=-1.8914660739 nfev=411 t=800.8s remaining=1591
    iter=410 E=-1.8915166411 nfev=412 t=802.7s remaining=1590
    iter=411 E=-1.8915612329 nfev=413 t=804.5s remaining=1589
    iter=412 E=-1.8915981893 nfev=414 t=806.4s remaining=1588
    iter=413 E=-1.8916318403 nfev=415 t=808.2s remaining=1587
    iter=414 E=-1.8916652834 nfev=416 t=810.1s remaining=1586
    iter=415 E=-1.8917019390 nfev=417 t=812.1s remaining=1585
    iter=416 E=-1.8917414021 nfev=418 t=814.2s remaining=1584
    iter=417 E=-1.8917784936 nfev=419 t=816.1s remaining=1583
    iter=418 E=-1.8918144498 nfev=420 t=818.0s remaining=1582
    iter=419 E=-1.8918543448 nfev=421 t=819.8s remaining=1581
    iter=420 E=-1.8918953394 nfev=422 t=821.6s remaining=1580
    iter=421 E=-1.8919328638 nfev=423 t=823.5s remaining=1579
    iter=422 E=-1.8919695781 nfev=424 t=825.3s remaining=1578
    iter=423 E=-1.8920100713 nfev=425 t=827.1s remaining=1577
    iter=424 E=-1.8920532867 nfev=426 t=828.9s remaining=1576
    iter=425 E=-1.8920905159 nfev=427 t=830.8s remaining=1575
    iter=426 E=-1.8921231248 nfev=428 t=832.6s remaining=1574
    iter=427 E=-1.8921551296 nfev=429 t=834.6s remaining=1573
    iter=428 E=-1.8921836432 nfev=430 t=836.5s remaining=1572
    iter=429 E=-1.8922087059 nfev=431 t=838.4s remaining=1571
    iter=430 E=-1.8922330525 nfev=432 t=840.2s remaining=1570
    iter=431 E=-1.8922579281 nfev=433 t=842.0s remaining=1569
    iter=432 E=-1.8922793191 nfev=434 t=844.0s remaining=1568
    iter=433 E=-1.8922964615 nfev=435 t=845.8s remaining=1567
    iter=434 E=-1.8923134744 nfev=436 t=847.7s remaining=1566
    iter=435 E=-1.8923319097 nfev=437 t=849.5s remaining=1565
    iter=436 E=-1.8923509446 nfev=438 t=851.4s remaining=1564
    iter=437 E=-1.8923682795 nfev=439 t=853.3s remaining=1563
    iter=438 E=-1.8923828574 nfev=440 t=855.5s remaining=1562
    iter=439 E=-1.8923958510 nfev=441 t=857.3s remaining=1561
    iter=440 E=-1.8924095706 nfev=442 t=859.1s remaining=1560
    iter=441 E=-1.8924249697 nfev=443 t=861.0s remaining=1559
    iter=442 E=-1.8924402590 nfev=444 t=862.9s remaining=1558
    iter=443 E=-1.8924543145 nfev=445 t=864.8s remaining=1557
    iter=444 E=-1.8924673144 nfev=446 t=866.7s remaining=1556
    iter=445 E=-1.8924804924 nfev=447 t=868.6s remaining=1555
    iter=446 E=-1.8924946505 nfev=448 t=870.4s remaining=1554
    iter=447 E=-1.8925082109 nfev=449 t=872.3s remaining=1553
    iter=448 E=-1.8925212778 nfev=450 t=874.2s remaining=1552
    iter=449 E=-1.8925341206 nfev=451 t=876.1s remaining=1551
    iter=450 E=-1.8925474315 nfev=452 t=877.9s remaining=1550
    iter=451 E=-1.8925588534 nfev=453 t=879.8s remaining=1549
    iter=452 E=-1.8925679442 nfev=454 t=881.7s remaining=1548
    iter=453 E=-1.8925778777 nfev=455 t=883.5s remaining=1547
    iter=454 E=-1.8925895109 nfev=456 t=885.3s remaining=1546
    iter=455 E=-1.8926009748 nfev=457 t=887.2s remaining=1545
    iter=456 E=-1.8926112286 nfev=458 t=889.7s remaining=1544
    iter=457 E=-1.8926198140 nfev=459 t=891.7s remaining=1543
    iter=458 E=-1.8926276807 nfev=460 t=893.6s remaining=1542
    iter=459 E=-1.8926359404 nfev=461 t=895.5s remaining=1541
    iter=460 E=-1.8926442526 nfev=462 t=897.4s remaining=1540
    iter=461 E=-1.8926523432 nfev=463 t=899.3s remaining=1539
    iter=462 E=-1.8926605424 nfev=464 t=901.1s remaining=1538
    iter=463 E=-1.8926687846 nfev=465 t=903.0s remaining=1537
    iter=464 E=-1.8926769611 nfev=466 t=904.8s remaining=1536
    iter=465 E=-1.8926849878 nfev=467 t=906.6s remaining=1535
    iter=466 E=-1.8926933449 nfev=468 t=908.5s remaining=1534
    iter=467 E=-1.8927030672 nfev=469 t=910.4s remaining=1533
    iter=468 E=-1.8927140866 nfev=470 t=912.2s remaining=1532
    iter=469 E=-1.8927247350 nfev=471 t=914.1s remaining=1531
    iter=470 E=-1.8927343470 nfev=472 t=916.0s remaining=1530
    iter=471 E=-1.8927424730 nfev=473 t=917.8s remaining=1529
    iter=472 E=-1.8927497693 nfev=474 t=919.7s remaining=1528
    iter=473 E=-1.8927571065 nfev=475 t=921.7s remaining=1527
    iter=474 E=-1.8927643617 nfev=476 t=923.5s remaining=1526
    iter=475 E=-1.8927708976 nfev=477 t=925.4s remaining=1525
    iter=476 E=-1.8927769823 nfev=478 t=927.3s remaining=1524
    iter=477 E=-1.8927830847 nfev=479 t=929.1s remaining=1523
    iter=478 E=-1.8927894516 nfev=480 t=931.0s remaining=1522
    iter=479 E=-1.8927960872 nfev=481 t=932.8s remaining=1521
    iter=480 E=-1.8928025763 nfev=482 t=934.8s remaining=1520
    iter=481 E=-1.8928095708 nfev=483 t=936.6s remaining=1519
    iter=482 E=-1.8928165266 nfev=484 t=938.4s remaining=1518
    iter=483 E=-1.8928228711 nfev=485 t=940.3s remaining=1517
    iter=484 E=-1.8928290920 nfev=486 t=942.3s remaining=1516
    iter=485 E=-1.8928355756 nfev=487 t=944.4s remaining=1515
    iter=486 E=-1.8928421311 nfev=488 t=946.5s remaining=1514
    iter=487 E=-1.8928484468 nfev=489 t=948.4s remaining=1513
    iter=488 E=-1.8928548938 nfev=490 t=950.3s remaining=1512
    iter=489 E=-1.8928614773 nfev=491 t=952.4s remaining=1511
    iter=490 E=-1.8928677542 nfev=492 t=954.2s remaining=1510
    iter=491 E=-1.8928736697 nfev=493 t=956.2s remaining=1509
    iter=492 E=-1.8928794094 nfev=494 t=958.2s remaining=1508
    iter=493 E=-1.8928848665 nfev=495 t=960.3s remaining=1507
    iter=494 E=-1.8928900041 nfev=496 t=962.3s remaining=1506
    iter=495 E=-1.8928950258 nfev=497 t=964.1s remaining=1505
    iter=496 E=-1.8929001264 nfev=498 t=966.0s remaining=1504
    iter=497 E=-1.8929061646 nfev=499 t=967.8s remaining=1503
    iter=498 E=-1.8929124509 nfev=500 t=970.1s remaining=1502
    iter=499 E=-1.8929181094 nfev=501 t=972.1s remaining=1501
    iter=500 E=-1.8929235316 nfev=502 t=974.0s remaining=1500
    iter=501 E=-1.8929288591 nfev=503 t=975.9s remaining=1499
    iter=502 E=-1.8929339768 nfev=504 t=977.7s remaining=1498
    iter=503 E=-1.8929389268 nfev=505 t=979.8s remaining=1497
    iter=504 E=-1.8929439979 nfev=506 t=981.6s remaining=1496
    iter=505 E=-1.8929492647 nfev=507 t=983.5s remaining=1495
    iter=506 E=-1.8929543642 nfev=508 t=985.3s remaining=1494
    iter=507 E=-1.8929593077 nfev=509 t=987.9s remaining=1493
    iter=508 E=-1.8929643459 nfev=510 t=989.9s remaining=1492
    iter=509 E=-1.8929695668 nfev=511 t=992.1s remaining=1491
    iter=510 E=-1.8929742375 nfev=512 t=994.8s remaining=1490
    iter=511 E=-1.8929781680 nfev=513 t=997.2s remaining=1489
    iter=512 E=-1.8929818220 nfev=514 t=999.0s remaining=1488
    iter=513 E=-1.8929856518 nfev=515 t=1000.9s remaining=1487
    iter=514 E=-1.8929896592 nfev=516 t=1002.7s remaining=1486
    iter=515 E=-1.8929935689 nfev=517 t=1004.6s remaining=1485
    iter=516 E=-1.8929974952 nfev=518 t=1006.4s remaining=1484
    iter=517 E=-1.8930017626 nfev=519 t=1008.7s remaining=1483
    iter=518 E=-1.8930064069 nfev=520 t=1010.6s remaining=1482
    iter=519 E=-1.8930109315 nfev=521 t=1012.5s remaining=1481
    iter=520 E=-1.8930150448 nfev=522 t=1014.3s remaining=1480
    iter=521 E=-1.8930189683 nfev=523 t=1016.1s remaining=1479
    iter=522 E=-1.8930230328 nfev=524 t=1018.0s remaining=1478
    iter=523 E=-1.8930268589 nfev=525 t=1019.8s remaining=1477
    iter=524 E=-1.8930302751 nfev=526 t=1021.6s remaining=1476
    iter=525 E=-1.8930334375 nfev=527 t=1023.5s remaining=1475
    iter=526 E=-1.8930365298 nfev=528 t=1025.3s remaining=1474
    iter=527 E=-1.8930397905 nfev=529 t=1027.2s remaining=1473
    iter=528 E=-1.8930431873 nfev=530 t=1029.1s remaining=1472
    iter=529 E=-1.8930466289 nfev=531 t=1030.9s remaining=1471
    iter=530 E=-1.8930500978 nfev=532 t=1032.8s remaining=1470
    iter=531 E=-1.8930535585 nfev=533 t=1034.6s remaining=1469
    iter=532 E=-1.8930569202 nfev=534 t=1036.5s remaining=1468
    iter=533 E=-1.8930600835 nfev=535 t=1038.5s remaining=1467
    iter=534 E=-1.8930631611 nfev=536 t=1040.3s remaining=1466
    iter=535 E=-1.8930664267 nfev=537 t=1042.1s remaining=1465
    iter=536 E=-1.8930698597 nfev=538 t=1043.9s remaining=1464
    iter=537 E=-1.8930732705 nfev=539 t=1045.8s remaining=1463
    iter=538 E=-1.8930765590 nfev=540 t=1047.6s remaining=1462
    iter=539 E=-1.8930796015 nfev=541 t=1049.4s remaining=1461
    iter=540 E=-1.8930825677 nfev=542 t=1051.2s remaining=1460
    iter=541 E=-1.8930855520 nfev=543 t=1053.0s remaining=1459
    iter=542 E=-1.8930885511 nfev=544 t=1054.9s remaining=1458
    iter=543 E=-1.8930916376 nfev=545 t=1056.7s remaining=1457
    iter=544 E=-1.8930948503 nfev=546 t=1058.8s remaining=1456
    iter=545 E=-1.8930980441 nfev=547 t=1060.8s remaining=1455
    iter=546 E=-1.8931011212 nfev=548 t=1062.6s remaining=1454
    iter=547 E=-1.8931042741 nfev=549 t=1064.5s remaining=1453
    iter=548 E=-1.8931078302 nfev=550 t=1066.3s remaining=1452
    iter=549 E=-1.8931116917 nfev=551 t=1068.1s remaining=1451
    iter=550 E=-1.8931153992 nfev=552 t=1070.0s remaining=1450
    iter=551 E=-1.8931187769 nfev=553 t=1071.8s remaining=1449
    iter=552 E=-1.8931222001 nfev=554 t=1073.7s remaining=1448
    iter=553 E=-1.8931260236 nfev=555 t=1075.5s remaining=1447
    iter=554 E=-1.8931300514 nfev=556 t=1077.4s remaining=1446
    iter=555 E=-1.8931337465 nfev=557 t=1079.4s remaining=1445
    iter=556 E=-1.8931370578 nfev=558 t=1081.2s remaining=1444
    iter=557 E=-1.8931403517 nfev=559 t=1083.1s remaining=1443
    iter=558 E=-1.8931440196 nfev=560 t=1085.0s remaining=1442
    iter=559 E=-1.8931478526 nfev=561 t=1086.8s remaining=1441
    iter=560 E=-1.8931519407 nfev=562 t=1088.7s remaining=1440
    iter=561 E=-1.8931562142 nfev=563 t=1090.8s remaining=1439
    iter=562 E=-1.8931607898 nfev=564 t=1092.6s remaining=1438
    iter=563 E=-1.8931653036 nfev=565 t=1094.5s remaining=1437
    iter=564 E=-1.8931693613 nfev=566 t=1096.3s remaining=1436
    iter=565 E=-1.8931730902 nfev=567 t=1098.1s remaining=1435
    iter=566 E=-1.8931768836 nfev=568 t=1099.9s remaining=1434
    iter=567 E=-1.8931809670 nfev=569 t=1102.0s remaining=1433
    iter=568 E=-1.8931851089 nfev=570 t=1103.8s remaining=1432
    iter=569 E=-1.8931889758 nfev=571 t=1105.8s remaining=1431
    iter=570 E=-1.8931926409 nfev=572 t=1107.7s remaining=1430
    iter=571 E=-1.8931964890 nfev=573 t=1110.1s remaining=1429
    iter=572 E=-1.8932008033 nfev=574 t=1112.1s remaining=1428
    iter=573 E=-1.8932052811 nfev=575 t=1114.0s remaining=1427
    iter=574 E=-1.8932093988 nfev=576 t=1115.8s remaining=1426
    iter=575 E=-1.8932131356 nfev=577 t=1117.8s remaining=1425
    iter=576 E=-1.8932169316 nfev=578 t=1119.7s remaining=1424
    iter=577 E=-1.8932212319 nfev=579 t=1121.6s remaining=1423
    iter=578 E=-1.8932258652 nfev=580 t=1123.4s remaining=1422
    iter=579 E=-1.8932303331 nfev=581 t=1125.3s remaining=1421
    iter=580 E=-1.8932345845 nfev=582 t=1127.3s remaining=1420
    iter=581 E=-1.8932384172 nfev=583 t=1129.3s remaining=1419
    iter=582 E=-1.8932419919 nfev=584 t=1131.2s remaining=1418
    iter=583 E=-1.8932454966 nfev=585 t=1133.1s remaining=1417
    iter=584 E=-1.8932490774 nfev=586 t=1134.9s remaining=1416
    iter=585 E=-1.8932526314 nfev=587 t=1136.7s remaining=1415
    iter=586 E=-1.8932559733 nfev=588 t=1138.5s remaining=1414
    iter=587 E=-1.8932590301 nfev=589 t=1140.4s remaining=1413
    iter=588 E=-1.8932619913 nfev=590 t=1142.2s remaining=1412
    iter=589 E=-1.8932650204 nfev=591 t=1144.0s remaining=1411
    iter=590 E=-1.8932681398 nfev=592 t=1145.8s remaining=1410
    iter=591 E=-1.8932713484 nfev=593 t=1148.1s remaining=1409
    iter=592 E=-1.8932746971 nfev=594 t=1150.6s remaining=1408
    iter=593 E=-1.8932781874 nfev=595 t=1153.2s remaining=1407
    iter=594 E=-1.8932817823 nfev=596 t=1155.9s remaining=1406
    iter=595 E=-1.8932853824 nfev=597 t=1158.5s remaining=1405
    iter=596 E=-1.8932890593 nfev=598 t=1161.2s remaining=1404
    iter=597 E=-1.8932929906 nfev=599 t=1163.9s remaining=1403
    iter=598 E=-1.8932973005 nfev=600 t=1166.1s remaining=1402
    iter=599 E=-1.8933018306 nfev=601 t=1168.1s remaining=1401
    iter=600 E=-1.8933064531 nfev=602 t=1169.9s remaining=1400
    iter=601 E=-1.8933111632 nfev=603 t=1171.8s remaining=1399
    iter=602 E=-1.8933155303 nfev=604 t=1173.6s remaining=1398
    iter=603 E=-1.8933199795 nfev=605 t=1175.6s remaining=1397
    iter=604 E=-1.8933246171 nfev=606 t=1177.5s remaining=1396
    iter=605 E=-1.8933291944 nfev=607 t=1179.5s remaining=1395
    iter=606 E=-1.8933336189 nfev=608 t=1181.4s remaining=1394
    iter=607 E=-1.8933380882 nfev=609 t=1183.3s remaining=1393
    iter=608 E=-1.8933425022 nfev=610 t=1185.1s remaining=1392
    iter=609 E=-1.8933467922 nfev=611 t=1187.1s remaining=1391
    iter=610 E=-1.8933507439 nfev=612 t=1188.9s remaining=1390
    iter=611 E=-1.8933547802 nfev=613 t=1190.8s remaining=1389
    iter=612 E=-1.8933585750 nfev=614 t=1192.7s remaining=1388
    iter=613 E=-1.8933622562 nfev=615 t=1194.7s remaining=1387
    iter=614 E=-1.8933660138 nfev=616 t=1196.7s remaining=1386
    iter=615 E=-1.8933697786 nfev=617 t=1198.5s remaining=1385
    iter=616 E=-1.8933733193 nfev=618 t=1200.5s remaining=1384
    iter=617 E=-1.8933765546 nfev=619 t=1202.3s remaining=1383
    iter=618 E=-1.8933797157 nfev=620 t=1204.1s remaining=1382
    iter=619 E=-1.8933830563 nfev=621 t=1205.9s remaining=1381
    iter=620 E=-1.8933867058 nfev=622 t=1207.8s remaining=1380
    iter=621 E=-1.8933905672 nfev=623 t=1209.6s remaining=1379
    iter=622 E=-1.8933945949 nfev=624 t=1211.7s remaining=1378
    iter=623 E=-1.8933987738 nfev=625 t=1213.7s remaining=1377
    iter=624 E=-1.8934030446 nfev=626 t=1215.6s remaining=1376
    iter=625 E=-1.8934070106 nfev=627 t=1217.5s remaining=1375
    iter=626 E=-1.8934104291 nfev=628 t=1219.3s remaining=1374
    iter=627 E=-1.8934135241 nfev=629 t=1221.1s remaining=1373
    iter=628 E=-1.8934167592 nfev=630 t=1223.0s remaining=1372
    iter=629 E=-1.8934203339 nfev=631 t=1224.8s remaining=1371
    iter=630 E=-1.8934239510 nfev=632 t=1226.6s remaining=1370
    iter=631 E=-1.8934273257 nfev=633 t=1228.4s remaining=1369
    iter=632 E=-1.8934304215 nfev=634 t=1230.2s remaining=1368
    iter=633 E=-1.8934334697 nfev=635 t=1232.1s remaining=1367
    iter=634 E=-1.8934367172 nfev=636 t=1234.0s remaining=1366
    iter=635 E=-1.8934404398 nfev=637 t=1235.8s remaining=1365
    iter=636 E=-1.8934445841 nfev=638 t=1237.9s remaining=1364
    iter=637 E=-1.8934488712 nfev=639 t=1239.8s remaining=1363
    iter=638 E=-1.8934531362 nfev=640 t=1241.6s remaining=1362
    iter=639 E=-1.8934574575 nfev=641 t=1243.5s remaining=1361
    iter=640 E=-1.8934614416 nfev=642 t=1245.4s remaining=1360
    iter=641 E=-1.8934648036 nfev=643 t=1247.3s remaining=1359
    iter=642 E=-1.8934677757 nfev=644 t=1249.2s remaining=1358
    iter=643 E=-1.8934707731 nfev=645 t=1251.3s remaining=1357
    iter=644 E=-1.8934739535 nfev=646 t=1253.3s remaining=1356
    iter=645 E=-1.8934770609 nfev=647 t=1255.2s remaining=1355
    iter=646 E=-1.8934799908 nfev=648 t=1257.0s remaining=1354
    iter=647 E=-1.8934829426 nfev=649 t=1258.9s remaining=1353
    iter=648 E=-1.8934861515 nfev=650 t=1260.7s remaining=1352
    iter=649 E=-1.8934894567 nfev=651 t=1262.6s remaining=1351
    iter=650 E=-1.8934925863 nfev=652 t=1264.4s remaining=1350
    iter=651 E=-1.8934955836 nfev=653 t=1266.4s remaining=1349
    iter=652 E=-1.8934987460 nfev=654 t=1268.2s remaining=1348
    iter=653 E=-1.8935022567 nfev=655 t=1270.1s remaining=1347
    iter=654 E=-1.8935058801 nfev=656 t=1271.9s remaining=1346
    iter=655 E=-1.8935094005 nfev=657 t=1273.9s remaining=1345
    iter=656 E=-1.8935128875 nfev=658 t=1275.8s remaining=1344
    iter=657 E=-1.8935166056 nfev=659 t=1277.7s remaining=1343
    iter=658 E=-1.8935205378 nfev=660 t=1279.6s remaining=1342
    iter=659 E=-1.8935243583 nfev=661 t=1281.5s remaining=1341
    iter=660 E=-1.8935279201 nfev=662 t=1283.3s remaining=1340
    iter=661 E=-1.8935312760 nfev=663 t=1285.1s remaining=1339
    iter=662 E=-1.8935345146 nfev=664 t=1287.0s remaining=1338
    iter=663 E=-1.8935377656 nfev=665 t=1288.8s remaining=1337
    iter=664 E=-1.8935412705 nfev=666 t=1290.7s remaining=1336
    iter=665 E=-1.8935450999 nfev=667 t=1292.5s remaining=1335
    iter=666 E=-1.8935488642 nfev=668 t=1294.3s remaining=1334
    iter=667 E=-1.8935521344 nfev=669 t=1296.3s remaining=1333
    iter=668 E=-1.8935550368 nfev=670 t=1298.1s remaining=1332
    iter=669 E=-1.8935579997 nfev=671 t=1299.9s remaining=1331
    iter=670 E=-1.8935612795 nfev=672 t=1301.8s remaining=1330
    iter=671 E=-1.8935650360 nfev=673 t=1303.7s remaining=1329
    iter=672 E=-1.8935693648 nfev=674 t=1305.5s remaining=1328
    iter=673 E=-1.8935739823 nfev=675 t=1307.3s remaining=1327
    iter=674 E=-1.8935783843 nfev=676 t=1309.1s remaining=1326
    iter=675 E=-1.8935826560 nfev=677 t=1311.0s remaining=1325
    iter=676 E=-1.8935868150 nfev=678 t=1312.8s remaining=1324
    iter=677 E=-1.8935912294 nfev=679 t=1314.7s remaining=1323
    iter=678 E=-1.8935959142 nfev=680 t=1316.5s remaining=1322
    iter=679 E=-1.8936006034 nfev=681 t=1318.3s remaining=1321
    iter=680 E=-1.8936049505 nfev=682 t=1320.1s remaining=1320
    iter=681 E=-1.8936093524 nfev=683 t=1322.0s remaining=1319
    iter=682 E=-1.8936141174 nfev=684 t=1323.9s remaining=1318
    iter=683 E=-1.8936194202 nfev=685 t=1325.8s remaining=1317
    iter=684 E=-1.8936249889 nfev=686 t=1327.6s remaining=1316
    iter=685 E=-1.8936308964 nfev=687 t=1329.4s remaining=1315
    iter=686 E=-1.8936370436 nfev=688 t=1331.2s remaining=1314
    iter=687 E=-1.8936434751 nfev=689 t=1333.0s remaining=1313
    iter=688 E=-1.8936501431 nfev=690 t=1334.9s remaining=1312
    iter=689 E=-1.8936571768 nfev=691 t=1336.8s remaining=1311
    iter=690 E=-1.8936639677 nfev=692 t=1338.6s remaining=1310
    iter=691 E=-1.8936700685 nfev=693 t=1340.4s remaining=1309
    iter=692 E=-1.8936761977 nfev=694 t=1342.3s remaining=1308
    iter=693 E=-1.8936829233 nfev=695 t=1344.2s remaining=1307
    iter=694 E=-1.8936892481 nfev=696 t=1346.4s remaining=1306
    iter=695 E=-1.8936960564 nfev=697 t=1348.4s remaining=1305
    iter=696 E=-1.8937033243 nfev=698 t=1350.2s remaining=1304
    iter=697 E=-1.8937095623 nfev=699 t=1352.1s remaining=1303
    iter=698 E=-1.8937154570 nfev=700 t=1354.0s remaining=1302
    iter=699 E=-1.8937215538 nfev=701 t=1356.0s remaining=1301
    iter=700 E=-1.8937276385 nfev=702 t=1357.9s remaining=1300
    iter=701 E=-1.8937337292 nfev=703 t=1359.7s remaining=1299
    iter=702 E=-1.8937403225 nfev=704 t=1361.8s remaining=1298
    iter=703 E=-1.8937473530 nfev=705 t=1363.6s remaining=1297
    iter=704 E=-1.8937538214 nfev=706 t=1365.4s remaining=1296
    iter=705 E=-1.8937588539 nfev=707 t=1367.3s remaining=1295
    iter=706 E=-1.8937633944 nfev=708 t=1369.2s remaining=1294
    iter=707 E=-1.8937681040 nfev=709 t=1371.0s remaining=1293
    iter=708 E=-1.8937725613 nfev=710 t=1372.9s remaining=1292
    iter=709 E=-1.8937769644 nfev=711 t=1374.8s remaining=1291
    iter=710 E=-1.8937815226 nfev=712 t=1376.6s remaining=1290
    iter=711 E=-1.8937865050 nfev=713 t=1378.4s remaining=1289
    iter=712 E=-1.8937912715 nfev=714 t=1381.1s remaining=1288
    iter=713 E=-1.8937964792 nfev=715 t=1383.5s remaining=1287
    iter=714 E=-1.8938018717 nfev=716 t=1385.5s remaining=1286
    iter=715 E=-1.8938070355 nfev=717 t=1387.4s remaining=1285
    iter=716 E=-1.8938116583 nfev=718 t=1389.3s remaining=1284
    iter=717 E=-1.8938163016 nfev=719 t=1391.2s remaining=1283
    iter=718 E=-1.8938215227 nfev=720 t=1393.1s remaining=1282
    iter=719 E=-1.8938269082 nfev=721 t=1395.0s remaining=1281
    iter=720 E=-1.8938315758 nfev=722 t=1396.9s remaining=1280
    iter=721 E=-1.8938360125 nfev=723 t=1398.8s remaining=1279
    iter=722 E=-1.8938403451 nfev=724 t=1400.6s remaining=1278
    iter=723 E=-1.8938441942 nfev=725 t=1402.7s remaining=1277
    iter=724 E=-1.8938483842 nfev=726 t=1404.7s remaining=1276
    iter=725 E=-1.8938531901 nfev=727 t=1406.7s remaining=1275
    iter=726 E=-1.8938583264 nfev=728 t=1408.5s remaining=1274
    iter=727 E=-1.8938630497 nfev=729 t=1410.3s remaining=1273
    iter=728 E=-1.8938674868 nfev=730 t=1412.3s remaining=1272
    iter=729 E=-1.8938716003 nfev=731 t=1414.1s remaining=1271
    iter=730 E=-1.8938757861 nfev=732 t=1416.1s remaining=1270
    iter=731 E=-1.8938801142 nfev=733 t=1418.1s remaining=1269
    iter=732 E=-1.8938845389 nfev=734 t=1420.0s remaining=1268
    iter=733 E=-1.8938889804 nfev=735 t=1421.8s remaining=1267
    iter=734 E=-1.8938932618 nfev=736 t=1423.6s remaining=1266
    iter=735 E=-1.8938978664 nfev=737 t=1426.0s remaining=1265
    iter=736 E=-1.8939030597 nfev=738 t=1428.2s remaining=1264
    iter=737 E=-1.8939083892 nfev=739 t=1430.1s remaining=1263
    iter=738 E=-1.8939135055 nfev=740 t=1432.1s remaining=1262
    iter=739 E=-1.8939193017 nfev=741 t=1433.9s remaining=1261
    iter=740 E=-1.8939254910 nfev=742 t=1435.8s remaining=1260
    iter=741 E=-1.8939313180 nfev=743 t=1437.7s remaining=1259
    iter=742 E=-1.8939372695 nfev=744 t=1439.6s remaining=1258
    iter=743 E=-1.8939439918 nfev=745 t=1441.7s remaining=1257
    iter=744 E=-1.8939516151 nfev=746 t=1443.6s remaining=1256
    iter=745 E=-1.8939597219 nfev=747 t=1445.4s remaining=1255
    iter=746 E=-1.8939691164 nfev=748 t=1447.3s remaining=1254
    iter=747 E=-1.8939800928 nfev=749 t=1449.1s remaining=1253
    iter=748 E=-1.8939890094 nfev=750 t=1450.9s remaining=1252
    iter=749 E=-1.8939956420 nfev=751 t=1452.7s remaining=1251
    iter=750 E=-1.8940040492 nfev=752 t=1454.5s remaining=1250
    iter=751 E=-1.8940136950 nfev=753 t=1456.8s remaining=1249
    iter=752 E=-1.8940257835 nfev=754 t=1459.5s remaining=1248
    iter=753 E=-1.8940389937 nfev=755 t=1462.2s remaining=1247
    iter=754 E=-1.8940507003 nfev=756 t=1464.3s remaining=1246
    iter=755 E=-1.8940605139 nfev=757 t=1466.4s remaining=1245
    iter=756 E=-1.8940700468 nfev=758 t=1468.3s remaining=1244
    iter=757 E=-1.8940801155 nfev=759 t=1470.1s remaining=1243
    iter=758 E=-1.8940912242 nfev=760 t=1471.9s remaining=1242
    iter=759 E=-1.8941018531 nfev=761 t=1473.7s remaining=1241
    iter=760 E=-1.8941119035 nfev=762 t=1475.6s remaining=1240
    iter=761 E=-1.8941231550 nfev=763 t=1477.4s remaining=1239
    iter=762 E=-1.8941353693 nfev=764 t=1479.3s remaining=1238
    iter=763 E=-1.8941471035 nfev=765 t=1481.1s remaining=1237
    iter=764 E=-1.8941589970 nfev=766 t=1483.1s remaining=1236
    iter=765 E=-1.8941694369 nfev=767 t=1484.9s remaining=1235
    iter=766 E=-1.8941803223 nfev=768 t=1486.8s remaining=1234
    iter=767 E=-1.8941926124 nfev=769 t=1488.7s remaining=1233
    iter=768 E=-1.8942037730 nfev=770 t=1490.5s remaining=1232
    iter=769 E=-1.8942160194 nfev=771 t=1492.3s remaining=1231
    iter=770 E=-1.8942274020 nfev=772 t=1494.1s remaining=1230
    iter=771 E=-1.8942393344 nfev=773 t=1496.0s remaining=1229
    iter=772 E=-1.8942519042 nfev=774 t=1497.7s remaining=1228
    iter=773 E=-1.8942645016 nfev=775 t=1499.6s remaining=1227
    iter=774 E=-1.8942766139 nfev=776 t=1501.5s remaining=1226
    iter=775 E=-1.8942900201 nfev=777 t=1503.4s remaining=1225
    iter=776 E=-1.8943055429 nfev=778 t=1505.4s remaining=1224
    iter=777 E=-1.8943203433 nfev=779 t=1507.3s remaining=1223
    iter=778 E=-1.8943337043 nfev=780 t=1509.1s remaining=1222
    iter=779 E=-1.8943452859 nfev=781 t=1510.9s remaining=1221
    iter=780 E=-1.8943557378 nfev=782 t=1512.9s remaining=1220
    iter=781 E=-1.8943664505 nfev=783 t=1514.7s remaining=1219
    iter=782 E=-1.8943803762 nfev=784 t=1517.1s remaining=1218
    iter=783 E=-1.8943941744 nfev=785 t=1519.8s remaining=1217
    iter=784 E=-1.8944087969 nfev=786 t=1522.3s remaining=1216
    iter=785 E=-1.8944245378 nfev=787 t=1525.0s remaining=1215
    iter=786 E=-1.8944408435 nfev=788 t=1527.1s remaining=1214
    iter=787 E=-1.8944556975 nfev=789 t=1528.9s remaining=1213
    iter=788 E=-1.8944687125 nfev=790 t=1530.8s remaining=1212
    iter=789 E=-1.8944818147 nfev=791 t=1532.7s remaining=1211
    iter=790 E=-1.8944974174 nfev=792 t=1534.6s remaining=1210
    iter=791 E=-1.8945146737 nfev=793 t=1536.4s remaining=1209
    iter=792 E=-1.8945313410 nfev=794 t=1538.2s remaining=1208
    iter=793 E=-1.8945460159 nfev=795 t=1540.1s remaining=1207
    iter=794 E=-1.8945603874 nfev=796 t=1542.1s remaining=1206
    iter=795 E=-1.8945748275 nfev=797 t=1544.0s remaining=1205
    iter=796 E=-1.8945874273 nfev=798 t=1545.9s remaining=1204
    iter=797 E=-1.8945999203 nfev=799 t=1547.8s remaining=1203
    iter=798 E=-1.8946126743 nfev=800 t=1549.7s remaining=1202
    iter=799 E=-1.8946232859 nfev=801 t=1551.7s remaining=1201
    iter=800 E=-1.8946331662 nfev=802 t=1553.6s remaining=1200
    iter=801 E=-1.8946431938 nfev=803 t=1555.6s remaining=1199
    iter=802 E=-1.8946540298 nfev=804 t=1557.6s remaining=1198
    iter=803 E=-1.8946630608 nfev=805 t=1559.5s remaining=1197
    iter=804 E=-1.8946732304 nfev=806 t=1561.4s remaining=1196
    iter=805 E=-1.8946824188 nfev=807 t=1563.8s remaining=1195
    iter=806 E=-1.8946920389 nfev=808 t=1566.4s remaining=1194
    iter=807 E=-1.8947015028 nfev=809 t=1568.2s remaining=1193
    iter=808 E=-1.8947102405 nfev=810 t=1570.2s remaining=1192
    iter=809 E=-1.8947199481 nfev=811 t=1572.0s remaining=1191
    iter=810 E=-1.8947305615 nfev=812 t=1573.8s remaining=1190
    iter=811 E=-1.8947407730 nfev=813 t=1575.6s remaining=1189
    iter=812 E=-1.8947500436 nfev=814 t=1577.5s remaining=1188
    iter=813 E=-1.8947589461 nfev=815 t=1579.3s remaining=1187
    iter=814 E=-1.8947686930 nfev=816 t=1581.2s remaining=1186
    iter=815 E=-1.8947785685 nfev=817 t=1583.0s remaining=1185
    iter=816 E=-1.8947869526 nfev=818 t=1584.8s remaining=1184
    iter=817 E=-1.8947943902 nfev=819 t=1586.6s remaining=1183
    iter=818 E=-1.8948019060 nfev=820 t=1588.5s remaining=1182
    iter=819 E=-1.8948101964 nfev=821 t=1590.3s remaining=1181
    iter=820 E=-1.8948184689 nfev=822 t=1592.1s remaining=1180
    iter=821 E=-1.8948261776 nfev=823 t=1593.9s remaining=1179
    iter=822 E=-1.8948333909 nfev=824 t=1595.7s remaining=1178
    iter=823 E=-1.8948403295 nfev=825 t=1597.6s remaining=1177
    iter=824 E=-1.8948463336 nfev=826 t=1599.5s remaining=1176
    iter=825 E=-1.8948530899 nfev=827 t=1601.3s remaining=1175
    iter=826 E=-1.8948617278 nfev=828 t=1603.2s remaining=1174
    iter=827 E=-1.8948715082 nfev=829 t=1605.1s remaining=1173
    iter=828 E=-1.8948804741 nfev=830 t=1607.1s remaining=1172
    iter=829 E=-1.8948887729 nfev=831 t=1609.1s remaining=1171
    iter=830 E=-1.8948970316 nfev=832 t=1610.9s remaining=1170
    iter=831 E=-1.8949055575 nfev=833 t=1612.9s remaining=1169
    iter=832 E=-1.8949136897 nfev=834 t=1614.8s remaining=1168
    iter=833 E=-1.8949213580 nfev=835 t=1616.8s remaining=1167
    iter=834 E=-1.8949294974 nfev=836 t=1618.7s remaining=1166
    iter=835 E=-1.8949376491 nfev=837 t=1620.5s remaining=1165
    iter=836 E=-1.8949460561 nfev=838 t=1622.3s remaining=1164
    iter=837 E=-1.8949555261 nfev=839 t=1624.1s remaining=1163
    iter=838 E=-1.8949641131 nfev=840 t=1626.2s remaining=1162
    iter=839 E=-1.8949724629 nfev=841 t=1628.0s remaining=1161
    iter=840 E=-1.8949807642 nfev=842 t=1629.9s remaining=1160
    iter=841 E=-1.8949885962 nfev=843 t=1631.7s remaining=1159
    iter=842 E=-1.8949968289 nfev=844 t=1633.8s remaining=1158
    iter=843 E=-1.8950060837 nfev=845 t=1635.6s remaining=1157
    iter=844 E=-1.8950146295 nfev=846 t=1637.5s remaining=1156
    iter=845 E=-1.8950239883 nfev=847 t=1639.4s remaining=1155
    iter=846 E=-1.8950346117 nfev=848 t=1641.2s remaining=1154
    iter=847 E=-1.8950443300 nfev=849 t=1643.0s remaining=1153
    iter=848 E=-1.8950537375 nfev=850 t=1644.8s remaining=1152
    iter=849 E=-1.8950648617 nfev=851 t=1646.7s remaining=1151
    iter=850 E=-1.8950757537 nfev=852 t=1649.2s remaining=1150
    iter=851 E=-1.8950869586 nfev=853 t=1652.0s remaining=1149
    iter=852 E=-1.8950962996 nfev=854 t=1654.7s remaining=1148
    iter=853 E=-1.8951048428 nfev=855 t=1657.0s remaining=1147
    iter=854 E=-1.8951129915 nfev=856 t=1659.0s remaining=1146
    iter=855 E=-1.8951209833 nfev=857 t=1660.8s remaining=1145
    iter=856 E=-1.8951295327 nfev=858 t=1662.7s remaining=1144
    iter=857 E=-1.8951386999 nfev=859 t=1664.6s remaining=1143
    iter=858 E=-1.8951470505 nfev=860 t=1666.5s remaining=1142
    iter=859 E=-1.8951550843 nfev=861 t=1668.4s remaining=1141
    iter=860 E=-1.8951628167 nfev=862 t=1670.3s remaining=1140
    iter=861 E=-1.8951707887 nfev=863 t=1672.2s remaining=1139
    iter=862 E=-1.8951800017 nfev=864 t=1674.1s remaining=1138
    iter=863 E=-1.8951895535 nfev=865 t=1675.9s remaining=1137
    iter=864 E=-1.8951985695 nfev=866 t=1677.9s remaining=1136
    iter=865 E=-1.8952064358 nfev=867 t=1679.7s remaining=1135
    iter=866 E=-1.8952132939 nfev=868 t=1681.5s remaining=1134
    iter=867 E=-1.8952201663 nfev=869 t=1683.3s remaining=1133
    iter=868 E=-1.8952269164 nfev=870 t=1685.2s remaining=1132
    iter=869 E=-1.8952332403 nfev=871 t=1687.0s remaining=1131
    iter=870 E=-1.8952384791 nfev=872 t=1688.9s remaining=1130
    iter=871 E=-1.8952436311 nfev=873 t=1690.7s remaining=1129
    iter=872 E=-1.8952491276 nfev=874 t=1692.5s remaining=1128
    iter=873 E=-1.8952546355 nfev=875 t=1694.4s remaining=1127
    iter=874 E=-1.8952596626 nfev=876 t=1696.2s remaining=1126
    iter=875 E=-1.8952646398 nfev=877 t=1698.3s remaining=1125
    iter=876 E=-1.8952699265 nfev=878 t=1700.1s remaining=1124
    iter=877 E=-1.8952752609 nfev=879 t=1701.9s remaining=1123
    iter=878 E=-1.8952799023 nfev=880 t=1703.7s remaining=1122
    iter=879 E=-1.8952844763 nfev=881 t=1705.6s remaining=1121
    iter=880 E=-1.8952899425 nfev=882 t=1707.4s remaining=1120
    iter=881 E=-1.8952956342 nfev=883 t=1709.3s remaining=1119
    iter=882 E=-1.8953015534 nfev=884 t=1711.2s remaining=1118
    iter=883 E=-1.8953077342 nfev=885 t=1713.0s remaining=1117
    iter=884 E=-1.8953129961 nfev=886 t=1714.8s remaining=1116
    iter=885 E=-1.8953180709 nfev=887 t=1716.6s remaining=1115
    iter=886 E=-1.8953236091 nfev=888 t=1718.5s remaining=1114
    iter=887 E=-1.8953290635 nfev=889 t=1720.4s remaining=1113
    iter=888 E=-1.8953348771 nfev=890 t=1722.5s remaining=1112
    iter=889 E=-1.8953406898 nfev=891 t=1724.6s remaining=1111
    iter=890 E=-1.8953463544 nfev=892 t=1726.8s remaining=1110
    iter=891 E=-1.8953516191 nfev=893 t=1728.8s remaining=1109
    iter=892 E=-1.8953563037 nfev=894 t=1730.8s remaining=1108
    iter=893 E=-1.8953610845 nfev=895 t=1732.7s remaining=1107
    iter=894 E=-1.8953662311 nfev=896 t=1734.6s remaining=1106
    iter=895 E=-1.8953710145 nfev=897 t=1736.4s remaining=1105
    iter=896 E=-1.8953759276 nfev=898 t=1738.3s remaining=1104
    iter=897 E=-1.8953807004 nfev=899 t=1740.4s remaining=1103
    iter=898 E=-1.8953855159 nfev=900 t=1742.7s remaining=1102
    iter=899 E=-1.8953905586 nfev=901 t=1744.7s remaining=1101
    iter=900 E=-1.8953958170 nfev=902 t=1746.6s remaining=1100
    iter=901 E=-1.8954014785 nfev=903 t=1748.5s remaining=1099
    iter=902 E=-1.8954073622 nfev=904 t=1750.3s remaining=1098
    iter=903 E=-1.8954126528 nfev=905 t=1752.2s remaining=1097
    iter=904 E=-1.8954181317 nfev=906 t=1754.0s remaining=1096
    iter=905 E=-1.8954246022 nfev=907 t=1756.2s remaining=1095
    iter=906 E=-1.8954314205 nfev=908 t=1757.9s remaining=1094
    iter=907 E=-1.8954386305 nfev=909 t=1759.8s remaining=1093
    iter=908 E=-1.8954460558 nfev=910 t=1761.7s remaining=1092
    iter=909 E=-1.8954513634 nfev=911 t=1763.6s remaining=1091
    iter=910 E=-1.8954550973 nfev=912 t=1765.5s remaining=1090
    iter=911 E=-1.8954590241 nfev=913 t=1767.3s remaining=1089
    iter=912 E=-1.8954633275 nfev=914 t=1769.3s remaining=1088
    iter=913 E=-1.8954682452 nfev=915 t=1771.1s remaining=1087
    iter=914 E=-1.8954742022 nfev=916 t=1773.0s remaining=1086
    iter=915 E=-1.8954802192 nfev=917 t=1774.8s remaining=1085
    iter=916 E=-1.8954854939 nfev=918 t=1776.7s remaining=1084
    iter=917 E=-1.8954905768 nfev=919 t=1778.5s remaining=1083
    iter=918 E=-1.8954957090 nfev=920 t=1780.3s remaining=1082
    iter=919 E=-1.8955010753 nfev=921 t=1782.1s remaining=1081
    iter=920 E=-1.8955062661 nfev=922 t=1783.8s remaining=1080
    iter=921 E=-1.8955104952 nfev=923 t=1785.7s remaining=1079
    iter=922 E=-1.8955143181 nfev=924 t=1787.5s remaining=1078
    iter=923 E=-1.8955182170 nfev=925 t=1789.3s remaining=1077
    iter=924 E=-1.8955223861 nfev=926 t=1791.1s remaining=1076
    iter=925 E=-1.8955270660 nfev=927 t=1792.8s remaining=1075
    iter=926 E=-1.8955318346 nfev=928 t=1794.7s remaining=1074
    iter=927 E=-1.8955357657 nfev=929 t=1796.6s remaining=1073
    iter=928 E=-1.8955390612 nfev=930 t=1798.5s remaining=1072
    iter=929 E=-1.8955422281 nfev=931 t=1800.4s remaining=1071
    iter=930 E=-1.8955454729 nfev=932 t=1802.2s remaining=1070
    iter=931 E=-1.8955488272 nfev=933 t=1804.3s remaining=1069
    iter=932 E=-1.8955525619 nfev=934 t=1806.3s remaining=1068
    iter=933 E=-1.8955567562 nfev=935 t=1808.4s remaining=1067
    iter=934 E=-1.8955610909 nfev=936 t=1810.5s remaining=1066
    iter=935 E=-1.8955649332 nfev=937 t=1812.4s remaining=1065
    iter=936 E=-1.8955689320 nfev=938 t=1814.3s remaining=1064
    iter=937 E=-1.8955733813 nfev=939 t=1817.0s remaining=1063
    iter=938 E=-1.8955773896 nfev=940 t=1819.0s remaining=1062
    iter=939 E=-1.8955816033 nfev=941 t=1821.0s remaining=1061
    iter=940 E=-1.8955855501 nfev=942 t=1822.9s remaining=1060
    iter=941 E=-1.8955888727 nfev=943 t=1825.3s remaining=1059
    iter=942 E=-1.8955919660 nfev=944 t=1827.2s remaining=1058
    iter=943 E=-1.8955954230 nfev=945 t=1829.0s remaining=1057
    iter=944 E=-1.8955988016 nfev=946 t=1830.8s remaining=1056
    iter=945 E=-1.8956018055 nfev=947 t=1832.7s remaining=1055
    iter=946 E=-1.8956044737 nfev=948 t=1834.6s remaining=1054
    iter=947 E=-1.8956068542 nfev=949 t=1836.4s remaining=1053
    iter=948 E=-1.8956092779 nfev=950 t=1838.3s remaining=1052
    iter=949 E=-1.8956117486 nfev=951 t=1840.2s remaining=1051
    iter=950 E=-1.8956140193 nfev=952 t=1842.2s remaining=1050
    iter=951 E=-1.8956163960 nfev=953 t=1844.4s remaining=1049
    iter=952 E=-1.8956190170 nfev=954 t=1846.4s remaining=1048
    iter=953 E=-1.8956219194 nfev=955 t=1848.2s remaining=1047
    iter=954 E=-1.8956250130 nfev=956 t=1850.2s remaining=1046
    iter=955 E=-1.8956280904 nfev=957 t=1852.1s remaining=1045
    iter=956 E=-1.8956312850 nfev=958 t=1854.0s remaining=1044
    iter=957 E=-1.8956349593 nfev=959 t=1855.8s remaining=1043
    iter=958 E=-1.8956385282 nfev=960 t=1858.1s remaining=1042
    iter=959 E=-1.8956423533 nfev=961 t=1859.9s remaining=1041
    iter=960 E=-1.8956456972 nfev=962 t=1861.9s remaining=1040
    iter=961 E=-1.8956483733 nfev=963 t=1863.7s remaining=1039
    iter=962 E=-1.8956511668 nfev=964 t=1865.5s remaining=1038
    iter=963 E=-1.8956543886 nfev=965 t=1867.4s remaining=1037
    iter=964 E=-1.8956572624 nfev=966 t=1869.2s remaining=1036
    iter=965 E=-1.8956602377 nfev=967 t=1871.1s remaining=1035
    iter=966 E=-1.8956630704 nfev=968 t=1873.1s remaining=1034
    iter=967 E=-1.8956654865 nfev=969 t=1875.1s remaining=1033
    iter=968 E=-1.8956677935 nfev=970 t=1877.0s remaining=1032
    iter=969 E=-1.8956702629 nfev=971 t=1878.8s remaining=1031
    iter=970 E=-1.8956727376 nfev=972 t=1880.6s remaining=1030
    iter=971 E=-1.8956754039 nfev=973 t=1882.4s remaining=1029
    iter=972 E=-1.8956778391 nfev=974 t=1884.3s remaining=1028
    iter=973 E=-1.8956801745 nfev=975 t=1886.2s remaining=1027
    iter=974 E=-1.8956824771 nfev=976 t=1888.1s remaining=1026
    iter=975 E=-1.8956846937 nfev=977 t=1890.0s remaining=1025
    iter=976 E=-1.8956868259 nfev=978 t=1891.8s remaining=1024
    iter=977 E=-1.8956889917 nfev=979 t=1893.7s remaining=1023
    iter=978 E=-1.8956911897 nfev=980 t=1895.7s remaining=1022
    iter=979 E=-1.8956934903 nfev=981 t=1897.7s remaining=1021
    iter=980 E=-1.8956961579 nfev=982 t=1899.6s remaining=1020
    iter=981 E=-1.8956990585 nfev=983 t=1901.4s remaining=1019
    iter=982 E=-1.8957020972 nfev=984 t=1903.3s remaining=1018
    iter=983 E=-1.8957053911 nfev=985 t=1905.0s remaining=1017
    iter=984 E=-1.8957086030 nfev=986 t=1906.9s remaining=1016
    iter=985 E=-1.8957113351 nfev=987 t=1908.6s remaining=1015
    iter=986 E=-1.8957139977 nfev=988 t=1910.5s remaining=1014
    iter=987 E=-1.8957165650 nfev=989 t=1912.3s remaining=1013
    iter=988 E=-1.8957186535 nfev=990 t=1914.1s remaining=1012
    iter=989 E=-1.8957209056 nfev=991 t=1916.4s remaining=1011
    iter=990 E=-1.8957232288 nfev=992 t=1918.9s remaining=1010
    iter=991 E=-1.8957250781 nfev=993 t=1920.8s remaining=1009
    iter=992 E=-1.8957270425 nfev=994 t=1922.6s remaining=1008
    iter=993 E=-1.8957291631 nfev=995 t=1925.1s remaining=1007
    iter=994 E=-1.8957313984 nfev=996 t=1927.2s remaining=1006
    iter=995 E=-1.8957335204 nfev=997 t=1929.1s remaining=1005
    iter=996 E=-1.8957353992 nfev=998 t=1931.0s remaining=1004
    iter=997 E=-1.8957369623 nfev=999 t=1932.8s remaining=1003
    iter=998 E=-1.8957383751 nfev=1000 t=1934.7s remaining=1002
    iter=999 E=-1.8957398901 nfev=1001 t=1936.5s remaining=1001
    iter=1000 E=-1.8957415214 nfev=1002 t=1938.3s remaining=1000
    iter=1001 E=-1.8957430910 nfev=1003 t=1940.1s remaining=999
    iter=1002 E=-1.8957447649 nfev=1004 t=1941.9s remaining=998
    iter=1003 E=-1.8957462564 nfev=1005 t=1943.8s remaining=997
    iter=1004 E=-1.8957474010 nfev=1006 t=1945.7s remaining=996
    iter=1005 E=-1.8957485311 nfev=1007 t=1947.6s remaining=995
    iter=1006 E=-1.8957498458 nfev=1008 t=1949.4s remaining=994
    iter=1007 E=-1.8957511344 nfev=1009 t=1951.3s remaining=993
    iter=1008 E=-1.8957522972 nfev=1010 t=1953.2s remaining=992
    iter=1009 E=-1.8957533429 nfev=1011 t=1955.2s remaining=991
    iter=1010 E=-1.8957543544 nfev=1012 t=1957.0s remaining=990
    iter=1011 E=-1.8957553588 nfev=1013 t=1959.1s remaining=989
    iter=1012 E=-1.8957563501 nfev=1014 t=1960.9s remaining=988
    iter=1013 E=-1.8957572681 nfev=1015 t=1962.7s remaining=987
    iter=1014 E=-1.8957581415 nfev=1016 t=1964.6s remaining=986
    iter=1015 E=-1.8957591129 nfev=1017 t=1966.5s remaining=985
    iter=1016 E=-1.8957601208 nfev=1018 t=1968.3s remaining=984
    iter=1017 E=-1.8957609944 nfev=1019 t=1970.1s remaining=983
    iter=1018 E=-1.8957618671 nfev=1020 t=1972.0s remaining=982
    iter=1019 E=-1.8957628282 nfev=1021 t=1973.9s remaining=981
    iter=1020 E=-1.8957639062 nfev=1022 t=1975.8s remaining=980
    iter=1021 E=-1.8957650777 nfev=1023 t=1977.8s remaining=979
    iter=1022 E=-1.8957663202 nfev=1024 t=1979.7s remaining=978
    iter=1023 E=-1.8957675793 nfev=1025 t=1981.5s remaining=977
    iter=1024 E=-1.8957687738 nfev=1026 t=1983.7s remaining=976
    iter=1025 E=-1.8957698807 nfev=1027 t=1985.7s remaining=975
    iter=1026 E=-1.8957709603 nfev=1028 t=1987.7s remaining=974
    iter=1027 E=-1.8957720435 nfev=1029 t=1989.6s remaining=973
    iter=1028 E=-1.8957731296 nfev=1030 t=1991.4s remaining=972
    iter=1029 E=-1.8957742686 nfev=1031 t=1993.2s remaining=971
    iter=1030 E=-1.8957755364 nfev=1032 t=1995.1s remaining=970
    iter=1031 E=-1.8957770312 nfev=1033 t=1996.9s remaining=969
    iter=1032 E=-1.8957786982 nfev=1034 t=1998.8s remaining=968
    iter=1033 E=-1.8957804468 nfev=1035 t=2000.6s remaining=967
    iter=1034 E=-1.8957820968 nfev=1036 t=2002.6s remaining=966
    iter=1035 E=-1.8957835160 nfev=1037 t=2004.6s remaining=965
    iter=1036 E=-1.8957847257 nfev=1038 t=2006.6s remaining=964
    iter=1037 E=-1.8957858905 nfev=1039 t=2008.5s remaining=963
    iter=1038 E=-1.8957871042 nfev=1040 t=2010.4s remaining=962
    iter=1039 E=-1.8957883031 nfev=1041 t=2012.4s remaining=961
    iter=1040 E=-1.8957895837 nfev=1042 t=2014.3s remaining=960
    iter=1041 E=-1.8957909465 nfev=1043 t=2016.1s remaining=959
    iter=1042 E=-1.8957923581 nfev=1044 t=2018.1s remaining=958
    iter=1043 E=-1.8957938033 nfev=1045 t=2020.0s remaining=957
    iter=1044 E=-1.8957953036 nfev=1046 t=2022.0s remaining=956
    iter=1045 E=-1.8957968244 nfev=1047 t=2023.9s remaining=955
    iter=1046 E=-1.8957983216 nfev=1048 t=2025.8s remaining=954
    iter=1047 E=-1.8957998507 nfev=1049 t=2027.7s remaining=953
    iter=1048 E=-1.8958013878 nfev=1050 t=2029.6s remaining=952
    iter=1049 E=-1.8958028793 nfev=1051 t=2031.5s remaining=951
    iter=1050 E=-1.8958043534 nfev=1052 t=2033.5s remaining=950
    iter=1051 E=-1.8958057952 nfev=1053 t=2035.3s remaining=949
    iter=1052 E=-1.8958070691 nfev=1054 t=2037.2s remaining=948
    iter=1053 E=-1.8958082877 nfev=1055 t=2038.9s remaining=947
    iter=1054 E=-1.8958096040 nfev=1056 t=2040.8s remaining=946
    iter=1055 E=-1.8958109544 nfev=1057 t=2042.5s remaining=945
    iter=1056 E=-1.8958121207 nfev=1058 t=2044.3s remaining=944
    iter=1057 E=-1.8958131770 nfev=1059 t=2046.2s remaining=943
    iter=1058 E=-1.8958141726 nfev=1060 t=2048.0s remaining=942
    iter=1059 E=-1.8958152886 nfev=1061 t=2049.9s remaining=941
    iter=1060 E=-1.8958165772 nfev=1062 t=2051.7s remaining=940
    iter=1061 E=-1.8958179175 nfev=1063 t=2053.5s remaining=939
    iter=1062 E=-1.8958191580 nfev=1064 t=2055.3s remaining=938
    iter=1063 E=-1.8958203177 nfev=1065 t=2057.2s remaining=937
    iter=1064 E=-1.8958215097 nfev=1066 t=2059.0s remaining=936
    iter=1065 E=-1.8958227848 nfev=1067 t=2060.9s remaining=935
    iter=1066 E=-1.8958240880 nfev=1068 t=2062.8s remaining=934
    iter=1067 E=-1.8958253467 nfev=1069 t=2064.6s remaining=933
    iter=1068 E=-1.8958265252 nfev=1070 t=2066.5s remaining=932
    iter=1069 E=-1.8958276726 nfev=1071 t=2068.4s remaining=931
    iter=1070 E=-1.8958289263 nfev=1072 t=2070.2s remaining=930
    iter=1071 E=-1.8958304398 nfev=1073 t=2072.1s remaining=929
    iter=1072 E=-1.8958321886 nfev=1074 t=2073.9s remaining=928
    iter=1073 E=-1.8958339703 nfev=1075 t=2075.8s remaining=927
    iter=1074 E=-1.8958355006 nfev=1076 t=2077.9s remaining=926
    iter=1075 E=-1.8958368440 nfev=1077 t=2080.0s remaining=925
    iter=1076 E=-1.8958381367 nfev=1078 t=2081.9s remaining=924
    iter=1077 E=-1.8958394881 nfev=1079 t=2083.8s remaining=923
    iter=1078 E=-1.8958409140 nfev=1080 t=2085.7s remaining=922
    iter=1079 E=-1.8958423266 nfev=1081 t=2087.6s remaining=921
    iter=1080 E=-1.8958435988 nfev=1082 t=2089.8s remaining=920
    iter=1081 E=-1.8958447425 nfev=1083 t=2092.0s remaining=919
    iter=1082 E=-1.8958458627 nfev=1084 t=2093.9s remaining=918
    iter=1083 E=-1.8958471208 nfev=1085 t=2095.8s remaining=917
    iter=1084 E=-1.8958485872 nfev=1086 t=2097.6s remaining=916
    iter=1085 E=-1.8958502212 nfev=1087 t=2099.4s remaining=915
    iter=1086 E=-1.8958519117 nfev=1088 t=2101.2s remaining=914
    iter=1087 E=-1.8958535518 nfev=1089 t=2103.0s remaining=913
    iter=1088 E=-1.8958550738 nfev=1090 t=2104.9s remaining=912
    iter=1089 E=-1.8958564199 nfev=1091 t=2107.0s remaining=911
    iter=1090 E=-1.8958576545 nfev=1092 t=2108.8s remaining=910
    iter=1091 E=-1.8958588649 nfev=1093 t=2110.7s remaining=909
    iter=1092 E=-1.8958601777 nfev=1094 t=2112.5s remaining=908
    iter=1093 E=-1.8958613370 nfev=1095 t=2114.4s remaining=907
    iter=1094 E=-1.8958624518 nfev=1096 t=2116.4s remaining=906
    iter=1095 E=-1.8958635392 nfev=1097 t=2118.5s remaining=905
    iter=1096 E=-1.8958646997 nfev=1098 t=2120.4s remaining=904
    iter=1097 E=-1.8958660730 nfev=1099 t=2122.6s remaining=903
    iter=1098 E=-1.8958676159 nfev=1100 t=2124.4s remaining=902
    iter=1099 E=-1.8958689919 nfev=1101 t=2126.3s remaining=901
    iter=1100 E=-1.8958700981 nfev=1102 t=2128.2s remaining=900
    iter=1101 E=-1.8958712182 nfev=1103 t=2130.1s remaining=899
    iter=1102 E=-1.8958724144 nfev=1104 t=2131.9s remaining=898
    iter=1103 E=-1.8958736489 nfev=1105 t=2133.8s remaining=897
    iter=1104 E=-1.8958747658 nfev=1106 t=2135.9s remaining=896
    iter=1105 E=-1.8958757527 nfev=1107 t=2137.8s remaining=895
    iter=1106 E=-1.8958766392 nfev=1108 t=2139.7s remaining=894
    iter=1107 E=-1.8958774791 nfev=1109 t=2141.5s remaining=893
    iter=1108 E=-1.8958783352 nfev=1110 t=2143.5s remaining=892
    iter=1109 E=-1.8958792425 nfev=1111 t=2145.5s remaining=891
    iter=1110 E=-1.8958801109 nfev=1112 t=2147.4s remaining=890
    iter=1111 E=-1.8958808895 nfev=1113 t=2149.4s remaining=889
    iter=1112 E=-1.8958815876 nfev=1114 t=2151.4s remaining=888
    iter=1113 E=-1.8958823261 nfev=1115 t=2153.2s remaining=887
    iter=1114 E=-1.8958831720 nfev=1116 t=2155.0s remaining=886
    iter=1115 E=-1.8958840399 nfev=1117 t=2156.8s remaining=885
    iter=1116 E=-1.8958848424 nfev=1118 t=2158.7s remaining=884
    iter=1117 E=-1.8958855520 nfev=1119 t=2161.2s remaining=883
    iter=1118 E=-1.8958862396 nfev=1120 t=2163.2s remaining=882
    iter=1119 E=-1.8958869563 nfev=1121 t=2165.2s remaining=881
    iter=1120 E=-1.8958877130 nfev=1122 t=2167.1s remaining=880
    iter=1121 E=-1.8958884665 nfev=1123 t=2168.9s remaining=879
    iter=1122 E=-1.8958892035 nfev=1124 t=2170.8s remaining=878
    iter=1123 E=-1.8958899150 nfev=1125 t=2172.7s remaining=877
    iter=1124 E=-1.8958906208 nfev=1126 t=2174.6s remaining=876
    iter=1125 E=-1.8958913392 nfev=1127 t=2176.5s remaining=875
    iter=1126 E=-1.8958921036 nfev=1128 t=2178.5s remaining=874
    iter=1127 E=-1.8958929052 nfev=1129 t=2180.3s remaining=873
    iter=1128 E=-1.8958936831 nfev=1130 t=2182.1s remaining=872
    iter=1129 E=-1.8958943740 nfev=1131 t=2184.0s remaining=871
    iter=1130 E=-1.8958950218 nfev=1132 t=2185.9s remaining=870
    iter=1131 E=-1.8958956900 nfev=1133 t=2187.7s remaining=869
    iter=1132 E=-1.8958964299 nfev=1134 t=2189.6s remaining=868
    iter=1133 E=-1.8958971558 nfev=1135 t=2191.8s remaining=867
    iter=1134 E=-1.8958978219 nfev=1136 t=2194.1s remaining=866
    iter=1135 E=-1.8958984264 nfev=1137 t=2196.0s remaining=865
    iter=1136 E=-1.8958990564 nfev=1138 t=2197.8s remaining=864
    iter=1137 E=-1.8958997275 nfev=1139 t=2199.7s remaining=863
    iter=1138 E=-1.8959003945 nfev=1140 t=2201.5s remaining=862
    iter=1139 E=-1.8959010451 nfev=1141 t=2203.4s remaining=861
    iter=1140 E=-1.8959016570 nfev=1142 t=2205.2s remaining=860
    iter=1141 E=-1.8959022388 nfev=1143 t=2207.0s remaining=859
    iter=1142 E=-1.8959028053 nfev=1144 t=2208.9s remaining=858
    iter=1143 E=-1.8959033665 nfev=1145 t=2211.0s remaining=857
    iter=1144 E=-1.8959039319 nfev=1146 t=2212.9s remaining=856
    iter=1145 E=-1.8959044668 nfev=1147 t=2215.1s remaining=855
    iter=1146 E=-1.8959049661 nfev=1148 t=2217.2s remaining=854
    iter=1147 E=-1.8959054219 nfev=1149 t=2219.2s remaining=853
    iter=1148 E=-1.8959059040 nfev=1150 t=2221.0s remaining=852
    iter=1149 E=-1.8959064163 nfev=1151 t=2222.9s remaining=851
    iter=1150 E=-1.8959069090 nfev=1152 t=2224.8s remaining=850
    iter=1151 E=-1.8959073381 nfev=1153 t=2226.7s remaining=849
    iter=1152 E=-1.8959077131 nfev=1154 t=2228.6s remaining=848
    iter=1153 E=-1.8959080652 nfev=1155 t=2230.5s remaining=847
    iter=1154 E=-1.8959084235 nfev=1156 t=2232.4s remaining=846
    iter=1155 E=-1.8959087961 nfev=1157 t=2234.4s remaining=845
    iter=1156 E=-1.8959091663 nfev=1158 t=2236.2s remaining=844
    iter=1157 E=-1.8959095016 nfev=1159 t=2238.1s remaining=843
    iter=1158 E=-1.8959098008 nfev=1160 t=2240.0s remaining=842
    iter=1159 E=-1.8959100861 nfev=1161 t=2242.0s remaining=841
    iter=1160 E=-1.8959103973 nfev=1162 t=2244.0s remaining=840
    iter=1161 E=-1.8959107326 nfev=1163 t=2246.0s remaining=839
    iter=1162 E=-1.8959110749 nfev=1164 t=2247.8s remaining=838
    iter=1163 E=-1.8959114081 nfev=1165 t=2249.8s remaining=837
    iter=1164 E=-1.8959117579 nfev=1166 t=2252.3s remaining=836
    iter=1165 E=-1.8959121499 nfev=1167 t=2254.2s remaining=835
    iter=1166 E=-1.8959125540 nfev=1168 t=2256.0s remaining=834
    iter=1167 E=-1.8959129057 nfev=1169 t=2258.2s remaining=833
    iter=1168 E=-1.8959131883 nfev=1170 t=2260.2s remaining=832
    iter=1169 E=-1.8959134391 nfev=1171 t=2262.1s remaining=831
    iter=1170 E=-1.8959137166 nfev=1172 t=2264.1s remaining=830
    iter=1171 E=-1.8959140388 nfev=1173 t=2266.0s remaining=829
    iter=1172 E=-1.8959143864 nfev=1174 t=2267.9s remaining=828
    iter=1173 E=-1.8959147092 nfev=1175 t=2269.7s remaining=827
    iter=1174 E=-1.8959149845 nfev=1176 t=2271.6s remaining=826
    iter=1175 E=-1.8959152319 nfev=1177 t=2273.4s remaining=825
    iter=1176 E=-1.8959154952 nfev=1178 t=2275.3s remaining=824
    iter=1177 E=-1.8959158155 nfev=1179 t=2277.1s remaining=823
    iter=1178 E=-1.8959161867 nfev=1180 t=2279.0s remaining=822
    iter=1179 E=-1.8959165559 nfev=1181 t=2281.0s remaining=821
    iter=1180 E=-1.8959168766 nfev=1182 t=2282.9s remaining=820
    iter=1181 E=-1.8959171740 nfev=1183 t=2284.8s remaining=819
    iter=1182 E=-1.8959174968 nfev=1184 t=2286.7s remaining=818
    iter=1183 E=-1.8959178708 nfev=1185 t=2288.5s remaining=817
    iter=1184 E=-1.8959182439 nfev=1186 t=2290.4s remaining=816
    iter=1185 E=-1.8959185658 nfev=1187 t=2292.1s remaining=815
    iter=1186 E=-1.8959188268 nfev=1188 t=2294.0s remaining=814
    iter=1187 E=-1.8959190832 nfev=1189 t=2295.8s remaining=813
    iter=1188 E=-1.8959193856 nfev=1190 t=2297.6s remaining=812
    iter=1189 E=-1.8959197359 nfev=1191 t=2299.5s remaining=811
    iter=1190 E=-1.8959201081 nfev=1192 t=2301.4s remaining=810
    iter=1191 E=-1.8959204539 nfev=1193 t=2303.3s remaining=809
    iter=1192 E=-1.8959207607 nfev=1194 t=2305.1s remaining=808
    iter=1193 E=-1.8959210570 nfev=1195 t=2307.0s remaining=807
    iter=1194 E=-1.8959213746 nfev=1196 t=2308.9s remaining=806
    iter=1195 E=-1.8959217163 nfev=1197 t=2310.8s remaining=805
    iter=1196 E=-1.8959220471 nfev=1198 t=2312.7s remaining=804
    iter=1197 E=-1.8959223514 nfev=1199 t=2314.6s remaining=803
    iter=1198 E=-1.8959226425 nfev=1200 t=2316.5s remaining=802
    iter=1199 E=-1.8959229686 nfev=1201 t=2318.3s remaining=801
    iter=1200 E=-1.8959233311 nfev=1202 t=2320.3s remaining=800
    iter=1201 E=-1.8959237268 nfev=1203 t=2322.1s remaining=799
    iter=1202 E=-1.8959241163 nfev=1204 t=2323.9s remaining=798
    iter=1203 E=-1.8959244975 nfev=1205 t=2325.7s remaining=797
    iter=1204 E=-1.8959248558 nfev=1206 t=2327.6s remaining=796
    iter=1205 E=-1.8959251996 nfev=1207 t=2329.5s remaining=795
    iter=1206 E=-1.8959255547 nfev=1208 t=2331.4s remaining=794
    iter=1207 E=-1.8959259616 nfev=1209 t=2333.2s remaining=793
    iter=1208 E=-1.8959264201 nfev=1210 t=2335.1s remaining=792
    iter=1209 E=-1.8959268506 nfev=1211 t=2337.0s remaining=791
    iter=1210 E=-1.8959271952 nfev=1212 t=2339.0s remaining=790
    iter=1211 E=-1.8959274787 nfev=1213 t=2341.5s remaining=789
    iter=1212 E=-1.8959277836 nfev=1214 t=2344.1s remaining=788
    iter=1213 E=-1.8959281525 nfev=1215 t=2346.8s remaining=787
    iter=1214 E=-1.8959285485 nfev=1216 t=2348.8s remaining=786
    iter=1215 E=-1.8959289280 nfev=1217 t=2350.7s remaining=785
    iter=1216 E=-1.8959293008 nfev=1218 t=2352.5s remaining=784
    iter=1217 E=-1.8959296969 nfev=1219 t=2354.7s remaining=783
    iter=1218 E=-1.8959301037 nfev=1220 t=2356.6s remaining=782
    iter=1219 E=-1.8959304947 nfev=1221 t=2358.5s remaining=781
    iter=1220 E=-1.8959308751 nfev=1222 t=2360.3s remaining=780
    iter=1221 E=-1.8959312964 nfev=1223 t=2362.2s remaining=779
    iter=1222 E=-1.8959317591 nfev=1224 t=2364.1s remaining=778
    iter=1223 E=-1.8959322064 nfev=1225 t=2365.9s remaining=777
    iter=1224 E=-1.8959325898 nfev=1226 t=2368.2s remaining=776
    iter=1225 E=-1.8959329656 nfev=1227 t=2370.1s remaining=775
    iter=1226 E=-1.8959333925 nfev=1228 t=2372.0s remaining=774
    iter=1227 E=-1.8959338701 nfev=1229 t=2373.9s remaining=773
    iter=1228 E=-1.8959343170 nfev=1230 t=2375.7s remaining=772
    iter=1229 E=-1.8959346921 nfev=1231 t=2377.6s remaining=771
    iter=1230 E=-1.8959350341 nfev=1232 t=2379.4s remaining=770
    iter=1231 E=-1.8959354164 nfev=1233 t=2381.2s remaining=769
    iter=1232 E=-1.8959358904 nfev=1234 t=2383.2s remaining=768
    iter=1233 E=-1.8959364394 nfev=1235 t=2385.1s remaining=767
    iter=1234 E=-1.8959369365 nfev=1236 t=2387.0s remaining=766
    iter=1235 E=-1.8959373224 nfev=1237 t=2388.9s remaining=765
    iter=1236 E=-1.8959376542 nfev=1238 t=2391.0s remaining=764
    iter=1237 E=-1.8959380128 nfev=1239 t=2392.9s remaining=763
    iter=1238 E=-1.8959384736 nfev=1240 t=2394.8s remaining=762
    iter=1239 E=-1.8959390173 nfev=1241 t=2396.7s remaining=761
    iter=1240 E=-1.8959395619 nfev=1242 t=2398.7s remaining=760
    iter=1241 E=-1.8959400353 nfev=1243 t=2400.7s remaining=759
    iter=1242 E=-1.8959404795 nfev=1244 t=2402.6s remaining=758
    iter=1243 E=-1.8959409559 nfev=1245 t=2404.4s remaining=757
    iter=1244 E=-1.8959414926 nfev=1246 t=2406.2s remaining=756
    iter=1245 E=-1.8959420205 nfev=1247 t=2408.0s remaining=755
    iter=1246 E=-1.8959425260 nfev=1248 t=2409.8s remaining=754
    iter=1247 E=-1.8959430471 nfev=1249 t=2411.6s remaining=753
    iter=1248 E=-1.8959436715 nfev=1250 t=2413.5s remaining=752
    iter=1249 E=-1.8959443128 nfev=1251 t=2415.3s remaining=751
    iter=1250 E=-1.8959449301 nfev=1252 t=2417.4s remaining=750
    iter=1251 E=-1.8959455293 nfev=1253 t=2419.3s remaining=749
    iter=1252 E=-1.8959461740 nfev=1254 t=2421.0s remaining=748
    iter=1253 E=-1.8959469625 nfev=1255 t=2422.8s remaining=747
    iter=1254 E=-1.8959478007 nfev=1256 t=2424.7s remaining=746
    iter=1255 E=-1.8959485418 nfev=1257 t=2426.5s remaining=745
    iter=1256 E=-1.8959492355 nfev=1258 t=2428.3s remaining=744
    iter=1257 E=-1.8959499259 nfev=1259 t=2430.2s remaining=743
    iter=1258 E=-1.8959507597 nfev=1260 t=2432.3s remaining=742
    iter=1259 E=-1.8959517044 nfev=1261 t=2434.2s remaining=741
    iter=1260 E=-1.8959525844 nfev=1262 t=2436.0s remaining=740
    iter=1261 E=-1.8959532888 nfev=1263 t=2437.8s remaining=739
    iter=1262 E=-1.8959539823 nfev=1264 t=2439.7s remaining=738
    iter=1263 E=-1.8959547969 nfev=1265 t=2441.6s remaining=737
    iter=1264 E=-1.8959558197 nfev=1266 t=2443.5s remaining=736
    iter=1265 E=-1.8959567703 nfev=1267 t=2445.4s remaining=735
    iter=1266 E=-1.8959576092 nfev=1268 t=2447.2s remaining=734
    iter=1267 E=-1.8959584276 nfev=1269 t=2449.0s remaining=733
    iter=1268 E=-1.8959594403 nfev=1270 t=2450.9s remaining=732
    iter=1269 E=-1.8959608080 nfev=1271 t=2452.8s remaining=731
    iter=1270 E=-1.8959623739 nfev=1272 t=2454.7s remaining=730
    iter=1271 E=-1.8959638684 nfev=1273 t=2456.7s remaining=729
    iter=1272 E=-1.8959654311 nfev=1274 t=2458.7s remaining=728
    iter=1273 E=-1.8959670446 nfev=1275 t=2460.7s remaining=727
    iter=1274 E=-1.8959684351 nfev=1276 t=2462.6s remaining=726
    iter=1275 E=-1.8959701457 nfev=1277 t=2464.5s remaining=725
    iter=1276 E=-1.8959721601 nfev=1278 t=2466.3s remaining=724
    iter=1277 E=-1.8959744344 nfev=1279 t=2468.5s remaining=723
    iter=1278 E=-1.8959765465 nfev=1280 t=2470.6s remaining=722
    iter=1279 E=-1.8959787918 nfev=1281 t=2472.4s remaining=721
    iter=1280 E=-1.8959806609 nfev=1282 t=2474.2s remaining=720
    iter=1281 E=-1.8959823398 nfev=1283 t=2475.9s remaining=719
    iter=1282 E=-1.8959838359 nfev=1284 t=2477.8s remaining=718
    iter=1283 E=-1.8959857237 nfev=1285 t=2479.7s remaining=717
    iter=1284 E=-1.8959882388 nfev=1286 t=2481.5s remaining=716
    iter=1285 E=-1.8959907309 nfev=1287 t=2483.3s remaining=715
    iter=1286 E=-1.8959926408 nfev=1288 t=2485.1s remaining=714
    iter=1287 E=-1.8959946696 nfev=1289 t=2487.1s remaining=713
    iter=1288 E=-1.8959966906 nfev=1290 t=2489.1s remaining=712
    iter=1289 E=-1.8959986702 nfev=1291 t=2491.1s remaining=711
    iter=1290 E=-1.8960009673 nfev=1292 t=2492.9s remaining=710
    iter=1291 E=-1.8960033444 nfev=1293 t=2494.6s remaining=709
    iter=1292 E=-1.8960058018 nfev=1294 t=2496.4s remaining=708
    iter=1293 E=-1.8960083018 nfev=1295 t=2498.3s remaining=707
    iter=1294 E=-1.8960108653 nfev=1296 t=2500.1s remaining=706
    iter=1295 E=-1.8960134432 nfev=1297 t=2502.2s remaining=705
    iter=1296 E=-1.8960161262 nfev=1298 t=2504.1s remaining=704
    iter=1297 E=-1.8960183838 nfev=1299 t=2505.8s remaining=703
    iter=1298 E=-1.8960208770 nfev=1300 t=2507.8s remaining=702
    iter=1299 E=-1.8960234695 nfev=1301 t=2510.2s remaining=701
    iter=1300 E=-1.8960254349 nfev=1302 t=2512.8s remaining=700
    iter=1301 E=-1.8960275744 nfev=1303 t=2514.7s remaining=699
    iter=1302 E=-1.8960293165 nfev=1304 t=2516.6s remaining=698
    iter=1303 E=-1.8960309598 nfev=1305 t=2518.6s remaining=697
    iter=1304 E=-1.8960330943 nfev=1306 t=2520.4s remaining=696
    iter=1305 E=-1.8960355102 nfev=1307 t=2522.2s remaining=695
    iter=1306 E=-1.8960375088 nfev=1308 t=2524.1s remaining=694
    iter=1307 E=-1.8960394930 nfev=1309 t=2526.0s remaining=693
    iter=1308 E=-1.8960415159 nfev=1310 t=2527.8s remaining=692
    iter=1309 E=-1.8960429777 nfev=1311 t=2529.7s remaining=691
    iter=1310 E=-1.8960445128 nfev=1312 t=2531.7s remaining=690
    iter=1311 E=-1.8960462144 nfev=1313 t=2533.6s remaining=689
    iter=1312 E=-1.8960482215 nfev=1314 t=2535.8s remaining=688
    iter=1313 E=-1.8960502050 nfev=1315 t=2537.7s remaining=687
    iter=1314 E=-1.8960521979 nfev=1316 t=2539.5s remaining=686
    iter=1315 E=-1.8960540919 nfev=1317 t=2541.4s remaining=685
    iter=1316 E=-1.8960560177 nfev=1318 t=2543.4s remaining=684
    iter=1317 E=-1.8960581001 nfev=1319 t=2545.4s remaining=683
    iter=1318 E=-1.8960601895 nfev=1320 t=2547.4s remaining=682
    iter=1319 E=-1.8960622144 nfev=1321 t=2549.2s remaining=681
    iter=1320 E=-1.8960638846 nfev=1322 t=2551.1s remaining=680
    iter=1321 E=-1.8960655329 nfev=1323 t=2553.0s remaining=679
    iter=1322 E=-1.8960672070 nfev=1324 t=2554.9s remaining=678
    iter=1323 E=-1.8960687042 nfev=1325 t=2556.8s remaining=677
    iter=1324 E=-1.8960700478 nfev=1326 t=2558.6s remaining=676
    iter=1325 E=-1.8960714760 nfev=1327 t=2560.4s remaining=675
    iter=1326 E=-1.8960727783 nfev=1328 t=2562.2s remaining=674
    iter=1327 E=-1.8960740001 nfev=1329 t=2564.2s remaining=673
    iter=1328 E=-1.8960753539 nfev=1330 t=2566.0s remaining=672
    iter=1329 E=-1.8960768389 nfev=1331 t=2567.8s remaining=671
    iter=1330 E=-1.8960785038 nfev=1332 t=2569.9s remaining=670
    iter=1331 E=-1.8960801895 nfev=1333 t=2572.7s remaining=669
    iter=1332 E=-1.8960817611 nfev=1334 t=2574.8s remaining=668
    iter=1333 E=-1.8960831142 nfev=1335 t=2576.7s remaining=667
    iter=1334 E=-1.8960842615 nfev=1336 t=2578.5s remaining=666
    iter=1335 E=-1.8960854174 nfev=1337 t=2580.5s remaining=665
    iter=1336 E=-1.8960867603 nfev=1338 t=2582.4s remaining=664
    iter=1337 E=-1.8960881246 nfev=1339 t=2584.3s remaining=663
    iter=1338 E=-1.8960892603 nfev=1340 t=2586.1s remaining=662
    iter=1339 E=-1.8960901968 nfev=1341 t=2588.0s remaining=661
    iter=1340 E=-1.8960910270 nfev=1342 t=2589.8s remaining=660
    iter=1341 E=-1.8960918077 nfev=1343 t=2591.6s remaining=659
    iter=1342 E=-1.8960925863 nfev=1344 t=2593.6s remaining=658
    iter=1343 E=-1.8960934001 nfev=1345 t=2595.5s remaining=657
    iter=1344 E=-1.8960942514 nfev=1346 t=2597.4s remaining=656
    iter=1345 E=-1.8960950789 nfev=1347 t=2599.3s remaining=655
    iter=1346 E=-1.8960958526 nfev=1348 t=2601.2s remaining=654
    iter=1347 E=-1.8960966549 nfev=1349 t=2603.0s remaining=653
    iter=1348 E=-1.8960975539 nfev=1350 t=2605.2s remaining=652
    iter=1349 E=-1.8960984643 nfev=1351 t=2607.3s remaining=651
    iter=1350 E=-1.8960992538 nfev=1352 t=2609.8s remaining=650
    iter=1351 E=-1.8960999032 nfev=1353 t=2612.6s remaining=649
    iter=1352 E=-1.8961005169 nfev=1354 t=2614.6s remaining=648
    iter=1353 E=-1.8961011801 nfev=1355 t=2616.5s remaining=647
    iter=1354 E=-1.8961018875 nfev=1356 t=2618.5s remaining=646
    iter=1355 E=-1.8961026473 nfev=1357 t=2620.4s remaining=645
    iter=1356 E=-1.8961034810 nfev=1358 t=2622.3s remaining=644
    iter=1357 E=-1.8961044094 nfev=1359 t=2624.1s remaining=643
    iter=1358 E=-1.8961053842 nfev=1360 t=2626.0s remaining=642
    iter=1359 E=-1.8961063041 nfev=1361 t=2628.1s remaining=641
    iter=1360 E=-1.8961070930 nfev=1362 t=2630.0s remaining=640
    iter=1361 E=-1.8961078231 nfev=1363 t=2631.9s remaining=639
    iter=1362 E=-1.8961085697 nfev=1364 t=2633.8s remaining=638
    iter=1363 E=-1.8961093003 nfev=1365 t=2635.7s remaining=637
    iter=1364 E=-1.8961099700 nfev=1366 t=2637.5s remaining=636
    iter=1365 E=-1.8961105664 nfev=1367 t=2639.4s remaining=635
    iter=1366 E=-1.8961111097 nfev=1368 t=2641.2s remaining=634
    iter=1367 E=-1.8961116308 nfev=1369 t=2643.2s remaining=633
    iter=1368 E=-1.8961121920 nfev=1370 t=2645.3s remaining=632
    iter=1369 E=-1.8961128486 nfev=1371 t=2647.2s remaining=631
    iter=1370 E=-1.8961135996 nfev=1372 t=2649.2s remaining=630
    iter=1371 E=-1.8961143664 nfev=1373 t=2651.3s remaining=629
    iter=1372 E=-1.8961149986 nfev=1374 t=2653.2s remaining=628
    iter=1373 E=-1.8961155160 nfev=1375 t=2655.0s remaining=627
    iter=1374 E=-1.8961160186 nfev=1376 t=2657.0s remaining=626
    iter=1375 E=-1.8961165812 nfev=1377 t=2658.8s remaining=625
    iter=1376 E=-1.8961171820 nfev=1378 t=2660.6s remaining=624
    iter=1377 E=-1.8961177990 nfev=1379 t=2662.4s remaining=623
    iter=1378 E=-1.8961184238 nfev=1380 t=2664.3s remaining=622
    iter=1379 E=-1.8961190727 nfev=1381 t=2666.1s remaining=621
    iter=1380 E=-1.8961197540 nfev=1382 t=2668.0s remaining=620
    iter=1381 E=-1.8961204534 nfev=1383 t=2669.8s remaining=619
    iter=1382 E=-1.8961211498 nfev=1384 t=2671.8s remaining=618
    iter=1383 E=-1.8961218203 nfev=1385 t=2673.8s remaining=617
    iter=1384 E=-1.8961224682 nfev=1386 t=2675.6s remaining=616
    iter=1385 E=-1.8961231233 nfev=1387 t=2677.5s remaining=615
    iter=1386 E=-1.8961238055 nfev=1388 t=2679.3s remaining=614
    iter=1387 E=-1.8961245001 nfev=1389 t=2681.3s remaining=613
    iter=1388 E=-1.8961252188 nfev=1390 t=2684.0s remaining=612
    iter=1389 E=-1.8961259185 nfev=1391 t=2686.4s remaining=611
    iter=1390 E=-1.8961265819 nfev=1392 t=2688.2s remaining=610
    iter=1391 E=-1.8961272284 nfev=1393 t=2690.1s remaining=609
    iter=1392 E=-1.8961278820 nfev=1394 t=2692.2s remaining=608
    iter=1393 E=-1.8961285302 nfev=1395 t=2694.0s remaining=607
    iter=1394 E=-1.8961291697 nfev=1396 t=2695.8s remaining=606
    iter=1395 E=-1.8961298435 nfev=1397 t=2697.6s remaining=605
    iter=1396 E=-1.8961306120 nfev=1398 t=2699.6s remaining=604
    iter=1397 E=-1.8961314466 nfev=1399 t=2701.6s remaining=603
    iter=1398 E=-1.8961322720 nfev=1400 t=2703.5s remaining=602
    iter=1399 E=-1.8961329341 nfev=1401 t=2705.3s remaining=601
    iter=1400 E=-1.8961334404 nfev=1402 t=2707.4s remaining=600
    iter=1401 E=-1.8961338377 nfev=1403 t=2709.2s remaining=599
    iter=1402 E=-1.8961342356 nfev=1404 t=2711.0s remaining=598
    iter=1403 E=-1.8961346900 nfev=1405 t=2712.8s remaining=597
    iter=1404 E=-1.8961351893 nfev=1406 t=2714.7s remaining=596
    iter=1405 E=-1.8961357142 nfev=1407 t=2716.6s remaining=595
    iter=1406 E=-1.8961362327 nfev=1408 t=2718.4s remaining=594
    iter=1407 E=-1.8961367503 nfev=1409 t=2720.5s remaining=593
    iter=1408 E=-1.8961372612 nfev=1410 t=2722.3s remaining=592
    iter=1409 E=-1.8961377876 nfev=1411 t=2724.2s remaining=591
    iter=1410 E=-1.8961383556 nfev=1412 t=2726.0s remaining=590
    iter=1411 E=-1.8961390351 nfev=1413 t=2728.0s remaining=589
    iter=1412 E=-1.8961398285 nfev=1414 t=2730.0s remaining=588
    iter=1413 E=-1.8961406943 nfev=1415 t=2732.0s remaining=587
    iter=1414 E=-1.8961415547 nfev=1416 t=2734.0s remaining=586
    iter=1415 E=-1.8961423577 nfev=1417 t=2735.9s remaining=585
    iter=1416 E=-1.8961430775 nfev=1418 t=2737.8s remaining=584
    iter=1417 E=-1.8961437642 nfev=1419 t=2739.6s remaining=583
    iter=1418 E=-1.8961445379 nfev=1420 t=2741.4s remaining=582
    iter=1419 E=-1.8961454875 nfev=1421 t=2743.2s remaining=581
    iter=1420 E=-1.8961465798 nfev=1422 t=2745.0s remaining=580
    iter=1421 E=-1.8961476298 nfev=1423 t=2747.1s remaining=579
    iter=1422 E=-1.8961484215 nfev=1424 t=2748.9s remaining=578
    iter=1423 E=-1.8961490722 nfev=1425 t=2750.8s remaining=577
    iter=1424 E=-1.8961496572 nfev=1426 t=2752.6s remaining=576
    iter=1425 E=-1.8961502768 nfev=1427 t=2754.5s remaining=575
    iter=1426 E=-1.8961509521 nfev=1428 t=2756.4s remaining=574
    iter=1427 E=-1.8961518505 nfev=1429 t=2758.5s remaining=573
    iter=1428 E=-1.8961529511 nfev=1430 t=2760.4s remaining=572
    iter=1429 E=-1.8961540858 nfev=1431 t=2762.9s remaining=571
    iter=1430 E=-1.8961549988 nfev=1432 t=2765.1s remaining=570
    iter=1431 E=-1.8961556480 nfev=1433 t=2767.0s remaining=569
    iter=1432 E=-1.8961561886 nfev=1434 t=2769.1s remaining=568
    iter=1433 E=-1.8961568043 nfev=1435 t=2771.1s remaining=567
    iter=1434 E=-1.8961576163 nfev=1436 t=2773.0s remaining=566
    iter=1435 E=-1.8961586746 nfev=1437 t=2774.8s remaining=565
    iter=1436 E=-1.8961598179 nfev=1438 t=2776.7s remaining=564
    iter=1437 E=-1.8961607790 nfev=1439 t=2778.6s remaining=563
    iter=1438 E=-1.8961614580 nfev=1440 t=2780.6s remaining=562
    iter=1439 E=-1.8961619913 nfev=1441 t=2782.6s remaining=561
    iter=1440 E=-1.8961626518 nfev=1442 t=2784.4s remaining=560
    iter=1441 E=-1.8961636334 nfev=1443 t=2786.2s remaining=559
    iter=1442 E=-1.8961648901 nfev=1444 t=2788.0s remaining=558
    iter=1443 E=-1.8961658664 nfev=1445 t=2790.0s remaining=557
    iter=1444 E=-1.8961666466 nfev=1446 t=2791.9s remaining=556
    iter=1445 E=-1.8961672756 nfev=1447 t=2793.8s remaining=555
    iter=1446 E=-1.8961679790 nfev=1448 t=2795.7s remaining=554
    iter=1447 E=-1.8961689465 nfev=1449 t=2797.8s remaining=553
    iter=1448 E=-1.8961701718 nfev=1450 t=2799.8s remaining=552
    iter=1449 E=-1.8961715116 nfev=1451 t=2801.6s remaining=551
    iter=1450 E=-1.8961724944 nfev=1452 t=2803.5s remaining=550
    iter=1451 E=-1.8961730938 nfev=1453 t=2805.5s remaining=549
    iter=1452 E=-1.8961735461 nfev=1454 t=2807.3s remaining=548
    iter=1453 E=-1.8961740829 nfev=1455 t=2809.1s remaining=547
    iter=1454 E=-1.8961748675 nfev=1456 t=2811.2s remaining=546
    iter=1455 E=-1.8961758257 nfev=1457 t=2813.6s remaining=545
    iter=1456 E=-1.8961767399 nfev=1458 t=2815.6s remaining=544
    iter=1457 E=-1.8961775488 nfev=1459 t=2817.8s remaining=543
    iter=1458 E=-1.8961781641 nfev=1460 t=2819.7s remaining=542
    iter=1459 E=-1.8961786672 nfev=1461 t=2821.6s remaining=541
    iter=1460 E=-1.8961791206 nfev=1462 t=2823.5s remaining=540
    iter=1461 E=-1.8961796359 nfev=1463 t=2825.7s remaining=539
    iter=1462 E=-1.8961802272 nfev=1464 t=2827.7s remaining=538
    iter=1463 E=-1.8961807772 nfev=1465 t=2829.6s remaining=537
    iter=1464 E=-1.8961811987 nfev=1466 t=2831.6s remaining=536
    iter=1465 E=-1.8961814909 nfev=1467 t=2833.5s remaining=535
    iter=1466 E=-1.8961817569 nfev=1468 t=2835.4s remaining=534
    iter=1467 E=-1.8961821003 nfev=1469 t=2837.3s remaining=533
    iter=1468 E=-1.8961825779 nfev=1470 t=2839.2s remaining=532
    iter=1469 E=-1.8961831279 nfev=1471 t=2841.3s remaining=531
    iter=1470 E=-1.8961836966 nfev=1472 t=2843.2s remaining=530
    iter=1471 E=-1.8961842057 nfev=1473 t=2845.1s remaining=529
    iter=1472 E=-1.8961846091 nfev=1474 t=2847.0s remaining=528
    iter=1473 E=-1.8961849651 nfev=1475 t=2848.9s remaining=527
    iter=1474 E=-1.8961853064 nfev=1476 t=2850.8s remaining=526
    iter=1475 E=-1.8961856142 nfev=1477 t=2852.8s remaining=525
    iter=1476 E=-1.8961859344 nfev=1478 t=2854.9s remaining=524
    iter=1477 E=-1.8961863202 nfev=1479 t=2857.0s remaining=523
    iter=1478 E=-1.8961867510 nfev=1480 t=2859.0s remaining=522
    iter=1479 E=-1.8961871632 nfev=1481 t=2860.8s remaining=521
    iter=1480 E=-1.8961875498 nfev=1482 t=2862.7s remaining=520
    iter=1481 E=-1.8961879233 nfev=1483 t=2864.6s remaining=519
    iter=1482 E=-1.8961882588 nfev=1484 t=2866.6s remaining=518
    iter=1483 E=-1.8961885776 nfev=1485 t=2868.5s remaining=517
    iter=1484 E=-1.8961889190 nfev=1486 t=2870.6s remaining=516
    iter=1485 E=-1.8961892821 nfev=1487 t=2872.6s remaining=515
    iter=1486 E=-1.8961896500 nfev=1488 t=2874.5s remaining=514
    iter=1487 E=-1.8961900024 nfev=1489 t=2876.4s remaining=513
    iter=1488 E=-1.8961903279 nfev=1490 t=2878.3s remaining=512
    iter=1489 E=-1.8961906700 nfev=1491 t=2880.2s remaining=511
    iter=1490 E=-1.8961911245 nfev=1492 t=2882.0s remaining=510
    iter=1491 E=-1.8961917198 nfev=1493 t=2883.9s remaining=509
    iter=1492 E=-1.8961923449 nfev=1494 t=2885.8s remaining=508
    iter=1493 E=-1.8961928468 nfev=1495 t=2887.7s remaining=507
    iter=1494 E=-1.8961932038 nfev=1496 t=2889.6s remaining=506
    iter=1495 E=-1.8961934769 nfev=1497 t=2891.5s remaining=505
    iter=1496 E=-1.8961937291 nfev=1498 t=2893.3s remaining=504
    iter=1497 E=-1.8961940071 nfev=1499 t=2895.2s remaining=503
    iter=1498 E=-1.8961943504 nfev=1500 t=2897.1s remaining=502
    iter=1499 E=-1.8961947661 nfev=1501 t=2899.0s remaining=501
    iter=1500 E=-1.8961951835 nfev=1502 t=2900.9s remaining=500
    iter=1501 E=-1.8961955196 nfev=1503 t=2902.7s remaining=499
    iter=1502 E=-1.8961957714 nfev=1504 t=2904.6s remaining=498
    iter=1503 E=-1.8961959967 nfev=1505 t=2906.5s remaining=497
    iter=1504 E=-1.8961962564 nfev=1506 t=2908.3s remaining=496
    iter=1505 E=-1.8961965699 nfev=1507 t=2910.3s remaining=495
    iter=1506 E=-1.8961969504 nfev=1508 t=2912.3s remaining=494
    iter=1507 E=-1.8961973665 nfev=1509 t=2914.3s remaining=493
    iter=1508 E=-1.8961977666 nfev=1510 t=2916.6s remaining=492
    iter=1509 E=-1.8961980956 nfev=1511 t=2918.5s remaining=491
    iter=1510 E=-1.8961983686 nfev=1512 t=2920.3s remaining=490
    iter=1511 E=-1.8961986590 nfev=1513 t=2922.1s remaining=489
    iter=1512 E=-1.8961990549 nfev=1514 t=2924.0s remaining=488
    iter=1513 E=-1.8961996083 nfev=1515 t=2925.9s remaining=487
    iter=1514 E=-1.8962002646 nfev=1516 t=2927.7s remaining=486
    iter=1515 E=-1.8962008866 nfev=1517 t=2929.6s remaining=485
    iter=1516 E=-1.8962013774 nfev=1518 t=2931.4s remaining=484
    iter=1517 E=-1.8962017616 nfev=1519 t=2933.3s remaining=483
    iter=1518 E=-1.8962021115 nfev=1520 t=2935.2s remaining=482
    iter=1519 E=-1.8962024927 nfev=1521 t=2937.1s remaining=481
    iter=1520 E=-1.8962029225 nfev=1522 t=2939.0s remaining=480
    iter=1521 E=-1.8962033550 nfev=1523 t=2940.9s remaining=479
    iter=1522 E=-1.8962037124 nfev=1524 t=2942.8s remaining=478
    iter=1523 E=-1.8962040057 nfev=1525 t=2944.7s remaining=477
    iter=1524 E=-1.8962042473 nfev=1526 t=2946.6s remaining=476
    iter=1525 E=-1.8962044759 nfev=1527 t=2948.5s remaining=475
    iter=1526 E=-1.8962047080 nfev=1528 t=2950.6s remaining=474
    iter=1527 E=-1.8962049867 nfev=1529 t=2952.5s remaining=473
    iter=1528 E=-1.8962052816 nfev=1530 t=2954.3s remaining=472
    iter=1529 E=-1.8962055718 nfev=1531 t=2956.2s remaining=471
    iter=1530 E=-1.8962058154 nfev=1532 t=2958.0s remaining=470
    iter=1531 E=-1.8962060344 nfev=1533 t=2959.9s remaining=469
    iter=1532 E=-1.8962062605 nfev=1534 t=2961.8s remaining=468
    iter=1533 E=-1.8962065331 nfev=1535 t=2963.7s remaining=467
    iter=1534 E=-1.8962068560 nfev=1536 t=2965.6s remaining=466
    iter=1535 E=-1.8962072183 nfev=1537 t=2967.5s remaining=465
    iter=1536 E=-1.8962075709 nfev=1538 t=2969.8s remaining=464
    iter=1537 E=-1.8962078770 nfev=1539 t=2971.8s remaining=463
    iter=1538 E=-1.8962080938 nfev=1540 t=2973.9s remaining=462
    iter=1539 E=-1.8962082520 nfev=1541 t=2976.0s remaining=461
    iter=1540 E=-1.8962083932 nfev=1542 t=2977.9s remaining=460
    iter=1541 E=-1.8962085763 nfev=1543 t=2979.7s remaining=459
    iter=1542 E=-1.8962088242 nfev=1544 t=2981.7s remaining=458
    iter=1543 E=-1.8962091382 nfev=1545 t=2983.5s remaining=457
    iter=1544 E=-1.8962094601 nfev=1546 t=2985.4s remaining=456
    iter=1545 E=-1.8962097266 nfev=1547 t=2987.2s remaining=455
    iter=1546 E=-1.8962099249 nfev=1548 t=2989.1s remaining=454
    iter=1547 E=-1.8962101002 nfev=1549 t=2990.9s remaining=453
    iter=1548 E=-1.8962103158 nfev=1550 t=2993.0s remaining=452
    iter=1549 E=-1.8962106090 nfev=1551 t=2994.8s remaining=451
    iter=1550 E=-1.8962109772 nfev=1552 t=2996.7s remaining=450
    iter=1551 E=-1.8962113321 nfev=1553 t=2999.5s remaining=449
    iter=1552 E=-1.8962116186 nfev=1554 t=3001.4s remaining=448
    iter=1553 E=-1.8962118602 nfev=1555 t=3003.2s remaining=447
    iter=1554 E=-1.8962121075 nfev=1556 t=3005.1s remaining=446
    iter=1555 E=-1.8962123873 nfev=1557 t=3006.9s remaining=445
    iter=1556 E=-1.8962126932 nfev=1558 t=3008.8s remaining=444
    iter=1557 E=-1.8962130152 nfev=1559 t=3010.7s remaining=443
    iter=1558 E=-1.8962133387 nfev=1560 t=3012.8s remaining=442
    iter=1559 E=-1.8962136456 nfev=1561 t=3014.6s remaining=441
    iter=1560 E=-1.8962139254 nfev=1562 t=3016.5s remaining=440
    iter=1561 E=-1.8962142018 nfev=1563 t=3018.4s remaining=439
    iter=1562 E=-1.8962145169 nfev=1564 t=3020.3s remaining=438
    iter=1563 E=-1.8962149018 nfev=1565 t=3022.1s remaining=437
    iter=1564 E=-1.8962153294 nfev=1566 t=3023.9s remaining=436
    iter=1565 E=-1.8962157354 nfev=1567 t=3025.7s remaining=435
    iter=1566 E=-1.8962160440 nfev=1568 t=3027.6s remaining=434
    iter=1567 E=-1.8962162606 nfev=1569 t=3029.4s remaining=433
    iter=1568 E=-1.8962164378 nfev=1570 t=3031.2s remaining=432
    iter=1569 E=-1.8962166451 nfev=1571 t=3033.1s remaining=431
    iter=1570 E=-1.8962169352 nfev=1572 t=3035.0s remaining=430
    iter=1571 E=-1.8962173187 nfev=1573 t=3036.9s remaining=429
    iter=1572 E=-1.8962177062 nfev=1574 t=3038.7s remaining=428
    iter=1573 E=-1.8962179939 nfev=1575 t=3040.7s remaining=427
    iter=1574 E=-1.8962181771 nfev=1576 t=3042.5s remaining=426
    iter=1575 E=-1.8962183272 nfev=1577 t=3044.4s remaining=425
    iter=1576 E=-1.8962185078 nfev=1578 t=3046.4s remaining=424
    iter=1577 E=-1.8962187573 nfev=1579 t=3048.3s remaining=423
    iter=1578 E=-1.8962191035 nfev=1580 t=3050.3s remaining=422
    iter=1579 E=-1.8962195621 nfev=1581 t=3052.3s remaining=421
    iter=1580 E=-1.8962200708 nfev=1582 t=3054.3s remaining=420
    iter=1581 E=-1.8962204900 nfev=1583 t=3056.2s remaining=419
    iter=1582 E=-1.8962207539 nfev=1584 t=3058.2s remaining=418
    iter=1583 E=-1.8962209236 nfev=1585 t=3060.1s remaining=417
    iter=1584 E=-1.8962210865 nfev=1586 t=3062.0s remaining=416
    iter=1585 E=-1.8962212919 nfev=1587 t=3063.9s remaining=415
    iter=1586 E=-1.8962215707 nfev=1588 t=3065.8s remaining=414
    iter=1587 E=-1.8962219318 nfev=1589 t=3067.7s remaining=413
    iter=1588 E=-1.8962223348 nfev=1590 t=3069.7s remaining=412
    iter=1589 E=-1.8962226706 nfev=1591 t=3071.7s remaining=411
    iter=1590 E=-1.8962228950 nfev=1592 t=3073.9s remaining=410
    iter=1591 E=-1.8962230623 nfev=1593 t=3075.8s remaining=409
    iter=1592 E=-1.8962232471 nfev=1594 t=3078.2s remaining=408
    iter=1593 E=-1.8962235137 nfev=1595 t=3080.9s remaining=407
    iter=1594 E=-1.8962238697 nfev=1596 t=3083.6s remaining=406
    iter=1595 E=-1.8962242806 nfev=1597 t=3085.7s remaining=405
    iter=1596 E=-1.8962246590 nfev=1598 t=3087.6s remaining=404
    iter=1597 E=-1.8962249434 nfev=1599 t=3089.5s remaining=403
    iter=1598 E=-1.8962251515 nfev=1600 t=3091.4s remaining=402
    iter=1599 E=-1.8962253478 nfev=1601 t=3093.3s remaining=401
    iter=1600 E=-1.8962255957 nfev=1602 t=3095.3s remaining=400
    iter=1601 E=-1.8962259318 nfev=1603 t=3097.3s remaining=399
    iter=1602 E=-1.8962263374 nfev=1604 t=3099.2s remaining=398
    iter=1603 E=-1.8962267428 nfev=1605 t=3101.1s remaining=397
    iter=1604 E=-1.8962270741 nfev=1606 t=3103.0s remaining=396
    iter=1605 E=-1.8962273371 nfev=1607 t=3104.9s remaining=395
    iter=1606 E=-1.8962275750 nfev=1608 t=3106.8s remaining=394
    iter=1607 E=-1.8962278490 nfev=1609 t=3109.3s remaining=393
    iter=1608 E=-1.8962282062 nfev=1610 t=3111.2s remaining=392
    iter=1609 E=-1.8962287157 nfev=1611 t=3113.1s remaining=391
    iter=1610 E=-1.8962293950 nfev=1612 t=3115.0s remaining=390
    iter=1611 E=-1.8962301030 nfev=1613 t=3116.9s remaining=389
    iter=1612 E=-1.8962305917 nfev=1614 t=3118.9s remaining=388
    iter=1613 E=-1.8962308538 nfev=1615 t=3120.7s remaining=387
    iter=1614 E=-1.8962310225 nfev=1616 t=3122.6s remaining=386
    iter=1615 E=-1.8962312214 nfev=1617 t=3124.5s remaining=385
    iter=1616 E=-1.8962314936 nfev=1618 t=3126.4s remaining=384
    iter=1617 E=-1.8962318307 nfev=1619 t=3128.4s remaining=383
    iter=1618 E=-1.8962321825 nfev=1620 t=3130.5s remaining=382
    iter=1619 E=-1.8962324667 nfev=1621 t=3132.4s remaining=381
    iter=1620 E=-1.8962326451 nfev=1622 t=3134.3s remaining=380
    iter=1621 E=-1.8962327633 nfev=1623 t=3136.2s remaining=379
    iter=1622 E=-1.8962328862 nfev=1624 t=3138.2s remaining=378
    iter=1623 E=-1.8962330741 nfev=1625 t=3140.2s remaining=377
    iter=1624 E=-1.8962333694 nfev=1626 t=3142.0s remaining=376
    iter=1625 E=-1.8962338042 nfev=1627 t=3143.9s remaining=375
    iter=1626 E=-1.8962342082 nfev=1628 t=3145.8s remaining=374
    iter=1627 E=-1.8962344716 nfev=1629 t=3147.7s remaining=373
    iter=1628 E=-1.8962346069 nfev=1630 t=3149.5s remaining=372
    iter=1629 E=-1.8962347252 nfev=1631 t=3151.4s remaining=371
    iter=1630 E=-1.8962349045 nfev=1632 t=3153.3s remaining=370
    iter=1631 E=-1.8962351709 nfev=1633 t=3155.2s remaining=369
    iter=1632 E=-1.8962354913 nfev=1634 t=3157.2s remaining=368
    iter=1633 E=-1.8962357622 nfev=1635 t=3159.1s remaining=367
    iter=1634 E=-1.8962359269 nfev=1636 t=3161.2s remaining=366
    iter=1635 E=-1.8962360201 nfev=1637 t=3163.1s remaining=365
    iter=1636 E=-1.8962361027 nfev=1638 t=3165.4s remaining=364
    iter=1637 E=-1.8962362152 nfev=1639 t=3167.3s remaining=363
    iter=1638 E=-1.8962363865 nfev=1640 t=3169.1s remaining=362
    iter=1639 E=-1.8962366465 nfev=1641 t=3171.0s remaining=361
    iter=1640 E=-1.8962369864 nfev=1642 t=3172.9s remaining=360
    iter=1641 E=-1.8962373253 nfev=1643 t=3174.8s remaining=359
    iter=1642 E=-1.8962375665 nfev=1644 t=3176.9s remaining=358
    iter=1643 E=-1.8962377268 nfev=1645 t=3178.9s remaining=357
    iter=1644 E=-1.8962378749 nfev=1646 t=3180.9s remaining=356
    iter=1645 E=-1.8962380922 nfev=1647 t=3182.8s remaining=355
    iter=1646 E=-1.8962384184 nfev=1648 t=3184.8s remaining=354
    iter=1647 E=-1.8962388317 nfev=1649 t=3186.8s remaining=353
    iter=1648 E=-1.8962391950 nfev=1650 t=3188.8s remaining=352
    iter=1649 E=-1.8962394038 nfev=1651 t=3190.7s remaining=351
    iter=1650 E=-1.8962395091 nfev=1652 t=3192.5s remaining=350
    iter=1651 E=-1.8962396009 nfev=1653 t=3194.4s remaining=349
    iter=1652 E=-1.8962397462 nfev=1654 t=3196.3s remaining=348
    iter=1653 E=-1.8962399814 nfev=1655 t=3198.2s remaining=347
    iter=1654 E=-1.8962403484 nfev=1656 t=3200.2s remaining=346
    iter=1655 E=-1.8962407869 nfev=1657 t=3202.2s remaining=345
    iter=1656 E=-1.8962411206 nfev=1658 t=3204.4s remaining=344
    iter=1657 E=-1.8962413212 nfev=1659 t=3206.4s remaining=343
    iter=1658 E=-1.8962414269 nfev=1660 t=3208.5s remaining=342
    iter=1659 E=-1.8962415258 nfev=1661 t=3210.4s remaining=341
    iter=1660 E=-1.8962416760 nfev=1662 t=3212.4s remaining=340
    iter=1661 E=-1.8962419091 nfev=1663 t=3214.4s remaining=339
    iter=1662 E=-1.8962422682 nfev=1664 t=3216.3s remaining=338
    iter=1663 E=-1.8962427228 nfev=1665 t=3218.2s remaining=337
    iter=1664 E=-1.8962431165 nfev=1666 t=3220.1s remaining=336
    iter=1665 E=-1.8962433403 nfev=1667 t=3222.0s remaining=335
    iter=1666 E=-1.8962434511 nfev=1668 t=3223.8s remaining=334
    iter=1667 E=-1.8962435510 nfev=1669 t=3225.7s remaining=333
    iter=1668 E=-1.8962437085 nfev=1670 t=3227.6s remaining=332
    iter=1669 E=-1.8962439619 nfev=1671 t=3229.6s remaining=331
    iter=1670 E=-1.8962443537 nfev=1672 t=3231.5s remaining=330
    iter=1671 E=-1.8962448274 nfev=1673 t=3233.3s remaining=329
    iter=1672 E=-1.8962451785 nfev=1674 t=3235.3s remaining=328
    iter=1673 E=-1.8962453980 nfev=1675 t=3237.1s remaining=327
    iter=1674 E=-1.8962455131 nfev=1676 t=3239.1s remaining=326
    iter=1675 E=-1.8962456446 nfev=1677 t=3241.2s remaining=325
    iter=1676 E=-1.8962458573 nfev=1678 t=3243.1s remaining=324
    iter=1677 E=-1.8962461976 nfev=1679 t=3245.1s remaining=323
    iter=1678 E=-1.8962466842 nfev=1680 t=3247.1s remaining=322
    iter=1679 E=-1.8962470724 nfev=1681 t=3249.0s remaining=321
    iter=1680 E=-1.8962473704 nfev=1682 t=3250.9s remaining=320
    iter=1681 E=-1.8962475187 nfev=1683 t=3253.3s remaining=319
    iter=1682 E=-1.8962476258 nfev=1684 t=3256.1s remaining=318
    iter=1683 E=-1.8962477793 nfev=1685 t=3258.5s remaining=317
    iter=1684 E=-1.8962480309 nfev=1686 t=3260.6s remaining=316
    iter=1685 E=-1.8962484333 nfev=1687 t=3262.4s remaining=315
    iter=1686 E=-1.8962489553 nfev=1688 t=3264.5s remaining=314
    iter=1687 E=-1.8962492799 nfev=1689 t=3266.4s remaining=313
    iter=1688 E=-1.8962494549 nfev=1690 t=3268.3s remaining=312
    iter=1689 E=-1.8962495321 nfev=1691 t=3270.3s remaining=311
    iter=1690 E=-1.8962496073 nfev=1692 t=3272.2s remaining=310
    iter=1691 E=-1.8962497372 nfev=1693 t=3274.3s remaining=309
    iter=1692 E=-1.8962499609 nfev=1694 t=3276.9s remaining=308
    iter=1693 E=-1.8962503232 nfev=1695 t=3279.5s remaining=307
    iter=1694 E=-1.8962507655 nfev=1696 t=3281.4s remaining=306
    iter=1695 E=-1.8962510864 nfev=1697 t=3283.4s remaining=305
    iter=1696 E=-1.8962513841 nfev=1698 t=3285.3s remaining=304
    iter=1697 E=-1.8962515450 nfev=1699 t=3287.2s remaining=303
    iter=1698 E=-1.8962516775 nfev=1700 t=3289.1s remaining=302
    iter=1699 E=-1.8962518396 nfev=1701 t=3291.4s remaining=301
    iter=1700 E=-1.8962520662 nfev=1702 t=3293.3s remaining=300
    iter=1701 E=-1.8962523429 nfev=1703 t=3295.1s remaining=299
    iter=1702 E=-1.8962526912 nfev=1704 t=3297.4s remaining=298
    iter=1703 E=-1.8962530674 nfev=1705 t=3299.3s remaining=297
    iter=1704 E=-1.8962533591 nfev=1706 t=3301.2s remaining=296
    iter=1705 E=-1.8962535374 nfev=1707 t=3303.1s remaining=295
    iter=1706 E=-1.8962536637 nfev=1708 t=3305.0s remaining=294
    iter=1707 E=-1.8962538322 nfev=1709 t=3306.9s remaining=293
    iter=1708 E=-1.8962541014 nfev=1710 t=3308.8s remaining=292
    iter=1709 E=-1.8962545292 nfev=1711 t=3310.8s remaining=291
    iter=1710 E=-1.8962551092 nfev=1712 t=3312.8s remaining=290
    iter=1711 E=-1.8962556514 nfev=1713 t=3314.6s remaining=289
    iter=1712 E=-1.8962560562 nfev=1714 t=3316.5s remaining=288
    iter=1713 E=-1.8962562682 nfev=1715 t=3318.4s remaining=287
    iter=1714 E=-1.8962563805 nfev=1716 t=3320.3s remaining=286
    iter=1715 E=-1.8962564872 nfev=1717 t=3322.2s remaining=285
    iter=1716 E=-1.8962566373 nfev=1718 t=3324.1s remaining=284
    iter=1717 E=-1.8962568534 nfev=1719 t=3326.0s remaining=283
    iter=1718 E=-1.8962571405 nfev=1720 t=3328.2s remaining=282
    iter=1719 E=-1.8962574460 nfev=1721 t=3330.1s remaining=281
    iter=1720 E=-1.8962576716 nfev=1722 t=3331.9s remaining=280
    iter=1721 E=-1.8962577914 nfev=1723 t=3333.8s remaining=279
    iter=1722 E=-1.8962578562 nfev=1724 t=3335.7s remaining=278
    iter=1723 E=-1.8962579252 nfev=1725 t=3337.7s remaining=277
    iter=1724 E=-1.8962580287 nfev=1726 t=3339.8s remaining=276
    iter=1725 E=-1.8962581944 nfev=1727 t=3342.0s remaining=275
    iter=1726 E=-1.8962584503 nfev=1728 t=3343.9s remaining=274
    iter=1727 E=-1.8962587563 nfev=1729 t=3345.7s remaining=273
    iter=1728 E=-1.8962589921 nfev=1730 t=3347.6s remaining=272
    iter=1729 E=-1.8962591737 nfev=1731 t=3349.7s remaining=271
    iter=1730 E=-1.8962592715 nfev=1732 t=3351.7s remaining=270
    iter=1731 E=-1.8962593600 nfev=1733 t=3353.6s remaining=269
    iter=1732 E=-1.8962594826 nfev=1734 t=3355.6s remaining=268
    iter=1733 E=-1.8962596656 nfev=1735 t=3357.5s remaining=267
    iter=1734 E=-1.8962599546 nfev=1736 t=3359.4s remaining=266
    iter=1735 E=-1.8962603590 nfev=1737 t=3361.2s remaining=265
    iter=1736 E=-1.8962607960 nfev=1738 t=3363.2s remaining=264
    iter=1737 E=-1.8962611257 nfev=1739 t=3365.0s remaining=263
    iter=1738 E=-1.8962613265 nfev=1740 t=3367.0s remaining=262
    iter=1739 E=-1.8962614458 nfev=1741 t=3368.8s remaining=261
    iter=1740 E=-1.8962615662 nfev=1742 t=3371.4s remaining=260
    iter=1741 E=-1.8962617179 nfev=1743 t=3374.1s remaining=259
    iter=1742 E=-1.8962619448 nfev=1744 t=3376.8s remaining=258
    iter=1743 E=-1.8962623011 nfev=1745 t=3378.9s remaining=257
    iter=1744 E=-1.8962628602 nfev=1746 t=3380.8s remaining=256
    iter=1745 E=-1.8962635669 nfev=1747 t=3382.7s remaining=255
    iter=1746 E=-1.8962640985 nfev=1748 t=3384.6s remaining=254
    iter=1747 E=-1.8962644105 nfev=1749 t=3386.4s remaining=253
    iter=1748 E=-1.8962645611 nfev=1750 t=3388.3s remaining=252
    iter=1749 E=-1.8962647047 nfev=1751 t=3390.2s remaining=251
    iter=1750 E=-1.8962649386 nfev=1752 t=3392.0s remaining=250
    iter=1751 E=-1.8962653135 nfev=1753 t=3393.9s remaining=249
    iter=1752 E=-1.8962658832 nfev=1754 t=3395.8s remaining=248
    iter=1753 E=-1.8962664933 nfev=1755 t=3397.7s remaining=247
    iter=1754 E=-1.8962669685 nfev=1756 t=3399.6s remaining=246
    iter=1755 E=-1.8962672214 nfev=1757 t=3401.5s remaining=245
    iter=1756 E=-1.8962673591 nfev=1758 t=3403.4s remaining=244
    iter=1757 E=-1.8962674993 nfev=1759 t=3405.3s remaining=243
    iter=1758 E=-1.8962677180 nfev=1760 t=3407.2s remaining=242
    iter=1759 E=-1.8962680701 nfev=1761 t=3409.2s remaining=241
    iter=1760 E=-1.8962686264 nfev=1762 t=3411.1s remaining=240
    iter=1761 E=-1.8962694019 nfev=1763 t=3413.1s remaining=239
    iter=1762 E=-1.8962700130 nfev=1764 t=3415.0s remaining=238
    iter=1763 E=-1.8962704632 nfev=1765 t=3416.9s remaining=237
    iter=1764 E=-1.8962706772 nfev=1766 t=3418.9s remaining=236
    iter=1765 E=-1.8962708459 nfev=1767 t=3420.8s remaining=235
    iter=1766 E=-1.8962710817 nfev=1768 t=3422.8s remaining=234
    iter=1767 E=-1.8962713988 nfev=1769 t=3424.7s remaining=233
    iter=1768 E=-1.8962718178 nfev=1770 t=3426.6s remaining=232
    iter=1769 E=-1.8962723100 nfev=1771 t=3429.1s remaining=231
    iter=1770 E=-1.8962727834 nfev=1772 t=3431.0s remaining=230
    iter=1771 E=-1.8962731060 nfev=1773 t=3433.0s remaining=229
    iter=1772 E=-1.8962732951 nfev=1774 t=3435.7s remaining=228
    iter=1773 E=-1.8962734343 nfev=1775 t=3437.8s remaining=227
    iter=1774 E=-1.8962735847 nfev=1776 t=3440.5s remaining=226
    iter=1775 E=-1.8962737810 nfev=1777 t=3442.6s remaining=225
    iter=1776 E=-1.8962740440 nfev=1778 t=3444.5s remaining=224
    iter=1777 E=-1.8962744145 nfev=1779 t=3446.4s remaining=223
    iter=1778 E=-1.8962748592 nfev=1780 t=3448.3s remaining=222
    iter=1779 E=-1.8962752991 nfev=1781 t=3450.2s remaining=221
    iter=1780 E=-1.8962755879 nfev=1782 t=3452.3s remaining=220
    iter=1781 E=-1.8962757454 nfev=1783 t=3454.2s remaining=219
    iter=1782 E=-1.8962758448 nfev=1784 t=3456.1s remaining=218
    iter=1783 E=-1.8962759616 nfev=1785 t=3458.1s remaining=217
    iter=1784 E=-1.8962761267 nfev=1786 t=3460.0s remaining=216
    iter=1785 E=-1.8962763721 nfev=1787 t=3462.0s remaining=215
    iter=1786 E=-1.8962767082 nfev=1788 t=3463.9s remaining=214
    iter=1787 E=-1.8962770737 nfev=1789 t=3465.8s remaining=213
    iter=1788 E=-1.8962773700 nfev=1790 t=3467.7s remaining=212
    iter=1789 E=-1.8962775438 nfev=1791 t=3469.8s remaining=211
    iter=1790 E=-1.8962776420 nfev=1792 t=3471.7s remaining=210
    iter=1791 E=-1.8962777153 nfev=1793 t=3473.7s remaining=209
    iter=1792 E=-1.8962778125 nfev=1794 t=3475.6s remaining=208
    iter=1793 E=-1.8962779554 nfev=1795 t=3477.7s remaining=207
    iter=1794 E=-1.8962781770 nfev=1796 t=3479.5s remaining=206
    iter=1795 E=-1.8962784718 nfev=1797 t=3481.6s remaining=205
    iter=1796 E=-1.8962787393 nfev=1798 t=3483.5s remaining=204
    iter=1797 E=-1.8962788932 nfev=1799 t=3485.8s remaining=203
    iter=1798 E=-1.8962789660 nfev=1800 t=3488.2s remaining=202
    iter=1799 E=-1.8962790094 nfev=1801 t=3490.2s remaining=201
    iter=1800 E=-1.8962790615 nfev=1802 t=3492.3s remaining=200
    iter=1801 E=-1.8962791354 nfev=1803 t=3494.3s remaining=199
    iter=1802 E=-1.8962792466 nfev=1804 t=3496.3s remaining=198
    iter=1803 E=-1.8962794101 nfev=1805 t=3498.3s remaining=197
    iter=1804 E=-1.8962795966 nfev=1806 t=3500.3s remaining=196
    iter=1805 E=-1.8962797511 nfev=1807 t=3502.2s remaining=195
    iter=1806 E=-1.8962798584 nfev=1808 t=3504.1s remaining=194
    iter=1807 E=-1.8962799273 nfev=1809 t=3506.0s remaining=193
    iter=1808 E=-1.8962799956 nfev=1810 t=3507.9s remaining=192
    iter=1809 E=-1.8962800873 nfev=1811 t=3509.8s remaining=191
    iter=1810 E=-1.8962802287 nfev=1812 t=3511.6s remaining=190
    iter=1811 E=-1.8962804489 nfev=1813 t=3513.5s remaining=189
    iter=1812 E=-1.8962807662 nfev=1814 t=3515.4s remaining=188
    iter=1813 E=-1.8962811313 nfev=1815 t=3517.6s remaining=187
    iter=1814 E=-1.8962814262 nfev=1816 t=3519.5s remaining=186
    iter=1815 E=-1.8962815955 nfev=1817 t=3521.3s remaining=185
    iter=1816 E=-1.8962816903 nfev=1818 t=3523.2s remaining=184
    iter=1817 E=-1.8962817763 nfev=1819 t=3525.1s remaining=183
    iter=1818 E=-1.8962819040 nfev=1820 t=3527.0s remaining=182
    iter=1819 E=-1.8962821038 nfev=1821 t=3528.9s remaining=181
    iter=1820 E=-1.8962824244 nfev=1822 t=3530.8s remaining=180
    iter=1821 E=-1.8962829207 nfev=1823 t=3532.7s remaining=179
    iter=1822 E=-1.8962835105 nfev=1824 t=3534.6s remaining=178
    iter=1823 E=-1.8962838820 nfev=1825 t=3536.7s remaining=177
    iter=1824 E=-1.8962840804 nfev=1826 t=3538.6s remaining=176
    iter=1825 E=-1.8962841625 nfev=1827 t=3540.5s remaining=175
    iter=1826 E=-1.8962842396 nfev=1828 t=3542.4s remaining=174
    iter=1827 E=-1.8962843653 nfev=1829 t=3544.2s remaining=173
    iter=1828 E=-1.8962845663 nfev=1830 t=3546.1s remaining=172
    iter=1829 E=-1.8962848854 nfev=1831 t=3548.0s remaining=171
    iter=1830 E=-1.8962853186 nfev=1832 t=3549.9s remaining=170
    iter=1831 E=-1.8962857162 nfev=1833 t=3552.2s remaining=169
    iter=1832 E=-1.8962859519 nfev=1834 t=3555.0s remaining=168
    iter=1833 E=-1.8962860434 nfev=1835 t=3557.7s remaining=167
    iter=1834 E=-1.8962861003 nfev=1836 t=3559.7s remaining=166
    iter=1835 E=-1.8962861808 nfev=1837 t=3561.6s remaining=165
    iter=1836 E=-1.8962863090 nfev=1838 t=3563.5s remaining=164
    iter=1837 E=-1.8962865156 nfev=1839 t=3565.3s remaining=163
    iter=1838 E=-1.8962868518 nfev=1840 t=3567.2s remaining=162
    iter=1839 E=-1.8962873468 nfev=1841 t=3569.2s remaining=161
    iter=1840 E=-1.8962877816 nfev=1842 t=3571.1s remaining=160
    iter=1841 E=-1.8962880686 nfev=1843 t=3573.0s remaining=159
    iter=1842 E=-1.8962881854 nfev=1844 t=3574.8s remaining=158
    iter=1843 E=-1.8962882393 nfev=1845 t=3576.7s remaining=157
    iter=1844 E=-1.8962883123 nfev=1846 t=3578.6s remaining=156
    iter=1845 E=-1.8962884295 nfev=1847 t=3580.5s remaining=155
    iter=1846 E=-1.8962886198 nfev=1848 t=3582.4s remaining=154
    iter=1847 E=-1.8962889089 nfev=1849 t=3584.3s remaining=153
    iter=1848 E=-1.8962892299 nfev=1850 t=3586.3s remaining=152
    iter=1849 E=-1.8962894656 nfev=1851 t=3588.2s remaining=151
    iter=1850 E=-1.8962895864 nfev=1852 t=3590.0s remaining=150
    iter=1851 E=-1.8962896231 nfev=1853 t=3591.9s remaining=149
    iter=1852 E=-1.8962896425 nfev=1854 t=3593.9s remaining=148
    iter=1853 E=-1.8962896736 nfev=1855 t=3595.8s remaining=147
    iter=1854 E=-1.8962897253 nfev=1856 t=3597.8s remaining=146
    iter=1855 E=-1.8962898117 nfev=1857 t=3599.6s remaining=145
    iter=1856 E=-1.8962899555 nfev=1858 t=3601.5s remaining=144
    iter=1857 E=-1.8962901576 nfev=1859 t=3603.3s remaining=143
    iter=1858 E=-1.8962903389 nfev=1860 t=3605.2s remaining=142
    iter=1859 E=-1.8962904402 nfev=1861 t=3607.1s remaining=141
    iter=1860 E=-1.8962904772 nfev=1862 t=3609.0s remaining=140
    iter=1861 E=-1.8962904957 nfev=1863 t=3610.9s remaining=139
    iter=1862 E=-1.8962905223 nfev=1864 t=3612.8s remaining=138
    iter=1863 E=-1.8962905619 nfev=1865 t=3614.6s remaining=137
    iter=1864 E=-1.8962906230 nfev=1866 t=3616.5s remaining=136
    iter=1865 E=-1.8962907287 nfev=1867 t=3618.5s remaining=135
    iter=1866 E=-1.8962909072 nfev=1868 t=3620.5s remaining=134
    iter=1867 E=-1.8962911441 nfev=1869 t=3622.8s remaining=133
    iter=1868 E=-1.8962913419 nfev=1870 t=3624.7s remaining=132
    iter=1869 E=-1.8962914452 nfev=1871 t=3626.6s remaining=131
    iter=1870 E=-1.8962914847 nfev=1872 t=3628.4s remaining=130
    iter=1871 E=-1.8962915099 nfev=1873 t=3630.4s remaining=129
    iter=1872 E=-1.8962915417 nfev=1874 t=3632.4s remaining=128
    iter=1873 E=-1.8962915934 nfev=1875 t=3634.3s remaining=127
    iter=1874 E=-1.8962916841 nfev=1876 t=3636.2s remaining=126
    iter=1875 E=-1.8962918459 nfev=1877 t=3638.1s remaining=125
    iter=1876 E=-1.8962921154 nfev=1878 t=3640.0s remaining=124
    iter=1877 E=-1.8962923839 nfev=1879 t=3642.0s remaining=123
    iter=1878 E=-1.8962925782 nfev=1880 t=3643.9s remaining=122
    iter=1879 E=-1.8962926640 nfev=1881 t=3645.9s remaining=121
    iter=1880 E=-1.8962927135 nfev=1882 t=3648.2s remaining=120
    iter=1881 E=-1.8962927537 nfev=1883 t=3650.7s remaining=119
    iter=1882 E=-1.8962928227 nfev=1884 t=3652.8s remaining=118
    iter=1883 E=-1.8962929427 nfev=1885 t=3654.7s remaining=117
    iter=1884 E=-1.8962931535 nfev=1886 t=3656.6s remaining=116
    iter=1885 E=-1.8962934874 nfev=1887 t=3658.4s remaining=115
    iter=1886 E=-1.8962938405 nfev=1888 t=3660.3s remaining=114
    iter=1887 E=-1.8962940628 nfev=1889 t=3662.2s remaining=113
    iter=1888 E=-1.8962941419 nfev=1890 t=3664.1s remaining=112
    iter=1889 E=-1.8962941584 nfev=1891 t=3666.1s remaining=111
    iter=1890 E=-1.8962941727 nfev=1892 t=3668.0s remaining=110
    iter=1891 E=-1.8962941953 nfev=1893 t=3669.9s remaining=109
    iter=1892 E=-1.8962942364 nfev=1894 t=3672.0s remaining=108
    iter=1893 E=-1.8962943108 nfev=1895 t=3673.9s remaining=107
    iter=1894 E=-1.8962944318 nfev=1896 t=3675.8s remaining=106
    iter=1895 E=-1.8962945714 nfev=1897 t=3677.7s remaining=105
    iter=1896 E=-1.8962947657 nfev=1898 t=3679.6s remaining=104
    iter=1897 E=-1.8962949015 nfev=1899 t=3681.6s remaining=103
    iter=1898 E=-1.8962949650 nfev=1900 t=3683.5s remaining=102
    iter=1899 E=-1.8962949989 nfev=1901 t=3685.4s remaining=101
    iter=1900 E=-1.8962950269 nfev=1902 t=3687.4s remaining=100
    iter=1901 E=-1.8962950566 nfev=1903 t=3689.3s remaining=99
    iter=1902 E=-1.8962950856 nfev=1904 t=3691.3s remaining=98
    iter=1903 E=-1.8962951264 nfev=1905 t=3693.1s remaining=97
    iter=1904 E=-1.8962951871 nfev=1906 t=3695.1s remaining=96
    iter=1905 E=-1.8962952744 nfev=1907 t=3697.0s remaining=95
    iter=1906 E=-1.8962954028 nfev=1908 t=3698.9s remaining=94
    iter=1907 E=-1.8962956136 nfev=1909 t=3700.9s remaining=93
    iter=1908 E=-1.8962958870 nfev=1910 t=3702.8s remaining=92
    iter=1909 E=-1.8962961575 nfev=1911 t=3704.7s remaining=91
    iter=1910 E=-1.8962963087 nfev=1912 t=3706.7s remaining=90
    iter=1911 E=-1.8962963890 nfev=1913 t=3708.7s remaining=89
    iter=1912 E=-1.8962964337 nfev=1914 t=3710.7s remaining=88
    iter=1913 E=-1.8962964878 nfev=1915 t=3712.7s remaining=87
    iter=1914 E=-1.8962965582 nfev=1916 t=3714.6s remaining=86
    iter=1915 E=-1.8962966798 nfev=1917 t=3716.9s remaining=85
    iter=1916 E=-1.8962968624 nfev=1918 t=3718.8s remaining=84
    iter=1917 E=-1.8962970953 nfev=1919 t=3720.9s remaining=83
    iter=1918 E=-1.8962972624 nfev=1920 t=3722.8s remaining=82
    iter=1919 E=-1.8962973432 nfev=1921 t=3724.8s remaining=81
    iter=1920 E=-1.8962973663 nfev=1922 t=3726.7s remaining=80
    iter=1921 E=-1.8962973866 nfev=1923 t=3728.7s remaining=79
    iter=1922 E=-1.8962974088 nfev=1924 t=3730.7s remaining=78
    iter=1923 E=-1.8962974459 nfev=1925 t=3732.6s remaining=77
    iter=1924 E=-1.8962975034 nfev=1926 t=3734.6s remaining=76
    iter=1925 E=-1.8962976035 nfev=1927 t=3736.7s remaining=75
    iter=1926 E=-1.8962977278 nfev=1928 t=3738.7s remaining=74
    iter=1927 E=-1.8962978616 nfev=1929 t=3741.4s remaining=73
    iter=1928 E=-1.8962979516 nfev=1930 t=3743.7s remaining=72
    iter=1929 E=-1.8962980028 nfev=1931 t=3745.6s remaining=71
    iter=1930 E=-1.8962980353 nfev=1932 t=3747.5s remaining=70
    iter=1931 E=-1.8962980643 nfev=1933 t=3749.5s remaining=69
    iter=1932 E=-1.8962981051 nfev=1934 t=3751.4s remaining=68
    iter=1933 E=-1.8962981705 nfev=1935 t=3753.4s remaining=67
    iter=1934 E=-1.8962982777 nfev=1936 t=3755.4s remaining=66
    iter=1935 E=-1.8962984358 nfev=1937 t=3757.3s remaining=65
    iter=1936 E=-1.8962986147 nfev=1938 t=3759.3s remaining=64
    iter=1937 E=-1.8962987691 nfev=1939 t=3761.2s remaining=63
    iter=1938 E=-1.8962988600 nfev=1940 t=3763.1s remaining=62
    iter=1939 E=-1.8962989068 nfev=1941 t=3765.0s remaining=61
    iter=1940 E=-1.8962989278 nfev=1942 t=3766.9s remaining=60
    iter=1941 E=-1.8962989494 nfev=1943 t=3768.7s remaining=59
    iter=1942 E=-1.8962989789 nfev=1944 t=3770.6s remaining=58
    iter=1943 E=-1.8962990277 nfev=1945 t=3772.5s remaining=57
    iter=1944 E=-1.8962991122 nfev=1946 t=3774.4s remaining=56
    iter=1945 E=-1.8962992652 nfev=1947 t=3776.4s remaining=55
    iter=1946 E=-1.8962995345 nfev=1948 t=3778.2s remaining=54
    iter=1947 E=-1.8962999143 nfev=1949 t=3780.3s remaining=53
    iter=1948 E=-1.8963002270 nfev=1950 t=3782.2s remaining=52
    iter=1949 E=-1.8963004460 nfev=1951 t=3784.1s remaining=51
    iter=1950 E=-1.8963005127 nfev=1952 t=3786.0s remaining=50
    iter=1951 E=-1.8963005693 nfev=1953 t=3787.9s remaining=49
    iter=1952 E=-1.8963006649 nfev=1954 t=3789.8s remaining=48
    iter=1953 E=-1.8963008459 nfev=1955 t=3791.8s remaining=47
    iter=1954 E=-1.8963011821 nfev=1956 t=3793.7s remaining=46
    iter=1955 E=-1.8963017515 nfev=1957 t=3795.7s remaining=45
    iter=1956 E=-1.8963023539 nfev=1958 t=3797.6s remaining=44
    iter=1957 E=-1.8963028886 nfev=1959 t=3799.5s remaining=43
    iter=1958 E=-1.8963030850 nfev=1960 t=3801.4s remaining=42
    iter=1959 E=-1.8963032442 nfev=1961 t=3803.4s remaining=41
    iter=1960 E=-1.8963033256 nfev=1962 t=3805.4s remaining=40
    iter=1961 E=-1.8963034194 nfev=1963 t=3807.3s remaining=39
    iter=1962 E=-1.8963035860 nfev=1964 t=3809.2s remaining=38
    iter=1963 E=-1.8963038891 nfev=1965 t=3811.1s remaining=37
    iter=1964 E=-1.8963043439 nfev=1966 t=3813.1s remaining=36
    iter=1965 E=-1.8963050816 nfev=1967 t=3815.0s remaining=35
    iter=1966 E=-1.8963057733 nfev=1968 t=3817.0s remaining=34
    iter=1967 E=-1.8963063263 nfev=1969 t=3819.0s remaining=33
    iter=1968 E=-1.8963065724 nfev=1970 t=3821.1s remaining=32
    iter=1969 E=-1.8963068067 nfev=1971 t=3823.0s remaining=31
    iter=1970 E=-1.8963069770 nfev=1972 t=3824.9s remaining=30
    iter=1971 E=-1.8963072177 nfev=1973 t=3826.8s remaining=29
    iter=1972 E=-1.8963074225 nfev=1974 t=3828.8s remaining=28
    iter=1973 E=-1.8963076531 nfev=1975 t=3830.8s remaining=27
    iter=1974 E=-1.8963079136 nfev=1976 t=3832.7s remaining=26
    iter=1975 E=-1.8963083711 nfev=1977 t=3834.6s remaining=25
    iter=1976 E=-1.8963090836 nfev=1978 t=3836.7s remaining=24
    iter=1977 E=-1.8963097573 nfev=1979 t=3838.6s remaining=23
    iter=1978 E=-1.8963105378 nfev=1980 t=3840.6s remaining=22
    iter=1979 E=-1.8963113894 nfev=1981 t=3842.6s remaining=21
    iter=1980 E=-1.8963120083 nfev=1982 t=3845.4s remaining=20
    iter=1981 E=-1.8963122443 nfev=1983 t=3847.7s remaining=19
    iter=1982 E=-1.8963126163 nfev=1984 t=3849.6s remaining=18
    iter=1983 E=-1.8963131435 nfev=1985 t=3851.5s remaining=17
    iter=1984 E=-1.8963134595 nfev=1986 t=3853.5s remaining=16
    iter=1985 E=-1.8963137609 nfev=1987 t=3855.4s remaining=15
    iter=1986 E=-1.8963140784 nfev=1988 t=3857.3s remaining=14
    iter=1987 E=-1.8963144309 nfev=1989 t=3859.2s remaining=13
    iter=1988 E=-1.8963149774 nfev=1990 t=3861.1s remaining=12
    iter=1989 E=-1.8963158102 nfev=1991 t=3863.0s remaining=11
    iter=1990 E=-1.8963167320 nfev=1992 t=3865.0s remaining=10
    iter=1991 E=-1.8963179927 nfev=1993 t=3866.9s remaining=9
    iter=1992 E=-1.8963193517 nfev=1994 t=3868.8s remaining=8
    iter=1993 E=-1.8963211366 nfev=1995 t=3870.7s remaining=7
    iter=1994 E=-1.8963226436 nfev=1996 t=3872.6s remaining=6
    iter=1995 E=-1.8963232141 nfev=1997 t=3874.6s remaining=5
    iter=1996 E=-1.8963240643 nfev=1998 t=3876.5s remaining=4
    iter=1997 E=-1.8963247463 nfev=1999 t=3878.4s remaining=3
    iter=1998 E=-1.8963254160 nfev=2000 t=3880.4s remaining=2
    iter=1999 E=-1.8963259981 nfev=2001 t=3882.3s remaining=1
    iter=2000 E=-1.8963265797 nfev=2002 t=3884.2s remaining=0
    iter=2000 E=-1.8963265797 nfev=2002 t=3884.2s remaining=0
    seed=0 E=-1.8963265797 dE=+1.454e-03 nit=2000 ok=False t=3884.2s
  r=2.00  L=11  npar=470   E=-1.8963265797  |E-FCI|=1.454e-03  FCI=no   chem=yes

=== summary (best seed per layer) ===
  bond   L ansatz                 npar              E     |E-FCI|  FCI? chem?
  2.00  11 (ECD+SNAP)^11 + ECD     470  -1.8963265797   1.454e-03    no   yes

wrote data/results/h4_hybrid_L11_nobs_r0200.json
