self-check ok (nfock=4, use_bs=False, worst FD rel err 0.00e+00)
per-iter log: data/results/h4_hybrid_L11_nobs_r0100_iters.jsonl
live snapshot: data/results/h4_hybrid_L11_nobs_r0100_live.json

=== build H4 JWT Hamiltonian at R=1.00 Å ===
=== r=1.00 Å   FCI(pyscf)=-2.1663874486  eig=-2.1663874486  paper_fci=-2.16638745  paper_SNAP_D20=-2.1663874536450387 ===
-- r=1.00  (ECD+SNAP)^11 + ECD   npar=470 --
    iter=1 E=-0.5777778280 nfev=4 t=9.1s remaining=1999
    iter=2 E=-0.6190639887 nfev=5 t=11.3s remaining=1998
    iter=3 E=-0.6824263621 nfev=6 t=13.4s remaining=1997
    iter=4 E=-0.7649224681 nfev=7 t=15.5s remaining=1996
    iter=5 E=-0.8182896467 nfev=8 t=17.5s remaining=1995
    iter=6 E=-0.8467414391 nfev=9 t=19.5s remaining=1994
    iter=7 E=-0.8869931628 nfev=10 t=21.4s remaining=1993
    iter=8 E=-0.9401701737 nfev=11 t=23.4s remaining=1992
    iter=9 E=-1.0141475767 nfev=12 t=25.5s remaining=1991
    iter=10 E=-1.0754449887 nfev=13 t=27.4s remaining=1990
    iter=11 E=-1.1205230057 nfev=14 t=29.3s remaining=1989
    iter=12 E=-1.1631633277 nfev=15 t=31.5s remaining=1988
    iter=13 E=-1.1992495065 nfev=16 t=33.9s remaining=1987
    iter=14 E=-1.2530145569 nfev=17 t=36.3s remaining=1986
    iter=15 E=-1.3042422432 nfev=18 t=38.7s remaining=1985
    iter=16 E=-1.3639562776 nfev=19 t=40.6s remaining=1984
    iter=17 E=-1.4161940117 nfev=20 t=42.5s remaining=1983
    iter=18 E=-1.4741185274 nfev=21 t=44.5s remaining=1982
    iter=19 E=-1.5188935319 nfev=22 t=46.5s remaining=1981
    iter=20 E=-1.5624680720 nfev=23 t=48.4s remaining=1980
    iter=21 E=-1.6111235389 nfev=24 t=50.6s remaining=1979
    iter=22 E=-1.6384097679 nfev=25 t=52.9s remaining=1978
    iter=23 E=-1.6771249409 nfev=26 t=55.3s remaining=1977
    iter=24 E=-1.7092372870 nfev=27 t=57.4s remaining=1976
    iter=25 E=-1.7517282554 nfev=28 t=59.7s remaining=1975
    iter=26 E=-1.7965787332 nfev=29 t=61.8s remaining=1974
    iter=27 E=-1.8301832796 nfev=30 t=63.9s remaining=1973
    iter=28 E=-1.8641055280 nfev=31 t=65.9s remaining=1972
    iter=29 E=-1.8853741360 nfev=32 t=67.9s remaining=1971
    iter=30 E=-1.9104961051 nfev=33 t=70.3s remaining=1970
    iter=31 E=-1.9236488139 nfev=34 t=72.3s remaining=1969
    iter=32 E=-1.9397895174 nfev=35 t=74.5s remaining=1968
    iter=33 E=-1.9600456816 nfev=36 t=76.5s remaining=1967
    iter=34 E=-1.9713408591 nfev=37 t=78.5s remaining=1966
    iter=35 E=-1.9847134000 nfev=38 t=80.8s remaining=1965
    iter=36 E=-2.0000495657 nfev=39 t=83.0s remaining=1964
    iter=37 E=-2.0157551476 nfev=40 t=85.1s remaining=1963
    iter=38 E=-2.0251522324 nfev=41 t=87.5s remaining=1962
    iter=39 E=-2.0376279179 nfev=42 t=89.4s remaining=1961
    iter=40 E=-2.0487536671 nfev=43 t=91.4s remaining=1960
    iter=41 E=-2.0583812131 nfev=44 t=93.4s remaining=1959
    iter=42 E=-2.0655137388 nfev=45 t=95.3s remaining=1958
    iter=43 E=-2.0746722432 nfev=46 t=97.7s remaining=1957
    iter=44 E=-2.0833359801 nfev=47 t=99.6s remaining=1956
    iter=45 E=-2.0894691987 nfev=48 t=101.7s remaining=1955
    iter=46 E=-2.0953141012 nfev=49 t=103.7s remaining=1954
    iter=47 E=-2.1017408688 nfev=50 t=105.6s remaining=1953
    iter=48 E=-2.1039487345 nfev=51 t=107.5s remaining=1952
    iter=49 E=-2.1076559189 nfev=52 t=109.5s remaining=1951
    iter=50 E=-2.1132293235 nfev=53 t=111.4s remaining=1950
    iter=51 E=-2.1181677974 nfev=54 t=113.5s remaining=1949
    iter=52 E=-2.1208548945 nfev=55 t=115.6s remaining=1948
    iter=53 E=-2.1235942677 nfev=56 t=117.7s remaining=1947
    iter=54 E=-2.1255596361 nfev=57 t=120.2s remaining=1946
    iter=55 E=-2.1269663338 nfev=58 t=123.1s remaining=1945
    iter=56 E=-2.1285166400 nfev=59 t=125.8s remaining=1944
    iter=57 E=-2.1302962935 nfev=60 t=128.2s remaining=1943
    iter=58 E=-2.1317549445 nfev=61 t=130.9s remaining=1942
    iter=59 E=-2.1329818562 nfev=62 t=133.7s remaining=1941
    iter=60 E=-2.1342523722 nfev=63 t=136.4s remaining=1940
    iter=61 E=-2.1354855170 nfev=64 t=138.9s remaining=1939
    iter=62 E=-2.1361803408 nfev=65 t=140.9s remaining=1938
    iter=63 E=-2.1370337929 nfev=66 t=143.6s remaining=1937
    iter=64 E=-2.1378571108 nfev=67 t=146.1s remaining=1936
    iter=65 E=-2.1383741087 nfev=68 t=148.4s remaining=1935
    iter=66 E=-2.1390431005 nfev=69 t=150.5s remaining=1934
    iter=67 E=-2.1396344420 nfev=70 t=152.8s remaining=1933
    iter=68 E=-2.1402499579 nfev=71 t=154.8s remaining=1932
    iter=69 E=-2.1405965116 nfev=72 t=156.8s remaining=1931
    iter=70 E=-2.1411196740 nfev=73 t=158.7s remaining=1930
    iter=71 E=-2.1415927114 nfev=74 t=160.6s remaining=1929
    iter=72 E=-2.1420952140 nfev=75 t=162.6s remaining=1928
    iter=73 E=-2.1425918028 nfev=76 t=164.6s remaining=1927
    iter=74 E=-2.1432662370 nfev=77 t=166.6s remaining=1926
    iter=75 E=-2.1436771965 nfev=78 t=168.5s remaining=1925
    iter=76 E=-2.1441854166 nfev=79 t=170.5s remaining=1924
    iter=77 E=-2.1446747943 nfev=80 t=172.5s remaining=1923
    iter=78 E=-2.1451719031 nfev=81 t=174.4s remaining=1922
    iter=79 E=-2.1457119382 nfev=82 t=176.3s remaining=1921
    iter=80 E=-2.1461447998 nfev=83 t=178.3s remaining=1920
    iter=81 E=-2.1465555923 nfev=84 t=180.3s remaining=1919
    iter=82 E=-2.1469511247 nfev=85 t=182.3s remaining=1918
    iter=83 E=-2.1473483541 nfev=86 t=184.3s remaining=1917
    iter=84 E=-2.1477639116 nfev=87 t=186.2s remaining=1916
    iter=85 E=-2.1480841021 nfev=88 t=188.1s remaining=1915
    iter=86 E=-2.1483558664 nfev=89 t=190.1s remaining=1914
    iter=87 E=-2.1486007064 nfev=90 t=192.1s remaining=1913
    iter=88 E=-2.1488330201 nfev=91 t=194.2s remaining=1912
    iter=89 E=-2.1490528946 nfev=92 t=196.3s remaining=1911
    iter=90 E=-2.1493088448 nfev=93 t=198.4s remaining=1910
    iter=91 E=-2.1495853143 nfev=94 t=200.6s remaining=1909
    iter=92 E=-2.1498639234 nfev=95 t=202.7s remaining=1908
    iter=93 E=-2.1501795759 nfev=96 t=204.8s remaining=1907
    iter=94 E=-2.1504796926 nfev=97 t=206.9s remaining=1906
    iter=95 E=-2.1507522989 nfev=98 t=208.9s remaining=1905
    iter=96 E=-2.1509620006 nfev=99 t=210.8s remaining=1904
    iter=97 E=-2.1511538418 nfev=100 t=212.9s remaining=1903
    iter=98 E=-2.1513823437 nfev=101 t=215.0s remaining=1902
    iter=99 E=-2.1515785316 nfev=102 t=216.9s remaining=1901
    iter=100 E=-2.1517885837 nfev=103 t=218.9s remaining=1900
    iter=101 E=-2.1520399871 nfev=104 t=220.9s remaining=1899
    iter=102 E=-2.1522136015 nfev=105 t=222.8s remaining=1898
    iter=103 E=-2.1524108622 nfev=106 t=224.8s remaining=1897
    iter=104 E=-2.1525904957 nfev=107 t=226.8s remaining=1896
    iter=105 E=-2.1527610018 nfev=108 t=229.0s remaining=1895
    iter=106 E=-2.1529240259 nfev=109 t=231.1s remaining=1894
    iter=107 E=-2.1530548546 nfev=110 t=234.0s remaining=1893
    iter=108 E=-2.1531865397 nfev=111 t=236.0s remaining=1892
    iter=109 E=-2.1533363004 nfev=112 t=238.0s remaining=1891
    iter=110 E=-2.1534979303 nfev=113 t=239.9s remaining=1890
    iter=111 E=-2.1536634702 nfev=114 t=242.2s remaining=1889
    iter=112 E=-2.1538063698 nfev=115 t=244.2s remaining=1888
    iter=113 E=-2.1539430426 nfev=116 t=246.5s remaining=1887
    iter=114 E=-2.1540766587 nfev=117 t=248.5s remaining=1886
    iter=115 E=-2.1542249347 nfev=118 t=250.5s remaining=1885
    iter=116 E=-2.1543955706 nfev=119 t=252.4s remaining=1884
    iter=117 E=-2.1545769850 nfev=120 t=254.8s remaining=1883
    iter=118 E=-2.1547738855 nfev=121 t=257.5s remaining=1882
    iter=119 E=-2.1549763621 nfev=122 t=259.6s remaining=1881
    iter=120 E=-2.1551370099 nfev=123 t=262.1s remaining=1880
    iter=121 E=-2.1553075473 nfev=124 t=264.2s remaining=1879
    iter=122 E=-2.1554914723 nfev=125 t=266.3s remaining=1878
    iter=123 E=-2.1556421547 nfev=126 t=268.6s remaining=1877
    iter=124 E=-2.1558026161 nfev=127 t=270.6s remaining=1876
    iter=125 E=-2.1559670387 nfev=128 t=272.8s remaining=1875
    iter=126 E=-2.1561111663 nfev=129 t=275.1s remaining=1874
    iter=127 E=-2.1562589913 nfev=130 t=277.4s remaining=1873
    iter=128 E=-2.1564343372 nfev=131 t=279.4s remaining=1872
    iter=129 E=-2.1565910752 nfev=132 t=281.5s remaining=1871
    iter=130 E=-2.1567406470 nfev=133 t=283.5s remaining=1870
    iter=131 E=-2.1568827946 nfev=134 t=285.7s remaining=1869
    iter=132 E=-2.1570316713 nfev=135 t=287.8s remaining=1868
    iter=133 E=-2.1572067879 nfev=136 t=289.7s remaining=1867
    iter=134 E=-2.1573415576 nfev=137 t=292.1s remaining=1866
    iter=135 E=-2.1574689916 nfev=138 t=294.3s remaining=1865
    iter=136 E=-2.1576028852 nfev=139 t=296.2s remaining=1864
    iter=137 E=-2.1577240065 nfev=140 t=298.3s remaining=1863
    iter=138 E=-2.1578639962 nfev=141 t=300.9s remaining=1862
    iter=139 E=-2.1580091085 nfev=142 t=303.2s remaining=1861
    iter=140 E=-2.1581228225 nfev=143 t=305.4s remaining=1860
    iter=141 E=-2.1582264401 nfev=144 t=307.3s remaining=1859
    iter=142 E=-2.1583605807 nfev=145 t=309.3s remaining=1858
    iter=143 E=-2.1584852997 nfev=146 t=311.5s remaining=1857
    iter=144 E=-2.1585934895 nfev=147 t=313.5s remaining=1856
    iter=145 E=-2.1586883872 nfev=148 t=315.5s remaining=1855
    iter=146 E=-2.1587814420 nfev=149 t=318.3s remaining=1854
    iter=147 E=-2.1588876348 nfev=150 t=320.5s remaining=1853
    iter=148 E=-2.1589968346 nfev=151 t=322.7s remaining=1852
    iter=149 E=-2.1590987883 nfev=152 t=324.6s remaining=1851
    iter=150 E=-2.1591944263 nfev=153 t=326.5s remaining=1850
    iter=151 E=-2.1592927019 nfev=154 t=328.4s remaining=1849
    iter=152 E=-2.1593990459 nfev=155 t=330.4s remaining=1848
    iter=153 E=-2.1595212559 nfev=156 t=332.3s remaining=1847
    iter=154 E=-2.1596167910 nfev=157 t=334.4s remaining=1846
    iter=155 E=-2.1597033080 nfev=158 t=336.8s remaining=1845
    iter=156 E=-2.1597954107 nfev=159 t=338.7s remaining=1844
    iter=157 E=-2.1598804465 nfev=160 t=340.9s remaining=1843
    iter=158 E=-2.1599794270 nfev=161 t=342.9s remaining=1842
    iter=159 E=-2.1600884154 nfev=162 t=344.9s remaining=1841
    iter=160 E=-2.1601742553 nfev=163 t=346.8s remaining=1840
    iter=161 E=-2.1602673087 nfev=164 t=349.0s remaining=1839
    iter=162 E=-2.1603593125 nfev=165 t=351.1s remaining=1838
    iter=163 E=-2.1604373000 nfev=166 t=353.1s remaining=1837
    iter=164 E=-2.1605132240 nfev=167 t=355.2s remaining=1836
    iter=165 E=-2.1605884459 nfev=168 t=357.4s remaining=1835
    iter=166 E=-2.1606553203 nfev=169 t=359.7s remaining=1834
    iter=167 E=-2.1607199500 nfev=170 t=361.7s remaining=1833
    iter=168 E=-2.1607887793 nfev=171 t=364.2s remaining=1832
    iter=169 E=-2.1608402214 nfev=172 t=367.1s remaining=1831
    iter=170 E=-2.1608965352 nfev=173 t=369.3s remaining=1830
    iter=171 E=-2.1609644182 nfev=174 t=371.3s remaining=1829
    iter=172 E=-2.1610346453 nfev=175 t=373.3s remaining=1828
    iter=173 E=-2.1611080469 nfev=176 t=375.1s remaining=1827
    iter=174 E=-2.1611687687 nfev=177 t=377.0s remaining=1826
    iter=175 E=-2.1612245427 nfev=178 t=379.0s remaining=1825
    iter=176 E=-2.1612875410 nfev=179 t=380.9s remaining=1824
    iter=177 E=-2.1613484121 nfev=180 t=383.4s remaining=1823
    iter=178 E=-2.1614105372 nfev=181 t=385.3s remaining=1822
    iter=179 E=-2.1614820627 nfev=182 t=387.2s remaining=1821
    iter=180 E=-2.1615647365 nfev=183 t=389.2s remaining=1820
    iter=181 E=-2.1616418034 nfev=184 t=391.2s remaining=1819
    iter=182 E=-2.1617049158 nfev=185 t=393.4s remaining=1818
    iter=183 E=-2.1617719952 nfev=186 t=395.9s remaining=1817
    iter=184 E=-2.1618425477 nfev=187 t=398.1s remaining=1816
    iter=185 E=-2.1618967408 nfev=188 t=400.7s remaining=1815
    iter=186 E=-2.1619423292 nfev=189 t=402.8s remaining=1814
    iter=187 E=-2.1619921675 nfev=190 t=404.9s remaining=1813
    iter=188 E=-2.1620412802 nfev=191 t=406.9s remaining=1812
    iter=189 E=-2.1620832231 nfev=192 t=408.9s remaining=1811
    iter=190 E=-2.1621329401 nfev=193 t=410.9s remaining=1810
    iter=191 E=-2.1621838682 nfev=194 t=413.1s remaining=1809
    iter=192 E=-2.1622254401 nfev=195 t=415.3s remaining=1808
    iter=193 E=-2.1622657009 nfev=196 t=417.2s remaining=1807
    iter=194 E=-2.1623196348 nfev=197 t=419.2s remaining=1806
    iter=195 E=-2.1623677892 nfev=198 t=421.3s remaining=1805
    iter=196 E=-2.1624114722 nfev=199 t=423.3s remaining=1804
    iter=197 E=-2.1624564675 nfev=200 t=425.4s remaining=1803
    iter=198 E=-2.1624993663 nfev=201 t=427.4s remaining=1802
    iter=199 E=-2.1625352418 nfev=202 t=429.6s remaining=1801
    iter=200 E=-2.1625645271 nfev=203 t=431.8s remaining=1800
    iter=201 E=-2.1625954752 nfev=204 t=433.8s remaining=1799
    iter=202 E=-2.1626274836 nfev=205 t=436.8s remaining=1798
    iter=203 E=-2.1626548833 nfev=206 t=438.8s remaining=1797
    iter=204 E=-2.1626833348 nfev=207 t=440.9s remaining=1796
    iter=205 E=-2.1627205342 nfev=208 t=443.0s remaining=1795
    iter=206 E=-2.1627633142 nfev=209 t=445.0s remaining=1794
    iter=207 E=-2.1628052952 nfev=210 t=447.6s remaining=1793
    iter=208 E=-2.1628415320 nfev=211 t=449.8s remaining=1792
    iter=209 E=-2.1628683869 nfev=212 t=451.7s remaining=1791
    iter=210 E=-2.1628911795 nfev=213 t=454.0s remaining=1790
    iter=211 E=-2.1629175313 nfev=214 t=456.0s remaining=1789
    iter=212 E=-2.1629476088 nfev=215 t=458.0s remaining=1788
    iter=213 E=-2.1629768336 nfev=216 t=460.0s remaining=1787
    iter=214 E=-2.1630092969 nfev=217 t=462.0s remaining=1786
    iter=215 E=-2.1630401622 nfev=218 t=464.0s remaining=1785
    iter=216 E=-2.1630661084 nfev=219 t=466.1s remaining=1784
    iter=217 E=-2.1630916006 nfev=220 t=468.3s remaining=1783
    iter=218 E=-2.1631183544 nfev=221 t=470.3s remaining=1782
    iter=219 E=-2.1631436577 nfev=222 t=472.3s remaining=1781
    iter=220 E=-2.1631677017 nfev=223 t=474.3s remaining=1780
    iter=221 E=-2.1631917206 nfev=224 t=476.2s remaining=1779
    iter=222 E=-2.1632171657 nfev=225 t=478.1s remaining=1778
    iter=223 E=-2.1632374714 nfev=226 t=480.0s remaining=1777
    iter=224 E=-2.1632588064 nfev=227 t=481.9s remaining=1776
    iter=225 E=-2.1632834999 nfev=228 t=483.9s remaining=1775
    iter=226 E=-2.1633053416 nfev=229 t=486.0s remaining=1774
    iter=227 E=-2.1633323502 nfev=230 t=488.3s remaining=1773
    iter=228 E=-2.1633600936 nfev=231 t=490.3s remaining=1772
    iter=229 E=-2.1633873771 nfev=232 t=492.2s remaining=1771
    iter=230 E=-2.1634130735 nfev=233 t=494.1s remaining=1770
    iter=231 E=-2.1634361225 nfev=234 t=496.0s remaining=1769
    iter=232 E=-2.1634569959 nfev=235 t=497.9s remaining=1768
    iter=233 E=-2.1634779069 nfev=236 t=499.9s remaining=1767
    iter=234 E=-2.1635008991 nfev=237 t=501.9s remaining=1766
    iter=235 E=-2.1635249581 nfev=238 t=504.4s remaining=1765
    iter=236 E=-2.1635473083 nfev=239 t=506.8s remaining=1764
    iter=237 E=-2.1635704195 nfev=240 t=509.1s remaining=1763
    iter=238 E=-2.1635932993 nfev=241 t=511.4s remaining=1762
    iter=239 E=-2.1636162326 nfev=242 t=513.3s remaining=1761
    iter=240 E=-2.1636367295 nfev=243 t=515.2s remaining=1760
    iter=241 E=-2.1636549043 nfev=244 t=517.4s remaining=1759
    iter=242 E=-2.1636718681 nfev=245 t=519.4s remaining=1758
    iter=243 E=-2.1636913527 nfev=246 t=521.6s remaining=1757
    iter=244 E=-2.1637151198 nfev=247 t=523.4s remaining=1756
    iter=245 E=-2.1637408576 nfev=248 t=525.4s remaining=1755
    iter=246 E=-2.1637671253 nfev=249 t=527.2s remaining=1754
    iter=247 E=-2.1637944037 nfev=250 t=529.2s remaining=1753
    iter=248 E=-2.1638216514 nfev=251 t=531.1s remaining=1752
    iter=249 E=-2.1638485568 nfev=252 t=533.1s remaining=1751
    iter=250 E=-2.1638740833 nfev=253 t=535.3s remaining=1750
    iter=251 E=-2.1639009277 nfev=254 t=537.2s remaining=1749
    iter=252 E=-2.1639304934 nfev=255 t=539.1s remaining=1748
    iter=253 E=-2.1639615688 nfev=256 t=541.0s remaining=1747
    iter=254 E=-2.1639868162 nfev=257 t=542.9s remaining=1746
    iter=255 E=-2.1640090526 nfev=258 t=545.3s remaining=1745
    iter=256 E=-2.1640279399 nfev=259 t=547.7s remaining=1744
    iter=257 E=-2.1640481225 nfev=260 t=549.7s remaining=1743
    iter=258 E=-2.1640696037 nfev=261 t=551.7s remaining=1742
    iter=259 E=-2.1640945693 nfev=262 t=553.7s remaining=1741
    iter=260 E=-2.1641136243 nfev=263 t=555.7s remaining=1740
    iter=261 E=-2.1641394908 nfev=264 t=558.0s remaining=1739
    iter=262 E=-2.1641691705 nfev=265 t=560.1s remaining=1738
    iter=263 E=-2.1641941948 nfev=266 t=562.2s remaining=1737
    iter=264 E=-2.1642190569 nfev=267 t=564.4s remaining=1736
    iter=265 E=-2.1642403439 nfev=268 t=566.3s remaining=1735
    iter=266 E=-2.1642575226 nfev=269 t=568.2s remaining=1734
    iter=267 E=-2.1642745811 nfev=270 t=570.4s remaining=1733
    iter=268 E=-2.1642931379 nfev=271 t=572.6s remaining=1732
    iter=269 E=-2.1643122872 nfev=272 t=574.5s remaining=1731
    iter=270 E=-2.1643332289 nfev=273 t=576.7s remaining=1730
    iter=271 E=-2.1643558335 nfev=274 t=578.7s remaining=1729
    iter=272 E=-2.1643768002 nfev=275 t=580.6s remaining=1728
    iter=273 E=-2.1643955273 nfev=276 t=582.9s remaining=1727
    iter=274 E=-2.1644136047 nfev=277 t=585.1s remaining=1726
    iter=275 E=-2.1644321115 nfev=278 t=587.1s remaining=1725
    iter=276 E=-2.1644492971 nfev=279 t=589.3s remaining=1724
    iter=277 E=-2.1644646983 nfev=280 t=591.6s remaining=1723
    iter=278 E=-2.1644813274 nfev=281 t=593.6s remaining=1722
    iter=279 E=-2.1645028915 nfev=282 t=595.8s remaining=1721
    iter=280 E=-2.1645267105 nfev=283 t=598.2s remaining=1720
    iter=281 E=-2.1645457794 nfev=284 t=600.1s remaining=1719
    iter=282 E=-2.1645620618 nfev=285 t=602.5s remaining=1718
    iter=283 E=-2.1645786578 nfev=286 t=604.9s remaining=1717
    iter=284 E=-2.1645977044 nfev=287 t=607.5s remaining=1716
    iter=285 E=-2.1646148876 nfev=288 t=609.5s remaining=1715
    iter=286 E=-2.1646365011 nfev=289 t=611.5s remaining=1714
    iter=287 E=-2.1646546697 nfev=290 t=613.5s remaining=1713
    iter=288 E=-2.1646720242 nfev=291 t=615.4s remaining=1712
    iter=289 E=-2.1646867942 nfev=292 t=617.6s remaining=1711
    iter=290 E=-2.1647005663 nfev=293 t=619.5s remaining=1710
    iter=291 E=-2.1647130893 nfev=294 t=621.6s remaining=1709
    iter=292 E=-2.1647249820 nfev=295 t=623.5s remaining=1708
    iter=293 E=-2.1647373866 nfev=296 t=625.5s remaining=1707
    iter=294 E=-2.1647517574 nfev=297 t=627.5s remaining=1706
    iter=295 E=-2.1647661407 nfev=298 t=629.5s remaining=1705
    iter=296 E=-2.1647781329 nfev=299 t=631.6s remaining=1704
    iter=297 E=-2.1647890105 nfev=300 t=633.6s remaining=1703
    iter=298 E=-2.1648019570 nfev=301 t=635.5s remaining=1702
    iter=299 E=-2.1648158561 nfev=302 t=637.5s remaining=1701
    iter=300 E=-2.1648305939 nfev=303 t=639.4s remaining=1700
    iter=301 E=-2.1648454762 nfev=304 t=641.5s remaining=1699
    iter=302 E=-2.1648584918 nfev=305 t=643.7s remaining=1698
    iter=303 E=-2.1648699441 nfev=306 t=645.7s remaining=1697
    iter=304 E=-2.1648821153 nfev=307 t=648.0s remaining=1696
    iter=305 E=-2.1648962853 nfev=308 t=650.1s remaining=1695
    iter=306 E=-2.1649081837 nfev=309 t=652.5s remaining=1694
    iter=307 E=-2.1649210692 nfev=310 t=655.0s remaining=1693
    iter=308 E=-2.1649337514 nfev=311 t=657.1s remaining=1692
    iter=309 E=-2.1649449915 nfev=312 t=659.0s remaining=1691
    iter=310 E=-2.1649566083 nfev=313 t=661.0s remaining=1690
    iter=311 E=-2.1649666096 nfev=314 t=663.1s remaining=1689
    iter=312 E=-2.1649752478 nfev=315 t=665.3s remaining=1688
    iter=313 E=-2.1649849043 nfev=316 t=667.3s remaining=1687
    iter=314 E=-2.1649985756 nfev=317 t=669.5s remaining=1686
    iter=315 E=-2.1650131784 nfev=318 t=671.4s remaining=1685
    iter=316 E=-2.1650252067 nfev=319 t=673.4s remaining=1684
    iter=317 E=-2.1650362556 nfev=320 t=675.8s remaining=1683
    iter=318 E=-2.1650463141 nfev=321 t=678.2s remaining=1682
    iter=319 E=-2.1650551419 nfev=322 t=680.6s remaining=1681
    iter=320 E=-2.1650644346 nfev=323 t=682.9s remaining=1680
    iter=321 E=-2.1650765192 nfev=324 t=685.0s remaining=1679
    iter=322 E=-2.1650879687 nfev=325 t=687.0s remaining=1678
    iter=323 E=-2.1651000178 nfev=326 t=688.9s remaining=1677
    iter=324 E=-2.1651115003 nfev=327 t=690.8s remaining=1676
    iter=325 E=-2.1651226484 nfev=328 t=692.8s remaining=1675
    iter=326 E=-2.1651345670 nfev=329 t=694.9s remaining=1674
    iter=327 E=-2.1651491105 nfev=330 t=697.3s remaining=1673
    iter=328 E=-2.1651599250 nfev=331 t=699.7s remaining=1672
    iter=329 E=-2.1651682133 nfev=332 t=701.9s remaining=1671
    iter=330 E=-2.1651744338 nfev=333 t=703.9s remaining=1670
    iter=331 E=-2.1651808841 nfev=334 t=706.0s remaining=1669
    iter=332 E=-2.1651888805 nfev=335 t=708.0s remaining=1668
    iter=333 E=-2.1651977069 nfev=336 t=709.9s remaining=1667
    iter=334 E=-2.1652063989 nfev=337 t=711.8s remaining=1666
    iter=335 E=-2.1652146016 nfev=338 t=713.8s remaining=1665
    iter=336 E=-2.1652225407 nfev=339 t=716.0s remaining=1664
    iter=337 E=-2.1652299380 nfev=340 t=718.3s remaining=1663
    iter=338 E=-2.1652364209 nfev=341 t=720.2s remaining=1662
    iter=339 E=-2.1652423048 nfev=342 t=722.2s remaining=1661
    iter=340 E=-2.1652490136 nfev=343 t=724.2s remaining=1660
    iter=341 E=-2.1652568808 nfev=344 t=726.2s remaining=1659
    iter=342 E=-2.1652638352 nfev=345 t=728.7s remaining=1658
    iter=343 E=-2.1652703860 nfev=346 t=730.6s remaining=1657
    iter=344 E=-2.1652769928 nfev=347 t=732.7s remaining=1656
    iter=345 E=-2.1652832617 nfev=348 t=734.8s remaining=1655
    iter=346 E=-2.1652885832 nfev=349 t=736.9s remaining=1654
    iter=347 E=-2.1652933983 nfev=350 t=738.9s remaining=1653
    iter=348 E=-2.1652983940 nfev=351 t=741.0s remaining=1652
    iter=349 E=-2.1653037417 nfev=352 t=743.1s remaining=1651
    iter=350 E=-2.1653093035 nfev=353 t=745.2s remaining=1650
    iter=351 E=-2.1653144475 nfev=354 t=747.1s remaining=1649
    iter=352 E=-2.1653191652 nfev=355 t=749.1s remaining=1648
    iter=353 E=-2.1653236071 nfev=356 t=751.0s remaining=1647
    iter=354 E=-2.1653275680 nfev=357 t=752.8s remaining=1646
    iter=355 E=-2.1653310866 nfev=358 t=754.7s remaining=1645
    iter=356 E=-2.1653350307 nfev=359 t=756.9s remaining=1644
    iter=357 E=-2.1653400791 nfev=360 t=758.7s remaining=1643
    iter=358 E=-2.1653454165 nfev=361 t=760.7s remaining=1642
    iter=359 E=-2.1653505579 nfev=362 t=762.6s remaining=1641
    iter=360 E=-2.1653553071 nfev=363 t=764.8s remaining=1640
    iter=361 E=-2.1653598370 nfev=364 t=767.1s remaining=1639
    iter=362 E=-2.1653646937 nfev=365 t=769.6s remaining=1638
    iter=363 E=-2.1653705354 nfev=366 t=771.9s remaining=1637
    iter=364 E=-2.1653772607 nfev=367 t=774.3s remaining=1636
    iter=365 E=-2.1653836320 nfev=368 t=776.4s remaining=1635
    iter=366 E=-2.1653887316 nfev=369 t=778.5s remaining=1634
    iter=367 E=-2.1653930706 nfev=370 t=780.5s remaining=1633
    iter=368 E=-2.1653974218 nfev=371 t=782.7s remaining=1632
    iter=369 E=-2.1654025418 nfev=372 t=784.9s remaining=1631
    iter=370 E=-2.1654084630 nfev=373 t=787.1s remaining=1630
    iter=371 E=-2.1654139266 nfev=374 t=789.2s remaining=1629
    iter=372 E=-2.1654182615 nfev=375 t=791.2s remaining=1628
    iter=373 E=-2.1654234093 nfev=376 t=793.2s remaining=1627
    iter=374 E=-2.1654284161 nfev=377 t=795.4s remaining=1626
    iter=375 E=-2.1654322798 nfev=378 t=797.6s remaining=1625
    iter=376 E=-2.1654357111 nfev=379 t=800.0s remaining=1624
    iter=377 E=-2.1654394835 nfev=380 t=802.2s remaining=1623
    iter=378 E=-2.1654439182 nfev=381 t=804.1s remaining=1622
    iter=379 E=-2.1654482635 nfev=382 t=805.9s remaining=1621
    iter=380 E=-2.1654523646 nfev=383 t=807.8s remaining=1620
    iter=381 E=-2.1654564573 nfev=384 t=809.7s remaining=1619
    iter=382 E=-2.1654606892 nfev=385 t=811.6s remaining=1618
    iter=383 E=-2.1654647819 nfev=386 t=813.9s remaining=1617
    iter=384 E=-2.1654683683 nfev=387 t=815.8s remaining=1616
    iter=385 E=-2.1654716840 nfev=388 t=817.9s remaining=1615
    iter=386 E=-2.1654752482 nfev=389 t=819.9s remaining=1614
    iter=387 E=-2.1654795071 nfev=390 t=822.0s remaining=1613
    iter=388 E=-2.1654842519 nfev=391 t=824.4s remaining=1612
    iter=389 E=-2.1654889722 nfev=392 t=826.7s remaining=1611
    iter=390 E=-2.1654935401 nfev=393 t=829.0s remaining=1610
    iter=391 E=-2.1654981158 nfev=394 t=831.6s remaining=1609
    iter=392 E=-2.1655025267 nfev=395 t=834.0s remaining=1608
    iter=393 E=-2.1655064877 nfev=396 t=836.5s remaining=1607
    iter=394 E=-2.1655098384 nfev=397 t=838.6s remaining=1606
    iter=395 E=-2.1655128621 nfev=398 t=840.8s remaining=1605
    iter=396 E=-2.1655158342 nfev=399 t=843.2s remaining=1604
    iter=397 E=-2.1655190944 nfev=400 t=845.3s remaining=1603
    iter=398 E=-2.1655227091 nfev=401 t=847.4s remaining=1602
    iter=399 E=-2.1655267026 nfev=402 t=849.7s remaining=1601
    iter=400 E=-2.1655310620 nfev=403 t=851.8s remaining=1600
    iter=401 E=-2.1655352643 nfev=404 t=853.8s remaining=1599
    iter=402 E=-2.1655391922 nfev=405 t=856.2s remaining=1598
    iter=403 E=-2.1655429402 nfev=406 t=858.3s remaining=1597
    iter=404 E=-2.1655464789 nfev=407 t=860.6s remaining=1596
    iter=405 E=-2.1655497390 nfev=408 t=862.5s remaining=1595
    iter=406 E=-2.1655525884 nfev=409 t=864.5s remaining=1594
    iter=407 E=-2.1655553798 nfev=410 t=866.4s remaining=1593
    iter=408 E=-2.1655584677 nfev=411 t=868.6s remaining=1592
    iter=409 E=-2.1655618034 nfev=412 t=870.6s remaining=1591
    iter=410 E=-2.1655648974 nfev=413 t=872.6s remaining=1590
    iter=411 E=-2.1655681763 nfev=414 t=874.4s remaining=1589
    iter=412 E=-2.1655713960 nfev=415 t=876.3s remaining=1588
    iter=413 E=-2.1655742662 nfev=416 t=878.7s remaining=1587
    iter=414 E=-2.1655769116 nfev=417 t=880.6s remaining=1586
    iter=415 E=-2.1655798017 nfev=418 t=882.5s remaining=1585
    iter=416 E=-2.1655832608 nfev=419 t=884.4s remaining=1584
    iter=417 E=-2.1655866963 nfev=420 t=886.4s remaining=1583
    iter=418 E=-2.1655898520 nfev=421 t=888.3s remaining=1582
    iter=419 E=-2.1655927049 nfev=422 t=890.3s remaining=1581
    iter=420 E=-2.1655954998 nfev=423 t=892.4s remaining=1580
    iter=421 E=-2.1655981383 nfev=424 t=894.7s remaining=1579
    iter=422 E=-2.1656004836 nfev=425 t=896.8s remaining=1578
    iter=423 E=-2.1656026385 nfev=426 t=898.8s remaining=1577
    iter=424 E=-2.1656050079 nfev=427 t=901.1s remaining=1576
    iter=425 E=-2.1656077532 nfev=428 t=903.1s remaining=1575
    iter=426 E=-2.1656106286 nfev=429 t=904.9s remaining=1574
    iter=427 E=-2.1656134017 nfev=430 t=906.8s remaining=1573
    iter=428 E=-2.1656162427 nfev=431 t=909.3s remaining=1572
    iter=429 E=-2.1656191493 nfev=432 t=911.7s remaining=1571
    iter=430 E=-2.1656218980 nfev=433 t=914.1s remaining=1570
    iter=431 E=-2.1656244297 nfev=434 t=916.4s remaining=1569
    iter=432 E=-2.1656270179 nfev=435 t=918.6s remaining=1568
    iter=433 E=-2.1656298500 nfev=436 t=920.8s remaining=1567
    iter=434 E=-2.1656329107 nfev=437 t=923.3s remaining=1566
    iter=435 E=-2.1656358445 nfev=438 t=925.7s remaining=1565
    iter=436 E=-2.1656383953 nfev=439 t=928.1s remaining=1564
    iter=437 E=-2.1656404877 nfev=440 t=930.4s remaining=1563
    iter=438 E=-2.1656423324 nfev=441 t=932.9s remaining=1562
    iter=439 E=-2.1656441865 nfev=442 t=935.5s remaining=1561
    iter=440 E=-2.1656463102 nfev=443 t=938.2s remaining=1560
    iter=441 E=-2.1656487751 nfev=444 t=940.9s remaining=1559
    iter=442 E=-2.1656516187 nfev=445 t=943.6s remaining=1558
    iter=443 E=-2.1656543705 nfev=446 t=946.3s remaining=1557
    iter=444 E=-2.1656565049 nfev=447 t=949.1s remaining=1556
    iter=445 E=-2.1656580820 nfev=448 t=951.8s remaining=1555
    iter=446 E=-2.1656595038 nfev=449 t=954.5s remaining=1554
    iter=447 E=-2.1656610860 nfev=450 t=957.3s remaining=1553
    iter=448 E=-2.1656629570 nfev=451 t=959.4s remaining=1552
    iter=449 E=-2.1656651523 nfev=452 t=961.7s remaining=1551
    iter=450 E=-2.1656675094 nfev=453 t=963.7s remaining=1550
    iter=451 E=-2.1656697571 nfev=454 t=965.8s remaining=1549
    iter=452 E=-2.1656720296 nfev=455 t=967.7s remaining=1548
    iter=453 E=-2.1656742209 nfev=456 t=969.6s remaining=1547
    iter=454 E=-2.1656762146 nfev=457 t=971.5s remaining=1546
    iter=455 E=-2.1656780136 nfev=458 t=973.4s remaining=1545
    iter=456 E=-2.1656798484 nfev=459 t=975.3s remaining=1544
    iter=457 E=-2.1656818487 nfev=460 t=977.3s remaining=1543
    iter=458 E=-2.1656839010 nfev=461 t=979.2s remaining=1542
    iter=459 E=-2.1656857688 nfev=462 t=981.3s remaining=1541
    iter=460 E=-2.1656875086 nfev=463 t=983.2s remaining=1540
    iter=461 E=-2.1656893936 nfev=464 t=985.1s remaining=1539
    iter=462 E=-2.1656916451 nfev=465 t=987.2s remaining=1538
    iter=463 E=-2.1656939558 nfev=466 t=989.2s remaining=1537
    iter=464 E=-2.1656958900 nfev=467 t=991.1s remaining=1536
    iter=465 E=-2.1656973238 nfev=468 t=993.1s remaining=1535
    iter=466 E=-2.1656984742 nfev=469 t=995.1s remaining=1534
    iter=467 E=-2.1656996032 nfev=470 t=997.7s remaining=1533
    iter=468 E=-2.1657008582 nfev=471 t=1000.0s remaining=1532
    iter=469 E=-2.1657022633 nfev=472 t=1002.0s remaining=1531
    iter=470 E=-2.1657038211 nfev=473 t=1003.9s remaining=1530
    iter=471 E=-2.1657054499 nfev=474 t=1005.9s remaining=1529
    iter=472 E=-2.1657071266 nfev=475 t=1007.8s remaining=1528
    iter=473 E=-2.1657088776 nfev=476 t=1009.7s remaining=1527
    iter=474 E=-2.1657107043 nfev=477 t=1011.8s remaining=1526
    iter=475 E=-2.1657124968 nfev=478 t=1014.0s remaining=1525
    iter=476 E=-2.1657140654 nfev=479 t=1016.0s remaining=1524
    iter=477 E=-2.1657154107 nfev=480 t=1018.0s remaining=1523
    iter=478 E=-2.1657166842 nfev=481 t=1019.9s remaining=1522
    iter=479 E=-2.1657180449 nfev=482 t=1022.0s remaining=1521
    iter=480 E=-2.1657195895 nfev=483 t=1024.6s remaining=1520
    iter=481 E=-2.1657213790 nfev=484 t=1026.8s remaining=1519
    iter=482 E=-2.1657233185 nfev=485 t=1028.8s remaining=1518
    iter=483 E=-2.1657251039 nfev=486 t=1031.0s remaining=1517
    iter=484 E=-2.1657266541 nfev=487 t=1033.0s remaining=1516
    iter=485 E=-2.1657280027 nfev=488 t=1034.9s remaining=1515
    iter=486 E=-2.1657292490 nfev=489 t=1036.9s remaining=1514
    iter=487 E=-2.1657304277 nfev=490 t=1038.8s remaining=1513
    iter=488 E=-2.1657316515 nfev=491 t=1040.8s remaining=1512
    iter=489 E=-2.1657329900 nfev=492 t=1042.9s remaining=1511
    iter=490 E=-2.1657344941 nfev=493 t=1044.9s remaining=1510
    iter=491 E=-2.1657360852 nfev=494 t=1046.8s remaining=1509
    iter=492 E=-2.1657375387 nfev=495 t=1049.0s remaining=1508
    iter=493 E=-2.1657390106 nfev=496 t=1051.1s remaining=1507
    iter=494 E=-2.1657405714 nfev=497 t=1053.2s remaining=1506
    iter=495 E=-2.1657421390 nfev=498 t=1055.6s remaining=1505
    iter=496 E=-2.1657436496 nfev=499 t=1057.8s remaining=1504
    iter=497 E=-2.1657451775 nfev=500 t=1059.8s remaining=1503
    iter=498 E=-2.1657468923 nfev=501 t=1062.3s remaining=1502
    iter=499 E=-2.1657488811 nfev=502 t=1065.1s remaining=1501
    iter=500 E=-2.1657510261 nfev=503 t=1067.9s remaining=1500
    iter=501 E=-2.1657530621 nfev=504 t=1070.6s remaining=1499
    iter=502 E=-2.1657548249 nfev=505 t=1073.3s remaining=1498
    iter=503 E=-2.1657563311 nfev=506 t=1076.4s remaining=1497
    iter=504 E=-2.1657576926 nfev=507 t=1079.3s remaining=1496
    iter=505 E=-2.1657590133 nfev=508 t=1082.1s remaining=1495
    iter=506 E=-2.1657604467 nfev=509 t=1084.9s remaining=1494
    iter=507 E=-2.1657621058 nfev=510 t=1087.6s remaining=1493
    iter=508 E=-2.1657638973 nfev=511 t=1089.6s remaining=1492
    iter=509 E=-2.1657655717 nfev=512 t=1091.6s remaining=1491
    iter=510 E=-2.1657671385 nfev=513 t=1093.6s remaining=1490
    iter=511 E=-2.1657687470 nfev=514 t=1095.6s remaining=1489
    iter=512 E=-2.1657705906 nfev=515 t=1097.8s remaining=1488
    iter=513 E=-2.1657723708 nfev=516 t=1099.8s remaining=1487
    iter=514 E=-2.1657740504 nfev=517 t=1101.9s remaining=1486
    iter=515 E=-2.1657756084 nfev=518 t=1103.9s remaining=1485
    iter=516 E=-2.1657770351 nfev=519 t=1105.9s remaining=1484
    iter=517 E=-2.1657783950 nfev=520 t=1107.8s remaining=1483
    iter=518 E=-2.1657797050 nfev=521 t=1109.7s remaining=1482
    iter=519 E=-2.1657809825 nfev=522 t=1111.7s remaining=1481
    iter=520 E=-2.1657823022 nfev=523 t=1114.0s remaining=1480
    iter=521 E=-2.1657837029 nfev=524 t=1116.3s remaining=1479
    iter=522 E=-2.1657851783 nfev=525 t=1118.5s remaining=1478
    iter=523 E=-2.1657868508 nfev=526 t=1120.9s remaining=1477
    iter=524 E=-2.1657886291 nfev=527 t=1122.8s remaining=1476
    iter=525 E=-2.1657903331 nfev=528 t=1124.7s remaining=1475
    iter=526 E=-2.1657917272 nfev=529 t=1127.1s remaining=1474
    iter=527 E=-2.1657927692 nfev=530 t=1129.6s remaining=1473
    iter=528 E=-2.1657936992 nfev=531 t=1132.0s remaining=1472
    iter=529 E=-2.1657947703 nfev=532 t=1134.0s remaining=1471
    iter=530 E=-2.1657960542 nfev=533 t=1136.0s remaining=1470
    iter=531 E=-2.1657975675 nfev=534 t=1138.0s remaining=1469
    iter=532 E=-2.1657993870 nfev=535 t=1140.4s remaining=1468
    iter=533 E=-2.1658012588 nfev=536 t=1142.4s remaining=1467
    iter=534 E=-2.1658029633 nfev=537 t=1144.4s remaining=1466
    iter=535 E=-2.1658045043 nfev=538 t=1146.3s remaining=1465
    iter=536 E=-2.1658058519 nfev=539 t=1148.2s remaining=1464
    iter=537 E=-2.1658071521 nfev=540 t=1150.2s remaining=1463
    iter=538 E=-2.1658085061 nfev=541 t=1153.0s remaining=1462
    iter=539 E=-2.1658098623 nfev=542 t=1154.9s remaining=1461
    iter=540 E=-2.1658111404 nfev=543 t=1156.9s remaining=1460
    iter=541 E=-2.1658123361 nfev=544 t=1158.9s remaining=1459
    iter=542 E=-2.1658135743 nfev=545 t=1160.9s remaining=1458
    iter=543 E=-2.1658149680 nfev=546 t=1162.9s remaining=1457
    iter=544 E=-2.1658166394 nfev=547 t=1165.0s remaining=1456
    iter=545 E=-2.1658185195 nfev=548 t=1166.9s remaining=1455
    iter=546 E=-2.1658202407 nfev=549 t=1168.8s remaining=1454
    iter=547 E=-2.1658215634 nfev=550 t=1170.8s remaining=1453
    iter=548 E=-2.1658226591 nfev=551 t=1173.0s remaining=1452
    iter=549 E=-2.1658238279 nfev=552 t=1175.1s remaining=1451
    iter=550 E=-2.1658252339 nfev=553 t=1177.0s remaining=1450
    iter=551 E=-2.1658267958 nfev=554 t=1179.0s remaining=1449
    iter=552 E=-2.1658283068 nfev=555 t=1181.0s remaining=1448
    iter=553 E=-2.1658296747 nfev=556 t=1183.0s remaining=1447
    iter=554 E=-2.1658309871 nfev=557 t=1184.9s remaining=1446
    iter=555 E=-2.1658323055 nfev=558 t=1186.9s remaining=1445
    iter=556 E=-2.1658337188 nfev=559 t=1189.1s remaining=1444
    iter=557 E=-2.1658353097 nfev=560 t=1191.2s remaining=1443
    iter=558 E=-2.1658371244 nfev=561 t=1193.6s remaining=1442
    iter=559 E=-2.1658388300 nfev=562 t=1195.6s remaining=1441
    iter=560 E=-2.1658401440 nfev=563 t=1197.6s remaining=1440
    iter=561 E=-2.1658413261 nfev=564 t=1199.4s remaining=1439
    iter=562 E=-2.1658426871 nfev=565 t=1201.4s remaining=1438
    iter=563 E=-2.1658440850 nfev=566 t=1203.5s remaining=1437
    iter=564 E=-2.1658455092 nfev=567 t=1205.4s remaining=1436
    iter=565 E=-2.1658468731 nfev=568 t=1207.5s remaining=1435
    iter=566 E=-2.1658481562 nfev=569 t=1209.5s remaining=1434
    iter=567 E=-2.1658495230 nfev=570 t=1211.5s remaining=1433
    iter=568 E=-2.1658511591 nfev=571 t=1213.4s remaining=1432
    iter=569 E=-2.1658529389 nfev=572 t=1215.5s remaining=1431
    iter=570 E=-2.1658546335 nfev=573 t=1217.6s remaining=1430
    iter=571 E=-2.1658559879 nfev=574 t=1219.5s remaining=1429
    iter=572 E=-2.1658570346 nfev=575 t=1221.5s remaining=1428
    iter=573 E=-2.1658580170 nfev=576 t=1223.6s remaining=1427
    iter=574 E=-2.1658592434 nfev=577 t=1225.7s remaining=1426
    iter=575 E=-2.1658608676 nfev=578 t=1227.7s remaining=1425
    iter=576 E=-2.1658625485 nfev=579 t=1230.1s remaining=1424
    iter=577 E=-2.1658639034 nfev=580 t=1232.1s remaining=1423
    iter=578 E=-2.1658649783 nfev=581 t=1234.0s remaining=1422
    iter=579 E=-2.1658661239 nfev=582 t=1236.4s remaining=1421
    iter=580 E=-2.1658677811 nfev=583 t=1238.4s remaining=1420
    iter=581 E=-2.1658697873 nfev=584 t=1240.3s remaining=1419
    iter=582 E=-2.1658715313 nfev=585 t=1242.4s remaining=1418
    iter=583 E=-2.1658729625 nfev=586 t=1244.3s remaining=1417
    iter=584 E=-2.1658742174 nfev=587 t=1246.6s remaining=1416
    iter=585 E=-2.1658754083 nfev=588 t=1248.8s remaining=1415
    iter=586 E=-2.1658766264 nfev=589 t=1250.7s remaining=1414
    iter=587 E=-2.1658778801 nfev=590 t=1252.7s remaining=1413
    iter=588 E=-2.1658792138 nfev=591 t=1254.6s remaining=1412
    iter=589 E=-2.1658806518 nfev=592 t=1256.5s remaining=1411
    iter=590 E=-2.1658820244 nfev=593 t=1258.4s remaining=1410
    iter=591 E=-2.1658833216 nfev=594 t=1260.4s remaining=1409
    iter=592 E=-2.1658847058 nfev=595 t=1262.3s remaining=1408
    iter=593 E=-2.1658863134 nfev=596 t=1264.2s remaining=1407
    iter=594 E=-2.1658880045 nfev=597 t=1266.3s remaining=1406
    iter=595 E=-2.1658894425 nfev=598 t=1268.2s remaining=1405
    iter=596 E=-2.1658906516 nfev=599 t=1270.0s remaining=1404
    iter=597 E=-2.1658919038 nfev=600 t=1272.3s remaining=1403
    iter=598 E=-2.1658932532 nfev=601 t=1274.6s remaining=1402
    iter=599 E=-2.1658943996 nfev=602 t=1276.6s remaining=1401
    iter=600 E=-2.1658953135 nfev=603 t=1278.5s remaining=1400
    iter=601 E=-2.1658962932 nfev=604 t=1280.4s remaining=1399
    iter=602 E=-2.1658974974 nfev=605 t=1282.6s remaining=1398
    iter=603 E=-2.1658987777 nfev=606 t=1284.7s remaining=1397
    iter=604 E=-2.1658998774 nfev=607 t=1286.6s remaining=1396
    iter=605 E=-2.1659007497 nfev=608 t=1288.5s remaining=1395
    iter=606 E=-2.1659017270 nfev=609 t=1290.5s remaining=1394
    iter=607 E=-2.1659029722 nfev=610 t=1292.7s remaining=1393
    iter=608 E=-2.1659045099 nfev=611 t=1294.9s remaining=1392
    iter=609 E=-2.1659059632 nfev=612 t=1296.8s remaining=1391
    iter=610 E=-2.1659071800 nfev=613 t=1298.7s remaining=1390
    iter=611 E=-2.1659081974 nfev=614 t=1300.6s remaining=1389
    iter=612 E=-2.1659091280 nfev=615 t=1302.5s remaining=1388
    iter=613 E=-2.1659100158 nfev=616 t=1304.7s remaining=1387
    iter=614 E=-2.1659110542 nfev=617 t=1307.0s remaining=1386
    iter=615 E=-2.1659122771 nfev=618 t=1309.2s remaining=1385
    iter=616 E=-2.1659137193 nfev=619 t=1311.1s remaining=1384
    iter=617 E=-2.1659153633 nfev=620 t=1313.1s remaining=1383
    iter=618 E=-2.1659170994 nfev=621 t=1315.0s remaining=1382
    iter=619 E=-2.1659188088 nfev=622 t=1316.9s remaining=1381
    iter=620 E=-2.1659203337 nfev=623 t=1318.8s remaining=1380
    iter=621 E=-2.1659215347 nfev=624 t=1321.0s remaining=1379
    iter=622 E=-2.1659224116 nfev=625 t=1323.2s remaining=1378
    iter=623 E=-2.1659232905 nfev=626 t=1325.7s remaining=1377
    iter=624 E=-2.1659243202 nfev=627 t=1327.9s remaining=1376
    iter=625 E=-2.1659254709 nfev=628 t=1330.2s remaining=1375
    iter=626 E=-2.1659269660 nfev=629 t=1332.3s remaining=1374
    iter=627 E=-2.1659290306 nfev=630 t=1334.2s remaining=1373
    iter=628 E=-2.1659307042 nfev=631 t=1336.2s remaining=1372
    iter=629 E=-2.1659322697 nfev=632 t=1338.1s remaining=1371
    iter=630 E=-2.1659335973 nfev=633 t=1340.0s remaining=1370
    iter=631 E=-2.1659346827 nfev=634 t=1341.9s remaining=1369
    iter=632 E=-2.1659356858 nfev=635 t=1344.3s remaining=1368
    iter=633 E=-2.1659367710 nfev=636 t=1346.2s remaining=1367
    iter=634 E=-2.1659379426 nfev=637 t=1348.1s remaining=1366
    iter=635 E=-2.1659392391 nfev=638 t=1350.1s remaining=1365
    iter=636 E=-2.1659406280 nfev=639 t=1352.0s remaining=1364
    iter=637 E=-2.1659420037 nfev=640 t=1353.9s remaining=1363
    iter=638 E=-2.1659434819 nfev=641 t=1356.3s remaining=1362
    iter=639 E=-2.1659452093 nfev=642 t=1359.0s remaining=1361
    iter=640 E=-2.1659470313 nfev=643 t=1361.2s remaining=1360
    iter=641 E=-2.1659485833 nfev=644 t=1363.2s remaining=1359
    iter=642 E=-2.1659496687 nfev=645 t=1365.2s remaining=1358
    iter=643 E=-2.1659507175 nfev=646 t=1367.1s remaining=1357
    iter=644 E=-2.1659517943 nfev=647 t=1369.0s remaining=1356
    iter=645 E=-2.1659532392 nfev=648 t=1370.9s remaining=1355
    iter=646 E=-2.1659545832 nfev=649 t=1372.9s remaining=1354
    iter=647 E=-2.1659563446 nfev=650 t=1374.9s remaining=1353
    iter=648 E=-2.1659581597 nfev=651 t=1376.9s remaining=1352
    iter=649 E=-2.1659596279 nfev=652 t=1379.0s remaining=1351
    iter=650 E=-2.1659607329 nfev=653 t=1380.9s remaining=1350
    iter=651 E=-2.1659618916 nfev=654 t=1382.8s remaining=1349
    iter=652 E=-2.1659631873 nfev=655 t=1384.7s remaining=1348
    iter=653 E=-2.1659645767 nfev=656 t=1386.6s remaining=1347
    iter=654 E=-2.1659660159 nfev=657 t=1388.5s remaining=1346
    iter=655 E=-2.1659674633 nfev=658 t=1390.5s remaining=1345
    iter=656 E=-2.1659688031 nfev=659 t=1392.6s remaining=1344
    iter=657 E=-2.1659698497 nfev=660 t=1395.1s remaining=1343
    iter=658 E=-2.1659706478 nfev=661 t=1397.2s remaining=1342
    iter=659 E=-2.1659714062 nfev=662 t=1399.1s remaining=1341
    iter=660 E=-2.1659723402 nfev=663 t=1401.1s remaining=1340
    iter=661 E=-2.1659733970 nfev=664 t=1403.1s remaining=1339
    iter=662 E=-2.1659747769 nfev=665 t=1405.0s remaining=1338
    iter=663 E=-2.1659760376 nfev=666 t=1406.9s remaining=1337
    iter=664 E=-2.1659769746 nfev=667 t=1408.7s remaining=1336
    iter=665 E=-2.1659777314 nfev=668 t=1410.7s remaining=1335
    iter=666 E=-2.1659784521 nfev=669 t=1412.5s remaining=1334
    iter=667 E=-2.1659793271 nfev=670 t=1414.4s remaining=1333
    iter=668 E=-2.1659803533 nfev=671 t=1416.2s remaining=1332
    iter=669 E=-2.1659817218 nfev=672 t=1418.1s remaining=1331
    iter=670 E=-2.1659832836 nfev=673 t=1420.0s remaining=1330
    iter=671 E=-2.1659846011 nfev=674 t=1421.9s remaining=1329
    iter=672 E=-2.1659857121 nfev=675 t=1423.7s remaining=1328
    iter=673 E=-2.1659866653 nfev=676 t=1426.3s remaining=1327
    iter=674 E=-2.1659874595 nfev=677 t=1428.2s remaining=1326
    iter=675 E=-2.1659883847 nfev=678 t=1430.1s remaining=1325
    iter=676 E=-2.1659895180 nfev=679 t=1432.0s remaining=1324
    iter=677 E=-2.1659909170 nfev=680 t=1434.2s remaining=1323
    iter=678 E=-2.1659925010 nfev=681 t=1436.5s remaining=1322
    iter=679 E=-2.1659940580 nfev=682 t=1438.4s remaining=1321
    iter=680 E=-2.1659953642 nfev=683 t=1440.3s remaining=1320
    iter=681 E=-2.1659963350 nfev=684 t=1442.2s remaining=1319
    iter=682 E=-2.1659970844 nfev=685 t=1444.2s remaining=1318
    iter=683 E=-2.1659977915 nfev=686 t=1446.0s remaining=1317
    iter=684 E=-2.1659985802 nfev=687 t=1448.0s remaining=1316
    iter=685 E=-2.1659995179 nfev=688 t=1450.3s remaining=1315
    iter=686 E=-2.1660004914 nfev=689 t=1452.3s remaining=1314
    iter=687 E=-2.1660014144 nfev=690 t=1454.4s remaining=1313
    iter=688 E=-2.1660023480 nfev=691 t=1456.4s remaining=1312
    iter=689 E=-2.1660033588 nfev=692 t=1458.6s remaining=1311
    iter=690 E=-2.1660042670 nfev=693 t=1460.7s remaining=1310
    iter=691 E=-2.1660051160 nfev=694 t=1463.2s remaining=1309
    iter=692 E=-2.1660058375 nfev=695 t=1465.7s remaining=1308
    iter=693 E=-2.1660065813 nfev=696 t=1468.5s remaining=1307
    iter=694 E=-2.1660075346 nfev=697 t=1470.4s remaining=1306
    iter=695 E=-2.1660087006 nfev=698 t=1472.3s remaining=1305
    iter=696 E=-2.1660099737 nfev=699 t=1474.2s remaining=1304
    iter=697 E=-2.1660112446 nfev=700 t=1476.1s remaining=1303
    iter=698 E=-2.1660124764 nfev=701 t=1478.1s remaining=1302
    iter=699 E=-2.1660135251 nfev=702 t=1480.0s remaining=1301
    iter=700 E=-2.1660143586 nfev=703 t=1481.9s remaining=1300
    iter=701 E=-2.1660150836 nfev=704 t=1483.9s remaining=1299
    iter=702 E=-2.1660159740 nfev=705 t=1485.9s remaining=1298
    iter=703 E=-2.1660172051 nfev=706 t=1488.3s remaining=1297
    iter=704 E=-2.1660186293 nfev=707 t=1490.5s remaining=1296
    iter=705 E=-2.1660201050 nfev=708 t=1492.7s remaining=1295
    iter=706 E=-2.1660214130 nfev=709 t=1494.8s remaining=1294
    iter=707 E=-2.1660224020 nfev=710 t=1497.2s remaining=1293
    iter=708 E=-2.1660232175 nfev=711 t=1499.6s remaining=1292
    iter=709 E=-2.1660240799 nfev=712 t=1501.8s remaining=1291
    iter=710 E=-2.1660251128 nfev=713 t=1503.7s remaining=1290
    iter=711 E=-2.1660260776 nfev=714 t=1505.5s remaining=1289
    iter=712 E=-2.1660270627 nfev=715 t=1507.3s remaining=1288
    iter=713 E=-2.1660280841 nfev=716 t=1509.3s remaining=1287
    iter=714 E=-2.1660291035 nfev=717 t=1511.2s remaining=1286
    iter=715 E=-2.1660301861 nfev=718 t=1513.0s remaining=1285
    iter=716 E=-2.1660312900 nfev=719 t=1514.8s remaining=1284
    iter=717 E=-2.1660322985 nfev=720 t=1516.7s remaining=1283
    iter=718 E=-2.1660332145 nfev=721 t=1519.0s remaining=1282
    iter=719 E=-2.1660341694 nfev=722 t=1520.8s remaining=1281
    iter=720 E=-2.1660353092 nfev=723 t=1523.4s remaining=1280
    iter=721 E=-2.1660367614 nfev=724 t=1525.7s remaining=1279
    iter=722 E=-2.1660384310 nfev=725 t=1528.1s remaining=1278
    iter=723 E=-2.1660398964 nfev=726 t=1530.5s remaining=1277
    iter=724 E=-2.1660409697 nfev=727 t=1532.9s remaining=1276
    iter=725 E=-2.1660417546 nfev=728 t=1535.3s remaining=1275
    iter=726 E=-2.1660424445 nfev=729 t=1537.7s remaining=1274
    iter=727 E=-2.1660431790 nfev=730 t=1540.0s remaining=1273
    iter=728 E=-2.1660441474 nfev=731 t=1542.4s remaining=1272
    iter=729 E=-2.1660452797 nfev=732 t=1544.3s remaining=1271
    iter=730 E=-2.1660463916 nfev=733 t=1546.2s remaining=1270
    iter=731 E=-2.1660472365 nfev=734 t=1548.2s remaining=1269
    iter=732 E=-2.1660478478 nfev=735 t=1550.1s remaining=1268
    iter=733 E=-2.1660483726 nfev=736 t=1552.0s remaining=1267
    iter=734 E=-2.1660490025 nfev=737 t=1553.9s remaining=1266
    iter=735 E=-2.1660498000 nfev=738 t=1556.1s remaining=1265
    iter=736 E=-2.1660507936 nfev=739 t=1558.2s remaining=1264
    iter=737 E=-2.1660516982 nfev=740 t=1560.0s remaining=1263
    iter=738 E=-2.1660524603 nfev=741 t=1562.0s remaining=1262
    iter=739 E=-2.1660532875 nfev=742 t=1563.9s remaining=1261
    iter=740 E=-2.1660540687 nfev=743 t=1565.7s remaining=1260
    iter=741 E=-2.1660548212 nfev=744 t=1567.7s remaining=1259
    iter=742 E=-2.1660556433 nfev=745 t=1569.6s remaining=1258
    iter=743 E=-2.1660564924 nfev=746 t=1571.5s remaining=1257
    iter=744 E=-2.1660572118 nfev=747 t=1573.4s remaining=1256
    iter=745 E=-2.1660578255 nfev=748 t=1575.5s remaining=1255
    iter=746 E=-2.1660583863 nfev=749 t=1577.3s remaining=1254
    iter=747 E=-2.1660589171 nfev=750 t=1579.2s remaining=1253
    iter=748 E=-2.1660595035 nfev=751 t=1581.2s remaining=1252
    iter=749 E=-2.1660601771 nfev=752 t=1583.1s remaining=1251
    iter=750 E=-2.1660608672 nfev=753 t=1585.7s remaining=1250
    iter=751 E=-2.1660614697 nfev=754 t=1587.7s remaining=1249
    iter=752 E=-2.1660620486 nfev=755 t=1589.6s remaining=1248
    iter=753 E=-2.1660625423 nfev=756 t=1591.5s remaining=1247
    iter=754 E=-2.1660629818 nfev=757 t=1593.4s remaining=1246
    iter=755 E=-2.1660634373 nfev=758 t=1595.2s remaining=1245
    iter=756 E=-2.1660640538 nfev=759 t=1597.1s remaining=1244
    iter=757 E=-2.1660649320 nfev=760 t=1599.0s remaining=1243
    iter=758 E=-2.1660659467 nfev=761 t=1600.8s remaining=1242
    iter=759 E=-2.1660667646 nfev=762 t=1602.7s remaining=1241
    iter=760 E=-2.1660673111 nfev=763 t=1604.6s remaining=1240
    iter=761 E=-2.1660677349 nfev=764 t=1606.5s remaining=1239
    iter=762 E=-2.1660681655 nfev=765 t=1608.4s remaining=1238
    iter=763 E=-2.1660686409 nfev=766 t=1610.3s remaining=1237
    iter=764 E=-2.1660691752 nfev=767 t=1612.2s remaining=1236
    iter=765 E=-2.1660698343 nfev=768 t=1614.2s remaining=1235
    iter=766 E=-2.1660706604 nfev=769 t=1616.2s remaining=1234
    iter=767 E=-2.1660715817 nfev=770 t=1618.2s remaining=1233
    iter=768 E=-2.1660724027 nfev=771 t=1620.3s remaining=1232
    iter=769 E=-2.1660730086 nfev=772 t=1622.2s remaining=1231
    iter=770 E=-2.1660734457 nfev=773 t=1624.1s remaining=1230
    iter=771 E=-2.1660738104 nfev=774 t=1626.1s remaining=1229
    iter=772 E=-2.1660741654 nfev=775 t=1628.1s remaining=1228
    iter=773 E=-2.1660745668 nfev=776 t=1630.1s remaining=1227
    iter=774 E=-2.1660751003 nfev=777 t=1632.3s remaining=1226
    iter=775 E=-2.1660758301 nfev=778 t=1634.3s remaining=1225
    iter=776 E=-2.1660766590 nfev=779 t=1636.3s remaining=1224
    iter=777 E=-2.1660773988 nfev=780 t=1638.2s remaining=1223
    iter=778 E=-2.1660779146 nfev=781 t=1640.1s remaining=1222
    iter=779 E=-2.1660782919 nfev=782 t=1642.1s remaining=1221
    iter=780 E=-2.1660786382 nfev=783 t=1643.9s remaining=1220
    iter=781 E=-2.1660790605 nfev=784 t=1645.8s remaining=1219
    iter=782 E=-2.1660796305 nfev=785 t=1647.7s remaining=1218
    iter=783 E=-2.1660803430 nfev=786 t=1649.6s remaining=1217
    iter=784 E=-2.1660811220 nfev=787 t=1651.5s remaining=1216
    iter=785 E=-2.1660817861 nfev=788 t=1653.4s remaining=1215
    iter=786 E=-2.1660822813 nfev=789 t=1655.3s remaining=1214
    iter=787 E=-2.1660826894 nfev=790 t=1657.2s remaining=1213
    iter=788 E=-2.1660830751 nfev=791 t=1659.0s remaining=1212
    iter=789 E=-2.1660834718 nfev=792 t=1660.9s remaining=1211
    iter=790 E=-2.1660838811 nfev=793 t=1662.8s remaining=1210
    iter=791 E=-2.1660843228 nfev=794 t=1664.7s remaining=1209
    iter=792 E=-2.1660848222 nfev=795 t=1666.7s remaining=1208
    iter=793 E=-2.1660853848 nfev=796 t=1668.6s remaining=1207
    iter=794 E=-2.1660860214 nfev=797 t=1670.6s remaining=1206
    iter=795 E=-2.1660866161 nfev=798 t=1672.5s remaining=1205
    iter=796 E=-2.1660870297 nfev=799 t=1674.4s remaining=1204
    iter=797 E=-2.1660873029 nfev=800 t=1676.3s remaining=1203
    iter=798 E=-2.1660875300 nfev=801 t=1678.2s remaining=1202
    iter=799 E=-2.1660878725 nfev=802 t=1680.1s remaining=1201
    iter=800 E=-2.1660883983 nfev=803 t=1682.1s remaining=1200
    iter=801 E=-2.1660891804 nfev=804 t=1684.0s remaining=1199
    iter=802 E=-2.1660901448 nfev=805 t=1686.2s remaining=1198
    iter=803 E=-2.1660908506 nfev=806 t=1688.1s remaining=1197
    iter=804 E=-2.1660912960 nfev=807 t=1690.0s remaining=1196
    iter=805 E=-2.1660915111 nfev=808 t=1691.9s remaining=1195
    iter=806 E=-2.1660916761 nfev=809 t=1694.0s remaining=1194
    iter=807 E=-2.1660919219 nfev=810 t=1695.9s remaining=1193
    iter=808 E=-2.1660922873 nfev=811 t=1697.8s remaining=1192
    iter=809 E=-2.1660928334 nfev=812 t=1699.9s remaining=1191
    iter=810 E=-2.1660936200 nfev=813 t=1702.3s remaining=1190
    iter=811 E=-2.1660944772 nfev=814 t=1704.2s remaining=1189
    iter=812 E=-2.1660951170 nfev=815 t=1706.1s remaining=1188
    iter=813 E=-2.1660955179 nfev=816 t=1708.4s remaining=1187
    iter=814 E=-2.1660957859 nfev=817 t=1710.4s remaining=1186
    iter=815 E=-2.1660960676 nfev=818 t=1712.3s remaining=1185
    iter=816 E=-2.1660964249 nfev=819 t=1714.1s remaining=1184
    iter=817 E=-2.1660969211 nfev=820 t=1716.0s remaining=1183
    iter=818 E=-2.1660975582 nfev=821 t=1718.3s remaining=1182
    iter=819 E=-2.1660982321 nfev=822 t=1720.7s remaining=1181
    iter=820 E=-2.1660987601 nfev=823 t=1723.0s remaining=1180
    iter=821 E=-2.1660990993 nfev=824 t=1725.0s remaining=1179
    iter=822 E=-2.1660993556 nfev=825 t=1727.2s remaining=1178
    iter=823 E=-2.1660996229 nfev=826 t=1729.1s remaining=1177
    iter=824 E=-2.1660999390 nfev=827 t=1731.1s remaining=1176
    iter=825 E=-2.1661003597 nfev=828 t=1733.4s remaining=1175
    iter=826 E=-2.1661009403 nfev=829 t=1735.8s remaining=1174
    iter=827 E=-2.1661016611 nfev=830 t=1737.9s remaining=1173
    iter=828 E=-2.1661023910 nfev=831 t=1739.8s remaining=1172
    iter=829 E=-2.1661030076 nfev=832 t=1741.9s remaining=1171
    iter=830 E=-2.1661034377 nfev=833 t=1743.8s remaining=1170
    iter=831 E=-2.1661037571 nfev=834 t=1745.7s remaining=1169
    iter=832 E=-2.1661040387 nfev=835 t=1747.8s remaining=1168
    iter=833 E=-2.1661043990 nfev=836 t=1749.9s remaining=1167
    iter=834 E=-2.1661048338 nfev=837 t=1751.9s remaining=1166
    iter=835 E=-2.1661053644 nfev=838 t=1754.1s remaining=1165
    iter=836 E=-2.1661060089 nfev=839 t=1756.2s remaining=1164
    iter=837 E=-2.1661067008 nfev=840 t=1758.1s remaining=1163
    iter=838 E=-2.1661073326 nfev=841 t=1760.1s remaining=1162
    iter=839 E=-2.1661078201 nfev=842 t=1762.5s remaining=1161
    iter=840 E=-2.1661081490 nfev=843 t=1764.7s remaining=1160
    iter=841 E=-2.1661083918 nfev=844 t=1766.6s remaining=1159
    iter=842 E=-2.1661086371 nfev=845 t=1768.9s remaining=1158
    iter=843 E=-2.1661089700 nfev=846 t=1771.3s remaining=1157
    iter=844 E=-2.1661093990 nfev=847 t=1773.2s remaining=1156
    iter=845 E=-2.1661099633 nfev=848 t=1775.1s remaining=1155
    iter=846 E=-2.1661105858 nfev=849 t=1777.0s remaining=1154
    iter=847 E=-2.1661111360 nfev=850 t=1778.9s remaining=1153
    iter=848 E=-2.1661114966 nfev=851 t=1781.0s remaining=1152
    iter=849 E=-2.1661117524 nfev=852 t=1783.3s remaining=1151
    iter=850 E=-2.1661119804 nfev=853 t=1785.8s remaining=1150
    iter=851 E=-2.1661122086 nfev=854 t=1788.3s remaining=1149
    iter=852 E=-2.1661124642 nfev=855 t=1790.2s remaining=1148
    iter=853 E=-2.1661127978 nfev=856 t=1792.1s remaining=1147
    iter=854 E=-2.1661133245 nfev=857 t=1794.1s remaining=1146
    iter=855 E=-2.1661141142 nfev=858 t=1796.5s remaining=1145
    iter=856 E=-2.1661149402 nfev=859 t=1799.0s remaining=1144
    iter=857 E=-2.1661155272 nfev=860 t=1801.4s remaining=1143
    iter=858 E=-2.1661158530 nfev=861 t=1803.4s remaining=1142
    iter=859 E=-2.1661160167 nfev=862 t=1805.3s remaining=1141
    iter=860 E=-2.1661161617 nfev=863 t=1807.3s remaining=1140
    iter=861 E=-2.1661163688 nfev=864 t=1809.2s remaining=1139
    iter=862 E=-2.1661166933 nfev=865 t=1811.1s remaining=1138
    iter=863 E=-2.1661171628 nfev=866 t=1813.0s remaining=1137
    iter=864 E=-2.1661177549 nfev=867 t=1815.0s remaining=1136
    iter=865 E=-2.1661183815 nfev=868 t=1816.9s remaining=1135
    iter=866 E=-2.1661188238 nfev=869 t=1818.7s remaining=1134
    iter=867 E=-2.1661191105 nfev=870 t=1820.7s remaining=1133
    iter=868 E=-2.1661193212 nfev=871 t=1822.6s remaining=1132
    iter=869 E=-2.1661194972 nfev=872 t=1824.4s remaining=1131
    iter=870 E=-2.1661196279 nfev=873 t=1826.8s remaining=1130
    iter=871 E=-2.1661197452 nfev=874 t=1828.8s remaining=1129
    iter=872 E=-2.1661199025 nfev=875 t=1830.7s remaining=1128
    iter=873 E=-2.1661201591 nfev=876 t=1832.5s remaining=1127
    iter=874 E=-2.1661205796 nfev=877 t=1834.4s remaining=1126
    iter=875 E=-2.1661212338 nfev=878 t=1836.3s remaining=1125
    iter=876 E=-2.1661220524 nfev=879 t=1838.6s remaining=1124
    iter=877 E=-2.1661226179 nfev=880 t=1840.6s remaining=1123
    iter=878 E=-2.1661230175 nfev=881 t=1842.4s remaining=1122
    iter=879 E=-2.1661231772 nfev=882 t=1844.4s remaining=1121
    iter=880 E=-2.1661232982 nfev=883 t=1846.4s remaining=1120
    iter=881 E=-2.1661234607 nfev=884 t=1848.4s remaining=1119
    iter=882 E=-2.1661237172 nfev=885 t=1850.3s remaining=1118
    iter=883 E=-2.1661240833 nfev=886 t=1852.2s remaining=1117
    iter=884 E=-2.1661245361 nfev=887 t=1854.1s remaining=1116
    iter=885 E=-2.1661251791 nfev=888 t=1856.0s remaining=1115
    iter=886 E=-2.1661258162 nfev=889 t=1857.9s remaining=1114
    iter=887 E=-2.1661262566 nfev=890 t=1859.8s remaining=1113
    iter=888 E=-2.1661264812 nfev=891 t=1861.7s remaining=1112
    iter=889 E=-2.1661266368 nfev=892 t=1863.7s remaining=1111
    iter=890 E=-2.1661267845 nfev=893 t=1865.6s remaining=1110
    iter=891 E=-2.1661269887 nfev=894 t=1867.6s remaining=1109
    iter=892 E=-2.1661272590 nfev=895 t=1869.5s remaining=1108
    iter=893 E=-2.1661276688 nfev=896 t=1871.5s remaining=1107
    iter=894 E=-2.1661282345 nfev=897 t=1873.3s remaining=1106
    iter=895 E=-2.1661288184 nfev=898 t=1875.3s remaining=1105
    iter=896 E=-2.1661292765 nfev=899 t=1877.6s remaining=1104
    iter=897 E=-2.1661295352 nfev=900 t=1879.8s remaining=1103
    iter=898 E=-2.1661296761 nfev=901 t=1881.7s remaining=1102
    iter=899 E=-2.1661297947 nfev=902 t=1884.0s remaining=1101
    iter=900 E=-2.1661299522 nfev=903 t=1886.0s remaining=1100
    iter=901 E=-2.1661301905 nfev=904 t=1888.0s remaining=1099
    iter=902 E=-2.1661305481 nfev=905 t=1890.1s remaining=1098
    iter=903 E=-2.1661310336 nfev=906 t=1892.4s remaining=1097
    iter=904 E=-2.1661314943 nfev=907 t=1894.3s remaining=1096
    iter=905 E=-2.1661318261 nfev=908 t=1896.2s remaining=1095
    iter=906 E=-2.1661320230 nfev=909 t=1898.1s remaining=1094
    iter=907 E=-2.1661321647 nfev=910 t=1900.0s remaining=1093
    iter=908 E=-2.1661323022 nfev=911 t=1901.9s remaining=1092
    iter=909 E=-2.1661324660 nfev=912 t=1903.8s remaining=1091
    iter=910 E=-2.1661326843 nfev=913 t=1905.8s remaining=1090
    iter=911 E=-2.1661330043 nfev=914 t=1907.8s remaining=1089
    iter=912 E=-2.1661334136 nfev=915 t=1909.7s remaining=1088
    iter=913 E=-2.1661338477 nfev=916 t=1911.5s remaining=1087
    iter=914 E=-2.1661342611 nfev=917 t=1913.4s remaining=1086
    iter=915 E=-2.1661345410 nfev=918 t=1915.3s remaining=1085
    iter=916 E=-2.1661347354 nfev=919 t=1917.4s remaining=1084
    iter=917 E=-2.1661348742 nfev=920 t=1919.3s remaining=1083
    iter=918 E=-2.1661349883 nfev=921 t=1921.2s remaining=1082
    iter=919 E=-2.1661351397 nfev=922 t=1923.1s remaining=1081
    iter=920 E=-2.1661353739 nfev=923 t=1924.9s remaining=1080
    iter=921 E=-2.1661357310 nfev=924 t=1926.8s remaining=1079
    iter=922 E=-2.1661362406 nfev=925 t=1928.8s remaining=1078
    iter=923 E=-2.1661367803 nfev=926 t=1930.8s remaining=1077
    iter=924 E=-2.1661372275 nfev=927 t=1932.7s remaining=1076
    iter=925 E=-2.1661374880 nfev=928 t=1934.6s remaining=1075
    iter=926 E=-2.1661376517 nfev=929 t=1936.5s remaining=1074
    iter=927 E=-2.1661378140 nfev=930 t=1938.5s remaining=1073
    iter=928 E=-2.1661379956 nfev=931 t=1940.3s remaining=1072
    iter=929 E=-2.1661382044 nfev=932 t=1942.4s remaining=1071
    iter=930 E=-2.1661384425 nfev=933 t=1944.3s remaining=1070
    iter=931 E=-2.1661387374 nfev=934 t=1946.2s remaining=1069
    iter=932 E=-2.1661390978 nfev=935 t=1948.1s remaining=1068
    iter=933 E=-2.1661395108 nfev=936 t=1950.0s remaining=1067
    iter=934 E=-2.1661399191 nfev=937 t=1951.9s remaining=1066
    iter=935 E=-2.1661403028 nfev=938 t=1953.8s remaining=1065
    iter=936 E=-2.1661406296 nfev=939 t=1955.6s remaining=1064
    iter=937 E=-2.1661408617 nfev=940 t=1957.5s remaining=1063
    iter=938 E=-2.1661409769 nfev=941 t=1959.4s remaining=1062
    iter=939 E=-2.1661410703 nfev=942 t=1961.8s remaining=1061
    iter=940 E=-2.1661411771 nfev=943 t=1963.7s remaining=1060
    iter=941 E=-2.1661413416 nfev=944 t=1965.6s remaining=1059
    iter=942 E=-2.1661415949 nfev=945 t=1967.6s remaining=1058
    iter=943 E=-2.1661419621 nfev=946 t=1969.5s remaining=1057
    iter=944 E=-2.1661424019 nfev=947 t=1971.4s remaining=1056
    iter=945 E=-2.1661428321 nfev=948 t=1973.3s remaining=1055
    iter=946 E=-2.1661431146 nfev=949 t=1975.2s remaining=1054
    iter=947 E=-2.1661432622 nfev=950 t=1977.1s remaining=1053
    iter=948 E=-2.1661433602 nfev=951 t=1979.0s remaining=1052
    iter=949 E=-2.1661434599 nfev=952 t=1980.9s remaining=1051
    iter=950 E=-2.1661435909 nfev=953 t=1982.8s remaining=1050
    iter=951 E=-2.1661437977 nfev=954 t=1984.8s remaining=1049
    iter=952 E=-2.1661441153 nfev=955 t=1986.7s remaining=1048
    iter=953 E=-2.1661445524 nfev=956 t=1988.6s remaining=1047
    iter=954 E=-2.1661449530 nfev=957 t=1990.6s remaining=1046
    iter=955 E=-2.1661452253 nfev=958 t=1992.5s remaining=1045
    iter=956 E=-2.1661453658 nfev=959 t=1994.8s remaining=1044
    iter=957 E=-2.1661454797 nfev=960 t=1996.8s remaining=1043
    iter=958 E=-2.1661456019 nfev=961 t=1998.7s remaining=1042
    iter=959 E=-2.1661457572 nfev=962 t=2000.7s remaining=1041
    iter=960 E=-2.1661459599 nfev=963 t=2002.8s remaining=1040
    iter=961 E=-2.1661462630 nfev=964 t=2005.2s remaining=1039
    iter=962 E=-2.1661466234 nfev=965 t=2007.8s remaining=1038
    iter=963 E=-2.1661469607 nfev=966 t=2010.3s remaining=1037
    iter=964 E=-2.1661471838 nfev=967 t=2012.3s remaining=1036
    iter=965 E=-2.1661473096 nfev=968 t=2014.3s remaining=1035
    iter=966 E=-2.1661473853 nfev=969 t=2016.3s remaining=1034
    iter=967 E=-2.1661474659 nfev=970 t=2018.3s remaining=1033
    iter=968 E=-2.1661475712 nfev=971 t=2020.4s remaining=1032
    iter=969 E=-2.1661477480 nfev=972 t=2022.4s remaining=1031
    iter=970 E=-2.1661480280 nfev=973 t=2024.5s remaining=1030
    iter=971 E=-2.1661484290 nfev=974 t=2026.4s remaining=1029
    iter=972 E=-2.1661488019 nfev=975 t=2028.3s remaining=1028
    iter=973 E=-2.1661490615 nfev=976 t=2030.4s remaining=1027
    iter=974 E=-2.1661491778 nfev=977 t=2033.0s remaining=1026
    iter=975 E=-2.1661492491 nfev=978 t=2035.5s remaining=1025
    iter=976 E=-2.1661493129 nfev=979 t=2037.5s remaining=1024
    iter=977 E=-2.1661494080 nfev=980 t=2039.4s remaining=1023
    iter=978 E=-2.1661495486 nfev=981 t=2041.4s remaining=1022
    iter=979 E=-2.1661497731 nfev=982 t=2043.8s remaining=1021
    iter=980 E=-2.1661501017 nfev=983 t=2046.0s remaining=1020
    iter=981 E=-2.1661504416 nfev=984 t=2047.9s remaining=1019
    iter=982 E=-2.1661507101 nfev=985 t=2050.1s remaining=1018
    iter=983 E=-2.1661508609 nfev=986 t=2052.3s remaining=1017
    iter=984 E=-2.1661509456 nfev=987 t=2054.3s remaining=1016
    iter=985 E=-2.1661510125 nfev=988 t=2056.2s remaining=1015
    iter=986 E=-2.1661511037 nfev=989 t=2058.2s remaining=1014
    iter=987 E=-2.1661512530 nfev=990 t=2060.5s remaining=1013
    iter=988 E=-2.1661514973 nfev=991 t=2062.7s remaining=1012
    iter=989 E=-2.1661518731 nfev=992 t=2064.7s remaining=1011
    iter=990 E=-2.1661522523 nfev=993 t=2066.7s remaining=1010
    iter=991 E=-2.1661524803 nfev=994 t=2069.2s remaining=1009
    iter=992 E=-2.1661525954 nfev=995 t=2071.3s remaining=1008
    iter=993 E=-2.1661526431 nfev=996 t=2073.2s remaining=1007
    iter=994 E=-2.1661527047 nfev=997 t=2075.2s remaining=1006
    iter=995 E=-2.1661528075 nfev=998 t=2077.0s remaining=1005
    iter=996 E=-2.1661529896 nfev=999 t=2078.9s remaining=1004
    iter=997 E=-2.1661532887 nfev=1000 t=2081.0s remaining=1003
    iter=998 E=-2.1661536849 nfev=1001 t=2083.1s remaining=1002
    iter=999 E=-2.1661539381 nfev=1002 t=2085.0s remaining=1001
    iter=1000 E=-2.1661541248 nfev=1003 t=2086.9s remaining=1000
    iter=1001 E=-2.1661541917 nfev=1004 t=2089.2s remaining=999
    iter=1002 E=-2.1661542358 nfev=1005 t=2091.6s remaining=998
    iter=1003 E=-2.1661543031 nfev=1006 t=2093.5s remaining=997
    iter=1004 E=-2.1661544121 nfev=1007 t=2095.3s remaining=996
    iter=1005 E=-2.1661545881 nfev=1008 t=2097.2s remaining=995
    iter=1006 E=-2.1661548674 nfev=1009 t=2099.8s remaining=994
    iter=1007 E=-2.1661553020 nfev=1010 t=2102.1s remaining=993
    iter=1008 E=-2.1661558882 nfev=1011 t=2104.4s remaining=992
    iter=1009 E=-2.1661564677 nfev=1012 t=2106.4s remaining=991
    iter=1010 E=-2.1661567983 nfev=1013 t=2108.4s remaining=990
    iter=1011 E=-2.1661569313 nfev=1014 t=2110.3s remaining=989
    iter=1012 E=-2.1661570131 nfev=1015 t=2112.2s remaining=988
    iter=1013 E=-2.1661571323 nfev=1016 t=2114.8s remaining=987
    iter=1014 E=-2.1661573201 nfev=1017 t=2116.7s remaining=986
    iter=1015 E=-2.1661576053 nfev=1018 t=2118.9s remaining=985
    iter=1016 E=-2.1661580016 nfev=1019 t=2120.9s remaining=984
    iter=1017 E=-2.1661584367 nfev=1020 t=2122.8s remaining=983
    iter=1018 E=-2.1661588567 nfev=1021 t=2124.8s remaining=982
    iter=1019 E=-2.1661591774 nfev=1022 t=2126.6s remaining=981
    iter=1020 E=-2.1661594368 nfev=1023 t=2128.5s remaining=980
    iter=1021 E=-2.1661596177 nfev=1024 t=2130.7s remaining=979
    iter=1022 E=-2.1661597305 nfev=1025 t=2132.6s remaining=978
    iter=1023 E=-2.1661597944 nfev=1026 t=2134.5s remaining=977
    iter=1024 E=-2.1661598701 nfev=1027 t=2136.6s remaining=976
    iter=1025 E=-2.1661599939 nfev=1028 t=2138.5s remaining=975
    iter=1026 E=-2.1661601927 nfev=1029 t=2140.4s remaining=974
    iter=1027 E=-2.1661604961 nfev=1030 t=2142.5s remaining=973
    iter=1028 E=-2.1661608807 nfev=1031 t=2144.7s remaining=972
    iter=1029 E=-2.1661612476 nfev=1032 t=2147.2s remaining=971
    iter=1030 E=-2.1661615288 nfev=1033 t=2149.3s remaining=970
    iter=1031 E=-2.1661616687 nfev=1034 t=2151.3s remaining=969
    iter=1032 E=-2.1661617656 nfev=1035 t=2153.3s remaining=968
    iter=1033 E=-2.1661618570 nfev=1036 t=2155.1s remaining=967
    iter=1034 E=-2.1661619807 nfev=1037 t=2157.0s remaining=966
    iter=1035 E=-2.1661621111 nfev=1038 t=2158.9s remaining=965
    iter=1036 E=-2.1661623050 nfev=1039 t=2161.0s remaining=964
    iter=1037 E=-2.1661625492 nfev=1040 t=2163.0s remaining=963
    iter=1038 E=-2.1661628363 nfev=1041 t=2164.9s remaining=962
    iter=1039 E=-2.1661631118 nfev=1042 t=2166.8s remaining=961
    iter=1040 E=-2.1661634128 nfev=1043 t=2168.7s remaining=960
    iter=1041 E=-2.1661636312 nfev=1044 t=2170.6s remaining=959
    iter=1042 E=-2.1661637921 nfev=1045 t=2172.6s remaining=958
    iter=1043 E=-2.1661638835 nfev=1046 t=2174.5s remaining=957
    iter=1044 E=-2.1661639537 nfev=1047 t=2176.6s remaining=956
    iter=1045 E=-2.1661640219 nfev=1048 t=2178.5s remaining=955
    iter=1046 E=-2.1661641268 nfev=1049 t=2180.4s remaining=954
    iter=1047 E=-2.1661642806 nfev=1050 t=2182.6s remaining=953
    iter=1048 E=-2.1661645354 nfev=1051 t=2184.9s remaining=952
    iter=1049 E=-2.1661649428 nfev=1052 t=2186.9s remaining=951
    iter=1050 E=-2.1661653847 nfev=1053 t=2188.8s remaining=950
    iter=1051 E=-2.1661656766 nfev=1054 t=2191.1s remaining=949
    iter=1052 E=-2.1661658255 nfev=1055 t=2193.1s remaining=948
    iter=1053 E=-2.1661658942 nfev=1056 t=2195.0s remaining=947
    iter=1054 E=-2.1661659512 nfev=1057 t=2197.0s remaining=946
    iter=1055 E=-2.1661660298 nfev=1058 t=2199.1s remaining=945
    iter=1056 E=-2.1661661555 nfev=1059 t=2201.2s remaining=944
    iter=1057 E=-2.1661663693 nfev=1060 t=2203.1s remaining=943
    iter=1058 E=-2.1661667302 nfev=1061 t=2205.1s remaining=942
    iter=1059 E=-2.1661672701 nfev=1062 t=2207.2s remaining=941
    iter=1060 E=-2.1661676391 nfev=1063 t=2209.7s remaining=940
    iter=1061 E=-2.1661678965 nfev=1064 t=2212.1s remaining=939
    iter=1062 E=-2.1661679752 nfev=1065 t=2214.4s remaining=938
    iter=1063 E=-2.1661680391 nfev=1066 t=2216.4s remaining=937
    iter=1064 E=-2.1661681065 nfev=1067 t=2218.4s remaining=936
    iter=1065 E=-2.1661681995 nfev=1068 t=2220.9s remaining=935
    iter=1066 E=-2.1661683249 nfev=1069 t=2223.3s remaining=934
    iter=1067 E=-2.1661685277 nfev=1070 t=2225.6s remaining=933
    iter=1068 E=-2.1661688497 nfev=1071 t=2227.5s remaining=932
    iter=1069 E=-2.1661692711 nfev=1072 t=2229.5s remaining=931
    iter=1070 E=-2.1661695644 nfev=1073 t=2231.4s remaining=930
    iter=1071 E=-2.1661697324 nfev=1074 t=2233.3s remaining=929
    iter=1072 E=-2.1661698082 nfev=1075 t=2235.4s remaining=928
    iter=1073 E=-2.1661698645 nfev=1076 t=2237.8s remaining=927
    iter=1074 E=-2.1661699392 nfev=1077 t=2240.2s remaining=926
    iter=1075 E=-2.1661700522 nfev=1078 t=2242.1s remaining=925
    iter=1076 E=-2.1661702371 nfev=1079 t=2244.1s remaining=924
    iter=1077 E=-2.1661705461 nfev=1080 t=2246.0s remaining=923
    iter=1078 E=-2.1661709693 nfev=1081 t=2248.0s remaining=922
    iter=1079 E=-2.1661714442 nfev=1082 t=2250.1s remaining=921
    iter=1080 E=-2.1661717653 nfev=1083 t=2252.2s remaining=920
    iter=1081 E=-2.1661719450 nfev=1084 t=2254.4s remaining=919
    iter=1082 E=-2.1661720387 nfev=1085 t=2256.3s remaining=918
    iter=1083 E=-2.1661721054 nfev=1086 t=2258.1s remaining=917
    iter=1084 E=-2.1661721755 nfev=1087 t=2260.0s remaining=916
    iter=1085 E=-2.1661722647 nfev=1088 t=2262.0s remaining=915
    iter=1086 E=-2.1661724019 nfev=1089 t=2263.9s remaining=914
    iter=1087 E=-2.1661726288 nfev=1090 t=2265.9s remaining=913
    iter=1088 E=-2.1661730019 nfev=1091 t=2267.8s remaining=912
    iter=1089 E=-2.1661735772 nfev=1092 t=2269.8s remaining=911
    iter=1090 E=-2.1661741744 nfev=1093 t=2271.6s remaining=910
    iter=1091 E=-2.1661746695 nfev=1094 t=2273.7s remaining=909
    iter=1092 E=-2.1661750050 nfev=1095 t=2276.1s remaining=908
    iter=1093 E=-2.1661751941 nfev=1096 t=2278.2s remaining=907
    iter=1094 E=-2.1661753220 nfev=1097 t=2280.2s remaining=906
    iter=1095 E=-2.1661754523 nfev=1098 t=2282.2s remaining=905
    iter=1096 E=-2.1661755645 nfev=1099 t=2284.4s remaining=904
    iter=1097 E=-2.1661757091 nfev=1100 t=2286.4s remaining=903
    iter=1098 E=-2.1661758904 nfev=1101 t=2288.3s remaining=902
    iter=1099 E=-2.1661762055 nfev=1102 t=2290.7s remaining=901
    iter=1100 E=-2.1661766050 nfev=1103 t=2292.9s remaining=900
    iter=1101 E=-2.1661770013 nfev=1104 t=2294.8s remaining=899
    iter=1102 E=-2.1661774007 nfev=1105 t=2297.2s remaining=898
    iter=1103 E=-2.1661778623 nfev=1106 t=2299.6s remaining=897
    iter=1104 E=-2.1661781235 nfev=1107 t=2302.0s remaining=896
    iter=1105 E=-2.1661783301 nfev=1108 t=2304.1s remaining=895
    iter=1106 E=-2.1661784418 nfev=1109 t=2306.1s remaining=894
    iter=1107 E=-2.1661785211 nfev=1110 t=2308.2s remaining=893
    iter=1108 E=-2.1661785817 nfev=1111 t=2310.0s remaining=892
    iter=1109 E=-2.1661786483 nfev=1112 t=2311.8s remaining=891
    iter=1110 E=-2.1661787105 nfev=1113 t=2313.7s remaining=890
    iter=1111 E=-2.1661788095 nfev=1114 t=2315.7s remaining=889
    iter=1112 E=-2.1661789721 nfev=1115 t=2317.6s remaining=888
    iter=1113 E=-2.1661792338 nfev=1116 t=2319.5s remaining=887
    iter=1114 E=-2.1661796174 nfev=1117 t=2321.4s remaining=886
    iter=1115 E=-2.1661800360 nfev=1118 t=2323.3s remaining=885
    iter=1116 E=-2.1661804548 nfev=1119 t=2325.6s remaining=884
    iter=1117 E=-2.1661806430 nfev=1120 t=2328.1s remaining=883
    iter=1118 E=-2.1661807203 nfev=1121 t=2330.4s remaining=882
    iter=1119 E=-2.1661807617 nfev=1122 t=2332.7s remaining=881
    iter=1120 E=-2.1661808170 nfev=1123 t=2334.9s remaining=880
    iter=1121 E=-2.1661808979 nfev=1124 t=2337.3s remaining=879
    iter=1122 E=-2.1661810263 nfev=1125 t=2339.6s remaining=878
    iter=1123 E=-2.1661812445 nfev=1126 t=2341.5s remaining=877
    iter=1124 E=-2.1661816000 nfev=1127 t=2343.3s remaining=876
    iter=1125 E=-2.1661820384 nfev=1128 t=2345.1s remaining=875
    iter=1126 E=-2.1661824209 nfev=1129 t=2346.9s remaining=874
    iter=1127 E=-2.1661826757 nfev=1130 t=2348.7s remaining=873
    iter=1128 E=-2.1661828702 nfev=1131 t=2350.5s remaining=872
    iter=1129 E=-2.1661829494 nfev=1132 t=2352.3s remaining=871
    iter=1130 E=-2.1661830017 nfev=1133 t=2354.2s remaining=870
    iter=1131 E=-2.1661830669 nfev=1134 t=2356.5s remaining=869
    iter=1132 E=-2.1661831509 nfev=1135 t=2358.3s remaining=868
    iter=1133 E=-2.1661832872 nfev=1136 t=2360.2s remaining=867
    iter=1134 E=-2.1661835076 nfev=1137 t=2362.0s remaining=866
    iter=1135 E=-2.1661838473 nfev=1138 t=2364.0s remaining=865
    iter=1136 E=-2.1661842877 nfev=1139 t=2365.9s remaining=864
    iter=1137 E=-2.1661847332 nfev=1140 t=2368.0s remaining=863
    iter=1138 E=-2.1661850995 nfev=1141 t=2370.4s remaining=862
    iter=1139 E=-2.1661852957 nfev=1142 t=2372.7s remaining=861
    iter=1140 E=-2.1661854055 nfev=1143 t=2374.8s remaining=860
    iter=1141 E=-2.1661854810 nfev=1144 t=2376.7s remaining=859
    iter=1142 E=-2.1661855647 nfev=1145 t=2378.6s remaining=858
    iter=1143 E=-2.1661856637 nfev=1146 t=2380.7s remaining=857
    iter=1144 E=-2.1661858266 nfev=1147 t=2382.9s remaining=856
    iter=1145 E=-2.1661860873 nfev=1148 t=2385.1s remaining=855
    iter=1146 E=-2.1661864550 nfev=1149 t=2387.0s remaining=854
    iter=1147 E=-2.1661869228 nfev=1150 t=2388.9s remaining=853
    iter=1148 E=-2.1661872627 nfev=1151 t=2390.9s remaining=852
    iter=1149 E=-2.1661875843 nfev=1152 t=2392.7s remaining=851
    iter=1150 E=-2.1661877489 nfev=1153 t=2394.6s remaining=850
    iter=1151 E=-2.1661878387 nfev=1154 t=2396.7s remaining=849
    iter=1152 E=-2.1661878978 nfev=1155 t=2398.9s remaining=848
    iter=1153 E=-2.1661879789 nfev=1156 t=2401.0s remaining=847
    iter=1154 E=-2.1661880783 nfev=1157 t=2403.1s remaining=846
    iter=1155 E=-2.1661882278 nfev=1158 t=2405.3s remaining=845
    iter=1156 E=-2.1661884528 nfev=1159 t=2407.4s remaining=844
    iter=1157 E=-2.1661887773 nfev=1160 t=2409.5s remaining=843
    iter=1158 E=-2.1661891775 nfev=1161 t=2411.5s remaining=842
    iter=1159 E=-2.1661895128 nfev=1162 t=2413.5s remaining=841
    iter=1160 E=-2.1661898185 nfev=1163 t=2415.8s remaining=840
    iter=1161 E=-2.1661899974 nfev=1164 t=2418.0s remaining=839
    iter=1162 E=-2.1661901078 nfev=1165 t=2419.9s remaining=838
    iter=1163 E=-2.1661902001 nfev=1166 t=2421.9s remaining=837
    iter=1164 E=-2.1661902791 nfev=1167 t=2423.7s remaining=836
    iter=1165 E=-2.1661903569 nfev=1168 t=2425.5s remaining=835
    iter=1166 E=-2.1661904835 nfev=1169 t=2427.4s remaining=834
    iter=1167 E=-2.1661906530 nfev=1170 t=2429.3s remaining=833
    iter=1168 E=-2.1661908817 nfev=1171 t=2431.2s remaining=832
    iter=1169 E=-2.1661911913 nfev=1172 t=2433.7s remaining=831
    iter=1170 E=-2.1661915047 nfev=1173 t=2436.1s remaining=830
    iter=1171 E=-2.1661917757 nfev=1174 t=2438.5s remaining=829
    iter=1172 E=-2.1661919657 nfev=1175 t=2440.9s remaining=828
    iter=1173 E=-2.1661921591 nfev=1176 t=2442.9s remaining=827
    iter=1174 E=-2.1661923177 nfev=1177 t=2444.8s remaining=826
    iter=1175 E=-2.1661924555 nfev=1178 t=2446.9s remaining=825
    iter=1176 E=-2.1661925401 nfev=1179 t=2448.9s remaining=824
    iter=1177 E=-2.1661926002 nfev=1180 t=2450.8s remaining=823
    iter=1178 E=-2.1661926447 nfev=1181 t=2452.7s remaining=822
    iter=1179 E=-2.1661927020 nfev=1182 t=2454.8s remaining=821
    iter=1180 E=-2.1661927869 nfev=1183 t=2456.7s remaining=820
    iter=1181 E=-2.1661929264 nfev=1184 t=2458.7s remaining=819
    iter=1182 E=-2.1661931566 nfev=1185 t=2460.7s remaining=818
    iter=1183 E=-2.1661935011 nfev=1186 t=2462.5s remaining=817
    iter=1184 E=-2.1661937991 nfev=1187 t=2464.4s remaining=816
    iter=1185 E=-2.1661940311 nfev=1188 t=2466.3s remaining=815
    iter=1186 E=-2.1661941862 nfev=1189 t=2468.2s remaining=814
    iter=1187 E=-2.1661942567 nfev=1190 t=2470.3s remaining=813
    iter=1188 E=-2.1661943119 nfev=1191 t=2472.3s remaining=812
    iter=1189 E=-2.1661943667 nfev=1192 t=2474.3s remaining=811
    iter=1190 E=-2.1661944432 nfev=1193 t=2476.3s remaining=810
    iter=1191 E=-2.1661945311 nfev=1194 t=2478.1s remaining=809
    iter=1192 E=-2.1661946771 nfev=1195 t=2480.0s remaining=808
    iter=1193 E=-2.1661949245 nfev=1196 t=2482.1s remaining=807
    iter=1194 E=-2.1661952934 nfev=1197 t=2484.0s remaining=806
    iter=1195 E=-2.1661956648 nfev=1198 t=2486.1s remaining=805
    iter=1196 E=-2.1661959365 nfev=1199 t=2488.4s remaining=804
    iter=1197 E=-2.1661961528 nfev=1200 t=2490.4s remaining=803
    iter=1198 E=-2.1661962542 nfev=1201 t=2492.4s remaining=802
    iter=1199 E=-2.1661963195 nfev=1202 t=2494.3s remaining=801
    iter=1200 E=-2.1661963816 nfev=1203 t=2496.3s remaining=800
    iter=1201 E=-2.1661964294 nfev=1204 t=2498.3s remaining=799
    iter=1202 E=-2.1661964801 nfev=1205 t=2500.2s remaining=798
    iter=1203 E=-2.1661965581 nfev=1206 t=2502.0s remaining=797
    iter=1204 E=-2.1661966878 nfev=1207 t=2504.0s remaining=796
    iter=1205 E=-2.1661969094 nfev=1208 t=2505.9s remaining=795
    iter=1206 E=-2.1661972677 nfev=1209 t=2507.7s remaining=794
    iter=1207 E=-2.1661976913 nfev=1210 t=2509.6s remaining=793
    iter=1208 E=-2.1661980330 nfev=1211 t=2511.7s remaining=792
    iter=1209 E=-2.1661982915 nfev=1212 t=2513.7s remaining=791
    iter=1210 E=-2.1661984238 nfev=1213 t=2515.9s remaining=790
    iter=1211 E=-2.1661984740 nfev=1214 t=2518.3s remaining=789
    iter=1212 E=-2.1661985224 nfev=1215 t=2520.7s remaining=788
    iter=1213 E=-2.1661985703 nfev=1216 t=2522.8s remaining=787
    iter=1214 E=-2.1661986376 nfev=1217 t=2524.8s remaining=786
    iter=1215 E=-2.1661987222 nfev=1218 t=2526.8s remaining=785
    iter=1216 E=-2.1661988452 nfev=1219 t=2528.7s remaining=784
    iter=1217 E=-2.1661990322 nfev=1220 t=2530.6s remaining=783
    iter=1218 E=-2.1661993221 nfev=1221 t=2532.8s remaining=782
    iter=1219 E=-2.1661997435 nfev=1222 t=2534.7s remaining=781
    iter=1220 E=-2.1662002246 nfev=1223 t=2536.6s remaining=780
    iter=1221 E=-2.1662006375 nfev=1224 t=2538.5s remaining=779
    iter=1222 E=-2.1662009236 nfev=1225 t=2540.4s remaining=778
    iter=1223 E=-2.1662010459 nfev=1226 t=2542.4s remaining=777
    iter=1224 E=-2.1662011077 nfev=1227 t=2544.3s remaining=776
    iter=1225 E=-2.1662011632 nfev=1228 t=2546.3s remaining=775
    iter=1226 E=-2.1662011931 nfev=1229 t=2548.3s remaining=774
    iter=1227 E=-2.1662012466 nfev=1230 t=2550.4s remaining=773
    iter=1228 E=-2.1662013400 nfev=1231 t=2552.3s remaining=772
    iter=1229 E=-2.1662014937 nfev=1232 t=2554.2s remaining=771
    iter=1230 E=-2.1662017266 nfev=1233 t=2556.1s remaining=770
    iter=1231 E=-2.1662020553 nfev=1234 t=2558.1s remaining=769
    iter=1232 E=-2.1662024944 nfev=1235 t=2559.9s remaining=768
    iter=1233 E=-2.1662028821 nfev=1236 t=2562.3s remaining=767
    iter=1234 E=-2.1662030861 nfev=1237 t=2564.5s remaining=766
    iter=1235 E=-2.1662031782 nfev=1238 t=2566.4s remaining=765
    iter=1236 E=-2.1662032379 nfev=1239 t=2568.3s remaining=764
    iter=1237 E=-2.1662032997 nfev=1240 t=2570.2s remaining=763
    iter=1238 E=-2.1662033631 nfev=1241 t=2572.1s remaining=762
    iter=1239 E=-2.1662034312 nfev=1242 t=2574.0s remaining=761
    iter=1240 E=-2.1662035286 nfev=1243 t=2576.0s remaining=760
    iter=1241 E=-2.1662036662 nfev=1244 t=2577.9s remaining=759
    iter=1242 E=-2.1662038340 nfev=1245 t=2579.7s remaining=758
    iter=1243 E=-2.1662040261 nfev=1246 t=2581.7s remaining=757
    iter=1244 E=-2.1662042322 nfev=1247 t=2584.1s remaining=756
    iter=1245 E=-2.1662044481 nfev=1248 t=2586.4s remaining=755
    iter=1246 E=-2.1662046325 nfev=1249 t=2588.3s remaining=754
    iter=1247 E=-2.1662048025 nfev=1250 t=2590.1s remaining=753
    iter=1248 E=-2.1662049348 nfev=1251 t=2592.0s remaining=752
    iter=1249 E=-2.1662050475 nfev=1252 t=2593.9s remaining=751
    iter=1250 E=-2.1662051613 nfev=1253 t=2595.8s remaining=750
    iter=1251 E=-2.1662052365 nfev=1254 t=2597.7s remaining=749
    iter=1252 E=-2.1662052948 nfev=1255 t=2599.5s remaining=748
    iter=1253 E=-2.1662053537 nfev=1256 t=2601.4s remaining=747
    iter=1254 E=-2.1662054116 nfev=1257 t=2603.4s remaining=746
    iter=1255 E=-2.1662054910 nfev=1258 t=2605.2s remaining=745
    iter=1256 E=-2.1662055953 nfev=1259 t=2607.1s remaining=744
    iter=1257 E=-2.1662057256 nfev=1260 t=2609.0s remaining=743
    iter=1258 E=-2.1662058796 nfev=1261 t=2611.0s remaining=742
    iter=1259 E=-2.1662060739 nfev=1262 t=2613.1s remaining=741
    iter=1260 E=-2.1662063145 nfev=1263 t=2615.1s remaining=740
    iter=1261 E=-2.1662065482 nfev=1264 t=2616.9s remaining=739
    iter=1262 E=-2.1662067157 nfev=1265 t=2619.3s remaining=738
    iter=1263 E=-2.1662068143 nfev=1266 t=2621.4s remaining=737
    iter=1264 E=-2.1662068671 nfev=1267 t=2623.6s remaining=736
    iter=1265 E=-2.1662069044 nfev=1268 t=2625.7s remaining=735
    iter=1266 E=-2.1662069372 nfev=1269 t=2627.9s remaining=734
    iter=1267 E=-2.1662069867 nfev=1270 t=2630.1s remaining=733
    iter=1268 E=-2.1662070630 nfev=1271 t=2632.2s remaining=732
    iter=1269 E=-2.1662071842 nfev=1272 t=2634.3s remaining=731
    iter=1270 E=-2.1662073691 nfev=1273 t=2636.5s remaining=730
    iter=1271 E=-2.1662076347 nfev=1274 t=2638.6s remaining=729
    iter=1272 E=-2.1662079271 nfev=1275 t=2640.8s remaining=728
    iter=1273 E=-2.1662081708 nfev=1276 t=2643.0s remaining=727
    iter=1274 E=-2.1662083241 nfev=1277 t=2645.2s remaining=726
    iter=1275 E=-2.1662083809 nfev=1278 t=2647.3s remaining=725
    iter=1276 E=-2.1662084145 nfev=1279 t=2649.5s remaining=724
    iter=1277 E=-2.1662084385 nfev=1280 t=2651.7s remaining=723
    iter=1278 E=-2.1662084731 nfev=1281 t=2654.0s remaining=722
    iter=1279 E=-2.1662085250 nfev=1282 t=2656.2s remaining=721
    iter=1280 E=-2.1662086115 nfev=1283 t=2658.3s remaining=720
    iter=1281 E=-2.1662087568 nfev=1284 t=2660.5s remaining=719
    iter=1282 E=-2.1662089860 nfev=1285 t=2662.6s remaining=718
    iter=1283 E=-2.1662092983 nfev=1286 t=2664.7s remaining=717
    iter=1284 E=-2.1662095740 nfev=1287 t=2666.9s remaining=716
    iter=1285 E=-2.1662098137 nfev=1288 t=2669.0s remaining=715
    iter=1286 E=-2.1662100208 nfev=1289 t=2671.2s remaining=714
    iter=1287 E=-2.1662101157 nfev=1290 t=2673.3s remaining=713
    iter=1288 E=-2.1662101642 nfev=1291 t=2675.4s remaining=712
    iter=1289 E=-2.1662102283 nfev=1292 t=2677.6s remaining=711
    iter=1290 E=-2.1662102715 nfev=1293 t=2679.7s remaining=710
    iter=1291 E=-2.1662103192 nfev=1294 t=2681.9s remaining=709
    iter=1292 E=-2.1662103909 nfev=1295 t=2684.0s remaining=708
    iter=1293 E=-2.1662104964 nfev=1296 t=2686.1s remaining=707
    iter=1294 E=-2.1662106572 nfev=1297 t=2688.3s remaining=706
    iter=1295 E=-2.1662108933 nfev=1298 t=2690.4s remaining=705
    iter=1296 E=-2.1662112160 nfev=1299 t=2692.6s remaining=704
    iter=1297 E=-2.1662114938 nfev=1300 t=2694.7s remaining=703
    iter=1298 E=-2.1662116756 nfev=1301 t=2696.8s remaining=702
    iter=1299 E=-2.1662117678 nfev=1302 t=2699.0s remaining=701
    iter=1300 E=-2.1662118114 nfev=1303 t=2701.2s remaining=700
    iter=1301 E=-2.1662118476 nfev=1304 t=2703.3s remaining=699
    iter=1302 E=-2.1662118945 nfev=1305 t=2705.5s remaining=698
    iter=1303 E=-2.1662119467 nfev=1306 t=2707.6s remaining=697
    iter=1304 E=-2.1662120266 nfev=1307 t=2709.7s remaining=696
    iter=1305 E=-2.1662121565 nfev=1308 t=2711.8s remaining=695
    iter=1306 E=-2.1662123575 nfev=1309 t=2714.0s remaining=694
    iter=1307 E=-2.1662126339 nfev=1310 t=2716.1s remaining=693
    iter=1308 E=-2.1662128523 nfev=1311 t=2718.2s remaining=692
    iter=1309 E=-2.1662130716 nfev=1312 t=2720.4s remaining=691
    iter=1310 E=-2.1662132292 nfev=1313 t=2722.5s remaining=690
    iter=1311 E=-2.1662133128 nfev=1314 t=2724.7s remaining=689
    iter=1312 E=-2.1662133602 nfev=1315 t=2726.8s remaining=688
    iter=1313 E=-2.1662133978 nfev=1316 t=2728.9s remaining=687
    iter=1314 E=-2.1662134255 nfev=1317 t=2731.1s remaining=686
    iter=1315 E=-2.1662134650 nfev=1318 t=2733.2s remaining=685
    iter=1316 E=-2.1662135289 nfev=1319 t=2735.3s remaining=684
    iter=1317 E=-2.1662136297 nfev=1320 t=2737.5s remaining=683
    iter=1318 E=-2.1662137817 nfev=1321 t=2739.7s remaining=682
    iter=1319 E=-2.1662140016 nfev=1322 t=2741.8s remaining=681
    iter=1320 E=-2.1662143066 nfev=1323 t=2743.8s remaining=680
    iter=1321 E=-2.1662146307 nfev=1324 t=2745.7s remaining=679
    iter=1322 E=-2.1662148487 nfev=1325 t=2747.6s remaining=678
    iter=1323 E=-2.1662149214 nfev=1326 t=2749.5s remaining=677
    iter=1324 E=-2.1662149641 nfev=1327 t=2751.4s remaining=676
    iter=1325 E=-2.1662149921 nfev=1328 t=2753.4s remaining=675
    iter=1326 E=-2.1662150166 nfev=1329 t=2755.3s remaining=674
    iter=1327 E=-2.1662150448 nfev=1330 t=2757.2s remaining=673
    iter=1328 E=-2.1662150877 nfev=1331 t=2759.1s remaining=672
    iter=1329 E=-2.1662151577 nfev=1332 t=2760.9s remaining=671
    iter=1330 E=-2.1662152719 nfev=1333 t=2763.2s remaining=670
    iter=1331 E=-2.1662154492 nfev=1334 t=2765.6s remaining=669
    iter=1332 E=-2.1662156847 nfev=1335 t=2768.0s remaining=668
    iter=1333 E=-2.1662158569 nfev=1336 t=2770.4s remaining=667
    iter=1334 E=-2.1662160033 nfev=1337 t=2772.8s remaining=666
    iter=1335 E=-2.1662160767 nfev=1338 t=2775.2s remaining=665
    iter=1336 E=-2.1662161147 nfev=1339 t=2777.9s remaining=664
    iter=1337 E=-2.1662161417 nfev=1340 t=2780.4s remaining=663
    iter=1338 E=-2.1662161726 nfev=1341 t=2782.4s remaining=662
    iter=1339 E=-2.1662161941 nfev=1342 t=2784.6s remaining=661
    iter=1340 E=-2.1662162265 nfev=1343 t=2786.6s remaining=660
    iter=1341 E=-2.1662162793 nfev=1344 t=2788.4s remaining=659
    iter=1342 E=-2.1662163659 nfev=1345 t=2790.4s remaining=658
    iter=1343 E=-2.1662165023 nfev=1346 t=2792.3s remaining=657
    iter=1344 E=-2.1662166890 nfev=1347 t=2794.2s remaining=656
    iter=1345 E=-2.1662168501 nfev=1348 t=2796.0s remaining=655
    iter=1346 E=-2.1662170149 nfev=1349 t=2797.9s remaining=654
    iter=1347 E=-2.1662171431 nfev=1350 t=2799.8s remaining=653
    iter=1348 E=-2.1662172107 nfev=1351 t=2801.7s remaining=652
    iter=1349 E=-2.1662172533 nfev=1352 t=2803.6s remaining=651
    iter=1350 E=-2.1662173027 nfev=1353 t=2805.4s remaining=650
    iter=1351 E=-2.1662173468 nfev=1354 t=2807.3s remaining=649
    iter=1352 E=-2.1662173886 nfev=1355 t=2809.4s remaining=648
    iter=1353 E=-2.1662174446 nfev=1356 t=2811.4s remaining=647
    iter=1354 E=-2.1662175204 nfev=1357 t=2813.3s remaining=646
    iter=1355 E=-2.1662176142 nfev=1358 t=2815.2s remaining=645
    iter=1356 E=-2.1662177466 nfev=1359 t=2817.2s remaining=644
    iter=1357 E=-2.1662179237 nfev=1360 t=2819.1s remaining=643
    iter=1358 E=-2.1662181216 nfev=1361 t=2821.0s remaining=642
    iter=1359 E=-2.1662183047 nfev=1362 t=2822.9s remaining=641
    iter=1360 E=-2.1662184579 nfev=1363 t=2824.6s remaining=640
    iter=1361 E=-2.1662185871 nfev=1364 t=2826.5s remaining=639
    iter=1362 E=-2.1662186928 nfev=1365 t=2828.4s remaining=638
    iter=1363 E=-2.1662187624 nfev=1366 t=2830.5s remaining=637
    iter=1364 E=-2.1662188107 nfev=1367 t=2832.6s remaining=636
    iter=1365 E=-2.1662188466 nfev=1368 t=2834.7s remaining=635
    iter=1366 E=-2.1662188791 nfev=1369 t=2836.6s remaining=634
    iter=1367 E=-2.1662189165 nfev=1370 t=2838.7s remaining=633
    iter=1368 E=-2.1662189642 nfev=1371 t=2840.9s remaining=632
    iter=1369 E=-2.1662190345 nfev=1372 t=2842.8s remaining=631
    iter=1370 E=-2.1662191394 nfev=1373 t=2844.6s remaining=630
    iter=1371 E=-2.1662192959 nfev=1374 t=2846.6s remaining=629
    iter=1372 E=-2.1662195119 nfev=1375 t=2848.5s remaining=628
    iter=1373 E=-2.1662197227 nfev=1376 t=2850.3s remaining=627
    iter=1374 E=-2.1662198991 nfev=1377 t=2852.3s remaining=626
    iter=1375 E=-2.1662199881 nfev=1378 t=2854.2s remaining=625
    iter=1376 E=-2.1662200306 nfev=1379 t=2856.1s remaining=624
    iter=1377 E=-2.1662200562 nfev=1380 t=2858.2s remaining=623
    iter=1378 E=-2.1662200794 nfev=1381 t=2860.1s remaining=622
    iter=1379 E=-2.1662201059 nfev=1382 t=2862.0s remaining=621
    iter=1380 E=-2.1662201484 nfev=1383 t=2864.5s remaining=620
    iter=1381 E=-2.1662202175 nfev=1384 t=2867.1s remaining=619
    iter=1382 E=-2.1662203321 nfev=1385 t=2869.6s remaining=618
    iter=1383 E=-2.1662205102 nfev=1386 t=2872.1s remaining=617
    iter=1384 E=-2.1662207561 nfev=1387 t=2874.2s remaining=616
    iter=1385 E=-2.1662209370 nfev=1388 t=2876.2s remaining=615
    iter=1386 E=-2.1662210714 nfev=1389 t=2878.1s remaining=614
    iter=1387 E=-2.1662211253 nfev=1390 t=2880.3s remaining=613
    iter=1388 E=-2.1662211480 nfev=1391 t=2882.2s remaining=612
    iter=1389 E=-2.1662211693 nfev=1392 t=2884.1s remaining=611
    iter=1390 E=-2.1662211929 nfev=1393 t=2886.0s remaining=610
    iter=1391 E=-2.1662212172 nfev=1394 t=2887.9s remaining=609
    iter=1392 E=-2.1662212546 nfev=1395 t=2889.8s remaining=608
    iter=1393 E=-2.1662213201 nfev=1396 t=2891.7s remaining=607
    iter=1394 E=-2.1662214321 nfev=1397 t=2893.6s remaining=606
    iter=1395 E=-2.1662216116 nfev=1398 t=2895.4s remaining=605
    iter=1396 E=-2.1662218258 nfev=1399 t=2897.3s remaining=604
    iter=1397 E=-2.1662219839 nfev=1400 t=2899.3s remaining=603
    iter=1398 E=-2.1662221291 nfev=1401 t=2901.2s remaining=602
    iter=1399 E=-2.1662222020 nfev=1402 t=2903.1s remaining=601
    iter=1400 E=-2.1662222347 nfev=1403 t=2905.0s remaining=600
    iter=1401 E=-2.1662222554 nfev=1404 t=2906.8s remaining=599
    iter=1402 E=-2.1662222747 nfev=1405 t=2908.7s remaining=598
    iter=1403 E=-2.1662223036 nfev=1406 t=2910.6s remaining=597
    iter=1404 E=-2.1662223447 nfev=1407 t=2912.6s remaining=596
    iter=1405 E=-2.1662224164 nfev=1408 t=2914.5s remaining=595
    iter=1406 E=-2.1662225381 nfev=1409 t=2916.4s remaining=594
    iter=1407 E=-2.1662227289 nfev=1410 t=2918.5s remaining=593
    iter=1408 E=-2.1662229441 nfev=1411 t=2920.4s remaining=592
    iter=1409 E=-2.1662230826 nfev=1412 t=2922.3s remaining=591
    iter=1410 E=-2.1662231860 nfev=1413 t=2924.3s remaining=590
    iter=1411 E=-2.1662232224 nfev=1414 t=2926.6s remaining=589
    iter=1412 E=-2.1662232395 nfev=1415 t=2928.5s remaining=588
    iter=1413 E=-2.1662232579 nfev=1416 t=2930.3s remaining=587
    iter=1414 E=-2.1662232846 nfev=1417 t=2932.2s remaining=586
    iter=1415 E=-2.1662233159 nfev=1418 t=2934.1s remaining=585
    iter=1416 E=-2.1662233657 nfev=1419 t=2936.0s remaining=584
    iter=1417 E=-2.1662234510 nfev=1420 t=2937.9s remaining=583
    iter=1418 E=-2.1662235955 nfev=1421 t=2939.9s remaining=582
    iter=1419 E=-2.1662238199 nfev=1422 t=2941.9s remaining=581
    iter=1420 E=-2.1662240459 nfev=1423 t=2944.2s remaining=580
    iter=1421 E=-2.1662241801 nfev=1424 t=2946.2s remaining=579
    iter=1422 E=-2.1662242802 nfev=1425 t=2948.1s remaining=578
    iter=1423 E=-2.1662243168 nfev=1426 t=2950.0s remaining=577
    iter=1424 E=-2.1662243316 nfev=1427 t=2951.9s remaining=576
    iter=1425 E=-2.1662243486 nfev=1428 t=2953.8s remaining=575
    iter=1426 E=-2.1662243664 nfev=1429 t=2955.6s remaining=574
    iter=1427 E=-2.1662243865 nfev=1430 t=2957.5s remaining=573
    iter=1428 E=-2.1662244208 nfev=1431 t=2959.6s remaining=572
    iter=1429 E=-2.1662244796 nfev=1432 t=2961.5s remaining=571
    iter=1430 E=-2.1662245762 nfev=1433 t=2963.3s remaining=570
    iter=1431 E=-2.1662247195 nfev=1434 t=2965.5s remaining=569
    iter=1432 E=-2.1662248646 nfev=1435 t=2967.5s remaining=568
    iter=1433 E=-2.1662249866 nfev=1436 t=2969.4s remaining=567
    iter=1434 E=-2.1662250661 nfev=1437 t=2971.4s remaining=566
    iter=1435 E=-2.1662250973 nfev=1438 t=2973.3s remaining=565
    iter=1436 E=-2.1662251124 nfev=1439 t=2975.3s remaining=564
    iter=1437 E=-2.1662251297 nfev=1440 t=2977.5s remaining=563
    iter=1438 E=-2.1662251526 nfev=1441 t=2980.0s remaining=562
    iter=1439 E=-2.1662251767 nfev=1442 t=2981.9s remaining=561
    iter=1440 E=-2.1662252181 nfev=1443 t=2983.8s remaining=560
    iter=1441 E=-2.1662252884 nfev=1444 t=2985.8s remaining=559
    iter=1442 E=-2.1662253964 nfev=1445 t=2988.0s remaining=558
    iter=1443 E=-2.1662255442 nfev=1446 t=2989.9s remaining=557
    iter=1444 E=-2.1662257078 nfev=1447 t=2991.8s remaining=556
    iter=1445 E=-2.1662258398 nfev=1448 t=2993.6s remaining=555
    iter=1446 E=-2.1662259183 nfev=1449 t=2995.6s remaining=554
    iter=1447 E=-2.1662259599 nfev=1450 t=2998.3s remaining=553
    iter=1448 E=-2.1662259859 nfev=1451 t=3000.9s remaining=552
    iter=1449 E=-2.1662260033 nfev=1452 t=3003.6s remaining=551
    iter=1450 E=-2.1662260201 nfev=1453 t=3006.2s remaining=550
    iter=1451 E=-2.1662260423 nfev=1454 t=3008.6s remaining=549
    iter=1452 E=-2.1662260757 nfev=1455 t=3010.6s remaining=548
    iter=1453 E=-2.1662261290 nfev=1456 t=3012.5s remaining=547
    iter=1454 E=-2.1662262140 nfev=1457 t=3014.4s remaining=546
    iter=1455 E=-2.1662263471 nfev=1458 t=3016.3s remaining=545
    iter=1456 E=-2.1662265318 nfev=1459 t=3018.1s remaining=544
    iter=1457 E=-2.1662266819 nfev=1460 t=3020.0s remaining=543
    iter=1458 E=-2.1662268106 nfev=1461 t=3022.0s remaining=542
    iter=1459 E=-2.1662268679 nfev=1462 t=3023.8s remaining=541
    iter=1460 E=-2.1662268988 nfev=1463 t=3025.7s remaining=540
    iter=1461 E=-2.1662269193 nfev=1464 t=3028.2s remaining=539
    iter=1462 E=-2.1662269377 nfev=1465 t=3030.8s remaining=538
    iter=1463 E=-2.1662269518 nfev=1466 t=3032.7s remaining=537
    iter=1464 E=-2.1662269740 nfev=1467 t=3035.4s remaining=536
    iter=1465 E=-2.1662270080 nfev=1468 t=3038.2s remaining=535
    iter=1466 E=-2.1662270596 nfev=1469 t=3040.9s remaining=534
    iter=1467 E=-2.1662271339 nfev=1470 t=3043.7s remaining=533
    iter=1468 E=-2.1662272426 nfev=1471 t=3046.5s remaining=532
    iter=1469 E=-2.1662273817 nfev=1472 t=3049.2s remaining=531
    iter=1470 E=-2.1662275269 nfev=1473 t=3051.9s remaining=530
    iter=1471 E=-2.1662276580 nfev=1474 t=3054.6s remaining=529
    iter=1472 E=-2.1662277672 nfev=1475 t=3057.3s remaining=528
    iter=1473 E=-2.1662278320 nfev=1476 t=3060.0s remaining=527
    iter=1474 E=-2.1662278643 nfev=1477 t=3062.7s remaining=526
    iter=1475 E=-2.1662278872 nfev=1478 t=3065.3s remaining=525
    iter=1476 E=-2.1662279055 nfev=1479 t=3067.5s remaining=524
    iter=1477 E=-2.1662279240 nfev=1480 t=3069.5s remaining=523
    iter=1478 E=-2.1662279482 nfev=1481 t=3071.4s remaining=522
    iter=1479 E=-2.1662279835 nfev=1482 t=3073.3s remaining=521
    iter=1480 E=-2.1662280355 nfev=1483 t=3075.2s remaining=520
    iter=1481 E=-2.1662281141 nfev=1484 t=3077.1s remaining=519
    iter=1482 E=-2.1662282217 nfev=1485 t=3079.0s remaining=518
    iter=1483 E=-2.1662283647 nfev=1486 t=3080.9s remaining=517
    iter=1484 E=-2.1662285198 nfev=1487 t=3082.8s remaining=516
    iter=1485 E=-2.1662286523 nfev=1488 t=3084.7s remaining=515
    iter=1486 E=-2.1662287257 nfev=1489 t=3086.6s remaining=514
    iter=1487 E=-2.1662287507 nfev=1490 t=3088.4s remaining=513
    iter=1488 E=-2.1662287628 nfev=1491 t=3090.3s remaining=512
    iter=1489 E=-2.1662287728 nfev=1492 t=3092.1s remaining=511
    iter=1490 E=-2.1662287867 nfev=1493 t=3094.0s remaining=510
    iter=1491 E=-2.1662288094 nfev=1494 t=3095.9s remaining=509
    iter=1492 E=-2.1662288460 nfev=1495 t=3097.7s remaining=508
    iter=1493 E=-2.1662289045 nfev=1496 t=3099.6s remaining=507
    iter=1494 E=-2.1662289946 nfev=1497 t=3101.4s remaining=506
    iter=1495 E=-2.1662291184 nfev=1498 t=3103.3s remaining=505
    iter=1496 E=-2.1662292651 nfev=1499 t=3105.2s remaining=504
    iter=1497 E=-2.1662293905 nfev=1500 t=3107.2s remaining=503
    iter=1498 E=-2.1662294623 nfev=1501 t=3109.2s remaining=502
    iter=1499 E=-2.1662294979 nfev=1502 t=3111.1s remaining=501
    iter=1500 E=-2.1662295122 nfev=1503 t=3113.0s remaining=500
    iter=1501 E=-2.1662295234 nfev=1504 t=3114.9s remaining=499
    iter=1502 E=-2.1662295355 nfev=1505 t=3116.9s remaining=498
    iter=1503 E=-2.1662295552 nfev=1506 t=3118.8s remaining=497
    iter=1504 E=-2.1662295903 nfev=1507 t=3120.7s remaining=496
    iter=1505 E=-2.1662296523 nfev=1508 t=3122.6s remaining=495
    iter=1506 E=-2.1662297485 nfev=1509 t=3124.5s remaining=494
    iter=1507 E=-2.1662298689 nfev=1510 t=3126.4s remaining=493
    iter=1508 E=-2.1662299947 nfev=1511 t=3128.3s remaining=492
    iter=1509 E=-2.1662301009 nfev=1512 t=3130.2s remaining=491
    iter=1510 E=-2.1662301841 nfev=1513 t=3132.2s remaining=490
    iter=1511 E=-2.1662302325 nfev=1514 t=3134.1s remaining=489
    iter=1512 E=-2.1662302630 nfev=1515 t=3136.0s remaining=488
    iter=1513 E=-2.1662302844 nfev=1516 t=3137.9s remaining=487
    iter=1514 E=-2.1662302962 nfev=1517 t=3139.9s remaining=486
    iter=1515 E=-2.1662303098 nfev=1518 t=3141.9s remaining=485
    iter=1516 E=-2.1662303284 nfev=1519 t=3143.8s remaining=484
    iter=1517 E=-2.1662303572 nfev=1520 t=3145.7s remaining=483
    iter=1518 E=-2.1662304043 nfev=1521 t=3147.8s remaining=482
    iter=1519 E=-2.1662304855 nfev=1522 t=3149.8s remaining=481
    iter=1520 E=-2.1662306218 nfev=1523 t=3151.7s remaining=480
    iter=1521 E=-2.1662308300 nfev=1524 t=3153.7s remaining=479
    iter=1522 E=-2.1662310192 nfev=1525 t=3155.6s remaining=478
    iter=1523 E=-2.1662311478 nfev=1526 t=3157.5s remaining=477
    iter=1524 E=-2.1662312225 nfev=1527 t=3159.4s remaining=476
    iter=1525 E=-2.1662312509 nfev=1528 t=3161.4s remaining=475
    iter=1526 E=-2.1662312634 nfev=1529 t=3163.3s remaining=474
    iter=1527 E=-2.1662312759 nfev=1530 t=3165.6s remaining=473
    iter=1528 E=-2.1662312904 nfev=1531 t=3167.5s remaining=472
    iter=1529 E=-2.1662313097 nfev=1532 t=3169.4s remaining=471
    iter=1530 E=-2.1662313426 nfev=1533 t=3171.4s remaining=470
    iter=1531 E=-2.1662313987 nfev=1534 t=3173.4s remaining=469
    iter=1532 E=-2.1662314894 nfev=1535 t=3175.2s remaining=468
    iter=1533 E=-2.1662316236 nfev=1536 t=3177.1s remaining=467
    iter=1534 E=-2.1662317677 nfev=1537 t=3179.2s remaining=466
    iter=1535 E=-2.1662319392 nfev=1538 t=3181.1s remaining=465
    iter=1536 E=-2.1662320500 nfev=1539 t=3183.1s remaining=464
    iter=1537 E=-2.1662321041 nfev=1540 t=3185.0s remaining=463
    iter=1538 E=-2.1662321296 nfev=1541 t=3186.8s remaining=462
    iter=1539 E=-2.1662321518 nfev=1542 t=3188.6s remaining=461
    iter=1540 E=-2.1662321709 nfev=1543 t=3190.5s remaining=460
    iter=1541 E=-2.1662321843 nfev=1544 t=3192.3s remaining=459
    iter=1542 E=-2.1662322003 nfev=1545 t=3194.4s remaining=458
    iter=1543 E=-2.1662322246 nfev=1546 t=3196.4s remaining=457
    iter=1544 E=-2.1662322646 nfev=1547 t=3198.3s remaining=456
    iter=1545 E=-2.1662323238 nfev=1548 t=3200.5s remaining=455
    iter=1546 E=-2.1662324167 nfev=1549 t=3202.5s remaining=454
    iter=1547 E=-2.1662325485 nfev=1550 t=3204.6s remaining=453
    iter=1548 E=-2.1662326923 nfev=1551 t=3206.7s remaining=452
    iter=1549 E=-2.1662328061 nfev=1552 t=3208.6s remaining=451
    iter=1550 E=-2.1662328672 nfev=1553 t=3210.5s remaining=450
    iter=1551 E=-2.1662328949 nfev=1554 t=3212.4s remaining=449
    iter=1552 E=-2.1662329110 nfev=1555 t=3214.3s remaining=448
    iter=1553 E=-2.1662329221 nfev=1556 t=3216.1s remaining=447
    iter=1554 E=-2.1662329356 nfev=1557 t=3217.9s remaining=446
    iter=1555 E=-2.1662329544 nfev=1558 t=3219.7s remaining=445
    iter=1556 E=-2.1662329828 nfev=1559 t=3221.8s remaining=444
    iter=1557 E=-2.1662330275 nfev=1560 t=3223.9s remaining=443
    iter=1558 E=-2.1662330958 nfev=1561 t=3226.1s remaining=442
    iter=1559 E=-2.1662331977 nfev=1562 t=3228.3s remaining=441
    iter=1560 E=-2.1662333250 nfev=1563 t=3230.7s remaining=440
    iter=1561 E=-2.1662335017 nfev=1564 t=3233.0s remaining=439
    iter=1562 E=-2.1662336605 nfev=1565 t=3235.0s remaining=438
    iter=1563 E=-2.1662337700 nfev=1566 t=3236.9s remaining=437
    iter=1564 E=-2.1662338247 nfev=1567 t=3239.3s remaining=436
    iter=1565 E=-2.1662338554 nfev=1568 t=3241.4s remaining=435
    iter=1566 E=-2.1662338717 nfev=1569 t=3243.5s remaining=434
    iter=1567 E=-2.1662338874 nfev=1570 t=3245.7s remaining=433
    iter=1568 E=-2.1662338989 nfev=1571 t=3247.8s remaining=432
    iter=1569 E=-2.1662339198 nfev=1572 t=3249.8s remaining=431
    iter=1570 E=-2.1662339542 nfev=1573 t=3251.6s remaining=430
    iter=1571 E=-2.1662339933 nfev=1574 t=3253.5s remaining=429
    iter=1572 E=-2.1662340590 nfev=1575 t=3255.4s remaining=428
    iter=1573 E=-2.1662341608 nfev=1576 t=3257.3s remaining=427
    iter=1574 E=-2.1662343028 nfev=1577 t=3259.2s remaining=426
    iter=1575 E=-2.1662344792 nfev=1578 t=3261.0s remaining=425
    iter=1576 E=-2.1662346252 nfev=1579 t=3263.0s remaining=424
    iter=1577 E=-2.1662347123 nfev=1580 t=3265.4s remaining=423
    iter=1578 E=-2.1662347426 nfev=1581 t=3267.8s remaining=422
    iter=1579 E=-2.1662347659 nfev=1582 t=3269.6s remaining=421
    iter=1580 E=-2.1662347842 nfev=1583 t=3271.9s remaining=420
    iter=1581 E=-2.1662347994 nfev=1584 t=3274.3s remaining=419
    iter=1582 E=-2.1662348202 nfev=1585 t=3276.2s remaining=418
    iter=1583 E=-2.1662348481 nfev=1586 t=3278.1s remaining=417
    iter=1584 E=-2.1662348881 nfev=1587 t=3280.0s remaining=416
    iter=1585 E=-2.1662349483 nfev=1588 t=3281.9s remaining=415
    iter=1586 E=-2.1662350391 nfev=1589 t=3283.8s remaining=414
    iter=1587 E=-2.1662351694 nfev=1590 t=3285.6s remaining=413
    iter=1588 E=-2.1662353258 nfev=1591 t=3287.5s remaining=412
    iter=1589 E=-2.1662354489 nfev=1592 t=3289.3s remaining=411
    iter=1590 E=-2.1662355468 nfev=1593 t=3291.4s remaining=410
    iter=1591 E=-2.1662355899 nfev=1594 t=3293.3s remaining=409
    iter=1592 E=-2.1662356139 nfev=1595 t=3295.2s remaining=408
    iter=1593 E=-2.1662356303 nfev=1596 t=3297.1s remaining=407
    iter=1594 E=-2.1662356476 nfev=1597 t=3299.0s remaining=406
    iter=1595 E=-2.1662356646 nfev=1598 t=3300.8s remaining=405
    iter=1596 E=-2.1662356934 nfev=1599 t=3302.7s remaining=404
    iter=1597 E=-2.1662357385 nfev=1600 t=3304.7s remaining=403
    iter=1598 E=-2.1662358020 nfev=1601 t=3306.6s remaining=402
    iter=1599 E=-2.1662358820 nfev=1602 t=3308.6s remaining=401
    iter=1600 E=-2.1662359927 nfev=1603 t=3310.6s remaining=400
    iter=1601 E=-2.1662360952 nfev=1604 t=3312.5s remaining=399
    iter=1602 E=-2.1662361693 nfev=1605 t=3314.3s remaining=398
    iter=1603 E=-2.1662362305 nfev=1606 t=3316.3s remaining=397
    iter=1604 E=-2.1662362952 nfev=1607 t=3318.2s remaining=396
    iter=1605 E=-2.1662363587 nfev=1608 t=3320.0s remaining=395
    iter=1606 E=-2.1662364234 nfev=1609 t=3322.1s remaining=394
    iter=1607 E=-2.1662364589 nfev=1610 t=3324.0s remaining=393
    iter=1608 E=-2.1662364795 nfev=1611 t=3325.9s remaining=392
    iter=1609 E=-2.1662364930 nfev=1612 t=3327.8s remaining=391
    iter=1610 E=-2.1662365019 nfev=1613 t=3329.7s remaining=390
    iter=1611 E=-2.1662365115 nfev=1614 t=3331.6s remaining=389
    iter=1612 E=-2.1662365257 nfev=1615 t=3333.6s remaining=388
    iter=1613 E=-2.1662365478 nfev=1616 t=3335.4s remaining=387
    iter=1614 E=-2.1662365833 nfev=1617 t=3337.4s remaining=386
    iter=1615 E=-2.1662366374 nfev=1618 t=3339.3s remaining=385
    iter=1616 E=-2.1662367160 nfev=1619 t=3341.2s remaining=384
    iter=1617 E=-2.1662368185 nfev=1620 t=3343.1s remaining=383
    iter=1618 E=-2.1662369438 nfev=1621 t=3345.0s remaining=382
    iter=1619 E=-2.1662370714 nfev=1622 t=3347.0s remaining=381
    iter=1620 E=-2.1662371439 nfev=1623 t=3348.8s remaining=380
    iter=1621 E=-2.1662371702 nfev=1624 t=3350.6s remaining=379
    iter=1622 E=-2.1662371871 nfev=1625 t=3352.7s remaining=378
    iter=1623 E=-2.1662371981 nfev=1626 t=3354.8s remaining=377
    iter=1624 E=-2.1662372067 nfev=1627 t=3356.7s remaining=376
    iter=1625 E=-2.1662372199 nfev=1628 t=3358.6s remaining=375
    iter=1626 E=-2.1662372417 nfev=1629 t=3360.9s remaining=374
    iter=1627 E=-2.1662372789 nfev=1630 t=3362.8s remaining=373
    iter=1628 E=-2.1662373407 nfev=1631 t=3364.8s remaining=372
    iter=1629 E=-2.1662374396 nfev=1632 t=3366.8s remaining=371
    iter=1630 E=-2.1662375877 nfev=1633 t=3368.6s remaining=370
    iter=1631 E=-2.1662377852 nfev=1634 t=3370.6s remaining=369
    iter=1632 E=-2.1662379735 nfev=1635 t=3372.5s remaining=368
    iter=1633 E=-2.1662380807 nfev=1636 t=3374.4s remaining=367
    iter=1634 E=-2.1662381171 nfev=1637 t=3376.3s remaining=366
    iter=1635 E=-2.1662381394 nfev=1638 t=3378.2s remaining=365
    iter=1636 E=-2.1662381580 nfev=1639 t=3380.2s remaining=364
    iter=1637 E=-2.1662381756 nfev=1640 t=3382.4s remaining=363
    iter=1638 E=-2.1662381910 nfev=1641 t=3384.4s remaining=362
    iter=1639 E=-2.1662382039 nfev=1642 t=3386.3s remaining=361
    iter=1640 E=-2.1662382251 nfev=1643 t=3388.3s remaining=360
    iter=1641 E=-2.1662382609 nfev=1644 t=3390.6s remaining=359
    iter=1642 E=-2.1662383192 nfev=1645 t=3392.5s remaining=358
    iter=1643 E=-2.1662384087 nfev=1646 t=3394.3s remaining=357
    iter=1644 E=-2.1662385371 nfev=1647 t=3396.1s remaining=356
    iter=1645 E=-2.1662387062 nfev=1648 t=3398.2s remaining=355
    iter=1646 E=-2.1662388929 nfev=1649 t=3400.1s remaining=354
    iter=1647 E=-2.1662390432 nfev=1650 t=3402.4s remaining=353
    iter=1648 E=-2.1662391174 nfev=1651 t=3404.8s remaining=352
    iter=1649 E=-2.1662391630 nfev=1652 t=3407.3s remaining=351
    iter=1650 E=-2.1662391946 nfev=1653 t=3409.7s remaining=350
    iter=1651 E=-2.1662392178 nfev=1654 t=3411.9s remaining=349
    iter=1652 E=-2.1662392348 nfev=1655 t=3413.8s remaining=348
    iter=1653 E=-2.1662392455 nfev=1656 t=3415.9s remaining=347
    iter=1654 E=-2.1662392620 nfev=1657 t=3418.1s remaining=346
    iter=1655 E=-2.1662392892 nfev=1658 t=3420.2s remaining=345
    iter=1656 E=-2.1662393349 nfev=1659 t=3422.3s remaining=344
    iter=1657 E=-2.1662394079 nfev=1660 t=3424.2s remaining=343
    iter=1658 E=-2.1662395185 nfev=1661 t=3426.2s remaining=342
    iter=1659 E=-2.1662396806 nfev=1662 t=3428.0s remaining=341
    iter=1660 E=-2.1662399094 nfev=1663 t=3429.9s remaining=340
    iter=1661 E=-2.1662401910 nfev=1664 t=3431.8s remaining=339
    iter=1662 E=-2.1662403909 nfev=1665 t=3433.7s remaining=338
    iter=1663 E=-2.1662404923 nfev=1666 t=3435.7s remaining=337
    iter=1664 E=-2.1662405478 nfev=1667 t=3437.6s remaining=336
    iter=1665 E=-2.1662405819 nfev=1668 t=3439.8s remaining=335
    iter=1666 E=-2.1662406058 nfev=1669 t=3441.8s remaining=334
    iter=1667 E=-2.1662406166 nfev=1670 t=3443.6s remaining=333
    iter=1668 E=-2.1662406306 nfev=1671 t=3445.4s remaining=332
    iter=1669 E=-2.1662406539 nfev=1672 t=3447.3s remaining=331
    iter=1670 E=-2.1662406869 nfev=1673 t=3449.2s remaining=330
    iter=1671 E=-2.1662407287 nfev=1674 t=3451.1s remaining=329
    iter=1672 E=-2.1662407797 nfev=1675 t=3453.1s remaining=328
    iter=1673 E=-2.1662408669 nfev=1676 t=3454.9s remaining=327
    iter=1674 E=-2.1662410156 nfev=1677 t=3456.8s remaining=326
    iter=1675 E=-2.1662412532 nfev=1678 t=3458.7s remaining=325
    iter=1676 E=-2.1662415620 nfev=1679 t=3460.6s remaining=324
    iter=1677 E=-2.1662417481 nfev=1680 t=3462.4s remaining=323
    iter=1678 E=-2.1662419263 nfev=1681 t=3464.6s remaining=322
    iter=1679 E=-2.1662420173 nfev=1682 t=3466.4s remaining=321
    iter=1680 E=-2.1662420471 nfev=1683 t=3468.4s remaining=320
    iter=1681 E=-2.1662420791 nfev=1684 t=3470.3s remaining=319
    iter=1682 E=-2.1662421035 nfev=1685 t=3472.1s remaining=318
    iter=1683 E=-2.1662421288 nfev=1686 t=3474.0s remaining=317
    iter=1684 E=-2.1662421564 nfev=1687 t=3476.0s remaining=316
    iter=1685 E=-2.1662421840 nfev=1688 t=3478.0s remaining=315
    iter=1686 E=-2.1662422259 nfev=1689 t=3480.4s remaining=314
    iter=1687 E=-2.1662422924 nfev=1690 t=3482.6s remaining=313
    iter=1688 E=-2.1662423893 nfev=1691 t=3484.4s remaining=312
    iter=1689 E=-2.1662425182 nfev=1692 t=3486.3s remaining=311
    iter=1690 E=-2.1662426547 nfev=1693 t=3488.2s remaining=310
    iter=1691 E=-2.1662428599 nfev=1694 t=3490.1s remaining=309
    iter=1692 E=-2.1662430784 nfev=1695 t=3492.0s remaining=308
    iter=1693 E=-2.1662432119 nfev=1696 t=3493.9s remaining=307
    iter=1694 E=-2.1662433364 nfev=1697 t=3495.8s remaining=306
    iter=1695 E=-2.1662434383 nfev=1698 t=3497.7s remaining=305
    iter=1696 E=-2.1662434916 nfev=1699 t=3499.7s remaining=304
    iter=1697 E=-2.1662435345 nfev=1700 t=3501.6s remaining=303
    iter=1698 E=-2.1662435681 nfev=1701 t=3503.4s remaining=302
    iter=1699 E=-2.1662436029 nfev=1702 t=3505.2s remaining=301
    iter=1700 E=-2.1662436368 nfev=1703 t=3507.1s remaining=300
    iter=1701 E=-2.1662436741 nfev=1704 t=3509.2s remaining=299
    iter=1702 E=-2.1662437160 nfev=1705 t=3511.0s remaining=298
    iter=1703 E=-2.1662437692 nfev=1706 t=3512.8s remaining=297
    iter=1704 E=-2.1662438526 nfev=1707 t=3514.7s remaining=296
    iter=1705 E=-2.1662439795 nfev=1708 t=3516.5s remaining=295
    iter=1706 E=-2.1662441652 nfev=1709 t=3518.3s remaining=294
    iter=1707 E=-2.1662444304 nfev=1710 t=3520.3s remaining=293
    iter=1708 E=-2.1662447332 nfev=1711 t=3522.1s remaining=292
    iter=1709 E=-2.1662449838 nfev=1712 t=3523.9s remaining=291
    iter=1710 E=-2.1662451369 nfev=1713 t=3525.8s remaining=290
    iter=1711 E=-2.1662452550 nfev=1714 t=3527.6s remaining=289
    iter=1712 E=-2.1662453238 nfev=1715 t=3529.5s remaining=288
    iter=1713 E=-2.1662453654 nfev=1716 t=3531.6s remaining=287
    iter=1714 E=-2.1662453918 nfev=1717 t=3533.5s remaining=286
    iter=1715 E=-2.1662454109 nfev=1718 t=3535.4s remaining=285
    iter=1716 E=-2.1662454336 nfev=1719 t=3537.3s remaining=284
    iter=1717 E=-2.1662454595 nfev=1720 t=3539.1s remaining=283
    iter=1718 E=-2.1662454971 nfev=1721 t=3541.0s remaining=282
    iter=1719 E=-2.1662455591 nfev=1722 t=3543.5s remaining=281
    iter=1720 E=-2.1662456602 nfev=1723 t=3545.9s remaining=280
    iter=1721 E=-2.1662458183 nfev=1724 t=3548.3s remaining=279
    iter=1722 E=-2.1662460306 nfev=1725 t=3550.7s remaining=278
    iter=1723 E=-2.1662462588 nfev=1726 t=3553.1s remaining=277
    iter=1724 E=-2.1662464942 nfev=1727 t=3555.5s remaining=276
    iter=1725 E=-2.1662467989 nfev=1728 t=3557.9s remaining=275
    iter=1726 E=-2.1662470357 nfev=1729 t=3560.2s remaining=274
    iter=1727 E=-2.1662472142 nfev=1730 t=3562.6s remaining=273
    iter=1728 E=-2.1662473272 nfev=1731 t=3564.7s remaining=272
    iter=1729 E=-2.1662474229 nfev=1732 t=3567.2s remaining=271
    iter=1730 E=-2.1662474823 nfev=1733 t=3569.4s remaining=270
    iter=1731 E=-2.1662475167 nfev=1734 t=3571.3s remaining=269
    iter=1732 E=-2.1662475448 nfev=1735 t=3573.3s remaining=268
    iter=1733 E=-2.1662475735 nfev=1736 t=3575.8s remaining=267
    iter=1734 E=-2.1662475952 nfev=1737 t=3578.1s remaining=266
    iter=1735 E=-2.1662476310 nfev=1738 t=3580.6s remaining=265
    iter=1736 E=-2.1662476913 nfev=1739 t=3583.0s remaining=264
    iter=1737 E=-2.1662477877 nfev=1740 t=3585.2s remaining=263
    iter=1738 E=-2.1662479264 nfev=1741 t=3587.1s remaining=262
    iter=1739 E=-2.1662480990 nfev=1742 t=3588.9s remaining=261
    iter=1740 E=-2.1662483295 nfev=1743 t=3590.8s remaining=260
    iter=1741 E=-2.1662486459 nfev=1744 t=3592.9s remaining=259
    iter=1742 E=-2.1662489022 nfev=1745 t=3594.8s remaining=258
    iter=1743 E=-2.1662490430 nfev=1746 t=3596.7s remaining=257
    iter=1744 E=-2.1662491403 nfev=1747 t=3598.9s remaining=256
    iter=1745 E=-2.1662492016 nfev=1748 t=3600.9s remaining=255
    iter=1746 E=-2.1662492246 nfev=1749 t=3603.1s remaining=254
    iter=1747 E=-2.1662492447 nfev=1750 t=3605.4s remaining=253
    iter=1748 E=-2.1662492623 nfev=1751 t=3607.8s remaining=252
    iter=1749 E=-2.1662492869 nfev=1752 t=3609.7s remaining=251
    iter=1750 E=-2.1662493193 nfev=1753 t=3611.8s remaining=250
    iter=1751 E=-2.1662493644 nfev=1754 t=3613.8s remaining=249
    iter=1752 E=-2.1662494415 nfev=1755 t=3615.8s remaining=248
    iter=1753 E=-2.1662495660 nfev=1756 t=3618.2s remaining=247
    iter=1754 E=-2.1662497383 nfev=1757 t=3620.2s remaining=246
    iter=1755 E=-2.1662498842 nfev=1758 t=3622.2s remaining=245
    iter=1756 E=-2.1662500831 nfev=1759 t=3624.1s remaining=244
    iter=1757 E=-2.1662502878 nfev=1760 t=3626.0s remaining=243
    iter=1758 E=-2.1662504469 nfev=1761 t=3627.9s remaining=242
    iter=1759 E=-2.1662505623 nfev=1762 t=3629.8s remaining=241
    iter=1760 E=-2.1662506761 nfev=1763 t=3631.7s remaining=240
    iter=1761 E=-2.1662507846 nfev=1764 t=3633.6s remaining=239
    iter=1762 E=-2.1662508478 nfev=1765 t=3635.5s remaining=238
    iter=1763 E=-2.1662509087 nfev=1766 t=3637.3s remaining=237
    iter=1764 E=-2.1662509628 nfev=1767 t=3639.3s remaining=236
    iter=1765 E=-2.1662509946 nfev=1768 t=3641.2s remaining=235
    iter=1766 E=-2.1662510262 nfev=1769 t=3643.1s remaining=234
    iter=1767 E=-2.1662510567 nfev=1770 t=3645.0s remaining=233
    iter=1768 E=-2.1662510825 nfev=1771 t=3647.0s remaining=232
    iter=1769 E=-2.1662511168 nfev=1772 t=3648.9s remaining=231
    iter=1770 E=-2.1662511528 nfev=1773 t=3650.8s remaining=230
    iter=1771 E=-2.1662511931 nfev=1774 t=3652.7s remaining=229
    iter=1772 E=-2.1662512553 nfev=1775 t=3654.6s remaining=228
    iter=1773 E=-2.1662513554 nfev=1776 t=3656.5s remaining=227
    iter=1774 E=-2.1662515169 nfev=1777 t=3658.4s remaining=226
    iter=1775 E=-2.1662517618 nfev=1778 t=3660.6s remaining=225
    iter=1776 E=-2.1662520298 nfev=1779 t=3662.5s remaining=224
    iter=1777 E=-2.1662523105 nfev=1780 t=3664.7s remaining=223
    iter=1778 E=-2.1662525730 nfev=1781 t=3667.1s remaining=222
    iter=1779 E=-2.1662527869 nfev=1782 t=3669.3s remaining=221
    iter=1780 E=-2.1662529456 nfev=1783 t=3671.3s remaining=220
    iter=1781 E=-2.1662530424 nfev=1784 t=3673.1s remaining=219
    iter=1782 E=-2.1662530859 nfev=1785 t=3675.0s remaining=218
    iter=1783 E=-2.1662531207 nfev=1786 t=3677.4s remaining=217
    iter=1784 E=-2.1662531467 nfev=1787 t=3679.3s remaining=216
    iter=1785 E=-2.1662531782 nfev=1788 t=3681.2s remaining=215
    iter=1786 E=-2.1662532157 nfev=1789 t=3683.0s remaining=214
    iter=1787 E=-2.1662532677 nfev=1790 t=3685.2s remaining=213
    iter=1788 E=-2.1662533485 nfev=1791 t=3687.2s remaining=212
    iter=1789 E=-2.1662534713 nfev=1792 t=3689.1s remaining=211
    iter=1790 E=-2.1662536407 nfev=1793 t=3691.0s remaining=210
    iter=1791 E=-2.1662538595 nfev=1794 t=3692.8s remaining=209
    iter=1792 E=-2.1662541229 nfev=1795 t=3694.9s remaining=208
    iter=1793 E=-2.1662544102 nfev=1796 t=3696.9s remaining=207
    iter=1794 E=-2.1662546441 nfev=1797 t=3698.8s remaining=206
    iter=1795 E=-2.1662547936 nfev=1798 t=3700.6s remaining=205
    iter=1796 E=-2.1662549134 nfev=1799 t=3702.6s remaining=204
    iter=1797 E=-2.1662550028 nfev=1800 t=3704.4s remaining=203
    iter=1798 E=-2.1662550451 nfev=1801 t=3706.4s remaining=202
    iter=1799 E=-2.1662550755 nfev=1802 t=3708.2s remaining=201
    iter=1800 E=-2.1662550998 nfev=1803 t=3710.1s remaining=200
    iter=1801 E=-2.1662551252 nfev=1804 t=3712.0s remaining=199
    iter=1802 E=-2.1662551623 nfev=1805 t=3713.9s remaining=198
    iter=1803 E=-2.1662552173 nfev=1806 t=3715.8s remaining=197
    iter=1804 E=-2.1662552986 nfev=1807 t=3717.8s remaining=196
    iter=1805 E=-2.1662554014 nfev=1808 t=3719.8s remaining=195
    iter=1806 E=-2.1662555201 nfev=1809 t=3722.3s remaining=194
    iter=1807 E=-2.1662556846 nfev=1810 t=3724.9s remaining=193
    iter=1808 E=-2.1662558897 nfev=1811 t=3727.1s remaining=192
    iter=1809 E=-2.1662560987 nfev=1812 t=3729.2s remaining=191
    iter=1810 E=-2.1662562894 nfev=1813 t=3731.5s remaining=190
    iter=1811 E=-2.1662564639 nfev=1814 t=3733.4s remaining=189
    iter=1812 E=-2.1662565952 nfev=1815 t=3735.4s remaining=188
    iter=1813 E=-2.1662566742 nfev=1816 t=3737.7s remaining=187
    iter=1814 E=-2.1662567328 nfev=1817 t=3739.7s remaining=186
    iter=1815 E=-2.1662567746 nfev=1818 t=3741.7s remaining=185
    iter=1816 E=-2.1662568044 nfev=1819 t=3743.6s remaining=184
    iter=1817 E=-2.1662568290 nfev=1820 t=3745.4s remaining=183
    iter=1818 E=-2.1662568561 nfev=1821 t=3747.3s remaining=182
    iter=1819 E=-2.1662568869 nfev=1822 t=3749.2s remaining=181
    iter=1820 E=-2.1662569247 nfev=1823 t=3751.1s remaining=180
    iter=1821 E=-2.1662569809 nfev=1824 t=3753.6s remaining=179
    iter=1822 E=-2.1662570676 nfev=1825 t=3756.0s remaining=178
    iter=1823 E=-2.1662571949 nfev=1826 t=3758.5s remaining=177
    iter=1824 E=-2.1662573767 nfev=1827 t=3760.8s remaining=176
    iter=1825 E=-2.1662576189 nfev=1828 t=3762.7s remaining=175
    iter=1826 E=-2.1662578621 nfev=1829 t=3764.7s remaining=174
    iter=1827 E=-2.1662580385 nfev=1830 t=3766.9s remaining=173
    iter=1828 E=-2.1662581793 nfev=1831 t=3769.4s remaining=172
    iter=1829 E=-2.1662582795 nfev=1832 t=3771.6s remaining=171
    iter=1830 E=-2.1662583388 nfev=1833 t=3773.5s remaining=170
    iter=1831 E=-2.1662583886 nfev=1834 t=3775.4s remaining=169
    iter=1832 E=-2.1662584207 nfev=1835 t=3777.2s remaining=168
    iter=1833 E=-2.1662584433 nfev=1836 t=3779.2s remaining=167
    iter=1834 E=-2.1662584709 nfev=1837 t=3781.2s remaining=166
    iter=1835 E=-2.1662584918 nfev=1838 t=3783.6s remaining=165
    iter=1836 E=-2.1662585224 nfev=1839 t=3785.8s remaining=164
    iter=1837 E=-2.1662585658 nfev=1840 t=3787.6s remaining=163
    iter=1838 E=-2.1662586220 nfev=1841 t=3789.5s remaining=162
    iter=1839 E=-2.1662586986 nfev=1842 t=3791.4s remaining=161
    iter=1840 E=-2.1662588148 nfev=1843 t=3793.4s remaining=160
    iter=1841 E=-2.1662589935 nfev=1844 t=3795.3s remaining=159
    iter=1842 E=-2.1662592499 nfev=1845 t=3797.1s remaining=158
    iter=1843 E=-2.1662595149 nfev=1846 t=3798.9s remaining=157
    iter=1844 E=-2.1662598244 nfev=1847 t=3800.8s remaining=156
    iter=1845 E=-2.1662601215 nfev=1848 t=3802.7s remaining=155
    iter=1846 E=-2.1662603532 nfev=1849 t=3804.6s remaining=154
    iter=1847 E=-2.1662605523 nfev=1850 t=3806.5s remaining=153
    iter=1848 E=-2.1662607046 nfev=1851 t=3808.5s remaining=152
    iter=1849 E=-2.1662608143 nfev=1852 t=3810.3s remaining=151
    iter=1850 E=-2.1662609085 nfev=1853 t=3812.2s remaining=150
    iter=1851 E=-2.1662609766 nfev=1854 t=3814.0s remaining=149
    iter=1852 E=-2.1662610290 nfev=1855 t=3816.2s remaining=148
    iter=1853 E=-2.1662610723 nfev=1856 t=3818.1s remaining=147
    iter=1854 E=-2.1662611102 nfev=1857 t=3820.0s remaining=146
    iter=1855 E=-2.1662611478 nfev=1858 t=3821.9s remaining=145
    iter=1856 E=-2.1662611982 nfev=1859 t=3823.9s remaining=144
    iter=1857 E=-2.1662612506 nfev=1860 t=3825.7s remaining=143
    iter=1858 E=-2.1662613120 nfev=1861 t=3827.7s remaining=142
    iter=1859 E=-2.1662613791 nfev=1862 t=3829.6s remaining=141
    iter=1860 E=-2.1662614614 nfev=1863 t=3831.7s remaining=140
    iter=1861 E=-2.1662615807 nfev=1864 t=3834.1s remaining=139
    iter=1862 E=-2.1662617212 nfev=1865 t=3836.5s remaining=138
    iter=1863 E=-2.1662618865 nfev=1866 t=3838.6s remaining=137
    iter=1864 E=-2.1662621009 nfev=1867 t=3840.6s remaining=136
    iter=1865 E=-2.1662622725 nfev=1868 t=3842.4s remaining=135
    iter=1866 E=-2.1662624098 nfev=1869 t=3844.3s remaining=134
    iter=1867 E=-2.1662625188 nfev=1870 t=3846.2s remaining=133
    iter=1868 E=-2.1662625975 nfev=1871 t=3848.1s remaining=132
    iter=1869 E=-2.1662626437 nfev=1872 t=3850.0s remaining=131
    iter=1870 E=-2.1662626765 nfev=1873 t=3852.3s remaining=130
    iter=1871 E=-2.1662626956 nfev=1874 t=3854.6s remaining=129
    iter=1872 E=-2.1662627104 nfev=1875 t=3857.1s remaining=128
    iter=1873 E=-2.1662627271 nfev=1876 t=3858.9s remaining=127
    iter=1874 E=-2.1662627506 nfev=1877 t=3860.9s remaining=126
    iter=1875 E=-2.1662627852 nfev=1878 t=3862.8s remaining=125
    iter=1876 E=-2.1662628349 nfev=1879 t=3864.9s remaining=124
    iter=1877 E=-2.1662629009 nfev=1880 t=3867.2s remaining=123
    iter=1878 E=-2.1662629872 nfev=1881 t=3869.0s remaining=122
    iter=1879 E=-2.1662631142 nfev=1882 t=3870.9s remaining=121
    iter=1880 E=-2.1662632981 nfev=1883 t=3873.3s remaining=120
    iter=1881 E=-2.1662635334 nfev=1884 t=3875.5s remaining=119
    iter=1882 E=-2.1662637337 nfev=1885 t=3877.5s remaining=118
    iter=1883 E=-2.1662639440 nfev=1886 t=3879.3s remaining=117
    iter=1884 E=-2.1662640892 nfev=1887 t=3881.2s remaining=116
    iter=1885 E=-2.1662641720 nfev=1888 t=3883.0s remaining=115
    iter=1886 E=-2.1662642141 nfev=1889 t=3884.9s remaining=114
    iter=1887 E=-2.1662642584 nfev=1890 t=3886.8s remaining=113
    iter=1888 E=-2.1662642907 nfev=1891 t=3888.7s remaining=112
    iter=1889 E=-2.1662643205 nfev=1892 t=3890.5s remaining=111
    iter=1890 E=-2.1662643471 nfev=1893 t=3892.5s remaining=110
    iter=1891 E=-2.1662643772 nfev=1894 t=3894.4s remaining=109
    iter=1892 E=-2.1662644151 nfev=1895 t=3896.2s remaining=108
    iter=1893 E=-2.1662644690 nfev=1896 t=3898.1s remaining=107
    iter=1894 E=-2.1662645496 nfev=1897 t=3900.0s remaining=106
    iter=1895 E=-2.1662646673 nfev=1898 t=3902.0s remaining=105
    iter=1896 E=-2.1662648277 nfev=1899 t=3903.8s remaining=104
    iter=1897 E=-2.1662650388 nfev=1900 t=3905.7s remaining=103
    iter=1898 E=-2.1662652873 nfev=1901 t=3907.6s remaining=102
    iter=1899 E=-2.1662655099 nfev=1902 t=3909.5s remaining=101
    iter=1900 E=-2.1662656996 nfev=1903 t=3911.6s remaining=100
    iter=1901 E=-2.1662658270 nfev=1904 t=3913.9s remaining=99
    iter=1902 E=-2.1662659203 nfev=1905 t=3915.9s remaining=98
    iter=1903 E=-2.1662659841 nfev=1906 t=3918.3s remaining=97
    iter=1904 E=-2.1662660247 nfev=1907 t=3920.6s remaining=96
    iter=1905 E=-2.1662660574 nfev=1908 t=3923.0s remaining=95
    iter=1906 E=-2.1662660895 nfev=1909 t=3925.1s remaining=94
    iter=1907 E=-2.1662661134 nfev=1910 t=3927.0s remaining=93
    iter=1908 E=-2.1662661378 nfev=1911 t=3928.8s remaining=92
    iter=1909 E=-2.1662661689 nfev=1912 t=3930.8s remaining=91
    iter=1910 E=-2.1662662080 nfev=1913 t=3932.6s remaining=90
    iter=1911 E=-2.1662662666 nfev=1914 t=3934.5s remaining=89
    iter=1912 E=-2.1662663522 nfev=1915 t=3936.4s remaining=88
    iter=1913 E=-2.1662664800 nfev=1916 t=3938.3s remaining=87
    iter=1914 E=-2.1662666612 nfev=1917 t=3940.2s remaining=86
    iter=1915 E=-2.1662668989 nfev=1918 t=3942.1s remaining=85
    iter=1916 E=-2.1662671236 nfev=1919 t=3944.1s remaining=84
    iter=1917 E=-2.1662673183 nfev=1920 t=3946.1s remaining=83
    iter=1918 E=-2.1662674340 nfev=1921 t=3948.2s remaining=82
    iter=1919 E=-2.1662675025 nfev=1922 t=3950.3s remaining=81
    iter=1920 E=-2.1662675586 nfev=1923 t=3952.2s remaining=80
    iter=1921 E=-2.1662676071 nfev=1924 t=3954.0s remaining=79
    iter=1922 E=-2.1662676346 nfev=1925 t=3955.9s remaining=78
    iter=1923 E=-2.1662676544 nfev=1926 t=3957.7s remaining=77
    iter=1924 E=-2.1662676710 nfev=1927 t=3959.5s remaining=76
    iter=1925 E=-2.1662676861 nfev=1928 t=3961.4s remaining=75
    iter=1926 E=-2.1662677080 nfev=1929 t=3963.2s remaining=74
    iter=1927 E=-2.1662677415 nfev=1930 t=3965.2s remaining=73
    iter=1928 E=-2.1662677839 nfev=1931 t=3967.2s remaining=72
    iter=1929 E=-2.1662678336 nfev=1932 t=3969.1s remaining=71
    iter=1930 E=-2.1662679067 nfev=1933 t=3971.0s remaining=70
    iter=1931 E=-2.1662680093 nfev=1934 t=3972.9s remaining=69
    iter=1932 E=-2.1662681272 nfev=1935 t=3974.9s remaining=68
    iter=1933 E=-2.1662682477 nfev=1936 t=3977.1s remaining=67
    iter=1934 E=-2.1662684068 nfev=1937 t=3979.4s remaining=66
    iter=1935 E=-2.1662686011 nfev=1938 t=3981.3s remaining=65
    iter=1936 E=-2.1662687288 nfev=1939 t=3983.4s remaining=64
    iter=1937 E=-2.1662688218 nfev=1940 t=3985.7s remaining=63
    iter=1938 E=-2.1662688819 nfev=1941 t=3987.6s remaining=62
    iter=1939 E=-2.1662689082 nfev=1942 t=3989.5s remaining=61
    iter=1940 E=-2.1662689257 nfev=1943 t=3991.4s remaining=60
    iter=1941 E=-2.1662689388 nfev=1944 t=3993.5s remaining=59
    iter=1942 E=-2.1662689514 nfev=1945 t=3995.6s remaining=58
    iter=1943 E=-2.1662689653 nfev=1946 t=3997.5s remaining=57
    iter=1944 E=-2.1662689830 nfev=1947 t=3999.4s remaining=56
    iter=1945 E=-2.1662690082 nfev=1948 t=4001.5s remaining=55
    iter=1946 E=-2.1662690456 nfev=1949 t=4003.6s remaining=54
    iter=1947 E=-2.1662691023 nfev=1950 t=4005.6s remaining=53
    iter=1948 E=-2.1662691887 nfev=1951 t=4007.5s remaining=52
    iter=1949 E=-2.1662693152 nfev=1952 t=4009.2s remaining=51
    iter=1950 E=-2.1662694649 nfev=1953 t=4011.1s remaining=50
    iter=1951 E=-2.1662696175 nfev=1954 t=4013.0s remaining=49
    iter=1952 E=-2.1662697571 nfev=1955 t=4014.8s remaining=48
    iter=1953 E=-2.1662698743 nfev=1956 t=4016.8s remaining=47
    iter=1954 E=-2.1662699523 nfev=1957 t=4018.7s remaining=46
    iter=1955 E=-2.1662700270 nfev=1958 t=4020.6s remaining=45
    iter=1956 E=-2.1662700811 nfev=1959 t=4022.5s remaining=44
    iter=1957 E=-2.1662701067 nfev=1960 t=4024.4s remaining=43
    iter=1958 E=-2.1662701292 nfev=1961 t=4026.3s remaining=42
    iter=1959 E=-2.1662701457 nfev=1962 t=4028.2s remaining=41
    iter=1960 E=-2.1662701574 nfev=1963 t=4030.2s remaining=40
    iter=1961 E=-2.1662701694 nfev=1964 t=4032.2s remaining=39
    iter=1962 E=-2.1662701866 nfev=1965 t=4034.2s remaining=38
    iter=1963 E=-2.1662702097 nfev=1966 t=4036.2s remaining=37
    iter=1964 E=-2.1662702396 nfev=1967 t=4038.1s remaining=36
    iter=1965 E=-2.1662702798 nfev=1968 t=4040.0s remaining=35
    iter=1966 E=-2.1662703413 nfev=1969 t=4042.2s remaining=34
    iter=1967 E=-2.1662704317 nfev=1970 t=4044.1s remaining=33
    iter=1968 E=-2.1662705647 nfev=1971 t=4046.0s remaining=32
    iter=1969 E=-2.1662707330 nfev=1972 t=4047.9s remaining=31
    iter=1970 E=-2.1662709073 nfev=1973 t=4049.8s remaining=30
    iter=1971 E=-2.1662710783 nfev=1974 t=4051.7s remaining=29
    iter=1972 E=-2.1662711769 nfev=1975 t=4053.6s remaining=28
    iter=1973 E=-2.1662712227 nfev=1976 t=4055.4s remaining=27
    iter=1974 E=-2.1662712525 nfev=1977 t=4057.3s remaining=26
    iter=1975 E=-2.1662712764 nfev=1978 t=4059.2s remaining=25
    iter=1976 E=-2.1662712915 nfev=1979 t=4061.1s remaining=24
    iter=1977 E=-2.1662713105 nfev=1980 t=4063.0s remaining=23
    iter=1978 E=-2.1662713340 nfev=1981 t=4064.9s remaining=22
    iter=1979 E=-2.1662713544 nfev=1982 t=4066.9s remaining=21
    iter=1980 E=-2.1662713806 nfev=1983 t=4069.0s remaining=20
    iter=1981 E=-2.1662714200 nfev=1984 t=4071.0s remaining=19
    iter=1982 E=-2.1662714650 nfev=1985 t=4073.0s remaining=18
    iter=1983 E=-2.1662715217 nfev=1986 t=4075.0s remaining=17
    iter=1984 E=-2.1662715962 nfev=1987 t=4076.8s remaining=16
    iter=1985 E=-2.1662716970 nfev=1988 t=4078.8s remaining=15
    iter=1986 E=-2.1662718308 nfev=1989 t=4080.6s remaining=14
    iter=1987 E=-2.1662720095 nfev=1990 t=4082.5s remaining=13
    iter=1988 E=-2.1662721946 nfev=1991 t=4084.4s remaining=12
    iter=1989 E=-2.1662723445 nfev=1992 t=4086.3s remaining=11
    iter=1990 E=-2.1662724399 nfev=1993 t=4088.2s remaining=10
    iter=1991 E=-2.1662725090 nfev=1994 t=4090.1s remaining=9
    iter=1992 E=-2.1662725488 nfev=1995 t=4092.0s remaining=8
    iter=1993 E=-2.1662725801 nfev=1996 t=4093.9s remaining=7
    iter=1994 E=-2.1662725994 nfev=1997 t=4095.7s remaining=6
    iter=1995 E=-2.1662726181 nfev=1998 t=4098.1s remaining=5
    iter=1996 E=-2.1662726363 nfev=1999 t=4100.6s remaining=4
    iter=1997 E=-2.1662726627 nfev=2000 t=4102.9s remaining=3
    iter=1998 E=-2.1662726987 nfev=2001 t=4105.3s remaining=2
    iter=1999 E=-2.1662727476 nfev=2002 t=4107.7s remaining=1
    iter=2000 E=-2.1662728130 nfev=2003 t=4110.0s remaining=0
    iter=2000 E=-2.1662728130 nfev=2003 t=4110.0s remaining=0
    seed=0 E=-2.1662728130 dE=+1.146e-04 nit=2000 ok=False t=4110.0s
  r=1.00  L=11  npar=470   E=-2.1662728130  |E-FCI|=1.146e-04  FCI=no   chem=yes

=== summary (best seed per layer) ===
  bond   L ansatz                 npar              E     |E-FCI|  FCI? chem?
  1.00  11 (ECD+SNAP)^11 + ECD     470  -2.1662728130   1.146e-04    no   yes

wrote data/results/h4_hybrid_L11_nobs_r0100.json
