self-check ok (nfock=4, use_bs=False, worst FD rel err 0.00e+00)
per-iter log: /workspace/qumode_chem/data/results/h4_hybrid_L8_nobs_r088_iters.jsonl
live snapshot: /workspace/qumode_chem/data/results/h4_hybrid_L8_nobs_r088_live.json

=== build H4 JWT Hamiltonian at R=0.88 Å ===
=== r=0.88 Å equilibrium  FCI(pyscf)=-2.1804101685  eig=-2.1804101685  paper_fci=-2.18041017  paper_SNAP_D20=-2.1804101724879494 ===
-- r=0.88  (ECD+SNAP)^8 + ECD   npar=344 --
    iter=1 E=-0.0113183412 nfev=2 t=41.5s remaining=1999
    iter=2 E=-0.1112239415 nfev=3 t=50.6s remaining=1998
    iter=3 E=-0.2107404145 nfev=4 t=61.1s remaining=1997
    iter=4 E=-0.2607361594 nfev=5 t=74.2s remaining=1996
    iter=5 E=-0.3453260343 nfev=6 t=83.3s remaining=1995
    iter=6 E=-0.4919292151 nfev=7 t=95.5s remaining=1994
    iter=7 E=-0.5965868014 nfev=8 t=110.4s remaining=1993
    iter=8 E=-0.6602868521 nfev=9 t=122.4s remaining=1992
    iter=9 E=-0.7351436387 nfev=10 t=131.3s remaining=1991
    iter=10 E=-0.8264968475 nfev=11 t=143.8s remaining=1990
    iter=11 E=-0.8965780907 nfev=12 t=149.6s remaining=1989
    iter=12 E=-0.9953264173 nfev=13 t=160.4s remaining=1988
    iter=13 E=-1.0926235555 nfev=14 t=172.4s remaining=1987
    iter=14 E=-1.1674572017 nfev=15 t=184.2s remaining=1986
    iter=15 E=-1.2396346980 nfev=16 t=198.7s remaining=1985
    iter=16 E=-1.3259404540 nfev=17 t=207.5s remaining=1984
    iter=17 E=-1.4102966662 nfev=18 t=211.2s remaining=1983
    iter=18 E=-1.5348546235 nfev=19 t=219.1s remaining=1982
    iter=19 E=-1.5900994940 nfev=21 t=242.0s remaining=1981
    iter=20 E=-1.6675387163 nfev=22 t=258.0s remaining=1980
    iter=21 E=-1.7590404717 nfev=23 t=268.8s remaining=1979
    iter=22 E=-1.8135950115 nfev=24 t=276.7s remaining=1978
    iter=23 E=-1.8507318965 nfev=25 t=291.8s remaining=1977
    iter=24 E=-1.9040949673 nfev=26 t=302.5s remaining=1976
    iter=25 E=-1.9592769142 nfev=27 t=313.0s remaining=1975
    iter=26 E=-2.0064079046 nfev=28 t=324.0s remaining=1974
    iter=27 E=-2.0298868069 nfev=30 t=344.6s remaining=1973
    iter=28 E=-2.0617725226 nfev=31 t=356.4s remaining=1972
    iter=29 E=-2.0842658938 nfev=32 t=365.4s remaining=1971
    iter=30 E=-2.1004734855 nfev=33 t=376.1s remaining=1970
    iter=31 E=-2.1046044528 nfev=34 t=388.8s remaining=1969
    iter=32 E=-2.1116900704 nfev=35 t=399.7s remaining=1968
    iter=33 E=-2.1202641258 nfev=36 t=411.5s remaining=1967
    iter=34 E=-2.1304782871 nfev=37 t=426.5s remaining=1966
    iter=35 E=-2.1340704102 nfev=39 t=449.8s remaining=1965
    iter=36 E=-2.1366786520 nfev=40 t=460.8s remaining=1964
    iter=37 E=-2.1370568577 nfev=41 t=470.9s remaining=1963
    iter=38 E=-2.1377779200 nfev=42 t=478.8s remaining=1962
    iter=39 E=-2.1391475976 nfev=43 t=491.4s remaining=1961
    iter=40 E=-2.1415168433 nfev=44 t=501.3s remaining=1960
    iter=41 E=-2.1449362551 nfev=45 t=516.2s remaining=1959
    iter=42 E=-2.1459269254 nfev=46 t=525.8s remaining=1958
    iter=43 E=-2.1475187125 nfev=47 t=535.9s remaining=1957
    iter=44 E=-2.1494754283 nfev=48 t=546.6s remaining=1956
    iter=45 E=-2.1499455322 nfev=49 t=557.7s remaining=1955
    iter=46 E=-2.1505245558 nfev=50 t=564.8s remaining=1954
    iter=47 E=-2.1508460531 nfev=51 t=574.4s remaining=1953
    iter=48 E=-2.1512855624 nfev=52 t=586.1s remaining=1952
    iter=49 E=-2.1516090897 nfev=53 t=596.2s remaining=1951
    iter=50 E=-2.1517091977 nfev=54 t=612.2s remaining=1950
    iter=51 E=-2.1518677240 nfev=55 t=622.5s remaining=1949
    iter=52 E=-2.1520555340 nfev=56 t=631.8s remaining=1948
    iter=53 E=-2.1522064734 nfev=57 t=643.0s remaining=1947
    iter=54 E=-2.1523235695 nfev=58 t=655.1s remaining=1946
    iter=55 E=-2.1524622597 nfev=59 t=667.3s remaining=1945
    iter=56 E=-2.1525510238 nfev=60 t=684.8s remaining=1944
    iter=57 E=-2.1526972051 nfev=61 t=696.7s remaining=1943
    iter=58 E=-2.1529275662 nfev=62 t=710.4s remaining=1942
    iter=59 E=-2.1531891132 nfev=63 t=723.6s remaining=1941
    iter=60 E=-2.1533785529 nfev=64 t=732.6s remaining=1940
    iter=61 E=-2.1536845854 nfev=65 t=744.1s remaining=1939
    iter=62 E=-2.1541219142 nfev=66 t=754.0s remaining=1938
    iter=63 E=-2.1544585189 nfev=67 t=765.7s remaining=1937
    iter=64 E=-2.1546801064 nfev=68 t=775.1s remaining=1936
    iter=65 E=-2.1550022237 nfev=69 t=787.4s remaining=1935
    iter=66 E=-2.1553628422 nfev=70 t=798.0s remaining=1934
    iter=67 E=-2.1556961143 nfev=71 t=807.9s remaining=1933
    iter=68 E=-2.1559982806 nfev=72 t=818.7s remaining=1932
    iter=69 E=-2.1562652846 nfev=73 t=828.5s remaining=1931
    iter=70 E=-2.1565057524 nfev=74 t=839.2s remaining=1930
    iter=71 E=-2.1567820739 nfev=75 t=851.6s remaining=1929
    iter=72 E=-2.1570687770 nfev=76 t=862.4s remaining=1928
    iter=73 E=-2.1573981351 nfev=77 t=872.0s remaining=1927
    iter=74 E=-2.1576253933 nfev=78 t=882.9s remaining=1926
    iter=75 E=-2.1578425117 nfev=79 t=894.1s remaining=1925
    iter=76 E=-2.1580724727 nfev=80 t=906.9s remaining=1924
    iter=77 E=-2.1583320208 nfev=81 t=915.8s remaining=1923
    iter=78 E=-2.1586177681 nfev=82 t=935.2s remaining=1922
    iter=79 E=-2.1588499553 nfev=83 t=946.2s remaining=1921
    iter=80 E=-2.1591083599 nfev=84 t=957.9s remaining=1920
    iter=81 E=-2.1594404976 nfev=85 t=971.2s remaining=1919
    iter=82 E=-2.1597782532 nfev=86 t=976.7s remaining=1918
    iter=83 E=-2.1599905932 nfev=87 t=984.9s remaining=1917
    iter=84 E=-2.1601930161 nfev=88 t=995.6s remaining=1916
    iter=85 E=-2.1604090001 nfev=89 t=1006.5s remaining=1915
    iter=86 E=-2.1605955599 nfev=90 t=1016.0s remaining=1914
    iter=87 E=-2.1607845444 nfev=91 t=1028.4s remaining=1913
    iter=88 E=-2.1609849495 nfev=92 t=1040.5s remaining=1912
    iter=89 E=-2.1612117120 nfev=93 t=1051.7s remaining=1911
    iter=90 E=-2.1614038658 nfev=94 t=1064.6s remaining=1910
    iter=91 E=-2.1615644553 nfev=95 t=1077.0s remaining=1909
    iter=92 E=-2.1617435532 nfev=96 t=1089.0s remaining=1908
    iter=93 E=-2.1619264464 nfev=97 t=1105.0s remaining=1907
    iter=94 E=-2.1620900321 nfev=98 t=1117.4s remaining=1906
    iter=95 E=-2.1622029784 nfev=99 t=1129.1s remaining=1905
    iter=96 E=-2.1623297374 nfev=100 t=1146.0s remaining=1904
    iter=97 E=-2.1624451783 nfev=101 t=1158.5s remaining=1903
    iter=98 E=-2.1625576564 nfev=102 t=1171.3s remaining=1902
    iter=99 E=-2.1626795932 nfev=103 t=1183.7s remaining=1901
    iter=100 E=-2.1627907236 nfev=104 t=1197.1s remaining=1900
    iter=101 E=-2.1629273961 nfev=105 t=1209.0s remaining=1899
    iter=102 E=-2.1631180373 nfev=106 t=1220.7s remaining=1898
    iter=103 E=-2.1632859156 nfev=107 t=1231.8s remaining=1897
    iter=104 E=-2.1634100269 nfev=108 t=1240.9s remaining=1896
    iter=105 E=-2.1635331304 nfev=109 t=1252.8s remaining=1895
    iter=106 E=-2.1636651532 nfev=110 t=1263.8s remaining=1894
    iter=107 E=-2.1638184399 nfev=111 t=1274.6s remaining=1893
    iter=108 E=-2.1639851174 nfev=112 t=1285.5s remaining=1892
    iter=109 E=-2.1641302655 nfev=113 t=1296.0s remaining=1891
    iter=110 E=-2.1642754716 nfev=114 t=1305.4s remaining=1890
    iter=111 E=-2.1644198289 nfev=115 t=1317.4s remaining=1889
    iter=112 E=-2.1645617794 nfev=116 t=1329.3s remaining=1888
    iter=113 E=-2.1647128451 nfev=117 t=1337.3s remaining=1887
    iter=114 E=-2.1648915182 nfev=118 t=1352.0s remaining=1886
    iter=115 E=-2.1650544695 nfev=119 t=1359.8s remaining=1885
    iter=116 E=-2.1652125409 nfev=120 t=1370.8s remaining=1884
    iter=117 E=-2.1653420317 nfev=121 t=1381.3s remaining=1883
    iter=118 E=-2.1654234226 nfev=122 t=1391.5s remaining=1882
    iter=119 E=-2.1655524026 nfev=123 t=1401.3s remaining=1881
    iter=120 E=-2.1657371115 nfev=124 t=1410.5s remaining=1880
    iter=121 E=-2.1658877574 nfev=125 t=1417.9s remaining=1879
    iter=122 E=-2.1660069577 nfev=126 t=1426.1s remaining=1878
    iter=123 E=-2.1661679400 nfev=127 t=1434.9s remaining=1877
    iter=124 E=-2.1663614298 nfev=128 t=1445.4s remaining=1876
    iter=125 E=-2.1664997550 nfev=129 t=1456.8s remaining=1875
    iter=126 E=-2.1666388610 nfev=130 t=1467.1s remaining=1874
    iter=127 E=-2.1667614922 nfev=131 t=1481.2s remaining=1873
    iter=128 E=-2.1668880458 nfev=132 t=1489.7s remaining=1872
    iter=129 E=-2.1670267208 nfev=133 t=1501.0s remaining=1871
    iter=130 E=-2.1671618729 nfev=134 t=1514.6s remaining=1870
    iter=131 E=-2.1672942513 nfev=135 t=1525.0s remaining=1869
    iter=132 E=-2.1674372909 nfev=136 t=1538.3s remaining=1868
    iter=133 E=-2.1675983514 nfev=137 t=1548.2s remaining=1867
    iter=134 E=-2.1677901920 nfev=138 t=1561.6s remaining=1866
    iter=135 E=-2.1680015003 nfev=139 t=1571.5s remaining=1865
    iter=136 E=-2.1681808860 nfev=140 t=1584.2s remaining=1864
    iter=137 E=-2.1683911234 nfev=141 t=1596.2s remaining=1863
    iter=138 E=-2.1684820649 nfev=142 t=1609.1s remaining=1862
    iter=139 E=-2.1686134329 nfev=143 t=1619.0s remaining=1861
    iter=140 E=-2.1687119946 nfev=144 t=1629.6s remaining=1860
    iter=141 E=-2.1687816920 nfev=145 t=1642.1s remaining=1859
    iter=142 E=-2.1688744511 nfev=146 t=1654.9s remaining=1858
    iter=143 E=-2.1689863342 nfev=147 t=1669.1s remaining=1857
    iter=144 E=-2.1690555204 nfev=148 t=1678.3s remaining=1856
    iter=145 E=-2.1691299092 nfev=149 t=1690.9s remaining=1855
    iter=146 E=-2.1692129828 nfev=150 t=1701.8s remaining=1854
    iter=147 E=-2.1692884811 nfev=151 t=1709.2s remaining=1853
    iter=148 E=-2.1693802300 nfev=152 t=1725.2s remaining=1852
    iter=149 E=-2.1694730253 nfev=153 t=1737.6s remaining=1851
    iter=150 E=-2.1695606186 nfev=154 t=1748.3s remaining=1850
    iter=151 E=-2.1696478358 nfev=155 t=1788.5s remaining=1849
    iter=152 E=-2.1697328413 nfev=156 t=1800.6s remaining=1848
    iter=153 E=-2.1697929035 nfev=157 t=1813.5s remaining=1847
    iter=154 E=-2.1698402781 nfev=158 t=1823.1s remaining=1846
    iter=155 E=-2.1698854366 nfev=159 t=1831.5s remaining=1845
    iter=156 E=-2.1699436228 nfev=160 t=1840.9s remaining=1844
    iter=157 E=-2.1700070350 nfev=161 t=1851.0s remaining=1843
    iter=158 E=-2.1700862607 nfev=162 t=1863.7s remaining=1842
    iter=159 E=-2.1701645782 nfev=163 t=1877.8s remaining=1841
    iter=160 E=-2.1702317781 nfev=164 t=1888.8s remaining=1840
    iter=161 E=-2.1702875424 nfev=165 t=1899.1s remaining=1839
    iter=162 E=-2.1703385316 nfev=166 t=1909.0s remaining=1838
    iter=163 E=-2.1703892392 nfev=167 t=1921.3s remaining=1837
    iter=164 E=-2.1704502205 nfev=168 t=1933.5s remaining=1836
    iter=165 E=-2.1705210013 nfev=169 t=1944.5s remaining=1835
    iter=166 E=-2.1705869682 nfev=170 t=1956.9s remaining=1834
    iter=167 E=-2.1706384836 nfev=171 t=1969.4s remaining=1833
    iter=168 E=-2.1706821351 nfev=172 t=1985.6s remaining=1832
    iter=169 E=-2.1707252226 nfev=173 t=1996.4s remaining=1831
    iter=170 E=-2.1707649952 nfev=174 t=2004.9s remaining=1830
    iter=171 E=-2.1708004674 nfev=175 t=2014.0s remaining=1829
    iter=172 E=-2.1708431123 nfev=176 t=2025.1s remaining=1828
    iter=173 E=-2.1708886385 nfev=177 t=2032.7s remaining=1827
    iter=174 E=-2.1709321900 nfev=178 t=2045.1s remaining=1826
    iter=175 E=-2.1709775415 nfev=179 t=2055.7s remaining=1825
    iter=176 E=-2.1710317943 nfev=180 t=2066.3s remaining=1824
    iter=177 E=-2.1710966885 nfev=181 t=2076.3s remaining=1823
    iter=178 E=-2.1711585516 nfev=182 t=2088.3s remaining=1822
    iter=179 E=-2.1712227454 nfev=183 t=2101.1s remaining=1821
    iter=180 E=-2.1712809242 nfev=184 t=2115.4s remaining=1820
    iter=181 E=-2.1713401891 nfev=185 t=2126.2s remaining=1819
    iter=182 E=-2.1713946041 nfev=186 t=2139.2s remaining=1818
    iter=183 E=-2.1714434743 nfev=187 t=2148.2s remaining=1817
    iter=184 E=-2.1714904329 nfev=188 t=2160.2s remaining=1816
    iter=185 E=-2.1715374170 nfev=189 t=2169.7s remaining=1815
    iter=186 E=-2.1715800663 nfev=190 t=2181.5s remaining=1814
    iter=187 E=-2.1716120446 nfev=191 t=2193.2s remaining=1813
    iter=188 E=-2.1716538561 nfev=192 t=2204.9s remaining=1812
    iter=189 E=-2.1716940462 nfev=193 t=2215.4s remaining=1811
    iter=190 E=-2.1717360399 nfev=194 t=2227.0s remaining=1810
    iter=191 E=-2.1717791734 nfev=195 t=2238.2s remaining=1809
    iter=192 E=-2.1718261680 nfev=196 t=2245.8s remaining=1808
    iter=193 E=-2.1718760482 nfev=197 t=2260.0s remaining=1807
    iter=194 E=-2.1719296693 nfev=198 t=2270.4s remaining=1806
    iter=195 E=-2.1719884032 nfev=199 t=2279.0s remaining=1805
    iter=196 E=-2.1720498387 nfev=200 t=2289.3s remaining=1804
    iter=197 E=-2.1720959307 nfev=201 t=2300.3s remaining=1803
    iter=198 E=-2.1721600504 nfev=202 t=2310.6s remaining=1802
    iter=199 E=-2.1722138601 nfev=203 t=2322.5s remaining=1801
    iter=200 E=-2.1722631255 nfev=204 t=2333.9s remaining=1800
    iter=201 E=-2.1723075928 nfev=205 t=2348.8s remaining=1799
    iter=202 E=-2.1723522861 nfev=206 t=2359.0s remaining=1798
    iter=203 E=-2.1723905972 nfev=207 t=2367.2s remaining=1797
    iter=204 E=-2.1724412573 nfev=208 t=2378.4s remaining=1796
    iter=205 E=-2.1725061853 nfev=209 t=2389.2s remaining=1795
    iter=206 E=-2.1725613203 nfev=210 t=2399.5s remaining=1794
    iter=207 E=-2.1726130793 nfev=211 t=2410.8s remaining=1793
    iter=208 E=-2.1726617598 nfev=212 t=2421.5s remaining=1792
    iter=209 E=-2.1727037554 nfev=213 t=2432.9s remaining=1791
    iter=210 E=-2.1727479461 nfev=214 t=2442.2s remaining=1790
    iter=211 E=-2.1727974043 nfev=215 t=2450.8s remaining=1789
    iter=212 E=-2.1728448761 nfev=216 t=2457.2s remaining=1788
    iter=213 E=-2.1728943419 nfev=217 t=2470.7s remaining=1787
    iter=214 E=-2.1729574784 nfev=218 t=2478.2s remaining=1786
    iter=215 E=-2.1730116436 nfev=219 t=2493.0s remaining=1785
    iter=216 E=-2.1730597791 nfev=220 t=2502.4s remaining=1784
    iter=217 E=-2.1731096179 nfev=221 t=2512.2s remaining=1783
    iter=218 E=-2.1731606068 nfev=222 t=2524.0s remaining=1782
    iter=219 E=-2.1732106796 nfev=223 t=2539.5s remaining=1781
    iter=220 E=-2.1732536304 nfev=224 t=2553.0s remaining=1780
    iter=221 E=-2.1732906921 nfev=225 t=2562.1s remaining=1779
    iter=222 E=-2.1733332675 nfev=226 t=2573.9s remaining=1778
    iter=223 E=-2.1733751607 nfev=227 t=2578.6s remaining=1777
    iter=224 E=-2.1734049402 nfev=228 t=2588.7s remaining=1776
    iter=225 E=-2.1734279680 nfev=229 t=2595.8s remaining=1775
    iter=226 E=-2.1734529044 nfev=230 t=2608.0s remaining=1774
    iter=227 E=-2.1734790738 nfev=231 t=2617.8s remaining=1773
    iter=228 E=-2.1735153152 nfev=232 t=2633.0s remaining=1772
    iter=229 E=-2.1735618828 nfev=233 t=2647.6s remaining=1771
    iter=230 E=-2.1736049339 nfev=234 t=2658.9s remaining=1770
    iter=231 E=-2.1736436369 nfev=235 t=2669.0s remaining=1769
    iter=232 E=-2.1736730436 nfev=236 t=2678.8s remaining=1768
    iter=233 E=-2.1736967032 nfev=237 t=2691.8s remaining=1767
    iter=234 E=-2.1737232250 nfev=238 t=2703.0s remaining=1766
    iter=235 E=-2.1737558940 nfev=239 t=2712.3s remaining=1765
    iter=236 E=-2.1737956220 nfev=240 t=2725.8s remaining=1764
    iter=237 E=-2.1738443076 nfev=241 t=2737.4s remaining=1763
    iter=238 E=-2.1738857484 nfev=242 t=2752.4s remaining=1762
    iter=239 E=-2.1739164861 nfev=243 t=2762.8s remaining=1761
    iter=240 E=-2.1739443462 nfev=244 t=2770.4s remaining=1760
    iter=241 E=-2.1739739241 nfev=245 t=2778.9s remaining=1759
    iter=242 E=-2.1740044628 nfev=246 t=2791.6s remaining=1758
    iter=243 E=-2.1740241083 nfev=247 t=2798.1s remaining=1757
    iter=244 E=-2.1740449090 nfev=248 t=2802.9s remaining=1756
    iter=245 E=-2.1740669924 nfev=249 t=2815.4s remaining=1755
    iter=246 E=-2.1740911020 nfev=250 t=2823.5s remaining=1754
    iter=247 E=-2.1741179244 nfev=251 t=2831.2s remaining=1753
    iter=248 E=-2.1741459199 nfev=252 t=2844.4s remaining=1752
    iter=249 E=-2.1741768857 nfev=253 t=2857.3s remaining=1751
    iter=250 E=-2.1742106152 nfev=254 t=2868.7s remaining=1750
    iter=251 E=-2.1742444043 nfev=255 t=2880.8s remaining=1749
    iter=252 E=-2.1742754500 nfev=256 t=2889.4s remaining=1748
    iter=253 E=-2.1743129737 nfev=257 t=2899.8s remaining=1747
    iter=254 E=-2.1743450306 nfev=258 t=2906.6s remaining=1746
    iter=255 E=-2.1743740262 nfev=259 t=2917.3s remaining=1745
    iter=256 E=-2.1744095755 nfev=260 t=2930.5s remaining=1744
    iter=257 E=-2.1744512283 nfev=261 t=2943.4s remaining=1743
    iter=258 E=-2.1744846843 nfev=262 t=2948.1s remaining=1742
    iter=259 E=-2.1745140391 nfev=263 t=2956.9s remaining=1741
    iter=260 E=-2.1745408946 nfev=264 t=2967.9s remaining=1740
    iter=261 E=-2.1745672642 nfev=265 t=2978.2s remaining=1739
    iter=262 E=-2.1746011039 nfev=266 t=2989.4s remaining=1738
    iter=263 E=-2.1746463692 nfev=267 t=2999.6s remaining=1737
    iter=264 E=-2.1746776321 nfev=268 t=3012.1s remaining=1736
    iter=265 E=-2.1746999252 nfev=269 t=3021.7s remaining=1735
    iter=266 E=-2.1747293564 nfev=270 t=3033.9s remaining=1734
    iter=267 E=-2.1747664724 nfev=271 t=3046.6s remaining=1733
    iter=268 E=-2.1748006592 nfev=272 t=3056.7s remaining=1732
    iter=269 E=-2.1748401772 nfev=273 t=3063.5s remaining=1731
    iter=270 E=-2.1748653271 nfev=274 t=3072.7s remaining=1730
    iter=271 E=-2.1748900483 nfev=275 t=3084.9s remaining=1729
    iter=272 E=-2.1749164897 nfev=276 t=3096.9s remaining=1728
    iter=273 E=-2.1749480074 nfev=277 t=3107.2s remaining=1727
    iter=274 E=-2.1749856551 nfev=278 t=3120.1s remaining=1726
    iter=275 E=-2.1750114750 nfev=279 t=3132.1s remaining=1725
    iter=276 E=-2.1750344502 nfev=280 t=3139.8s remaining=1724
    iter=277 E=-2.1750605070 nfev=281 t=3152.0s remaining=1723
    iter=278 E=-2.1750913390 nfev=282 t=3162.2s remaining=1722
    iter=279 E=-2.1751159974 nfev=283 t=3177.9s remaining=1721
    iter=280 E=-2.1751502863 nfev=284 t=3189.0s remaining=1720
    iter=281 E=-2.1751866841 nfev=285 t=3203.0s remaining=1719
    iter=282 E=-2.1752170447 nfev=286 t=3213.6s remaining=1718
    iter=283 E=-2.1752461360 nfev=287 t=3226.4s remaining=1717
    iter=284 E=-2.1752767108 nfev=288 t=3238.9s remaining=1716
    iter=285 E=-2.1753060363 nfev=289 t=3250.8s remaining=1715
    iter=286 E=-2.1753370927 nfev=290 t=3262.5s remaining=1714
    iter=287 E=-2.1753702748 nfev=291 t=3271.8s remaining=1713
    iter=288 E=-2.1753976948 nfev=292 t=3281.3s remaining=1712
    iter=289 E=-2.1754292367 nfev=293 t=3291.7s remaining=1711
    iter=290 E=-2.1754675484 nfev=294 t=3306.1s remaining=1710
    iter=291 E=-2.1755007752 nfev=295 t=3316.5s remaining=1709
    iter=292 E=-2.1755380219 nfev=296 t=3332.2s remaining=1708
    iter=293 E=-2.1755731814 nfev=297 t=3344.7s remaining=1707
    iter=294 E=-2.1756011086 nfev=298 t=3354.8s remaining=1706
    iter=295 E=-2.1756343507 nfev=299 t=3368.3s remaining=1705
    iter=296 E=-2.1756729230 nfev=300 t=3382.3s remaining=1704
    iter=297 E=-2.1757003952 nfev=301 t=3398.0s remaining=1703
    iter=298 E=-2.1757292879 nfev=302 t=3406.9s remaining=1702
    iter=299 E=-2.1757657308 nfev=303 t=3415.9s remaining=1701
    iter=300 E=-2.1757927833 nfev=304 t=3426.6s remaining=1700
    iter=301 E=-2.1758200975 nfev=305 t=3437.0s remaining=1699
    iter=302 E=-2.1758455829 nfev=306 t=3446.0s remaining=1698
    iter=303 E=-2.1758706322 nfev=307 t=3458.9s remaining=1697
    iter=304 E=-2.1758986225 nfev=308 t=3473.9s remaining=1696
    iter=305 E=-2.1759303048 nfev=309 t=3480.7s remaining=1695
    iter=306 E=-2.1759512609 nfev=310 t=3492.4s remaining=1694
    iter=307 E=-2.1759829942 nfev=311 t=3503.3s remaining=1693
    iter=308 E=-2.1760292341 nfev=312 t=3513.2s remaining=1692
    iter=309 E=-2.1760807748 nfev=313 t=3534.7s remaining=1691
    iter=310 E=-2.1761119305 nfev=314 t=3546.9s remaining=1690
    iter=311 E=-2.1761390192 nfev=315 t=3560.8s remaining=1689
    iter=312 E=-2.1761629311 nfev=316 t=3570.7s remaining=1688
    iter=313 E=-2.1761902634 nfev=317 t=3579.3s remaining=1687
    iter=314 E=-2.1762220458 nfev=318 t=3590.7s remaining=1686
    iter=315 E=-2.1762517656 nfev=319 t=3599.5s remaining=1685
    iter=316 E=-2.1762745417 nfev=320 t=3610.4s remaining=1684
    iter=317 E=-2.1763000110 nfev=321 t=3621.8s remaining=1683
    iter=318 E=-2.1763245540 nfev=322 t=3635.2s remaining=1682
    iter=319 E=-2.1763504816 nfev=323 t=3644.6s remaining=1681
    iter=320 E=-2.1763696397 nfev=324 t=3658.0s remaining=1680
    iter=321 E=-2.1763906116 nfev=325 t=3670.2s remaining=1679
    iter=322 E=-2.1764131087 nfev=326 t=3685.3s remaining=1678
    iter=323 E=-2.1764398197 nfev=327 t=3696.5s remaining=1677
    iter=324 E=-2.1764630401 nfev=328 t=3714.1s remaining=1676
    iter=325 E=-2.1764861919 nfev=329 t=3725.2s remaining=1675
    iter=326 E=-2.1765067705 nfev=330 t=3737.8s remaining=1674
    iter=327 E=-2.1765270186 nfev=331 t=3748.3s remaining=1673
    iter=328 E=-2.1765487747 nfev=332 t=3756.3s remaining=1672
    iter=329 E=-2.1765762262 nfev=333 t=3762.6s remaining=1671
    iter=330 E=-2.1766071048 nfev=334 t=3773.2s remaining=1670
    iter=331 E=-2.1766317780 nfev=335 t=3787.9s remaining=1669
    iter=332 E=-2.1766561048 nfev=336 t=3798.2s remaining=1668
    iter=333 E=-2.1766825735 nfev=337 t=3809.9s remaining=1667
    iter=334 E=-2.1767081786 nfev=338 t=3821.0s remaining=1666
    iter=335 E=-2.1767311267 nfev=339 t=3833.2s remaining=1665
    iter=336 E=-2.1767531057 nfev=340 t=3844.1s remaining=1664
    iter=337 E=-2.1767745131 nfev=341 t=3852.0s remaining=1663
    iter=338 E=-2.1767947600 nfev=342 t=3860.3s remaining=1662
    iter=339 E=-2.1768096786 nfev=343 t=3877.0s remaining=1661
    iter=340 E=-2.1768148988 nfev=344 t=3891.4s remaining=1660
    iter=341 E=-2.1768238768 nfev=345 t=3901.9s remaining=1659
    iter=342 E=-2.1768384751 nfev=346 t=3910.1s remaining=1658
    iter=343 E=-2.1768594333 nfev=347 t=3919.1s remaining=1657
    iter=344 E=-2.1768824520 nfev=348 t=3927.7s remaining=1656
    iter=345 E=-2.1769127941 nfev=349 t=3933.0s remaining=1655
    iter=346 E=-2.1769492122 nfev=350 t=3939.2s remaining=1654
    iter=347 E=-2.1769783989 nfev=351 t=3952.0s remaining=1653
    iter=348 E=-2.1770023345 nfev=352 t=3964.4s remaining=1652
    iter=349 E=-2.1770278156 nfev=353 t=3971.8s remaining=1651
    iter=350 E=-2.1770549082 nfev=354 t=3982.8s remaining=1650
    iter=351 E=-2.1770696614 nfev=355 t=3994.9s remaining=1649
    iter=352 E=-2.1770888461 nfev=356 t=4006.5s remaining=1648
    iter=353 E=-2.1771160932 nfev=357 t=4015.5s remaining=1647
    iter=354 E=-2.1771481044 nfev=358 t=4024.7s remaining=1646
    iter=355 E=-2.1771781459 nfev=359 t=4037.0s remaining=1645
    iter=356 E=-2.1772069747 nfev=360 t=4049.2s remaining=1644
    iter=357 E=-2.1772261300 nfev=361 t=4059.8s remaining=1643
    iter=358 E=-2.1772376520 nfev=362 t=4070.3s remaining=1642
    iter=359 E=-2.1772498242 nfev=363 t=4079.8s remaining=1641
    iter=360 E=-2.1772649762 nfev=364 t=4094.5s remaining=1640
    iter=361 E=-2.1772871891 nfev=365 t=4102.7s remaining=1639
    iter=362 E=-2.1773152000 nfev=366 t=4108.0s remaining=1638
    iter=363 E=-2.1773363676 nfev=367 t=4119.7s remaining=1637
    iter=364 E=-2.1773571866 nfev=368 t=4128.7s remaining=1636
    iter=365 E=-2.1773817036 nfev=369 t=4139.0s remaining=1635
    iter=366 E=-2.1774106651 nfev=370 t=4150.8s remaining=1634
    iter=367 E=-2.1774321664 nfev=371 t=4161.8s remaining=1633
    iter=368 E=-2.1774521016 nfev=372 t=4172.2s remaining=1632
    iter=369 E=-2.1774705994 nfev=373 t=4185.4s remaining=1631
    iter=370 E=-2.1774909198 nfev=374 t=4193.7s remaining=1630
    iter=371 E=-2.1775143908 nfev=375 t=4207.8s remaining=1629
    iter=372 E=-2.1775340979 nfev=376 t=4218.6s remaining=1628
    iter=373 E=-2.1775538812 nfev=377 t=4229.7s remaining=1627
    iter=374 E=-2.1775736221 nfev=378 t=4242.5s remaining=1626
    iter=375 E=-2.1776009366 nfev=379 t=4254.4s remaining=1625
    iter=376 E=-2.1776295542 nfev=380 t=4264.7s remaining=1624
    iter=377 E=-2.1776498701 nfev=381 t=4277.4s remaining=1623
    iter=378 E=-2.1776716286 nfev=382 t=4289.5s remaining=1622
    iter=379 E=-2.1776940270 nfev=383 t=4298.7s remaining=1621
    iter=380 E=-2.1777152137 nfev=384 t=4309.5s remaining=1620
    iter=381 E=-2.1777373886 nfev=385 t=4316.1s remaining=1619
    iter=382 E=-2.1777570799 nfev=386 t=4323.0s remaining=1618
    iter=383 E=-2.1777737434 nfev=387 t=4334.6s remaining=1617
    iter=384 E=-2.1777904357 nfev=388 t=4343.5s remaining=1616
    iter=385 E=-2.1778096550 nfev=389 t=4354.9s remaining=1615
    iter=386 E=-2.1778241512 nfev=390 t=4366.1s remaining=1614
    iter=387 E=-2.1778382458 nfev=391 t=4377.5s remaining=1613
    iter=388 E=-2.1778526488 nfev=392 t=4385.4s remaining=1612
    iter=389 E=-2.1778673406 nfev=393 t=4397.8s remaining=1611
    iter=390 E=-2.1778827053 nfev=394 t=4409.5s remaining=1610
    iter=391 E=-2.1778973913 nfev=395 t=4418.0s remaining=1609
    iter=392 E=-2.1779105487 nfev=396 t=4428.5s remaining=1608
    iter=393 E=-2.1779245066 nfev=397 t=4441.9s remaining=1607
    iter=394 E=-2.1779400998 nfev=398 t=4461.1s remaining=1606
    iter=395 E=-2.1779544363 nfev=399 t=4471.8s remaining=1605
    iter=396 E=-2.1779694061 nfev=400 t=4481.4s remaining=1604
    iter=397 E=-2.1779854505 nfev=401 t=4489.8s remaining=1603
    iter=398 E=-2.1780022136 nfev=402 t=4499.9s remaining=1602
    iter=399 E=-2.1780159305 nfev=403 t=4512.6s remaining=1601
    iter=400 E=-2.1780269337 nfev=404 t=4521.6s remaining=1600
    iter=401 E=-2.1780374430 nfev=405 t=4535.6s remaining=1599
    iter=402 E=-2.1780498661 nfev=406 t=4548.0s remaining=1598
    iter=403 E=-2.1780632847 nfev=407 t=4554.9s remaining=1597
    iter=404 E=-2.1780761738 nfev=408 t=4565.8s remaining=1596
    iter=405 E=-2.1780862330 nfev=409 t=4575.7s remaining=1595
    iter=406 E=-2.1780958158 nfev=410 t=4584.5s remaining=1594
    iter=407 E=-2.1781070074 nfev=411 t=4600.9s remaining=1593
    iter=408 E=-2.1781187959 nfev=412 t=4610.1s remaining=1592
    iter=409 E=-2.1781315679 nfev=413 t=4622.4s remaining=1591
    iter=410 E=-2.1781442150 nfev=414 t=4632.2s remaining=1590
    iter=411 E=-2.1781548169 nfev=415 t=4642.6s remaining=1589
    iter=412 E=-2.1781637515 nfev=416 t=4655.3s remaining=1588
    iter=413 E=-2.1781723341 nfev=417 t=4666.5s remaining=1587
    iter=414 E=-2.1781816443 nfev=418 t=4678.2s remaining=1586
    iter=415 E=-2.1781908074 nfev=419 t=4690.0s remaining=1585
    iter=416 E=-2.1782007830 nfev=420 t=4699.4s remaining=1584
    iter=417 E=-2.1782118001 nfev=421 t=4712.6s remaining=1583
    iter=418 E=-2.1782201928 nfev=422 t=4727.0s remaining=1582
    iter=419 E=-2.1782288135 nfev=423 t=4738.2s remaining=1581
    iter=420 E=-2.1782383227 nfev=424 t=4751.4s remaining=1580
    iter=421 E=-2.1782458619 nfev=425 t=4762.1s remaining=1579
    iter=422 E=-2.1782527600 nfev=426 t=4771.8s remaining=1578
    iter=423 E=-2.1782610514 nfev=427 t=4784.7s remaining=1577
    iter=424 E=-2.1782690884 nfev=428 t=4798.3s remaining=1576
    iter=425 E=-2.1782782687 nfev=429 t=4810.1s remaining=1575
    iter=426 E=-2.1782870671 nfev=430 t=4822.0s remaining=1574
    iter=427 E=-2.1782945919 nfev=431 t=4830.9s remaining=1573
    iter=428 E=-2.1783016106 nfev=432 t=4842.4s remaining=1572
    iter=429 E=-2.1783099453 nfev=433 t=4852.3s remaining=1571
    iter=430 E=-2.1783184603 nfev=434 t=4862.8s remaining=1570
    iter=431 E=-2.1783243780 nfev=435 t=4873.7s remaining=1569
    iter=432 E=-2.1783282879 nfev=436 t=4882.3s remaining=1568
    iter=433 E=-2.1783328142 nfev=437 t=4893.3s remaining=1567
    iter=434 E=-2.1783387875 nfev=438 t=4905.2s remaining=1566
    iter=435 E=-2.1783450797 nfev=439 t=4916.4s remaining=1565
    iter=436 E=-2.1783523723 nfev=440 t=4927.2s remaining=1564
    iter=437 E=-2.1783607552 nfev=441 t=4939.9s remaining=1563
    iter=438 E=-2.1783690723 nfev=442 t=4952.5s remaining=1562
    iter=439 E=-2.1783771155 nfev=443 t=4965.4s remaining=1561
    iter=440 E=-2.1783839004 nfev=444 t=4976.0s remaining=1560
    iter=441 E=-2.1783894141 nfev=445 t=4985.5s remaining=1559
    iter=442 E=-2.1783949697 nfev=446 t=4996.4s remaining=1558
    iter=443 E=-2.1784008382 nfev=447 t=5003.3s remaining=1557
    iter=444 E=-2.1784063012 nfev=448 t=5015.2s remaining=1556
    iter=445 E=-2.1784110876 nfev=449 t=5025.7s remaining=1555
    iter=446 E=-2.1784161792 nfev=450 t=5034.3s remaining=1554
    iter=447 E=-2.1784221960 nfev=451 t=5046.0s remaining=1553
    iter=448 E=-2.1784283753 nfev=452 t=5057.3s remaining=1552
    iter=449 E=-2.1784340319 nfev=453 t=5068.8s remaining=1551
    iter=450 E=-2.1784387507 nfev=454 t=5075.7s remaining=1550
    iter=451 E=-2.1784430916 nfev=455 t=5086.8s remaining=1549
    iter=452 E=-2.1784476969 nfev=456 t=5096.2s remaining=1548
    iter=453 E=-2.1784521678 nfev=457 t=5106.1s remaining=1547
    iter=454 E=-2.1784560820 nfev=458 t=5118.3s remaining=1546
    iter=455 E=-2.1784595557 nfev=459 t=5125.4s remaining=1545
    iter=456 E=-2.1784628003 nfev=460 t=5135.3s remaining=1544
    iter=457 E=-2.1784663618 nfev=461 t=5144.8s remaining=1543
    iter=458 E=-2.1784707661 nfev=462 t=5157.3s remaining=1542
    iter=459 E=-2.1784768109 nfev=463 t=5168.5s remaining=1541
    iter=460 E=-2.1784833305 nfev=464 t=5177.5s remaining=1540
    iter=461 E=-2.1784889915 nfev=465 t=5192.5s remaining=1539
    iter=462 E=-2.1784928867 nfev=466 t=5199.1s remaining=1538
    iter=463 E=-2.1784957632 nfev=467 t=5206.9s remaining=1537
    iter=464 E=-2.1784984455 nfev=468 t=5215.3s remaining=1536
    iter=465 E=-2.1785016169 nfev=469 t=5224.6s remaining=1535
    iter=466 E=-2.1785056174 nfev=470 t=5235.4s remaining=1534
    iter=467 E=-2.1785101787 nfev=471 t=5246.5s remaining=1533
    iter=468 E=-2.1785146761 nfev=472 t=5257.4s remaining=1532
    iter=469 E=-2.1785190690 nfev=473 t=5271.0s remaining=1531
    iter=470 E=-2.1785235550 nfev=474 t=5283.5s remaining=1530
    iter=471 E=-2.1785282250 nfev=475 t=5296.3s remaining=1529
    iter=472 E=-2.1785325935 nfev=476 t=5308.5s remaining=1528
    iter=473 E=-2.1785362363 nfev=477 t=5322.0s remaining=1527
    iter=474 E=-2.1785395430 nfev=478 t=5334.2s remaining=1526
    iter=475 E=-2.1785428457 nfev=479 t=5343.6s remaining=1525
    iter=476 E=-2.1785462964 nfev=480 t=5349.8s remaining=1524
    iter=477 E=-2.1785504636 nfev=481 t=5363.1s remaining=1523
    iter=478 E=-2.1785560997 nfev=482 t=5374.4s remaining=1522
    iter=479 E=-2.1785630219 nfev=483 t=5383.7s remaining=1521
    iter=480 E=-2.1785696350 nfev=484 t=5397.4s remaining=1520
    iter=481 E=-2.1785745747 nfev=485 t=5412.9s remaining=1519
    iter=482 E=-2.1785777962 nfev=486 t=5422.5s remaining=1518
    iter=483 E=-2.1785802917 nfev=487 t=5433.7s remaining=1517
    iter=484 E=-2.1785833531 nfev=488 t=5446.1s remaining=1516
    iter=485 E=-2.1785876152 nfev=489 t=5455.5s remaining=1515
    iter=486 E=-2.1785920875 nfev=490 t=5464.9s remaining=1514
    iter=487 E=-2.1785970885 nfev=491 t=5475.2s remaining=1513
    iter=488 E=-2.1786022719 nfev=492 t=5489.1s remaining=1512
    iter=489 E=-2.1786069979 nfev=493 t=5498.2s remaining=1511
    iter=490 E=-2.1786113476 nfev=494 t=5508.2s remaining=1510
    iter=491 E=-2.1786159183 nfev=495 t=5518.8s remaining=1509
    iter=492 E=-2.1786209738 nfev=496 t=5528.6s remaining=1508
    iter=493 E=-2.1786254666 nfev=497 t=5538.2s remaining=1507
    iter=494 E=-2.1786290581 nfev=498 t=5548.7s remaining=1506
    iter=495 E=-2.1786326820 nfev=499 t=5560.3s remaining=1505
    iter=496 E=-2.1786375527 nfev=500 t=5569.7s remaining=1504
    iter=497 E=-2.1786431085 nfev=501 t=5585.3s remaining=1503
    iter=498 E=-2.1786475642 nfev=502 t=5599.4s remaining=1502
    iter=499 E=-2.1786507981 nfev=503 t=5611.0s remaining=1501
    iter=500 E=-2.1786531123 nfev=504 t=5622.8s remaining=1500
    iter=501 E=-2.1786553533 nfev=505 t=5632.8s remaining=1499
    iter=502 E=-2.1786583819 nfev=506 t=5643.2s remaining=1498
    iter=503 E=-2.1786624462 nfev=507 t=5654.1s remaining=1497
    iter=504 E=-2.1786675698 nfev=508 t=5664.8s remaining=1496
    iter=505 E=-2.1786752341 nfev=509 t=5678.3s remaining=1495
    iter=506 E=-2.1786854069 nfev=510 t=5685.0s remaining=1494
    iter=507 E=-2.1786936727 nfev=511 t=5699.0s remaining=1493
    iter=508 E=-2.1786992704 nfev=512 t=5710.4s remaining=1492
    iter=509 E=-2.1787021790 nfev=513 t=5721.2s remaining=1491
    iter=510 E=-2.1787041021 nfev=514 t=5738.9s remaining=1490
    iter=511 E=-2.1787067515 nfev=515 t=5749.6s remaining=1489
    iter=512 E=-2.1787110659 nfev=516 t=5757.1s remaining=1488
    iter=513 E=-2.1787179604 nfev=517 t=5768.1s remaining=1487
    iter=514 E=-2.1787277264 nfev=518 t=5780.2s remaining=1486
    iter=515 E=-2.1787360071 nfev=519 t=5787.2s remaining=1485
    iter=516 E=-2.1787429404 nfev=520 t=5798.5s remaining=1484
    iter=517 E=-2.1787479914 nfev=521 t=5808.8s remaining=1483
    iter=518 E=-2.1787515045 nfev=522 t=5819.6s remaining=1482
    iter=519 E=-2.1787548189 nfev=523 t=5830.4s remaining=1481
    iter=520 E=-2.1787595405 nfev=524 t=5840.1s remaining=1480
    iter=521 E=-2.1787644429 nfev=525 t=5850.4s remaining=1479
    iter=522 E=-2.1787685232 nfev=526 t=5858.8s remaining=1478
    iter=523 E=-2.1787737689 nfev=527 t=5870.5s remaining=1477
    iter=524 E=-2.1787799619 nfev=528 t=5880.6s remaining=1476
    iter=525 E=-2.1787836186 nfev=529 t=5886.9s remaining=1475
    iter=526 E=-2.1787873457 nfev=530 t=5896.0s remaining=1474
    iter=527 E=-2.1787917249 nfev=531 t=5904.5s remaining=1473
    iter=528 E=-2.1787961194 nfev=532 t=5917.1s remaining=1472
    iter=529 E=-2.1788019575 nfev=533 t=5926.9s remaining=1471
    iter=530 E=-2.1788073925 nfev=534 t=5938.9s remaining=1470
    iter=531 E=-2.1788118759 nfev=535 t=5953.9s remaining=1469
    iter=532 E=-2.1788165282 nfev=536 t=5961.8s remaining=1468
    iter=533 E=-2.1788218175 nfev=537 t=5975.2s remaining=1467
    iter=534 E=-2.1788264320 nfev=538 t=5984.8s remaining=1466
    iter=535 E=-2.1788307675 nfev=539 t=5995.4s remaining=1465
    iter=536 E=-2.1788342592 nfev=540 t=6010.7s remaining=1464
    iter=537 E=-2.1788379313 nfev=541 t=6020.3s remaining=1463
    iter=538 E=-2.1788428845 nfev=542 t=6031.6s remaining=1462
    iter=539 E=-2.1788474155 nfev=543 t=6044.4s remaining=1461
    iter=540 E=-2.1788506014 nfev=544 t=6056.2s remaining=1460
    iter=541 E=-2.1788544633 nfev=545 t=6070.2s remaining=1459
    iter=542 E=-2.1788589819 nfev=546 t=6084.4s remaining=1458
    iter=543 E=-2.1788648493 nfev=547 t=6096.9s remaining=1457
    iter=544 E=-2.1788718681 nfev=548 t=6107.0s remaining=1456
    iter=545 E=-2.1788778399 nfev=549 t=6119.4s remaining=1455
    iter=546 E=-2.1788826030 nfev=550 t=6129.4s remaining=1454
    iter=547 E=-2.1788870801 nfev=551 t=6138.5s remaining=1453
    iter=548 E=-2.1788911574 nfev=552 t=6146.9s remaining=1452
    iter=549 E=-2.1788946377 nfev=553 t=6155.2s remaining=1451
    iter=550 E=-2.1788979899 nfev=554 t=6162.1s remaining=1450
    iter=551 E=-2.1789010694 nfev=555 t=6168.4s remaining=1449
    iter=552 E=-2.1789047364 nfev=556 t=6181.6s remaining=1448
    iter=553 E=-2.1789100912 nfev=557 t=6194.4s remaining=1447
    iter=554 E=-2.1789170275 nfev=558 t=6203.8s remaining=1446
    iter=555 E=-2.1789256172 nfev=559 t=6212.6s remaining=1445
    iter=556 E=-2.1789357301 nfev=560 t=6224.0s remaining=1444
    iter=557 E=-2.1789448315 nfev=561 t=6238.5s remaining=1443
    iter=558 E=-2.1789509446 nfev=562 t=6252.1s remaining=1442
    iter=559 E=-2.1789553538 nfev=563 t=6265.2s remaining=1441
    iter=560 E=-2.1789598180 nfev=564 t=6275.2s remaining=1440
    iter=561 E=-2.1789641763 nfev=565 t=6284.2s remaining=1439
    iter=562 E=-2.1789688824 nfev=566 t=6296.5s remaining=1438
    iter=563 E=-2.1789742553 nfev=567 t=6310.7s remaining=1437
    iter=564 E=-2.1789800152 nfev=568 t=6322.4s remaining=1436
    iter=565 E=-2.1789863601 nfev=569 t=6334.2s remaining=1435
    iter=566 E=-2.1789937593 nfev=570 t=6342.7s remaining=1434
    iter=567 E=-2.1790002309 nfev=571 t=6353.4s remaining=1433
    iter=568 E=-2.1790066780 nfev=572 t=6369.4s remaining=1432
    iter=569 E=-2.1790118490 nfev=573 t=6378.6s remaining=1431
    iter=570 E=-2.1790166541 nfev=574 t=6390.6s remaining=1430
    iter=571 E=-2.1790215290 nfev=575 t=6402.1s remaining=1429
    iter=572 E=-2.1790262926 nfev=576 t=6411.0s remaining=1428
    iter=573 E=-2.1790292691 nfev=577 t=6420.7s remaining=1427
    iter=574 E=-2.1790321244 nfev=578 t=6434.3s remaining=1426
    iter=575 E=-2.1790356954 nfev=579 t=6444.1s remaining=1425
    iter=576 E=-2.1790397405 nfev=580 t=6456.3s remaining=1424
    iter=577 E=-2.1790433807 nfev=581 t=6466.6s remaining=1423
    iter=578 E=-2.1790476956 nfev=582 t=6478.6s remaining=1422
    iter=579 E=-2.1790536741 nfev=583 t=6487.5s remaining=1421
    iter=580 E=-2.1790582838 nfev=584 t=6498.1s remaining=1420
    iter=581 E=-2.1790621580 nfev=585 t=6510.6s remaining=1419
    iter=582 E=-2.1790668061 nfev=586 t=6519.3s remaining=1418
    iter=583 E=-2.1790725346 nfev=587 t=6528.1s remaining=1417
    iter=584 E=-2.1790758551 nfev=588 t=6536.0s remaining=1416
    iter=585 E=-2.1790798917 nfev=589 t=6547.2s remaining=1415
    iter=586 E=-2.1790843135 nfev=590 t=6559.3s remaining=1414
    iter=587 E=-2.1790885260 nfev=591 t=6573.3s remaining=1413
    iter=588 E=-2.1790925346 nfev=592 t=6584.6s remaining=1412
    iter=589 E=-2.1790971472 nfev=593 t=6594.2s remaining=1411
    iter=590 E=-2.1791022593 nfev=594 t=6604.8s remaining=1410
    iter=591 E=-2.1791067489 nfev=595 t=6612.9s remaining=1409
    iter=592 E=-2.1791105597 nfev=596 t=6625.6s remaining=1408
    iter=593 E=-2.1791137526 nfev=597 t=6632.0s remaining=1407
    iter=594 E=-2.1791171400 nfev=598 t=6640.2s remaining=1406
    iter=595 E=-2.1791212719 nfev=599 t=6651.1s remaining=1405
    iter=596 E=-2.1791273410 nfev=600 t=6660.6s remaining=1404
    iter=597 E=-2.1791361762 nfev=601 t=6669.4s remaining=1403
    iter=598 E=-2.1791448058 nfev=602 t=6676.9s remaining=1402
    iter=599 E=-2.1791505621 nfev=603 t=6688.6s remaining=1401
    iter=600 E=-2.1791553439 nfev=604 t=6699.4s remaining=1400
    iter=601 E=-2.1791588667 nfev=605 t=6708.2s remaining=1399
    iter=602 E=-2.1791612305 nfev=606 t=6718.6s remaining=1398
    iter=603 E=-2.1791629943 nfev=607 t=6730.5s remaining=1397
    iter=604 E=-2.1791650806 nfev=608 t=6742.3s remaining=1396
    iter=605 E=-2.1791679937 nfev=609 t=6753.5s remaining=1395
    iter=606 E=-2.1791719519 nfev=610 t=6764.5s remaining=1394
    iter=607 E=-2.1791769440 nfev=611 t=6778.2s remaining=1393
    iter=608 E=-2.1791828813 nfev=612 t=6787.9s remaining=1392
    iter=609 E=-2.1791900125 nfev=613 t=6799.0s remaining=1391
    iter=610 E=-2.1791952507 nfev=614 t=6808.6s remaining=1390
    iter=611 E=-2.1791994982 nfev=615 t=6821.9s remaining=1389
    iter=612 E=-2.1792036557 nfev=616 t=6830.7s remaining=1388
    iter=613 E=-2.1792073788 nfev=617 t=6839.7s remaining=1387
    iter=614 E=-2.1792098494 nfev=618 t=6851.4s remaining=1386
    iter=615 E=-2.1792123300 nfev=619 t=6863.7s remaining=1385
    iter=616 E=-2.1792157584 nfev=620 t=6879.2s remaining=1384
    iter=617 E=-2.1792195416 nfev=621 t=6890.2s remaining=1383
    iter=618 E=-2.1792231097 nfev=622 t=6900.3s remaining=1382
    iter=619 E=-2.1792261812 nfev=623 t=6910.2s remaining=1381
    iter=620 E=-2.1792291513 nfev=624 t=6922.5s remaining=1380
    iter=621 E=-2.1792321920 nfev=625 t=6934.8s remaining=1379
    iter=622 E=-2.1792351116 nfev=626 t=6947.6s remaining=1378
    iter=623 E=-2.1792372867 nfev=627 t=6961.4s remaining=1377
    iter=624 E=-2.1792397612 nfev=628 t=6973.1s remaining=1376
    iter=625 E=-2.1792430533 nfev=629 t=6982.9s remaining=1375
    iter=626 E=-2.1792462641 nfev=630 t=6995.4s remaining=1374
    iter=627 E=-2.1792497927 nfev=631 t=7007.6s remaining=1373
    iter=628 E=-2.1792535482 nfev=632 t=7016.0s remaining=1372
    iter=629 E=-2.1792568584 nfev=633 t=7024.2s remaining=1371
    iter=630 E=-2.1792598158 nfev=634 t=7036.6s remaining=1370
    iter=631 E=-2.1792626108 nfev=635 t=7046.2s remaining=1369
    iter=632 E=-2.1792644791 nfev=636 t=7058.7s remaining=1368
    iter=633 E=-2.1792663296 nfev=637 t=7070.5s remaining=1367
    iter=634 E=-2.1792683112 nfev=638 t=7083.1s remaining=1366
    iter=635 E=-2.1792707303 nfev=639 t=7094.5s remaining=1365
    iter=636 E=-2.1792733111 nfev=640 t=7111.5s remaining=1364
    iter=637 E=-2.1792761987 nfev=641 t=7121.3s remaining=1363
    iter=638 E=-2.1792785325 nfev=642 t=7135.6s remaining=1362
    iter=639 E=-2.1792808280 nfev=643 t=7146.9s remaining=1361
    iter=640 E=-2.1792838566 nfev=644 t=7155.2s remaining=1360
    iter=641 E=-2.1792871890 nfev=645 t=7163.9s remaining=1359
    iter=642 E=-2.1792899270 nfev=646 t=7172.8s remaining=1358
    iter=643 E=-2.1792920419 nfev=647 t=7182.4s remaining=1357
    iter=644 E=-2.1792933454 nfev=648 t=7191.2s remaining=1356
    iter=645 E=-2.1792945732 nfev=649 t=7198.7s remaining=1355
    iter=646 E=-2.1792962330 nfev=650 t=7212.1s remaining=1354
    iter=647 E=-2.1792984074 nfev=651 t=7226.2s remaining=1353
    iter=648 E=-2.1793007798 nfev=652 t=7235.5s remaining=1352
    iter=649 E=-2.1793033437 nfev=653 t=7250.4s remaining=1351
    iter=650 E=-2.1793058248 nfev=654 t=7262.1s remaining=1350
    iter=651 E=-2.1793082203 nfev=655 t=7272.8s remaining=1349
    iter=652 E=-2.1793105609 nfev=656 t=7282.1s remaining=1348
    iter=653 E=-2.1793127351 nfev=657 t=7294.9s remaining=1347
    iter=654 E=-2.1793145031 nfev=658 t=7305.8s remaining=1346
    iter=655 E=-2.1793157910 nfev=659 t=7315.5s remaining=1345
    iter=656 E=-2.1793170802 nfev=660 t=7326.7s remaining=1344
    iter=657 E=-2.1793187779 nfev=661 t=7332.9s remaining=1343
    iter=658 E=-2.1793213158 nfev=662 t=7342.9s remaining=1342
    iter=659 E=-2.1793245161 nfev=663 t=7355.6s remaining=1341
    iter=660 E=-2.1793275238 nfev=664 t=7367.0s remaining=1340
    iter=661 E=-2.1793301387 nfev=665 t=7375.5s remaining=1339
    iter=662 E=-2.1793318611 nfev=666 t=7385.2s remaining=1338
    iter=663 E=-2.1793331426 nfev=667 t=7397.7s remaining=1337
    iter=664 E=-2.1793343339 nfev=668 t=7409.3s remaining=1336
    iter=665 E=-2.1793359516 nfev=669 t=7420.6s remaining=1335
    iter=666 E=-2.1793373381 nfev=670 t=7435.5s remaining=1334
    iter=667 E=-2.1793388589 nfev=671 t=7449.0s remaining=1333
    iter=668 E=-2.1793404801 nfev=672 t=7458.7s remaining=1332
    iter=669 E=-2.1793426790 nfev=673 t=7469.4s remaining=1331
    iter=670 E=-2.1793458435 nfev=674 t=7477.9s remaining=1330
    iter=671 E=-2.1793499152 nfev=675 t=7487.5s remaining=1329
    iter=672 E=-2.1793532634 nfev=676 t=7495.1s remaining=1328
    iter=673 E=-2.1793557181 nfev=677 t=7500.7s remaining=1327
    iter=674 E=-2.1793573378 nfev=678 t=7513.4s remaining=1326
    iter=675 E=-2.1793586409 nfev=679 t=7524.1s remaining=1325
    iter=676 E=-2.1793602041 nfev=680 t=7534.1s remaining=1324
    iter=677 E=-2.1793615962 nfev=681 t=7542.7s remaining=1323
    iter=678 E=-2.1793628051 nfev=682 t=7553.0s remaining=1322
    iter=679 E=-2.1793642646 nfev=683 t=7562.5s remaining=1321
    iter=680 E=-2.1793664770 nfev=684 t=7571.8s remaining=1320
    iter=681 E=-2.1793696491 nfev=685 t=7582.8s remaining=1319
    iter=682 E=-2.1793735382 nfev=686 t=7593.7s remaining=1318
    iter=683 E=-2.1793773824 nfev=687 t=7601.3s remaining=1317
    iter=684 E=-2.1793802738 nfev=688 t=7609.8s remaining=1316
    iter=685 E=-2.1793822018 nfev=689 t=7621.9s remaining=1315
    iter=686 E=-2.1793838528 nfev=690 t=7634.3s remaining=1314
    iter=687 E=-2.1793854115 nfev=691 t=7648.1s remaining=1313
    iter=688 E=-2.1793863685 nfev=692 t=7659.1s remaining=1312
    iter=689 E=-2.1793872063 nfev=693 t=7672.1s remaining=1311
    iter=690 E=-2.1793882862 nfev=694 t=7681.4s remaining=1310
    iter=691 E=-2.1793897995 nfev=695 t=7690.3s remaining=1309
    iter=692 E=-2.1793916621 nfev=696 t=7698.9s remaining=1308
    iter=693 E=-2.1793936451 nfev=697 t=7712.6s remaining=1307
    iter=694 E=-2.1793955458 nfev=698 t=7723.4s remaining=1306
    iter=695 E=-2.1793973840 nfev=699 t=7734.1s remaining=1305
    iter=696 E=-2.1793994506 nfev=700 t=7740.7s remaining=1304
    iter=697 E=-2.1794017782 nfev=701 t=7752.4s remaining=1303
    iter=698 E=-2.1794040459 nfev=702 t=7763.8s remaining=1302
    iter=699 E=-2.1794057806 nfev=703 t=7772.8s remaining=1301
    iter=700 E=-2.1794070110 nfev=704 t=7782.6s remaining=1300
    iter=701 E=-2.1794079730 nfev=705 t=7791.8s remaining=1299
    iter=702 E=-2.1794089063 nfev=706 t=7802.7s remaining=1298
    iter=703 E=-2.1794099928 nfev=707 t=7813.6s remaining=1297
    iter=704 E=-2.1794115155 nfev=708 t=7820.7s remaining=1296
    iter=705 E=-2.1794136982 nfev=709 t=7827.0s remaining=1295
    iter=706 E=-2.1794163404 nfev=710 t=7836.8s remaining=1294
    iter=707 E=-2.1794188361 nfev=711 t=7847.1s remaining=1293
    iter=708 E=-2.1794209504 nfev=712 t=7857.5s remaining=1292
    iter=709 E=-2.1794227442 nfev=713 t=7870.1s remaining=1291
    iter=710 E=-2.1794243679 nfev=714 t=7879.1s remaining=1290
    iter=711 E=-2.1794257805 nfev=715 t=7885.7s remaining=1289
    iter=712 E=-2.1794269025 nfev=716 t=7903.0s remaining=1288
    iter=713 E=-2.1794277640 nfev=717 t=7911.8s remaining=1287
    iter=714 E=-2.1794285842 nfev=718 t=7926.4s remaining=1286
    iter=715 E=-2.1794295508 nfev=719 t=7937.0s remaining=1285
    iter=716 E=-2.1794308805 nfev=720 t=7948.5s remaining=1284
    iter=717 E=-2.1794327974 nfev=721 t=7960.7s remaining=1283
    iter=718 E=-2.1794352230 nfev=722 t=7972.8s remaining=1282
    iter=719 E=-2.1794375955 nfev=723 t=7981.9s remaining=1281
    iter=720 E=-2.1794395559 nfev=724 t=7992.0s remaining=1280
    iter=721 E=-2.1794412353 nfev=725 t=8002.5s remaining=1279
    iter=722 E=-2.1794428123 nfev=726 t=8013.1s remaining=1278
    iter=723 E=-2.1794442727 nfev=727 t=8025.8s remaining=1277
    iter=724 E=-2.1794456001 nfev=728 t=8038.3s remaining=1276
    iter=725 E=-2.1794472160 nfev=729 t=8049.7s remaining=1275
    iter=726 E=-2.1794491789 nfev=730 t=8060.0s remaining=1274
    iter=727 E=-2.1794510165 nfev=731 t=8073.4s remaining=1273
    iter=728 E=-2.1794523877 nfev=732 t=8087.8s remaining=1272
    iter=729 E=-2.1794535285 nfev=733 t=8097.8s remaining=1271
    iter=730 E=-2.1794546164 nfev=734 t=8111.4s remaining=1270
    iter=731 E=-2.1794559015 nfev=735 t=8121.6s remaining=1269
    iter=732 E=-2.1794572540 nfev=736 t=8133.2s remaining=1268
    iter=733 E=-2.1794588200 nfev=737 t=8143.6s remaining=1267
    iter=734 E=-2.1794606780 nfev=738 t=8156.5s remaining=1266
    iter=735 E=-2.1794624243 nfev=739 t=8167.6s remaining=1265
    iter=736 E=-2.1794635762 nfev=740 t=8174.1s remaining=1264
    iter=737 E=-2.1794643317 nfev=741 t=8185.3s remaining=1263
    iter=738 E=-2.1794650685 nfev=742 t=8196.6s remaining=1262
    iter=739 E=-2.1794660436 nfev=743 t=8204.6s remaining=1261
    iter=740 E=-2.1794675170 nfev=744 t=8214.4s remaining=1260
    iter=741 E=-2.1794696685 nfev=745 t=8225.0s remaining=1259
    iter=742 E=-2.1794726382 nfev=746 t=8236.8s remaining=1258
    iter=743 E=-2.1794756731 nfev=747 t=8248.2s remaining=1257
    iter=744 E=-2.1794782739 nfev=748 t=8253.2s remaining=1256
    iter=745 E=-2.1794802236 nfev=749 t=8262.5s remaining=1255
    iter=746 E=-2.1794816155 nfev=750 t=8272.7s remaining=1254
    iter=747 E=-2.1794826205 nfev=751 t=8287.9s remaining=1253
    iter=748 E=-2.1794834168 nfev=752 t=8299.8s remaining=1252
    iter=749 E=-2.1794841261 nfev=753 t=8309.3s remaining=1251
    iter=750 E=-2.1794851628 nfev=754 t=8317.7s remaining=1250
    iter=751 E=-2.1794862794 nfev=755 t=8325.6s remaining=1249
    iter=752 E=-2.1794875770 nfev=756 t=8337.8s remaining=1248
    iter=753 E=-2.1794895632 nfev=757 t=8347.8s remaining=1247
    iter=754 E=-2.1794924064 nfev=758 t=8358.1s remaining=1246
    iter=755 E=-2.1794951873 nfev=759 t=8372.8s remaining=1245
    iter=756 E=-2.1794973406 nfev=760 t=8390.6s remaining=1244
    iter=757 E=-2.1794990666 nfev=761 t=8401.3s remaining=1243
    iter=758 E=-2.1795003616 nfev=762 t=8411.2s remaining=1242
    iter=759 E=-2.1795015579 nfev=763 t=8421.1s remaining=1241
    iter=760 E=-2.1795028076 nfev=764 t=8431.6s remaining=1240
    iter=761 E=-2.1795037874 nfev=765 t=8447.0s remaining=1239
    iter=762 E=-2.1795045447 nfev=766 t=8456.9s remaining=1238
    iter=763 E=-2.1795052384 nfev=767 t=8468.4s remaining=1237
    iter=764 E=-2.1795059720 nfev=768 t=8483.9s remaining=1236
    iter=765 E=-2.1795067966 nfev=769 t=8497.0s remaining=1235
    iter=766 E=-2.1795080469 nfev=770 t=8508.6s remaining=1234
    iter=767 E=-2.1795099863 nfev=771 t=8521.3s remaining=1233
    iter=768 E=-2.1795125934 nfev=772 t=8534.3s remaining=1232
    iter=769 E=-2.1795145373 nfev=773 t=8546.7s remaining=1231
    iter=770 E=-2.1795163911 nfev=774 t=8558.5s remaining=1230
    iter=771 E=-2.1795181066 nfev=775 t=8567.9s remaining=1229
    iter=772 E=-2.1795196746 nfev=776 t=8578.7s remaining=1228
    iter=773 E=-2.1795210168 nfev=777 t=8591.4s remaining=1227
    iter=774 E=-2.1795219346 nfev=778 t=8599.1s remaining=1226
    iter=775 E=-2.1795227177 nfev=779 t=8611.7s remaining=1225
    iter=776 E=-2.1795234532 nfev=780 t=8620.4s remaining=1224
    iter=777 E=-2.1795241591 nfev=781 t=8627.3s remaining=1223
    iter=778 E=-2.1795248332 nfev=782 t=8637.7s remaining=1222
    iter=779 E=-2.1795256011 nfev=783 t=8647.4s remaining=1221
    iter=780 E=-2.1795268353 nfev=784 t=8659.3s remaining=1220
    iter=781 E=-2.1795287209 nfev=785 t=8669.9s remaining=1219
    iter=782 E=-2.1795308413 nfev=786 t=8680.9s remaining=1218
    iter=783 E=-2.1795324622 nfev=787 t=8695.6s remaining=1217
    iter=784 E=-2.1795342572 nfev=788 t=8707.2s remaining=1216
    iter=785 E=-2.1795360778 nfev=789 t=8718.4s remaining=1215
    iter=786 E=-2.1795375105 nfev=790 t=8726.8s remaining=1214
    iter=787 E=-2.1795388631 nfev=791 t=8743.2s remaining=1213
    iter=788 E=-2.1795402186 nfev=792 t=8754.3s remaining=1212
    iter=789 E=-2.1795414774 nfev=793 t=8764.0s remaining=1211
    iter=790 E=-2.1795428467 nfev=794 t=8777.6s remaining=1210
    iter=791 E=-2.1795441548 nfev=795 t=8789.5s remaining=1209
    iter=792 E=-2.1795450983 nfev=796 t=8805.5s remaining=1208
    iter=793 E=-2.1795457077 nfev=797 t=8818.8s remaining=1207
    iter=794 E=-2.1795462976 nfev=798 t=8829.2s remaining=1206
    iter=795 E=-2.1795468117 nfev=799 t=8835.5s remaining=1205
    iter=796 E=-2.1795473081 nfev=800 t=8843.5s remaining=1204
    iter=797 E=-2.1795480721 nfev=801 t=8853.0s remaining=1203
    iter=798 E=-2.1795492362 nfev=802 t=8862.0s remaining=1202
    iter=799 E=-2.1795508382 nfev=803 t=8869.2s remaining=1201
    iter=800 E=-2.1795526021 nfev=804 t=8877.5s remaining=1200
    iter=801 E=-2.1795544110 nfev=805 t=8886.9s remaining=1199
    iter=802 E=-2.1795561821 nfev=806 t=8899.1s remaining=1198
    iter=803 E=-2.1795576370 nfev=807 t=8909.0s remaining=1197
    iter=804 E=-2.1795587597 nfev=808 t=8924.2s remaining=1196
    iter=805 E=-2.1795596363 nfev=809 t=8939.4s remaining=1195
    iter=806 E=-2.1795603126 nfev=810 t=8952.4s remaining=1194
    iter=807 E=-2.1795609578 nfev=811 t=8965.9s remaining=1193
    iter=808 E=-2.1795618120 nfev=812 t=8975.5s remaining=1192
    iter=809 E=-2.1795626826 nfev=813 t=8985.6s remaining=1191
    iter=810 E=-2.1795637539 nfev=814 t=8997.7s remaining=1190
    iter=811 E=-2.1795651197 nfev=815 t=9011.3s remaining=1189
    iter=812 E=-2.1795669188 nfev=816 t=9023.2s remaining=1188
    iter=813 E=-2.1795687076 nfev=817 t=9035.8s remaining=1187
    iter=814 E=-2.1795705505 nfev=818 t=9047.7s remaining=1186
    iter=815 E=-2.1795721638 nfev=819 t=9060.8s remaining=1185
    iter=816 E=-2.1795732334 nfev=820 t=9070.1s remaining=1184
    iter=817 E=-2.1795739776 nfev=821 t=9080.9s remaining=1183
    iter=818 E=-2.1795745569 nfev=822 t=9093.1s remaining=1182
    iter=819 E=-2.1795751380 nfev=823 t=9104.1s remaining=1181
    iter=820 E=-2.1795756373 nfev=824 t=9115.5s remaining=1180
    iter=821 E=-2.1795763474 nfev=825 t=9125.5s remaining=1179
    iter=822 E=-2.1795772264 nfev=826 t=9134.4s remaining=1178
    iter=823 E=-2.1795782289 nfev=827 t=9147.7s remaining=1177
    iter=824 E=-2.1795796732 nfev=828 t=9157.4s remaining=1176
    iter=825 E=-2.1795813807 nfev=829 t=9167.2s remaining=1175
    iter=826 E=-2.1795825928 nfev=830 t=9177.6s remaining=1174
    iter=827 E=-2.1795836770 nfev=831 t=9187.2s remaining=1173
    iter=828 E=-2.1795850393 nfev=832 t=9196.6s remaining=1172
    iter=829 E=-2.1795862574 nfev=833 t=9204.7s remaining=1171
    iter=830 E=-2.1795871346 nfev=834 t=9215.0s remaining=1170
    iter=831 E=-2.1795877455 nfev=835 t=9223.0s remaining=1169
    iter=832 E=-2.1795883546 nfev=836 t=9233.9s remaining=1168
    iter=833 E=-2.1795890865 nfev=837 t=9242.1s remaining=1167
    iter=834 E=-2.1795896948 nfev=838 t=9252.6s remaining=1166
    iter=835 E=-2.1795904260 nfev=839 t=9263.7s remaining=1165
    iter=836 E=-2.1795913705 nfev=840 t=9274.3s remaining=1164
    iter=837 E=-2.1795923818 nfev=841 t=9282.8s remaining=1163
    iter=838 E=-2.1795936832 nfev=842 t=9292.8s remaining=1162
    iter=839 E=-2.1795952499 nfev=843 t=9298.6s remaining=1161
    iter=840 E=-2.1795966442 nfev=844 t=9308.5s remaining=1160
    iter=841 E=-2.1795979672 nfev=845 t=9320.6s remaining=1159
    iter=842 E=-2.1795991732 nfev=846 t=9333.2s remaining=1158
    iter=843 E=-2.1796002066 nfev=847 t=9343.4s remaining=1157
    iter=844 E=-2.1796012142 nfev=848 t=9352.6s remaining=1156
    iter=845 E=-2.1796022556 nfev=849 t=9365.4s remaining=1155
    iter=846 E=-2.1796034965 nfev=850 t=9376.1s remaining=1154
    iter=847 E=-2.1796048728 nfev=851 t=9391.4s remaining=1153
    iter=848 E=-2.1796064043 nfev=852 t=9405.2s remaining=1152
    iter=849 E=-2.1796077595 nfev=853 t=9415.3s remaining=1151
    iter=850 E=-2.1796087669 nfev=854 t=9428.4s remaining=1150
    iter=851 E=-2.1796096766 nfev=855 t=9441.6s remaining=1149
    iter=852 E=-2.1796105646 nfev=856 t=9450.2s remaining=1148
    iter=853 E=-2.1796114547 nfev=857 t=9458.1s remaining=1147
    iter=854 E=-2.1796123152 nfev=858 t=9464.9s remaining=1146
    iter=855 E=-2.1796134077 nfev=859 t=9475.9s remaining=1145
    iter=856 E=-2.1796146425 nfev=860 t=9485.3s remaining=1144
    iter=857 E=-2.1796158339 nfev=861 t=9496.5s remaining=1143
    iter=858 E=-2.1796169147 nfev=862 t=9510.1s remaining=1142
    iter=859 E=-2.1796181555 nfev=863 t=9529.9s remaining=1141
    iter=860 E=-2.1796197140 nfev=864 t=9540.3s remaining=1140
    iter=861 E=-2.1796214019 nfev=865 t=9553.4s remaining=1139
    iter=862 E=-2.1796230798 nfev=866 t=9562.6s remaining=1138
    iter=863 E=-2.1796244755 nfev=867 t=9574.2s remaining=1137
    iter=864 E=-2.1796254486 nfev=868 t=9584.8s remaining=1136
    iter=865 E=-2.1796260564 nfev=869 t=9595.7s remaining=1135
    iter=866 E=-2.1796265211 nfev=870 t=9607.0s remaining=1134
    iter=867 E=-2.1796270079 nfev=871 t=9617.6s remaining=1133
    iter=868 E=-2.1796275936 nfev=872 t=9631.3s remaining=1132
    iter=869 E=-2.1796283250 nfev=873 t=9643.4s remaining=1131
    iter=870 E=-2.1796292828 nfev=874 t=9655.0s remaining=1130
    iter=871 E=-2.1796304583 nfev=875 t=9664.7s remaining=1129
    iter=872 E=-2.1796317865 nfev=876 t=9678.7s remaining=1128
    iter=873 E=-2.1796333072 nfev=877 t=9693.0s remaining=1127
    iter=874 E=-2.1796349077 nfev=878 t=9703.6s remaining=1126
    iter=875 E=-2.1796363809 nfev=879 t=9715.1s remaining=1125
    iter=876 E=-2.1796377421 nfev=880 t=9724.1s remaining=1124
    iter=877 E=-2.1796390516 nfev=881 t=9733.2s remaining=1123
    iter=878 E=-2.1796402565 nfev=882 t=9744.8s remaining=1122
    iter=879 E=-2.1796412677 nfev=883 t=9756.4s remaining=1121
    iter=880 E=-2.1796419432 nfev=884 t=9766.3s remaining=1120
    iter=881 E=-2.1796423768 nfev=885 t=9775.4s remaining=1119
    iter=882 E=-2.1796426966 nfev=886 t=9786.5s remaining=1118
    iter=883 E=-2.1796430216 nfev=887 t=9798.8s remaining=1117
    iter=884 E=-2.1796434727 nfev=888 t=9811.0s remaining=1116
    iter=885 E=-2.1796440713 nfev=889 t=9823.0s remaining=1115
    iter=886 E=-2.1796449533 nfev=890 t=9834.0s remaining=1114
    iter=887 E=-2.1796463380 nfev=891 t=9848.1s remaining=1113
    iter=888 E=-2.1796484084 nfev=892 t=9864.3s remaining=1112
    iter=889 E=-2.1796509888 nfev=893 t=9875.0s remaining=1111
    iter=890 E=-2.1796529910 nfev=894 t=9879.9s remaining=1110
    iter=891 E=-2.1796547967 nfev=895 t=9890.9s remaining=1109
    iter=892 E=-2.1796558894 nfev=896 t=9901.0s remaining=1108
    iter=893 E=-2.1796565857 nfev=897 t=9913.6s remaining=1107
    iter=894 E=-2.1796571132 nfev=898 t=9921.2s remaining=1106
    iter=895 E=-2.1796575394 nfev=899 t=9933.4s remaining=1105
    iter=896 E=-2.1796579096 nfev=900 t=9945.4s remaining=1104
    iter=897 E=-2.1796584202 nfev=901 t=9955.0s remaining=1103
    iter=898 E=-2.1796590860 nfev=902 t=9967.6s remaining=1102
    iter=899 E=-2.1796599825 nfev=903 t=9976.0s remaining=1101
    iter=900 E=-2.1796613394 nfev=904 t=9985.1s remaining=1100
    iter=901 E=-2.1796633494 nfev=905 t=9996.0s remaining=1099
    iter=902 E=-2.1796656115 nfev=906 t=10010.6s remaining=1098
    iter=903 E=-2.1796673341 nfev=907 t=10022.0s remaining=1097
    iter=904 E=-2.1796690615 nfev=908 t=10035.3s remaining=1096
    iter=905 E=-2.1796701645 nfev=909 t=10045.4s remaining=1095
    iter=906 E=-2.1796706896 nfev=910 t=10055.5s remaining=1094
    iter=907 E=-2.1796712014 nfev=911 t=10065.1s remaining=1093
    iter=908 E=-2.1796718554 nfev=912 t=10075.7s remaining=1092
    iter=909 E=-2.1796725493 nfev=913 t=10086.3s remaining=1091
    iter=910 E=-2.1796731709 nfev=914 t=10095.6s remaining=1090
    iter=911 E=-2.1796738730 nfev=915 t=10103.2s remaining=1089
    iter=912 E=-2.1796746849 nfev=916 t=10111.9s remaining=1088
    iter=913 E=-2.1796757070 nfev=917 t=10121.9s remaining=1087
    iter=914 E=-2.1796769019 nfev=918 t=10132.9s remaining=1086
    iter=915 E=-2.1796780294 nfev=919 t=10145.9s remaining=1085
    iter=916 E=-2.1796790797 nfev=920 t=10155.2s remaining=1084
    iter=917 E=-2.1796803567 nfev=921 t=10166.8s remaining=1083
    iter=918 E=-2.1796816474 nfev=922 t=10179.0s remaining=1082
    iter=919 E=-2.1796827196 nfev=923 t=10188.7s remaining=1081
    iter=920 E=-2.1796835447 nfev=924 t=10198.1s remaining=1080
    iter=921 E=-2.1796841213 nfev=925 t=10207.6s remaining=1079
    iter=922 E=-2.1796846027 nfev=926 t=10219.4s remaining=1078
    iter=923 E=-2.1796849839 nfev=927 t=10226.7s remaining=1077
    iter=924 E=-2.1796854068 nfev=928 t=10234.9s remaining=1076
    iter=925 E=-2.1796858305 nfev=929 t=10246.4s remaining=1075
    iter=926 E=-2.1796862873 nfev=930 t=10259.4s remaining=1074
    iter=927 E=-2.1796869273 nfev=931 t=10270.1s remaining=1073
    iter=928 E=-2.1796877901 nfev=932 t=10281.7s remaining=1072
    iter=929 E=-2.1796889093 nfev=933 t=10291.6s remaining=1071
    iter=930 E=-2.1796903426 nfev=934 t=10300.9s remaining=1070
    iter=931 E=-2.1796921638 nfev=935 t=10312.3s remaining=1069
    iter=932 E=-2.1796938736 nfev=936 t=10323.6s remaining=1068
    iter=933 E=-2.1796952882 nfev=937 t=10333.0s remaining=1067
    iter=934 E=-2.1796966377 nfev=938 t=10342.6s remaining=1066
    iter=935 E=-2.1796978055 nfev=939 t=10355.5s remaining=1065
    iter=936 E=-2.1796984427 nfev=940 t=10363.2s remaining=1064
    iter=937 E=-2.1796988552 nfev=941 t=10379.2s remaining=1063
    iter=938 E=-2.1796991724 nfev=942 t=10390.5s remaining=1062
    iter=939 E=-2.1796994396 nfev=943 t=10401.6s remaining=1061
    iter=940 E=-2.1796997830 nfev=944 t=10412.6s remaining=1060
    iter=941 E=-2.1797002837 nfev=945 t=10421.7s remaining=1059
    iter=942 E=-2.1797009098 nfev=946 t=10430.8s remaining=1058
    iter=943 E=-2.1797017635 nfev=947 t=10440.8s remaining=1057
    iter=944 E=-2.1797029979 nfev=948 t=10450.4s remaining=1056
    iter=945 E=-2.1797047408 nfev=949 t=10460.9s remaining=1055
    iter=946 E=-2.1797064950 nfev=950 t=10470.1s remaining=1054
    iter=947 E=-2.1797080148 nfev=951 t=10479.7s remaining=1053
    iter=948 E=-2.1797094876 nfev=952 t=10489.8s remaining=1052
    iter=949 E=-2.1797107148 nfev=953 t=10504.3s remaining=1051
    iter=950 E=-2.1797115092 nfev=954 t=10518.0s remaining=1050
    iter=951 E=-2.1797121642 nfev=955 t=10528.7s remaining=1049
    iter=952 E=-2.1797127435 nfev=956 t=10539.9s remaining=1048
    iter=953 E=-2.1797132332 nfev=957 t=10552.1s remaining=1047
    iter=954 E=-2.1797138899 nfev=958 t=10559.1s remaining=1046
    iter=955 E=-2.1797145188 nfev=959 t=10571.2s remaining=1045
    iter=956 E=-2.1797150598 nfev=960 t=10583.4s remaining=1044
    iter=957 E=-2.1797156246 nfev=961 t=10587.5s remaining=1043
    iter=958 E=-2.1797162890 nfev=962 t=10602.0s remaining=1042
    iter=959 E=-2.1797169339 nfev=963 t=10616.0s remaining=1041
    iter=960 E=-2.1797177195 nfev=964 t=10625.5s remaining=1040
    iter=961 E=-2.1797185815 nfev=965 t=10638.4s remaining=1039
    iter=962 E=-2.1797194096 nfev=966 t=10648.1s remaining=1038
    iter=963 E=-2.1797203611 nfev=967 t=10659.2s remaining=1037
    iter=964 E=-2.1797212582 nfev=968 t=10670.5s remaining=1036
    iter=965 E=-2.1797223720 nfev=969 t=10682.4s remaining=1035
    iter=966 E=-2.1797236771 nfev=970 t=10694.6s remaining=1034
    iter=967 E=-2.1797250002 nfev=971 t=10706.7s remaining=1033
    iter=968 E=-2.1797263104 nfev=972 t=10716.2s remaining=1032
    iter=969 E=-2.1797271428 nfev=973 t=10728.3s remaining=1031
    iter=970 E=-2.1797279207 nfev=974 t=10739.7s remaining=1030
    iter=971 E=-2.1797286077 nfev=975 t=10749.7s remaining=1029
    iter=972 E=-2.1797291432 nfev=976 t=10756.6s remaining=1028
    iter=973 E=-2.1797296204 nfev=977 t=10766.1s remaining=1027
    iter=974 E=-2.1797300471 nfev=978 t=10777.8s remaining=1026
    iter=975 E=-2.1797305816 nfev=979 t=10790.0s remaining=1025
    iter=976 E=-2.1797311504 nfev=980 t=10800.4s remaining=1024
    iter=977 E=-2.1797319864 nfev=981 t=10812.3s remaining=1023
    iter=978 E=-2.1797332086 nfev=982 t=10818.2s remaining=1022
    iter=979 E=-2.1797348566 nfev=983 t=10827.7s remaining=1021
    iter=980 E=-2.1797369560 nfev=984 t=10837.4s remaining=1020
    iter=981 E=-2.1797390210 nfev=985 t=10848.0s remaining=1019
    iter=982 E=-2.1797405305 nfev=986 t=10858.5s remaining=1018
    iter=983 E=-2.1797415941 nfev=987 t=10866.8s remaining=1017
    iter=984 E=-2.1797423613 nfev=988 t=10878.3s remaining=1016
    iter=985 E=-2.1797429583 nfev=989 t=10891.1s remaining=1015
    iter=986 E=-2.1797433888 nfev=990 t=10902.6s remaining=1014
    iter=987 E=-2.1797438786 nfev=991 t=10911.1s remaining=1013
    iter=988 E=-2.1797444241 nfev=992 t=10924.5s remaining=1012
    iter=989 E=-2.1797449811 nfev=993 t=10933.1s remaining=1011
    iter=990 E=-2.1797457346 nfev=994 t=10937.4s remaining=1010
    iter=991 E=-2.1797468721 nfev=995 t=10953.9s remaining=1009
    iter=992 E=-2.1797485586 nfev=996 t=10960.4s remaining=1008
    iter=993 E=-2.1797508096 nfev=997 t=10969.2s remaining=1007
    iter=994 E=-2.1797530273 nfev=998 t=10980.1s remaining=1006
    iter=995 E=-2.1797547541 nfev=999 t=10991.3s remaining=1005
    iter=996 E=-2.1797559016 nfev=1000 t=11003.3s remaining=1004
    iter=997 E=-2.1797566786 nfev=1001 t=11013.7s remaining=1003
    iter=998 E=-2.1797572401 nfev=1002 t=11028.2s remaining=1002
    iter=999 E=-2.1797576771 nfev=1003 t=11041.5s remaining=1001
    iter=1000 E=-2.1797581137 nfev=1004 t=11051.5s remaining=1000
    iter=1001 E=-2.1797585444 nfev=1005 t=11063.8s remaining=999
    iter=1002 E=-2.1797591021 nfev=1006 t=11077.6s remaining=998
    iter=1003 E=-2.1797598606 nfev=1007 t=11087.4s remaining=997
    iter=1004 E=-2.1797608806 nfev=1008 t=11096.3s remaining=996
    iter=1005 E=-2.1797621139 nfev=1009 t=11107.2s remaining=995
    iter=1006 E=-2.1797635070 nfev=1010 t=11120.9s remaining=994
    iter=1007 E=-2.1797651915 nfev=1011 t=11133.8s remaining=993
    iter=1008 E=-2.1797670863 nfev=1012 t=11146.2s remaining=992
    iter=1009 E=-2.1797689984 nfev=1013 t=11156.9s remaining=991
    iter=1010 E=-2.1797706278 nfev=1014 t=11163.4s remaining=990
    iter=1011 E=-2.1797717072 nfev=1015 t=11173.5s remaining=989
    iter=1012 E=-2.1797724491 nfev=1016 t=11183.2s remaining=988
    iter=1013 E=-2.1797729860 nfev=1017 t=11196.4s remaining=987
    iter=1014 E=-2.1797735010 nfev=1018 t=11210.7s remaining=986
    iter=1015 E=-2.1797740808 nfev=1019 t=11222.2s remaining=985
    iter=1016 E=-2.1797746160 nfev=1020 t=11233.6s remaining=984
    iter=1017 E=-2.1797750881 nfev=1021 t=11243.2s remaining=983
    iter=1018 E=-2.1797755025 nfev=1022 t=11253.7s remaining=982
    iter=1019 E=-2.1797759827 nfev=1023 t=11266.6s remaining=981
    iter=1020 E=-2.1797765706 nfev=1024 t=11277.8s remaining=980
    iter=1021 E=-2.1797771874 nfev=1025 t=11288.2s remaining=979
    iter=1022 E=-2.1797780021 nfev=1026 t=11298.6s remaining=978
    iter=1023 E=-2.1797787549 nfev=1027 t=11311.5s remaining=977
    iter=1024 E=-2.1797795224 nfev=1028 t=11319.7s remaining=976
    iter=1025 E=-2.1797804083 nfev=1029 t=11328.9s remaining=975
    iter=1026 E=-2.1797815401 nfev=1030 t=11340.8s remaining=974
    iter=1027 E=-2.1797828097 nfev=1031 t=11349.9s remaining=973
    iter=1028 E=-2.1797839954 nfev=1032 t=11361.7s remaining=972
    iter=1029 E=-2.1797847798 nfev=1033 t=11374.1s remaining=971
    iter=1030 E=-2.1797852173 nfev=1034 t=11387.8s remaining=970
    iter=1031 E=-2.1797855536 nfev=1035 t=11396.2s remaining=969
    iter=1032 E=-2.1797858451 nfev=1036 t=11407.3s remaining=968
    iter=1033 E=-2.1797860986 nfev=1037 t=11413.4s remaining=967
    iter=1034 E=-2.1797864398 nfev=1038 t=11433.5s remaining=966
    iter=1035 E=-2.1797868461 nfev=1039 t=11449.7s remaining=965
    iter=1036 E=-2.1797874241 nfev=1040 t=11462.2s remaining=964
    iter=1037 E=-2.1797882558 nfev=1041 t=11475.5s remaining=963
    iter=1038 E=-2.1797894072 nfev=1042 t=11486.2s remaining=962
    iter=1039 E=-2.1797906597 nfev=1043 t=11494.2s remaining=961
    iter=1040 E=-2.1797917968 nfev=1044 t=11505.5s remaining=960
    iter=1041 E=-2.1797927198 nfev=1045 t=11516.1s remaining=959
    iter=1042 E=-2.1797933397 nfev=1046 t=11528.8s remaining=958
    iter=1043 E=-2.1797937499 nfev=1047 t=11539.9s remaining=957
    iter=1044 E=-2.1797940641 nfev=1048 t=11549.0s remaining=956
    iter=1045 E=-2.1797943824 nfev=1049 t=11559.6s remaining=955
    iter=1046 E=-2.1797946940 nfev=1050 t=11571.1s remaining=954
    iter=1047 E=-2.1797950165 nfev=1051 t=11580.9s remaining=953
    iter=1048 E=-2.1797954015 nfev=1052 t=11592.9s remaining=952
    iter=1049 E=-2.1797959359 nfev=1053 t=11604.3s remaining=951
    iter=1050 E=-2.1797967004 nfev=1054 t=11618.1s remaining=950
    iter=1051 E=-2.1797977904 nfev=1055 t=11625.2s remaining=949
    iter=1052 E=-2.1797991613 nfev=1056 t=11632.3s remaining=948
    iter=1053 E=-2.1798002669 nfev=1057 t=11642.7s remaining=947
    iter=1054 E=-2.1798012001 nfev=1058 t=11655.5s remaining=946
    iter=1055 E=-2.1798019017 nfev=1059 t=11669.5s remaining=945
    iter=1056 E=-2.1798024398 nfev=1060 t=11679.6s remaining=944
    iter=1057 E=-2.1798029676 nfev=1061 t=11692.2s remaining=943
    iter=1058 E=-2.1798034130 nfev=1062 t=11703.5s remaining=942
    iter=1059 E=-2.1798038019 nfev=1063 t=11717.5s remaining=941
    iter=1060 E=-2.1798041779 nfev=1064 t=11727.7s remaining=940
    iter=1061 E=-2.1798046332 nfev=1065 t=11742.5s remaining=939
    iter=1062 E=-2.1798052372 nfev=1066 t=11755.0s remaining=938
    iter=1063 E=-2.1798061099 nfev=1067 t=11769.1s remaining=937
    iter=1064 E=-2.1798071693 nfev=1068 t=11781.4s remaining=936
    iter=1065 E=-2.1798083942 nfev=1069 t=11792.6s remaining=935
    iter=1066 E=-2.1798098476 nfev=1070 t=11802.3s remaining=934
    iter=1067 E=-2.1798115414 nfev=1071 t=11812.5s remaining=933
    iter=1068 E=-2.1798132868 nfev=1072 t=11826.3s remaining=932
    iter=1069 E=-2.1798146271 nfev=1073 t=11836.5s remaining=931
    iter=1070 E=-2.1798154595 nfev=1074 t=11846.2s remaining=930
    iter=1071 E=-2.1798159486 nfev=1075 t=11858.6s remaining=929
    iter=1072 E=-2.1798162616 nfev=1076 t=11871.9s remaining=928
    iter=1073 E=-2.1798165374 nfev=1077 t=11884.4s remaining=927
    iter=1074 E=-2.1798167969 nfev=1078 t=11894.2s remaining=926
    iter=1075 E=-2.1798170767 nfev=1079 t=11908.9s remaining=925
    iter=1076 E=-2.1798173827 nfev=1080 t=11919.1s remaining=924
    iter=1077 E=-2.1798177914 nfev=1081 t=11929.7s remaining=923
    iter=1078 E=-2.1798182464 nfev=1082 t=11939.3s remaining=922
    iter=1079 E=-2.1798188217 nfev=1083 t=11950.5s remaining=921
    iter=1080 E=-2.1798195957 nfev=1084 t=11962.1s remaining=920
    iter=1081 E=-2.1798206540 nfev=1085 t=11975.8s remaining=919
    iter=1082 E=-2.1798219898 nfev=1086 t=11984.0s remaining=918
    iter=1083 E=-2.1798231984 nfev=1087 t=11994.7s remaining=917
    iter=1084 E=-2.1798240703 nfev=1088 t=12004.6s remaining=916
    iter=1085 E=-2.1798245814 nfev=1089 t=12015.7s remaining=915
    iter=1086 E=-2.1798248657 nfev=1090 t=12023.8s remaining=914
    iter=1087 E=-2.1798251021 nfev=1091 t=12033.5s remaining=913
    iter=1088 E=-2.1798253198 nfev=1092 t=12046.8s remaining=912
    iter=1089 E=-2.1798255401 nfev=1093 t=12056.8s remaining=911
    iter=1090 E=-2.1798257365 nfev=1094 t=12066.2s remaining=910
    iter=1091 E=-2.1798259535 nfev=1095 t=12078.4s remaining=909
    iter=1092 E=-2.1798262364 nfev=1096 t=12090.0s remaining=908
    iter=1093 E=-2.1798266179 nfev=1097 t=12101.5s remaining=907
    iter=1094 E=-2.1798271720 nfev=1098 t=12112.5s remaining=906
    iter=1095 E=-2.1798280020 nfev=1099 t=12122.1s remaining=905
    iter=1096 E=-2.1798291848 nfev=1100 t=12134.2s remaining=904
    iter=1097 E=-2.1798303849 nfev=1101 t=12143.1s remaining=903
    iter=1098 E=-2.1798311600 nfev=1102 t=12156.4s remaining=902
    iter=1099 E=-2.1798316507 nfev=1103 t=12165.5s remaining=901
    iter=1100 E=-2.1798318930 nfev=1104 t=12175.8s remaining=900
    iter=1101 E=-2.1798320846 nfev=1105 t=12181.6s remaining=899
    iter=1102 E=-2.1798322971 nfev=1106 t=12193.2s remaining=898
    iter=1103 E=-2.1798324960 nfev=1107 t=12206.9s remaining=897
    iter=1104 E=-2.1798327125 nfev=1108 t=12217.6s remaining=896
    iter=1105 E=-2.1798329498 nfev=1109 t=12228.6s remaining=895
    iter=1106 E=-2.1798332331 nfev=1110 t=12241.6s remaining=894
    iter=1107 E=-2.1798336600 nfev=1111 t=12255.7s remaining=893
    iter=1108 E=-2.1798343050 nfev=1112 t=12268.7s remaining=892
    iter=1109 E=-2.1798352046 nfev=1113 t=12278.1s remaining=891
    iter=1110 E=-2.1798362188 nfev=1114 t=12288.8s remaining=890
    iter=1111 E=-2.1798370605 nfev=1115 t=12301.8s remaining=889
    iter=1112 E=-2.1798377115 nfev=1116 t=12314.2s remaining=888
    iter=1113 E=-2.1798381124 nfev=1117 t=12325.0s remaining=887
    iter=1114 E=-2.1798384003 nfev=1118 t=12335.6s remaining=886
    iter=1115 E=-2.1798386631 nfev=1119 t=12346.2s remaining=885
    iter=1116 E=-2.1798388536 nfev=1120 t=12360.3s remaining=884
    iter=1117 E=-2.1798390492 nfev=1121 t=12372.8s remaining=883
    iter=1118 E=-2.1798393371 nfev=1122 t=12384.5s remaining=882
    iter=1119 E=-2.1798397454 nfev=1123 t=12398.2s remaining=881
    iter=1120 E=-2.1798402166 nfev=1124 t=12411.3s remaining=880
    iter=1121 E=-2.1798408284 nfev=1125 t=12423.3s remaining=879
    iter=1122 E=-2.1798416666 nfev=1126 t=12436.9s remaining=878
    iter=1123 E=-2.1798426693 nfev=1127 t=12449.0s remaining=877
    iter=1124 E=-2.1798437711 nfev=1128 t=12461.3s remaining=876
    iter=1125 E=-2.1798445646 nfev=1129 t=12470.0s remaining=875
    iter=1126 E=-2.1798449509 nfev=1130 t=12481.6s remaining=874
    iter=1127 E=-2.1798451596 nfev=1131 t=12491.2s remaining=873
    iter=1128 E=-2.1798453360 nfev=1132 t=12502.3s remaining=872
    iter=1129 E=-2.1798455072 nfev=1133 t=12515.8s remaining=871
    iter=1130 E=-2.1798456883 nfev=1134 t=12523.8s remaining=870
    iter=1131 E=-2.1798459506 nfev=1135 t=12536.0s remaining=869
    iter=1132 E=-2.1798463240 nfev=1136 t=12548.1s remaining=868
    iter=1133 E=-2.1798468478 nfev=1137 t=12558.3s remaining=867
    iter=1134 E=-2.1798475079 nfev=1138 t=12570.0s remaining=866
    iter=1135 E=-2.1798481222 nfev=1139 t=12580.8s remaining=865
    iter=1136 E=-2.1798489267 nfev=1140 t=12590.3s remaining=864
    iter=1137 E=-2.1798497295 nfev=1141 t=12604.4s remaining=863
    iter=1138 E=-2.1798506958 nfev=1142 t=12613.8s remaining=862
    iter=1139 E=-2.1798516026 nfev=1143 t=12624.7s remaining=861
    iter=1140 E=-2.1798521451 nfev=1144 t=12637.2s remaining=860
    iter=1141 E=-2.1798524810 nfev=1145 t=12643.7s remaining=859
    iter=1142 E=-2.1798527375 nfev=1146 t=12656.5s remaining=858
    iter=1143 E=-2.1798529332 nfev=1147 t=12663.3s remaining=857
    iter=1144 E=-2.1798531072 nfev=1148 t=12673.6s remaining=856
    iter=1145 E=-2.1798533269 nfev=1149 t=12689.5s remaining=855
    iter=1146 E=-2.1798535987 nfev=1150 t=12702.6s remaining=854
    iter=1147 E=-2.1798539901 nfev=1151 t=12712.1s remaining=853
    iter=1148 E=-2.1798545132 nfev=1152 t=12727.2s remaining=852
    iter=1149 E=-2.1798552200 nfev=1153 t=12740.4s remaining=851
    iter=1150 E=-2.1798562151 nfev=1154 t=12752.5s remaining=850
    iter=1151 E=-2.1798574386 nfev=1155 t=12761.6s remaining=849
    iter=1152 E=-2.1798585764 nfev=1156 t=12774.5s remaining=848
    iter=1153 E=-2.1798595462 nfev=1157 t=12782.3s remaining=847
    iter=1154 E=-2.1798601781 nfev=1158 t=12789.1s remaining=846
    iter=1155 E=-2.1798604760 nfev=1159 t=12799.5s remaining=845
    iter=1156 E=-2.1798606387 nfev=1160 t=12808.9s remaining=844
    iter=1157 E=-2.1798607649 nfev=1161 t=12819.5s remaining=843
    iter=1158 E=-2.1798608710 nfev=1162 t=12828.8s remaining=842
    iter=1159 E=-2.1798610276 nfev=1163 t=12840.0s remaining=841
    iter=1160 E=-2.1798612498 nfev=1164 t=12851.5s remaining=840
    iter=1161 E=-2.1798615047 nfev=1165 t=12864.6s remaining=839
    iter=1162 E=-2.1798618181 nfev=1166 t=12872.8s remaining=838
    iter=1163 E=-2.1798623025 nfev=1167 t=12880.4s remaining=837
    iter=1164 E=-2.1798630015 nfev=1168 t=12891.8s remaining=836
    iter=1165 E=-2.1798638011 nfev=1169 t=12903.5s remaining=835
    iter=1166 E=-2.1798644327 nfev=1170 t=12913.0s remaining=834
    iter=1167 E=-2.1798652186 nfev=1171 t=12927.0s remaining=833
    iter=1168 E=-2.1798658152 nfev=1172 t=12937.9s remaining=832
    iter=1169 E=-2.1798661737 nfev=1173 t=12949.6s remaining=831
    iter=1170 E=-2.1798665206 nfev=1174 t=12960.4s remaining=830
    iter=1171 E=-2.1798668095 nfev=1175 t=12972.8s remaining=829
    iter=1172 E=-2.1798669662 nfev=1176 t=12977.1s remaining=828
    iter=1173 E=-2.1798670998 nfev=1177 t=12989.5s remaining=827
    iter=1174 E=-2.1798672329 nfev=1178 t=12999.4s remaining=826
    iter=1175 E=-2.1798673387 nfev=1179 t=13010.3s remaining=825
    iter=1176 E=-2.1798674643 nfev=1180 t=13020.3s remaining=824
    iter=1177 E=-2.1798676504 nfev=1181 t=13027.4s remaining=823
    iter=1178 E=-2.1798679439 nfev=1182 t=13034.2s remaining=822
    iter=1179 E=-2.1798683822 nfev=1183 t=13046.8s remaining=821
    iter=1180 E=-2.1798689721 nfev=1184 t=13055.8s remaining=820
    iter=1181 E=-2.1798696709 nfev=1185 t=13063.0s remaining=819
    iter=1182 E=-2.1798704845 nfev=1186 t=13074.7s remaining=818
    iter=1183 E=-2.1798713685 nfev=1187 t=13086.4s remaining=817
    iter=1184 E=-2.1798718686 nfev=1188 t=13098.0s remaining=816
    iter=1185 E=-2.1798721394 nfev=1189 t=13108.8s remaining=815
    iter=1186 E=-2.1798723630 nfev=1190 t=13124.0s remaining=814
    iter=1187 E=-2.1798724895 nfev=1191 t=13135.9s remaining=813
    iter=1188 E=-2.1798725803 nfev=1192 t=13146.1s remaining=812
    iter=1189 E=-2.1798726635 nfev=1193 t=13156.6s remaining=811
    iter=1190 E=-2.1798727584 nfev=1194 t=13168.3s remaining=810
    iter=1191 E=-2.1798728540 nfev=1195 t=13179.1s remaining=809
    iter=1192 E=-2.1798729828 nfev=1196 t=13189.8s remaining=808
    iter=1193 E=-2.1798731597 nfev=1197 t=13202.5s remaining=807
    iter=1194 E=-2.1798733991 nfev=1198 t=13211.2s remaining=806
    iter=1195 E=-2.1798737194 nfev=1199 t=13221.3s remaining=805
    iter=1196 E=-2.1798741702 nfev=1200 t=13228.7s remaining=804
    iter=1197 E=-2.1798747765 nfev=1201 t=13239.8s remaining=803
    iter=1198 E=-2.1798753184 nfev=1202 t=13251.0s remaining=802
    iter=1199 E=-2.1798756803 nfev=1203 t=13259.5s remaining=801
    iter=1200 E=-2.1798759842 nfev=1204 t=13272.5s remaining=800
    iter=1201 E=-2.1798762399 nfev=1205 t=13280.8s remaining=799
    iter=1202 E=-2.1798764202 nfev=1206 t=13292.6s remaining=798
    iter=1203 E=-2.1798766026 nfev=1207 t=13307.6s remaining=797
    iter=1204 E=-2.1798767283 nfev=1208 t=13319.2s remaining=796
    iter=1205 E=-2.1798768373 nfev=1209 t=13337.5s remaining=795
    iter=1206 E=-2.1798769384 nfev=1210 t=13345.4s remaining=794
    iter=1207 E=-2.1798770326 nfev=1211 t=13353.1s remaining=793
    iter=1208 E=-2.1798771660 nfev=1212 t=13364.5s remaining=792
    iter=1209 E=-2.1798773627 nfev=1213 t=13376.2s remaining=791
    iter=1210 E=-2.1798776677 nfev=1214 t=13383.4s remaining=790
    iter=1211 E=-2.1798781267 nfev=1215 t=13394.9s remaining=789
    iter=1212 E=-2.1798787513 nfev=1216 t=13406.4s remaining=788
    iter=1213 E=-2.1798793105 nfev=1217 t=13418.8s remaining=787
    iter=1214 E=-2.1798797903 nfev=1218 t=13435.3s remaining=786
    iter=1215 E=-2.1798801158 nfev=1219 t=13448.4s remaining=785
    iter=1216 E=-2.1798803666 nfev=1220 t=13460.8s remaining=784
    iter=1217 E=-2.1798805499 nfev=1221 t=13473.1s remaining=783
    iter=1218 E=-2.1798808036 nfev=1222 t=13483.1s remaining=782
    iter=1219 E=-2.1798809508 nfev=1223 t=13491.2s remaining=781
    iter=1220 E=-2.1798811056 nfev=1224 t=13498.9s remaining=780
    iter=1221 E=-2.1798812490 nfev=1225 t=13511.8s remaining=779
    iter=1222 E=-2.1798814074 nfev=1226 t=13523.8s remaining=778
    iter=1223 E=-2.1798815688 nfev=1227 t=13537.0s remaining=777
    iter=1224 E=-2.1798817551 nfev=1228 t=13547.4s remaining=776
    iter=1225 E=-2.1798819850 nfev=1229 t=13555.8s remaining=775
    iter=1226 E=-2.1798822883 nfev=1230 t=13567.5s remaining=774
    iter=1227 E=-2.1798827041 nfev=1231 t=13575.9s remaining=773
    iter=1228 E=-2.1798832775 nfev=1232 t=13588.3s remaining=772
    iter=1229 E=-2.1798839871 nfev=1233 t=13593.8s remaining=771
    iter=1230 E=-2.1798846753 nfev=1234 t=13604.0s remaining=770
    iter=1231 E=-2.1798851605 nfev=1235 t=13616.3s remaining=769
    iter=1232 E=-2.1798854382 nfev=1236 t=13624.6s remaining=768
    iter=1233 E=-2.1798856555 nfev=1237 t=13636.3s remaining=767
    iter=1234 E=-2.1798858052 nfev=1238 t=13649.7s remaining=766
    iter=1235 E=-2.1798858926 nfev=1239 t=13664.3s remaining=765
    iter=1236 E=-2.1798859758 nfev=1240 t=13675.7s remaining=764
    iter=1237 E=-2.1798860708 nfev=1241 t=13684.0s remaining=763
    iter=1238 E=-2.1798861979 nfev=1242 t=13694.0s remaining=762
    iter=1239 E=-2.1798863855 nfev=1243 t=13705.5s remaining=761
    iter=1240 E=-2.1798866766 nfev=1244 t=13714.7s remaining=760
    iter=1241 E=-2.1798870990 nfev=1245 t=13724.0s remaining=759
    iter=1242 E=-2.1798876821 nfev=1246 t=13734.0s remaining=758
    iter=1243 E=-2.1798883750 nfev=1247 t=13746.4s remaining=757
    iter=1244 E=-2.1798892733 nfev=1248 t=13755.9s remaining=756
    iter=1245 E=-2.1798900759 nfev=1249 t=13767.1s remaining=755
    iter=1246 E=-2.1798905076 nfev=1250 t=13775.1s remaining=754
    iter=1247 E=-2.1798907156 nfev=1251 t=13786.7s remaining=753
    iter=1248 E=-2.1798908496 nfev=1252 t=13796.8s remaining=752
    iter=1249 E=-2.1798909256 nfev=1253 t=13807.9s remaining=751
    iter=1250 E=-2.1798909946 nfev=1254 t=13820.2s remaining=750
    iter=1251 E=-2.1798910652 nfev=1255 t=13830.5s remaining=749
    iter=1252 E=-2.1798911770 nfev=1256 t=13840.2s remaining=748
    iter=1253 E=-2.1798913431 nfev=1257 t=13849.8s remaining=747
    iter=1254 E=-2.1798915611 nfev=1258 t=13860.8s remaining=746
    iter=1255 E=-2.1798918963 nfev=1259 t=13871.3s remaining=745
    iter=1256 E=-2.1798924062 nfev=1260 t=13881.2s remaining=744
    iter=1257 E=-2.1798930743 nfev=1261 t=13890.0s remaining=743
    iter=1258 E=-2.1798937788 nfev=1262 t=13902.4s remaining=742
    iter=1259 E=-2.1798944063 nfev=1263 t=13909.8s remaining=741
    iter=1260 E=-2.1798948647 nfev=1264 t=13919.3s remaining=740
    iter=1261 E=-2.1798950025 nfev=1265 t=13929.5s remaining=739
    iter=1262 E=-2.1798952183 nfev=1266 t=13937.2s remaining=738
    iter=1263 E=-2.1798954606 nfev=1267 t=13946.4s remaining=737
    iter=1264 E=-2.1798955642 nfev=1268 t=13956.6s remaining=736
    iter=1265 E=-2.1798956480 nfev=1269 t=13966.7s remaining=735
    iter=1266 E=-2.1798957347 nfev=1270 t=13981.4s remaining=734
    iter=1267 E=-2.1798958205 nfev=1271 t=13991.7s remaining=733
    iter=1268 E=-2.1798959483 nfev=1272 t=14002.3s remaining=732
    iter=1269 E=-2.1798961410 nfev=1273 t=14016.3s remaining=731
    iter=1270 E=-2.1798964253 nfev=1274 t=14026.4s remaining=730
    iter=1271 E=-2.1798968159 nfev=1275 t=14035.0s remaining=729
    iter=1272 E=-2.1798973130 nfev=1276 t=14051.4s remaining=728
    iter=1273 E=-2.1798979452 nfev=1277 t=14064.6s remaining=727
    iter=1274 E=-2.1798984720 nfev=1278 t=14072.3s remaining=726
    iter=1275 E=-2.1798988780 nfev=1279 t=14086.7s remaining=725
    iter=1276 E=-2.1798992152 nfev=1280 t=14096.0s remaining=724
    iter=1277 E=-2.1798994717 nfev=1281 t=14108.0s remaining=723
    iter=1278 E=-2.1798996399 nfev=1282 t=14119.0s remaining=722
    iter=1279 E=-2.1798997667 nfev=1283 t=14130.1s remaining=721
    iter=1280 E=-2.1798998839 nfev=1284 t=14139.9s remaining=720
    iter=1281 E=-2.1798999768 nfev=1285 t=14145.3s remaining=719
    iter=1282 E=-2.1799000920 nfev=1286 t=14155.8s remaining=718
    iter=1283 E=-2.1799002311 nfev=1287 t=14164.7s remaining=717
    iter=1284 E=-2.1799003535 nfev=1288 t=14181.7s remaining=716
    iter=1285 E=-2.1799005027 nfev=1289 t=14191.5s remaining=715
    iter=1286 E=-2.1799006495 nfev=1290 t=14204.8s remaining=714
    iter=1287 E=-2.1799008144 nfev=1291 t=14216.3s remaining=713
    iter=1288 E=-2.1799010243 nfev=1292 t=14225.4s remaining=712
    iter=1289 E=-2.1799013015 nfev=1293 t=14230.1s remaining=711
    iter=1290 E=-2.1799016371 nfev=1294 t=14235.1s remaining=710
    iter=1291 E=-2.1799019824 nfev=1295 t=14246.6s remaining=709
    iter=1292 E=-2.1799023089 nfev=1296 t=14256.3s remaining=708
    iter=1293 E=-2.1799025550 nfev=1297 t=14270.5s remaining=707
    iter=1294 E=-2.1799027977 nfev=1298 t=14280.4s remaining=706
    iter=1295 E=-2.1799030482 nfev=1299 t=14293.0s remaining=705
    iter=1296 E=-2.1799033049 nfev=1300 t=14305.3s remaining=704
    iter=1297 E=-2.1799035176 nfev=1301 t=14318.3s remaining=703
    iter=1298 E=-2.1799036813 nfev=1302 t=14330.0s remaining=702
    iter=1299 E=-2.1799038186 nfev=1303 t=14342.7s remaining=701
    iter=1300 E=-2.1799039157 nfev=1304 t=14351.7s remaining=700
    iter=1301 E=-2.1799039979 nfev=1305 t=14361.7s remaining=699
    iter=1302 E=-2.1799040640 nfev=1306 t=14373.2s remaining=698
    iter=1303 E=-2.1799041371 nfev=1307 t=14385.0s remaining=697
    iter=1304 E=-2.1799042226 nfev=1308 t=14400.8s remaining=696
    iter=1305 E=-2.1799043392 nfev=1309 t=14411.1s remaining=695
    iter=1306 E=-2.1799044989 nfev=1310 t=14419.0s remaining=694
    iter=1307 E=-2.1799047308 nfev=1311 t=14424.9s remaining=693
    iter=1308 E=-2.1799050498 nfev=1312 t=14435.2s remaining=692
    iter=1309 E=-2.1799054010 nfev=1313 t=14448.8s remaining=691
    iter=1310 E=-2.1799057918 nfev=1314 t=14461.5s remaining=690
    iter=1311 E=-2.1799061751 nfev=1315 t=14471.6s remaining=689
    iter=1312 E=-2.1799065594 nfev=1316 t=14481.6s remaining=688
    iter=1313 E=-2.1799069772 nfev=1317 t=14493.1s remaining=687
    iter=1314 E=-2.1799072775 nfev=1318 t=14505.3s remaining=686
    iter=1315 E=-2.1799074829 nfev=1319 t=14515.3s remaining=685
    iter=1316 E=-2.1799076358 nfev=1320 t=14525.3s remaining=684
    iter=1317 E=-2.1799077453 nfev=1321 t=14534.8s remaining=683
    iter=1318 E=-2.1799078298 nfev=1322 t=14543.5s remaining=682
    iter=1319 E=-2.1799079136 nfev=1323 t=14555.0s remaining=681
    iter=1320 E=-2.1799080133 nfev=1324 t=14571.8s remaining=680
    iter=1321 E=-2.1799081219 nfev=1325 t=14580.6s remaining=679
    iter=1322 E=-2.1799082668 nfev=1326 t=14591.1s remaining=678
    iter=1323 E=-2.1799084391 nfev=1327 t=14600.1s remaining=677
    iter=1324 E=-2.1799086780 nfev=1328 t=14612.4s remaining=676
    iter=1325 E=-2.1799090083 nfev=1329 t=14624.7s remaining=675
    iter=1326 E=-2.1799094469 nfev=1330 t=14636.2s remaining=674
    iter=1327 E=-2.1799099422 nfev=1331 t=14650.2s remaining=673
    iter=1328 E=-2.1799104537 nfev=1332 t=14660.6s remaining=672
    iter=1329 E=-2.1799110139 nfev=1333 t=14669.6s remaining=671
    iter=1330 E=-2.1799114178 nfev=1334 t=14679.4s remaining=670
    iter=1331 E=-2.1799116112 nfev=1335 t=14687.6s remaining=669
    iter=1332 E=-2.1799117368 nfev=1336 t=14698.2s remaining=668
    iter=1333 E=-2.1799118133 nfev=1337 t=14706.7s remaining=667
    iter=1334 E=-2.1799118709 nfev=1338 t=14718.6s remaining=666
    iter=1335 E=-2.1799119290 nfev=1339 t=14732.0s remaining=665
    iter=1336 E=-2.1799119907 nfev=1340 t=14744.4s remaining=664
    iter=1337 E=-2.1799120743 nfev=1341 t=14754.1s remaining=663
    iter=1338 E=-2.1799122088 nfev=1342 t=14765.0s remaining=662
    iter=1339 E=-2.1799124197 nfev=1343 t=14781.4s remaining=661
    iter=1340 E=-2.1799127533 nfev=1344 t=14790.4s remaining=660
    iter=1341 E=-2.1799132333 nfev=1345 t=14804.4s remaining=659
    iter=1342 E=-2.1799138364 nfev=1346 t=14819.6s remaining=658
    iter=1343 E=-2.1799143299 nfev=1347 t=14831.0s remaining=657
    iter=1344 E=-2.1799147188 nfev=1348 t=14839.8s remaining=656
    iter=1345 E=-2.1799150018 nfev=1349 t=14849.8s remaining=655
    iter=1346 E=-2.1799151567 nfev=1350 t=14863.9s remaining=654
    iter=1347 E=-2.1799152525 nfev=1351 t=14876.8s remaining=653
    iter=1348 E=-2.1799153368 nfev=1352 t=14886.3s remaining=652
    iter=1349 E=-2.1799153872 nfev=1353 t=14897.5s remaining=651
    iter=1350 E=-2.1799154341 nfev=1354 t=14906.3s remaining=650
    iter=1351 E=-2.1799155015 nfev=1355 t=14917.9s remaining=649
    iter=1352 E=-2.1799155911 nfev=1356 t=14928.8s remaining=648
    iter=1353 E=-2.1799156964 nfev=1357 t=14940.7s remaining=647
    iter=1354 E=-2.1799158689 nfev=1358 t=14950.3s remaining=646
    iter=1355 E=-2.1799161606 nfev=1359 t=14961.6s remaining=645
    iter=1356 E=-2.1799166231 nfev=1360 t=14971.3s remaining=644
    iter=1357 E=-2.1799171911 nfev=1361 t=14978.8s remaining=643
    iter=1358 E=-2.1799175897 nfev=1362 t=14988.4s remaining=642
    iter=1359 E=-2.1799179951 nfev=1363 t=14996.7s remaining=641
    iter=1360 E=-2.1799181619 nfev=1364 t=15008.6s remaining=640
    iter=1361 E=-2.1799182460 nfev=1365 t=15020.7s remaining=639
    iter=1362 E=-2.1799183083 nfev=1366 t=15030.2s remaining=638
    iter=1363 E=-2.1799183792 nfev=1367 t=15040.2s remaining=637
    iter=1364 E=-2.1799184234 nfev=1368 t=15055.5s remaining=636
    iter=1365 E=-2.1799184838 nfev=1369 t=15066.6s remaining=635
    iter=1366 E=-2.1799185600 nfev=1370 t=15079.2s remaining=634
    iter=1367 E=-2.1799186418 nfev=1371 t=15087.3s remaining=633
    iter=1368 E=-2.1799187595 nfev=1372 t=15099.5s remaining=632
    iter=1369 E=-2.1799189217 nfev=1373 t=15108.3s remaining=631
    iter=1370 E=-2.1799191405 nfev=1374 t=15118.6s remaining=630
    iter=1371 E=-2.1799193977 nfev=1375 t=15130.4s remaining=629
    iter=1372 E=-2.1799197485 nfev=1376 t=15145.9s remaining=628
    iter=1373 E=-2.1799201618 nfev=1377 t=15154.0s remaining=627
    iter=1374 E=-2.1799205017 nfev=1378 t=15162.0s remaining=626
    iter=1375 E=-2.1799207880 nfev=1379 t=15173.7s remaining=625
    iter=1376 E=-2.1799210576 nfev=1380 t=15181.8s remaining=624
    iter=1377 E=-2.1799212030 nfev=1381 t=15195.0s remaining=623
    iter=1378 E=-2.1799213009 nfev=1382 t=15204.0s remaining=622
    iter=1379 E=-2.1799213689 nfev=1383 t=15212.9s remaining=621
    iter=1380 E=-2.1799214327 nfev=1384 t=15225.9s remaining=620
    iter=1381 E=-2.1799214934 nfev=1385 t=15237.4s remaining=619
    iter=1382 E=-2.1799215479 nfev=1386 t=15251.6s remaining=618
    iter=1383 E=-2.1799216095 nfev=1387 t=15261.5s remaining=617
    iter=1384 E=-2.1799216887 nfev=1388 t=15272.1s remaining=616
    iter=1385 E=-2.1799217960 nfev=1389 t=15282.2s remaining=615
    iter=1386 E=-2.1799219413 nfev=1390 t=15295.8s remaining=614
    iter=1387 E=-2.1799221362 nfev=1391 t=15310.8s remaining=613
    iter=1388 E=-2.1799223878 nfev=1392 t=15323.5s remaining=612
    iter=1389 E=-2.1799226823 nfev=1393 t=15336.7s remaining=611
    iter=1390 E=-2.1799229903 nfev=1394 t=15348.3s remaining=610
    iter=1391 E=-2.1799232407 nfev=1395 t=15360.1s remaining=609
    iter=1392 E=-2.1799234282 nfev=1396 t=15373.3s remaining=608
    iter=1393 E=-2.1799235756 nfev=1397 t=15385.9s remaining=607
    iter=1394 E=-2.1799236923 nfev=1398 t=15393.6s remaining=606
    iter=1395 E=-2.1799237842 nfev=1399 t=15402.0s remaining=605
    iter=1396 E=-2.1799238479 nfev=1400 t=15413.7s remaining=604
    iter=1397 E=-2.1799239077 nfev=1401 t=15421.4s remaining=603
    iter=1398 E=-2.1799239423 nfev=1402 t=15430.7s remaining=602
    iter=1399 E=-2.1799239751 nfev=1403 t=15446.4s remaining=601
    iter=1400 E=-2.1799240227 nfev=1404 t=15459.8s remaining=600
    iter=1401 E=-2.1799240888 nfev=1405 t=15470.3s remaining=599
    iter=1402 E=-2.1799241916 nfev=1406 t=15478.4s remaining=598
    iter=1403 E=-2.1799243508 nfev=1407 t=15489.3s remaining=597
    iter=1404 E=-2.1799245788 nfev=1408 t=15501.0s remaining=596
    iter=1405 E=-2.1799248305 nfev=1409 t=15506.7s remaining=595
    iter=1406 E=-2.1799250703 nfev=1410 t=15511.3s remaining=594
    iter=1407 E=-2.1799253315 nfev=1411 t=15526.3s remaining=593
    iter=1408 E=-2.1799255630 nfev=1412 t=15537.7s remaining=592
    iter=1409 E=-2.1799257380 nfev=1413 t=15549.4s remaining=591
    iter=1410 E=-2.1799258365 nfev=1414 t=15561.0s remaining=590
    iter=1411 E=-2.1799258885 nfev=1415 t=15571.4s remaining=589
    iter=1412 E=-2.1799259259 nfev=1416 t=15576.7s remaining=588
    iter=1413 E=-2.1799259651 nfev=1417 t=15586.0s remaining=587
    iter=1414 E=-2.1799259979 nfev=1418 t=15597.3s remaining=586
    iter=1415 E=-2.1799260330 nfev=1419 t=15606.2s remaining=585
    iter=1416 E=-2.1799260766 nfev=1420 t=15616.9s remaining=584
    iter=1417 E=-2.1799261465 nfev=1421 t=15627.0s remaining=583
    iter=1418 E=-2.1799262570 nfev=1422 t=15638.1s remaining=582
    iter=1419 E=-2.1799264214 nfev=1423 t=15646.9s remaining=581
    iter=1420 E=-2.1799266323 nfev=1424 t=15655.7s remaining=580
    iter=1421 E=-2.1799268218 nfev=1425 t=15667.1s remaining=579
    iter=1422 E=-2.1799270330 nfev=1426 t=15676.3s remaining=578
    iter=1423 E=-2.1799272066 nfev=1427 t=15687.2s remaining=577
    iter=1424 E=-2.1799273743 nfev=1428 t=15700.0s remaining=576
    iter=1425 E=-2.1799275456 nfev=1429 t=15713.3s remaining=575
    iter=1426 E=-2.1799276547 nfev=1430 t=15721.5s remaining=574
    iter=1427 E=-2.1799277193 nfev=1431 t=15731.9s remaining=573
    iter=1428 E=-2.1799277587 nfev=1432 t=15740.4s remaining=572
    iter=1429 E=-2.1799277914 nfev=1433 t=15751.2s remaining=571
    iter=1430 E=-2.1799278240 nfev=1434 t=15762.5s remaining=570
    iter=1431 E=-2.1799278797 nfev=1435 t=15769.9s remaining=569
    iter=1432 E=-2.1799279749 nfev=1436 t=15778.1s remaining=568
    iter=1433 E=-2.1799281387 nfev=1437 t=15786.9s remaining=567
    iter=1434 E=-2.1799283944 nfev=1438 t=15797.3s remaining=566
    iter=1435 E=-2.1799287274 nfev=1439 t=15807.6s remaining=565
    iter=1436 E=-2.1799290583 nfev=1440 t=15819.5s remaining=564
    iter=1437 E=-2.1799294078 nfev=1441 t=15831.2s remaining=563
    iter=1438 E=-2.1799296008 nfev=1442 t=15844.7s remaining=562
    iter=1439 E=-2.1799296945 nfev=1443 t=15859.4s remaining=561
    iter=1440 E=-2.1799297539 nfev=1444 t=15871.0s remaining=560
    iter=1441 E=-2.1799298039 nfev=1445 t=15881.6s remaining=559
    iter=1442 E=-2.1799298421 nfev=1446 t=15889.3s remaining=558
    iter=1443 E=-2.1799298832 nfev=1447 t=15903.2s remaining=557
    iter=1444 E=-2.1799299472 nfev=1448 t=15915.2s remaining=556
    iter=1445 E=-2.1799300424 nfev=1449 t=15925.5s remaining=555
    iter=1446 E=-2.1799301633 nfev=1450 t=15937.7s remaining=554
    iter=1447 E=-2.1799303336 nfev=1451 t=15945.9s remaining=553
    iter=1448 E=-2.1799305914 nfev=1452 t=15953.8s remaining=552
    iter=1449 E=-2.1799309719 nfev=1453 t=15963.2s remaining=551
    iter=1450 E=-2.1799313732 nfev=1454 t=15973.7s remaining=550
    iter=1451 E=-2.1799316098 nfev=1455 t=15985.1s remaining=549
    iter=1452 E=-2.1799318230 nfev=1456 t=15997.7s remaining=548
    iter=1453 E=-2.1799319852 nfev=1457 t=16007.6s remaining=547
    iter=1454 E=-2.1799320922 nfev=1458 t=16016.7s remaining=546
    iter=1455 E=-2.1799321770 nfev=1459 t=16025.2s remaining=545
    iter=1456 E=-2.1799322365 nfev=1460 t=16036.0s remaining=544
    iter=1457 E=-2.1799322808 nfev=1461 t=16045.9s remaining=543
    iter=1458 E=-2.1799323248 nfev=1462 t=16051.4s remaining=542
    iter=1459 E=-2.1799323673 nfev=1463 t=16067.0s remaining=541
    iter=1460 E=-2.1799324201 nfev=1464 t=16078.6s remaining=540
    iter=1461 E=-2.1799324915 nfev=1465 t=16086.9s remaining=539
    iter=1462 E=-2.1799326040 nfev=1466 t=16100.4s remaining=538
    iter=1463 E=-2.1799327786 nfev=1467 t=16111.8s remaining=537
    iter=1464 E=-2.1799330470 nfev=1468 t=16119.9s remaining=536
    iter=1465 E=-2.1799334165 nfev=1469 t=16128.0s remaining=535
    iter=1466 E=-2.1799337578 nfev=1470 t=16139.3s remaining=534
    iter=1467 E=-2.1799340601 nfev=1471 t=16152.3s remaining=533
    iter=1468 E=-2.1799343171 nfev=1472 t=16163.3s remaining=532
    iter=1469 E=-2.1799345355 nfev=1473 t=16172.5s remaining=531
    iter=1470 E=-2.1799346819 nfev=1474 t=16181.8s remaining=530
    iter=1471 E=-2.1799347812 nfev=1475 t=16189.4s remaining=529
    iter=1472 E=-2.1799348142 nfev=1476 t=16198.7s remaining=528
    iter=1473 E=-2.1799348444 nfev=1477 t=16207.6s remaining=527
    iter=1474 E=-2.1799348659 nfev=1478 t=16220.4s remaining=526
    iter=1475 E=-2.1799348822 nfev=1479 t=16234.6s remaining=525
    iter=1476 E=-2.1799349041 nfev=1480 t=16245.7s remaining=524
    iter=1477 E=-2.1799349406 nfev=1481 t=16258.9s remaining=523
    iter=1478 E=-2.1799350009 nfev=1482 t=16274.4s remaining=522
    iter=1479 E=-2.1799350941 nfev=1483 t=16285.3s remaining=521
    iter=1480 E=-2.1799352132 nfev=1484 t=16299.9s remaining=520
    iter=1481 E=-2.1799353455 nfev=1485 t=16308.8s remaining=519
    iter=1482 E=-2.1799355684 nfev=1486 t=16320.9s remaining=518
    iter=1483 E=-2.1799358925 nfev=1487 t=16329.3s remaining=517
    iter=1484 E=-2.1799361354 nfev=1488 t=16340.8s remaining=516
    iter=1485 E=-2.1799363308 nfev=1489 t=16351.7s remaining=515
    iter=1486 E=-2.1799364862 nfev=1490 t=16362.6s remaining=514
    iter=1487 E=-2.1799365726 nfev=1491 t=16375.6s remaining=513
    iter=1488 E=-2.1799366105 nfev=1492 t=16385.8s remaining=512
    iter=1489 E=-2.1799366406 nfev=1493 t=16396.3s remaining=511
    iter=1490 E=-2.1799366619 nfev=1494 t=16408.2s remaining=510
    iter=1491 E=-2.1799366812 nfev=1495 t=16418.5s remaining=509
    iter=1492 E=-2.1799367038 nfev=1496 t=16429.0s remaining=508
    iter=1493 E=-2.1799367377 nfev=1497 t=16441.3s remaining=507
    iter=1494 E=-2.1799367935 nfev=1498 t=16454.0s remaining=506
    iter=1495 E=-2.1799368864 nfev=1499 t=16464.0s remaining=505
    iter=1496 E=-2.1799370364 nfev=1500 t=16473.2s remaining=504
    iter=1497 E=-2.1799372591 nfev=1501 t=16476.4s remaining=503
    iter=1498 E=-2.1799374904 nfev=1502 t=16490.9s remaining=502
    iter=1499 E=-2.1799377306 nfev=1503 t=16498.9s remaining=501
    iter=1500 E=-2.1799379838 nfev=1504 t=16508.5s remaining=500
    iter=1501 E=-2.1799381820 nfev=1505 t=16524.5s remaining=499
    iter=1502 E=-2.1799382678 nfev=1506 t=16537.6s remaining=498
    iter=1503 E=-2.1799383369 nfev=1507 t=16552.2s remaining=497
    iter=1504 E=-2.1799383936 nfev=1508 t=16565.8s remaining=496
    iter=1505 E=-2.1799384168 nfev=1509 t=16576.1s remaining=495
    iter=1506 E=-2.1799384422 nfev=1510 t=16588.6s remaining=494
    iter=1507 E=-2.1799384795 nfev=1511 t=16597.1s remaining=493
    iter=1508 E=-2.1799385222 nfev=1512 t=16603.4s remaining=492
    iter=1509 E=-2.1799385671 nfev=1513 t=16613.2s remaining=491
    iter=1510 E=-2.1799386363 nfev=1514 t=16626.8s remaining=490
    iter=1511 E=-2.1799387414 nfev=1515 t=16638.2s remaining=489
    iter=1512 E=-2.1799388833 nfev=1516 t=16648.4s remaining=488
    iter=1513 E=-2.1799390314 nfev=1517 t=16657.5s remaining=487
    iter=1514 E=-2.1799392098 nfev=1518 t=16670.6s remaining=486
    iter=1515 E=-2.1799394632 nfev=1519 t=16678.4s remaining=485
    iter=1516 E=-2.1799397263 nfev=1520 t=16688.4s remaining=484
    iter=1517 E=-2.1799399177 nfev=1521 t=16697.7s remaining=483
    iter=1518 E=-2.1799400516 nfev=1522 t=16709.3s remaining=482
    iter=1519 E=-2.1799401469 nfev=1523 t=16719.2s remaining=481
    iter=1520 E=-2.1799402029 nfev=1524 t=16730.0s remaining=480
    iter=1521 E=-2.1799402424 nfev=1525 t=16739.5s remaining=479
    iter=1522 E=-2.1799402736 nfev=1526 t=16754.0s remaining=478
    iter=1523 E=-2.1799403027 nfev=1527 t=16766.3s remaining=477
    iter=1524 E=-2.1799403373 nfev=1528 t=16778.5s remaining=476
    iter=1525 E=-2.1799403808 nfev=1529 t=16788.7s remaining=475
    iter=1526 E=-2.1799404344 nfev=1530 t=16796.4s remaining=474
    iter=1527 E=-2.1799405017 nfev=1531 t=16807.3s remaining=473
    iter=1528 E=-2.1799405763 nfev=1532 t=16815.5s remaining=472
    iter=1529 E=-2.1799406495 nfev=1533 t=16825.9s remaining=471
    iter=1530 E=-2.1799407532 nfev=1534 t=16838.7s remaining=470
    iter=1531 E=-2.1799408993 nfev=1535 t=16850.5s remaining=469
    iter=1532 E=-2.1799410920 nfev=1536 t=16868.3s remaining=468
    iter=1533 E=-2.1799412078 nfev=1537 t=16876.4s remaining=467
    iter=1534 E=-2.1799413476 nfev=1538 t=16886.9s remaining=466
    iter=1535 E=-2.1799414967 nfev=1539 t=16899.0s remaining=465
    iter=1536 E=-2.1799416287 nfev=1540 t=16912.9s remaining=464
    iter=1537 E=-2.1799417389 nfev=1541 t=16927.8s remaining=463
    iter=1538 E=-2.1799418356 nfev=1542 t=16937.4s remaining=462
    iter=1539 E=-2.1799418886 nfev=1543 t=16949.0s remaining=461
    iter=1540 E=-2.1799419270 nfev=1544 t=16962.8s remaining=460
    iter=1541 E=-2.1799419601 nfev=1545 t=16972.9s remaining=459
    iter=1542 E=-2.1799419845 nfev=1546 t=16987.0s remaining=458
    iter=1543 E=-2.1799420011 nfev=1547 t=16999.4s remaining=457
    iter=1544 E=-2.1799420230 nfev=1548 t=17012.9s remaining=456
    iter=1545 E=-2.1799420525 nfev=1549 t=17022.2s remaining=455
    iter=1546 E=-2.1799420977 nfev=1550 t=17034.6s remaining=454
    iter=1547 E=-2.1799421685 nfev=1551 t=17044.0s remaining=453
    iter=1548 E=-2.1799422827 nfev=1552 t=17056.1s remaining=452
    iter=1549 E=-2.1799424567 nfev=1553 t=17067.9s remaining=451
    iter=1550 E=-2.1799426866 nfev=1554 t=17077.2s remaining=450
    iter=1551 E=-2.1799429260 nfev=1555 t=17089.6s remaining=449
    iter=1552 E=-2.1799431216 nfev=1556 t=17104.5s remaining=448
    iter=1553 E=-2.1799432606 nfev=1557 t=17113.4s remaining=447
    iter=1554 E=-2.1799433598 nfev=1558 t=17125.4s remaining=446
    iter=1555 E=-2.1799434359 nfev=1559 t=17135.1s remaining=445
    iter=1556 E=-2.1799434842 nfev=1560 t=17143.0s remaining=444
    iter=1557 E=-2.1799435152 nfev=1561 t=17150.9s remaining=443
    iter=1558 E=-2.1799435298 nfev=1562 t=17159.4s remaining=442
    iter=1559 E=-2.1799435485 nfev=1563 t=17172.4s remaining=441
    iter=1560 E=-2.1799435727 nfev=1564 t=17186.8s remaining=440
    iter=1561 E=-2.1799436063 nfev=1565 t=17196.9s remaining=439
    iter=1562 E=-2.1799436545 nfev=1566 t=17207.3s remaining=438
    iter=1563 E=-2.1799437251 nfev=1567 t=17222.2s remaining=437
    iter=1564 E=-2.1799438288 nfev=1568 t=17235.0s remaining=436
    iter=1565 E=-2.1799439776 nfev=1569 t=17245.1s remaining=435
    iter=1566 E=-2.1799441739 nfev=1570 t=17259.2s remaining=434
    iter=1567 E=-2.1799443580 nfev=1571 t=17269.0s remaining=433
    iter=1568 E=-2.1799445003 nfev=1572 t=17278.7s remaining=432
    iter=1569 E=-2.1799447106 nfev=1573 t=17290.9s remaining=431
    iter=1570 E=-2.1799449650 nfev=1574 t=17304.9s remaining=430
    iter=1571 E=-2.1799450875 nfev=1575 t=17312.4s remaining=429
    iter=1572 E=-2.1799452291 nfev=1576 t=17320.4s remaining=428
    iter=1573 E=-2.1799453397 nfev=1577 t=17338.1s remaining=427
    iter=1574 E=-2.1799453952 nfev=1578 t=17347.8s remaining=426
    iter=1575 E=-2.1799454448 nfev=1579 t=17360.3s remaining=425
    iter=1576 E=-2.1799454937 nfev=1580 t=17368.0s remaining=424
    iter=1577 E=-2.1799455367 nfev=1581 t=17377.6s remaining=423
    iter=1578 E=-2.1799455757 nfev=1582 t=17385.6s remaining=422
    iter=1579 E=-2.1799456097 nfev=1583 t=17395.4s remaining=421
    iter=1580 E=-2.1799456497 nfev=1584 t=17405.9s remaining=420
    iter=1581 E=-2.1799457035 nfev=1585 t=17418.6s remaining=419
    iter=1582 E=-2.1799457797 nfev=1586 t=17429.8s remaining=418
    iter=1583 E=-2.1799458886 nfev=1587 t=17441.6s remaining=417
    iter=1584 E=-2.1799460450 nfev=1588 t=17455.1s remaining=416
    iter=1585 E=-2.1799462518 nfev=1589 t=17467.8s remaining=415
    iter=1586 E=-2.1799464996 nfev=1590 t=17480.6s remaining=414
    iter=1587 E=-2.1799467331 nfev=1591 t=17491.4s remaining=413
    iter=1588 E=-2.1799469930 nfev=1592 t=17500.7s remaining=412
    iter=1589 E=-2.1799471605 nfev=1593 t=17506.5s remaining=411
    iter=1590 E=-2.1799472616 nfev=1594 t=17519.2s remaining=410
    iter=1591 E=-2.1799473197 nfev=1595 t=17531.5s remaining=409
    iter=1592 E=-2.1799473636 nfev=1596 t=17547.8s remaining=408
    iter=1593 E=-2.1799473881 nfev=1597 t=17561.4s remaining=407
    iter=1594 E=-2.1799474113 nfev=1598 t=17566.9s remaining=406
    iter=1595 E=-2.1799474457 nfev=1599 t=17576.3s remaining=405
    iter=1596 E=-2.1799474988 nfev=1600 t=17586.8s remaining=404
    iter=1597 E=-2.1799475728 nfev=1601 t=17598.4s remaining=403
    iter=1598 E=-2.1799476504 nfev=1602 t=17607.3s remaining=402
    iter=1599 E=-2.1799477627 nfev=1603 t=17621.2s remaining=401
    iter=1600 E=-2.1799479176 nfev=1604 t=17629.6s remaining=400
    iter=1601 E=-2.1799481131 nfev=1605 t=17639.5s remaining=399
    iter=1602 E=-2.1799483375 nfev=1606 t=17645.6s remaining=398
    iter=1603 E=-2.1799486329 nfev=1607 t=17656.7s remaining=397
    iter=1604 E=-2.1799489417 nfev=1608 t=17661.0s remaining=396
    iter=1605 E=-2.1799491546 nfev=1609 t=17673.8s remaining=395
    iter=1606 E=-2.1799493290 nfev=1610 t=17689.4s remaining=394
    iter=1607 E=-2.1799495064 nfev=1611 t=17696.7s remaining=393
    iter=1608 E=-2.1799496358 nfev=1612 t=17702.3s remaining=392
    iter=1609 E=-2.1799497367 nfev=1613 t=17714.0s remaining=391
    iter=1610 E=-2.1799498185 nfev=1614 t=17722.8s remaining=390
    iter=1611 E=-2.1799498878 nfev=1615 t=17736.7s remaining=389
    iter=1612 E=-2.1799499404 nfev=1616 t=17744.6s remaining=388
    iter=1613 E=-2.1799499885 nfev=1617 t=17754.8s remaining=387
    iter=1614 E=-2.1799500366 nfev=1618 t=17765.1s remaining=386
    iter=1615 E=-2.1799500849 nfev=1619 t=17779.4s remaining=385
    iter=1616 E=-2.1799501541 nfev=1620 t=17793.6s remaining=384
    iter=1617 E=-2.1799502493 nfev=1621 t=17802.9s remaining=383
    iter=1618 E=-2.1799503831 nfev=1622 t=17813.2s remaining=382
    iter=1619 E=-2.1799505757 nfev=1623 t=17824.5s remaining=381
    iter=1620 E=-2.1799508320 nfev=1624 t=17833.8s remaining=380
    iter=1621 E=-2.1799511282 nfev=1625 t=17840.1s remaining=379
    iter=1622 E=-2.1799513804 nfev=1626 t=17851.8s remaining=378
    iter=1623 E=-2.1799516168 nfev=1627 t=17864.1s remaining=377
    iter=1624 E=-2.1799517673 nfev=1628 t=17875.5s remaining=376
    iter=1625 E=-2.1799518297 nfev=1629 t=17884.7s remaining=375
    iter=1626 E=-2.1799518857 nfev=1630 t=17895.8s remaining=374
    iter=1627 E=-2.1799519091 nfev=1631 t=17911.4s remaining=373
    iter=1628 E=-2.1799519301 nfev=1632 t=17922.5s remaining=372
    iter=1629 E=-2.1799519485 nfev=1633 t=17931.7s remaining=371
    iter=1630 E=-2.1799519763 nfev=1634 t=17945.3s remaining=370
    iter=1631 E=-2.1799520210 nfev=1635 t=17961.7s remaining=369
    iter=1632 E=-2.1799520869 nfev=1636 t=17975.8s remaining=368
    iter=1633 E=-2.1799521494 nfev=1637 t=17984.9s remaining=367
    iter=1634 E=-2.1799522537 nfev=1638 t=18002.1s remaining=366
    iter=1635 E=-2.1799524118 nfev=1639 t=18016.9s remaining=365
    iter=1636 E=-2.1799525967 nfev=1640 t=18029.1s remaining=364
    iter=1637 E=-2.1799527659 nfev=1641 t=18037.6s remaining=363
    iter=1638 E=-2.1799529901 nfev=1642 t=18050.8s remaining=362
    iter=1639 E=-2.1799532463 nfev=1643 t=18061.9s remaining=361
    iter=1640 E=-2.1799534610 nfev=1644 t=18076.9s remaining=360
    iter=1641 E=-2.1799536165 nfev=1645 t=18085.9s remaining=359
    iter=1642 E=-2.1799537481 nfev=1646 t=18097.0s remaining=358
    iter=1643 E=-2.1799538139 nfev=1647 t=18104.3s remaining=357
    iter=1644 E=-2.1799538730 nfev=1648 t=18112.8s remaining=356
    iter=1645 E=-2.1799539254 nfev=1649 t=18125.7s remaining=355
    iter=1646 E=-2.1799539706 nfev=1650 t=18139.0s remaining=354
    iter=1647 E=-2.1799540076 nfev=1651 t=18149.8s remaining=353
    iter=1648 E=-2.1799540452 nfev=1652 t=18158.0s remaining=352
    iter=1649 E=-2.1799540883 nfev=1653 t=18166.1s remaining=351
    iter=1650 E=-2.1799541546 nfev=1654 t=18171.4s remaining=350
    iter=1651 E=-2.1799542533 nfev=1655 t=18182.8s remaining=349
    iter=1652 E=-2.1799544029 nfev=1656 t=18193.8s remaining=348
    iter=1653 E=-2.1799546187 nfev=1657 t=18208.6s remaining=347
    iter=1654 E=-2.1799549214 nfev=1658 t=18219.1s remaining=346
    iter=1655 E=-2.1799552263 nfev=1659 t=18232.2s remaining=345
    iter=1656 E=-2.1799555195 nfev=1660 t=18242.5s remaining=344
    iter=1657 E=-2.1799557737 nfev=1661 t=18253.6s remaining=343
    iter=1658 E=-2.1799559330 nfev=1662 t=18262.4s remaining=342
    iter=1659 E=-2.1799560018 nfev=1663 t=18273.9s remaining=341
    iter=1660 E=-2.1799560662 nfev=1664 t=18284.3s remaining=340
    iter=1661 E=-2.1799560887 nfev=1665 t=18290.6s remaining=339
    iter=1662 E=-2.1799561156 nfev=1666 t=18300.4s remaining=338
    iter=1663 E=-2.1799561443 nfev=1667 t=18307.2s remaining=337
    iter=1664 E=-2.1799561862 nfev=1668 t=18320.6s remaining=336
    iter=1665 E=-2.1799562373 nfev=1669 t=18332.6s remaining=335
    iter=1666 E=-2.1799563042 nfev=1670 t=18343.6s remaining=334
    iter=1667 E=-2.1799563950 nfev=1671 t=18350.4s remaining=333
    iter=1668 E=-2.1799565174 nfev=1672 t=18362.2s remaining=332
    iter=1669 E=-2.1799566765 nfev=1673 t=18369.0s remaining=331
    iter=1670 E=-2.1799569089 nfev=1674 t=18377.9s remaining=330
    iter=1671 E=-2.1799572222 nfev=1675 t=18390.1s remaining=329
    iter=1672 E=-2.1799575652 nfev=1676 t=18399.4s remaining=328
    iter=1673 E=-2.1799578648 nfev=1677 t=18411.4s remaining=327
    iter=1674 E=-2.1799581135 nfev=1678 t=18422.2s remaining=326
    iter=1675 E=-2.1799583187 nfev=1679 t=18433.0s remaining=325
    iter=1676 E=-2.1799585008 nfev=1680 t=18444.8s remaining=324
    iter=1677 E=-2.1799586205 nfev=1681 t=18455.8s remaining=323
    iter=1678 E=-2.1799587041 nfev=1682 t=18474.4s remaining=322
    iter=1679 E=-2.1799587627 nfev=1683 t=18488.0s remaining=321
    iter=1680 E=-2.1799588115 nfev=1684 t=18496.4s remaining=320
    iter=1681 E=-2.1799588525 nfev=1685 t=18507.6s remaining=319
    iter=1682 E=-2.1799588919 nfev=1686 t=18515.8s remaining=318
    iter=1683 E=-2.1799589321 nfev=1687 t=18519.9s remaining=317
    iter=1684 E=-2.1799589775 nfev=1688 t=18533.1s remaining=316
    iter=1685 E=-2.1799590407 nfev=1689 t=18543.6s remaining=315
    iter=1686 E=-2.1799591287 nfev=1690 t=18553.3s remaining=314
    iter=1687 E=-2.1799592337 nfev=1691 t=18568.3s remaining=313
    iter=1688 E=-2.1799593579 nfev=1692 t=18578.2s remaining=312
    iter=1689 E=-2.1799595064 nfev=1693 t=18589.3s remaining=311
    iter=1690 E=-2.1799596711 nfev=1694 t=18599.6s remaining=310
    iter=1691 E=-2.1799598543 nfev=1695 t=18610.1s remaining=309
    iter=1692 E=-2.1799600516 nfev=1696 t=18621.3s remaining=308
    iter=1693 E=-2.1799603097 nfev=1697 t=18633.3s remaining=307
    iter=1694 E=-2.1799605627 nfev=1698 t=18643.8s remaining=306
    iter=1695 E=-2.1799607251 nfev=1699 t=18653.6s remaining=305
    iter=1696 E=-2.1799608414 nfev=1700 t=18664.3s remaining=304
    iter=1697 E=-2.1799609520 nfev=1701 t=18675.9s remaining=303
    iter=1698 E=-2.1799610410 nfev=1702 t=18686.9s remaining=302
    iter=1699 E=-2.1799611455 nfev=1703 t=18701.5s remaining=301
    iter=1700 E=-2.1799612551 nfev=1704 t=18713.8s remaining=300
    iter=1701 E=-2.1799613305 nfev=1705 t=18724.0s remaining=299
    iter=1702 E=-2.1799613985 nfev=1706 t=18731.9s remaining=298
    iter=1703 E=-2.1799614614 nfev=1707 t=18741.5s remaining=297
    iter=1704 E=-2.1799615103 nfev=1708 t=18754.7s remaining=296
    iter=1705 E=-2.1799615668 nfev=1709 t=18767.7s remaining=295
    iter=1706 E=-2.1799616167 nfev=1710 t=18779.9s remaining=294
    iter=1707 E=-2.1799616630 nfev=1711 t=18794.6s remaining=293
    iter=1708 E=-2.1799617090 nfev=1712 t=18804.6s remaining=292
    iter=1709 E=-2.1799617639 nfev=1713 t=18816.5s remaining=291
    iter=1710 E=-2.1799618387 nfev=1714 t=18829.6s remaining=290
    iter=1711 E=-2.1799619385 nfev=1715 t=18842.4s remaining=289
    iter=1712 E=-2.1799620628 nfev=1716 t=18854.7s remaining=288
    iter=1713 E=-2.1799621780 nfev=1717 t=18861.0s remaining=287
    iter=1714 E=-2.1799623011 nfev=1718 t=18870.4s remaining=286
    iter=1715 E=-2.1799624472 nfev=1719 t=18879.8s remaining=285
    iter=1716 E=-2.1799626376 nfev=1720 t=18891.0s remaining=284
    iter=1717 E=-2.1799628513 nfev=1721 t=18900.6s remaining=283
    iter=1718 E=-2.1799630330 nfev=1722 t=18912.5s remaining=282
    iter=1719 E=-2.1799631750 nfev=1723 t=18923.6s remaining=281
    iter=1720 E=-2.1799632733 nfev=1724 t=18937.6s remaining=280
    iter=1721 E=-2.1799633501 nfev=1725 t=18949.8s remaining=279
    iter=1722 E=-2.1799633902 nfev=1726 t=18960.8s remaining=278
    iter=1723 E=-2.1799634159 nfev=1727 t=18971.3s remaining=277
    iter=1724 E=-2.1799634374 nfev=1728 t=18983.1s remaining=276
    iter=1725 E=-2.1799634556 nfev=1729 t=18991.3s remaining=275
    iter=1726 E=-2.1799634740 nfev=1730 t=19011.1s remaining=274
    iter=1727 E=-2.1799634963 nfev=1731 t=19019.9s remaining=273
    iter=1728 E=-2.1799635254 nfev=1732 t=19034.2s remaining=272
    iter=1729 E=-2.1799635734 nfev=1733 t=19041.2s remaining=271
    iter=1730 E=-2.1799636454 nfev=1734 t=19053.0s remaining=270
    iter=1731 E=-2.1799637345 nfev=1735 t=19065.1s remaining=269
    iter=1732 E=-2.1799638606 nfev=1736 t=19075.2s remaining=268
    iter=1733 E=-2.1799640448 nfev=1737 t=19085.2s remaining=267
    iter=1734 E=-2.1799642651 nfev=1738 t=19101.5s remaining=266
    iter=1735 E=-2.1799644752 nfev=1739 t=19113.2s remaining=265
    iter=1736 E=-2.1799646892 nfev=1740 t=19125.6s remaining=264
    iter=1737 E=-2.1799648966 nfev=1741 t=19136.3s remaining=263
    iter=1738 E=-2.1799650688 nfev=1742 t=19147.5s remaining=262
    iter=1739 E=-2.1799651990 nfev=1743 t=19154.7s remaining=261
    iter=1740 E=-2.1799652686 nfev=1744 t=19164.8s remaining=260
    iter=1741 E=-2.1799653266 nfev=1745 t=19175.1s remaining=259
    iter=1742 E=-2.1799653629 nfev=1746 t=19184.7s remaining=258
    iter=1743 E=-2.1799653837 nfev=1747 t=19195.6s remaining=257
    iter=1744 E=-2.1799654004 nfev=1748 t=19206.8s remaining=256
    iter=1745 E=-2.1799654179 nfev=1749 t=19215.7s remaining=255
    iter=1746 E=-2.1799654434 nfev=1750 t=19227.9s remaining=254
    iter=1747 E=-2.1799654837 nfev=1751 t=19233.9s remaining=253
    iter=1748 E=-2.1799655471 nfev=1752 t=19246.2s remaining=252
    iter=1749 E=-2.1799656250 nfev=1753 t=19256.6s remaining=251
    iter=1750 E=-2.1799657228 nfev=1754 t=19261.5s remaining=250
    iter=1751 E=-2.1799658481 nfev=1755 t=19269.5s remaining=249
    iter=1752 E=-2.1799660344 nfev=1756 t=19279.9s remaining=248
    iter=1753 E=-2.1799662540 nfev=1757 t=19290.1s remaining=247
    iter=1754 E=-2.1799664847 nfev=1758 t=19299.8s remaining=246
    iter=1755 E=-2.1799667330 nfev=1759 t=19309.3s remaining=245
    iter=1756 E=-2.1799669450 nfev=1760 t=19320.4s remaining=244
    iter=1757 E=-2.1799670596 nfev=1761 t=19332.4s remaining=243
    iter=1758 E=-2.1799671344 nfev=1762 t=19340.5s remaining=242
    iter=1759 E=-2.1799671878 nfev=1763 t=19349.3s remaining=241
    iter=1760 E=-2.1799672294 nfev=1764 t=19357.6s remaining=240
    iter=1761 E=-2.1799672593 nfev=1765 t=19369.3s remaining=239
    iter=1762 E=-2.1799672899 nfev=1766 t=19378.8s remaining=238
    iter=1763 E=-2.1799673156 nfev=1767 t=19394.4s remaining=237
    iter=1764 E=-2.1799673460 nfev=1768 t=19404.4s remaining=236
    iter=1765 E=-2.1799673839 nfev=1769 t=19414.3s remaining=235
    iter=1766 E=-2.1799674185 nfev=1770 t=19428.1s remaining=234
    iter=1767 E=-2.1799674664 nfev=1771 t=19437.3s remaining=233
    iter=1768 E=-2.1799675412 nfev=1772 t=19447.2s remaining=232
    iter=1769 E=-2.1799676518 nfev=1773 t=19457.4s remaining=231
    iter=1770 E=-2.1799678083 nfev=1774 t=19465.0s remaining=230
    iter=1771 E=-2.1799680123 nfev=1775 t=19472.9s remaining=229
    iter=1772 E=-2.1799682370 nfev=1776 t=19481.4s remaining=228
    iter=1773 E=-2.1799684581 nfev=1777 t=19488.9s remaining=227
    iter=1774 E=-2.1799686078 nfev=1778 t=19497.2s remaining=226
    iter=1775 E=-2.1799687397 nfev=1779 t=19507.2s remaining=225
    iter=1776 E=-2.1799688498 nfev=1780 t=19517.9s remaining=224
    iter=1777 E=-2.1799689017 nfev=1781 t=19526.3s remaining=223
    iter=1778 E=-2.1799689299 nfev=1782 t=19536.3s remaining=222
    iter=1779 E=-2.1799689522 nfev=1783 t=19552.1s remaining=221
    iter=1780 E=-2.1799689714 nfev=1784 t=19566.1s remaining=220
    iter=1781 E=-2.1799689900 nfev=1785 t=19579.6s remaining=219
    iter=1782 E=-2.1799690130 nfev=1786 t=19587.1s remaining=218
    iter=1783 E=-2.1799690419 nfev=1787 t=19599.6s remaining=217
    iter=1784 E=-2.1799690737 nfev=1788 t=19608.5s remaining=216
    iter=1785 E=-2.1799691202 nfev=1789 t=19619.4s remaining=215
    iter=1786 E=-2.1799691936 nfev=1790 t=19630.5s remaining=214
    iter=1787 E=-2.1799693084 nfev=1791 t=19641.3s remaining=213
    iter=1788 E=-2.1799694769 nfev=1792 t=19650.2s remaining=212
    iter=1789 E=-2.1799696541 nfev=1793 t=19661.9s remaining=211
    iter=1790 E=-2.1799698032 nfev=1794 t=19670.8s remaining=210
    iter=1791 E=-2.1799699100 nfev=1795 t=19679.7s remaining=209
    iter=1792 E=-2.1799699700 nfev=1796 t=19688.9s remaining=208
    iter=1793 E=-2.1799700171 nfev=1797 t=19699.2s remaining=207
    iter=1794 E=-2.1799700543 nfev=1798 t=19707.5s remaining=206
    iter=1795 E=-2.1799700815 nfev=1799 t=19714.9s remaining=205
    iter=1796 E=-2.1799700981 nfev=1800 t=19718.3s remaining=204
    iter=1797 E=-2.1799701198 nfev=1801 t=19729.2s remaining=203
    iter=1798 E=-2.1799701389 nfev=1802 t=19738.4s remaining=202
    iter=1799 E=-2.1799701638 nfev=1803 t=19752.0s remaining=201
    iter=1800 E=-2.1799701986 nfev=1804 t=19761.9s remaining=200
    iter=1801 E=-2.1799702435 nfev=1805 t=19772.3s remaining=199
    iter=1802 E=-2.1799702887 nfev=1806 t=19781.9s remaining=198
    iter=1803 E=-2.1799703316 nfev=1807 t=19794.6s remaining=197
    iter=1804 E=-2.1799703753 nfev=1808 t=19803.4s remaining=196
    iter=1805 E=-2.1799704322 nfev=1809 t=19809.9s remaining=195
    iter=1806 E=-2.1799705186 nfev=1810 t=19821.2s remaining=194
    iter=1807 E=-2.1799706176 nfev=1811 t=19829.4s remaining=193
    iter=1808 E=-2.1799707113 nfev=1812 t=19836.2s remaining=192
    iter=1809 E=-2.1799708130 nfev=1813 t=19842.3s remaining=191
    iter=1810 E=-2.1799708974 nfev=1814 t=19852.5s remaining=190
    iter=1811 E=-2.1799709639 nfev=1815 t=19858.8s remaining=189
    iter=1812 E=-2.1799710253 nfev=1816 t=19865.8s remaining=188
    iter=1813 E=-2.1799710832 nfev=1817 t=19877.7s remaining=187
    iter=1814 E=-2.1799711379 nfev=1818 t=19889.0s remaining=186
    iter=1815 E=-2.1799711692 nfev=1819 t=19900.6s remaining=185
    iter=1816 E=-2.1799711868 nfev=1820 t=19908.4s remaining=184
    iter=1817 E=-2.1799711995 nfev=1821 t=19914.8s remaining=183
    iter=1818 E=-2.1799712129 nfev=1822 t=19920.5s remaining=182
    iter=1819 E=-2.1799712272 nfev=1823 t=19936.0s remaining=181
    iter=1820 E=-2.1799712440 nfev=1824 t=19948.5s remaining=180
    iter=1821 E=-2.1799712664 nfev=1825 t=19962.4s remaining=179
    iter=1822 E=-2.1799712996 nfev=1826 t=19974.8s remaining=178
    iter=1823 E=-2.1799713532 nfev=1827 t=19982.4s remaining=177
    iter=1824 E=-2.1799714371 nfev=1828 t=19997.3s remaining=176
    iter=1825 E=-2.1799715602 nfev=1829 t=20011.1s remaining=175
    iter=1826 E=-2.1799716895 nfev=1830 t=20023.1s remaining=174
    iter=1827 E=-2.1799718096 nfev=1831 t=20034.5s remaining=173
    iter=1828 E=-2.1799719174 nfev=1832 t=20043.6s remaining=172
    iter=1829 E=-2.1799720103 nfev=1833 t=20056.5s remaining=171
    iter=1830 E=-2.1799720767 nfev=1834 t=20067.3s remaining=170
    iter=1831 E=-2.1799721074 nfev=1835 t=20076.6s remaining=169
    iter=1832 E=-2.1799721254 nfev=1836 t=20086.4s remaining=168
    iter=1833 E=-2.1799721378 nfev=1837 t=20099.1s remaining=167
    iter=1834 E=-2.1799721521 nfev=1838 t=20109.8s remaining=166
    iter=1835 E=-2.1799721690 nfev=1839 t=20126.2s remaining=165
    iter=1836 E=-2.1799721894 nfev=1840 t=20137.0s remaining=164
    iter=1837 E=-2.1799722168 nfev=1841 t=20147.7s remaining=163
    iter=1838 E=-2.1799722611 nfev=1842 t=20152.4s remaining=162
    iter=1839 E=-2.1799723322 nfev=1843 t=20165.2s remaining=161
    iter=1840 E=-2.1799724434 nfev=1844 t=20175.2s remaining=160
    iter=1841 E=-2.1799726098 nfev=1845 t=20186.9s remaining=159
    iter=1842 E=-2.1799728154 nfev=1846 t=20197.4s remaining=158
    iter=1843 E=-2.1799729999 nfev=1847 t=20209.0s remaining=157
    iter=1844 E=-2.1799731435 nfev=1848 t=20219.6s remaining=156
    iter=1845 E=-2.1799732284 nfev=1849 t=20230.8s remaining=155
    iter=1846 E=-2.1799732695 nfev=1850 t=20239.8s remaining=154
    iter=1847 E=-2.1799733131 nfev=1851 t=20250.6s remaining=153
    iter=1848 E=-2.1799733397 nfev=1852 t=20262.3s remaining=152
    iter=1849 E=-2.1799733565 nfev=1853 t=20275.2s remaining=151
    iter=1850 E=-2.1799733683 nfev=1854 t=20289.6s remaining=150
    iter=1851 E=-2.1799733802 nfev=1855 t=20297.2s remaining=149
    iter=1852 E=-2.1799733979 nfev=1856 t=20304.1s remaining=148
    iter=1853 E=-2.1799734268 nfev=1857 t=20310.6s remaining=147
    iter=1854 E=-2.1799734737 nfev=1858 t=20325.4s remaining=146
    iter=1855 E=-2.1799735304 nfev=1859 t=20336.6s remaining=145
    iter=1856 E=-2.1799736111 nfev=1860 t=20349.7s remaining=144
    iter=1857 E=-2.1799737138 nfev=1861 t=20361.0s remaining=143
    iter=1858 E=-2.1799738304 nfev=1862 t=20370.9s remaining=142
    iter=1859 E=-2.1799739637 nfev=1863 t=20378.1s remaining=141
    iter=1860 E=-2.1799741033 nfev=1864 t=20390.1s remaining=140
    iter=1861 E=-2.1799742283 nfev=1865 t=20407.3s remaining=139
    iter=1862 E=-2.1799743559 nfev=1866 t=20419.5s remaining=138
    iter=1863 E=-2.1799744689 nfev=1867 t=20429.6s remaining=137
    iter=1864 E=-2.1799745821 nfev=1868 t=20442.7s remaining=136
    iter=1865 E=-2.1799746677 nfev=1869 t=20453.0s remaining=135
    iter=1866 E=-2.1799747345 nfev=1870 t=20463.8s remaining=134
    iter=1867 E=-2.1799747819 nfev=1871 t=20475.4s remaining=133
    iter=1868 E=-2.1799748114 nfev=1872 t=20485.8s remaining=132
    iter=1869 E=-2.1799748301 nfev=1873 t=20493.7s remaining=131
    iter=1870 E=-2.1799748478 nfev=1874 t=20501.6s remaining=130
    iter=1871 E=-2.1799748657 nfev=1875 t=20515.2s remaining=129
    iter=1872 E=-2.1799748812 nfev=1876 t=20525.0s remaining=128
    iter=1873 E=-2.1799749005 nfev=1877 t=20536.6s remaining=127
    iter=1874 E=-2.1799749276 nfev=1878 t=20545.2s remaining=126
    iter=1875 E=-2.1799749669 nfev=1879 t=20552.4s remaining=125
    iter=1876 E=-2.1799750263 nfev=1880 t=20563.0s remaining=124
    iter=1877 E=-2.1799751149 nfev=1881 t=20574.7s remaining=123
    iter=1878 E=-2.1799752447 nfev=1882 t=20588.4s remaining=122
    iter=1879 E=-2.1799754133 nfev=1883 t=20601.3s remaining=121
    iter=1880 E=-2.1799756042 nfev=1884 t=20613.5s remaining=120
    iter=1881 E=-2.1799757857 nfev=1885 t=20620.6s remaining=119
    iter=1882 E=-2.1799759321 nfev=1886 t=20635.0s remaining=118
    iter=1883 E=-2.1799760374 nfev=1887 t=20646.9s remaining=117
    iter=1884 E=-2.1799760970 nfev=1888 t=20657.7s remaining=116
    iter=1885 E=-2.1799761347 nfev=1889 t=20666.5s remaining=115
    iter=1886 E=-2.1799761639 nfev=1890 t=20678.9s remaining=114
    iter=1887 E=-2.1799761910 nfev=1891 t=20688.0s remaining=113
    iter=1888 E=-2.1799762160 nfev=1892 t=20702.0s remaining=112
    iter=1889 E=-2.1799762464 nfev=1893 t=20713.1s remaining=111
    iter=1890 E=-2.1799762755 nfev=1894 t=20723.4s remaining=110
    iter=1891 E=-2.1799763104 nfev=1895 t=20731.9s remaining=109
    iter=1892 E=-2.1799763492 nfev=1896 t=20749.0s remaining=108
    iter=1893 E=-2.1799763881 nfev=1897 t=20759.9s remaining=107
    iter=1894 E=-2.1799764401 nfev=1898 t=20772.5s remaining=106
    iter=1895 E=-2.1799765030 nfev=1899 t=20787.0s remaining=105
    iter=1896 E=-2.1799765993 nfev=1900 t=20797.7s remaining=104
    iter=1897 E=-2.1799767430 nfev=1901 t=20809.0s remaining=103
    iter=1898 E=-2.1799769236 nfev=1902 t=20816.3s remaining=102
    iter=1899 E=-2.1799770699 nfev=1903 t=20829.0s remaining=101
    iter=1900 E=-2.1799772595 nfev=1904 t=20839.9s remaining=100
    iter=1901 E=-2.1799774601 nfev=1905 t=20846.7s remaining=99
    iter=1902 E=-2.1799775608 nfev=1906 t=20855.4s remaining=98
    iter=1903 E=-2.1799776716 nfev=1907 t=20868.1s remaining=97
    iter=1904 E=-2.1799777982 nfev=1908 t=20879.1s remaining=96
    iter=1905 E=-2.1799778847 nfev=1909 t=20888.4s remaining=95
    iter=1906 E=-2.1799779351 nfev=1910 t=20900.8s remaining=94
    iter=1907 E=-2.1799779683 nfev=1911 t=20913.5s remaining=93
    iter=1908 E=-2.1799779830 nfev=1912 t=20927.6s remaining=92
    iter=1909 E=-2.1799780029 nfev=1913 t=20936.5s remaining=91
    iter=1910 E=-2.1799780195 nfev=1914 t=20944.5s remaining=90
    iter=1911 E=-2.1799780316 nfev=1915 t=20955.4s remaining=89
    iter=1912 E=-2.1799780454 nfev=1916 t=20964.8s remaining=88
    iter=1913 E=-2.1799780652 nfev=1917 t=20977.7s remaining=87
    iter=1914 E=-2.1799780950 nfev=1918 t=20991.1s remaining=86
    iter=1915 E=-2.1799781402 nfev=1919 t=20998.7s remaining=85
    iter=1916 E=-2.1799782030 nfev=1920 t=21009.5s remaining=84
    iter=1917 E=-2.1799782797 nfev=1921 t=21023.4s remaining=83
    iter=1918 E=-2.1799783798 nfev=1922 t=21034.7s remaining=82
    iter=1919 E=-2.1799785321 nfev=1923 t=21043.9s remaining=81
    iter=1920 E=-2.1799787492 nfev=1924 t=21052.5s remaining=80
    iter=1921 E=-2.1799789403 nfev=1925 t=21060.6s remaining=79
    iter=1922 E=-2.1799790794 nfev=1926 t=21072.0s remaining=78
    iter=1923 E=-2.1799792122 nfev=1927 t=21085.1s remaining=77
    iter=1924 E=-2.1799792925 nfev=1928 t=21096.6s remaining=76
    iter=1925 E=-2.1799793264 nfev=1929 t=21105.9s remaining=75
    iter=1926 E=-2.1799793507 nfev=1930 t=21111.8s remaining=74
    iter=1927 E=-2.1799793742 nfev=1931 t=21121.9s remaining=73
    iter=1928 E=-2.1799793923 nfev=1932 t=21132.8s remaining=72
    iter=1929 E=-2.1799794149 nfev=1933 t=21141.7s remaining=71
    iter=1930 E=-2.1799794356 nfev=1934 t=21153.0s remaining=70
    iter=1931 E=-2.1799794542 nfev=1935 t=21162.3s remaining=69
    iter=1932 E=-2.1799794808 nfev=1936 t=21167.3s remaining=68
    iter=1933 E=-2.1799795027 nfev=1937 t=21178.7s remaining=67
    iter=1934 E=-2.1799795259 nfev=1938 t=21193.2s remaining=66
    iter=1935 E=-2.1799795583 nfev=1939 t=21208.3s remaining=65
    iter=1936 E=-2.1799796068 nfev=1940 t=21219.8s remaining=64
    iter=1937 E=-2.1799796787 nfev=1941 t=21230.0s remaining=63
    iter=1938 E=-2.1799797811 nfev=1942 t=21233.5s remaining=62
    iter=1939 E=-2.1799799084 nfev=1943 t=21247.4s remaining=61
    iter=1940 E=-2.1799800541 nfev=1944 t=21254.5s remaining=60
    iter=1941 E=-2.1799801991 nfev=1945 t=21266.5s remaining=59
    iter=1942 E=-2.1799803444 nfev=1946 t=21278.2s remaining=58
    iter=1943 E=-2.1799804662 nfev=1947 t=21288.5s remaining=57
    iter=1944 E=-2.1799805658 nfev=1948 t=21304.1s remaining=56
    iter=1945 E=-2.1799806620 nfev=1949 t=21316.0s remaining=55
    iter=1946 E=-2.1799807271 nfev=1950 t=21332.0s remaining=54
    iter=1947 E=-2.1799807773 nfev=1951 t=21343.4s remaining=53
    iter=1948 E=-2.1799808309 nfev=1952 t=21356.0s remaining=52
    iter=1949 E=-2.1799808685 nfev=1953 t=21359.1s remaining=51
    iter=1950 E=-2.1799808878 nfev=1954 t=21367.9s remaining=50
    iter=1951 E=-2.1799809031 nfev=1955 t=21378.9s remaining=49
    iter=1952 E=-2.1799809227 nfev=1956 t=21386.8s remaining=48
    iter=1953 E=-2.1799809408 nfev=1957 t=21397.3s remaining=47
    iter=1954 E=-2.1799809639 nfev=1958 t=21411.9s remaining=46
    iter=1955 E=-2.1799809954 nfev=1959 t=21423.2s remaining=45
    iter=1956 E=-2.1799810374 nfev=1960 t=21432.6s remaining=44
    iter=1957 E=-2.1799811019 nfev=1961 t=21442.7s remaining=43
    iter=1958 E=-2.1799812051 nfev=1962 t=21453.8s remaining=42
    iter=1959 E=-2.1799813668 nfev=1963 t=21462.9s remaining=41
    iter=1960 E=-2.1799815968 nfev=1964 t=21472.5s remaining=40
    iter=1961 E=-2.1799818746 nfev=1965 t=21488.8s remaining=39
    iter=1962 E=-2.1799820855 nfev=1966 t=21501.3s remaining=38
    iter=1963 E=-2.1799823441 nfev=1967 t=21511.7s remaining=37
    iter=1964 E=-2.1799824689 nfev=1968 t=21520.1s remaining=36
    iter=1965 E=-2.1799825624 nfev=1969 t=21532.6s remaining=35
    iter=1966 E=-2.1799826297 nfev=1970 t=21544.5s remaining=34
    iter=1967 E=-2.1799826761 nfev=1971 t=21553.8s remaining=33
    iter=1968 E=-2.1799827111 nfev=1972 t=21565.4s remaining=32
    iter=1969 E=-2.1799827369 nfev=1973 t=21576.1s remaining=31
    iter=1970 E=-2.1799827695 nfev=1974 t=21586.9s remaining=30
    iter=1971 E=-2.1799828029 nfev=1975 t=21596.1s remaining=29
    iter=1972 E=-2.1799828291 nfev=1976 t=21609.3s remaining=28
    iter=1973 E=-2.1799828628 nfev=1977 t=21621.6s remaining=27
    iter=1974 E=-2.1799829074 nfev=1978 t=21632.8s remaining=26
    iter=1975 E=-2.1799829627 nfev=1979 t=21643.1s remaining=25
    iter=1976 E=-2.1799830289 nfev=1980 t=21654.4s remaining=24
    iter=1977 E=-2.1799831225 nfev=1981 t=21662.1s remaining=23
    iter=1978 E=-2.1799832512 nfev=1982 t=21669.7s remaining=22
    iter=1979 E=-2.1799833959 nfev=1983 t=21675.8s remaining=21
    iter=1980 E=-2.1799835626 nfev=1984 t=21685.7s remaining=20
    iter=1981 E=-2.1799837843 nfev=1985 t=21697.9s remaining=19
    iter=1982 E=-2.1799839961 nfev=1986 t=21707.0s remaining=18
    iter=1983 E=-2.1799841798 nfev=1987 t=21716.0s remaining=17
    iter=1984 E=-2.1799843404 nfev=1988 t=21727.7s remaining=16
    iter=1985 E=-2.1799844913 nfev=1989 t=21738.0s remaining=15
    iter=1986 E=-2.1799846527 nfev=1990 t=21750.2s remaining=14
    iter=1987 E=-2.1799847945 nfev=1991 t=21758.8s remaining=13
    iter=1988 E=-2.1799849443 nfev=1992 t=21767.6s remaining=12
    iter=1989 E=-2.1799851046 nfev=1993 t=21782.4s remaining=11
    iter=1990 E=-2.1799852105 nfev=1994 t=21792.4s remaining=10
    iter=1991 E=-2.1799852921 nfev=1995 t=21803.5s remaining=9
    iter=1992 E=-2.1799853752 nfev=1996 t=21812.9s remaining=8
    iter=1993 E=-2.1799854507 nfev=1997 t=21821.9s remaining=7
    iter=1994 E=-2.1799854977 nfev=1998 t=21834.0s remaining=6
    iter=1995 E=-2.1799855420 nfev=1999 t=21839.7s remaining=5
    iter=1996 E=-2.1799855813 nfev=2000 t=21853.5s remaining=4
    iter=1997 E=-2.1799856154 nfev=2001 t=21864.1s remaining=3
    iter=1998 E=-2.1799856512 nfev=2002 t=21877.0s remaining=2
    iter=1999 E=-2.1799856799 nfev=2003 t=21887.7s remaining=1
    iter=2000 E=-2.1799857168 nfev=2004 t=21897.7s remaining=0
    iter=2000 E=-2.1799857168 nfev=2004 t=21897.7s remaining=0
    seed=0 E=-2.1799857168 dE=+4.245e-04 nit=2000 ok=False t=21897.7s
  r=0.88  L=8   npar=344   E=-2.1799857168  |E-FCI|=4.245e-04  FCI=no   chem=yes

=== summary (best seed per layer) ===
  bond   L ansatz                 npar              E     |E-FCI|  FCI? chem?
  0.88   8 (ECD+SNAP)^8 + ECD      344  -2.1799857168   4.245e-04    no   yes

wrote /workspace/qumode_chem/data/results/h4_hybrid_L8_nobs_r088.json
