self-check ok (nfock=4, use_bs=False, worst FD rel err 0.00e+00)
per-iter log: data/results/h4_hybrid_L11_nobs_r250_iters.jsonl
live snapshot: data/results/h4_hybrid_L11_nobs_r250_live.json

=== build H4 JWT Hamiltonian at R=2.50 Å ===
=== r=2.50 Å stretched  FCI(pyscf)=-1.8722159944  eig=-1.8722159944  paper_fci=-1.87221599  paper_SNAP_D20=-1.872215990639203 ===
-- r=2.50  (ECD+SNAP)^11 + ECD   npar=470 --
    iter=1 E=-1.2031070036 nfev=3 t=5.8s remaining=1999
    iter=2 E=-1.2332432237 nfev=4 t=7.5s remaining=1998
    iter=3 E=-1.2779473542 nfev=5 t=9.4s remaining=1997
    iter=4 E=-1.3119240088 nfev=6 t=11.3s remaining=1996
    iter=5 E=-1.3272481058 nfev=7 t=13.2s remaining=1995
    iter=6 E=-1.3481568149 nfev=8 t=15.0s remaining=1994
    iter=7 E=-1.3761880377 nfev=9 t=16.9s remaining=1993
    iter=8 E=-1.3979346290 nfev=10 t=18.8s remaining=1992
    iter=9 E=-1.4090089032 nfev=11 t=20.7s remaining=1991
    iter=10 E=-1.4228539198 nfev=12 t=22.6s remaining=1990
    iter=11 E=-1.4420210837 nfev=13 t=24.6s remaining=1989
    iter=12 E=-1.4615362570 nfev=14 t=26.6s remaining=1988
    iter=13 E=-1.4775110321 nfev=15 t=28.6s remaining=1987
    iter=14 E=-1.4921495887 nfev=16 t=30.6s remaining=1986
    iter=15 E=-1.5019822700 nfev=17 t=32.7s remaining=1985
    iter=16 E=-1.5149766876 nfev=18 t=34.6s remaining=1984
    iter=17 E=-1.5265718675 nfev=19 t=36.4s remaining=1983
    iter=18 E=-1.5403781959 nfev=20 t=38.2s remaining=1982
    iter=19 E=-1.5476301215 nfev=22 t=42.0s remaining=1981
    iter=20 E=-1.5567613875 nfev=23 t=44.1s remaining=1980
    iter=21 E=-1.5663764430 nfev=24 t=46.2s remaining=1979
    iter=22 E=-1.5752579120 nfev=25 t=48.1s remaining=1978
    iter=23 E=-1.5835748522 nfev=26 t=50.0s remaining=1977
    iter=24 E=-1.5939538216 nfev=27 t=51.9s remaining=1976
    iter=25 E=-1.6009183131 nfev=28 t=53.9s remaining=1975
    iter=26 E=-1.6100236905 nfev=29 t=55.8s remaining=1974
    iter=27 E=-1.6209389747 nfev=30 t=57.7s remaining=1973
    iter=28 E=-1.6296765770 nfev=31 t=59.6s remaining=1972
    iter=29 E=-1.6372250544 nfev=32 t=61.6s remaining=1971
    iter=30 E=-1.6446924318 nfev=33 t=63.5s remaining=1970
    iter=31 E=-1.6539188498 nfev=34 t=65.3s remaining=1969
    iter=32 E=-1.6637715780 nfev=35 t=67.2s remaining=1968
    iter=33 E=-1.6754778855 nfev=36 t=69.0s remaining=1967
    iter=34 E=-1.6845857302 nfev=37 t=70.9s remaining=1966
    iter=35 E=-1.6932685541 nfev=38 t=72.7s remaining=1965
    iter=36 E=-1.7000879823 nfev=39 t=74.6s remaining=1964
    iter=37 E=-1.7076149303 nfev=40 t=76.7s remaining=1963
    iter=38 E=-1.7138953380 nfev=41 t=78.5s remaining=1962
    iter=39 E=-1.7212622961 nfev=42 t=80.3s remaining=1961
    iter=40 E=-1.7270505847 nfev=43 t=82.2s remaining=1960
    iter=41 E=-1.7333504991 nfev=44 t=84.0s remaining=1959
    iter=42 E=-1.7402777504 nfev=45 t=85.9s remaining=1958
    iter=43 E=-1.7460092854 nfev=46 t=87.7s remaining=1957
    iter=44 E=-1.7504610219 nfev=47 t=89.7s remaining=1956
    iter=45 E=-1.7560370592 nfev=48 t=91.5s remaining=1955
    iter=46 E=-1.7621465730 nfev=49 t=93.4s remaining=1954
    iter=47 E=-1.7674744334 nfev=50 t=95.2s remaining=1953
    iter=48 E=-1.7726754345 nfev=51 t=97.2s remaining=1952
    iter=49 E=-1.7785146714 nfev=52 t=99.2s remaining=1951
    iter=50 E=-1.7802606186 nfev=53 t=101.1s remaining=1950
    iter=51 E=-1.7831089403 nfev=54 t=103.0s remaining=1949
    iter=52 E=-1.7869280961 nfev=55 t=104.9s remaining=1948
    iter=53 E=-1.7898715426 nfev=56 t=106.9s remaining=1947
    iter=54 E=-1.7925555363 nfev=57 t=109.0s remaining=1946
    iter=55 E=-1.7946880157 nfev=58 t=110.9s remaining=1945
    iter=56 E=-1.7970727321 nfev=59 t=112.8s remaining=1944
    iter=57 E=-1.7994170375 nfev=60 t=114.7s remaining=1943
    iter=58 E=-1.8018028164 nfev=61 t=116.5s remaining=1942
    iter=59 E=-1.8041658655 nfev=62 t=118.5s remaining=1941
    iter=60 E=-1.8063679152 nfev=63 t=120.7s remaining=1940
    iter=61 E=-1.8086368489 nfev=64 t=122.7s remaining=1939
    iter=62 E=-1.8111244559 nfev=65 t=124.6s remaining=1938
    iter=63 E=-1.8132649756 nfev=66 t=126.6s remaining=1937
    iter=64 E=-1.8156928284 nfev=67 t=128.4s remaining=1936
    iter=65 E=-1.8176072028 nfev=68 t=130.7s remaining=1935
    iter=66 E=-1.8193265008 nfev=69 t=132.5s remaining=1934
    iter=67 E=-1.8212634327 nfev=70 t=134.5s remaining=1933
    iter=68 E=-1.8230443590 nfev=71 t=136.4s remaining=1932
    iter=69 E=-1.8249102771 nfev=72 t=138.2s remaining=1931
    iter=70 E=-1.8258249929 nfev=73 t=140.2s remaining=1930
    iter=71 E=-1.8272217929 nfev=74 t=142.3s remaining=1929
    iter=72 E=-1.8287792034 nfev=75 t=144.2s remaining=1928
    iter=73 E=-1.8300515593 nfev=76 t=146.0s remaining=1927
    iter=74 E=-1.8311446814 nfev=77 t=147.8s remaining=1926
    iter=75 E=-1.8325194280 nfev=78 t=149.8s remaining=1925
    iter=76 E=-1.8338867170 nfev=79 t=151.5s remaining=1924
    iter=77 E=-1.8344667405 nfev=80 t=153.7s remaining=1923
    iter=78 E=-1.8353472165 nfev=81 t=155.5s remaining=1922
    iter=79 E=-1.8364703239 nfev=82 t=157.4s remaining=1921
    iter=80 E=-1.8375685715 nfev=83 t=159.3s remaining=1920
    iter=81 E=-1.8383929472 nfev=84 t=161.2s remaining=1919
    iter=82 E=-1.8395201473 nfev=85 t=163.1s remaining=1918
    iter=83 E=-1.8407049066 nfev=86 t=165.1s remaining=1917
    iter=84 E=-1.8411576273 nfev=87 t=167.0s remaining=1916
    iter=85 E=-1.8418865121 nfev=88 t=168.8s remaining=1915
    iter=86 E=-1.8429261407 nfev=89 t=170.7s remaining=1914
    iter=87 E=-1.8438392384 nfev=90 t=172.6s remaining=1913
    iter=88 E=-1.8444910753 nfev=91 t=174.6s remaining=1912
    iter=89 E=-1.8450890576 nfev=92 t=176.5s remaining=1911
    iter=90 E=-1.8458204663 nfev=93 t=178.5s remaining=1910
    iter=91 E=-1.8464770976 nfev=94 t=180.6s remaining=1909
    iter=92 E=-1.8470326274 nfev=95 t=183.0s remaining=1908
    iter=93 E=-1.8476710705 nfev=96 t=184.8s remaining=1907
    iter=94 E=-1.8482615002 nfev=97 t=186.7s remaining=1906
    iter=95 E=-1.8488493423 nfev=98 t=188.5s remaining=1905
    iter=96 E=-1.8495269889 nfev=99 t=190.2s remaining=1904
    iter=97 E=-1.8501728947 nfev=100 t=192.1s remaining=1903
    iter=98 E=-1.8505403668 nfev=101 t=193.9s remaining=1902
    iter=99 E=-1.8510376032 nfev=102 t=195.7s remaining=1901
    iter=100 E=-1.8516212611 nfev=103 t=197.6s remaining=1900
    iter=101 E=-1.8520852359 nfev=104 t=199.5s remaining=1899
    iter=102 E=-1.8525621761 nfev=105 t=201.5s remaining=1898
    iter=103 E=-1.8531070582 nfev=106 t=203.4s remaining=1897
    iter=104 E=-1.8536110117 nfev=107 t=205.2s remaining=1896
    iter=105 E=-1.8541484982 nfev=108 t=207.1s remaining=1895
    iter=106 E=-1.8546163181 nfev=109 t=209.0s remaining=1894
    iter=107 E=-1.8551251556 nfev=110 t=210.8s remaining=1893
    iter=108 E=-1.8555963142 nfev=111 t=212.6s remaining=1892
    iter=109 E=-1.8560098898 nfev=112 t=214.6s remaining=1891
    iter=110 E=-1.8563967026 nfev=113 t=216.4s remaining=1890
    iter=111 E=-1.8568220027 nfev=114 t=218.3s remaining=1889
    iter=112 E=-1.8571385176 nfev=115 t=220.2s remaining=1888
    iter=113 E=-1.8574164978 nfev=116 t=222.0s remaining=1887
    iter=114 E=-1.8576920176 nfev=117 t=223.9s remaining=1886
    iter=115 E=-1.8579361199 nfev=118 t=225.7s remaining=1885
    iter=116 E=-1.8581896144 nfev=119 t=227.6s remaining=1884
    iter=117 E=-1.8584165711 nfev=120 t=229.5s remaining=1883
    iter=118 E=-1.8586778209 nfev=121 t=231.4s remaining=1882
    iter=119 E=-1.8589055306 nfev=122 t=233.3s remaining=1881
    iter=120 E=-1.8591426607 nfev=123 t=235.1s remaining=1880
    iter=121 E=-1.8593687636 nfev=124 t=237.0s remaining=1879
    iter=122 E=-1.8595705697 nfev=125 t=238.8s remaining=1878
    iter=123 E=-1.8597567869 nfev=126 t=240.7s remaining=1877
    iter=124 E=-1.8599478204 nfev=127 t=242.7s remaining=1876
    iter=125 E=-1.8601240657 nfev=128 t=244.5s remaining=1875
    iter=126 E=-1.8602565917 nfev=129 t=246.3s remaining=1874
    iter=127 E=-1.8603883201 nfev=130 t=248.1s remaining=1873
    iter=128 E=-1.8605241522 nfev=131 t=249.9s remaining=1872
    iter=129 E=-1.8606547693 nfev=132 t=251.8s remaining=1871
    iter=130 E=-1.8607815664 nfev=133 t=253.9s remaining=1870
    iter=131 E=-1.8609170262 nfev=134 t=256.3s remaining=1869
    iter=132 E=-1.8610537031 nfev=135 t=258.2s remaining=1868
    iter=133 E=-1.8611826865 nfev=136 t=260.0s remaining=1867
    iter=134 E=-1.8613065073 nfev=137 t=261.9s remaining=1866
    iter=135 E=-1.8614410704 nfev=138 t=263.7s remaining=1865
    iter=136 E=-1.8615749426 nfev=139 t=265.6s remaining=1864
    iter=137 E=-1.8616899852 nfev=140 t=267.5s remaining=1863
    iter=138 E=-1.8618022753 nfev=141 t=269.4s remaining=1862
    iter=139 E=-1.8619225526 nfev=142 t=271.3s remaining=1861
    iter=140 E=-1.8620402260 nfev=143 t=273.2s remaining=1860
    iter=141 E=-1.8621517163 nfev=144 t=275.2s remaining=1859
    iter=142 E=-1.8622635840 nfev=145 t=277.1s remaining=1858
    iter=143 E=-1.8623779197 nfev=146 t=279.0s remaining=1857
    iter=144 E=-1.8624949078 nfev=147 t=280.9s remaining=1856
    iter=145 E=-1.8626007109 nfev=148 t=282.9s remaining=1855
    iter=146 E=-1.8627063844 nfev=149 t=284.8s remaining=1854
    iter=147 E=-1.8628150215 nfev=150 t=286.7s remaining=1853
    iter=148 E=-1.8629204696 nfev=151 t=288.5s remaining=1852
    iter=149 E=-1.8630198781 nfev=152 t=290.3s remaining=1851
    iter=150 E=-1.8631192901 nfev=153 t=292.2s remaining=1850
    iter=151 E=-1.8632238413 nfev=154 t=294.0s remaining=1849
    iter=152 E=-1.8633274200 nfev=155 t=295.9s remaining=1848
    iter=153 E=-1.8634288632 nfev=156 t=297.9s remaining=1847
    iter=154 E=-1.8635212494 nfev=157 t=299.8s remaining=1846
    iter=155 E=-1.8636049021 nfev=158 t=301.8s remaining=1845
    iter=156 E=-1.8636867065 nfev=159 t=303.6s remaining=1844
    iter=157 E=-1.8637757609 nfev=160 t=305.4s remaining=1843
    iter=158 E=-1.8638664453 nfev=161 t=307.6s remaining=1842
    iter=159 E=-1.8639585356 nfev=162 t=309.7s remaining=1841
    iter=160 E=-1.8640496088 nfev=163 t=311.6s remaining=1840
    iter=161 E=-1.8641438819 nfev=164 t=313.4s remaining=1839
    iter=162 E=-1.8642401898 nfev=165 t=315.2s remaining=1838
    iter=163 E=-1.8643371785 nfev=166 t=317.1s remaining=1837
    iter=164 E=-1.8644285512 nfev=167 t=318.9s remaining=1836
    iter=165 E=-1.8645152658 nfev=168 t=320.8s remaining=1835
    iter=166 E=-1.8645980063 nfev=169 t=322.6s remaining=1834
    iter=167 E=-1.8646748722 nfev=170 t=324.6s remaining=1833
    iter=168 E=-1.8647428263 nfev=171 t=326.5s remaining=1832
    iter=169 E=-1.8648080097 nfev=172 t=328.4s remaining=1831
    iter=170 E=-1.8648801766 nfev=173 t=330.4s remaining=1830
    iter=171 E=-1.8649443728 nfev=174 t=332.5s remaining=1829
    iter=172 E=-1.8649997422 nfev=175 t=334.5s remaining=1828
    iter=173 E=-1.8650564090 nfev=176 t=336.4s remaining=1827
    iter=174 E=-1.8651147891 nfev=177 t=338.4s remaining=1826
    iter=175 E=-1.8651611665 nfev=178 t=340.3s remaining=1825
    iter=176 E=-1.8652114449 nfev=179 t=342.2s remaining=1824
    iter=177 E=-1.8652603025 nfev=180 t=344.0s remaining=1823
    iter=178 E=-1.8653153875 nfev=181 t=345.8s remaining=1822
    iter=179 E=-1.8653719656 nfev=182 t=347.7s remaining=1821
    iter=180 E=-1.8654255132 nfev=183 t=349.5s remaining=1820
    iter=181 E=-1.8654763119 nfev=184 t=351.6s remaining=1819
    iter=182 E=-1.8655296577 nfev=185 t=353.5s remaining=1818
    iter=183 E=-1.8655925147 nfev=186 t=355.4s remaining=1817
    iter=184 E=-1.8656630814 nfev=187 t=357.3s remaining=1816
    iter=185 E=-1.8657288437 nfev=188 t=359.2s remaining=1815
    iter=186 E=-1.8657890576 nfev=189 t=361.1s remaining=1814
    iter=187 E=-1.8658465526 nfev=190 t=363.1s remaining=1813
    iter=188 E=-1.8658998806 nfev=191 t=365.0s remaining=1812
    iter=189 E=-1.8659526520 nfev=192 t=366.9s remaining=1811
    iter=190 E=-1.8660037191 nfev=193 t=368.8s remaining=1810
    iter=191 E=-1.8660509603 nfev=194 t=370.7s remaining=1809
    iter=192 E=-1.8661025041 nfev=195 t=372.6s remaining=1808
    iter=193 E=-1.8661667515 nfev=196 t=374.6s remaining=1807
    iter=194 E=-1.8662238862 nfev=197 t=376.4s remaining=1806
    iter=195 E=-1.8662675411 nfev=198 t=378.4s remaining=1805
    iter=196 E=-1.8663033317 nfev=199 t=380.4s remaining=1804
    iter=197 E=-1.8663407172 nfev=200 t=382.4s remaining=1803
    iter=198 E=-1.8663825127 nfev=201 t=384.3s remaining=1802
    iter=199 E=-1.8664253868 nfev=202 t=386.2s remaining=1801
    iter=200 E=-1.8664677794 nfev=203 t=388.1s remaining=1800
    iter=201 E=-1.8665069109 nfev=204 t=390.0s remaining=1799
    iter=202 E=-1.8665430241 nfev=205 t=392.0s remaining=1798
    iter=203 E=-1.8665788449 nfev=206 t=393.8s remaining=1797
    iter=204 E=-1.8666156826 nfev=207 t=395.9s remaining=1796
    iter=205 E=-1.8666543312 nfev=208 t=397.8s remaining=1795
    iter=206 E=-1.8666937537 nfev=209 t=399.8s remaining=1794
    iter=207 E=-1.8667327720 nfev=210 t=401.7s remaining=1793
    iter=208 E=-1.8667699874 nfev=211 t=403.6s remaining=1792
    iter=209 E=-1.8668055752 nfev=212 t=405.8s remaining=1791
    iter=210 E=-1.8668386563 nfev=213 t=408.3s remaining=1790
    iter=211 E=-1.8668718158 nfev=214 t=410.2s remaining=1789
    iter=212 E=-1.8669072590 nfev=215 t=412.1s remaining=1788
    iter=213 E=-1.8669429847 nfev=216 t=414.1s remaining=1787
    iter=214 E=-1.8669756218 nfev=217 t=416.1s remaining=1786
    iter=215 E=-1.8670044515 nfev=218 t=418.1s remaining=1785
    iter=216 E=-1.8670332106 nfev=219 t=420.0s remaining=1784
    iter=217 E=-1.8670630971 nfev=220 t=422.0s remaining=1783
    iter=218 E=-1.8670906258 nfev=221 t=424.0s remaining=1782
    iter=219 E=-1.8671137025 nfev=222 t=425.9s remaining=1781
    iter=220 E=-1.8671356096 nfev=223 t=427.9s remaining=1780
    iter=221 E=-1.8671609265 nfev=224 t=429.8s remaining=1779
    iter=222 E=-1.8671918305 nfev=225 t=431.8s remaining=1778
    iter=223 E=-1.8672234721 nfev=226 t=434.0s remaining=1777
    iter=224 E=-1.8672480017 nfev=227 t=435.9s remaining=1776
    iter=225 E=-1.8672673650 nfev=228 t=437.8s remaining=1775
    iter=226 E=-1.8672882503 nfev=229 t=439.8s remaining=1774
    iter=227 E=-1.8673132374 nfev=230 t=441.6s remaining=1773
    iter=228 E=-1.8673401445 nfev=231 t=443.5s remaining=1772
    iter=229 E=-1.8673651457 nfev=232 t=445.3s remaining=1771
    iter=230 E=-1.8673871215 nfev=233 t=447.3s remaining=1770
    iter=231 E=-1.8674075272 nfev=234 t=449.2s remaining=1769
    iter=232 E=-1.8674284111 nfev=235 t=451.1s remaining=1768
    iter=233 E=-1.8674501140 nfev=236 t=453.2s remaining=1767
    iter=234 E=-1.8674716055 nfev=237 t=455.1s remaining=1766
    iter=235 E=-1.8674925112 nfev=238 t=457.0s remaining=1765
    iter=236 E=-1.8675141569 nfev=239 t=459.0s remaining=1764
    iter=237 E=-1.8675367940 nfev=240 t=460.8s remaining=1763
    iter=238 E=-1.8675600501 nfev=241 t=462.7s remaining=1762
    iter=239 E=-1.8675834895 nfev=242 t=464.6s remaining=1761
    iter=240 E=-1.8676058776 nfev=243 t=466.4s remaining=1760
    iter=241 E=-1.8676267758 nfev=244 t=468.2s remaining=1759
    iter=242 E=-1.8676458943 nfev=245 t=470.0s remaining=1758
    iter=243 E=-1.8676635518 nfev=246 t=472.1s remaining=1757
    iter=244 E=-1.8676806407 nfev=247 t=473.9s remaining=1756
    iter=245 E=-1.8676987040 nfev=248 t=476.0s remaining=1755
    iter=246 E=-1.8677147241 nfev=249 t=477.9s remaining=1754
    iter=247 E=-1.8677294872 nfev=250 t=479.8s remaining=1753
    iter=248 E=-1.8677446196 nfev=251 t=481.7s remaining=1752
    iter=249 E=-1.8677606497 nfev=252 t=483.7s remaining=1751
    iter=250 E=-1.8677774034 nfev=253 t=485.7s remaining=1750
    iter=251 E=-1.8677949643 nfev=254 t=488.0s remaining=1749
    iter=252 E=-1.8678132743 nfev=255 t=489.9s remaining=1748
    iter=253 E=-1.8678315316 nfev=256 t=491.7s remaining=1747
    iter=254 E=-1.8678491569 nfev=257 t=493.6s remaining=1746
    iter=255 E=-1.8678660600 nfev=258 t=495.7s remaining=1745
    iter=256 E=-1.8678825713 nfev=259 t=497.6s remaining=1744
    iter=257 E=-1.8678986694 nfev=260 t=499.6s remaining=1743
    iter=258 E=-1.8679147747 nfev=261 t=501.4s remaining=1742
    iter=259 E=-1.8679319127 nfev=262 t=503.3s remaining=1741
    iter=260 E=-1.8679497394 nfev=263 t=505.1s remaining=1740
    iter=261 E=-1.8679671999 nfev=264 t=507.0s remaining=1739
    iter=262 E=-1.8679836990 nfev=265 t=508.8s remaining=1738
    iter=263 E=-1.8680012288 nfev=266 t=510.7s remaining=1737
    iter=264 E=-1.8680213095 nfev=267 t=512.6s remaining=1736
    iter=265 E=-1.8680401212 nfev=268 t=514.4s remaining=1735
    iter=266 E=-1.8680560601 nfev=269 t=516.3s remaining=1734
    iter=267 E=-1.8680715923 nfev=270 t=518.3s remaining=1733
    iter=268 E=-1.8680867238 nfev=271 t=520.2s remaining=1732
    iter=269 E=-1.8681022085 nfev=272 t=522.2s remaining=1731
    iter=270 E=-1.8681176221 nfev=273 t=524.2s remaining=1730
    iter=271 E=-1.8681337548 nfev=274 t=526.1s remaining=1729
    iter=272 E=-1.8681505211 nfev=275 t=528.2s remaining=1728
    iter=273 E=-1.8681670634 nfev=276 t=530.1s remaining=1727
    iter=274 E=-1.8681817766 nfev=277 t=532.0s remaining=1726
    iter=275 E=-1.8681944119 nfev=278 t=533.9s remaining=1725
    iter=276 E=-1.8682058152 nfev=279 t=535.8s remaining=1724
    iter=277 E=-1.8682176538 nfev=280 t=537.7s remaining=1723
    iter=278 E=-1.8682299730 nfev=281 t=539.6s remaining=1722
    iter=279 E=-1.8682420228 nfev=282 t=541.5s remaining=1721
    iter=280 E=-1.8682533791 nfev=283 t=543.3s remaining=1720
    iter=281 E=-1.8682637873 nfev=284 t=545.3s remaining=1719
    iter=282 E=-1.8682735447 nfev=285 t=547.2s remaining=1718
    iter=283 E=-1.8682832418 nfev=286 t=549.1s remaining=1717
    iter=284 E=-1.8682932988 nfev=287 t=551.1s remaining=1716
    iter=285 E=-1.8683041104 nfev=288 t=553.0s remaining=1715
    iter=286 E=-1.8683162497 nfev=289 t=554.8s remaining=1714
    iter=287 E=-1.8683288713 nfev=290 t=556.8s remaining=1713
    iter=288 E=-1.8683405789 nfev=291 t=558.8s remaining=1712
    iter=289 E=-1.8683512094 nfev=292 t=560.7s remaining=1711
    iter=290 E=-1.8683620567 nfev=293 t=562.7s remaining=1710
    iter=291 E=-1.8683738106 nfev=294 t=564.6s remaining=1709
    iter=292 E=-1.8683854050 nfev=295 t=566.6s remaining=1708
    iter=293 E=-1.8683956772 nfev=296 t=568.6s remaining=1707
    iter=294 E=-1.8684049667 nfev=297 t=570.6s remaining=1706
    iter=295 E=-1.8684142893 nfev=298 t=572.6s remaining=1705
    iter=296 E=-1.8684238412 nfev=299 t=574.6s remaining=1704
    iter=297 E=-1.8684327159 nfev=300 t=576.5s remaining=1703
    iter=298 E=-1.8684406366 nfev=301 t=578.5s remaining=1702
    iter=299 E=-1.8684485598 nfev=302 t=580.5s remaining=1701
    iter=300 E=-1.8684574064 nfev=303 t=582.5s remaining=1700
    iter=301 E=-1.8684664795 nfev=304 t=584.3s remaining=1699
    iter=302 E=-1.8684746532 nfev=305 t=586.2s remaining=1698
    iter=303 E=-1.8684817678 nfev=306 t=588.1s remaining=1697
    iter=304 E=-1.8684890157 nfev=307 t=590.1s remaining=1696
    iter=305 E=-1.8684969618 nfev=308 t=592.0s remaining=1695
    iter=306 E=-1.8685051358 nfev=309 t=594.0s remaining=1694
    iter=307 E=-1.8685131337 nfev=310 t=596.1s remaining=1693
    iter=308 E=-1.8685212583 nfev=311 t=598.0s remaining=1692
    iter=309 E=-1.8685298420 nfev=312 t=600.0s remaining=1691
    iter=310 E=-1.8685387259 nfev=313 t=601.8s remaining=1690
    iter=311 E=-1.8685474168 nfev=314 t=603.6s remaining=1689
    iter=312 E=-1.8685560283 nfev=315 t=605.5s remaining=1688
    iter=313 E=-1.8685648612 nfev=316 t=607.3s remaining=1687
    iter=314 E=-1.8685739426 nfev=317 t=609.2s remaining=1686
    iter=315 E=-1.8685831030 nfev=318 t=611.1s remaining=1685
    iter=316 E=-1.8685920969 nfev=319 t=613.2s remaining=1684
    iter=317 E=-1.8686005186 nfev=320 t=615.1s remaining=1683
    iter=318 E=-1.8686077189 nfev=321 t=617.0s remaining=1682
    iter=319 E=-1.8686139107 nfev=322 t=618.8s remaining=1681
    iter=320 E=-1.8686201772 nfev=323 t=620.7s remaining=1680
    iter=321 E=-1.8686273552 nfev=324 t=622.7s remaining=1679
    iter=322 E=-1.8686351617 nfev=325 t=624.5s remaining=1678
    iter=323 E=-1.8686423679 nfev=326 t=626.4s remaining=1677
    iter=324 E=-1.8686484846 nfev=327 t=628.3s remaining=1676
    iter=325 E=-1.8686542198 nfev=328 t=630.2s remaining=1675
    iter=326 E=-1.8686607284 nfev=329 t=632.1s remaining=1674
    iter=327 E=-1.8686681410 nfev=330 t=634.0s remaining=1673
    iter=328 E=-1.8686757421 nfev=331 t=635.9s remaining=1672
    iter=329 E=-1.8686831151 nfev=332 t=637.8s remaining=1671
    iter=330 E=-1.8686901509 nfev=333 t=639.8s remaining=1670
    iter=331 E=-1.8686972739 nfev=334 t=641.7s remaining=1669
    iter=332 E=-1.8687049254 nfev=335 t=643.7s remaining=1668
    iter=333 E=-1.8687128934 nfev=336 t=645.6s remaining=1667
    iter=334 E=-1.8687202835 nfev=337 t=647.5s remaining=1666
    iter=335 E=-1.8687267077 nfev=338 t=649.4s remaining=1665
    iter=336 E=-1.8687330450 nfev=339 t=651.2s remaining=1664
    iter=337 E=-1.8687405475 nfev=340 t=653.2s remaining=1663
    iter=338 E=-1.8687495138 nfev=341 t=655.0s remaining=1662
    iter=339 E=-1.8687582204 nfev=342 t=657.2s remaining=1661
    iter=340 E=-1.8687659127 nfev=343 t=659.4s remaining=1660
    iter=341 E=-1.8687729436 nfev=344 t=661.5s remaining=1659
    iter=342 E=-1.8687806407 nfev=345 t=663.3s remaining=1658
    iter=343 E=-1.8687880988 nfev=346 t=665.2s remaining=1657
    iter=344 E=-1.8687951418 nfev=347 t=667.2s remaining=1656
    iter=345 E=-1.8688016106 nfev=348 t=669.0s remaining=1655
    iter=346 E=-1.8688083919 nfev=349 t=671.1s remaining=1654
    iter=347 E=-1.8688155432 nfev=350 t=673.0s remaining=1653
    iter=348 E=-1.8688220924 nfev=351 t=674.9s remaining=1652
    iter=349 E=-1.8688278920 nfev=352 t=676.8s remaining=1651
    iter=350 E=-1.8688337252 nfev=353 t=678.6s remaining=1650
    iter=351 E=-1.8688402082 nfev=354 t=680.4s remaining=1649
    iter=352 E=-1.8688466266 nfev=355 t=682.3s remaining=1648
    iter=353 E=-1.8688519900 nfev=356 t=684.3s remaining=1647
    iter=354 E=-1.8688567941 nfev=357 t=686.3s remaining=1646
    iter=355 E=-1.8688621079 nfev=358 t=688.4s remaining=1645
    iter=356 E=-1.8688680296 nfev=359 t=691.1s remaining=1644
    iter=357 E=-1.8688738514 nfev=360 t=693.7s remaining=1643
    iter=358 E=-1.8688790471 nfev=361 t=695.7s remaining=1642
    iter=359 E=-1.8688841075 nfev=362 t=697.7s remaining=1641
    iter=360 E=-1.8688893908 nfev=363 t=699.6s remaining=1640
    iter=361 E=-1.8688947015 nfev=364 t=701.6s remaining=1639
    iter=362 E=-1.8688995402 nfev=365 t=703.5s remaining=1638
    iter=363 E=-1.8689040318 nfev=366 t=705.4s remaining=1637
    iter=364 E=-1.8689085816 nfev=367 t=707.2s remaining=1636
    iter=365 E=-1.8689132557 nfev=368 t=709.0s remaining=1635
    iter=366 E=-1.8689177906 nfev=369 t=710.8s remaining=1634
    iter=367 E=-1.8689219505 nfev=370 t=712.7s remaining=1633
    iter=368 E=-1.8689258240 nfev=371 t=714.6s remaining=1632
    iter=369 E=-1.8689295113 nfev=372 t=716.5s remaining=1631
    iter=370 E=-1.8689332836 nfev=373 t=718.3s remaining=1630
    iter=371 E=-1.8689374363 nfev=374 t=720.3s remaining=1629
    iter=372 E=-1.8689420386 nfev=375 t=722.2s remaining=1628
    iter=373 E=-1.8689466887 nfev=376 t=724.2s remaining=1627
    iter=374 E=-1.8689508598 nfev=377 t=726.1s remaining=1626
    iter=375 E=-1.8689545147 nfev=378 t=728.0s remaining=1625
    iter=376 E=-1.8689579137 nfev=379 t=729.9s remaining=1624
    iter=377 E=-1.8689611434 nfev=380 t=731.7s remaining=1623
    iter=378 E=-1.8689641036 nfev=381 t=733.7s remaining=1622
    iter=379 E=-1.8689669726 nfev=382 t=735.6s remaining=1621
    iter=380 E=-1.8689699510 nfev=383 t=737.6s remaining=1620
    iter=381 E=-1.8689730641 nfev=384 t=739.6s remaining=1619
    iter=382 E=-1.8689761409 nfev=385 t=741.5s remaining=1618
    iter=383 E=-1.8689796777 nfev=386 t=743.4s remaining=1617
    iter=384 E=-1.8689833668 nfev=387 t=745.2s remaining=1616
    iter=385 E=-1.8689868688 nfev=388 t=747.0s remaining=1615
    iter=386 E=-1.8689898579 nfev=389 t=748.9s remaining=1614
    iter=387 E=-1.8689925609 nfev=390 t=750.9s remaining=1613
    iter=388 E=-1.8689954098 nfev=391 t=752.8s remaining=1612
    iter=389 E=-1.8689987739 nfev=392 t=754.8s remaining=1611
    iter=390 E=-1.8690027933 nfev=393 t=756.6s remaining=1610
    iter=391 E=-1.8690072663 nfev=394 t=758.5s remaining=1609
    iter=392 E=-1.8690116544 nfev=395 t=760.6s remaining=1608
    iter=393 E=-1.8690156682 nfev=396 t=762.4s remaining=1607
    iter=394 E=-1.8690194181 nfev=397 t=764.3s remaining=1606
    iter=395 E=-1.8690230755 nfev=398 t=766.2s remaining=1605
    iter=396 E=-1.8690267790 nfev=399 t=768.0s remaining=1604
    iter=397 E=-1.8690306509 nfev=400 t=769.9s remaining=1603
    iter=398 E=-1.8690345588 nfev=401 t=771.8s remaining=1602
    iter=399 E=-1.8690380169 nfev=402 t=774.0s remaining=1601
    iter=400 E=-1.8690414895 nfev=403 t=775.9s remaining=1600
    iter=401 E=-1.8690450283 nfev=404 t=777.8s remaining=1599
    iter=402 E=-1.8690487420 nfev=405 t=779.7s remaining=1598
    iter=403 E=-1.8690525395 nfev=406 t=781.6s remaining=1597
    iter=404 E=-1.8690561952 nfev=407 t=783.4s remaining=1596
    iter=405 E=-1.8690598834 nfev=408 t=786.1s remaining=1595
    iter=406 E=-1.8690636913 nfev=409 t=788.1s remaining=1594
    iter=407 E=-1.8690679971 nfev=410 t=790.0s remaining=1593
    iter=408 E=-1.8690728047 nfev=411 t=792.1s remaining=1592
    iter=409 E=-1.8690777560 nfev=412 t=794.0s remaining=1591
    iter=410 E=-1.8690825503 nfev=413 t=795.9s remaining=1590
    iter=411 E=-1.8690874223 nfev=414 t=797.8s remaining=1589
    iter=412 E=-1.8690927367 nfev=415 t=799.6s remaining=1588
    iter=413 E=-1.8690983349 nfev=416 t=801.5s remaining=1587
    iter=414 E=-1.8691035868 nfev=417 t=803.4s remaining=1586
    iter=415 E=-1.8691083747 nfev=418 t=805.3s remaining=1585
    iter=416 E=-1.8691131641 nfev=419 t=807.2s remaining=1584
    iter=417 E=-1.8691181765 nfev=420 t=809.1s remaining=1583
    iter=418 E=-1.8691231195 nfev=421 t=811.0s remaining=1582
    iter=419 E=-1.8691274721 nfev=422 t=812.9s remaining=1581
    iter=420 E=-1.8691313488 nfev=423 t=814.9s remaining=1580
    iter=421 E=-1.8691351229 nfev=424 t=816.8s remaining=1579
    iter=422 E=-1.8691391661 nfev=425 t=818.7s remaining=1578
    iter=423 E=-1.8691435058 nfev=426 t=820.7s remaining=1577
    iter=424 E=-1.8691481295 nfev=427 t=822.7s remaining=1576
    iter=425 E=-1.8691527988 nfev=428 t=824.7s remaining=1575
    iter=426 E=-1.8691575876 nfev=429 t=826.6s remaining=1574
    iter=427 E=-1.8691626126 nfev=430 t=828.3s remaining=1573
    iter=428 E=-1.8691677371 nfev=431 t=830.2s remaining=1572
    iter=429 E=-1.8691726250 nfev=432 t=832.0s remaining=1571
    iter=430 E=-1.8691772600 nfev=433 t=833.8s remaining=1570
    iter=431 E=-1.8691817205 nfev=434 t=835.7s remaining=1569
    iter=432 E=-1.8691862469 nfev=435 t=837.6s remaining=1568
    iter=433 E=-1.8691905515 nfev=436 t=839.5s remaining=1567
    iter=434 E=-1.8691944733 nfev=437 t=841.5s remaining=1566
    iter=435 E=-1.8691982477 nfev=438 t=843.4s remaining=1565
    iter=436 E=-1.8692023800 nfev=439 t=845.3s remaining=1564
    iter=437 E=-1.8692069586 nfev=440 t=847.8s remaining=1563
    iter=438 E=-1.8692118065 nfev=441 t=850.1s remaining=1562
    iter=439 E=-1.8692164463 nfev=442 t=852.0s remaining=1561
    iter=440 E=-1.8692206975 nfev=443 t=853.8s remaining=1560
    iter=441 E=-1.8692248052 nfev=444 t=855.7s remaining=1559
    iter=442 E=-1.8692286313 nfev=445 t=857.6s remaining=1558
    iter=443 E=-1.8692321817 nfev=446 t=859.6s remaining=1557
    iter=444 E=-1.8692360846 nfev=447 t=861.5s remaining=1556
    iter=445 E=-1.8692408905 nfev=448 t=863.4s remaining=1555
    iter=446 E=-1.8692461222 nfev=449 t=865.2s remaining=1554
    iter=447 E=-1.8692509086 nfev=450 t=867.1s remaining=1553
    iter=448 E=-1.8692551554 nfev=451 t=868.9s remaining=1552
    iter=449 E=-1.8692591354 nfev=452 t=870.9s remaining=1551
    iter=450 E=-1.8692631853 nfev=453 t=872.7s remaining=1550
    iter=451 E=-1.8692672978 nfev=454 t=874.6s remaining=1549
    iter=452 E=-1.8692714219 nfev=455 t=876.4s remaining=1548
    iter=453 E=-1.8692759822 nfev=456 t=878.2s remaining=1547
    iter=454 E=-1.8692809324 nfev=457 t=880.0s remaining=1546
    iter=455 E=-1.8692856494 nfev=458 t=882.2s remaining=1545
    iter=456 E=-1.8692897904 nfev=459 t=884.3s remaining=1544
    iter=457 E=-1.8692936977 nfev=460 t=886.3s remaining=1543
    iter=458 E=-1.8692976328 nfev=461 t=888.2s remaining=1542
    iter=459 E=-1.8693016403 nfev=462 t=890.1s remaining=1541
    iter=460 E=-1.8693055673 nfev=463 t=891.9s remaining=1540
    iter=461 E=-1.8693096121 nfev=464 t=893.8s remaining=1539
    iter=462 E=-1.8693137248 nfev=465 t=895.6s remaining=1538
    iter=463 E=-1.8693178115 nfev=466 t=897.5s remaining=1537
    iter=464 E=-1.8693218698 nfev=467 t=899.5s remaining=1536
    iter=465 E=-1.8693258185 nfev=468 t=901.4s remaining=1535
    iter=466 E=-1.8693295723 nfev=469 t=903.3s remaining=1534
    iter=467 E=-1.8693332164 nfev=470 t=905.1s remaining=1533
    iter=468 E=-1.8693370125 nfev=471 t=907.0s remaining=1532
    iter=469 E=-1.8693409297 nfev=472 t=908.9s remaining=1531
    iter=470 E=-1.8693447355 nfev=473 t=910.7s remaining=1530
    iter=471 E=-1.8693482505 nfev=474 t=912.6s remaining=1529
    iter=472 E=-1.8693516084 nfev=475 t=914.4s remaining=1528
    iter=473 E=-1.8693549063 nfev=476 t=916.3s remaining=1527
    iter=474 E=-1.8693580383 nfev=477 t=918.1s remaining=1526
    iter=475 E=-1.8693608558 nfev=478 t=919.9s remaining=1525
    iter=476 E=-1.8693635806 nfev=479 t=921.8s remaining=1524
    iter=477 E=-1.8693665545 nfev=480 t=923.6s remaining=1523
    iter=478 E=-1.8693699891 nfev=481 t=925.5s remaining=1522
    iter=479 E=-1.8693736533 nfev=482 t=927.3s remaining=1521
    iter=480 E=-1.8693772014 nfev=483 t=929.3s remaining=1520
    iter=481 E=-1.8693806219 nfev=484 t=931.1s remaining=1519
    iter=482 E=-1.8693839377 nfev=485 t=933.0s remaining=1518
    iter=483 E=-1.8693870534 nfev=486 t=934.9s remaining=1517
    iter=484 E=-1.8693899626 nfev=487 t=936.8s remaining=1516
    iter=485 E=-1.8693927918 nfev=488 t=938.8s remaining=1515
    iter=486 E=-1.8693956019 nfev=489 t=940.7s remaining=1514
    iter=487 E=-1.8693984555 nfev=490 t=942.7s remaining=1513
    iter=488 E=-1.8694014434 nfev=491 t=944.7s remaining=1512
    iter=489 E=-1.8694046310 nfev=492 t=946.6s remaining=1511
    iter=490 E=-1.8694079227 nfev=493 t=948.5s remaining=1510
    iter=491 E=-1.8694109546 nfev=494 t=950.4s remaining=1509
    iter=492 E=-1.8694133093 nfev=495 t=952.3s remaining=1508
    iter=493 E=-1.8694157428 nfev=496 t=954.2s remaining=1507
    iter=494 E=-1.8694181332 nfev=497 t=956.1s remaining=1506
    iter=495 E=-1.8694204021 nfev=498 t=958.2s remaining=1505
    iter=496 E=-1.8694225657 nfev=499 t=960.1s remaining=1504
    iter=497 E=-1.8694248197 nfev=500 t=962.1s remaining=1503
    iter=498 E=-1.8694273943 nfev=501 t=964.1s remaining=1502
    iter=499 E=-1.8694302014 nfev=502 t=965.9s remaining=1501
    iter=500 E=-1.8694328410 nfev=503 t=967.9s remaining=1500
    iter=501 E=-1.8694351901 nfev=504 t=969.8s remaining=1499
    iter=502 E=-1.8694374094 nfev=505 t=971.7s remaining=1498
    iter=503 E=-1.8694397186 nfev=506 t=973.6s remaining=1497
    iter=504 E=-1.8694421950 nfev=507 t=975.4s remaining=1496
    iter=505 E=-1.8694445969 nfev=508 t=977.5s remaining=1495
    iter=506 E=-1.8694469510 nfev=509 t=979.4s remaining=1494
    iter=507 E=-1.8694493567 nfev=510 t=981.3s remaining=1493
    iter=508 E=-1.8694518369 nfev=511 t=983.2s remaining=1492
    iter=509 E=-1.8694543386 nfev=512 t=985.1s remaining=1491
    iter=510 E=-1.8694568179 nfev=513 t=987.1s remaining=1490
    iter=511 E=-1.8694592555 nfev=514 t=989.1s remaining=1489
    iter=512 E=-1.8694615648 nfev=515 t=991.0s remaining=1488
    iter=513 E=-1.8694638181 nfev=516 t=993.0s remaining=1487
    iter=514 E=-1.8694660356 nfev=517 t=994.9s remaining=1486
    iter=515 E=-1.8694682749 nfev=518 t=996.7s remaining=1485
    iter=516 E=-1.8694706053 nfev=519 t=998.7s remaining=1484
    iter=517 E=-1.8694730483 nfev=520 t=1000.7s remaining=1483
    iter=518 E=-1.8694754586 nfev=521 t=1002.5s remaining=1482
    iter=519 E=-1.8694778082 nfev=522 t=1004.5s remaining=1481
    iter=520 E=-1.8694799671 nfev=523 t=1006.4s remaining=1480
    iter=521 E=-1.8694819947 nfev=524 t=1008.6s remaining=1479
    iter=522 E=-1.8694839915 nfev=525 t=1010.5s remaining=1478
    iter=523 E=-1.8694859901 nfev=526 t=1012.4s remaining=1477
    iter=524 E=-1.8694879497 nfev=527 t=1014.3s remaining=1476
    iter=525 E=-1.8694898949 nfev=528 t=1016.1s remaining=1475
    iter=526 E=-1.8694918405 nfev=529 t=1018.0s remaining=1474
    iter=527 E=-1.8694937469 nfev=530 t=1019.9s remaining=1473
    iter=528 E=-1.8694955554 nfev=531 t=1021.8s remaining=1472
    iter=529 E=-1.8694973426 nfev=532 t=1023.8s remaining=1471
    iter=530 E=-1.8694993374 nfev=533 t=1025.9s remaining=1470
    iter=531 E=-1.8695016320 nfev=534 t=1027.8s remaining=1469
    iter=532 E=-1.8695040729 nfev=535 t=1029.7s remaining=1468
    iter=533 E=-1.8695064031 nfev=536 t=1031.6s remaining=1467
    iter=534 E=-1.8695083989 nfev=537 t=1033.5s remaining=1466
    iter=535 E=-1.8695100873 nfev=538 t=1035.4s remaining=1465
    iter=536 E=-1.8695117126 nfev=539 t=1037.3s remaining=1464
    iter=537 E=-1.8695135102 nfev=540 t=1039.3s remaining=1463
    iter=538 E=-1.8695155064 nfev=541 t=1041.1s remaining=1462
    iter=539 E=-1.8695174661 nfev=542 t=1043.0s remaining=1461
    iter=540 E=-1.8695190842 nfev=543 t=1044.9s remaining=1460
    iter=541 E=-1.8695203537 nfev=544 t=1046.8s remaining=1459
    iter=542 E=-1.8695215608 nfev=545 t=1048.6s remaining=1458
    iter=543 E=-1.8695229453 nfev=546 t=1050.5s remaining=1457
    iter=544 E=-1.8695245708 nfev=547 t=1052.4s remaining=1456
    iter=545 E=-1.8695262524 nfev=548 t=1054.3s remaining=1455
    iter=546 E=-1.8695278835 nfev=549 t=1056.2s remaining=1454
    iter=547 E=-1.8695294658 nfev=550 t=1058.0s remaining=1453
    iter=548 E=-1.8695310556 nfev=551 t=1060.0s remaining=1452
    iter=549 E=-1.8695326938 nfev=552 t=1061.9s remaining=1451
    iter=550 E=-1.8695344794 nfev=553 t=1063.9s remaining=1450
    iter=551 E=-1.8695364628 nfev=554 t=1066.0s remaining=1449
    iter=552 E=-1.8695385852 nfev=555 t=1067.9s remaining=1448
    iter=553 E=-1.8695406578 nfev=556 t=1069.9s remaining=1447
    iter=554 E=-1.8695426643 nfev=557 t=1071.9s remaining=1446
    iter=555 E=-1.8695447618 nfev=558 t=1073.8s remaining=1445
    iter=556 E=-1.8695470394 nfev=559 t=1075.7s remaining=1444
    iter=557 E=-1.8695493026 nfev=560 t=1077.6s remaining=1443
    iter=558 E=-1.8695514258 nfev=561 t=1079.6s remaining=1442
    iter=559 E=-1.8695534777 nfev=562 t=1081.6s remaining=1441
    iter=560 E=-1.8695556125 nfev=563 t=1083.5s remaining=1440
    iter=561 E=-1.8695578060 nfev=564 t=1085.3s remaining=1439
    iter=562 E=-1.8695599863 nfev=565 t=1087.2s remaining=1438
    iter=563 E=-1.8695622615 nfev=566 t=1089.0s remaining=1437
    iter=564 E=-1.8695647244 nfev=567 t=1090.9s remaining=1436
    iter=565 E=-1.8695671077 nfev=568 t=1092.8s remaining=1435
    iter=566 E=-1.8695692233 nfev=569 t=1094.6s remaining=1434
    iter=567 E=-1.8695710956 nfev=570 t=1096.6s remaining=1433
    iter=568 E=-1.8695729918 nfev=571 t=1098.5s remaining=1432
    iter=569 E=-1.8695748384 nfev=572 t=1100.5s remaining=1431
    iter=570 E=-1.8695766738 nfev=573 t=1102.4s remaining=1430
    iter=571 E=-1.8695783592 nfev=574 t=1104.4s remaining=1429
    iter=572 E=-1.8695801569 nfev=575 t=1106.3s remaining=1428
    iter=573 E=-1.8695823089 nfev=576 t=1108.3s remaining=1427
    iter=574 E=-1.8695847622 nfev=577 t=1110.3s remaining=1426
    iter=575 E=-1.8695871735 nfev=578 t=1112.3s remaining=1425
    iter=576 E=-1.8695893446 nfev=579 t=1114.2s remaining=1424
    iter=577 E=-1.8695913174 nfev=580 t=1116.2s remaining=1423
    iter=578 E=-1.8695932995 nfev=581 t=1118.0s remaining=1422
    iter=579 E=-1.8695952765 nfev=582 t=1119.9s remaining=1421
    iter=580 E=-1.8695972443 nfev=583 t=1121.7s remaining=1420
    iter=581 E=-1.8695992011 nfev=584 t=1123.8s remaining=1419
    iter=582 E=-1.8696009964 nfev=585 t=1125.8s remaining=1418
    iter=583 E=-1.8696026257 nfev=586 t=1128.3s remaining=1417
    iter=584 E=-1.8696042428 nfev=587 t=1130.2s remaining=1416
    iter=585 E=-1.8696059826 nfev=588 t=1132.1s remaining=1415
    iter=586 E=-1.8696077778 nfev=589 t=1134.0s remaining=1414
    iter=587 E=-1.8696094792 nfev=590 t=1135.9s remaining=1413
    iter=588 E=-1.8696110972 nfev=591 t=1137.8s remaining=1412
    iter=589 E=-1.8696128098 nfev=592 t=1139.8s remaining=1411
    iter=590 E=-1.8696146268 nfev=593 t=1141.8s remaining=1410
    iter=591 E=-1.8696164041 nfev=594 t=1143.7s remaining=1409
    iter=592 E=-1.8696179721 nfev=595 t=1145.7s remaining=1408
    iter=593 E=-1.8696194559 nfev=596 t=1147.7s remaining=1407
    iter=594 E=-1.8696210583 nfev=597 t=1149.7s remaining=1406
    iter=595 E=-1.8696227633 nfev=598 t=1151.5s remaining=1405
    iter=596 E=-1.8696242974 nfev=599 t=1153.3s remaining=1404
    iter=597 E=-1.8696255481 nfev=600 t=1155.1s remaining=1403
    iter=598 E=-1.8696267747 nfev=601 t=1156.9s remaining=1402
    iter=599 E=-1.8696283419 nfev=602 t=1158.8s remaining=1401
    iter=600 E=-1.8696300529 nfev=603 t=1161.0s remaining=1400
    iter=601 E=-1.8696315755 nfev=604 t=1163.1s remaining=1399
    iter=602 E=-1.8696329243 nfev=605 t=1165.0s remaining=1398
    iter=603 E=-1.8696342597 nfev=606 t=1167.0s remaining=1397
    iter=604 E=-1.8696357500 nfev=607 t=1168.7s remaining=1396
    iter=605 E=-1.8696374089 nfev=608 t=1170.6s remaining=1395
    iter=606 E=-1.8696390042 nfev=609 t=1172.5s remaining=1394
    iter=607 E=-1.8696405733 nfev=610 t=1174.3s remaining=1393
    iter=608 E=-1.8696421055 nfev=611 t=1176.3s remaining=1392
    iter=609 E=-1.8696435304 nfev=612 t=1178.3s remaining=1391
    iter=610 E=-1.8696447894 nfev=613 t=1180.3s remaining=1390
    iter=611 E=-1.8696460003 nfev=614 t=1182.3s remaining=1389
    iter=612 E=-1.8696473170 nfev=615 t=1184.2s remaining=1388
    iter=613 E=-1.8696487711 nfev=616 t=1186.2s remaining=1387
    iter=614 E=-1.8696501763 nfev=617 t=1188.2s remaining=1386
    iter=615 E=-1.8696513904 nfev=618 t=1190.1s remaining=1385
    iter=616 E=-1.8696524939 nfev=619 t=1192.1s remaining=1384
    iter=617 E=-1.8696536509 nfev=620 t=1194.1s remaining=1383
    iter=618 E=-1.8696549572 nfev=621 t=1196.0s remaining=1382
    iter=619 E=-1.8696563407 nfev=622 t=1197.9s remaining=1381
    iter=620 E=-1.8696577246 nfev=623 t=1199.8s remaining=1380
    iter=621 E=-1.8696590892 nfev=624 t=1201.6s remaining=1379
    iter=622 E=-1.8696604872 nfev=625 t=1203.6s remaining=1378
    iter=623 E=-1.8696619183 nfev=626 t=1205.6s remaining=1377
    iter=624 E=-1.8696632972 nfev=627 t=1207.6s remaining=1376
    iter=625 E=-1.8696645770 nfev=628 t=1209.5s remaining=1375
    iter=626 E=-1.8696658212 nfev=629 t=1211.4s remaining=1374
    iter=627 E=-1.8696671580 nfev=630 t=1213.4s remaining=1373
    iter=628 E=-1.8696686502 nfev=631 t=1215.2s remaining=1372
    iter=629 E=-1.8696702063 nfev=632 t=1217.0s remaining=1371
    iter=630 E=-1.8696716785 nfev=633 t=1218.8s remaining=1370
    iter=631 E=-1.8696730517 nfev=634 t=1220.7s remaining=1369
    iter=632 E=-1.8696744472 nfev=635 t=1222.6s remaining=1368
    iter=633 E=-1.8696759881 nfev=636 t=1224.5s remaining=1367
    iter=634 E=-1.8696777412 nfev=637 t=1226.5s remaining=1366
    iter=635 E=-1.8696794842 nfev=638 t=1228.4s remaining=1365
    iter=636 E=-1.8696809547 nfev=639 t=1230.3s remaining=1364
    iter=637 E=-1.8696822817 nfev=640 t=1232.3s remaining=1363
    iter=638 E=-1.8696836759 nfev=641 t=1234.2s remaining=1362
    iter=639 E=-1.8696851754 nfev=642 t=1236.2s remaining=1361
    iter=640 E=-1.8696866890 nfev=643 t=1238.2s remaining=1360
    iter=641 E=-1.8696881546 nfev=644 t=1240.2s remaining=1359
    iter=642 E=-1.8696895523 nfev=645 t=1242.4s remaining=1358
    iter=643 E=-1.8696909512 nfev=646 t=1244.4s remaining=1357
    iter=644 E=-1.8696924607 nfev=647 t=1246.3s remaining=1356
    iter=645 E=-1.8696941216 nfev=648 t=1248.1s remaining=1355
    iter=646 E=-1.8696958849 nfev=649 t=1250.1s remaining=1354
    iter=647 E=-1.8696976169 nfev=650 t=1252.0s remaining=1353
    iter=648 E=-1.8696992896 nfev=651 t=1253.8s remaining=1352
    iter=649 E=-1.8697009968 nfev=652 t=1255.7s remaining=1351
    iter=650 E=-1.8697028285 nfev=653 t=1257.7s remaining=1350
    iter=651 E=-1.8697047930 nfev=654 t=1259.5s remaining=1349
    iter=652 E=-1.8697067160 nfev=655 t=1261.3s remaining=1348
    iter=653 E=-1.8697085298 nfev=656 t=1263.1s remaining=1347
    iter=654 E=-1.8697105860 nfev=657 t=1264.9s remaining=1346
    iter=655 E=-1.8697131378 nfev=658 t=1266.8s remaining=1345
    iter=656 E=-1.8697160209 nfev=659 t=1268.7s remaining=1344
    iter=657 E=-1.8697186858 nfev=660 t=1270.6s remaining=1343
    iter=658 E=-1.8697208450 nfev=661 t=1272.5s remaining=1342
    iter=659 E=-1.8697229104 nfev=662 t=1274.4s remaining=1341
    iter=660 E=-1.8697255157 nfev=663 t=1276.4s remaining=1340
    iter=661 E=-1.8697287014 nfev=664 t=1278.4s remaining=1339
    iter=662 E=-1.8697316415 nfev=665 t=1280.5s remaining=1338
    iter=663 E=-1.8697339551 nfev=666 t=1282.4s remaining=1337
    iter=664 E=-1.8697359868 nfev=667 t=1284.3s remaining=1336
    iter=665 E=-1.8697382684 nfev=668 t=1286.3s remaining=1335
    iter=666 E=-1.8697413341 nfev=669 t=1288.2s remaining=1334
    iter=667 E=-1.8697447545 nfev=670 t=1290.1s remaining=1333
    iter=668 E=-1.8697475873 nfev=671 t=1291.9s remaining=1332
    iter=669 E=-1.8697502684 nfev=672 t=1293.8s remaining=1331
    iter=670 E=-1.8697530831 nfev=673 t=1295.7s remaining=1330
    iter=671 E=-1.8697563329 nfev=674 t=1297.6s remaining=1329
    iter=672 E=-1.8697598559 nfev=675 t=1299.5s remaining=1328
    iter=673 E=-1.8697635328 nfev=676 t=1301.4s remaining=1327
    iter=674 E=-1.8697673638 nfev=677 t=1303.2s remaining=1326
    iter=675 E=-1.8697713424 nfev=678 t=1305.2s remaining=1325
    iter=676 E=-1.8697753243 nfev=679 t=1307.0s remaining=1324
    iter=677 E=-1.8697796721 nfev=680 t=1308.9s remaining=1323
    iter=678 E=-1.8697840228 nfev=681 t=1310.8s remaining=1322
    iter=679 E=-1.8697877912 nfev=682 t=1312.7s remaining=1321
    iter=680 E=-1.8697914466 nfev=683 t=1314.6s remaining=1320
    iter=681 E=-1.8697952326 nfev=684 t=1316.5s remaining=1319
    iter=682 E=-1.8697988449 nfev=685 t=1318.4s remaining=1318
    iter=683 E=-1.8698024703 nfev=686 t=1320.4s remaining=1317
    iter=684 E=-1.8698060109 nfev=687 t=1322.3s remaining=1316
    iter=685 E=-1.8698092692 nfev=688 t=1324.2s remaining=1315
    iter=686 E=-1.8698123583 nfev=689 t=1326.3s remaining=1314
    iter=687 E=-1.8698156067 nfev=690 t=1328.3s remaining=1313
    iter=688 E=-1.8698193499 nfev=691 t=1330.2s remaining=1312
    iter=689 E=-1.8698228552 nfev=692 t=1332.1s remaining=1311
    iter=690 E=-1.8698263130 nfev=693 t=1334.1s remaining=1310
    iter=691 E=-1.8698302178 nfev=694 t=1336.0s remaining=1309
    iter=692 E=-1.8698346429 nfev=695 t=1337.8s remaining=1308
    iter=693 E=-1.8698389232 nfev=696 t=1339.6s remaining=1307
    iter=694 E=-1.8698427337 nfev=697 t=1341.4s remaining=1306
    iter=695 E=-1.8698462132 nfev=698 t=1343.3s remaining=1305
    iter=696 E=-1.8698501250 nfev=699 t=1345.2s remaining=1304
    iter=697 E=-1.8698549768 nfev=700 t=1347.2s remaining=1303
    iter=698 E=-1.8698590530 nfev=701 t=1349.0s remaining=1302
    iter=699 E=-1.8698625216 nfev=702 t=1350.9s remaining=1301
    iter=700 E=-1.8698659153 nfev=703 t=1352.8s remaining=1300
    iter=701 E=-1.8698694000 nfev=704 t=1354.6s remaining=1299
    iter=702 E=-1.8698727787 nfev=705 t=1356.5s remaining=1298
    iter=703 E=-1.8698761632 nfev=706 t=1358.5s remaining=1297
    iter=704 E=-1.8698793158 nfev=707 t=1360.5s remaining=1296
    iter=705 E=-1.8698824328 nfev=708 t=1362.4s remaining=1295
    iter=706 E=-1.8698857111 nfev=709 t=1364.4s remaining=1294
    iter=707 E=-1.8698889042 nfev=710 t=1366.3s remaining=1293
    iter=708 E=-1.8698918498 nfev=711 t=1368.2s remaining=1292
    iter=709 E=-1.8698945950 nfev=712 t=1370.1s remaining=1291
    iter=710 E=-1.8698976773 nfev=713 t=1372.1s remaining=1290
    iter=711 E=-1.8699012246 nfev=714 t=1374.0s remaining=1289
    iter=712 E=-1.8699044367 nfev=715 t=1375.9s remaining=1288
    iter=713 E=-1.8699074110 nfev=716 t=1377.7s remaining=1287
    iter=714 E=-1.8699106922 nfev=717 t=1379.6s remaining=1286
    iter=715 E=-1.8699143659 nfev=718 t=1381.4s remaining=1285
    iter=716 E=-1.8699176777 nfev=719 t=1383.3s remaining=1284
    iter=717 E=-1.8699205311 nfev=720 t=1385.1s remaining=1283
    iter=718 E=-1.8699232975 nfev=721 t=1387.1s remaining=1282
    iter=719 E=-1.8699259409 nfev=722 t=1388.9s remaining=1281
    iter=720 E=-1.8699286075 nfev=723 t=1390.7s remaining=1280
    iter=721 E=-1.8699312662 nfev=724 t=1392.5s remaining=1279
    iter=722 E=-1.8699337289 nfev=725 t=1394.4s remaining=1278
    iter=723 E=-1.8699360199 nfev=726 t=1396.3s remaining=1277
    iter=724 E=-1.8699383281 nfev=727 t=1398.2s remaining=1276
    iter=725 E=-1.8699407152 nfev=728 t=1400.1s remaining=1275
    iter=726 E=-1.8699429715 nfev=729 t=1402.0s remaining=1274
    iter=727 E=-1.8699450686 nfev=730 t=1403.8s remaining=1273
    iter=728 E=-1.8699471800 nfev=731 t=1405.8s remaining=1272
    iter=729 E=-1.8699494633 nfev=732 t=1407.6s remaining=1271
    iter=730 E=-1.8699518061 nfev=733 t=1409.5s remaining=1270
    iter=731 E=-1.8699536641 nfev=734 t=1411.4s remaining=1269
    iter=732 E=-1.8699550728 nfev=735 t=1413.3s remaining=1268
    iter=733 E=-1.8699563469 nfev=736 t=1415.2s remaining=1267
    iter=734 E=-1.8699576806 nfev=737 t=1417.0s remaining=1266
    iter=735 E=-1.8699590721 nfev=738 t=1418.9s remaining=1265
    iter=736 E=-1.8699609337 nfev=739 t=1420.8s remaining=1264
    iter=737 E=-1.8699627809 nfev=740 t=1422.7s remaining=1263
    iter=738 E=-1.8699644248 nfev=741 t=1424.4s remaining=1262
    iter=739 E=-1.8699657077 nfev=742 t=1426.3s remaining=1261
    iter=740 E=-1.8699668280 nfev=743 t=1428.2s remaining=1260
    iter=741 E=-1.8699680700 nfev=744 t=1429.9s remaining=1259
    iter=742 E=-1.8699695910 nfev=745 t=1431.8s remaining=1258
    iter=743 E=-1.8699712915 nfev=746 t=1433.7s remaining=1257
    iter=744 E=-1.8699729003 nfev=747 t=1435.5s remaining=1256
    iter=745 E=-1.8699742303 nfev=748 t=1437.3s remaining=1255
    iter=746 E=-1.8699754254 nfev=749 t=1439.1s remaining=1254
    iter=747 E=-1.8699767812 nfev=750 t=1441.0s remaining=1253
    iter=748 E=-1.8699784076 nfev=751 t=1443.1s remaining=1252
    iter=749 E=-1.8699800637 nfev=752 t=1445.0s remaining=1251
    iter=750 E=-1.8699814055 nfev=753 t=1446.8s remaining=1250
    iter=751 E=-1.8699823835 nfev=754 t=1448.7s remaining=1249
    iter=752 E=-1.8699833028 nfev=755 t=1450.6s remaining=1248
    iter=753 E=-1.8699845048 nfev=756 t=1452.5s remaining=1247
    iter=754 E=-1.8699858477 nfev=757 t=1454.6s remaining=1246
    iter=755 E=-1.8699871861 nfev=758 t=1456.5s remaining=1245
    iter=756 E=-1.8699884159 nfev=759 t=1458.4s remaining=1244
    iter=757 E=-1.8699894729 nfev=760 t=1460.2s remaining=1243
    iter=758 E=-1.8699904200 nfev=761 t=1462.1s remaining=1242
    iter=759 E=-1.8699914323 nfev=762 t=1463.9s remaining=1241
    iter=760 E=-1.8699926722 nfev=763 t=1465.8s remaining=1240
    iter=761 E=-1.8699940934 nfev=764 t=1467.8s remaining=1239
    iter=762 E=-1.8699953691 nfev=765 t=1469.7s remaining=1238
    iter=763 E=-1.8699963593 nfev=766 t=1471.6s remaining=1237
    iter=764 E=-1.8699972740 nfev=767 t=1473.5s remaining=1236
    iter=765 E=-1.8699982916 nfev=768 t=1475.3s remaining=1235
    iter=766 E=-1.8699994246 nfev=769 t=1477.1s remaining=1234
    iter=767 E=-1.8700006653 nfev=770 t=1478.9s remaining=1233
    iter=768 E=-1.8700019662 nfev=771 t=1481.1s remaining=1232
    iter=769 E=-1.8700030799 nfev=772 t=1483.0s remaining=1231
    iter=770 E=-1.8700039158 nfev=773 t=1484.7s remaining=1230
    iter=771 E=-1.8700046369 nfev=774 t=1486.5s remaining=1229
    iter=772 E=-1.8700054415 nfev=775 t=1488.3s remaining=1228
    iter=773 E=-1.8700064264 nfev=776 t=1490.1s remaining=1227
    iter=774 E=-1.8700075053 nfev=777 t=1492.0s remaining=1226
    iter=775 E=-1.8700085525 nfev=778 t=1493.8s remaining=1225
    iter=776 E=-1.8700095205 nfev=779 t=1495.6s remaining=1224
    iter=777 E=-1.8700104923 nfev=780 t=1497.4s remaining=1223
    iter=778 E=-1.8700115476 nfev=781 t=1499.1s remaining=1222
    iter=779 E=-1.8700126419 nfev=782 t=1500.9s remaining=1221
    iter=780 E=-1.8700137001 nfev=783 t=1502.7s remaining=1220
    iter=781 E=-1.8700147781 nfev=784 t=1504.6s remaining=1219
    iter=782 E=-1.8700159049 nfev=785 t=1506.4s remaining=1218
    iter=783 E=-1.8700169800 nfev=786 t=1508.2s remaining=1217
    iter=784 E=-1.8700179151 nfev=787 t=1510.1s remaining=1216
    iter=785 E=-1.8700188315 nfev=788 t=1511.9s remaining=1215
    iter=786 E=-1.8700199187 nfev=789 t=1513.7s remaining=1214
    iter=787 E=-1.8700211582 nfev=790 t=1515.7s remaining=1213
    iter=788 E=-1.8700223566 nfev=791 t=1517.7s remaining=1212
    iter=789 E=-1.8700234020 nfev=792 t=1519.6s remaining=1211
    iter=790 E=-1.8700243150 nfev=793 t=1521.4s remaining=1210
    iter=791 E=-1.8700251808 nfev=794 t=1523.3s remaining=1209
    iter=792 E=-1.8700260465 nfev=795 t=1525.2s remaining=1208
    iter=793 E=-1.8700269217 nfev=796 t=1527.2s remaining=1207
    iter=794 E=-1.8700278210 nfev=797 t=1529.2s remaining=1206
    iter=795 E=-1.8700287355 nfev=798 t=1531.0s remaining=1205
    iter=796 E=-1.8700296369 nfev=799 t=1532.9s remaining=1204
    iter=797 E=-1.8700305076 nfev=800 t=1534.7s remaining=1203
    iter=798 E=-1.8700313487 nfev=801 t=1536.5s remaining=1202
    iter=799 E=-1.8700321460 nfev=802 t=1538.3s remaining=1201
    iter=800 E=-1.8700328578 nfev=803 t=1540.1s remaining=1200
    iter=801 E=-1.8700334817 nfev=804 t=1542.1s remaining=1199
    iter=802 E=-1.8700341006 nfev=805 t=1544.1s remaining=1198
    iter=803 E=-1.8700348442 nfev=806 t=1546.0s remaining=1197
    iter=804 E=-1.8700357707 nfev=807 t=1548.0s remaining=1196
    iter=805 E=-1.8700367500 nfev=808 t=1549.9s remaining=1195
    iter=806 E=-1.8700376302 nfev=809 t=1551.7s remaining=1194
    iter=807 E=-1.8700383606 nfev=810 t=1553.7s remaining=1193
    iter=808 E=-1.8700390374 nfev=811 t=1555.8s remaining=1192
    iter=809 E=-1.8700397617 nfev=812 t=1557.7s remaining=1191
    iter=810 E=-1.8700405710 nfev=813 t=1559.7s remaining=1190
    iter=811 E=-1.8700414083 nfev=814 t=1561.7s remaining=1189
    iter=812 E=-1.8700422303 nfev=815 t=1563.6s remaining=1188
    iter=813 E=-1.8700429952 nfev=816 t=1565.5s remaining=1187
    iter=814 E=-1.8700436713 nfev=817 t=1567.3s remaining=1186
    iter=815 E=-1.8700442992 nfev=818 t=1569.2s remaining=1185
    iter=816 E=-1.8700449827 nfev=819 t=1571.1s remaining=1184
    iter=817 E=-1.8700457997 nfev=820 t=1573.0s remaining=1183
    iter=818 E=-1.8700467022 nfev=821 t=1574.9s remaining=1182
    iter=819 E=-1.8700475250 nfev=822 t=1576.7s remaining=1181
    iter=820 E=-1.8700481740 nfev=823 t=1578.6s remaining=1180
    iter=821 E=-1.8700487101 nfev=824 t=1580.5s remaining=1179
    iter=822 E=-1.8700492597 nfev=825 t=1582.5s remaining=1178
    iter=823 E=-1.8700499112 nfev=826 t=1584.3s remaining=1177
    iter=824 E=-1.8700506941 nfev=827 t=1586.3s remaining=1176
    iter=825 E=-1.8700515836 nfev=828 t=1588.2s remaining=1175
    iter=826 E=-1.8700524999 nfev=829 t=1590.1s remaining=1174
    iter=827 E=-1.8700533285 nfev=830 t=1592.2s remaining=1173
    iter=828 E=-1.8700540348 nfev=831 t=1594.2s remaining=1172
    iter=829 E=-1.8700546994 nfev=832 t=1596.2s remaining=1171
    iter=830 E=-1.8700554629 nfev=833 t=1598.1s remaining=1170
    iter=831 E=-1.8700563961 nfev=834 t=1600.0s remaining=1169
    iter=832 E=-1.8700573513 nfev=835 t=1602.0s remaining=1168
    iter=833 E=-1.8700580443 nfev=836 t=1603.9s remaining=1167
    iter=834 E=-1.8700585334 nfev=837 t=1605.9s remaining=1166
    iter=835 E=-1.8700589675 nfev=838 t=1607.9s remaining=1165
    iter=836 E=-1.8700594851 nfev=839 t=1609.8s remaining=1164
    iter=837 E=-1.8700601392 nfev=840 t=1611.7s remaining=1163
    iter=838 E=-1.8700608832 nfev=841 t=1613.8s remaining=1162
    iter=839 E=-1.8700615722 nfev=842 t=1615.8s remaining=1161
    iter=840 E=-1.8700621432 nfev=843 t=1617.6s remaining=1160
    iter=841 E=-1.8700626744 nfev=844 t=1619.5s remaining=1159
    iter=842 E=-1.8700632892 nfev=845 t=1621.4s remaining=1158
    iter=843 E=-1.8700640611 nfev=846 t=1623.3s remaining=1157
    iter=844 E=-1.8700649337 nfev=847 t=1625.1s remaining=1156
    iter=845 E=-1.8700657163 nfev=848 t=1627.0s remaining=1155
    iter=846 E=-1.8700663537 nfev=849 t=1628.9s remaining=1154
    iter=847 E=-1.8700669159 nfev=850 t=1630.7s remaining=1153
    iter=848 E=-1.8700675357 nfev=851 t=1632.6s remaining=1152
    iter=849 E=-1.8700683173 nfev=852 t=1634.4s remaining=1151
    iter=850 E=-1.8700692062 nfev=853 t=1636.3s remaining=1150
    iter=851 E=-1.8700699679 nfev=854 t=1638.3s remaining=1149
    iter=852 E=-1.8700705119 nfev=855 t=1640.2s remaining=1148
    iter=853 E=-1.8700709609 nfev=856 t=1642.2s remaining=1147
    iter=854 E=-1.8700715170 nfev=857 t=1644.1s remaining=1146
    iter=855 E=-1.8700723489 nfev=858 t=1646.0s remaining=1145
    iter=856 E=-1.8700734739 nfev=859 t=1648.0s remaining=1144
    iter=857 E=-1.8700745891 nfev=860 t=1649.9s remaining=1143
    iter=858 E=-1.8700754438 nfev=861 t=1651.8s remaining=1142
    iter=859 E=-1.8700759820 nfev=862 t=1653.7s remaining=1141
    iter=860 E=-1.8700763921 nfev=863 t=1655.7s remaining=1140
    iter=861 E=-1.8700768131 nfev=864 t=1657.6s remaining=1139
    iter=862 E=-1.8700773486 nfev=865 t=1659.5s remaining=1138
    iter=863 E=-1.8700780180 nfev=866 t=1661.4s remaining=1137
    iter=864 E=-1.8700787405 nfev=867 t=1663.3s remaining=1136
    iter=865 E=-1.8700793493 nfev=868 t=1665.3s remaining=1135
    iter=866 E=-1.8700797679 nfev=869 t=1667.4s remaining=1134
    iter=867 E=-1.8700801206 nfev=870 t=1669.4s remaining=1133
    iter=868 E=-1.8700805711 nfev=871 t=1671.4s remaining=1132
    iter=869 E=-1.8700812022 nfev=872 t=1673.2s remaining=1131
    iter=870 E=-1.8700819673 nfev=873 t=1675.2s remaining=1130
    iter=871 E=-1.8700827199 nfev=874 t=1677.1s remaining=1129
    iter=872 E=-1.8700833376 nfev=875 t=1678.9s remaining=1128
    iter=873 E=-1.8700838247 nfev=876 t=1680.8s remaining=1127
    iter=874 E=-1.8700842503 nfev=877 t=1682.6s remaining=1126
    iter=875 E=-1.8700847212 nfev=878 t=1684.6s remaining=1125
    iter=876 E=-1.8700853433 nfev=879 t=1686.6s remaining=1124
    iter=877 E=-1.8700861523 nfev=880 t=1688.4s remaining=1123
    iter=878 E=-1.8700869659 nfev=881 t=1690.3s remaining=1122
    iter=879 E=-1.8700875316 nfev=882 t=1692.1s remaining=1121
    iter=880 E=-1.8700878895 nfev=883 t=1693.9s remaining=1120
    iter=881 E=-1.8700882527 nfev=884 t=1696.0s remaining=1119
    iter=882 E=-1.8700888099 nfev=885 t=1698.4s remaining=1118
    iter=883 E=-1.8700896120 nfev=886 t=1701.3s remaining=1117
    iter=884 E=-1.8700903608 nfev=887 t=1703.9s remaining=1116
    iter=885 E=-1.8700908881 nfev=888 t=1705.9s remaining=1115
    iter=886 E=-1.8700912585 nfev=889 t=1707.7s remaining=1114
    iter=887 E=-1.8700916685 nfev=890 t=1709.5s remaining=1113
    iter=888 E=-1.8700922964 nfev=891 t=1711.4s remaining=1112
    iter=889 E=-1.8700931458 nfev=892 t=1713.3s remaining=1111
    iter=890 E=-1.8700937909 nfev=893 t=1715.1s remaining=1110
    iter=891 E=-1.8700942079 nfev=894 t=1716.9s remaining=1109
    iter=892 E=-1.8700945158 nfev=895 t=1718.9s remaining=1108
    iter=893 E=-1.8700949266 nfev=896 t=1720.8s remaining=1107
    iter=894 E=-1.8700955557 nfev=897 t=1722.7s remaining=1106
    iter=895 E=-1.8700963401 nfev=898 t=1724.6s remaining=1105
    iter=896 E=-1.8700968935 nfev=899 t=1726.5s remaining=1104
    iter=897 E=-1.8700973185 nfev=900 t=1728.4s remaining=1103
    iter=898 E=-1.8700977041 nfev=901 t=1730.3s remaining=1102
    iter=899 E=-1.8700982569 nfev=902 t=1732.1s remaining=1101
    iter=900 E=-1.8700990079 nfev=903 t=1734.0s remaining=1100
    iter=901 E=-1.8700997236 nfev=904 t=1736.1s remaining=1099
    iter=902 E=-1.8701002537 nfev=905 t=1738.1s remaining=1098
    iter=903 E=-1.8701006577 nfev=906 t=1740.0s remaining=1097
    iter=904 E=-1.8701011022 nfev=907 t=1742.0s remaining=1096
    iter=905 E=-1.8701017436 nfev=908 t=1744.0s remaining=1095
    iter=906 E=-1.8701025172 nfev=909 t=1746.0s remaining=1094
    iter=907 E=-1.8701032773 nfev=910 t=1747.9s remaining=1093
    iter=908 E=-1.8701039023 nfev=911 t=1749.8s remaining=1092
    iter=909 E=-1.8701043996 nfev=912 t=1751.7s remaining=1091
    iter=910 E=-1.8701048716 nfev=913 t=1753.7s remaining=1090
    iter=911 E=-1.8701054384 nfev=914 t=1755.8s remaining=1089
    iter=912 E=-1.8701062163 nfev=915 t=1757.9s remaining=1088
    iter=913 E=-1.8701072218 nfev=916 t=1760.0s remaining=1087
    iter=914 E=-1.8701082566 nfev=917 t=1761.8s remaining=1086
    iter=915 E=-1.8701090782 nfev=918 t=1763.7s remaining=1085
    iter=916 E=-1.8701096363 nfev=919 t=1765.6s remaining=1084
    iter=917 E=-1.8701100840 nfev=920 t=1767.7s remaining=1083
    iter=918 E=-1.8701106012 nfev=921 t=1769.6s remaining=1082
    iter=919 E=-1.8701113153 nfev=922 t=1771.4s remaining=1081
    iter=920 E=-1.8701121839 nfev=923 t=1774.0s remaining=1080
    iter=921 E=-1.8701130998 nfev=924 t=1776.0s remaining=1079
    iter=922 E=-1.8701138856 nfev=925 t=1777.9s remaining=1078
    iter=923 E=-1.8701144523 nfev=926 t=1779.9s remaining=1077
    iter=924 E=-1.8701148916 nfev=927 t=1781.9s remaining=1076
    iter=925 E=-1.8701153601 nfev=928 t=1783.9s remaining=1075
    iter=926 E=-1.8701160595 nfev=929 t=1785.8s remaining=1074
    iter=927 E=-1.8701171060 nfev=930 t=1787.8s remaining=1073
    iter=928 E=-1.8701184354 nfev=931 t=1789.6s remaining=1072
    iter=929 E=-1.8701195407 nfev=932 t=1791.7s remaining=1071
    iter=930 E=-1.8701203162 nfev=933 t=1793.5s remaining=1070
    iter=931 E=-1.8701208700 nfev=934 t=1795.5s remaining=1069
    iter=932 E=-1.8701214042 nfev=935 t=1797.4s remaining=1068
    iter=933 E=-1.8701221180 nfev=936 t=1799.3s remaining=1067
    iter=934 E=-1.8701231425 nfev=937 t=1801.1s remaining=1066
    iter=935 E=-1.8701246356 nfev=938 t=1803.1s remaining=1065
    iter=936 E=-1.8701261777 nfev=939 t=1805.4s remaining=1064
    iter=937 E=-1.8701271202 nfev=940 t=1807.7s remaining=1063
    iter=938 E=-1.8701276941 nfev=941 t=1809.7s remaining=1062
    iter=939 E=-1.8701282256 nfev=942 t=1811.7s remaining=1061
    iter=940 E=-1.8701290621 nfev=943 t=1813.6s remaining=1060
    iter=941 E=-1.8701303376 nfev=944 t=1815.7s remaining=1059
    iter=942 E=-1.8701319035 nfev=945 t=1817.6s remaining=1058
    iter=943 E=-1.8701329515 nfev=946 t=1819.6s remaining=1057
    iter=944 E=-1.8701337490 nfev=947 t=1821.6s remaining=1056
    iter=945 E=-1.8701343623 nfev=948 t=1823.6s remaining=1055
    iter=946 E=-1.8701350780 nfev=949 t=1825.5s remaining=1054
    iter=947 E=-1.8701359778 nfev=950 t=1827.4s remaining=1053
    iter=948 E=-1.8701372659 nfev=951 t=1829.5s remaining=1052
    iter=949 E=-1.8701384489 nfev=952 t=1831.9s remaining=1051
    iter=950 E=-1.8701392795 nfev=953 t=1833.8s remaining=1050
    iter=951 E=-1.8701399663 nfev=954 t=1835.7s remaining=1049
    iter=952 E=-1.8701406286 nfev=955 t=1837.6s remaining=1048
    iter=953 E=-1.8701415116 nfev=956 t=1839.5s remaining=1047
    iter=954 E=-1.8701428441 nfev=957 t=1841.4s remaining=1046
    iter=955 E=-1.8701447244 nfev=958 t=1843.7s remaining=1045
    iter=956 E=-1.8701464417 nfev=959 t=1845.6s remaining=1044
    iter=957 E=-1.8701478002 nfev=960 t=1847.5s remaining=1043
    iter=958 E=-1.8701488954 nfev=961 t=1849.5s remaining=1042
    iter=959 E=-1.8701501392 nfev=962 t=1851.3s remaining=1041
    iter=960 E=-1.8701518763 nfev=963 t=1853.2s remaining=1040
    iter=961 E=-1.8701539599 nfev=964 t=1855.1s remaining=1039
    iter=962 E=-1.8701560506 nfev=965 t=1857.3s remaining=1038
    iter=963 E=-1.8701577463 nfev=966 t=1859.5s remaining=1037
    iter=964 E=-1.8701590597 nfev=967 t=1861.5s remaining=1036
    iter=965 E=-1.8701601413 nfev=968 t=1863.4s remaining=1035
    iter=966 E=-1.8701615502 nfev=969 t=1865.2s remaining=1034
    iter=967 E=-1.8701634576 nfev=970 t=1867.2s remaining=1033
    iter=968 E=-1.8701656857 nfev=971 t=1869.0s remaining=1032
    iter=969 E=-1.8701681011 nfev=972 t=1870.8s remaining=1031
    iter=970 E=-1.8701703267 nfev=973 t=1872.7s remaining=1030
    iter=971 E=-1.8701720830 nfev=974 t=1874.7s remaining=1029
    iter=972 E=-1.8701732823 nfev=975 t=1876.6s remaining=1028
    iter=973 E=-1.8701744009 nfev=976 t=1878.5s remaining=1027
    iter=974 E=-1.8701757738 nfev=977 t=1880.4s remaining=1026
    iter=975 E=-1.8701775323 nfev=978 t=1882.2s remaining=1025
    iter=976 E=-1.8701797409 nfev=979 t=1884.0s remaining=1024
    iter=977 E=-1.8701819865 nfev=980 t=1886.0s remaining=1023
    iter=978 E=-1.8701833574 nfev=981 t=1887.9s remaining=1022
    iter=979 E=-1.8701844208 nfev=982 t=1889.8s remaining=1021
    iter=980 E=-1.8701851879 nfev=983 t=1891.7s remaining=1020
    iter=981 E=-1.8701861222 nfev=984 t=1893.7s remaining=1019
    iter=982 E=-1.8701872288 nfev=985 t=1895.7s remaining=1018
    iter=983 E=-1.8701887605 nfev=986 t=1897.7s remaining=1017
    iter=984 E=-1.8701905292 nfev=987 t=1899.6s remaining=1016
    iter=985 E=-1.8701922198 nfev=988 t=1901.5s remaining=1015
    iter=986 E=-1.8701934255 nfev=989 t=1903.3s remaining=1014
    iter=987 E=-1.8701942407 nfev=990 t=1905.3s remaining=1013
    iter=988 E=-1.8701949490 nfev=991 t=1907.2s remaining=1012
    iter=989 E=-1.8701957954 nfev=992 t=1909.1s remaining=1011
    iter=990 E=-1.8701967930 nfev=993 t=1911.0s remaining=1010
    iter=991 E=-1.8701980312 nfev=994 t=1912.8s remaining=1009
    iter=992 E=-1.8701993906 nfev=995 t=1914.6s remaining=1008
    iter=993 E=-1.8702005226 nfev=996 t=1916.4s remaining=1007
    iter=994 E=-1.8702013775 nfev=997 t=1918.3s remaining=1006
    iter=995 E=-1.8702021904 nfev=998 t=1920.2s remaining=1005
    iter=996 E=-1.8702031676 nfev=999 t=1922.0s remaining=1004
    iter=997 E=-1.8702043597 nfev=1000 t=1923.9s remaining=1003
    iter=998 E=-1.8702058857 nfev=1001 t=1925.8s remaining=1002
    iter=999 E=-1.8702075186 nfev=1002 t=1927.8s remaining=1001
    iter=1000 E=-1.8702089038 nfev=1003 t=1929.9s remaining=1000
    iter=1001 E=-1.8702099120 nfev=1004 t=1931.9s remaining=999
    iter=1002 E=-1.8702106445 nfev=1005 t=1933.9s remaining=998
    iter=1003 E=-1.8702113583 nfev=1006 t=1936.2s remaining=997
    iter=1004 E=-1.8702123109 nfev=1007 t=1938.1s remaining=996
    iter=1005 E=-1.8702137533 nfev=1008 t=1940.1s remaining=995
    iter=1006 E=-1.8702158132 nfev=1009 t=1942.0s remaining=994
    iter=1007 E=-1.8702179549 nfev=1010 t=1943.9s remaining=993
    iter=1008 E=-1.8702196280 nfev=1011 t=1945.9s remaining=992
    iter=1009 E=-1.8702207543 nfev=1012 t=1947.8s remaining=991
    iter=1010 E=-1.8702214712 nfev=1013 t=1949.9s remaining=990
    iter=1011 E=-1.8702222193 nfev=1014 t=1951.9s remaining=989
    iter=1012 E=-1.8702233825 nfev=1015 t=1953.8s remaining=988
    iter=1013 E=-1.8702251120 nfev=1016 t=1955.7s remaining=987
    iter=1014 E=-1.8702270687 nfev=1017 t=1957.7s remaining=986
    iter=1015 E=-1.8702286815 nfev=1018 t=1959.6s remaining=985
    iter=1016 E=-1.8702299576 nfev=1019 t=1961.5s remaining=984
    iter=1017 E=-1.8702308907 nfev=1020 t=1963.4s remaining=983
    iter=1018 E=-1.8702319443 nfev=1021 t=1965.2s remaining=982
    iter=1019 E=-1.8702334160 nfev=1022 t=1967.2s remaining=981
    iter=1020 E=-1.8702352824 nfev=1023 t=1969.1s remaining=980
    iter=1021 E=-1.8702372899 nfev=1024 t=1971.0s remaining=979
    iter=1022 E=-1.8702391649 nfev=1025 t=1972.9s remaining=978
    iter=1023 E=-1.8702405863 nfev=1026 t=1974.9s remaining=977
    iter=1024 E=-1.8702414484 nfev=1027 t=1976.8s remaining=976
    iter=1025 E=-1.8702421370 nfev=1028 t=1978.8s remaining=975
    iter=1026 E=-1.8702429551 nfev=1029 t=1980.7s remaining=974
    iter=1027 E=-1.8702441366 nfev=1030 t=1982.8s remaining=973
    iter=1028 E=-1.8702457338 nfev=1031 t=1984.7s remaining=972
    iter=1029 E=-1.8702476378 nfev=1032 t=1986.6s remaining=971
    iter=1030 E=-1.8702498649 nfev=1033 t=1988.5s remaining=970
    iter=1031 E=-1.8702514207 nfev=1034 t=1990.5s remaining=969
    iter=1032 E=-1.8702523659 nfev=1035 t=1992.3s remaining=968
    iter=1033 E=-1.8702531916 nfev=1036 t=1994.2s remaining=967
    iter=1034 E=-1.8702543086 nfev=1037 t=1996.1s remaining=966
    iter=1035 E=-1.8702557394 nfev=1038 t=1998.0s remaining=965
    iter=1036 E=-1.8702574971 nfev=1039 t=2000.0s remaining=964
    iter=1037 E=-1.8702590673 nfev=1040 t=2002.0s remaining=963
    iter=1038 E=-1.8702601416 nfev=1041 t=2004.0s remaining=962
    iter=1039 E=-1.8702608759 nfev=1042 t=2005.8s remaining=961
    iter=1040 E=-1.8702615899 nfev=1043 t=2007.7s remaining=960
    iter=1041 E=-1.8702624656 nfev=1044 t=2009.5s remaining=959
    iter=1042 E=-1.8702634610 nfev=1045 t=2011.4s remaining=958
    iter=1043 E=-1.8702647391 nfev=1046 t=2013.3s remaining=957
    iter=1044 E=-1.8702663593 nfev=1047 t=2015.2s remaining=956
    iter=1045 E=-1.8702678995 nfev=1048 t=2017.0s remaining=955
    iter=1046 E=-1.8702690097 nfev=1049 t=2018.9s remaining=954
    iter=1047 E=-1.8702697275 nfev=1050 t=2020.7s remaining=953
    iter=1048 E=-1.8702703726 nfev=1051 t=2022.5s remaining=952
    iter=1049 E=-1.8702711973 nfev=1052 t=2024.4s remaining=951
    iter=1050 E=-1.8702722950 nfev=1053 t=2026.3s remaining=950
    iter=1051 E=-1.8702735524 nfev=1054 t=2028.2s remaining=949
    iter=1052 E=-1.8702748421 nfev=1055 t=2030.0s remaining=948
    iter=1053 E=-1.8702758639 nfev=1056 t=2031.9s remaining=947
    iter=1054 E=-1.8702765689 nfev=1057 t=2033.9s remaining=946
    iter=1055 E=-1.8702772070 nfev=1058 t=2035.9s remaining=945
    iter=1056 E=-1.8702779962 nfev=1059 t=2037.8s remaining=944
    iter=1057 E=-1.8702790275 nfev=1060 t=2039.7s remaining=943
    iter=1058 E=-1.8702803173 nfev=1061 t=2041.5s remaining=942
    iter=1059 E=-1.8702817423 nfev=1062 t=2043.4s remaining=941
    iter=1060 E=-1.8702830770 nfev=1063 t=2045.3s remaining=940
    iter=1061 E=-1.8702840865 nfev=1064 t=2047.4s remaining=939
    iter=1062 E=-1.8702848080 nfev=1065 t=2049.4s remaining=938
    iter=1063 E=-1.8702854942 nfev=1066 t=2051.3s remaining=937
    iter=1064 E=-1.8702864168 nfev=1067 t=2053.1s remaining=936
    iter=1065 E=-1.8702876477 nfev=1068 t=2055.0s remaining=935
    iter=1066 E=-1.8702889144 nfev=1069 t=2057.2s remaining=934
    iter=1067 E=-1.8702900193 nfev=1070 t=2059.1s remaining=933
    iter=1068 E=-1.8702908488 nfev=1071 t=2061.2s remaining=932
    iter=1069 E=-1.8702915270 nfev=1072 t=2063.2s remaining=931
    iter=1070 E=-1.8702922755 nfev=1073 t=2065.2s remaining=930
    iter=1071 E=-1.8702933142 nfev=1074 t=2067.1s remaining=929
    iter=1072 E=-1.8702944847 nfev=1075 t=2069.1s remaining=928
    iter=1073 E=-1.8702956988 nfev=1076 t=2071.1s remaining=927
    iter=1074 E=-1.8702968404 nfev=1077 t=2073.0s remaining=926
    iter=1075 E=-1.8702976787 nfev=1078 t=2075.1s remaining=925
    iter=1076 E=-1.8702983689 nfev=1079 t=2077.2s remaining=924
    iter=1077 E=-1.8702991394 nfev=1080 t=2079.1s remaining=923
    iter=1078 E=-1.8703001847 nfev=1081 t=2081.0s remaining=922
    iter=1079 E=-1.8703016133 nfev=1082 t=2083.0s remaining=921
    iter=1080 E=-1.8703032814 nfev=1083 t=2085.0s remaining=920
    iter=1081 E=-1.8703047507 nfev=1084 t=2087.0s remaining=919
    iter=1082 E=-1.8703058163 nfev=1085 t=2088.9s remaining=918
    iter=1083 E=-1.8703065697 nfev=1086 t=2090.7s remaining=917
    iter=1084 E=-1.8703073385 nfev=1087 t=2092.5s remaining=916
    iter=1085 E=-1.8703083403 nfev=1088 t=2094.4s remaining=915
    iter=1086 E=-1.8703097277 nfev=1089 t=2096.2s remaining=914
    iter=1087 E=-1.8703116553 nfev=1090 t=2098.0s remaining=913
    iter=1088 E=-1.8703133660 nfev=1091 t=2099.9s remaining=912
    iter=1089 E=-1.8703142977 nfev=1092 t=2101.7s remaining=911
    iter=1090 E=-1.8703148330 nfev=1093 t=2103.6s remaining=910
    iter=1091 E=-1.8703153982 nfev=1094 t=2105.6s remaining=909
    iter=1092 E=-1.8703162597 nfev=1095 t=2107.4s remaining=908
    iter=1093 E=-1.8703175272 nfev=1096 t=2109.3s remaining=907
    iter=1094 E=-1.8703190997 nfev=1097 t=2111.2s remaining=906
    iter=1095 E=-1.8703205282 nfev=1098 t=2113.1s remaining=905
    iter=1096 E=-1.8703219007 nfev=1099 t=2115.0s remaining=904
    iter=1097 E=-1.8703228385 nfev=1100 t=2117.0s remaining=903
    iter=1098 E=-1.8703234817 nfev=1101 t=2118.8s remaining=902
    iter=1099 E=-1.8703241057 nfev=1102 t=2120.7s remaining=901
    iter=1100 E=-1.8703247765 nfev=1103 t=2122.5s remaining=900
    iter=1101 E=-1.8703255571 nfev=1104 t=2124.4s remaining=899
    iter=1102 E=-1.8703267088 nfev=1105 t=2126.4s remaining=898
    iter=1103 E=-1.8703281495 nfev=1106 t=2128.3s remaining=897
    iter=1104 E=-1.8703291822 nfev=1107 t=2130.2s remaining=896
    iter=1105 E=-1.8703299281 nfev=1108 t=2132.1s remaining=895
    iter=1106 E=-1.8703304588 nfev=1109 t=2134.1s remaining=894
    iter=1107 E=-1.8703309513 nfev=1110 t=2135.9s remaining=893
    iter=1108 E=-1.8703316452 nfev=1111 t=2137.8s remaining=892
    iter=1109 E=-1.8703325775 nfev=1112 t=2139.7s remaining=891
    iter=1110 E=-1.8703337287 nfev=1113 t=2141.6s remaining=890
    iter=1111 E=-1.8703350446 nfev=1114 t=2143.5s remaining=889
    iter=1112 E=-1.8703360388 nfev=1115 t=2145.4s remaining=888
    iter=1113 E=-1.8703366801 nfev=1116 t=2147.4s remaining=887
    iter=1114 E=-1.8703371882 nfev=1117 t=2149.2s remaining=886
    iter=1115 E=-1.8703377489 nfev=1118 t=2151.0s remaining=885
    iter=1116 E=-1.8703384629 nfev=1119 t=2152.9s remaining=884
    iter=1117 E=-1.8703395391 nfev=1120 t=2154.8s remaining=883
    iter=1118 E=-1.8703410684 nfev=1121 t=2156.8s remaining=882
    iter=1119 E=-1.8703423877 nfev=1122 t=2158.7s remaining=881
    iter=1120 E=-1.8703432927 nfev=1123 t=2160.5s remaining=880
    iter=1121 E=-1.8703439541 nfev=1124 t=2162.3s remaining=879
    iter=1122 E=-1.8703445216 nfev=1125 t=2164.2s remaining=878
    iter=1123 E=-1.8703452264 nfev=1126 t=2166.0s remaining=877
    iter=1124 E=-1.8703463175 nfev=1127 t=2167.8s remaining=876
    iter=1125 E=-1.8703479818 nfev=1128 t=2169.8s remaining=875
    iter=1126 E=-1.8703501886 nfev=1129 t=2171.7s remaining=874
    iter=1127 E=-1.8703518614 nfev=1130 t=2173.7s remaining=873
    iter=1128 E=-1.8703529583 nfev=1131 t=2176.7s remaining=872
    iter=1129 E=-1.8703534922 nfev=1132 t=2179.8s remaining=871
    iter=1130 E=-1.8703539265 nfev=1133 t=2182.7s remaining=870
    iter=1131 E=-1.8703545103 nfev=1134 t=2185.1s remaining=869
    iter=1132 E=-1.8703553466 nfev=1135 t=2187.0s remaining=868
    iter=1133 E=-1.8703563352 nfev=1136 t=2188.9s remaining=867
    iter=1134 E=-1.8703573827 nfev=1137 t=2190.8s remaining=866
    iter=1135 E=-1.8703582608 nfev=1138 t=2192.6s remaining=865
    iter=1136 E=-1.8703588457 nfev=1139 t=2194.5s remaining=864
    iter=1137 E=-1.8703592413 nfev=1140 t=2196.4s remaining=863
    iter=1138 E=-1.8703596241 nfev=1141 t=2198.3s remaining=862
    iter=1139 E=-1.8703601393 nfev=1142 t=2200.2s remaining=861
    iter=1140 E=-1.8703609021 nfev=1143 t=2202.1s remaining=860
    iter=1141 E=-1.8703620147 nfev=1144 t=2203.9s remaining=859
    iter=1142 E=-1.8703632344 nfev=1145 t=2205.9s remaining=858
    iter=1143 E=-1.8703639999 nfev=1146 t=2207.9s remaining=857
    iter=1144 E=-1.8703644385 nfev=1147 t=2210.0s remaining=856
    iter=1145 E=-1.8703647303 nfev=1148 t=2212.0s remaining=855
    iter=1146 E=-1.8703650556 nfev=1149 t=2213.8s remaining=854
    iter=1147 E=-1.8703655425 nfev=1150 t=2215.7s remaining=853
    iter=1148 E=-1.8703662565 nfev=1151 t=2217.6s remaining=852
    iter=1149 E=-1.8703672255 nfev=1152 t=2219.5s remaining=851
    iter=1150 E=-1.8703681558 nfev=1153 t=2221.4s remaining=850
    iter=1151 E=-1.8703687649 nfev=1154 t=2223.2s remaining=849
    iter=1152 E=-1.8703691008 nfev=1155 t=2225.1s remaining=848
    iter=1153 E=-1.8703693923 nfev=1156 t=2227.0s remaining=847
    iter=1154 E=-1.8703698202 nfev=1157 t=2228.9s remaining=846
    iter=1155 E=-1.8703704391 nfev=1158 t=2230.8s remaining=845
    iter=1156 E=-1.8703711827 nfev=1159 t=2232.7s remaining=844
    iter=1157 E=-1.8703720099 nfev=1160 t=2234.5s remaining=843
    iter=1158 E=-1.8703727441 nfev=1161 t=2236.4s remaining=842
    iter=1159 E=-1.8703732205 nfev=1162 t=2238.2s remaining=841
    iter=1160 E=-1.8703735213 nfev=1163 t=2240.0s remaining=840
    iter=1161 E=-1.8703738240 nfev=1164 t=2241.7s remaining=839
    iter=1162 E=-1.8703742766 nfev=1165 t=2243.6s remaining=838
    iter=1163 E=-1.8703749573 nfev=1166 t=2245.5s remaining=837
    iter=1164 E=-1.8703758980 nfev=1167 t=2247.3s remaining=836
    iter=1165 E=-1.8703767917 nfev=1168 t=2249.2s remaining=835
    iter=1166 E=-1.8703774899 nfev=1169 t=2251.0s remaining=834
    iter=1167 E=-1.8703779109 nfev=1170 t=2252.9s remaining=833
    iter=1168 E=-1.8703782152 nfev=1171 t=2254.9s remaining=832
    iter=1169 E=-1.8703785342 nfev=1172 t=2256.7s remaining=831
    iter=1170 E=-1.8703789398 nfev=1173 t=2258.5s remaining=830
    iter=1171 E=-1.8703794889 nfev=1174 t=2260.3s remaining=829
    iter=1172 E=-1.8703802047 nfev=1175 t=2262.2s remaining=828
    iter=1173 E=-1.8703809422 nfev=1176 t=2264.0s remaining=827
    iter=1174 E=-1.8703814694 nfev=1177 t=2265.8s remaining=826
    iter=1175 E=-1.8703817878 nfev=1178 t=2267.6s remaining=825
    iter=1176 E=-1.8703820449 nfev=1179 t=2269.5s remaining=824
    iter=1177 E=-1.8703823904 nfev=1180 t=2271.4s remaining=823
    iter=1178 E=-1.8703828818 nfev=1181 t=2273.3s remaining=822
    iter=1179 E=-1.8703835449 nfev=1182 t=2275.2s remaining=821
    iter=1180 E=-1.8703843492 nfev=1183 t=2277.1s remaining=820
    iter=1181 E=-1.8703850231 nfev=1184 t=2279.0s remaining=819
    iter=1182 E=-1.8703853712 nfev=1185 t=2280.9s remaining=818
    iter=1183 E=-1.8703855943 nfev=1186 t=2282.7s remaining=817
    iter=1184 E=-1.8703858701 nfev=1187 t=2284.6s remaining=816
    iter=1185 E=-1.8703862845 nfev=1188 t=2286.4s remaining=815
    iter=1186 E=-1.8703869295 nfev=1189 t=2288.3s remaining=814
    iter=1187 E=-1.8703878718 nfev=1190 t=2290.2s remaining=813
    iter=1188 E=-1.8703887822 nfev=1191 t=2292.0s remaining=812
    iter=1189 E=-1.8703893462 nfev=1192 t=2294.0s remaining=811
    iter=1190 E=-1.8703897059 nfev=1193 t=2295.9s remaining=810
    iter=1191 E=-1.8703899444 nfev=1194 t=2297.8s remaining=809
    iter=1192 E=-1.8703901962 nfev=1195 t=2299.7s remaining=808
    iter=1193 E=-1.8703905012 nfev=1196 t=2301.7s remaining=807
    iter=1194 E=-1.8703908940 nfev=1197 t=2303.5s remaining=806
    iter=1195 E=-1.8703914279 nfev=1198 t=2305.4s remaining=805
    iter=1196 E=-1.8703920390 nfev=1199 t=2307.7s remaining=804
    iter=1197 E=-1.8703924847 nfev=1200 t=2309.6s remaining=803
    iter=1198 E=-1.8703927370 nfev=1201 t=2311.6s remaining=802
    iter=1199 E=-1.8703929187 nfev=1202 t=2313.4s remaining=801
    iter=1200 E=-1.8703931488 nfev=1203 t=2315.3s remaining=800
    iter=1201 E=-1.8703934891 nfev=1204 t=2317.3s remaining=799
    iter=1202 E=-1.8703939892 nfev=1205 t=2319.2s remaining=798
    iter=1203 E=-1.8703946585 nfev=1206 t=2321.0s remaining=797
    iter=1204 E=-1.8703953360 nfev=1207 t=2323.0s remaining=796
    iter=1205 E=-1.8703958404 nfev=1208 t=2324.9s remaining=795
    iter=1206 E=-1.8703961254 nfev=1209 t=2326.8s remaining=794
    iter=1207 E=-1.8703963603 nfev=1210 t=2328.7s remaining=793
    iter=1208 E=-1.8703967098 nfev=1211 t=2330.6s remaining=792
    iter=1209 E=-1.8703972591 nfev=1212 t=2332.6s remaining=791
    iter=1210 E=-1.8703980933 nfev=1213 t=2334.5s remaining=790
    iter=1211 E=-1.8703990472 nfev=1214 t=2336.3s remaining=789
    iter=1212 E=-1.8703996796 nfev=1215 t=2338.2s remaining=788
    iter=1213 E=-1.8704001062 nfev=1216 t=2340.0s remaining=787
    iter=1214 E=-1.8704003561 nfev=1217 t=2341.9s remaining=786
    iter=1215 E=-1.8704005775 nfev=1218 t=2343.8s remaining=785
    iter=1216 E=-1.8704009097 nfev=1219 t=2345.7s remaining=784
    iter=1217 E=-1.8704014230 nfev=1220 t=2347.7s remaining=783
    iter=1218 E=-1.8704021980 nfev=1221 t=2349.6s remaining=782
    iter=1219 E=-1.8704031584 nfev=1222 t=2351.5s remaining=781
    iter=1220 E=-1.8704038828 nfev=1223 t=2353.4s remaining=780
    iter=1221 E=-1.8704043138 nfev=1224 t=2355.1s remaining=779
    iter=1222 E=-1.8704045570 nfev=1225 t=2356.9s remaining=778
    iter=1223 E=-1.8704048036 nfev=1226 t=2358.8s remaining=777
    iter=1224 E=-1.8704051862 nfev=1227 t=2360.7s remaining=776
    iter=1225 E=-1.8704057569 nfev=1228 t=2362.7s remaining=775
    iter=1226 E=-1.8704064744 nfev=1229 t=2364.5s remaining=774
    iter=1227 E=-1.8704071917 nfev=1230 t=2366.3s remaining=773
    iter=1228 E=-1.8704078341 nfev=1231 t=2368.1s remaining=772
    iter=1229 E=-1.8704082200 nfev=1232 t=2370.1s remaining=771
    iter=1230 E=-1.8704084604 nfev=1233 t=2372.1s remaining=770
    iter=1231 E=-1.8704086870 nfev=1234 t=2374.1s remaining=769
    iter=1232 E=-1.8704089953 nfev=1235 t=2376.3s remaining=768
    iter=1233 E=-1.8704094463 nfev=1236 t=2378.3s remaining=767
    iter=1234 E=-1.8704100863 nfev=1237 t=2380.3s remaining=766
    iter=1235 E=-1.8704108501 nfev=1238 t=2382.1s remaining=765
    iter=1236 E=-1.8704115111 nfev=1239 t=2383.9s remaining=764
    iter=1237 E=-1.8704119291 nfev=1240 t=2385.8s remaining=763
    iter=1238 E=-1.8704121843 nfev=1241 t=2387.7s remaining=762
    iter=1239 E=-1.8704124035 nfev=1242 t=2389.7s remaining=761
    iter=1240 E=-1.8704127037 nfev=1243 t=2391.5s remaining=760
    iter=1241 E=-1.8704131598 nfev=1244 t=2393.4s remaining=759
    iter=1242 E=-1.8704138612 nfev=1245 t=2395.3s remaining=758
    iter=1243 E=-1.8704148169 nfev=1246 t=2397.2s remaining=757
    iter=1244 E=-1.8704155093 nfev=1247 t=2399.1s remaining=756
    iter=1245 E=-1.8704159331 nfev=1248 t=2400.9s remaining=755
    iter=1246 E=-1.8704161705 nfev=1249 t=2402.8s remaining=754
    iter=1247 E=-1.8704164194 nfev=1250 t=2404.7s remaining=753
    iter=1248 E=-1.8704168100 nfev=1251 t=2406.7s remaining=752
    iter=1249 E=-1.8704174284 nfev=1252 t=2408.5s remaining=751
    iter=1250 E=-1.8704182946 nfev=1253 t=2410.3s remaining=750
    iter=1251 E=-1.8704189309 nfev=1254 t=2412.1s remaining=749
    iter=1252 E=-1.8704193829 nfev=1255 t=2414.0s remaining=748
    iter=1253 E=-1.8704196731 nfev=1256 t=2415.9s remaining=747
    iter=1254 E=-1.8704199143 nfev=1257 t=2417.8s remaining=746
    iter=1255 E=-1.8704202645 nfev=1258 t=2419.8s remaining=745
    iter=1256 E=-1.8704207953 nfev=1259 t=2421.8s remaining=744
    iter=1257 E=-1.8704215472 nfev=1260 t=2423.6s remaining=743
    iter=1258 E=-1.8704222688 nfev=1261 t=2425.5s remaining=742
    iter=1259 E=-1.8704228647 nfev=1262 t=2427.6s remaining=741
    iter=1260 E=-1.8704232363 nfev=1263 t=2429.6s remaining=740
    iter=1261 E=-1.8704234942 nfev=1264 t=2431.5s remaining=739
    iter=1262 E=-1.8704237742 nfev=1265 t=2433.4s remaining=738
    iter=1263 E=-1.8704242259 nfev=1266 t=2435.3s remaining=737
    iter=1264 E=-1.8704249442 nfev=1267 t=2437.0s remaining=736
    iter=1265 E=-1.8704259596 nfev=1268 t=2439.0s remaining=735
    iter=1266 E=-1.8704267558 nfev=1269 t=2440.9s remaining=734
    iter=1267 E=-1.8704272867 nfev=1270 t=2442.8s remaining=733
    iter=1268 E=-1.8704275978 nfev=1271 t=2444.7s remaining=732
    iter=1269 E=-1.8704278300 nfev=1272 t=2446.8s remaining=731
    iter=1270 E=-1.8704281819 nfev=1273 t=2448.9s remaining=730
    iter=1271 E=-1.8704287302 nfev=1274 t=2450.8s remaining=729
    iter=1272 E=-1.8704295557 nfev=1275 t=2452.8s remaining=728
    iter=1273 E=-1.8704305136 nfev=1276 t=2454.7s remaining=727
    iter=1274 E=-1.8704312396 nfev=1277 t=2456.7s remaining=726
    iter=1275 E=-1.8704316628 nfev=1278 t=2458.5s remaining=725
    iter=1276 E=-1.8704318677 nfev=1279 t=2460.4s remaining=724
    iter=1277 E=-1.8704320653 nfev=1280 t=2462.2s remaining=723
    iter=1278 E=-1.8704323852 nfev=1281 t=2464.0s remaining=722
    iter=1279 E=-1.8704329047 nfev=1282 t=2465.9s remaining=721
    iter=1280 E=-1.8704336776 nfev=1283 t=2467.8s remaining=720
    iter=1281 E=-1.8704344238 nfev=1284 t=2469.6s remaining=719
    iter=1282 E=-1.8704349393 nfev=1285 t=2471.6s remaining=718
    iter=1283 E=-1.8704352788 nfev=1286 t=2473.5s remaining=717
    iter=1284 E=-1.8704354622 nfev=1287 t=2475.4s remaining=716
    iter=1285 E=-1.8704356537 nfev=1288 t=2477.2s remaining=715
    iter=1286 E=-1.8704359561 nfev=1289 t=2479.1s remaining=714
    iter=1287 E=-1.8704364277 nfev=1290 t=2481.1s remaining=713
    iter=1288 E=-1.8704371044 nfev=1291 t=2483.0s remaining=712
    iter=1289 E=-1.8704377738 nfev=1292 t=2485.0s remaining=711
    iter=1290 E=-1.8704383469 nfev=1293 t=2486.8s remaining=710
    iter=1291 E=-1.8704386766 nfev=1294 t=2488.7s remaining=709
    iter=1292 E=-1.8704388594 nfev=1295 t=2490.6s remaining=708
    iter=1293 E=-1.8704390593 nfev=1296 t=2492.4s remaining=707
    iter=1294 E=-1.8704393625 nfev=1297 t=2494.2s remaining=706
    iter=1295 E=-1.8704398461 nfev=1298 t=2496.0s remaining=705
    iter=1296 E=-1.8704405631 nfev=1299 t=2497.8s remaining=704
    iter=1297 E=-1.8704412876 nfev=1300 t=2499.7s remaining=703
    iter=1298 E=-1.8704417345 nfev=1301 t=2501.5s remaining=702
    iter=1299 E=-1.8704420314 nfev=1302 t=2503.4s remaining=701
    iter=1300 E=-1.8704422241 nfev=1303 t=2505.3s remaining=700
    iter=1301 E=-1.8704424884 nfev=1304 t=2507.2s remaining=699
    iter=1302 E=-1.8704429231 nfev=1305 t=2509.3s remaining=698
    iter=1303 E=-1.8704436247 nfev=1306 t=2511.1s remaining=697
    iter=1304 E=-1.8704445981 nfev=1307 t=2513.0s remaining=696
    iter=1305 E=-1.8704452415 nfev=1308 t=2514.8s remaining=695
    iter=1306 E=-1.8704456638 nfev=1309 t=2516.7s remaining=694
    iter=1307 E=-1.8704459225 nfev=1310 t=2518.5s remaining=693
    iter=1308 E=-1.8704461263 nfev=1311 t=2520.3s remaining=692
    iter=1309 E=-1.8704464273 nfev=1312 t=2522.2s remaining=691
    iter=1310 E=-1.8704468851 nfev=1313 t=2524.0s remaining=690
    iter=1311 E=-1.8704475415 nfev=1314 t=2525.9s remaining=689
    iter=1312 E=-1.8704481718 nfev=1315 t=2527.8s remaining=688
    iter=1313 E=-1.8704485942 nfev=1316 t=2529.5s remaining=687
    iter=1314 E=-1.8704488238 nfev=1317 t=2531.3s remaining=686
    iter=1315 E=-1.8704489766 nfev=1318 t=2533.2s remaining=685
    iter=1316 E=-1.8704491899 nfev=1319 t=2535.2s remaining=684
    iter=1317 E=-1.8704495269 nfev=1320 t=2537.0s remaining=683
    iter=1318 E=-1.8704500586 nfev=1321 t=2538.8s remaining=682
    iter=1319 E=-1.8704508081 nfev=1322 t=2540.7s remaining=681
    iter=1320 E=-1.8704514251 nfev=1323 t=2542.5s remaining=680
    iter=1321 E=-1.8704518447 nfev=1324 t=2544.6s remaining=679
    iter=1322 E=-1.8704520989 nfev=1325 t=2546.4s remaining=678
    iter=1323 E=-1.8704522770 nfev=1326 t=2548.4s remaining=677
    iter=1324 E=-1.8704524925 nfev=1327 t=2550.6s remaining=676
    iter=1325 E=-1.8704528200 nfev=1328 t=2552.5s remaining=675
    iter=1326 E=-1.8704533027 nfev=1329 t=2554.4s remaining=674
    iter=1327 E=-1.8704539115 nfev=1330 t=2556.4s remaining=673
    iter=1328 E=-1.8704545030 nfev=1331 t=2558.3s remaining=672
    iter=1329 E=-1.8704548602 nfev=1332 t=2560.2s remaining=671
    iter=1330 E=-1.8704550360 nfev=1333 t=2562.0s remaining=670
    iter=1331 E=-1.8704551664 nfev=1334 t=2563.9s remaining=669
    iter=1332 E=-1.8704553705 nfev=1335 t=2565.8s remaining=668
    iter=1333 E=-1.8704556953 nfev=1336 t=2567.7s remaining=667
    iter=1334 E=-1.8704561915 nfev=1337 t=2569.6s remaining=666
    iter=1335 E=-1.8704568023 nfev=1338 t=2571.5s remaining=665
    iter=1336 E=-1.8704572106 nfev=1339 t=2573.8s remaining=664
    iter=1337 E=-1.8704574975 nfev=1340 t=2576.1s remaining=663
    iter=1338 E=-1.8704576652 nfev=1341 t=2578.4s remaining=662
    iter=1339 E=-1.8704578684 nfev=1342 t=2580.7s remaining=661
    iter=1340 E=-1.8704581999 nfev=1343 t=2582.6s remaining=660
    iter=1341 E=-1.8704587345 nfev=1344 t=2584.4s remaining=659
    iter=1342 E=-1.8704594811 nfev=1345 t=2586.4s remaining=658
    iter=1343 E=-1.8704599844 nfev=1346 t=2588.3s remaining=657
    iter=1344 E=-1.8704602955 nfev=1347 t=2590.2s remaining=656
    iter=1345 E=-1.8704604756 nfev=1348 t=2592.0s remaining=655
    iter=1346 E=-1.8704606189 nfev=1349 t=2593.9s remaining=654
    iter=1347 E=-1.8704608408 nfev=1350 t=2595.8s remaining=653
    iter=1348 E=-1.8704611920 nfev=1351 t=2597.7s remaining=652
    iter=1349 E=-1.8704617212 nfev=1352 t=2599.6s remaining=651
    iter=1350 E=-1.8704623108 nfev=1353 t=2601.4s remaining=650
    iter=1351 E=-1.8704626854 nfev=1354 t=2603.2s remaining=649
    iter=1352 E=-1.8704628946 nfev=1355 t=2605.1s remaining=648
    iter=1353 E=-1.8704629920 nfev=1356 t=2606.9s remaining=647
    iter=1354 E=-1.8704630942 nfev=1357 t=2608.7s remaining=646
    iter=1355 E=-1.8704632641 nfev=1358 t=2610.5s remaining=645
    iter=1356 E=-1.8704635466 nfev=1359 t=2612.4s remaining=644
    iter=1357 E=-1.8704639882 nfev=1360 t=2614.4s remaining=643
    iter=1358 E=-1.8704645168 nfev=1361 t=2616.3s remaining=642
    iter=1359 E=-1.8704648606 nfev=1362 t=2618.1s remaining=641
    iter=1360 E=-1.8704651313 nfev=1363 t=2620.0s remaining=640
    iter=1361 E=-1.8704652640 nfev=1364 t=2621.9s remaining=639
    iter=1362 E=-1.8704653941 nfev=1365 t=2623.8s remaining=638
    iter=1363 E=-1.8704656082 nfev=1366 t=2625.7s remaining=637
    iter=1364 E=-1.8704659629 nfev=1367 t=2627.6s remaining=636
    iter=1365 E=-1.8704665173 nfev=1368 t=2629.6s remaining=635
    iter=1366 E=-1.8704671996 nfev=1369 t=2631.6s remaining=634
    iter=1367 E=-1.8704676423 nfev=1370 t=2633.5s remaining=633
    iter=1368 E=-1.8704679608 nfev=1371 t=2635.5s remaining=632
    iter=1369 E=-1.8704681163 nfev=1372 t=2637.4s remaining=631
    iter=1370 E=-1.8704682737 nfev=1373 t=2639.4s remaining=630
    iter=1371 E=-1.8704685291 nfev=1374 t=2641.3s remaining=629
    iter=1372 E=-1.8704689468 nfev=1375 t=2643.2s remaining=628
    iter=1373 E=-1.8704695771 nfev=1376 t=2645.0s remaining=627
    iter=1374 E=-1.8704701908 nfev=1377 t=2646.9s remaining=626
    iter=1375 E=-1.8704705719 nfev=1378 t=2648.7s remaining=625
    iter=1376 E=-1.8704707955 nfev=1379 t=2650.6s remaining=624
    iter=1377 E=-1.8704709201 nfev=1380 t=2652.6s remaining=623
    iter=1378 E=-1.8704710652 nfev=1381 t=2654.3s remaining=622
    iter=1379 E=-1.8704712987 nfev=1382 t=2656.1s remaining=621
    iter=1380 E=-1.8704716688 nfev=1383 t=2657.9s remaining=620
    iter=1381 E=-1.8704722069 nfev=1384 t=2659.8s remaining=619
    iter=1382 E=-1.8704727279 nfev=1385 t=2661.7s remaining=618
    iter=1383 E=-1.8704731409 nfev=1386 t=2663.6s remaining=617
    iter=1384 E=-1.8704733937 nfev=1387 t=2665.5s remaining=616
    iter=1385 E=-1.8704735576 nfev=1388 t=2667.5s remaining=615
    iter=1386 E=-1.8704737518 nfev=1389 t=2669.7s remaining=614
    iter=1387 E=-1.8704740569 nfev=1390 t=2671.5s remaining=613
    iter=1388 E=-1.8704745296 nfev=1391 t=2673.5s remaining=612
    iter=1389 E=-1.8704751747 nfev=1392 t=2675.6s remaining=611
    iter=1390 E=-1.8704756792 nfev=1393 t=2677.6s remaining=610
    iter=1391 E=-1.8704760365 nfev=1394 t=2679.6s remaining=609
    iter=1392 E=-1.8704762107 nfev=1395 t=2681.7s remaining=608
    iter=1393 E=-1.8704763287 nfev=1396 t=2683.7s remaining=607
    iter=1394 E=-1.8704765191 nfev=1397 t=2685.5s remaining=606
    iter=1395 E=-1.8704768451 nfev=1398 t=2687.4s remaining=605
    iter=1396 E=-1.8704773973 nfev=1399 t=2689.3s remaining=604
    iter=1397 E=-1.8704782534 nfev=1400 t=2691.2s remaining=603
    iter=1398 E=-1.8704791322 nfev=1401 t=2693.1s remaining=602
    iter=1399 E=-1.8704796001 nfev=1402 t=2695.0s remaining=601
    iter=1400 E=-1.8704799352 nfev=1403 t=2696.8s remaining=600
    iter=1401 E=-1.8704800987 nfev=1404 t=2698.8s remaining=599
    iter=1402 E=-1.8704802825 nfev=1405 t=2700.8s remaining=598
    iter=1403 E=-1.8704805881 nfev=1406 t=2702.6s remaining=597
    iter=1404 E=-1.8704810978 nfev=1407 t=2704.5s remaining=596
    iter=1405 E=-1.8704818941 nfev=1408 t=2706.7s remaining=595
    iter=1406 E=-1.8704828318 nfev=1409 t=2708.8s remaining=594
    iter=1407 E=-1.8704833953 nfev=1410 t=2710.7s remaining=593
    iter=1408 E=-1.8704838494 nfev=1411 t=2712.7s remaining=592
    iter=1409 E=-1.8704840721 nfev=1412 t=2714.5s remaining=591
    iter=1410 E=-1.8704842969 nfev=1413 t=2716.4s remaining=590
    iter=1411 E=-1.8704846667 nfev=1414 t=2718.4s remaining=589
    iter=1412 E=-1.8704852775 nfev=1415 t=2720.3s remaining=588
    iter=1413 E=-1.8704861936 nfev=1416 t=2722.2s remaining=587
    iter=1414 E=-1.8704870291 nfev=1417 t=2724.0s remaining=586
    iter=1415 E=-1.8704875011 nfev=1418 t=2725.9s remaining=585
    iter=1416 E=-1.8704878191 nfev=1419 t=2727.9s remaining=584
    iter=1417 E=-1.8704880017 nfev=1420 t=2729.9s remaining=583
    iter=1418 E=-1.8704882298 nfev=1421 t=2731.9s remaining=582
    iter=1419 E=-1.8704885906 nfev=1422 t=2733.9s remaining=581
    iter=1420 E=-1.8704891619 nfev=1423 t=2735.7s remaining=580
    iter=1421 E=-1.8704899964 nfev=1424 t=2737.5s remaining=579
    iter=1422 E=-1.8704908666 nfev=1425 t=2739.3s remaining=578
    iter=1423 E=-1.8704915607 nfev=1426 t=2741.2s remaining=577
    iter=1424 E=-1.8704919623 nfev=1427 t=2743.1s remaining=576
    iter=1425 E=-1.8704921416 nfev=1428 t=2744.9s remaining=575
    iter=1426 E=-1.8704922834 nfev=1429 t=2746.7s remaining=574
    iter=1427 E=-1.8704925097 nfev=1430 t=2748.7s remaining=573
    iter=1428 E=-1.8704928828 nfev=1431 t=2751.2s remaining=572
    iter=1429 E=-1.8704934803 nfev=1432 t=2753.1s remaining=571
    iter=1430 E=-1.8704943193 nfev=1433 t=2755.0s remaining=570
    iter=1431 E=-1.8704949639 nfev=1434 t=2757.0s remaining=569
    iter=1432 E=-1.8704953747 nfev=1435 t=2758.9s remaining=568
    iter=1433 E=-1.8704956022 nfev=1436 t=2760.9s remaining=567
    iter=1434 E=-1.8704957677 nfev=1437 t=2762.9s remaining=566
    iter=1435 E=-1.8704960386 nfev=1438 t=2765.5s remaining=565
    iter=1436 E=-1.8704964939 nfev=1439 t=2767.7s remaining=564
    iter=1437 E=-1.8704972151 nfev=1440 t=2769.5s remaining=563
    iter=1438 E=-1.8704980851 nfev=1441 t=2771.4s remaining=562
    iter=1439 E=-1.8704985172 nfev=1442 t=2773.3s remaining=561
    iter=1440 E=-1.8704988062 nfev=1443 t=2775.2s remaining=560
    iter=1441 E=-1.8704989308 nfev=1444 t=2777.0s remaining=559
    iter=1442 E=-1.8704990673 nfev=1445 t=2779.0s remaining=558
    iter=1443 E=-1.8704992899 nfev=1446 t=2780.9s remaining=557
    iter=1444 E=-1.8704996574 nfev=1447 t=2782.9s remaining=556
    iter=1445 E=-1.8705002250 nfev=1448 t=2784.9s remaining=555
    iter=1446 E=-1.8705008527 nfev=1449 t=2786.9s remaining=554
    iter=1447 E=-1.8705012238 nfev=1450 t=2788.7s remaining=553
    iter=1448 E=-1.8705014861 nfev=1451 t=2791.1s remaining=552
    iter=1449 E=-1.8705016217 nfev=1452 t=2793.0s remaining=551
    iter=1450 E=-1.8705017698 nfev=1453 t=2794.8s remaining=550
    iter=1451 E=-1.8705020177 nfev=1454 t=2796.7s remaining=549
    iter=1452 E=-1.8705024373 nfev=1455 t=2798.7s remaining=548
    iter=1453 E=-1.8705031043 nfev=1456 t=2800.6s remaining=547
    iter=1454 E=-1.8705039632 nfev=1457 t=2802.5s remaining=546
    iter=1455 E=-1.8705044839 nfev=1458 t=2804.4s remaining=545
    iter=1456 E=-1.8705049300 nfev=1459 t=2806.3s remaining=544
    iter=1457 E=-1.8705051062 nfev=1460 t=2808.4s remaining=543
    iter=1458 E=-1.8705052114 nfev=1461 t=2810.3s remaining=542
    iter=1459 E=-1.8705053607 nfev=1462 t=2812.8s remaining=541
    iter=1460 E=-1.8705055977 nfev=1463 t=2815.4s remaining=540
    iter=1461 E=-1.8705059755 nfev=1464 t=2818.0s remaining=539
    iter=1462 E=-1.8705065479 nfev=1465 t=2820.3s remaining=538
    iter=1463 E=-1.8705072298 nfev=1466 t=2822.3s remaining=537
    iter=1464 E=-1.8705077664 nfev=1467 t=2824.1s remaining=536
    iter=1465 E=-1.8705080916 nfev=1468 t=2826.0s remaining=535
    iter=1466 E=-1.8705082388 nfev=1469 t=2827.9s remaining=534
    iter=1467 E=-1.8705083491 nfev=1470 t=2829.8s remaining=533
    iter=1468 E=-1.8705085306 nfev=1471 t=2831.6s remaining=532
    iter=1469 E=-1.8705088370 nfev=1472 t=2833.6s remaining=531
    iter=1470 E=-1.8705093424 nfev=1473 t=2835.8s remaining=530
    iter=1471 E=-1.8705100953 nfev=1474 t=2838.1s remaining=529
    iter=1472 E=-1.8705108448 nfev=1475 t=2840.0s remaining=528
    iter=1473 E=-1.8705113676 nfev=1476 t=2841.9s remaining=527
    iter=1474 E=-1.8705117281 nfev=1477 t=2843.8s remaining=526
    iter=1475 E=-1.8705119010 nfev=1478 t=2845.8s remaining=525
    iter=1476 E=-1.8705120653 nfev=1479 t=2847.7s remaining=524
    iter=1477 E=-1.8705123514 nfev=1480 t=2849.5s remaining=523
    iter=1478 E=-1.8705128521 nfev=1481 t=2851.3s remaining=522
    iter=1479 E=-1.8705136839 nfev=1482 t=2853.2s remaining=521
    iter=1480 E=-1.8705148466 nfev=1483 t=2855.1s remaining=520
    iter=1481 E=-1.8705156665 nfev=1484 t=2856.9s remaining=519
    iter=1482 E=-1.8705164147 nfev=1485 t=2858.9s remaining=518
    iter=1483 E=-1.8705169613 nfev=1486 t=2860.8s remaining=517
    iter=1484 E=-1.8705172080 nfev=1487 t=2862.6s remaining=516
    iter=1485 E=-1.8705173777 nfev=1488 t=2864.5s remaining=515
    iter=1486 E=-1.8705176814 nfev=1489 t=2866.8s remaining=514
    iter=1487 E=-1.8705182137 nfev=1490 t=2868.9s remaining=513
    iter=1488 E=-1.8705190846 nfev=1491 t=2870.8s remaining=512
    iter=1489 E=-1.8705202789 nfev=1492 t=2872.7s remaining=511
    iter=1490 E=-1.8705212174 nfev=1493 t=2874.6s remaining=510
    iter=1491 E=-1.8705222673 nfev=1494 t=2876.5s remaining=509
    iter=1492 E=-1.8705228427 nfev=1495 t=2878.4s remaining=508
    iter=1493 E=-1.8705230704 nfev=1496 t=2880.3s remaining=507
    iter=1494 E=-1.8705232561 nfev=1497 t=2882.1s remaining=506
    iter=1495 E=-1.8705235621 nfev=1498 t=2883.9s remaining=505
    iter=1496 E=-1.8705240779 nfev=1499 t=2885.9s remaining=504
    iter=1497 E=-1.8705249119 nfev=1500 t=2887.8s remaining=503
    iter=1498 E=-1.8705260958 nfev=1501 t=2889.7s remaining=502
    iter=1499 E=-1.8705271625 nfev=1502 t=2891.6s remaining=501
    iter=1500 E=-1.8705280971 nfev=1503 t=2893.5s remaining=500
    iter=1501 E=-1.8705286932 nfev=1504 t=2895.5s remaining=499
    iter=1502 E=-1.8705289244 nfev=1505 t=2897.5s remaining=498
    iter=1503 E=-1.8705290881 nfev=1506 t=2899.5s remaining=497
    iter=1504 E=-1.8705293421 nfev=1507 t=2901.6s remaining=496
    iter=1505 E=-1.8705297371 nfev=1508 t=2903.7s remaining=495
    iter=1506 E=-1.8705303260 nfev=1509 t=2905.5s remaining=494
    iter=1507 E=-1.8705310981 nfev=1510 t=2907.4s remaining=493
    iter=1508 E=-1.8705320024 nfev=1511 t=2909.2s remaining=492
    iter=1509 E=-1.8705326193 nfev=1512 t=2911.1s remaining=491
    iter=1510 E=-1.8705328772 nfev=1513 t=2913.3s remaining=490
    iter=1511 E=-1.8705330111 nfev=1514 t=2915.2s remaining=489
    iter=1512 E=-1.8705331516 nfev=1515 t=2917.0s remaining=488
    iter=1513 E=-1.8705333722 nfev=1516 t=2918.8s remaining=487
    iter=1514 E=-1.8705337084 nfev=1517 t=2920.7s remaining=486
    iter=1515 E=-1.8705341981 nfev=1518 t=2922.6s remaining=485
    iter=1516 E=-1.8705348398 nfev=1519 t=2924.5s remaining=484
    iter=1517 E=-1.8705355483 nfev=1520 t=2926.4s remaining=483
    iter=1518 E=-1.8705360580 nfev=1521 t=2928.4s remaining=482
    iter=1519 E=-1.8705362526 nfev=1522 t=2930.4s remaining=481
    iter=1520 E=-1.8705363717 nfev=1523 t=2932.3s remaining=480
    iter=1521 E=-1.8705365142 nfev=1524 t=2934.2s remaining=479
    iter=1522 E=-1.8705367199 nfev=1525 t=2936.2s remaining=478
    iter=1523 E=-1.8705370235 nfev=1526 t=2938.2s remaining=477
    iter=1524 E=-1.8705374764 nfev=1527 t=2940.1s remaining=476
    iter=1525 E=-1.8705380652 nfev=1528 t=2941.9s remaining=475
    iter=1526 E=-1.8705385260 nfev=1529 t=2943.8s remaining=474
    iter=1527 E=-1.8705387755 nfev=1530 t=2945.7s remaining=473
    iter=1528 E=-1.8705388970 nfev=1531 t=2947.5s remaining=472
    iter=1529 E=-1.8705389858 nfev=1532 t=2949.3s remaining=471
    iter=1530 E=-1.8705391013 nfev=1533 t=2951.2s remaining=470
    iter=1531 E=-1.8705392716 nfev=1534 t=2953.0s remaining=469
    iter=1532 E=-1.8705395396 nfev=1535 t=2954.8s remaining=468
    iter=1533 E=-1.8705399463 nfev=1536 t=2956.8s remaining=467
    iter=1534 E=-1.8705404092 nfev=1537 t=2958.7s remaining=466
    iter=1535 E=-1.8705406634 nfev=1538 t=2960.6s remaining=465
    iter=1536 E=-1.8705408014 nfev=1539 t=2962.5s remaining=464
    iter=1537 E=-1.8705408631 nfev=1540 t=2964.5s remaining=463
    iter=1538 E=-1.8705409267 nfev=1541 t=2966.4s remaining=462
    iter=1539 E=-1.8705410285 nfev=1542 t=2968.3s remaining=461
    iter=1540 E=-1.8705411906 nfev=1543 t=2970.1s remaining=460
    iter=1541 E=-1.8705414355 nfev=1544 t=2972.0s remaining=459
    iter=1542 E=-1.8705417609 nfev=1545 t=2973.8s remaining=458
    iter=1543 E=-1.8705420307 nfev=1546 t=2975.6s remaining=457
    iter=1544 E=-1.8705422364 nfev=1547 t=2977.4s remaining=456
    iter=1545 E=-1.8705423167 nfev=1548 t=2979.2s remaining=455
    iter=1546 E=-1.8705423689 nfev=1549 t=2980.9s remaining=454
    iter=1547 E=-1.8705424430 nfev=1550 t=2982.7s remaining=453
    iter=1548 E=-1.8705425553 nfev=1551 t=2984.5s remaining=452
    iter=1549 E=-1.8705427254 nfev=1552 t=2986.3s remaining=451
    iter=1550 E=-1.8705429779 nfev=1553 t=2988.2s remaining=450
    iter=1551 E=-1.8705433025 nfev=1554 t=2990.1s remaining=449
    iter=1552 E=-1.8705435542 nfev=1555 t=2992.0s remaining=448
    iter=1553 E=-1.8705437111 nfev=1556 t=2993.9s remaining=447
    iter=1554 E=-1.8705437918 nfev=1557 t=2995.7s remaining=446
    iter=1555 E=-1.8705438610 nfev=1558 t=2997.6s remaining=445
    iter=1556 E=-1.8705439634 nfev=1559 t=2999.5s remaining=444
    iter=1557 E=-1.8705441147 nfev=1560 t=3001.5s remaining=443
    iter=1558 E=-1.8705443365 nfev=1561 t=3003.5s remaining=442
    iter=1559 E=-1.8705446443 nfev=1562 t=3005.4s remaining=441
    iter=1560 E=-1.8705449540 nfev=1563 t=3007.3s remaining=440
    iter=1561 E=-1.8705451786 nfev=1564 t=3009.1s remaining=439
    iter=1562 E=-1.8705452890 nfev=1565 t=3011.0s remaining=438
    iter=1563 E=-1.8705453569 nfev=1566 t=3012.9s remaining=437
    iter=1564 E=-1.8705454234 nfev=1567 t=3014.6s remaining=436
    iter=1565 E=-1.8705455114 nfev=1568 t=3016.4s remaining=435
    iter=1566 E=-1.8705456453 nfev=1569 t=3018.4s remaining=434
    iter=1567 E=-1.8705458517 nfev=1570 t=3020.3s remaining=433
    iter=1568 E=-1.8705461507 nfev=1571 t=3022.3s remaining=432
    iter=1569 E=-1.8705464590 nfev=1572 t=3024.2s remaining=431
    iter=1570 E=-1.8705466365 nfev=1573 t=3026.1s remaining=430
    iter=1571 E=-1.8705467490 nfev=1574 t=3028.0s remaining=429
    iter=1572 E=-1.8705468090 nfev=1575 t=3030.0s remaining=428
    iter=1573 E=-1.8705468663 nfev=1576 t=3032.0s remaining=427
    iter=1574 E=-1.8705469498 nfev=1577 t=3034.1s remaining=426
    iter=1575 E=-1.8705470695 nfev=1578 t=3036.1s remaining=425
    iter=1576 E=-1.8705472469 nfev=1579 t=3038.0s remaining=424
    iter=1577 E=-1.8705475052 nfev=1580 t=3039.9s remaining=423
    iter=1578 E=-1.8705477933 nfev=1581 t=3041.8s remaining=422
    iter=1579 E=-1.8705479633 nfev=1582 t=3043.6s remaining=421
    iter=1580 E=-1.8705480540 nfev=1583 t=3045.5s remaining=420
    iter=1581 E=-1.8705481084 nfev=1584 t=3047.4s remaining=419
    iter=1582 E=-1.8705481718 nfev=1585 t=3049.3s remaining=418
    iter=1583 E=-1.8705482704 nfev=1586 t=3051.1s remaining=417
    iter=1584 E=-1.8705484261 nfev=1587 t=3052.9s remaining=416
    iter=1585 E=-1.8705486718 nfev=1588 t=3054.8s remaining=415
    iter=1586 E=-1.8705490316 nfev=1589 t=3056.6s remaining=414
    iter=1587 E=-1.8705493771 nfev=1590 t=3058.4s remaining=413
    iter=1588 E=-1.8705495736 nfev=1591 t=3060.2s remaining=412
    iter=1589 E=-1.8705496709 nfev=1592 t=3062.1s remaining=411
    iter=1590 E=-1.8705497300 nfev=1593 t=3063.9s remaining=410
    iter=1591 E=-1.8705498135 nfev=1594 t=3065.9s remaining=409
    iter=1592 E=-1.8705499514 nfev=1595 t=3068.1s remaining=408
    iter=1593 E=-1.8705501768 nfev=1596 t=3069.9s remaining=407
    iter=1594 E=-1.8705505168 nfev=1597 t=3071.8s remaining=406
    iter=1595 E=-1.8705508775 nfev=1598 t=3073.6s remaining=405
    iter=1596 E=-1.8705511172 nfev=1599 t=3075.4s remaining=404
    iter=1597 E=-1.8705512560 nfev=1600 t=3077.3s remaining=403
    iter=1598 E=-1.8705513118 nfev=1601 t=3079.2s remaining=402
    iter=1599 E=-1.8705513639 nfev=1602 t=3081.1s remaining=401
    iter=1600 E=-1.8705514480 nfev=1603 t=3083.1s remaining=400
    iter=1601 E=-1.8705515850 nfev=1604 t=3085.2s remaining=399
    iter=1602 E=-1.8705518008 nfev=1605 t=3087.1s remaining=398
    iter=1603 E=-1.8705521187 nfev=1606 t=3089.1s remaining=397
    iter=1604 E=-1.8705524995 nfev=1607 t=3091.1s remaining=396
    iter=1605 E=-1.8705528604 nfev=1608 t=3092.9s remaining=395
    iter=1606 E=-1.8705531028 nfev=1609 t=3094.7s remaining=394
    iter=1607 E=-1.8705532019 nfev=1610 t=3096.6s remaining=393
    iter=1608 E=-1.8705532782 nfev=1611 t=3098.4s remaining=392
    iter=1609 E=-1.8705533960 nfev=1612 t=3100.3s remaining=391
    iter=1610 E=-1.8705535745 nfev=1613 t=3102.2s remaining=390
    iter=1611 E=-1.8705538348 nfev=1614 t=3104.1s remaining=389
    iter=1612 E=-1.8705542085 nfev=1615 t=3106.0s remaining=388
    iter=1613 E=-1.8705546788 nfev=1616 t=3107.8s remaining=387
    iter=1614 E=-1.8705550833 nfev=1617 t=3109.8s remaining=386
    iter=1615 E=-1.8705552856 nfev=1618 t=3111.7s remaining=385
    iter=1616 E=-1.8705553637 nfev=1619 t=3113.5s remaining=384
    iter=1617 E=-1.8705554241 nfev=1620 t=3115.4s remaining=383
    iter=1618 E=-1.8705555135 nfev=1621 t=3117.4s remaining=382
    iter=1619 E=-1.8705556467 nfev=1622 t=3119.4s remaining=381
    iter=1620 E=-1.8705558528 nfev=1623 t=3121.2s remaining=380
    iter=1621 E=-1.8705561763 nfev=1624 t=3123.2s remaining=379
    iter=1622 E=-1.8705566587 nfev=1625 t=3125.1s remaining=378
    iter=1623 E=-1.8705571320 nfev=1626 t=3127.1s remaining=377
    iter=1624 E=-1.8705573722 nfev=1627 t=3129.1s remaining=376
    iter=1625 E=-1.8705574879 nfev=1628 t=3131.0s remaining=375
    iter=1626 E=-1.8705575512 nfev=1629 t=3132.9s remaining=374
    iter=1627 E=-1.8705576313 nfev=1630 t=3134.7s remaining=373
    iter=1628 E=-1.8705577548 nfev=1631 t=3136.6s remaining=372
    iter=1629 E=-1.8705579531 nfev=1632 t=3138.4s remaining=371
    iter=1630 E=-1.8705582769 nfev=1633 t=3140.2s remaining=370
    iter=1631 E=-1.8705587846 nfev=1634 t=3142.0s remaining=369
    iter=1632 E=-1.8705594485 nfev=1635 t=3143.8s remaining=368
    iter=1633 E=-1.8705598551 nfev=1636 t=3145.6s remaining=367
    iter=1634 E=-1.8705601047 nfev=1637 t=3147.5s remaining=366
    iter=1635 E=-1.8705602032 nfev=1638 t=3149.4s remaining=365
    iter=1636 E=-1.8705602765 nfev=1639 t=3151.3s remaining=364
    iter=1637 E=-1.8705603875 nfev=1640 t=3153.1s remaining=363
    iter=1638 E=-1.8705605577 nfev=1641 t=3154.9s remaining=362
    iter=1639 E=-1.8705608225 nfev=1642 t=3156.9s remaining=361
    iter=1640 E=-1.8705612352 nfev=1643 t=3158.9s remaining=360
    iter=1641 E=-1.8705618420 nfev=1644 t=3161.0s remaining=359
    iter=1642 E=-1.8705624428 nfev=1645 t=3163.0s remaining=358
    iter=1643 E=-1.8705628424 nfev=1646 t=3165.0s remaining=357
    iter=1644 E=-1.8705630609 nfev=1647 t=3166.9s remaining=356
    iter=1645 E=-1.8705632080 nfev=1648 t=3168.9s remaining=355
    iter=1646 E=-1.8705633757 nfev=1649 t=3170.8s remaining=354
    iter=1647 E=-1.8705636147 nfev=1650 t=3172.7s remaining=353
    iter=1648 E=-1.8705639835 nfev=1651 t=3174.6s remaining=352
    iter=1649 E=-1.8705645352 nfev=1652 t=3176.7s remaining=351
    iter=1650 E=-1.8705652587 nfev=1653 t=3178.7s remaining=350
    iter=1651 E=-1.8705659693 nfev=1654 t=3180.7s remaining=349
    iter=1652 E=-1.8705664567 nfev=1655 t=3182.8s remaining=348
    iter=1653 E=-1.8705667027 nfev=1656 t=3184.7s remaining=347
    iter=1654 E=-1.8705668168 nfev=1657 t=3186.6s remaining=346
    iter=1655 E=-1.8705669355 nfev=1658 t=3188.5s remaining=345
    iter=1656 E=-1.8705671212 nfev=1659 t=3190.3s remaining=344
    iter=1657 E=-1.8705674196 nfev=1660 t=3192.3s remaining=343
    iter=1658 E=-1.8705679117 nfev=1661 t=3194.1s remaining=342
    iter=1659 E=-1.8705686971 nfev=1662 t=3196.0s remaining=341
    iter=1660 E=-1.8705697621 nfev=1663 t=3198.0s remaining=340
    iter=1661 E=-1.8705704247 nfev=1664 t=3200.0s remaining=339
    iter=1662 E=-1.8705707794 nfev=1665 t=3202.0s remaining=338
    iter=1663 E=-1.8705709245 nfev=1666 t=3203.8s remaining=337
    iter=1664 E=-1.8705710107 nfev=1667 t=3205.6s remaining=336
    iter=1665 E=-1.8705711168 nfev=1668 t=3207.5s remaining=335
    iter=1666 E=-1.8705712957 nfev=1669 t=3209.4s remaining=334
    iter=1667 E=-1.8705715774 nfev=1670 t=3211.3s remaining=333
    iter=1668 E=-1.8705719680 nfev=1671 t=3213.2s remaining=332
    iter=1669 E=-1.8705723955 nfev=1672 t=3215.3s remaining=331
    iter=1670 E=-1.8705729848 nfev=1673 t=3217.6s remaining=330
    iter=1671 E=-1.8705734198 nfev=1674 t=3219.5s remaining=329
    iter=1672 E=-1.8705736053 nfev=1675 t=3221.4s remaining=328
    iter=1673 E=-1.8705737137 nfev=1676 t=3223.3s remaining=327
    iter=1674 E=-1.8705738188 nfev=1677 t=3225.2s remaining=326
    iter=1675 E=-1.8705739403 nfev=1678 t=3227.0s remaining=325
    iter=1676 E=-1.8705741222 nfev=1679 t=3228.8s remaining=324
    iter=1677 E=-1.8705744172 nfev=1680 t=3230.7s remaining=323
    iter=1678 E=-1.8705748969 nfev=1681 t=3232.5s remaining=322
    iter=1679 E=-1.8705756076 nfev=1682 t=3234.3s remaining=321
    iter=1680 E=-1.8705762730 nfev=1683 t=3236.2s remaining=320
    iter=1681 E=-1.8705766305 nfev=1684 t=3238.1s remaining=319
    iter=1682 E=-1.8705768753 nfev=1685 t=3239.9s remaining=318
    iter=1683 E=-1.8705770127 nfev=1686 t=3241.8s remaining=317
    iter=1684 E=-1.8705771396 nfev=1687 t=3243.7s remaining=316
    iter=1685 E=-1.8705773546 nfev=1688 t=3245.6s remaining=315
    iter=1686 E=-1.8705777124 nfev=1689 t=3247.6s remaining=314
    iter=1687 E=-1.8705782714 nfev=1690 t=3249.4s remaining=313
    iter=1688 E=-1.8705790638 nfev=1691 t=3251.2s remaining=312
    iter=1689 E=-1.8705799502 nfev=1692 t=3253.1s remaining=311
    iter=1690 E=-1.8705809677 nfev=1693 t=3254.9s remaining=310
    iter=1691 E=-1.8705816334 nfev=1694 t=3256.8s remaining=309
    iter=1692 E=-1.8705819609 nfev=1695 t=3258.7s remaining=308
    iter=1693 E=-1.8705821969 nfev=1696 t=3260.7s remaining=307
    iter=1694 E=-1.8705825136 nfev=1697 t=3262.5s remaining=306
    iter=1695 E=-1.8705829701 nfev=1698 t=3264.4s remaining=305
    iter=1696 E=-1.8705836903 nfev=1699 t=3266.2s remaining=304
    iter=1697 E=-1.8705848826 nfev=1700 t=3268.2s remaining=303
    iter=1698 E=-1.8705868311 nfev=1701 t=3270.1s remaining=302
    iter=1699 E=-1.8705895723 nfev=1702 t=3271.9s remaining=301
    iter=1700 E=-1.8705914916 nfev=1703 t=3273.9s remaining=300
    iter=1701 E=-1.8705926419 nfev=1704 t=3275.7s remaining=299
    iter=1702 E=-1.8705936039 nfev=1705 t=3277.6s remaining=298
    iter=1703 E=-1.8705940991 nfev=1706 t=3279.4s remaining=297
    iter=1704 E=-1.8705945117 nfev=1707 t=3281.3s remaining=296
    iter=1705 E=-1.8705950649 nfev=1708 t=3283.2s remaining=295
    iter=1706 E=-1.8705956836 nfev=1709 t=3285.0s remaining=294
    iter=1707 E=-1.8705965919 nfev=1710 t=3286.8s remaining=293
    iter=1708 E=-1.8705979916 nfev=1711 t=3288.7s remaining=292
    iter=1709 E=-1.8706000371 nfev=1712 t=3290.5s remaining=291
    iter=1710 E=-1.8706024784 nfev=1713 t=3292.6s remaining=290
    iter=1711 E=-1.8706043926 nfev=1714 t=3294.6s remaining=289
    iter=1712 E=-1.8706058816 nfev=1715 t=3296.5s remaining=288
    iter=1713 E=-1.8706066563 nfev=1716 t=3298.5s remaining=287
    iter=1714 E=-1.8706071188 nfev=1717 t=3300.5s remaining=286
    iter=1715 E=-1.8706076031 nfev=1718 t=3302.5s remaining=285
    iter=1716 E=-1.8706081900 nfev=1719 t=3304.4s remaining=284
    iter=1717 E=-1.8706088672 nfev=1720 t=3306.3s remaining=283
    iter=1718 E=-1.8706098140 nfev=1721 t=3308.2s remaining=282
    iter=1719 E=-1.8706113012 nfev=1722 t=3310.1s remaining=281
    iter=1720 E=-1.8706135074 nfev=1723 t=3312.0s remaining=280
    iter=1721 E=-1.8706157262 nfev=1724 t=3314.0s remaining=279
    iter=1722 E=-1.8706167644 nfev=1725 t=3316.0s remaining=278
    iter=1723 E=-1.8706180476 nfev=1726 t=3318.0s remaining=277
    iter=1724 E=-1.8706189109 nfev=1727 t=3319.9s remaining=276
    iter=1725 E=-1.8706193430 nfev=1728 t=3321.7s remaining=275
    iter=1726 E=-1.8706197524 nfev=1729 t=3323.7s remaining=274
    iter=1727 E=-1.8706202533 nfev=1730 t=3325.7s remaining=273
    iter=1728 E=-1.8706209593 nfev=1731 t=3327.8s remaining=272
    iter=1729 E=-1.8706220736 nfev=1732 t=3330.4s remaining=271
    iter=1730 E=-1.8706238309 nfev=1733 t=3332.6s remaining=270
    iter=1731 E=-1.8706262290 nfev=1734 t=3334.4s remaining=269
    iter=1732 E=-1.8706282689 nfev=1735 t=3336.4s remaining=268
    iter=1733 E=-1.8706298517 nfev=1736 t=3338.4s remaining=267
    iter=1734 E=-1.8706311165 nfev=1737 t=3340.3s remaining=266
    iter=1735 E=-1.8706317453 nfev=1738 t=3342.1s remaining=265
    iter=1736 E=-1.8706321125 nfev=1739 t=3343.9s remaining=264
    iter=1737 E=-1.8706324809 nfev=1740 t=3345.9s remaining=263
    iter=1738 E=-1.8706328414 nfev=1741 t=3348.0s remaining=262
    iter=1739 E=-1.8706333489 nfev=1742 t=3350.1s remaining=261
    iter=1740 E=-1.8706341736 nfev=1743 t=3352.2s remaining=260
    iter=1741 E=-1.8706354774 nfev=1744 t=3354.2s remaining=259
    iter=1742 E=-1.8706373014 nfev=1745 t=3356.2s remaining=258
    iter=1743 E=-1.8706390899 nfev=1746 t=3358.2s remaining=257
    iter=1744 E=-1.8706404703 nfev=1747 t=3360.2s remaining=256
    iter=1745 E=-1.8706415278 nfev=1748 t=3362.0s remaining=255
    iter=1746 E=-1.8706419733 nfev=1749 t=3364.0s remaining=254
    iter=1747 E=-1.8706423327 nfev=1750 t=3366.0s remaining=253
    iter=1748 E=-1.8706425578 nfev=1751 t=3367.7s remaining=252
    iter=1749 E=-1.8706427934 nfev=1752 t=3369.5s remaining=251
    iter=1750 E=-1.8706430926 nfev=1753 t=3371.4s remaining=250
    iter=1751 E=-1.8706434465 nfev=1754 t=3373.3s remaining=249
    iter=1752 E=-1.8706440258 nfev=1755 t=3375.4s remaining=248
    iter=1753 E=-1.8706449415 nfev=1756 t=3377.5s remaining=247
    iter=1754 E=-1.8706461677 nfev=1757 t=3379.4s remaining=246
    iter=1755 E=-1.8706472021 nfev=1758 t=3381.4s remaining=245
    iter=1756 E=-1.8706481145 nfev=1759 t=3383.5s remaining=244
    iter=1757 E=-1.8706488720 nfev=1760 t=3385.7s remaining=243
    iter=1758 E=-1.8706492314 nfev=1761 t=3387.6s remaining=242
    iter=1759 E=-1.8706494838 nfev=1762 t=3389.6s remaining=241
    iter=1760 E=-1.8706497929 nfev=1763 t=3391.5s remaining=240
    iter=1761 E=-1.8706500944 nfev=1764 t=3393.2s remaining=239
    iter=1762 E=-1.8706504546 nfev=1765 t=3395.2s remaining=238
    iter=1763 E=-1.8706510323 nfev=1766 t=3397.2s remaining=237
    iter=1764 E=-1.8706518858 nfev=1767 t=3399.1s remaining=236
    iter=1765 E=-1.8706528629 nfev=1768 t=3401.0s remaining=235
    iter=1766 E=-1.8706536484 nfev=1769 t=3402.9s remaining=234
    iter=1767 E=-1.8706546164 nfev=1770 t=3404.7s remaining=233
    iter=1768 E=-1.8706554144 nfev=1771 t=3406.6s remaining=232
    iter=1769 E=-1.8706558025 nfev=1772 t=3408.5s remaining=231
    iter=1770 E=-1.8706561335 nfev=1773 t=3410.4s remaining=230
    iter=1771 E=-1.8706564097 nfev=1774 t=3412.4s remaining=229
    iter=1772 E=-1.8706566664 nfev=1775 t=3414.3s remaining=228
    iter=1773 E=-1.8706570710 nfev=1776 t=3416.2s remaining=227
    iter=1774 E=-1.8706577109 nfev=1777 t=3418.0s remaining=226
    iter=1775 E=-1.8706586403 nfev=1778 t=3420.0s remaining=225
    iter=1776 E=-1.8706597421 nfev=1779 t=3422.0s remaining=224
    iter=1777 E=-1.8706608030 nfev=1780 t=3423.9s remaining=223
    iter=1778 E=-1.8706619243 nfev=1781 t=3425.8s remaining=222
    iter=1779 E=-1.8706626123 nfev=1782 t=3427.7s remaining=221
    iter=1780 E=-1.8706629844 nfev=1783 t=3429.8s remaining=220
    iter=1781 E=-1.8706632971 nfev=1784 t=3431.6s remaining=219
    iter=1782 E=-1.8706635727 nfev=1785 t=3433.5s remaining=218
    iter=1783 E=-1.8706637702 nfev=1786 t=3435.3s remaining=217
    iter=1784 E=-1.8706640713 nfev=1787 t=3437.4s remaining=216
    iter=1785 E=-1.8706645517 nfev=1788 t=3439.2s remaining=215
    iter=1786 E=-1.8706652856 nfev=1789 t=3441.1s remaining=214
    iter=1787 E=-1.8706662367 nfev=1790 t=3443.0s remaining=213
    iter=1788 E=-1.8706671433 nfev=1791 t=3444.9s remaining=212
    iter=1789 E=-1.8706680080 nfev=1792 t=3447.0s remaining=211
    iter=1790 E=-1.8706686430 nfev=1793 t=3448.9s remaining=210
    iter=1791 E=-1.8706689261 nfev=1794 t=3451.2s remaining=209
    iter=1792 E=-1.8706691219 nfev=1795 t=3453.5s remaining=208
    iter=1793 E=-1.8706693328 nfev=1796 t=3455.3s remaining=207
    iter=1794 E=-1.8706695470 nfev=1797 t=3457.2s remaining=206
    iter=1795 E=-1.8706698914 nfev=1798 t=3459.2s remaining=205
    iter=1796 E=-1.8706704662 nfev=1799 t=3461.1s remaining=204
    iter=1797 E=-1.8706713647 nfev=1800 t=3463.3s remaining=203
    iter=1798 E=-1.8706724485 nfev=1801 t=3465.5s remaining=202
    iter=1799 E=-1.8706730988 nfev=1802 t=3467.6s remaining=201
    iter=1800 E=-1.8706737078 nfev=1803 t=3469.6s remaining=200
    iter=1801 E=-1.8706740727 nfev=1804 t=3471.6s remaining=199
    iter=1802 E=-1.8706742412 nfev=1805 t=3473.5s remaining=198
    iter=1803 E=-1.8706744255 nfev=1806 t=3475.4s remaining=197
    iter=1804 E=-1.8706746498 nfev=1807 t=3477.3s remaining=196
    iter=1805 E=-1.8706748892 nfev=1808 t=3479.2s remaining=195
    iter=1806 E=-1.8706752548 nfev=1809 t=3481.1s remaining=194
    iter=1807 E=-1.8706758203 nfev=1810 t=3483.1s remaining=193
    iter=1808 E=-1.8706765890 nfev=1811 t=3484.9s remaining=192
    iter=1809 E=-1.8706772535 nfev=1812 t=3486.8s remaining=191
    iter=1810 E=-1.8706777758 nfev=1813 t=3488.7s remaining=190
    iter=1811 E=-1.8706781595 nfev=1814 t=3490.5s remaining=189
    iter=1812 E=-1.8706783660 nfev=1815 t=3492.4s remaining=188
    iter=1813 E=-1.8706784877 nfev=1816 t=3494.3s remaining=187
    iter=1814 E=-1.8706785917 nfev=1817 t=3496.3s remaining=186
    iter=1815 E=-1.8706786838 nfev=1818 t=3498.3s remaining=185
    iter=1816 E=-1.8706788184 nfev=1819 t=3500.3s remaining=184
    iter=1817 E=-1.8706790224 nfev=1820 t=3502.2s remaining=183
    iter=1818 E=-1.8706793268 nfev=1821 t=3504.1s remaining=182
    iter=1819 E=-1.8706797401 nfev=1822 t=3506.0s remaining=181
    iter=1820 E=-1.8706802082 nfev=1823 t=3507.9s remaining=180
    iter=1821 E=-1.8706806751 nfev=1824 t=3509.8s remaining=179
    iter=1822 E=-1.8706810154 nfev=1825 t=3511.6s remaining=178
    iter=1823 E=-1.8706811742 nfev=1826 t=3513.5s remaining=177
    iter=1824 E=-1.8706812971 nfev=1827 t=3515.6s remaining=176
    iter=1825 E=-1.8706814191 nfev=1828 t=3517.5s remaining=175
    iter=1826 E=-1.8706815342 nfev=1829 t=3519.4s remaining=174
    iter=1827 E=-1.8706816836 nfev=1830 t=3521.4s remaining=173
    iter=1828 E=-1.8706819194 nfev=1831 t=3523.3s remaining=172
    iter=1829 E=-1.8706822934 nfev=1832 t=3525.2s remaining=171
    iter=1830 E=-1.8706828148 nfev=1833 t=3527.2s remaining=170
    iter=1831 E=-1.8706832825 nfev=1834 t=3529.1s remaining=169
    iter=1832 E=-1.8706837236 nfev=1835 t=3530.9s remaining=168
    iter=1833 E=-1.8706840786 nfev=1836 t=3532.7s remaining=167
    iter=1834 E=-1.8706842809 nfev=1837 t=3534.6s remaining=166
    iter=1835 E=-1.8706844180 nfev=1838 t=3536.6s remaining=165
    iter=1836 E=-1.8706845328 nfev=1839 t=3538.5s remaining=164
    iter=1837 E=-1.8706846235 nfev=1840 t=3540.5s remaining=163
    iter=1838 E=-1.8706847267 nfev=1841 t=3542.4s remaining=162
    iter=1839 E=-1.8706848841 nfev=1842 t=3544.5s remaining=161
    iter=1840 E=-1.8706851246 nfev=1843 t=3546.4s remaining=160
    iter=1841 E=-1.8706854762 nfev=1844 t=3548.4s remaining=159
    iter=1842 E=-1.8706859468 nfev=1845 t=3550.3s remaining=158
    iter=1843 E=-1.8706864365 nfev=1846 t=3552.2s remaining=157
    iter=1844 E=-1.8706868611 nfev=1847 t=3554.2s remaining=156
    iter=1845 E=-1.8706871020 nfev=1848 t=3556.0s remaining=155
    iter=1846 E=-1.8706872331 nfev=1849 t=3557.9s remaining=154
    iter=1847 E=-1.8706873417 nfev=1850 t=3560.0s remaining=153
    iter=1848 E=-1.8706874448 nfev=1851 t=3561.9s remaining=152
    iter=1849 E=-1.8706875483 nfev=1852 t=3563.7s remaining=151
    iter=1850 E=-1.8706877022 nfev=1853 t=3565.6s remaining=150
    iter=1851 E=-1.8706879465 nfev=1854 t=3567.5s remaining=149
    iter=1852 E=-1.8706883208 nfev=1855 t=3569.3s remaining=148
    iter=1853 E=-1.8706888369 nfev=1856 t=3571.2s remaining=147
    iter=1854 E=-1.8706893503 nfev=1857 t=3573.1s remaining=146
    iter=1855 E=-1.8706898280 nfev=1858 t=3575.0s remaining=145
    iter=1856 E=-1.8706901430 nfev=1859 t=3577.0s remaining=144
    iter=1857 E=-1.8706902958 nfev=1860 t=3578.9s remaining=143
    iter=1858 E=-1.8706904143 nfev=1861 t=3580.8s remaining=142
    iter=1859 E=-1.8706905472 nfev=1862 t=3582.7s remaining=141
    iter=1860 E=-1.8706906820 nfev=1863 t=3584.6s remaining=140
    iter=1861 E=-1.8706908719 nfev=1864 t=3586.5s remaining=139
    iter=1862 E=-1.8706911602 nfev=1865 t=3588.7s remaining=138
    iter=1863 E=-1.8706915988 nfev=1866 t=3590.9s remaining=137
    iter=1864 E=-1.8706922419 nfev=1867 t=3593.2s remaining=136
    iter=1865 E=-1.8706929925 nfev=1868 t=3595.3s remaining=135
    iter=1866 E=-1.8706936665 nfev=1869 t=3597.4s remaining=134
    iter=1867 E=-1.8706941355 nfev=1870 t=3599.3s remaining=133
    iter=1868 E=-1.8706943831 nfev=1871 t=3601.1s remaining=132
    iter=1869 E=-1.8706945262 nfev=1872 t=3602.9s remaining=131
    iter=1870 E=-1.8706946427 nfev=1873 t=3604.7s remaining=130
    iter=1871 E=-1.8706947582 nfev=1874 t=3606.6s remaining=129
    iter=1872 E=-1.8706949083 nfev=1875 t=3608.5s remaining=128
    iter=1873 E=-1.8706951467 nfev=1876 t=3610.3s remaining=127
    iter=1874 E=-1.8706955319 nfev=1877 t=3612.1s remaining=126
    iter=1875 E=-1.8706961206 nfev=1878 t=3613.9s remaining=125
    iter=1876 E=-1.8706968577 nfev=1879 t=3615.8s remaining=124
    iter=1877 E=-1.8706973748 nfev=1880 t=3617.6s remaining=123
    iter=1878 E=-1.8706977946 nfev=1881 t=3619.3s remaining=122
    iter=1879 E=-1.8706979994 nfev=1882 t=3621.2s remaining=121
    iter=1880 E=-1.8706981358 nfev=1883 t=3623.0s remaining=120
    iter=1881 E=-1.8706982850 nfev=1884 t=3624.8s remaining=119
    iter=1882 E=-1.8706984334 nfev=1885 t=3627.0s remaining=118
    iter=1883 E=-1.8706985417 nfev=1886 t=3628.8s remaining=117
    iter=1884 E=-1.8706987049 nfev=1887 t=3630.9s remaining=116
    iter=1885 E=-1.8706989555 nfev=1888 t=3632.8s remaining=115
    iter=1886 E=-1.8706993273 nfev=1889 t=3634.6s remaining=114
    iter=1887 E=-1.8706998300 nfev=1890 t=3636.4s remaining=113
    iter=1888 E=-1.8707004321 nfev=1891 t=3638.2s remaining=112
    iter=1889 E=-1.8707009884 nfev=1892 t=3640.0s remaining=111
    iter=1890 E=-1.8707013035 nfev=1893 t=3641.9s remaining=110
    iter=1891 E=-1.8707014421 nfev=1894 t=3643.8s remaining=109
    iter=1892 E=-1.8707015212 nfev=1895 t=3645.8s remaining=108
    iter=1893 E=-1.8707015947 nfev=1896 t=3647.6s remaining=107
    iter=1894 E=-1.8707016783 nfev=1897 t=3649.5s remaining=106
    iter=1895 E=-1.8707018004 nfev=1898 t=3651.2s remaining=105
    iter=1896 E=-1.8707019918 nfev=1899 t=3653.1s remaining=104
    iter=1897 E=-1.8707023012 nfev=1900 t=3655.2s remaining=103
    iter=1898 E=-1.8707027854 nfev=1901 t=3657.3s remaining=102
    iter=1899 E=-1.8707033896 nfev=1902 t=3659.2s remaining=101
    iter=1900 E=-1.8707037434 nfev=1903 t=3661.1s remaining=100
    iter=1901 E=-1.8707039707 nfev=1904 t=3663.1s remaining=99
    iter=1902 E=-1.8707040632 nfev=1905 t=3665.0s remaining=98
    iter=1903 E=-1.8707041335 nfev=1906 t=3667.0s remaining=97
    iter=1904 E=-1.8707042336 nfev=1907 t=3668.8s remaining=96
    iter=1905 E=-1.8707043841 nfev=1908 t=3670.6s remaining=95
    iter=1906 E=-1.8707046083 nfev=1909 t=3672.5s remaining=94
    iter=1907 E=-1.8707049470 nfev=1910 t=3674.3s remaining=93
    iter=1908 E=-1.8707054505 nfev=1911 t=3676.2s remaining=92
    iter=1909 E=-1.8707060792 nfev=1912 t=3678.0s remaining=91
    iter=1910 E=-1.8707064636 nfev=1913 t=3680.1s remaining=90
    iter=1911 E=-1.8707066457 nfev=1914 t=3682.1s remaining=89
    iter=1912 E=-1.8707067166 nfev=1915 t=3684.0s remaining=88
    iter=1913 E=-1.8707067663 nfev=1916 t=3686.1s remaining=87
    iter=1914 E=-1.8707068182 nfev=1917 t=3688.0s remaining=86
    iter=1915 E=-1.8707068852 nfev=1918 t=3689.9s remaining=85
    iter=1916 E=-1.8707069877 nfev=1919 t=3691.7s remaining=84
    iter=1917 E=-1.8707071506 nfev=1920 t=3693.5s remaining=83
    iter=1918 E=-1.8707074059 nfev=1921 t=3695.5s remaining=82
    iter=1919 E=-1.8707077737 nfev=1922 t=3697.4s remaining=81
    iter=1920 E=-1.8707081391 nfev=1923 t=3699.4s remaining=80
    iter=1921 E=-1.8707084156 nfev=1924 t=3701.6s remaining=79
    iter=1922 E=-1.8707085938 nfev=1925 t=3703.4s remaining=78
    iter=1923 E=-1.8707086883 nfev=1926 t=3705.3s remaining=77
    iter=1924 E=-1.8707087602 nfev=1927 t=3707.4s remaining=76
    iter=1925 E=-1.8707088418 nfev=1928 t=3709.2s remaining=75
    iter=1926 E=-1.8707089398 nfev=1929 t=3711.1s remaining=74
    iter=1927 E=-1.8707090789 nfev=1930 t=3713.0s remaining=73
    iter=1928 E=-1.8707092916 nfev=1931 t=3714.9s remaining=72
    iter=1929 E=-1.8707096085 nfev=1932 t=3716.9s remaining=71
    iter=1930 E=-1.8707099809 nfev=1933 t=3718.8s remaining=70
    iter=1931 E=-1.8707102873 nfev=1934 t=3720.9s remaining=69
    iter=1932 E=-1.8707105055 nfev=1935 t=3723.0s remaining=68
    iter=1933 E=-1.8707106224 nfev=1936 t=3725.0s remaining=67
    iter=1934 E=-1.8707106825 nfev=1937 t=3727.0s remaining=66
    iter=1935 E=-1.8707107226 nfev=1938 t=3728.8s remaining=65
    iter=1936 E=-1.8707107625 nfev=1939 t=3730.7s remaining=64
    iter=1937 E=-1.8707108136 nfev=1940 t=3732.6s remaining=63
    iter=1938 E=-1.8707108880 nfev=1941 t=3734.3s remaining=62
    iter=1939 E=-1.8707110026 nfev=1942 t=3736.2s remaining=61
    iter=1940 E=-1.8707111818 nfev=1943 t=3738.1s remaining=60
    iter=1941 E=-1.8707114469 nfev=1944 t=3739.9s remaining=59
    iter=1942 E=-1.8707117642 nfev=1945 t=3741.9s remaining=58
    iter=1943 E=-1.8707120044 nfev=1946 t=3743.7s remaining=57
    iter=1944 E=-1.8707121797 nfev=1947 t=3745.8s remaining=56
    iter=1945 E=-1.8707122608 nfev=1948 t=3747.8s remaining=55
    iter=1946 E=-1.8707123068 nfev=1949 t=3749.9s remaining=54
    iter=1947 E=-1.8707123478 nfev=1950 t=3751.8s remaining=53
    iter=1948 E=-1.8707123917 nfev=1951 t=3753.6s remaining=52
    iter=1949 E=-1.8707124456 nfev=1952 t=3755.6s remaining=51
    iter=1950 E=-1.8707125326 nfev=1953 t=3757.5s remaining=50
    iter=1951 E=-1.8707126719 nfev=1954 t=3759.3s remaining=49
    iter=1952 E=-1.8707128794 nfev=1955 t=3761.3s remaining=48
    iter=1953 E=-1.8707131105 nfev=1956 t=3763.2s remaining=47
    iter=1954 E=-1.8707132838 nfev=1957 t=3765.0s remaining=46
    iter=1955 E=-1.8707134020 nfev=1958 t=3766.9s remaining=45
    iter=1956 E=-1.8707134516 nfev=1959 t=3768.7s remaining=44
    iter=1957 E=-1.8707134783 nfev=1960 t=3770.6s remaining=43
    iter=1958 E=-1.8707135021 nfev=1961 t=3772.4s remaining=42
    iter=1959 E=-1.8707135314 nfev=1962 t=3774.3s remaining=41
    iter=1960 E=-1.8707135715 nfev=1963 t=3776.2s remaining=40
    iter=1961 E=-1.8707136372 nfev=1964 t=3778.1s remaining=39
    iter=1962 E=-1.8707137471 nfev=1965 t=3780.0s remaining=38
    iter=1963 E=-1.8707139274 nfev=1966 t=3781.9s remaining=37
    iter=1964 E=-1.8707141974 nfev=1967 t=3783.8s remaining=36
    iter=1965 E=-1.8707144945 nfev=1968 t=3785.7s remaining=35
    iter=1966 E=-1.8707147296 nfev=1969 t=3787.6s remaining=34
    iter=1967 E=-1.8707148997 nfev=1970 t=3789.5s remaining=33
    iter=1968 E=-1.8707149593 nfev=1971 t=3791.5s remaining=32
    iter=1969 E=-1.8707149898 nfev=1972 t=3793.3s remaining=31
    iter=1970 E=-1.8707150251 nfev=1973 t=3795.1s remaining=30
    iter=1971 E=-1.8707150787 nfev=1974 t=3797.1s remaining=29
    iter=1972 E=-1.8707151622 nfev=1975 t=3799.0s remaining=28
    iter=1973 E=-1.8707152923 nfev=1976 t=3801.0s remaining=27
    iter=1974 E=-1.8707154912 nfev=1977 t=3802.9s remaining=26
    iter=1975 E=-1.8707157520 nfev=1978 t=3804.9s remaining=25
    iter=1976 E=-1.8707159356 nfev=1979 t=3806.8s remaining=24
    iter=1977 E=-1.8707160460 nfev=1980 t=3808.8s remaining=23
    iter=1978 E=-1.8707160911 nfev=1981 t=3810.6s remaining=22
    iter=1979 E=-1.8707161192 nfev=1982 t=3812.5s remaining=21
    iter=1980 E=-1.8707161444 nfev=1983 t=3814.5s remaining=20
    iter=1981 E=-1.8707161712 nfev=1984 t=3816.5s remaining=19
    iter=1982 E=-1.8707162092 nfev=1985 t=3818.3s remaining=18
    iter=1983 E=-1.8707162682 nfev=1986 t=3820.3s remaining=17
    iter=1984 E=-1.8707163636 nfev=1987 t=3822.3s remaining=16
    iter=1985 E=-1.8707165142 nfev=1988 t=3824.2s remaining=15
    iter=1986 E=-1.8707167283 nfev=1989 t=3826.1s remaining=14
    iter=1987 E=-1.8707169111 nfev=1990 t=3828.0s remaining=13
    iter=1988 E=-1.8707170609 nfev=1991 t=3829.9s remaining=12
    iter=1989 E=-1.8707171313 nfev=1992 t=3831.8s remaining=11
    iter=1990 E=-1.8707171627 nfev=1993 t=3833.6s remaining=10
    iter=1991 E=-1.8707171834 nfev=1994 t=3835.5s remaining=9
    iter=1992 E=-1.8707172066 nfev=1995 t=3837.5s remaining=8
    iter=1993 E=-1.8707172403 nfev=1996 t=3839.5s remaining=7
    iter=1994 E=-1.8707172961 nfev=1997 t=3841.4s remaining=6
    iter=1995 E=-1.8707173906 nfev=1998 t=3843.2s remaining=5
    iter=1996 E=-1.8707175462 nfev=1999 t=3845.1s remaining=4
    iter=1997 E=-1.8707177747 nfev=2000 t=3847.0s remaining=3
    iter=1998 E=-1.8707179591 nfev=2001 t=3848.8s remaining=2
    iter=1999 E=-1.8707180816 nfev=2002 t=3850.7s remaining=1
    iter=2000 E=-1.8707181351 nfev=2003 t=3852.6s remaining=0
    iter=2000 E=-1.8707181351 nfev=2003 t=3852.6s remaining=0
    seed=0 E=-1.8707181351 dE=+1.498e-03 nit=2000 ok=False t=3852.6s
  r=2.50  L=11  npar=470   E=-1.8707181351  |E-FCI|=1.498e-03  FCI=no   chem=yes

=== summary (best seed per layer) ===
  bond   L ansatz                 npar              E     |E-FCI|  FCI? chem?
  2.50  11 (ECD+SNAP)^11 + ECD     470  -1.8707181351   1.498e-03    no   yes

wrote data/results/h4_hybrid_L11_nobs_r250.json
