self-check ok (nfock=4, use_bs=False, worst FD rel err 0.00e+00)
per-iter log: data/results/h4_hybrid_L9_nobs_r0100_iters.jsonl
live snapshot: data/results/h4_hybrid_L9_nobs_r0100_live.json

=== build H4 JWT Hamiltonian at R=1.00 Å ===
=== r=1.00 Å   FCI(pyscf)=-2.1663874486  eig=-2.1663874486  paper_fci=-2.16638745  paper_SNAP_D20=-2.1663874536450387 ===
-- r=1.00  (ECD+SNAP)^9 + ECD   npar=386 --
    iter=1 E=-0.4261867997 nfev=2 t=2.5s remaining=1999
    iter=2 E=-0.6019023393 nfev=3 t=4.1s remaining=1998
    iter=3 E=-0.6570603319 nfev=4 t=5.3s remaining=1997
    iter=4 E=-0.7355126929 nfev=5 t=6.7s remaining=1996
    iter=5 E=-0.8179529936 nfev=6 t=8.1s remaining=1995
    iter=6 E=-0.8947972434 nfev=7 t=9.3s remaining=1994
    iter=7 E=-0.9358600251 nfev=8 t=10.6s remaining=1993
    iter=8 E=-0.9897647123 nfev=9 t=11.8s remaining=1992
    iter=9 E=-1.0537852455 nfev=10 t=13.0s remaining=1991
    iter=10 E=-1.1120804745 nfev=11 t=14.3s remaining=1990
    iter=11 E=-1.1753383656 nfev=12 t=15.5s remaining=1989
    iter=12 E=-1.2016345412 nfev=13 t=16.7s remaining=1988
    iter=13 E=-1.2437651176 nfev=14 t=18.0s remaining=1987
    iter=14 E=-1.2987163259 nfev=15 t=19.4s remaining=1986
    iter=15 E=-1.3730996836 nfev=16 t=20.7s remaining=1985
    iter=16 E=-1.4322681246 nfev=17 t=22.2s remaining=1984
    iter=17 E=-1.4778529401 nfev=18 t=23.4s remaining=1983
    iter=18 E=-1.5276619262 nfev=19 t=24.6s remaining=1982
    iter=19 E=-1.5850898170 nfev=20 t=25.8s remaining=1981
    iter=20 E=-1.6315263297 nfev=21 t=27.0s remaining=1980
    iter=21 E=-1.6871487914 nfev=22 t=28.2s remaining=1979
    iter=22 E=-1.7228415639 nfev=23 t=29.5s remaining=1978
    iter=23 E=-1.7661468887 nfev=24 t=30.7s remaining=1977
    iter=24 E=-1.8058609570 nfev=25 t=32.0s remaining=1976
    iter=25 E=-1.8349260107 nfev=26 t=33.2s remaining=1975
    iter=26 E=-1.8710762356 nfev=27 t=34.4s remaining=1974
    iter=27 E=-1.8934675543 nfev=28 t=35.7s remaining=1973
    iter=28 E=-1.9123914991 nfev=29 t=36.9s remaining=1972
    iter=29 E=-1.9356995157 nfev=30 t=38.1s remaining=1971
    iter=30 E=-1.9689492294 nfev=31 t=39.3s remaining=1970
    iter=31 E=-1.9958015456 nfev=32 t=40.5s remaining=1969
    iter=32 E=-2.0068160953 nfev=33 t=41.8s remaining=1968
    iter=33 E=-2.0226291030 nfev=34 t=43.0s remaining=1967
    iter=34 E=-2.0433789040 nfev=35 t=44.3s remaining=1966
    iter=35 E=-2.0552184257 nfev=36 t=45.6s remaining=1965
    iter=36 E=-2.0694832634 nfev=37 t=46.9s remaining=1964
    iter=37 E=-2.0846856131 nfev=38 t=48.1s remaining=1963
    iter=38 E=-2.0882330733 nfev=39 t=49.4s remaining=1962
    iter=39 E=-2.0929385599 nfev=40 t=50.6s remaining=1961
    iter=40 E=-2.1002224345 nfev=41 t=51.8s remaining=1960
    iter=41 E=-2.1054927666 nfev=42 t=53.1s remaining=1959
    iter=42 E=-2.1097353239 nfev=43 t=54.4s remaining=1958
    iter=43 E=-2.1140991297 nfev=44 t=55.6s remaining=1957
    iter=44 E=-2.1157069579 nfev=45 t=56.8s remaining=1956
    iter=45 E=-2.1180698043 nfev=46 t=58.0s remaining=1955
    iter=46 E=-2.1208173805 nfev=47 t=59.7s remaining=1954
    iter=47 E=-2.1220591624 nfev=49 t=62.9s remaining=1953
    iter=48 E=-2.1233266449 nfev=50 t=64.5s remaining=1952
    iter=49 E=-2.1239832665 nfev=51 t=66.1s remaining=1951
    iter=50 E=-2.1249616530 nfev=52 t=67.6s remaining=1950
    iter=51 E=-2.1260625752 nfev=53 t=68.9s remaining=1949
    iter=52 E=-2.1264056409 nfev=54 t=70.1s remaining=1948
    iter=53 E=-2.1268689725 nfev=55 t=71.4s remaining=1947
    iter=54 E=-2.1272589124 nfev=56 t=72.6s remaining=1946
    iter=55 E=-2.1275218927 nfev=57 t=73.9s remaining=1945
    iter=56 E=-2.1276977180 nfev=58 t=75.1s remaining=1944
    iter=57 E=-2.1278952036 nfev=59 t=76.4s remaining=1943
    iter=58 E=-2.1280639037 nfev=60 t=77.7s remaining=1942
    iter=59 E=-2.1282374328 nfev=61 t=78.9s remaining=1941
    iter=60 E=-2.1284253448 nfev=62 t=80.1s remaining=1940
    iter=61 E=-2.1285873515 nfev=63 t=81.4s remaining=1939
    iter=62 E=-2.1287359189 nfev=64 t=82.6s remaining=1938
    iter=63 E=-2.1289612123 nfev=65 t=83.8s remaining=1937
    iter=64 E=-2.1292354961 nfev=66 t=85.1s remaining=1936
    iter=65 E=-2.1294680667 nfev=67 t=86.5s remaining=1935
    iter=66 E=-2.1297653978 nfev=68 t=87.7s remaining=1934
    iter=67 E=-2.1300749781 nfev=69 t=88.9s remaining=1933
    iter=68 E=-2.1302988133 nfev=70 t=90.2s remaining=1932
    iter=69 E=-2.1304960251 nfev=71 t=91.5s remaining=1931
    iter=70 E=-2.1307221929 nfev=72 t=92.7s remaining=1930
    iter=71 E=-2.1309787215 nfev=73 t=93.9s remaining=1929
    iter=72 E=-2.1313143901 nfev=74 t=95.1s remaining=1928
    iter=73 E=-2.1316310403 nfev=75 t=96.3s remaining=1927
    iter=74 E=-2.1320334418 nfev=76 t=97.5s remaining=1926
    iter=75 E=-2.1326206052 nfev=77 t=98.9s remaining=1925
    iter=76 E=-2.1331253558 nfev=78 t=100.1s remaining=1924
    iter=77 E=-2.1334222828 nfev=79 t=101.3s remaining=1923
    iter=78 E=-2.1338725248 nfev=80 t=102.6s remaining=1922
    iter=79 E=-2.1343750845 nfev=81 t=103.8s remaining=1921
    iter=80 E=-2.1346817735 nfev=82 t=105.1s remaining=1920
    iter=81 E=-2.1350160357 nfev=83 t=106.4s remaining=1919
    iter=82 E=-2.1354378734 nfev=84 t=107.6s remaining=1918
    iter=83 E=-2.1357815629 nfev=85 t=108.9s remaining=1917
    iter=84 E=-2.1361956683 nfev=86 t=110.2s remaining=1916
    iter=85 E=-2.1366607954 nfev=87 t=111.5s remaining=1915
    iter=86 E=-2.1370840763 nfev=88 t=112.8s remaining=1914
    iter=87 E=-2.1375151825 nfev=89 t=114.1s remaining=1913
    iter=88 E=-2.1378654444 nfev=90 t=115.5s remaining=1912
    iter=89 E=-2.1382822609 nfev=91 t=116.9s remaining=1911
    iter=90 E=-2.1386955224 nfev=92 t=118.4s remaining=1910
    iter=91 E=-2.1391605172 nfev=93 t=119.8s remaining=1909
    iter=92 E=-2.1397226993 nfev=94 t=121.3s remaining=1908
    iter=93 E=-2.1403137904 nfev=95 t=122.7s remaining=1907
    iter=94 E=-2.1407401366 nfev=96 t=124.1s remaining=1906
    iter=95 E=-2.1412710423 nfev=97 t=125.6s remaining=1905
    iter=96 E=-2.1415890852 nfev=98 t=127.0s remaining=1904
    iter=97 E=-2.1419644434 nfev=99 t=128.5s remaining=1903
    iter=98 E=-2.1422082832 nfev=100 t=129.9s remaining=1902
    iter=99 E=-2.1424411827 nfev=101 t=131.3s remaining=1901
    iter=100 E=-2.1427405352 nfev=102 t=132.8s remaining=1900
    iter=101 E=-2.1430636623 nfev=103 t=134.2s remaining=1899
    iter=102 E=-2.1434122835 nfev=104 t=135.7s remaining=1898
    iter=103 E=-2.1438301633 nfev=105 t=137.1s remaining=1897
    iter=104 E=-2.1442916359 nfev=106 t=138.6s remaining=1896
    iter=105 E=-2.1446676677 nfev=107 t=140.0s remaining=1895
    iter=106 E=-2.1449522712 nfev=108 t=141.5s remaining=1894
    iter=107 E=-2.1452204068 nfev=109 t=142.9s remaining=1893
    iter=108 E=-2.1454819218 nfev=110 t=144.5s remaining=1892
    iter=109 E=-2.1457912701 nfev=111 t=146.0s remaining=1891
    iter=110 E=-2.1460008868 nfev=112 t=147.4s remaining=1890
    iter=111 E=-2.1461909640 nfev=113 t=148.9s remaining=1889
    iter=112 E=-2.1464352444 nfev=114 t=150.3s remaining=1888
    iter=113 E=-2.1466659520 nfev=115 t=151.8s remaining=1887
    iter=114 E=-2.1468385377 nfev=116 t=153.2s remaining=1886
    iter=115 E=-2.1470544455 nfev=117 t=154.7s remaining=1885
    iter=116 E=-2.1472500676 nfev=118 t=156.1s remaining=1884
    iter=117 E=-2.1474815683 nfev=119 t=157.5s remaining=1883
    iter=118 E=-2.1477475491 nfev=120 t=159.0s remaining=1882
    iter=119 E=-2.1479862490 nfev=121 t=160.4s remaining=1881
    iter=120 E=-2.1482403205 nfev=122 t=161.8s remaining=1880
    iter=121 E=-2.1484940886 nfev=123 t=163.3s remaining=1879
    iter=122 E=-2.1487255455 nfev=124 t=164.7s remaining=1878
    iter=123 E=-2.1489668539 nfev=125 t=166.2s remaining=1877
    iter=124 E=-2.1492241541 nfev=126 t=167.6s remaining=1876
    iter=125 E=-2.1493877883 nfev=127 t=169.1s remaining=1875
    iter=126 E=-2.1495702701 nfev=128 t=170.5s remaining=1874
    iter=127 E=-2.1497814168 nfev=129 t=171.9s remaining=1873
    iter=128 E=-2.1499669526 nfev=130 t=173.4s remaining=1872
    iter=129 E=-2.1502156282 nfev=131 t=174.8s remaining=1871
    iter=130 E=-2.1505165553 nfev=132 t=176.3s remaining=1870
    iter=131 E=-2.1506587599 nfev=133 t=177.7s remaining=1869
    iter=132 E=-2.1508203585 nfev=134 t=179.1s remaining=1868
    iter=133 E=-2.1509775298 nfev=135 t=180.6s remaining=1867
    iter=134 E=-2.1511371236 nfev=136 t=182.1s remaining=1866
    iter=135 E=-2.1512895778 nfev=137 t=183.5s remaining=1865
    iter=136 E=-2.1514524765 nfev=138 t=184.9s remaining=1864
    iter=137 E=-2.1515701857 nfev=139 t=186.3s remaining=1863
    iter=138 E=-2.1517060917 nfev=140 t=187.8s remaining=1862
    iter=139 E=-2.1518505749 nfev=141 t=189.2s remaining=1861
    iter=140 E=-2.1520380418 nfev=142 t=190.7s remaining=1860
    iter=141 E=-2.1521700340 nfev=143 t=192.1s remaining=1859
    iter=142 E=-2.1523184854 nfev=144 t=193.5s remaining=1858
    iter=143 E=-2.1525025894 nfev=145 t=195.0s remaining=1857
    iter=144 E=-2.1526603999 nfev=146 t=196.4s remaining=1856
    iter=145 E=-2.1528114646 nfev=147 t=197.9s remaining=1855
    iter=146 E=-2.1530090044 nfev=148 t=199.3s remaining=1854
    iter=147 E=-2.1531702122 nfev=149 t=200.7s remaining=1853
    iter=148 E=-2.1533499106 nfev=150 t=202.2s remaining=1852
    iter=149 E=-2.1535387017 nfev=151 t=203.6s remaining=1851
    iter=150 E=-2.1537265177 nfev=152 t=205.0s remaining=1850
    iter=151 E=-2.1538989133 nfev=153 t=206.5s remaining=1849
    iter=152 E=-2.1540628984 nfev=154 t=207.9s remaining=1848
    iter=153 E=-2.1542210136 nfev=155 t=209.3s remaining=1847
    iter=154 E=-2.1543665662 nfev=156 t=210.8s remaining=1846
    iter=155 E=-2.1545063419 nfev=157 t=212.2s remaining=1845
    iter=156 E=-2.1546270359 nfev=158 t=213.6s remaining=1844
    iter=157 E=-2.1547173887 nfev=159 t=215.1s remaining=1843
    iter=158 E=-2.1548386068 nfev=160 t=216.5s remaining=1842
    iter=159 E=-2.1549757300 nfev=161 t=218.0s remaining=1841
    iter=160 E=-2.1551170705 nfev=162 t=219.4s remaining=1840
    iter=161 E=-2.1552934209 nfev=163 t=220.8s remaining=1839
    iter=162 E=-2.1554398813 nfev=164 t=222.2s remaining=1838
    iter=163 E=-2.1555650201 nfev=165 t=223.7s remaining=1837
    iter=164 E=-2.1556735884 nfev=166 t=225.1s remaining=1836
    iter=165 E=-2.1557961253 nfev=167 t=226.5s remaining=1835
    iter=166 E=-2.1559371326 nfev=168 t=227.9s remaining=1834
    iter=167 E=-2.1560671704 nfev=169 t=229.4s remaining=1833
    iter=168 E=-2.1561814903 nfev=170 t=230.8s remaining=1832
    iter=169 E=-2.1563223010 nfev=171 t=232.2s remaining=1831
    iter=170 E=-2.1564469349 nfev=172 t=233.6s remaining=1830
    iter=171 E=-2.1565534354 nfev=173 t=235.0s remaining=1829
    iter=172 E=-2.1566654936 nfev=174 t=236.6s remaining=1828
    iter=173 E=-2.1567671154 nfev=175 t=238.2s remaining=1827
    iter=174 E=-2.1568532525 nfev=176 t=239.7s remaining=1826
    iter=175 E=-2.1569737539 nfev=177 t=241.2s remaining=1825
    iter=176 E=-2.1571088101 nfev=178 t=242.7s remaining=1824
    iter=177 E=-2.1572130772 nfev=179 t=244.2s remaining=1823
    iter=178 E=-2.1573276290 nfev=180 t=245.5s remaining=1822
    iter=179 E=-2.1574486169 nfev=181 t=246.7s remaining=1821
    iter=180 E=-2.1575371475 nfev=182 t=248.0s remaining=1820
    iter=181 E=-2.1576298521 nfev=183 t=249.2s remaining=1819
    iter=182 E=-2.1577137119 nfev=184 t=250.4s remaining=1818
    iter=183 E=-2.1578036703 nfev=185 t=251.6s remaining=1817
    iter=184 E=-2.1579126573 nfev=186 t=253.0s remaining=1816
    iter=185 E=-2.1580187008 nfev=187 t=254.2s remaining=1815
    iter=186 E=-2.1581028584 nfev=188 t=255.4s remaining=1814
    iter=187 E=-2.1581595107 nfev=189 t=256.7s remaining=1813
    iter=188 E=-2.1582058481 nfev=190 t=257.9s remaining=1812
    iter=189 E=-2.1582638960 nfev=191 t=259.1s remaining=1811
    iter=190 E=-2.1583449175 nfev=192 t=260.3s remaining=1810
    iter=191 E=-2.1584218717 nfev=193 t=261.5s remaining=1809
    iter=192 E=-2.1585107214 nfev=194 t=262.7s remaining=1808
    iter=193 E=-2.1586099813 nfev=195 t=263.9s remaining=1807
    iter=194 E=-2.1587180848 nfev=196 t=265.1s remaining=1806
    iter=195 E=-2.1588243130 nfev=197 t=266.3s remaining=1805
    iter=196 E=-2.1589119423 nfev=198 t=267.6s remaining=1804
    iter=197 E=-2.1589976280 nfev=199 t=268.9s remaining=1803
    iter=198 E=-2.1590809117 nfev=200 t=270.1s remaining=1802
    iter=199 E=-2.1591525315 nfev=201 t=271.4s remaining=1801
    iter=200 E=-2.1592277278 nfev=202 t=272.6s remaining=1800
    iter=201 E=-2.1593062681 nfev=203 t=273.8s remaining=1799
    iter=202 E=-2.1593628373 nfev=204 t=275.1s remaining=1798
    iter=203 E=-2.1594214218 nfev=205 t=276.4s remaining=1797
    iter=204 E=-2.1594800454 nfev=206 t=277.6s remaining=1796
    iter=205 E=-2.1595349904 nfev=207 t=278.8s remaining=1795
    iter=206 E=-2.1595898128 nfev=208 t=280.0s remaining=1794
    iter=207 E=-2.1596525025 nfev=209 t=281.3s remaining=1793
    iter=208 E=-2.1597012393 nfev=210 t=282.6s remaining=1792
    iter=209 E=-2.1597569742 nfev=211 t=283.9s remaining=1791
    iter=210 E=-2.1598303180 nfev=212 t=285.1s remaining=1790
    iter=211 E=-2.1598835321 nfev=213 t=286.4s remaining=1789
    iter=212 E=-2.1599304876 nfev=214 t=287.8s remaining=1788
    iter=213 E=-2.1599787676 nfev=215 t=289.0s remaining=1787
    iter=214 E=-2.1600306444 nfev=216 t=290.3s remaining=1786
    iter=215 E=-2.1600855082 nfev=217 t=291.6s remaining=1785
    iter=216 E=-2.1601519761 nfev=218 t=292.8s remaining=1784
    iter=217 E=-2.1602229802 nfev=219 t=294.0s remaining=1783
    iter=218 E=-2.1602894688 nfev=220 t=295.3s remaining=1782
    iter=219 E=-2.1603457227 nfev=221 t=296.6s remaining=1781
    iter=220 E=-2.1603918279 nfev=222 t=297.8s remaining=1780
    iter=221 E=-2.1604343213 nfev=223 t=299.1s remaining=1779
    iter=222 E=-2.1604799258 nfev=224 t=300.4s remaining=1778
    iter=223 E=-2.1605310393 nfev=225 t=301.6s remaining=1777
    iter=224 E=-2.1605806511 nfev=226 t=302.8s remaining=1776
    iter=225 E=-2.1606139394 nfev=227 t=304.0s remaining=1775
    iter=226 E=-2.1606509334 nfev=228 t=305.2s remaining=1774
    iter=227 E=-2.1606923460 nfev=229 t=306.4s remaining=1773
    iter=228 E=-2.1607330416 nfev=230 t=307.7s remaining=1772
    iter=229 E=-2.1607695615 nfev=231 t=308.9s remaining=1771
    iter=230 E=-2.1608065926 nfev=232 t=310.1s remaining=1770
    iter=231 E=-2.1608461531 nfev=233 t=311.4s remaining=1769
    iter=232 E=-2.1608820133 nfev=234 t=312.6s remaining=1768
    iter=233 E=-2.1609142728 nfev=235 t=313.9s remaining=1767
    iter=234 E=-2.1609427079 nfev=236 t=315.1s remaining=1766
    iter=235 E=-2.1609715362 nfev=237 t=316.3s remaining=1765
    iter=236 E=-2.1610054094 nfev=238 t=317.6s remaining=1764
    iter=237 E=-2.1610429179 nfev=239 t=318.8s remaining=1763
    iter=238 E=-2.1610726252 nfev=240 t=320.1s remaining=1762
    iter=239 E=-2.1611037470 nfev=241 t=321.4s remaining=1761
    iter=240 E=-2.1611352957 nfev=242 t=322.6s remaining=1760
    iter=241 E=-2.1611671429 nfev=243 t=323.8s remaining=1759
    iter=242 E=-2.1612036489 nfev=244 t=325.0s remaining=1758
    iter=243 E=-2.1612386418 nfev=245 t=326.6s remaining=1757
    iter=244 E=-2.1612674214 nfev=246 t=327.9s remaining=1756
    iter=245 E=-2.1612938219 nfev=247 t=329.2s remaining=1755
    iter=246 E=-2.1613215026 nfev=248 t=330.7s remaining=1754
    iter=247 E=-2.1613533093 nfev=249 t=331.9s remaining=1753
    iter=248 E=-2.1613856245 nfev=250 t=333.1s remaining=1752
    iter=249 E=-2.1614168222 nfev=251 t=334.3s remaining=1751
    iter=250 E=-2.1614454278 nfev=252 t=335.5s remaining=1750
    iter=251 E=-2.1614744359 nfev=253 t=336.9s remaining=1749
    iter=252 E=-2.1615006623 nfev=254 t=338.2s remaining=1748
    iter=253 E=-2.1615245486 nfev=255 t=339.4s remaining=1747
    iter=254 E=-2.1615519459 nfev=256 t=340.7s remaining=1746
    iter=255 E=-2.1615745470 nfev=257 t=342.0s remaining=1745
    iter=256 E=-2.1616003899 nfev=258 t=343.2s remaining=1744
    iter=257 E=-2.1616284690 nfev=259 t=344.4s remaining=1743
    iter=258 E=-2.1616532526 nfev=260 t=345.6s remaining=1742
    iter=259 E=-2.1616795784 nfev=261 t=346.8s remaining=1741
    iter=260 E=-2.1617106966 nfev=262 t=348.0s remaining=1740
    iter=261 E=-2.1617373347 nfev=263 t=349.3s remaining=1739
    iter=262 E=-2.1617567913 nfev=264 t=350.5s remaining=1738
    iter=263 E=-2.1617814308 nfev=265 t=351.8s remaining=1737
    iter=264 E=-2.1618083611 nfev=266 t=353.0s remaining=1736
    iter=265 E=-2.1618298639 nfev=267 t=354.2s remaining=1735
    iter=266 E=-2.1618562013 nfev=268 t=355.4s remaining=1734
    iter=267 E=-2.1618855263 nfev=269 t=357.0s remaining=1733
    iter=268 E=-2.1619143949 nfev=270 t=358.5s remaining=1732
    iter=269 E=-2.1619405218 nfev=271 t=360.1s remaining=1731
    iter=270 E=-2.1619670698 nfev=272 t=361.7s remaining=1730
    iter=271 E=-2.1619970181 nfev=273 t=363.3s remaining=1729
    iter=272 E=-2.1620298029 nfev=274 t=364.8s remaining=1728
    iter=273 E=-2.1620676695 nfev=275 t=366.6s remaining=1727
    iter=274 E=-2.1621104919 nfev=276 t=368.1s remaining=1726
    iter=275 E=-2.1621601281 nfev=277 t=370.0s remaining=1725
    iter=276 E=-2.1621985145 nfev=278 t=371.6s remaining=1724
    iter=277 E=-2.1622342077 nfev=279 t=373.1s remaining=1723
    iter=278 E=-2.1622669568 nfev=280 t=374.7s remaining=1722
    iter=279 E=-2.1622936025 nfev=281 t=376.3s remaining=1721
    iter=280 E=-2.1623095229 nfev=282 t=377.9s remaining=1720
    iter=281 E=-2.1623329769 nfev=283 t=379.5s remaining=1719
    iter=282 E=-2.1623609856 nfev=284 t=381.1s remaining=1718
    iter=283 E=-2.1623819017 nfev=285 t=382.6s remaining=1717
    iter=284 E=-2.1624077150 nfev=286 t=384.2s remaining=1716
    iter=285 E=-2.1624341700 nfev=287 t=385.8s remaining=1715
    iter=286 E=-2.1624567063 nfev=288 t=387.3s remaining=1714
    iter=287 E=-2.1624860145 nfev=289 t=389.0s remaining=1713
    iter=288 E=-2.1625071662 nfev=290 t=390.6s remaining=1712
    iter=289 E=-2.1625264410 nfev=291 t=392.2s remaining=1711
    iter=290 E=-2.1625464012 nfev=292 t=393.8s remaining=1710
    iter=291 E=-2.1625705760 nfev=293 t=395.3s remaining=1709
    iter=292 E=-2.1625980011 nfev=294 t=396.6s remaining=1708
    iter=293 E=-2.1626242783 nfev=295 t=397.8s remaining=1707
    iter=294 E=-2.1626477429 nfev=296 t=399.0s remaining=1706
    iter=295 E=-2.1626760836 nfev=297 t=400.2s remaining=1705
    iter=296 E=-2.1626999900 nfev=298 t=401.4s remaining=1704
    iter=297 E=-2.1627223036 nfev=299 t=402.6s remaining=1703
    iter=298 E=-2.1627481614 nfev=300 t=403.8s remaining=1702
    iter=299 E=-2.1627825587 nfev=301 t=405.0s remaining=1701
    iter=300 E=-2.1628091210 nfev=302 t=406.2s remaining=1700
    iter=301 E=-2.1628359390 nfev=303 t=407.4s remaining=1699
    iter=302 E=-2.1628635934 nfev=304 t=408.6s remaining=1698
    iter=303 E=-2.1628892089 nfev=305 t=409.8s remaining=1697
    iter=304 E=-2.1629066117 nfev=306 t=411.1s remaining=1696
    iter=305 E=-2.1629236712 nfev=307 t=412.3s remaining=1695
    iter=306 E=-2.1629434627 nfev=308 t=413.5s remaining=1694
    iter=307 E=-2.1629674501 nfev=309 t=414.8s remaining=1693
    iter=308 E=-2.1629973130 nfev=310 t=416.1s remaining=1692
    iter=309 E=-2.1630268097 nfev=311 t=417.3s remaining=1691
    iter=310 E=-2.1630524946 nfev=312 t=418.5s remaining=1690
    iter=311 E=-2.1630791785 nfev=313 t=419.8s remaining=1689
    iter=312 E=-2.1631065101 nfev=314 t=421.0s remaining=1688
    iter=313 E=-2.1631305798 nfev=315 t=422.2s remaining=1687
    iter=314 E=-2.1631525221 nfev=316 t=423.5s remaining=1686
    iter=315 E=-2.1631754664 nfev=317 t=424.7s remaining=1685
    iter=316 E=-2.1632018828 nfev=318 t=425.9s remaining=1684
    iter=317 E=-2.1632299158 nfev=319 t=427.1s remaining=1683
    iter=318 E=-2.1632553373 nfev=320 t=428.4s remaining=1682
    iter=319 E=-2.1632782207 nfev=321 t=429.6s remaining=1681
    iter=320 E=-2.1633004042 nfev=322 t=430.9s remaining=1680
    iter=321 E=-2.1633222117 nfev=323 t=432.1s remaining=1679
    iter=322 E=-2.1633444961 nfev=324 t=433.3s remaining=1678
    iter=323 E=-2.1633635081 nfev=325 t=434.5s remaining=1677
    iter=324 E=-2.1633799686 nfev=326 t=435.8s remaining=1676
    iter=325 E=-2.1633967364 nfev=327 t=437.0s remaining=1675
    iter=326 E=-2.1634194464 nfev=328 t=438.2s remaining=1674
    iter=327 E=-2.1634377746 nfev=329 t=439.5s remaining=1673
    iter=328 E=-2.1634587103 nfev=330 t=440.8s remaining=1672
    iter=329 E=-2.1634831799 nfev=331 t=442.1s remaining=1671
    iter=330 E=-2.1635121507 nfev=332 t=443.3s remaining=1670
    iter=331 E=-2.1635266536 nfev=333 t=444.6s remaining=1669
    iter=332 E=-2.1635413931 nfev=334 t=445.9s remaining=1668
    iter=333 E=-2.1635563012 nfev=335 t=447.2s remaining=1667
    iter=334 E=-2.1635716570 nfev=336 t=448.4s remaining=1666
    iter=335 E=-2.1635892770 nfev=337 t=449.7s remaining=1665
    iter=336 E=-2.1636078840 nfev=338 t=451.0s remaining=1664
    iter=337 E=-2.1636258836 nfev=339 t=452.2s remaining=1663
    iter=338 E=-2.1636464412 nfev=340 t=453.5s remaining=1662
    iter=339 E=-2.1636645816 nfev=341 t=454.7s remaining=1661
    iter=340 E=-2.1636798847 nfev=342 t=455.9s remaining=1660
    iter=341 E=-2.1636951518 nfev=343 t=457.1s remaining=1659
    iter=342 E=-2.1637096460 nfev=344 t=458.4s remaining=1658
    iter=343 E=-2.1637232770 nfev=345 t=459.6s remaining=1657
    iter=344 E=-2.1637353717 nfev=346 t=460.8s remaining=1656
    iter=345 E=-2.1637466284 nfev=347 t=462.0s remaining=1655
    iter=346 E=-2.1637572219 nfev=348 t=463.2s remaining=1654
    iter=347 E=-2.1637692085 nfev=349 t=464.4s remaining=1653
    iter=348 E=-2.1637789015 nfev=350 t=465.6s remaining=1652
    iter=349 E=-2.1637903378 nfev=351 t=466.8s remaining=1651
    iter=350 E=-2.1638045481 nfev=352 t=468.1s remaining=1650
    iter=351 E=-2.1638190317 nfev=353 t=469.3s remaining=1649
    iter=352 E=-2.1638331734 nfev=354 t=470.5s remaining=1648
    iter=353 E=-2.1638463360 nfev=355 t=472.0s remaining=1647
    iter=354 E=-2.1638580001 nfev=356 t=473.4s remaining=1646
    iter=355 E=-2.1638694200 nfev=357 t=474.6s remaining=1645
    iter=356 E=-2.1638851807 nfev=358 t=475.8s remaining=1644
    iter=357 E=-2.1639073513 nfev=359 t=477.1s remaining=1643
    iter=358 E=-2.1639259060 nfev=360 t=478.3s remaining=1642
    iter=359 E=-2.1639389439 nfev=361 t=479.6s remaining=1641
    iter=360 E=-2.1639505053 nfev=362 t=480.8s remaining=1640
    iter=361 E=-2.1639602675 nfev=363 t=482.0s remaining=1639
    iter=362 E=-2.1639681870 nfev=364 t=483.2s remaining=1638
    iter=363 E=-2.1639793795 nfev=365 t=484.4s remaining=1637
    iter=364 E=-2.1639917986 nfev=366 t=485.7s remaining=1636
    iter=365 E=-2.1640051248 nfev=367 t=487.0s remaining=1635
    iter=366 E=-2.1640209096 nfev=368 t=488.2s remaining=1634
    iter=367 E=-2.1640354105 nfev=369 t=489.5s remaining=1633
    iter=368 E=-2.1640466774 nfev=370 t=490.7s remaining=1632
    iter=369 E=-2.1640588974 nfev=371 t=492.1s remaining=1631
    iter=370 E=-2.1640729715 nfev=372 t=493.4s remaining=1630
    iter=371 E=-2.1640850963 nfev=373 t=494.7s remaining=1629
    iter=372 E=-2.1640938572 nfev=374 t=495.9s remaining=1628
    iter=373 E=-2.1641053179 nfev=375 t=497.1s remaining=1627
    iter=374 E=-2.1641195259 nfev=376 t=498.4s remaining=1626
    iter=375 E=-2.1641336282 nfev=377 t=499.7s remaining=1625
    iter=376 E=-2.1641487203 nfev=378 t=500.9s remaining=1624
    iter=377 E=-2.1641632859 nfev=379 t=502.2s remaining=1623
    iter=378 E=-2.1641767840 nfev=380 t=503.4s remaining=1622
    iter=379 E=-2.1641897526 nfev=381 t=504.6s remaining=1621
    iter=380 E=-2.1642015255 nfev=382 t=505.8s remaining=1620
    iter=381 E=-2.1642124392 nfev=383 t=507.0s remaining=1619
    iter=382 E=-2.1642223661 nfev=384 t=508.2s remaining=1618
    iter=383 E=-2.1642323889 nfev=385 t=509.4s remaining=1617
    iter=384 E=-2.1642426517 nfev=386 t=510.6s remaining=1616
    iter=385 E=-2.1642531613 nfev=387 t=511.8s remaining=1615
    iter=386 E=-2.1642624322 nfev=388 t=513.1s remaining=1614
    iter=387 E=-2.1642715533 nfev=389 t=514.3s remaining=1613
    iter=388 E=-2.1642832834 nfev=390 t=515.5s remaining=1612
    iter=389 E=-2.1642974826 nfev=391 t=516.7s remaining=1611
    iter=390 E=-2.1643085142 nfev=392 t=518.0s remaining=1610
    iter=391 E=-2.1643198133 nfev=393 t=519.1s remaining=1609
    iter=392 E=-2.1643299990 nfev=394 t=520.4s remaining=1608
    iter=393 E=-2.1643388004 nfev=395 t=521.6s remaining=1607
    iter=394 E=-2.1643471835 nfev=396 t=522.8s remaining=1606
    iter=395 E=-2.1643560795 nfev=397 t=524.1s remaining=1605
    iter=396 E=-2.1643649335 nfev=398 t=525.3s remaining=1604
    iter=397 E=-2.1643739458 nfev=399 t=526.5s remaining=1603
    iter=398 E=-2.1643820766 nfev=400 t=527.7s remaining=1602
    iter=399 E=-2.1643888978 nfev=401 t=528.9s remaining=1601
    iter=400 E=-2.1643953868 nfev=402 t=530.2s remaining=1600
    iter=401 E=-2.1644028726 nfev=403 t=531.4s remaining=1599
    iter=402 E=-2.1644112500 nfev=404 t=532.8s remaining=1598
    iter=403 E=-2.1644189875 nfev=405 t=534.0s remaining=1597
    iter=404 E=-2.1644254973 nfev=406 t=535.2s remaining=1596
    iter=405 E=-2.1644312238 nfev=407 t=536.3s remaining=1595
    iter=406 E=-2.1644367560 nfev=408 t=537.5s remaining=1594
    iter=407 E=-2.1644427183 nfev=409 t=538.7s remaining=1593
    iter=408 E=-2.1644497453 nfev=410 t=540.0s remaining=1592
    iter=409 E=-2.1644573992 nfev=411 t=541.2s remaining=1591
    iter=410 E=-2.1644643969 nfev=412 t=542.4s remaining=1590
    iter=411 E=-2.1644711149 nfev=413 t=543.6s remaining=1589
    iter=412 E=-2.1644777896 nfev=414 t=544.8s remaining=1588
    iter=413 E=-2.1644846366 nfev=415 t=546.0s remaining=1587
    iter=414 E=-2.1644910831 nfev=416 t=547.2s remaining=1586
    iter=415 E=-2.1644964136 nfev=417 t=548.4s remaining=1585
    iter=416 E=-2.1645013303 nfev=418 t=549.7s remaining=1584
    iter=417 E=-2.1645077831 nfev=419 t=551.0s remaining=1583
    iter=418 E=-2.1645168562 nfev=420 t=552.1s remaining=1582
    iter=419 E=-2.1645265846 nfev=421 t=553.5s remaining=1581
    iter=420 E=-2.1645353268 nfev=422 t=554.7s remaining=1580
    iter=421 E=-2.1645428938 nfev=423 t=555.9s remaining=1579
    iter=422 E=-2.1645498451 nfev=424 t=557.3s remaining=1578
    iter=423 E=-2.1645564797 nfev=425 t=558.5s remaining=1577
    iter=424 E=-2.1645626400 nfev=426 t=559.8s remaining=1576
    iter=425 E=-2.1645686165 nfev=427 t=561.1s remaining=1575
    iter=426 E=-2.1645755142 nfev=428 t=562.3s remaining=1574
    iter=427 E=-2.1645837298 nfev=429 t=563.5s remaining=1573
    iter=428 E=-2.1645931324 nfev=430 t=564.7s remaining=1572
    iter=429 E=-2.1646022806 nfev=431 t=565.8s remaining=1571
    iter=430 E=-2.1646102526 nfev=432 t=567.0s remaining=1570
    iter=431 E=-2.1646191200 nfev=433 t=568.2s remaining=1569
    iter=432 E=-2.1646261111 nfev=434 t=569.4s remaining=1568
    iter=433 E=-2.1646323520 nfev=435 t=570.6s remaining=1567
    iter=434 E=-2.1646383024 nfev=436 t=571.8s remaining=1566
    iter=435 E=-2.1646440372 nfev=437 t=573.0s remaining=1565
    iter=436 E=-2.1646490509 nfev=438 t=574.2s remaining=1564
    iter=437 E=-2.1646545017 nfev=439 t=575.4s remaining=1563
    iter=438 E=-2.1646606877 nfev=440 t=576.6s remaining=1562
    iter=439 E=-2.1646676681 nfev=441 t=577.9s remaining=1561
    iter=440 E=-2.1646768783 nfev=442 t=579.2s remaining=1560
    iter=441 E=-2.1646867905 nfev=443 t=580.5s remaining=1559
    iter=442 E=-2.1646948689 nfev=444 t=581.8s remaining=1558
    iter=443 E=-2.1646999820 nfev=445 t=583.0s remaining=1557
    iter=444 E=-2.1647049945 nfev=446 t=584.2s remaining=1556
    iter=445 E=-2.1647096619 nfev=447 t=585.5s remaining=1555
    iter=446 E=-2.1647161941 nfev=448 t=586.7s remaining=1554
    iter=447 E=-2.1647222949 nfev=449 t=588.0s remaining=1553
    iter=448 E=-2.1647282327 nfev=450 t=589.2s remaining=1552
    iter=449 E=-2.1647346246 nfev=451 t=590.5s remaining=1551
    iter=450 E=-2.1647400256 nfev=452 t=592.0s remaining=1550
    iter=451 E=-2.1647453315 nfev=453 t=593.2s remaining=1549
    iter=452 E=-2.1647526298 nfev=454 t=594.4s remaining=1548
    iter=453 E=-2.1647596439 nfev=455 t=595.6s remaining=1547
    iter=454 E=-2.1647654378 nfev=456 t=596.8s remaining=1546
    iter=455 E=-2.1647711143 nfev=457 t=598.1s remaining=1545
    iter=456 E=-2.1647771806 nfev=458 t=599.3s remaining=1544
    iter=457 E=-2.1647832649 nfev=459 t=600.6s remaining=1543
    iter=458 E=-2.1647894509 nfev=460 t=601.9s remaining=1542
    iter=459 E=-2.1647952154 nfev=461 t=603.1s remaining=1541
    iter=460 E=-2.1648005246 nfev=462 t=604.3s remaining=1540
    iter=461 E=-2.1648058033 nfev=463 t=605.5s remaining=1539
    iter=462 E=-2.1648115164 nfev=464 t=606.9s remaining=1538
    iter=463 E=-2.1648166097 nfev=465 t=608.4s remaining=1537
    iter=464 E=-2.1648226815 nfev=466 t=609.9s remaining=1536
    iter=465 E=-2.1648278585 nfev=467 t=611.3s remaining=1535
    iter=466 E=-2.1648326568 nfev=468 t=612.5s remaining=1534
    iter=467 E=-2.1648376181 nfev=469 t=614.2s remaining=1533
    iter=468 E=-2.1648430399 nfev=470 t=615.9s remaining=1532
    iter=469 E=-2.1648482531 nfev=471 t=617.6s remaining=1531
    iter=470 E=-2.1648541335 nfev=472 t=619.3s remaining=1530
    iter=471 E=-2.1648601183 nfev=473 t=620.9s remaining=1529
    iter=472 E=-2.1648655105 nfev=474 t=622.6s remaining=1528
    iter=473 E=-2.1648714048 nfev=475 t=624.3s remaining=1527
    iter=474 E=-2.1648773759 nfev=476 t=625.9s remaining=1526
    iter=475 E=-2.1648821722 nfev=477 t=627.5s remaining=1525
    iter=476 E=-2.1648867405 nfev=478 t=629.2s remaining=1524
    iter=477 E=-2.1648913546 nfev=479 t=630.8s remaining=1523
    iter=478 E=-2.1648947897 nfev=480 t=632.4s remaining=1522
    iter=479 E=-2.1648988807 nfev=481 t=634.1s remaining=1521
    iter=480 E=-2.1649046369 nfev=482 t=635.7s remaining=1520
    iter=481 E=-2.1649109688 nfev=483 t=637.4s remaining=1519
    iter=482 E=-2.1649156162 nfev=484 t=638.9s remaining=1518
    iter=483 E=-2.1649199541 nfev=485 t=640.6s remaining=1517
    iter=484 E=-2.1649235895 nfev=486 t=642.2s remaining=1516
    iter=485 E=-2.1649265126 nfev=487 t=643.8s remaining=1515
    iter=486 E=-2.1649297888 nfev=488 t=645.4s remaining=1514
    iter=487 E=-2.1649332412 nfev=489 t=647.1s remaining=1513
    iter=488 E=-2.1649372900 nfev=490 t=648.7s remaining=1512
    iter=489 E=-2.1649416450 nfev=491 t=650.3s remaining=1511
    iter=490 E=-2.1649458217 nfev=492 t=652.0s remaining=1510
    iter=491 E=-2.1649493570 nfev=493 t=653.6s remaining=1509
    iter=492 E=-2.1649525870 nfev=494 t=655.3s remaining=1508
    iter=493 E=-2.1649566924 nfev=495 t=656.9s remaining=1507
    iter=494 E=-2.1649609134 nfev=496 t=658.7s remaining=1506
    iter=495 E=-2.1649652645 nfev=497 t=660.4s remaining=1505
    iter=496 E=-2.1649696800 nfev=498 t=662.0s remaining=1504
    iter=497 E=-2.1649737843 nfev=499 t=663.6s remaining=1503
    iter=498 E=-2.1649767965 nfev=500 t=665.2s remaining=1502
    iter=499 E=-2.1649795910 nfev=501 t=666.8s remaining=1501
    iter=500 E=-2.1649827859 nfev=502 t=668.5s remaining=1500
    iter=501 E=-2.1649858860 nfev=503 t=670.1s remaining=1499
    iter=502 E=-2.1649893322 nfev=504 t=671.7s remaining=1498
    iter=503 E=-2.1649928866 nfev=505 t=673.3s remaining=1497
    iter=504 E=-2.1649954883 nfev=506 t=674.9s remaining=1496
    iter=505 E=-2.1649979458 nfev=507 t=676.5s remaining=1495
    iter=506 E=-2.1650004478 nfev=508 t=677.8s remaining=1494
    iter=507 E=-2.1650028328 nfev=509 t=679.0s remaining=1493
    iter=508 E=-2.1650052580 nfev=510 t=680.2s remaining=1492
    iter=509 E=-2.1650078942 nfev=511 t=681.4s remaining=1491
    iter=510 E=-2.1650103333 nfev=512 t=682.6s remaining=1490
    iter=511 E=-2.1650125136 nfev=513 t=683.8s remaining=1489
    iter=512 E=-2.1650147846 nfev=514 t=685.0s remaining=1488
    iter=513 E=-2.1650175203 nfev=515 t=686.2s remaining=1487
    iter=514 E=-2.1650209406 nfev=516 t=687.5s remaining=1486
    iter=515 E=-2.1650241892 nfev=517 t=688.7s remaining=1485
    iter=516 E=-2.1650266901 nfev=518 t=690.0s remaining=1484
    iter=517 E=-2.1650284849 nfev=519 t=691.3s remaining=1483
    iter=518 E=-2.1650302251 nfev=520 t=692.6s remaining=1482
    iter=519 E=-2.1650325113 nfev=521 t=693.9s remaining=1481
    iter=520 E=-2.1650356606 nfev=522 t=695.1s remaining=1480
    iter=521 E=-2.1650391136 nfev=523 t=696.4s remaining=1479
    iter=522 E=-2.1650416562 nfev=524 t=697.6s remaining=1478
    iter=523 E=-2.1650434934 nfev=525 t=698.9s remaining=1477
    iter=524 E=-2.1650452308 nfev=526 t=700.1s remaining=1476
    iter=525 E=-2.1650468089 nfev=527 t=701.4s remaining=1475
    iter=526 E=-2.1650483925 nfev=528 t=702.7s remaining=1474
    iter=527 E=-2.1650499058 nfev=529 t=704.3s remaining=1473
    iter=528 E=-2.1650519928 nfev=530 t=705.5s remaining=1472
    iter=529 E=-2.1650541426 nfev=531 t=706.7s remaining=1471
    iter=530 E=-2.1650563609 nfev=532 t=708.0s remaining=1470
    iter=531 E=-2.1650588374 nfev=533 t=709.2s remaining=1469
    iter=532 E=-2.1650614273 nfev=534 t=710.5s remaining=1468
    iter=533 E=-2.1650638637 nfev=535 t=711.7s remaining=1467
    iter=534 E=-2.1650661236 nfev=536 t=712.9s remaining=1466
    iter=535 E=-2.1650684140 nfev=537 t=714.2s remaining=1465
    iter=536 E=-2.1650706890 nfev=538 t=715.4s remaining=1464
    iter=537 E=-2.1650726943 nfev=539 t=716.7s remaining=1463
    iter=538 E=-2.1650744890 nfev=540 t=717.9s remaining=1462
    iter=539 E=-2.1650762569 nfev=541 t=719.2s remaining=1461
    iter=540 E=-2.1650780711 nfev=542 t=720.4s remaining=1460
    iter=541 E=-2.1650800066 nfev=543 t=721.6s remaining=1459
    iter=542 E=-2.1650824553 nfev=544 t=722.8s remaining=1458
    iter=543 E=-2.1650850979 nfev=545 t=724.0s remaining=1457
    iter=544 E=-2.1650872962 nfev=546 t=725.3s remaining=1456
    iter=545 E=-2.1650891117 nfev=547 t=726.6s remaining=1455
    iter=546 E=-2.1650907203 nfev=548 t=727.9s remaining=1454
    iter=547 E=-2.1650924720 nfev=549 t=729.1s remaining=1453
    iter=548 E=-2.1650946676 nfev=550 t=730.3s remaining=1452
    iter=549 E=-2.1650973649 nfev=551 t=731.5s remaining=1451
    iter=550 E=-2.1651000021 nfev=552 t=732.7s remaining=1450
    iter=551 E=-2.1651020394 nfev=553 t=733.9s remaining=1449
    iter=552 E=-2.1651035667 nfev=554 t=735.4s remaining=1448
    iter=553 E=-2.1651046914 nfev=555 t=737.0s remaining=1447
    iter=554 E=-2.1651057592 nfev=556 t=738.5s remaining=1446
    iter=555 E=-2.1651073432 nfev=557 t=739.9s remaining=1445
    iter=556 E=-2.1651090009 nfev=558 t=741.4s remaining=1444
    iter=557 E=-2.1651106876 nfev=559 t=742.6s remaining=1443
    iter=558 E=-2.1651131282 nfev=560 t=743.8s remaining=1442
    iter=559 E=-2.1651160912 nfev=561 t=744.9s remaining=1441
    iter=560 E=-2.1651191513 nfev=562 t=746.1s remaining=1440
    iter=561 E=-2.1651216746 nfev=563 t=747.3s remaining=1439
    iter=562 E=-2.1651235287 nfev=564 t=748.5s remaining=1438
    iter=563 E=-2.1651248752 nfev=565 t=749.7s remaining=1437
    iter=564 E=-2.1651259658 nfev=566 t=751.0s remaining=1436
    iter=565 E=-2.1651270725 nfev=567 t=752.2s remaining=1435
    iter=566 E=-2.1651284659 nfev=568 t=753.4s remaining=1434
    iter=567 E=-2.1651304101 nfev=569 t=754.6s remaining=1433
    iter=568 E=-2.1651329056 nfev=570 t=755.8s remaining=1432
    iter=569 E=-2.1651356173 nfev=571 t=757.1s remaining=1431
    iter=570 E=-2.1651377908 nfev=572 t=758.4s remaining=1430
    iter=571 E=-2.1651393537 nfev=573 t=759.6s remaining=1429
    iter=572 E=-2.1651406753 nfev=574 t=760.8s remaining=1428
    iter=573 E=-2.1651421267 nfev=575 t=762.0s remaining=1427
    iter=574 E=-2.1651437999 nfev=576 t=763.2s remaining=1426
    iter=575 E=-2.1651453276 nfev=577 t=764.4s remaining=1425
    iter=576 E=-2.1651465303 nfev=578 t=765.6s remaining=1424
    iter=577 E=-2.1651475321 nfev=579 t=766.9s remaining=1423
    iter=578 E=-2.1651485933 nfev=580 t=768.1s remaining=1422
    iter=579 E=-2.1651500102 nfev=581 t=769.3s remaining=1421
    iter=580 E=-2.1651520797 nfev=582 t=770.5s remaining=1420
    iter=581 E=-2.1651546681 nfev=583 t=771.8s remaining=1419
    iter=582 E=-2.1651573256 nfev=584 t=773.1s remaining=1418
    iter=583 E=-2.1651595147 nfev=585 t=774.3s remaining=1417
    iter=584 E=-2.1651609983 nfev=586 t=775.5s remaining=1416
    iter=585 E=-2.1651619876 nfev=587 t=776.7s remaining=1415
    iter=586 E=-2.1651628643 nfev=588 t=777.9s remaining=1414
    iter=587 E=-2.1651639096 nfev=589 t=779.1s remaining=1413
    iter=588 E=-2.1651652895 nfev=590 t=780.4s remaining=1412
    iter=589 E=-2.1651671014 nfev=591 t=781.7s remaining=1411
    iter=590 E=-2.1651690719 nfev=592 t=782.9s remaining=1410
    iter=591 E=-2.1651708215 nfev=593 t=784.1s remaining=1409
    iter=592 E=-2.1651725082 nfev=594 t=785.4s remaining=1408
    iter=593 E=-2.1651736429 nfev=595 t=787.0s remaining=1407
    iter=594 E=-2.1651743308 nfev=596 t=788.2s remaining=1406
    iter=595 E=-2.1651752292 nfev=597 t=789.4s remaining=1405
    iter=596 E=-2.1651763952 nfev=598 t=790.6s remaining=1404
    iter=597 E=-2.1651780828 nfev=599 t=791.8s remaining=1403
    iter=598 E=-2.1651805887 nfev=600 t=793.1s remaining=1402
    iter=599 E=-2.1651834777 nfev=601 t=794.4s remaining=1401
    iter=600 E=-2.1651854775 nfev=602 t=795.8s remaining=1400
    iter=601 E=-2.1651866387 nfev=603 t=797.0s remaining=1399
    iter=602 E=-2.1651874220 nfev=604 t=798.3s remaining=1398
    iter=603 E=-2.1651884121 nfev=605 t=799.6s remaining=1397
    iter=604 E=-2.1651899399 nfev=606 t=800.8s remaining=1396
    iter=605 E=-2.1651922046 nfev=607 t=802.0s remaining=1395
    iter=606 E=-2.1651950184 nfev=608 t=803.3s remaining=1394
    iter=607 E=-2.1651972679 nfev=609 t=804.5s remaining=1393
    iter=608 E=-2.1651990006 nfev=610 t=805.8s remaining=1392
    iter=609 E=-2.1651999329 nfev=611 t=807.1s remaining=1391
    iter=610 E=-2.1652004665 nfev=612 t=808.3s remaining=1390
    iter=611 E=-2.1652012082 nfev=613 t=809.5s remaining=1389
    iter=612 E=-2.1652022211 nfev=614 t=810.7s remaining=1388
    iter=613 E=-2.1652037085 nfev=615 t=811.9s remaining=1387
    iter=614 E=-2.1652059274 nfev=616 t=813.1s remaining=1386
    iter=615 E=-2.1652086817 nfev=617 t=814.3s remaining=1385
    iter=616 E=-2.1652106868 nfev=618 t=815.6s remaining=1384
    iter=617 E=-2.1652120122 nfev=619 t=816.8s remaining=1383
    iter=618 E=-2.1652128023 nfev=620 t=818.2s remaining=1382
    iter=619 E=-2.1652135084 nfev=621 t=819.5s remaining=1381
    iter=620 E=-2.1652143509 nfev=622 t=820.8s remaining=1380
    iter=621 E=-2.1652156257 nfev=623 t=822.1s remaining=1379
    iter=622 E=-2.1652175074 nfev=624 t=823.3s remaining=1378
    iter=623 E=-2.1652200751 nfev=625 t=824.6s remaining=1377
    iter=624 E=-2.1652229612 nfev=626 t=825.8s remaining=1376
    iter=625 E=-2.1652252652 nfev=627 t=827.0s remaining=1375
    iter=626 E=-2.1652266787 nfev=628 t=828.2s remaining=1374
    iter=627 E=-2.1652274663 nfev=629 t=829.4s remaining=1373
    iter=628 E=-2.1652281304 nfev=630 t=830.7s remaining=1372
    iter=629 E=-2.1652289942 nfev=631 t=832.1s remaining=1371
    iter=630 E=-2.1652302493 nfev=632 t=833.3s remaining=1370
    iter=631 E=-2.1652321752 nfev=633 t=834.5s remaining=1369
    iter=632 E=-2.1652349278 nfev=634 t=835.7s remaining=1368
    iter=633 E=-2.1652372513 nfev=635 t=837.0s remaining=1367
    iter=634 E=-2.1652384362 nfev=636 t=838.2s remaining=1366
    iter=635 E=-2.1652393566 nfev=637 t=839.5s remaining=1365
    iter=636 E=-2.1652402489 nfev=638 t=840.7s remaining=1364
    iter=637 E=-2.1652412434 nfev=639 t=842.0s remaining=1363
    iter=638 E=-2.1652422525 nfev=640 t=843.2s remaining=1362
    iter=639 E=-2.1652431583 nfev=641 t=844.5s remaining=1361
    iter=640 E=-2.1652441220 nfev=642 t=845.8s remaining=1360
    iter=641 E=-2.1652453462 nfev=643 t=847.1s remaining=1359
    iter=642 E=-2.1652468111 nfev=644 t=848.3s remaining=1358
    iter=643 E=-2.1652481627 nfev=645 t=849.5s remaining=1357
    iter=644 E=-2.1652494692 nfev=646 t=850.7s remaining=1356
    iter=645 E=-2.1652506401 nfev=647 t=851.9s remaining=1355
    iter=646 E=-2.1652515852 nfev=648 t=853.2s remaining=1354
    iter=647 E=-2.1652523811 nfev=649 t=854.5s remaining=1353
    iter=648 E=-2.1652531456 nfev=650 t=855.8s remaining=1352
    iter=649 E=-2.1652539100 nfev=651 t=857.2s remaining=1351
    iter=650 E=-2.1652549915 nfev=652 t=858.5s remaining=1350
    iter=651 E=-2.1652562944 nfev=653 t=859.8s remaining=1349
    iter=652 E=-2.1652576127 nfev=654 t=861.1s remaining=1348
    iter=653 E=-2.1652586052 nfev=655 t=862.3s remaining=1347
    iter=654 E=-2.1652591968 nfev=656 t=863.5s remaining=1346
    iter=655 E=-2.1652596060 nfev=657 t=864.7s remaining=1345
    iter=656 E=-2.1652600472 nfev=658 t=865.9s remaining=1344
    iter=657 E=-2.1652607436 nfev=659 t=867.2s remaining=1343
    iter=658 E=-2.1652618326 nfev=660 t=868.4s remaining=1342
    iter=659 E=-2.1652634090 nfev=661 t=869.7s remaining=1341
    iter=660 E=-2.1652651297 nfev=662 t=870.9s remaining=1340
    iter=661 E=-2.1652665237 nfev=663 t=872.1s remaining=1339
    iter=662 E=-2.1652675335 nfev=664 t=873.4s remaining=1338
    iter=663 E=-2.1652681260 nfev=665 t=874.6s remaining=1337
    iter=664 E=-2.1652686223 nfev=666 t=875.8s remaining=1336
    iter=665 E=-2.1652692659 nfev=667 t=877.0s remaining=1335
    iter=666 E=-2.1652700673 nfev=668 t=878.2s remaining=1334
    iter=667 E=-2.1652711107 nfev=669 t=879.5s remaining=1333
    iter=668 E=-2.1652724043 nfev=670 t=880.8s remaining=1332
    iter=669 E=-2.1652739001 nfev=671 t=882.0s remaining=1331
    iter=670 E=-2.1652754402 nfev=672 t=883.3s remaining=1330
    iter=671 E=-2.1652769502 nfev=673 t=884.6s remaining=1329
    iter=672 E=-2.1652781986 nfev=674 t=885.9s remaining=1328
    iter=673 E=-2.1652790261 nfev=675 t=887.1s remaining=1327
    iter=674 E=-2.1652796659 nfev=676 t=888.4s remaining=1326
    iter=675 E=-2.1652804078 nfev=677 t=889.6s remaining=1325
    iter=676 E=-2.1652813746 nfev=678 t=890.9s remaining=1324
    iter=677 E=-2.1652825581 nfev=679 t=892.1s remaining=1323
    iter=678 E=-2.1652838979 nfev=680 t=893.4s remaining=1322
    iter=679 E=-2.1652854804 nfev=681 t=894.6s remaining=1321
    iter=680 E=-2.1652869845 nfev=682 t=895.9s remaining=1320
    iter=681 E=-2.1652879179 nfev=683 t=897.3s remaining=1319
    iter=682 E=-2.1652885770 nfev=684 t=898.5s remaining=1318
    iter=683 E=-2.1652892184 nfev=685 t=899.7s remaining=1317
    iter=684 E=-2.1652898412 nfev=686 t=901.0s remaining=1316
    iter=685 E=-2.1652905177 nfev=687 t=902.2s remaining=1315
    iter=686 E=-2.1652913728 nfev=688 t=903.5s remaining=1314
    iter=687 E=-2.1652923528 nfev=689 t=904.7s remaining=1313
    iter=688 E=-2.1652933667 nfev=690 t=906.0s remaining=1312
    iter=689 E=-2.1652943379 nfev=691 t=907.3s remaining=1311
    iter=690 E=-2.1652952757 nfev=692 t=908.5s remaining=1310
    iter=691 E=-2.1652961757 nfev=693 t=909.8s remaining=1309
    iter=692 E=-2.1652969467 nfev=694 t=911.0s remaining=1308
    iter=693 E=-2.1652975081 nfev=695 t=912.2s remaining=1307
    iter=694 E=-2.1652979725 nfev=696 t=913.5s remaining=1306
    iter=695 E=-2.1652985590 nfev=697 t=914.7s remaining=1305
    iter=696 E=-2.1652994331 nfev=698 t=915.9s remaining=1304
    iter=697 E=-2.1653007485 nfev=699 t=917.2s remaining=1303
    iter=698 E=-2.1653024624 nfev=700 t=918.5s remaining=1302
    iter=699 E=-2.1653037172 nfev=701 t=919.7s remaining=1301
    iter=700 E=-2.1653047930 nfev=702 t=921.0s remaining=1300
    iter=701 E=-2.1653056110 nfev=703 t=922.2s remaining=1299
    iter=702 E=-2.1653063489 nfev=704 t=923.5s remaining=1298
    iter=703 E=-2.1653071069 nfev=705 t=924.7s remaining=1297
    iter=704 E=-2.1653080774 nfev=706 t=925.9s remaining=1296
    iter=705 E=-2.1653091955 nfev=707 t=927.1s remaining=1295
    iter=706 E=-2.1653107686 nfev=708 t=928.4s remaining=1294
    iter=707 E=-2.1653124679 nfev=709 t=929.7s remaining=1293
    iter=708 E=-2.1653137245 nfev=710 t=931.1s remaining=1292
    iter=709 E=-2.1653143714 nfev=711 t=932.4s remaining=1291
    iter=710 E=-2.1653147800 nfev=712 t=933.6s remaining=1290
    iter=711 E=-2.1653151722 nfev=713 t=934.9s remaining=1289
    iter=712 E=-2.1653157795 nfev=714 t=936.1s remaining=1288
    iter=713 E=-2.1653167399 nfev=715 t=937.3s remaining=1287
    iter=714 E=-2.1653182457 nfev=716 t=938.6s remaining=1286
    iter=715 E=-2.1653204006 nfev=717 t=939.8s remaining=1285
    iter=716 E=-2.1653224042 nfev=718 t=941.0s remaining=1284
    iter=717 E=-2.1653237133 nfev=719 t=942.3s remaining=1283
    iter=718 E=-2.1653244839 nfev=720 t=943.6s remaining=1282
    iter=719 E=-2.1653249259 nfev=721 t=944.8s remaining=1281
    iter=720 E=-2.1653253315 nfev=722 t=946.1s remaining=1280
    iter=721 E=-2.1653259480 nfev=723 t=947.4s remaining=1279
    iter=722 E=-2.1653268229 nfev=724 t=948.7s remaining=1278
    iter=723 E=-2.1653278411 nfev=725 t=950.0s remaining=1277
    iter=724 E=-2.1653293921 nfev=726 t=951.3s remaining=1276
    iter=725 E=-2.1653315270 nfev=727 t=952.7s remaining=1275
    iter=726 E=-2.1653332981 nfev=728 t=954.0s remaining=1274
    iter=727 E=-2.1653347379 nfev=729 t=955.3s remaining=1273
    iter=728 E=-2.1653356942 nfev=730 t=956.5s remaining=1272
    iter=729 E=-2.1653363311 nfev=731 t=957.8s remaining=1271
    iter=730 E=-2.1653367618 nfev=732 t=959.1s remaining=1270
    iter=731 E=-2.1653371396 nfev=733 t=960.4s remaining=1269
    iter=732 E=-2.1653376374 nfev=734 t=961.6s remaining=1268
    iter=733 E=-2.1653383948 nfev=735 t=962.8s remaining=1267
    iter=734 E=-2.1653395469 nfev=736 t=964.1s remaining=1266
    iter=735 E=-2.1653411955 nfev=737 t=965.4s remaining=1265
    iter=736 E=-2.1653431225 nfev=738 t=966.6s remaining=1264
    iter=737 E=-2.1653444977 nfev=739 t=967.8s remaining=1263
    iter=738 E=-2.1653454391 nfev=740 t=969.0s remaining=1262
    iter=739 E=-2.1653459573 nfev=741 t=970.3s remaining=1261
    iter=740 E=-2.1653462929 nfev=742 t=971.5s remaining=1260
    iter=741 E=-2.1653466360 nfev=743 t=972.7s remaining=1259
    iter=742 E=-2.1653468971 nfev=744 t=973.9s remaining=1258
    iter=743 E=-2.1653472629 nfev=745 t=975.1s remaining=1257
    iter=744 E=-2.1653478780 nfev=746 t=976.4s remaining=1256
    iter=745 E=-2.1653488764 nfev=747 t=977.8s remaining=1255
    iter=746 E=-2.1653503084 nfev=748 t=979.3s remaining=1254
    iter=747 E=-2.1653515638 nfev=749 t=981.1s remaining=1253
    iter=748 E=-2.1653526214 nfev=750 t=982.3s remaining=1252
    iter=749 E=-2.1653533327 nfev=751 t=983.7s remaining=1251
    iter=750 E=-2.1653537505 nfev=752 t=984.9s remaining=1250
    iter=751 E=-2.1653541511 nfev=753 t=986.2s remaining=1249
    iter=752 E=-2.1653547336 nfev=754 t=987.4s remaining=1248
    iter=753 E=-2.1653555908 nfev=755 t=988.6s remaining=1247
    iter=754 E=-2.1653567405 nfev=756 t=989.9s remaining=1246
    iter=755 E=-2.1653583179 nfev=757 t=991.1s remaining=1245
    iter=756 E=-2.1653604402 nfev=758 t=992.3s remaining=1244
    iter=757 E=-2.1653628301 nfev=759 t=993.6s remaining=1243
    iter=758 E=-2.1653642793 nfev=760 t=994.8s remaining=1242
    iter=759 E=-2.1653654342 nfev=761 t=996.0s remaining=1241
    iter=760 E=-2.1653660212 nfev=762 t=997.2s remaining=1240
    iter=761 E=-2.1653664836 nfev=763 t=998.4s remaining=1239
    iter=762 E=-2.1653669401 nfev=764 t=999.6s remaining=1238
    iter=763 E=-2.1653674997 nfev=765 t=1001.0s remaining=1237
    iter=764 E=-2.1653683550 nfev=766 t=1002.2s remaining=1236
    iter=765 E=-2.1653696589 nfev=767 t=1003.5s remaining=1235
    iter=766 E=-2.1653715750 nfev=768 t=1004.7s remaining=1234
    iter=767 E=-2.1653738737 nfev=769 t=1005.9s remaining=1233
    iter=768 E=-2.1653760049 nfev=770 t=1007.1s remaining=1232
    iter=769 E=-2.1653774420 nfev=771 t=1008.3s remaining=1231
    iter=770 E=-2.1653783318 nfev=772 t=1009.6s remaining=1230
    iter=771 E=-2.1653790710 nfev=773 t=1010.9s remaining=1229
    iter=772 E=-2.1653797668 nfev=774 t=1012.2s remaining=1228
    iter=773 E=-2.1653803980 nfev=775 t=1013.4s remaining=1227
    iter=774 E=-2.1653810360 nfev=776 t=1014.6s remaining=1226
    iter=775 E=-2.1653819263 nfev=777 t=1015.8s remaining=1225
    iter=776 E=-2.1653831597 nfev=778 t=1017.0s remaining=1224
    iter=777 E=-2.1653848479 nfev=779 t=1018.3s remaining=1223
    iter=778 E=-2.1653868346 nfev=780 t=1019.6s remaining=1222
    iter=779 E=-2.1653890813 nfev=781 t=1020.9s remaining=1221
    iter=780 E=-2.1653915806 nfev=782 t=1022.2s remaining=1220
    iter=781 E=-2.1653935564 nfev=783 t=1023.4s remaining=1219
    iter=782 E=-2.1653947637 nfev=784 t=1024.7s remaining=1218
    iter=783 E=-2.1653955433 nfev=785 t=1025.9s remaining=1217
    iter=784 E=-2.1653960648 nfev=786 t=1027.1s remaining=1216
    iter=785 E=-2.1653964954 nfev=787 t=1028.5s remaining=1215
    iter=786 E=-2.1653970342 nfev=788 t=1029.8s remaining=1214
    iter=787 E=-2.1653978135 nfev=789 t=1031.1s remaining=1213
    iter=788 E=-2.1653990185 nfev=790 t=1032.4s remaining=1212
    iter=789 E=-2.1654008318 nfev=791 t=1033.6s remaining=1211
    iter=790 E=-2.1654030396 nfev=792 t=1034.9s remaining=1210
    iter=791 E=-2.1654045501 nfev=793 t=1036.1s remaining=1209
    iter=792 E=-2.1654058801 nfev=794 t=1037.3s remaining=1208
    iter=793 E=-2.1654068428 nfev=795 t=1038.6s remaining=1207
    iter=794 E=-2.1654073649 nfev=796 t=1039.8s remaining=1206
    iter=795 E=-2.1654077803 nfev=797 t=1041.1s remaining=1205
    iter=796 E=-2.1654082210 nfev=798 t=1042.3s remaining=1204
    iter=797 E=-2.1654087472 nfev=799 t=1043.5s remaining=1203
    iter=798 E=-2.1654094992 nfev=800 t=1044.8s remaining=1202
    iter=799 E=-2.1654105555 nfev=801 t=1046.0s remaining=1201
    iter=800 E=-2.1654120252 nfev=802 t=1047.2s remaining=1200
    iter=801 E=-2.1654141254 nfev=803 t=1048.4s remaining=1199
    iter=802 E=-2.1654165589 nfev=804 t=1049.6s remaining=1198
    iter=803 E=-2.1654180886 nfev=805 t=1050.9s remaining=1197
    iter=804 E=-2.1654189141 nfev=806 t=1052.1s remaining=1196
    iter=805 E=-2.1654193950 nfev=807 t=1053.3s remaining=1195
    iter=806 E=-2.1654198362 nfev=808 t=1054.5s remaining=1194
    iter=807 E=-2.1654202145 nfev=809 t=1055.7s remaining=1193
    iter=808 E=-2.1654207112 nfev=810 t=1056.8s remaining=1192
    iter=809 E=-2.1654213702 nfev=811 t=1058.0s remaining=1191
    iter=810 E=-2.1654223244 nfev=812 t=1059.2s remaining=1190
    iter=811 E=-2.1654237074 nfev=813 t=1060.4s remaining=1189
    iter=812 E=-2.1654254402 nfev=814 t=1061.7s remaining=1188
    iter=813 E=-2.1654270445 nfev=815 t=1062.9s remaining=1187
    iter=814 E=-2.1654283487 nfev=816 t=1064.1s remaining=1186
    iter=815 E=-2.1654299853 nfev=817 t=1065.4s remaining=1185
    iter=816 E=-2.1654314997 nfev=818 t=1066.6s remaining=1184
    iter=817 E=-2.1654322338 nfev=819 t=1067.8s remaining=1183
    iter=818 E=-2.1654327262 nfev=820 t=1069.0s remaining=1182
    iter=819 E=-2.1654330303 nfev=821 t=1070.2s remaining=1181
    iter=820 E=-2.1654333448 nfev=822 t=1071.4s remaining=1180
    iter=821 E=-2.1654337867 nfev=823 t=1072.6s remaining=1179
    iter=822 E=-2.1654344541 nfev=824 t=1073.8s remaining=1178
    iter=823 E=-2.1654354558 nfev=825 t=1075.0s remaining=1177
    iter=824 E=-2.1654368758 nfev=826 t=1076.3s remaining=1176
    iter=825 E=-2.1654387168 nfev=827 t=1077.5s remaining=1175
    iter=826 E=-2.1654406676 nfev=828 t=1078.7s remaining=1174
    iter=827 E=-2.1654426990 nfev=829 t=1079.9s remaining=1173
    iter=828 E=-2.1654443812 nfev=830 t=1081.1s remaining=1172
    iter=829 E=-2.1654457284 nfev=831 t=1082.5s remaining=1171
    iter=830 E=-2.1654468945 nfev=832 t=1083.6s remaining=1170
    iter=831 E=-2.1654476572 nfev=833 t=1084.9s remaining=1169
    iter=832 E=-2.1654482492 nfev=834 t=1086.1s remaining=1168
    iter=833 E=-2.1654487944 nfev=835 t=1087.3s remaining=1167
    iter=834 E=-2.1654493810 nfev=836 t=1088.5s remaining=1166
    iter=835 E=-2.1654501923 nfev=837 t=1089.7s remaining=1165
    iter=836 E=-2.1654513292 nfev=838 t=1090.9s remaining=1164
    iter=837 E=-2.1654529267 nfev=839 t=1092.2s remaining=1163
    iter=838 E=-2.1654550501 nfev=840 t=1093.5s remaining=1162
    iter=839 E=-2.1654572703 nfev=841 t=1095.0s remaining=1161
    iter=840 E=-2.1654591086 nfev=842 t=1096.3s remaining=1160
    iter=841 E=-2.1654607702 nfev=843 t=1097.6s remaining=1159
    iter=842 E=-2.1654622009 nfev=844 t=1098.9s remaining=1158
    iter=843 E=-2.1654633450 nfev=845 t=1100.3s remaining=1157
    iter=844 E=-2.1654643030 nfev=846 t=1101.8s remaining=1156
    iter=845 E=-2.1654650886 nfev=847 t=1103.0s remaining=1155
    iter=846 E=-2.1654658744 nfev=848 t=1104.3s remaining=1154
    iter=847 E=-2.1654668935 nfev=849 t=1105.5s remaining=1153
    iter=848 E=-2.1654677414 nfev=850 t=1106.7s remaining=1152
    iter=849 E=-2.1654684932 nfev=851 t=1108.0s remaining=1151
    iter=850 E=-2.1654693905 nfev=852 t=1109.2s remaining=1150
    iter=851 E=-2.1654705838 nfev=853 t=1110.4s remaining=1149
    iter=852 E=-2.1654721311 nfev=854 t=1111.6s remaining=1148
    iter=853 E=-2.1654737891 nfev=855 t=1112.9s remaining=1147
    iter=854 E=-2.1654752718 nfev=856 t=1114.2s remaining=1146
    iter=855 E=-2.1654764276 nfev=857 t=1115.4s remaining=1145
    iter=856 E=-2.1654773742 nfev=858 t=1116.6s remaining=1144
    iter=857 E=-2.1654782331 nfev=859 t=1117.9s remaining=1143
    iter=858 E=-2.1654791202 nfev=860 t=1119.1s remaining=1142
    iter=859 E=-2.1654799688 nfev=861 t=1120.3s remaining=1141
    iter=860 E=-2.1654808724 nfev=862 t=1121.6s remaining=1140
    iter=861 E=-2.1654820566 nfev=863 t=1122.8s remaining=1139
    iter=862 E=-2.1654835550 nfev=864 t=1124.0s remaining=1138
    iter=863 E=-2.1654851859 nfev=865 t=1125.3s remaining=1137
    iter=864 E=-2.1654867700 nfev=866 t=1126.5s remaining=1136
    iter=865 E=-2.1654885955 nfev=867 t=1127.7s remaining=1135
    iter=866 E=-2.1654907144 nfev=868 t=1128.8s remaining=1134
    iter=867 E=-2.1654927490 nfev=869 t=1130.0s remaining=1133
    iter=868 E=-2.1654939372 nfev=870 t=1131.2s remaining=1132
    iter=869 E=-2.1654951135 nfev=871 t=1132.4s remaining=1131
    iter=870 E=-2.1654962104 nfev=872 t=1133.6s remaining=1130
    iter=871 E=-2.1654969641 nfev=873 t=1134.9s remaining=1129
    iter=872 E=-2.1654976706 nfev=874 t=1136.1s remaining=1128
    iter=873 E=-2.1654984283 nfev=875 t=1137.3s remaining=1127
    iter=874 E=-2.1654992070 nfev=876 t=1138.5s remaining=1126
    iter=875 E=-2.1655002850 nfev=877 t=1139.8s remaining=1125
    iter=876 E=-2.1655015665 nfev=878 t=1141.0s remaining=1124
    iter=877 E=-2.1655029603 nfev=879 t=1142.2s remaining=1123
    iter=878 E=-2.1655043702 nfev=880 t=1143.5s remaining=1122
    iter=879 E=-2.1655054510 nfev=881 t=1144.7s remaining=1121
    iter=880 E=-2.1655062037 nfev=882 t=1146.0s remaining=1120
    iter=881 E=-2.1655070964 nfev=883 t=1147.3s remaining=1119
    iter=882 E=-2.1655080647 nfev=884 t=1148.5s remaining=1118
    iter=883 E=-2.1655089326 nfev=885 t=1149.7s remaining=1117
    iter=884 E=-2.1655097793 nfev=886 t=1150.9s remaining=1116
    iter=885 E=-2.1655105351 nfev=887 t=1152.1s remaining=1115
    iter=886 E=-2.1655111353 nfev=888 t=1153.3s remaining=1114
    iter=887 E=-2.1655119293 nfev=889 t=1154.5s remaining=1113
    iter=888 E=-2.1655126632 nfev=890 t=1155.7s remaining=1112
    iter=889 E=-2.1655134646 nfev=891 t=1156.9s remaining=1111
    iter=890 E=-2.1655145896 nfev=892 t=1158.2s remaining=1110
    iter=891 E=-2.1655161209 nfev=893 t=1159.6s remaining=1109
    iter=892 E=-2.1655179349 nfev=894 t=1160.8s remaining=1108
    iter=893 E=-2.1655199051 nfev=895 t=1162.1s remaining=1107
    iter=894 E=-2.1655212990 nfev=896 t=1163.3s remaining=1106
    iter=895 E=-2.1655223197 nfev=897 t=1164.5s remaining=1105
    iter=896 E=-2.1655230748 nfev=898 t=1165.7s remaining=1104
    iter=897 E=-2.1655236251 nfev=899 t=1167.0s remaining=1103
    iter=898 E=-2.1655241099 nfev=900 t=1168.2s remaining=1102
    iter=899 E=-2.1655246374 nfev=901 t=1169.4s remaining=1101
    iter=900 E=-2.1655252654 nfev=902 t=1170.6s remaining=1100
    iter=901 E=-2.1655259750 nfev=903 t=1171.9s remaining=1099
    iter=902 E=-2.1655269495 nfev=904 t=1173.0s remaining=1098
    iter=903 E=-2.1655282714 nfev=905 t=1174.2s remaining=1097
    iter=904 E=-2.1655298136 nfev=906 t=1175.4s remaining=1096
    iter=905 E=-2.1655313852 nfev=907 t=1176.6s remaining=1095
    iter=906 E=-2.1655328530 nfev=908 t=1177.8s remaining=1094
    iter=907 E=-2.1655343151 nfev=909 t=1179.0s remaining=1093
    iter=908 E=-2.1655355420 nfev=910 t=1180.2s remaining=1092
    iter=909 E=-2.1655364409 nfev=911 t=1181.5s remaining=1091
    iter=910 E=-2.1655369442 nfev=912 t=1182.7s remaining=1090
    iter=911 E=-2.1655374796 nfev=913 t=1184.0s remaining=1089
    iter=912 E=-2.1655381200 nfev=914 t=1185.2s remaining=1088
    iter=913 E=-2.1655387205 nfev=915 t=1186.4s remaining=1087
    iter=914 E=-2.1655394466 nfev=916 t=1187.7s remaining=1086
    iter=915 E=-2.1655402662 nfev=917 t=1188.8s remaining=1085
    iter=916 E=-2.1655410924 nfev=918 t=1190.0s remaining=1084
    iter=917 E=-2.1655420587 nfev=919 t=1191.3s remaining=1083
    iter=918 E=-2.1655430149 nfev=920 t=1192.5s remaining=1082
    iter=919 E=-2.1655439200 nfev=921 t=1193.7s remaining=1081
    iter=920 E=-2.1655450102 nfev=922 t=1194.9s remaining=1080
    iter=921 E=-2.1655464238 nfev=923 t=1196.2s remaining=1079
    iter=922 E=-2.1655480840 nfev=924 t=1197.4s remaining=1078
    iter=923 E=-2.1655499710 nfev=925 t=1198.6s remaining=1077
    iter=924 E=-2.1655520197 nfev=926 t=1199.9s remaining=1076
    iter=925 E=-2.1655535103 nfev=927 t=1201.0s remaining=1075
    iter=926 E=-2.1655546911 nfev=928 t=1202.3s remaining=1074
    iter=927 E=-2.1655558186 nfev=929 t=1203.6s remaining=1073
    iter=928 E=-2.1655567583 nfev=930 t=1204.9s remaining=1072
    iter=929 E=-2.1655575057 nfev=931 t=1206.2s remaining=1071
    iter=930 E=-2.1655582060 nfev=932 t=1207.5s remaining=1070
    iter=931 E=-2.1655588046 nfev=933 t=1208.8s remaining=1069
    iter=932 E=-2.1655593452 nfev=934 t=1210.1s remaining=1068
    iter=933 E=-2.1655599109 nfev=935 t=1211.3s remaining=1067
    iter=934 E=-2.1655606819 nfev=936 t=1212.4s remaining=1066
    iter=935 E=-2.1655615658 nfev=937 t=1213.6s remaining=1065
    iter=936 E=-2.1655626789 nfev=938 t=1214.8s remaining=1064
    iter=937 E=-2.1655639166 nfev=939 t=1216.0s remaining=1063
    iter=938 E=-2.1655652405 nfev=940 t=1217.2s remaining=1062
    iter=939 E=-2.1655667916 nfev=941 t=1218.4s remaining=1061
    iter=940 E=-2.1655682061 nfev=942 t=1219.7s remaining=1060
    iter=941 E=-2.1655697325 nfev=943 t=1220.9s remaining=1059
    iter=942 E=-2.1655709427 nfev=944 t=1222.1s remaining=1058
    iter=943 E=-2.1655715141 nfev=945 t=1223.5s remaining=1057
    iter=944 E=-2.1655720375 nfev=946 t=1225.0s remaining=1056
    iter=945 E=-2.1655726668 nfev=947 t=1226.4s remaining=1055
    iter=946 E=-2.1655731219 nfev=948 t=1227.7s remaining=1054
    iter=947 E=-2.1655736870 nfev=949 t=1228.9s remaining=1053
    iter=948 E=-2.1655743488 nfev=950 t=1230.2s remaining=1052
    iter=949 E=-2.1655752379 nfev=951 t=1231.4s remaining=1051
    iter=950 E=-2.1655764870 nfev=952 t=1232.7s remaining=1050
    iter=951 E=-2.1655779644 nfev=953 t=1233.9s remaining=1049
    iter=952 E=-2.1655794797 nfev=954 t=1235.2s remaining=1048
    iter=953 E=-2.1655814021 nfev=955 t=1236.4s remaining=1047
    iter=954 E=-2.1655834480 nfev=956 t=1237.6s remaining=1046
    iter=955 E=-2.1655849327 nfev=957 t=1238.9s remaining=1045
    iter=956 E=-2.1655862263 nfev=958 t=1240.1s remaining=1044
    iter=957 E=-2.1655871571 nfev=959 t=1241.4s remaining=1043
    iter=958 E=-2.1655878429 nfev=960 t=1242.7s remaining=1042
    iter=959 E=-2.1655883774 nfev=961 t=1243.9s remaining=1041
    iter=960 E=-2.1655888831 nfev=962 t=1245.1s remaining=1040
    iter=961 E=-2.1655893896 nfev=963 t=1246.3s remaining=1039
    iter=962 E=-2.1655901399 nfev=964 t=1247.5s remaining=1038
    iter=963 E=-2.1655912107 nfev=965 t=1248.7s remaining=1037
    iter=964 E=-2.1655925273 nfev=966 t=1250.0s remaining=1036
    iter=965 E=-2.1655938617 nfev=967 t=1251.2s remaining=1035
    iter=966 E=-2.1655955352 nfev=968 t=1252.5s remaining=1034
    iter=967 E=-2.1655973120 nfev=969 t=1254.0s remaining=1033
    iter=968 E=-2.1655985262 nfev=970 t=1255.3s remaining=1032
    iter=969 E=-2.1655993463 nfev=971 t=1256.6s remaining=1031
    iter=970 E=-2.1655999689 nfev=972 t=1258.1s remaining=1030
    iter=971 E=-2.1656005075 nfev=973 t=1259.5s remaining=1029
    iter=972 E=-2.1656009911 nfev=974 t=1261.1s remaining=1028
    iter=973 E=-2.1656015423 nfev=975 t=1262.4s remaining=1027
    iter=974 E=-2.1656021449 nfev=976 t=1263.6s remaining=1026
    iter=975 E=-2.1656029617 nfev=977 t=1264.8s remaining=1025
    iter=976 E=-2.1656041301 nfev=978 t=1266.1s remaining=1024
    iter=977 E=-2.1656053744 nfev=979 t=1267.4s remaining=1023
    iter=978 E=-2.1656068640 nfev=980 t=1268.7s remaining=1022
    iter=979 E=-2.1656085935 nfev=981 t=1269.9s remaining=1021
    iter=980 E=-2.1656102416 nfev=982 t=1271.2s remaining=1020
    iter=981 E=-2.1656113151 nfev=983 t=1272.4s remaining=1019
    iter=982 E=-2.1656120866 nfev=984 t=1273.6s remaining=1018
    iter=983 E=-2.1656130336 nfev=985 t=1274.9s remaining=1017
    iter=984 E=-2.1656137146 nfev=986 t=1276.2s remaining=1016
    iter=985 E=-2.1656143316 nfev=987 t=1277.4s remaining=1015
    iter=986 E=-2.1656150448 nfev=988 t=1278.7s remaining=1014
    iter=987 E=-2.1656156103 nfev=989 t=1279.9s remaining=1013
    iter=988 E=-2.1656160767 nfev=990 t=1281.1s remaining=1012
    iter=989 E=-2.1656166012 nfev=991 t=1282.4s remaining=1011
    iter=990 E=-2.1656172582 nfev=992 t=1283.6s remaining=1010
    iter=991 E=-2.1656180795 nfev=993 t=1284.8s remaining=1009
    iter=992 E=-2.1656191199 nfev=994 t=1286.0s remaining=1008
    iter=993 E=-2.1656203901 nfev=995 t=1287.2s remaining=1007
    iter=994 E=-2.1656217664 nfev=996 t=1288.5s remaining=1006
    iter=995 E=-2.1656231164 nfev=997 t=1289.7s remaining=1005
    iter=996 E=-2.1656244272 nfev=998 t=1290.9s remaining=1004
    iter=997 E=-2.1656256356 nfev=999 t=1292.1s remaining=1003
    iter=998 E=-2.1656267493 nfev=1000 t=1293.4s remaining=1002
    iter=999 E=-2.1656276984 nfev=1001 t=1294.6s remaining=1001
    iter=1000 E=-2.1656283890 nfev=1002 t=1295.8s remaining=1000
    iter=1001 E=-2.1656290065 nfev=1003 t=1297.0s remaining=999
    iter=1002 E=-2.1656296124 nfev=1004 t=1298.3s remaining=998
    iter=1003 E=-2.1656301706 nfev=1005 t=1299.5s remaining=997
    iter=1004 E=-2.1656307675 nfev=1006 t=1300.8s remaining=996
    iter=1005 E=-2.1656315696 nfev=1007 t=1302.0s remaining=995
    iter=1006 E=-2.1656325910 nfev=1008 t=1303.2s remaining=994
    iter=1007 E=-2.1656335108 nfev=1009 t=1304.4s remaining=993
    iter=1008 E=-2.1656346347 nfev=1010 t=1305.6s remaining=992
    iter=1009 E=-2.1656361675 nfev=1011 t=1306.9s remaining=991
    iter=1010 E=-2.1656377231 nfev=1012 t=1308.1s remaining=990
    iter=1011 E=-2.1656397160 nfev=1013 t=1309.4s remaining=989
    iter=1012 E=-2.1656420316 nfev=1014 t=1310.7s remaining=988
    iter=1013 E=-2.1656438662 nfev=1015 t=1311.9s remaining=987
    iter=1014 E=-2.1656451211 nfev=1016 t=1313.3s remaining=986
    iter=1015 E=-2.1656460812 nfev=1017 t=1314.6s remaining=985
    iter=1016 E=-2.1656469637 nfev=1018 t=1315.8s remaining=984
    iter=1017 E=-2.1656476264 nfev=1019 t=1317.1s remaining=983
    iter=1018 E=-2.1656483670 nfev=1020 t=1318.3s remaining=982
    iter=1019 E=-2.1656490377 nfev=1021 t=1319.5s remaining=981
    iter=1020 E=-2.1656499120 nfev=1022 t=1320.7s remaining=980
    iter=1021 E=-2.1656510130 nfev=1023 t=1321.9s remaining=979
    iter=1022 E=-2.1656523299 nfev=1024 t=1323.2s remaining=978
    iter=1023 E=-2.1656539751 nfev=1025 t=1324.4s remaining=977
    iter=1024 E=-2.1656560034 nfev=1026 t=1325.6s remaining=976
    iter=1025 E=-2.1656579138 nfev=1027 t=1326.8s remaining=975
    iter=1026 E=-2.1656599175 nfev=1028 t=1328.0s remaining=974
    iter=1027 E=-2.1656616483 nfev=1029 t=1329.2s remaining=973
    iter=1028 E=-2.1656626865 nfev=1030 t=1330.4s remaining=972
    iter=1029 E=-2.1656632691 nfev=1031 t=1331.6s remaining=971
    iter=1030 E=-2.1656637110 nfev=1032 t=1332.8s remaining=970
    iter=1031 E=-2.1656641782 nfev=1033 t=1334.0s remaining=969
    iter=1032 E=-2.1656646922 nfev=1034 t=1335.2s remaining=968
    iter=1033 E=-2.1656654868 nfev=1035 t=1336.4s remaining=967
    iter=1034 E=-2.1656666135 nfev=1036 t=1337.6s remaining=966
    iter=1035 E=-2.1656678647 nfev=1037 t=1338.8s remaining=965
    iter=1036 E=-2.1656690212 nfev=1038 t=1340.0s remaining=964
    iter=1037 E=-2.1656704685 nfev=1039 t=1341.2s remaining=963
    iter=1038 E=-2.1656719182 nfev=1040 t=1342.4s remaining=962
    iter=1039 E=-2.1656732070 nfev=1041 t=1343.6s remaining=961
    iter=1040 E=-2.1656745649 nfev=1042 t=1344.8s remaining=960
    iter=1041 E=-2.1656759505 nfev=1043 t=1346.0s remaining=959
    iter=1042 E=-2.1656770557 nfev=1044 t=1347.2s remaining=958
    iter=1043 E=-2.1656778307 nfev=1045 t=1348.6s remaining=957
    iter=1044 E=-2.1656784121 nfev=1046 t=1349.8s remaining=956
    iter=1045 E=-2.1656788563 nfev=1047 t=1351.0s remaining=955
    iter=1046 E=-2.1656793080 nfev=1048 t=1352.3s remaining=954
    iter=1047 E=-2.1656799720 nfev=1049 t=1353.5s remaining=953
    iter=1048 E=-2.1656807992 nfev=1050 t=1354.7s remaining=952
    iter=1049 E=-2.1656816726 nfev=1051 t=1356.0s remaining=951
    iter=1050 E=-2.1656829209 nfev=1052 t=1357.2s remaining=950
    iter=1051 E=-2.1656846932 nfev=1053 t=1358.4s remaining=949
    iter=1052 E=-2.1656864869 nfev=1054 t=1359.7s remaining=948
    iter=1053 E=-2.1656879314 nfev=1055 t=1361.0s remaining=947
    iter=1054 E=-2.1656894460 nfev=1056 t=1362.2s remaining=946
    iter=1055 E=-2.1656906906 nfev=1057 t=1363.4s remaining=945
    iter=1056 E=-2.1656914356 nfev=1058 t=1364.7s remaining=944
    iter=1057 E=-2.1656921052 nfev=1059 t=1366.0s remaining=943
    iter=1058 E=-2.1656926310 nfev=1060 t=1367.3s remaining=942
    iter=1059 E=-2.1656930799 nfev=1061 t=1368.5s remaining=941
    iter=1060 E=-2.1656935715 nfev=1062 t=1369.9s remaining=940
    iter=1061 E=-2.1656941256 nfev=1063 t=1371.5s remaining=939
    iter=1062 E=-2.1656947279 nfev=1064 t=1372.8s remaining=938
    iter=1063 E=-2.1656955517 nfev=1065 t=1374.0s remaining=937
    iter=1064 E=-2.1656965340 nfev=1066 t=1375.2s remaining=936
    iter=1065 E=-2.1656980014 nfev=1067 t=1376.4s remaining=935
    iter=1066 E=-2.1656999824 nfev=1068 t=1377.6s remaining=934
    iter=1067 E=-2.1657013569 nfev=1069 t=1378.9s remaining=933
    iter=1068 E=-2.1657025541 nfev=1070 t=1380.1s remaining=932
    iter=1069 E=-2.1657035786 nfev=1071 t=1381.3s remaining=931
    iter=1070 E=-2.1657044789 nfev=1072 t=1382.6s remaining=930
    iter=1071 E=-2.1657048934 nfev=1073 t=1383.8s remaining=929
    iter=1072 E=-2.1657052914 nfev=1074 t=1385.0s remaining=928
    iter=1073 E=-2.1657056029 nfev=1075 t=1386.2s remaining=927
    iter=1074 E=-2.1657058716 nfev=1076 t=1387.5s remaining=926
    iter=1075 E=-2.1657061870 nfev=1077 t=1388.7s remaining=925
    iter=1076 E=-2.1657065817 nfev=1078 t=1389.9s remaining=924
    iter=1077 E=-2.1657070425 nfev=1079 t=1391.1s remaining=923
    iter=1078 E=-2.1657076913 nfev=1080 t=1392.3s remaining=922
    iter=1079 E=-2.1657085459 nfev=1081 t=1393.6s remaining=921
    iter=1080 E=-2.1657093765 nfev=1082 t=1394.8s remaining=920
    iter=1081 E=-2.1657102678 nfev=1083 t=1396.0s remaining=919
    iter=1082 E=-2.1657112380 nfev=1084 t=1397.4s remaining=918
    iter=1083 E=-2.1657120165 nfev=1085 t=1398.8s remaining=917
    iter=1084 E=-2.1657126825 nfev=1086 t=1400.1s remaining=916
    iter=1085 E=-2.1657133519 nfev=1087 t=1401.3s remaining=915
    iter=1086 E=-2.1657139843 nfev=1088 t=1402.6s remaining=914
    iter=1087 E=-2.1657144899 nfev=1089 t=1403.9s remaining=913
    iter=1088 E=-2.1657149191 nfev=1090 t=1405.1s remaining=912
    iter=1089 E=-2.1657152200 nfev=1091 t=1406.3s remaining=911
    iter=1090 E=-2.1657155348 nfev=1092 t=1407.6s remaining=910
    iter=1091 E=-2.1657159073 nfev=1093 t=1408.9s remaining=909
    iter=1092 E=-2.1657162884 nfev=1094 t=1410.1s remaining=908
    iter=1093 E=-2.1657167452 nfev=1095 t=1411.3s remaining=907
    iter=1094 E=-2.1657172527 nfev=1096 t=1412.5s remaining=906
    iter=1095 E=-2.1657177210 nfev=1097 t=1413.8s remaining=905
    iter=1096 E=-2.1657182582 nfev=1098 t=1415.1s remaining=904
    iter=1097 E=-2.1657188562 nfev=1099 t=1416.3s remaining=903
    iter=1098 E=-2.1657196037 nfev=1100 t=1417.5s remaining=902
    iter=1099 E=-2.1657205775 nfev=1101 t=1418.7s remaining=901
    iter=1100 E=-2.1657217692 nfev=1102 t=1419.9s remaining=900
    iter=1101 E=-2.1657228885 nfev=1103 t=1421.2s remaining=899
    iter=1102 E=-2.1657238253 nfev=1104 t=1422.4s remaining=898
    iter=1103 E=-2.1657245546 nfev=1105 t=1423.7s remaining=897
    iter=1104 E=-2.1657251590 nfev=1106 t=1425.4s remaining=896
    iter=1105 E=-2.1657255891 nfev=1107 t=1426.6s remaining=895
    iter=1106 E=-2.1657259079 nfev=1108 t=1427.9s remaining=894
    iter=1107 E=-2.1657260997 nfev=1109 t=1429.3s remaining=893
    iter=1108 E=-2.1657262758 nfev=1110 t=1430.5s remaining=892
    iter=1109 E=-2.1657265083 nfev=1111 t=1431.7s remaining=891
    iter=1110 E=-2.1657268217 nfev=1112 t=1432.9s remaining=890
    iter=1111 E=-2.1657272890 nfev=1113 t=1434.3s remaining=889
    iter=1112 E=-2.1657280000 nfev=1114 t=1436.0s remaining=888
    iter=1113 E=-2.1657288949 nfev=1115 t=1437.3s remaining=887
    iter=1114 E=-2.1657296332 nfev=1116 t=1438.5s remaining=886
    iter=1115 E=-2.1657302137 nfev=1117 t=1439.7s remaining=885
    iter=1116 E=-2.1657306304 nfev=1118 t=1441.3s remaining=884
    iter=1117 E=-2.1657309362 nfev=1119 t=1443.0s remaining=883
    iter=1118 E=-2.1657311750 nfev=1120 t=1444.6s remaining=882
    iter=1119 E=-2.1657313824 nfev=1121 t=1446.2s remaining=881
    iter=1120 E=-2.1657315812 nfev=1122 t=1447.7s remaining=880
    iter=1121 E=-2.1657317786 nfev=1123 t=1448.9s remaining=879
    iter=1122 E=-2.1657320352 nfev=1124 t=1450.1s remaining=878
    iter=1123 E=-2.1657323935 nfev=1125 t=1451.3s remaining=877
    iter=1124 E=-2.1657329141 nfev=1126 t=1452.5s remaining=876
    iter=1125 E=-2.1657336856 nfev=1127 t=1453.7s remaining=875
    iter=1126 E=-2.1657347432 nfev=1128 t=1455.0s remaining=874
    iter=1127 E=-2.1657359680 nfev=1129 t=1456.2s remaining=873
    iter=1128 E=-2.1657371050 nfev=1130 t=1457.5s remaining=872
    iter=1129 E=-2.1657379196 nfev=1131 t=1458.7s remaining=871
    iter=1130 E=-2.1657384598 nfev=1132 t=1459.9s remaining=870
    iter=1131 E=-2.1657388337 nfev=1133 t=1461.2s remaining=869
    iter=1132 E=-2.1657391765 nfev=1134 t=1462.5s remaining=868
    iter=1133 E=-2.1657395358 nfev=1135 t=1463.8s remaining=867
    iter=1134 E=-2.1657398828 nfev=1136 t=1465.2s remaining=866
    iter=1135 E=-2.1657402148 nfev=1137 t=1466.4s remaining=865
    iter=1136 E=-2.1657406051 nfev=1138 t=1467.6s remaining=864
    iter=1137 E=-2.1657410817 nfev=1139 t=1468.8s remaining=863
    iter=1138 E=-2.1657417142 nfev=1140 t=1470.2s remaining=862
    iter=1139 E=-2.1657425646 nfev=1141 t=1471.5s remaining=861
    iter=1140 E=-2.1657435976 nfev=1142 t=1472.7s remaining=860
    iter=1141 E=-2.1657445776 nfev=1143 t=1473.9s remaining=859
    iter=1142 E=-2.1657453424 nfev=1144 t=1475.2s remaining=858
    iter=1143 E=-2.1657458754 nfev=1145 t=1476.4s remaining=857
    iter=1144 E=-2.1657462742 nfev=1146 t=1477.8s remaining=856
    iter=1145 E=-2.1657466200 nfev=1147 t=1479.0s remaining=855
    iter=1146 E=-2.1657469426 nfev=1148 t=1480.4s remaining=854
    iter=1147 E=-2.1657472115 nfev=1149 t=1481.6s remaining=853
    iter=1148 E=-2.1657475290 nfev=1150 t=1482.9s remaining=852
    iter=1149 E=-2.1657479080 nfev=1151 t=1484.2s remaining=851
    iter=1150 E=-2.1657483084 nfev=1152 t=1485.5s remaining=850
    iter=1151 E=-2.1657487259 nfev=1153 t=1486.9s remaining=849
    iter=1152 E=-2.1657492090 nfev=1154 t=1488.5s remaining=848
    iter=1153 E=-2.1657498564 nfev=1155 t=1490.1s remaining=847
    iter=1154 E=-2.1657506496 nfev=1156 t=1491.8s remaining=846
    iter=1155 E=-2.1657518163 nfev=1157 t=1493.4s remaining=845
    iter=1156 E=-2.1657532810 nfev=1158 t=1495.1s remaining=844
    iter=1157 E=-2.1657543914 nfev=1159 t=1496.7s remaining=843
    iter=1158 E=-2.1657551852 nfev=1160 t=1498.3s remaining=842
    iter=1159 E=-2.1657557579 nfev=1161 t=1499.9s remaining=841
    iter=1160 E=-2.1657562280 nfev=1162 t=1501.2s remaining=840
    iter=1161 E=-2.1657566183 nfev=1163 t=1502.5s remaining=839
    iter=1162 E=-2.1657570117 nfev=1164 t=1503.7s remaining=838
    iter=1163 E=-2.1657573569 nfev=1165 t=1505.0s remaining=837
    iter=1164 E=-2.1657577777 nfev=1166 t=1506.2s remaining=836
    iter=1165 E=-2.1657583410 nfev=1167 t=1507.5s remaining=835
    iter=1166 E=-2.1657590980 nfev=1168 t=1508.7s remaining=834
    iter=1167 E=-2.1657600202 nfev=1169 t=1510.0s remaining=833
    iter=1168 E=-2.1657611121 nfev=1170 t=1511.2s remaining=832
    iter=1169 E=-2.1657621594 nfev=1171 t=1512.4s remaining=831
    iter=1170 E=-2.1657629399 nfev=1172 t=1513.6s remaining=830
    iter=1171 E=-2.1657635739 nfev=1173 t=1514.9s remaining=829
    iter=1172 E=-2.1657640902 nfev=1174 t=1516.1s remaining=828
    iter=1173 E=-2.1657644739 nfev=1175 t=1517.4s remaining=827
    iter=1174 E=-2.1657648009 nfev=1176 t=1518.6s remaining=826
    iter=1175 E=-2.1657651127 nfev=1177 t=1519.9s remaining=825
    iter=1176 E=-2.1657654673 nfev=1178 t=1521.1s remaining=824
    iter=1177 E=-2.1657658254 nfev=1179 t=1522.4s remaining=823
    iter=1178 E=-2.1657661486 nfev=1180 t=1523.6s remaining=822
    iter=1179 E=-2.1657664445 nfev=1181 t=1524.8s remaining=821
    iter=1180 E=-2.1657667708 nfev=1182 t=1526.1s remaining=820
    iter=1181 E=-2.1657672033 nfev=1183 t=1527.3s remaining=819
    iter=1182 E=-2.1657677878 nfev=1184 t=1528.5s remaining=818
    iter=1183 E=-2.1657685996 nfev=1185 t=1529.8s remaining=817
    iter=1184 E=-2.1657696198 nfev=1186 t=1531.2s remaining=816
    iter=1185 E=-2.1657707736 nfev=1187 t=1532.8s remaining=815
    iter=1186 E=-2.1657717469 nfev=1188 t=1534.4s remaining=814
    iter=1187 E=-2.1657722770 nfev=1189 t=1536.1s remaining=813
    iter=1188 E=-2.1657726252 nfev=1190 t=1537.7s remaining=812
    iter=1189 E=-2.1657729112 nfev=1191 t=1539.3s remaining=811
    iter=1190 E=-2.1657731099 nfev=1192 t=1540.9s remaining=810
    iter=1191 E=-2.1657732861 nfev=1193 t=1542.5s remaining=809
    iter=1192 E=-2.1657734693 nfev=1194 t=1544.1s remaining=808
    iter=1193 E=-2.1657736974 nfev=1195 t=1545.7s remaining=807
    iter=1194 E=-2.1657740308 nfev=1196 t=1547.3s remaining=806
    iter=1195 E=-2.1657743784 nfev=1197 t=1549.0s remaining=805
    iter=1196 E=-2.1657747014 nfev=1198 t=1550.5s remaining=804
    iter=1197 E=-2.1657750721 nfev=1199 t=1552.2s remaining=803
    iter=1198 E=-2.1657755283 nfev=1200 t=1553.8s remaining=802
    iter=1199 E=-2.1657761467 nfev=1201 t=1555.4s remaining=801
    iter=1200 E=-2.1657769296 nfev=1202 t=1556.7s remaining=800
    iter=1201 E=-2.1657778224 nfev=1203 t=1558.0s remaining=799
    iter=1202 E=-2.1657786442 nfev=1204 t=1559.2s remaining=798
    iter=1203 E=-2.1657794119 nfev=1205 t=1560.4s remaining=797
    iter=1204 E=-2.1657800282 nfev=1206 t=1562.0s remaining=796
    iter=1205 E=-2.1657804374 nfev=1207 t=1563.4s remaining=795
    iter=1206 E=-2.1657807184 nfev=1208 t=1564.6s remaining=794
    iter=1207 E=-2.1657809636 nfev=1209 t=1565.9s remaining=793
    iter=1208 E=-2.1657812030 nfev=1210 t=1567.1s remaining=792
    iter=1209 E=-2.1657814867 nfev=1211 t=1568.3s remaining=791
    iter=1210 E=-2.1657818506 nfev=1212 t=1569.6s remaining=790
    iter=1211 E=-2.1657822103 nfev=1213 t=1570.8s remaining=789
    iter=1212 E=-2.1657826336 nfev=1214 t=1572.1s remaining=788
    iter=1213 E=-2.1657832060 nfev=1215 t=1573.3s remaining=787
    iter=1214 E=-2.1657838654 nfev=1216 t=1574.5s remaining=786
    iter=1215 E=-2.1657845951 nfev=1217 t=1575.7s remaining=785
    iter=1216 E=-2.1657853766 nfev=1218 t=1577.0s remaining=784
    iter=1217 E=-2.1657859824 nfev=1219 t=1578.3s remaining=783
    iter=1218 E=-2.1657865604 nfev=1220 t=1579.5s remaining=782
    iter=1219 E=-2.1657871624 nfev=1221 t=1580.9s remaining=781
    iter=1220 E=-2.1657876310 nfev=1222 t=1582.2s remaining=780
    iter=1221 E=-2.1657880881 nfev=1223 t=1583.4s remaining=779
    iter=1222 E=-2.1657884832 nfev=1224 t=1584.7s remaining=778
    iter=1223 E=-2.1657888042 nfev=1225 t=1585.9s remaining=777
    iter=1224 E=-2.1657889641 nfev=1226 t=1587.1s remaining=776
    iter=1225 E=-2.1657891286 nfev=1227 t=1588.4s remaining=775
    iter=1226 E=-2.1657893141 nfev=1228 t=1589.7s remaining=774
    iter=1227 E=-2.1657895272 nfev=1229 t=1591.0s remaining=773
    iter=1228 E=-2.1657898414 nfev=1230 t=1592.2s remaining=772
    iter=1229 E=-2.1657902951 nfev=1231 t=1593.4s remaining=771
    iter=1230 E=-2.1657908956 nfev=1232 t=1594.7s remaining=770
    iter=1231 E=-2.1657915952 nfev=1233 t=1596.1s remaining=769
    iter=1232 E=-2.1657923895 nfev=1234 t=1597.7s remaining=768
    iter=1233 E=-2.1657933207 nfev=1235 t=1599.3s remaining=767
    iter=1234 E=-2.1657941304 nfev=1236 t=1600.8s remaining=766
    iter=1235 E=-2.1657947721 nfev=1237 t=1602.3s remaining=765
    iter=1236 E=-2.1657952149 nfev=1238 t=1603.6s remaining=764
    iter=1237 E=-2.1657954971 nfev=1239 t=1604.9s remaining=763
    iter=1238 E=-2.1657957163 nfev=1240 t=1606.2s remaining=762
    iter=1239 E=-2.1657959346 nfev=1241 t=1607.5s remaining=761
    iter=1240 E=-2.1657961784 nfev=1242 t=1608.7s remaining=760
    iter=1241 E=-2.1657964111 nfev=1243 t=1609.9s remaining=759
    iter=1242 E=-2.1657966784 nfev=1244 t=1611.2s remaining=758
    iter=1243 E=-2.1657970231 nfev=1245 t=1612.8s remaining=757
    iter=1244 E=-2.1657974635 nfev=1246 t=1614.4s remaining=756
    iter=1245 E=-2.1657980318 nfev=1247 t=1616.0s remaining=755
    iter=1246 E=-2.1657987489 nfev=1248 t=1617.6s remaining=754
    iter=1247 E=-2.1657994316 nfev=1249 t=1619.3s remaining=753
    iter=1248 E=-2.1657999084 nfev=1250 t=1620.9s remaining=752
    iter=1249 E=-2.1658002472 nfev=1251 t=1622.5s remaining=751
    iter=1250 E=-2.1658005129 nfev=1252 t=1624.1s remaining=750
    iter=1251 E=-2.1658007445 nfev=1253 t=1625.4s remaining=749
    iter=1252 E=-2.1658009615 nfev=1254 t=1626.7s remaining=748
    iter=1253 E=-2.1658011541 nfev=1255 t=1628.0s remaining=747
    iter=1254 E=-2.1658013309 nfev=1256 t=1629.3s remaining=746
    iter=1255 E=-2.1658015800 nfev=1257 t=1630.6s remaining=745
    iter=1256 E=-2.1658019139 nfev=1258 t=1631.8s remaining=744
    iter=1257 E=-2.1658023163 nfev=1259 t=1633.1s remaining=743
    iter=1258 E=-2.1658027106 nfev=1260 t=1634.3s remaining=742
    iter=1259 E=-2.1658030997 nfev=1261 t=1635.5s remaining=741
    iter=1260 E=-2.1658034481 nfev=1262 t=1636.7s remaining=740
    iter=1261 E=-2.1658038235 nfev=1263 t=1637.9s remaining=739
    iter=1262 E=-2.1658042329 nfev=1264 t=1639.1s remaining=738
    iter=1263 E=-2.1658046063 nfev=1265 t=1640.4s remaining=737
    iter=1264 E=-2.1658050163 nfev=1266 t=1641.7s remaining=736
    iter=1265 E=-2.1658054238 nfev=1267 t=1642.9s remaining=735
    iter=1266 E=-2.1658058063 nfev=1268 t=1644.2s remaining=734
    iter=1267 E=-2.1658061021 nfev=1269 t=1645.4s remaining=733
    iter=1268 E=-2.1658063820 nfev=1270 t=1646.6s remaining=732
    iter=1269 E=-2.1658066448 nfev=1271 t=1647.8s remaining=731
    iter=1270 E=-2.1658068414 nfev=1272 t=1649.0s remaining=730
    iter=1271 E=-2.1658070244 nfev=1273 t=1650.2s remaining=729
    iter=1272 E=-2.1658072069 nfev=1274 t=1651.5s remaining=728
    iter=1273 E=-2.1658073986 nfev=1275 t=1652.7s remaining=727
    iter=1274 E=-2.1658076326 nfev=1276 t=1653.9s remaining=726
    iter=1275 E=-2.1658079288 nfev=1277 t=1655.2s remaining=725
    iter=1276 E=-2.1658082588 nfev=1278 t=1656.4s remaining=724
    iter=1277 E=-2.1658086921 nfev=1279 t=1657.6s remaining=723
    iter=1278 E=-2.1658092754 nfev=1280 t=1658.8s remaining=722
    iter=1279 E=-2.1658098892 nfev=1281 t=1660.1s remaining=721
    iter=1280 E=-2.1658105781 nfev=1282 t=1661.3s remaining=720
    iter=1281 E=-2.1658112937 nfev=1283 t=1662.5s remaining=719
    iter=1282 E=-2.1658118738 nfev=1284 t=1663.8s remaining=718
    iter=1283 E=-2.1658123139 nfev=1285 t=1665.0s remaining=717
    iter=1284 E=-2.1658126208 nfev=1286 t=1666.2s remaining=716
    iter=1285 E=-2.1658128285 nfev=1287 t=1667.5s remaining=715
    iter=1286 E=-2.1658130255 nfev=1288 t=1668.7s remaining=714
    iter=1287 E=-2.1658132312 nfev=1289 t=1670.1s remaining=713
    iter=1288 E=-2.1658133790 nfev=1290 t=1671.4s remaining=712
    iter=1289 E=-2.1658135604 nfev=1291 t=1672.7s remaining=711
    iter=1290 E=-2.1658137465 nfev=1292 t=1673.9s remaining=710
    iter=1291 E=-2.1658139689 nfev=1293 t=1675.1s remaining=709
    iter=1292 E=-2.1658142883 nfev=1294 t=1676.4s remaining=708
    iter=1293 E=-2.1658147564 nfev=1295 t=1677.6s remaining=707
    iter=1294 E=-2.1658154367 nfev=1296 t=1678.9s remaining=706
    iter=1295 E=-2.1658163003 nfev=1297 t=1680.1s remaining=705
    iter=1296 E=-2.1658169662 nfev=1298 t=1681.3s remaining=704
    iter=1297 E=-2.1658175445 nfev=1299 t=1682.5s remaining=703
    iter=1298 E=-2.1658179906 nfev=1300 t=1683.8s remaining=702
    iter=1299 E=-2.1658182791 nfev=1301 t=1685.1s remaining=701
    iter=1300 E=-2.1658184467 nfev=1302 t=1686.4s remaining=700
    iter=1301 E=-2.1658186020 nfev=1303 t=1687.6s remaining=699
    iter=1302 E=-2.1658187421 nfev=1304 t=1688.9s remaining=698
    iter=1303 E=-2.1658188741 nfev=1305 t=1690.4s remaining=697
    iter=1304 E=-2.1658190486 nfev=1306 t=1691.7s remaining=696
    iter=1305 E=-2.1658192568 nfev=1307 t=1692.9s remaining=695
    iter=1306 E=-2.1658195434 nfev=1308 t=1694.3s remaining=694
    iter=1307 E=-2.1658199764 nfev=1309 t=1695.9s remaining=693
    iter=1308 E=-2.1658205876 nfev=1310 t=1697.5s remaining=692
    iter=1309 E=-2.1658213228 nfev=1311 t=1699.1s remaining=691
    iter=1310 E=-2.1658220266 nfev=1312 t=1700.7s remaining=690
    iter=1311 E=-2.1658226294 nfev=1313 t=1702.3s remaining=689
    iter=1312 E=-2.1658230017 nfev=1314 t=1703.9s remaining=688
    iter=1313 E=-2.1658232737 nfev=1315 t=1705.6s remaining=687
    iter=1314 E=-2.1658234811 nfev=1316 t=1707.1s remaining=686
    iter=1315 E=-2.1658236491 nfev=1317 t=1708.4s remaining=685
    iter=1316 E=-2.1658237536 nfev=1318 t=1709.6s remaining=684
    iter=1317 E=-2.1658238571 nfev=1319 t=1710.8s remaining=683
    iter=1318 E=-2.1658239789 nfev=1320 t=1711.9s remaining=682
    iter=1319 E=-2.1658241503 nfev=1321 t=1713.2s remaining=681
    iter=1320 E=-2.1658244107 nfev=1322 t=1714.6s remaining=680
    iter=1321 E=-2.1658247909 nfev=1323 t=1716.3s remaining=679
    iter=1322 E=-2.1658253010 nfev=1324 t=1717.9s remaining=678
    iter=1323 E=-2.1658258359 nfev=1325 t=1719.4s remaining=677
    iter=1324 E=-2.1658264305 nfev=1326 t=1720.6s remaining=676
    iter=1325 E=-2.1658269314 nfev=1327 t=1721.8s remaining=675
    iter=1326 E=-2.1658273058 nfev=1328 t=1723.0s remaining=674
    iter=1327 E=-2.1658275670 nfev=1329 t=1724.2s remaining=673
    iter=1328 E=-2.1658277454 nfev=1330 t=1725.4s remaining=672
    iter=1329 E=-2.1658278694 nfev=1331 t=1726.6s remaining=671
    iter=1330 E=-2.1658279896 nfev=1332 t=1727.8s remaining=670
    iter=1331 E=-2.1658280937 nfev=1333 t=1729.0s remaining=669
    iter=1332 E=-2.1658282038 nfev=1334 t=1730.3s remaining=668
    iter=1333 E=-2.1658283656 nfev=1335 t=1731.4s remaining=667
    iter=1334 E=-2.1658286008 nfev=1336 t=1732.7s remaining=666
    iter=1335 E=-2.1658289323 nfev=1337 t=1733.9s remaining=665
    iter=1336 E=-2.1658293598 nfev=1338 t=1735.1s remaining=664
    iter=1337 E=-2.1658298996 nfev=1339 t=1736.3s remaining=663
    iter=1338 E=-2.1658305061 nfev=1340 t=1737.6s remaining=662
    iter=1339 E=-2.1658310054 nfev=1341 t=1738.8s remaining=661
    iter=1340 E=-2.1658313157 nfev=1342 t=1740.4s remaining=660
    iter=1341 E=-2.1658315281 nfev=1343 t=1741.9s remaining=659
    iter=1342 E=-2.1658316640 nfev=1344 t=1743.2s remaining=658
    iter=1343 E=-2.1658317709 nfev=1345 t=1744.4s remaining=657
    iter=1344 E=-2.1658318729 nfev=1346 t=1745.8s remaining=656
    iter=1345 E=-2.1658319874 nfev=1347 t=1747.0s remaining=655
    iter=1346 E=-2.1658321059 nfev=1348 t=1748.2s remaining=654
    iter=1347 E=-2.1658322538 nfev=1349 t=1749.7s remaining=653
    iter=1348 E=-2.1658324417 nfev=1350 t=1751.3s remaining=652
    iter=1349 E=-2.1658327022 nfev=1351 t=1752.7s remaining=651
    iter=1350 E=-2.1658330599 nfev=1352 t=1754.3s remaining=650
    iter=1351 E=-2.1658335755 nfev=1353 t=1755.8s remaining=649
    iter=1352 E=-2.1658341518 nfev=1354 t=1757.0s remaining=648
    iter=1353 E=-2.1658345784 nfev=1355 t=1758.2s remaining=647
    iter=1354 E=-2.1658348322 nfev=1356 t=1759.5s remaining=646
    iter=1355 E=-2.1658349657 nfev=1357 t=1760.7s remaining=645
    iter=1356 E=-2.1658350346 nfev=1358 t=1761.9s remaining=644
    iter=1357 E=-2.1658350982 nfev=1359 t=1763.1s remaining=643
    iter=1358 E=-2.1658351749 nfev=1360 t=1764.4s remaining=642
    iter=1359 E=-2.1658352666 nfev=1361 t=1765.6s remaining=641
    iter=1360 E=-2.1658354100 nfev=1362 t=1766.8s remaining=640
    iter=1361 E=-2.1658356393 nfev=1363 t=1768.0s remaining=639
    iter=1362 E=-2.1658359832 nfev=1364 t=1769.3s remaining=638
    iter=1363 E=-2.1658364333 nfev=1365 t=1770.5s remaining=637
    iter=1364 E=-2.1658367704 nfev=1366 t=1772.0s remaining=636
    iter=1365 E=-2.1658370528 nfev=1367 t=1773.3s remaining=635
    iter=1366 E=-2.1658372183 nfev=1368 t=1774.7s remaining=634
    iter=1367 E=-2.1658373460 nfev=1369 t=1776.0s remaining=633
    iter=1368 E=-2.1658374492 nfev=1370 t=1777.2s remaining=632
    iter=1369 E=-2.1658375078 nfev=1371 t=1778.8s remaining=631
    iter=1370 E=-2.1658375456 nfev=1372 t=1780.0s remaining=630
    iter=1371 E=-2.1658375902 nfev=1373 t=1781.3s remaining=629
    iter=1372 E=-2.1658376553 nfev=1374 t=1782.5s remaining=628
    iter=1373 E=-2.1658377543 nfev=1375 t=1783.8s remaining=627
    iter=1374 E=-2.1658379023 nfev=1376 t=1785.0s remaining=626
    iter=1375 E=-2.1658381182 nfev=1377 t=1786.3s remaining=625
    iter=1376 E=-2.1658384140 nfev=1378 t=1787.7s remaining=624
    iter=1377 E=-2.1658388211 nfev=1379 t=1789.0s remaining=623
    iter=1378 E=-2.1658393062 nfev=1380 t=1790.2s remaining=622
    iter=1379 E=-2.1658398001 nfev=1381 t=1791.4s remaining=621
    iter=1380 E=-2.1658401716 nfev=1382 t=1792.6s remaining=620
    iter=1381 E=-2.1658404522 nfev=1383 t=1793.8s remaining=619
    iter=1382 E=-2.1658406243 nfev=1384 t=1795.2s remaining=618
    iter=1383 E=-2.1658407079 nfev=1385 t=1796.9s remaining=617
    iter=1384 E=-2.1658407590 nfev=1386 t=1798.6s remaining=616
    iter=1385 E=-2.1658408181 nfev=1387 t=1800.2s remaining=615
    iter=1386 E=-2.1658408942 nfev=1388 t=1801.8s remaining=614
    iter=1387 E=-2.1658409816 nfev=1389 t=1803.4s remaining=613
    iter=1388 E=-2.1658411010 nfev=1390 t=1805.1s remaining=612
    iter=1389 E=-2.1658412706 nfev=1391 t=1806.8s remaining=611
    iter=1390 E=-2.1658415020 nfev=1392 t=1808.5s remaining=610
    iter=1391 E=-2.1658417805 nfev=1393 t=1810.1s remaining=609
    iter=1392 E=-2.1658421584 nfev=1394 t=1811.7s remaining=608
    iter=1393 E=-2.1658426260 nfev=1395 t=1813.1s remaining=607
    iter=1394 E=-2.1658430389 nfev=1396 t=1814.3s remaining=606
    iter=1395 E=-2.1658432559 nfev=1397 t=1815.6s remaining=605
    iter=1396 E=-2.1658433519 nfev=1398 t=1816.8s remaining=604
    iter=1397 E=-2.1658433997 nfev=1399 t=1818.1s remaining=603
    iter=1398 E=-2.1658434433 nfev=1400 t=1819.3s remaining=602
    iter=1399 E=-2.1658434903 nfev=1401 t=1820.6s remaining=601
    iter=1400 E=-2.1658435512 nfev=1402 t=1821.8s remaining=600
    iter=1401 E=-2.1658436267 nfev=1403 t=1823.1s remaining=599
    iter=1402 E=-2.1658437233 nfev=1404 t=1824.3s remaining=598
    iter=1403 E=-2.1658438523 nfev=1405 t=1825.6s remaining=597
    iter=1404 E=-2.1658440364 nfev=1406 t=1826.9s remaining=596
    iter=1405 E=-2.1658442811 nfev=1407 t=1828.2s remaining=595
    iter=1406 E=-2.1658445805 nfev=1408 t=1829.4s remaining=594
    iter=1407 E=-2.1658448654 nfev=1409 t=1830.7s remaining=593
    iter=1408 E=-2.1658451526 nfev=1410 t=1831.9s remaining=592
    iter=1409 E=-2.1658453357 nfev=1411 t=1833.1s remaining=591
    iter=1410 E=-2.1658454520 nfev=1412 t=1834.4s remaining=590
    iter=1411 E=-2.1658455484 nfev=1413 t=1835.7s remaining=589
    iter=1412 E=-2.1658456077 nfev=1414 t=1837.0s remaining=588
    iter=1413 E=-2.1658456745 nfev=1415 t=1838.3s remaining=587
    iter=1414 E=-2.1658457492 nfev=1416 t=1839.5s remaining=586
    iter=1415 E=-2.1658458393 nfev=1417 t=1840.7s remaining=585
    iter=1416 E=-2.1658459587 nfev=1418 t=1842.0s remaining=584
    iter=1417 E=-2.1658461340 nfev=1419 t=1843.2s remaining=583
    iter=1418 E=-2.1658463739 nfev=1420 t=1844.4s remaining=582
    iter=1419 E=-2.1658467003 nfev=1421 t=1845.6s remaining=581
    iter=1420 E=-2.1658471103 nfev=1422 t=1846.8s remaining=580
    iter=1421 E=-2.1658475351 nfev=1423 t=1848.0s remaining=579
    iter=1422 E=-2.1658478178 nfev=1424 t=1849.2s remaining=578
    iter=1423 E=-2.1658479696 nfev=1425 t=1850.5s remaining=577
    iter=1424 E=-2.1658480403 nfev=1426 t=1851.7s remaining=576
    iter=1425 E=-2.1658480983 nfev=1427 t=1853.0s remaining=575
    iter=1426 E=-2.1658481315 nfev=1428 t=1854.5s remaining=574
    iter=1427 E=-2.1658481731 nfev=1429 t=1856.0s remaining=573
    iter=1428 E=-2.1658482306 nfev=1430 t=1857.7s remaining=572
    iter=1429 E=-2.1658483123 nfev=1431 t=1859.4s remaining=571
    iter=1430 E=-2.1658484284 nfev=1432 t=1860.7s remaining=570
    iter=1431 E=-2.1658485877 nfev=1433 t=1861.9s remaining=569
    iter=1432 E=-2.1658487890 nfev=1434 t=1863.1s remaining=568
    iter=1433 E=-2.1658490137 nfev=1435 t=1864.4s remaining=567
    iter=1434 E=-2.1658492553 nfev=1436 t=1865.6s remaining=566
    iter=1435 E=-2.1658495265 nfev=1437 t=1866.9s remaining=565
    iter=1436 E=-2.1658498755 nfev=1438 t=1868.1s remaining=564
    iter=1437 E=-2.1658500750 nfev=1439 t=1869.3s remaining=563
    iter=1438 E=-2.1658501929 nfev=1440 t=1870.5s remaining=562
    iter=1439 E=-2.1658503025 nfev=1441 t=1871.7s remaining=561
    iter=1440 E=-2.1658503608 nfev=1442 t=1872.9s remaining=560
    iter=1441 E=-2.1658503879 nfev=1443 t=1874.2s remaining=559
    iter=1442 E=-2.1658504180 nfev=1444 t=1875.5s remaining=558
    iter=1443 E=-2.1658504632 nfev=1445 t=1876.8s remaining=557
    iter=1444 E=-2.1658505306 nfev=1446 t=1878.1s remaining=556
    iter=1445 E=-2.1658506261 nfev=1447 t=1879.3s remaining=555
    iter=1446 E=-2.1658507511 nfev=1448 t=1880.5s remaining=554
    iter=1447 E=-2.1658509385 nfev=1449 t=1881.7s remaining=553
    iter=1448 E=-2.1658511820 nfev=1450 t=1882.9s remaining=552
    iter=1449 E=-2.1658514349 nfev=1451 t=1884.1s remaining=551
    iter=1450 E=-2.1658516742 nfev=1452 t=1885.2s remaining=550
    iter=1451 E=-2.1658518453 nfev=1453 t=1886.4s remaining=549
    iter=1452 E=-2.1658519638 nfev=1454 t=1887.6s remaining=548
    iter=1453 E=-2.1658520344 nfev=1455 t=1888.8s remaining=547
    iter=1454 E=-2.1658520823 nfev=1456 t=1890.0s remaining=546
    iter=1455 E=-2.1658521182 nfev=1457 t=1891.2s remaining=545
    iter=1456 E=-2.1658521442 nfev=1458 t=1892.4s remaining=544
    iter=1457 E=-2.1658521722 nfev=1459 t=1893.6s remaining=543
    iter=1458 E=-2.1658522052 nfev=1460 t=1894.9s remaining=542
    iter=1459 E=-2.1658522495 nfev=1461 t=1896.2s remaining=541
    iter=1460 E=-2.1658523133 nfev=1462 t=1897.5s remaining=540
    iter=1461 E=-2.1658524068 nfev=1463 t=1898.7s remaining=539
    iter=1462 E=-2.1658525470 nfev=1464 t=1899.9s remaining=538
    iter=1463 E=-2.1658527385 nfev=1465 t=1901.2s remaining=537
    iter=1464 E=-2.1658530013 nfev=1466 t=1902.4s remaining=536
    iter=1465 E=-2.1658532890 nfev=1467 t=1903.6s remaining=535
    iter=1466 E=-2.1658536401 nfev=1468 t=1904.9s remaining=534
    iter=1467 E=-2.1658538918 nfev=1469 t=1906.1s remaining=533
    iter=1468 E=-2.1658539679 nfev=1470 t=1907.3s remaining=532
    iter=1469 E=-2.1658539994 nfev=1471 t=1908.6s remaining=531
    iter=1470 E=-2.1658540320 nfev=1472 t=1909.8s remaining=530
    iter=1471 E=-2.1658540498 nfev=1473 t=1911.0s remaining=529
    iter=1472 E=-2.1658540663 nfev=1474 t=1912.4s remaining=528
    iter=1473 E=-2.1658540896 nfev=1475 t=1913.6s remaining=527
    iter=1474 E=-2.1658541256 nfev=1476 t=1914.8s remaining=526
    iter=1475 E=-2.1658541845 nfev=1477 t=1916.1s remaining=525
    iter=1476 E=-2.1658542779 nfev=1478 t=1917.6s remaining=524
    iter=1477 E=-2.1658544199 nfev=1479 t=1918.8s remaining=523
    iter=1478 E=-2.1658546087 nfev=1480 t=1920.0s remaining=522
    iter=1479 E=-2.1658548131 nfev=1481 t=1921.3s remaining=521
    iter=1480 E=-2.1658550476 nfev=1482 t=1922.5s remaining=520
    iter=1481 E=-2.1658553705 nfev=1483 t=1923.7s remaining=519
    iter=1482 E=-2.1658556078 nfev=1484 t=1924.9s remaining=518
    iter=1483 E=-2.1658556730 nfev=1485 t=1926.2s remaining=517
    iter=1484 E=-2.1658557142 nfev=1486 t=1927.5s remaining=516
    iter=1485 E=-2.1658557578 nfev=1487 t=1928.7s remaining=515
    iter=1486 E=-2.1658558055 nfev=1488 t=1929.9s remaining=514
    iter=1487 E=-2.1658558429 nfev=1489 t=1931.1s remaining=513
    iter=1488 E=-2.1658559006 nfev=1490 t=1932.3s remaining=512
    iter=1489 E=-2.1658559945 nfev=1491 t=1933.5s remaining=511
    iter=1490 E=-2.1658561493 nfev=1492 t=1934.7s remaining=510
    iter=1491 E=-2.1658563844 nfev=1493 t=1935.9s remaining=509
    iter=1492 E=-2.1658566668 nfev=1494 t=1937.1s remaining=508
    iter=1493 E=-2.1658570244 nfev=1495 t=1938.4s remaining=507
    iter=1494 E=-2.1658573871 nfev=1496 t=1939.7s remaining=506
    iter=1495 E=-2.1658576344 nfev=1497 t=1940.9s remaining=505
    iter=1496 E=-2.1658577698 nfev=1498 t=1942.2s remaining=504
    iter=1497 E=-2.1658577993 nfev=1499 t=1943.5s remaining=503
    iter=1498 E=-2.1658578378 nfev=1500 t=1944.7s remaining=502
    iter=1499 E=-2.1658578617 nfev=1501 t=1945.8s remaining=501
    iter=1500 E=-2.1658578894 nfev=1502 t=1947.0s remaining=500
    iter=1501 E=-2.1658579178 nfev=1503 t=1948.2s remaining=499
    iter=1502 E=-2.1658579603 nfev=1504 t=1949.4s remaining=498
    iter=1503 E=-2.1658580242 nfev=1505 t=1950.6s remaining=497
    iter=1504 E=-2.1658581193 nfev=1506 t=1951.8s remaining=496
    iter=1505 E=-2.1658582545 nfev=1507 t=1953.0s remaining=495
    iter=1506 E=-2.1658584386 nfev=1508 t=1954.2s remaining=494
    iter=1507 E=-2.1658586621 nfev=1509 t=1955.5s remaining=493
    iter=1508 E=-2.1658588777 nfev=1510 t=1956.8s remaining=492
    iter=1509 E=-2.1658590263 nfev=1511 t=1958.1s remaining=491
    iter=1510 E=-2.1658590911 nfev=1512 t=1959.3s remaining=490
    iter=1511 E=-2.1658591423 nfev=1513 t=1960.6s remaining=489
    iter=1512 E=-2.1658591802 nfev=1514 t=1961.9s remaining=488
    iter=1513 E=-2.1658592170 nfev=1515 t=1963.1s remaining=487
    iter=1514 E=-2.1658592511 nfev=1516 t=1964.3s remaining=486
    iter=1515 E=-2.1658593040 nfev=1517 t=1965.6s remaining=485
    iter=1516 E=-2.1658593916 nfev=1518 t=1966.8s remaining=484
    iter=1517 E=-2.1658595279 nfev=1519 t=1968.1s remaining=483
    iter=1518 E=-2.1658597322 nfev=1520 t=1969.3s remaining=482
    iter=1519 E=-2.1658600007 nfev=1521 t=1970.6s remaining=481
    iter=1520 E=-2.1658603344 nfev=1522 t=1971.8s remaining=480
    iter=1521 E=-2.1658606381 nfev=1523 t=1973.1s remaining=479
    iter=1522 E=-2.1658608209 nfev=1524 t=1974.3s remaining=478
    iter=1523 E=-2.1658608610 nfev=1525 t=1975.6s remaining=477
    iter=1524 E=-2.1658608933 nfev=1526 t=1976.8s remaining=476
    iter=1525 E=-2.1658609107 nfev=1527 t=1978.1s remaining=475
    iter=1526 E=-2.1658609314 nfev=1528 t=1979.4s remaining=474
    iter=1527 E=-2.1658609510 nfev=1529 t=1980.6s remaining=473
    iter=1528 E=-2.1658609790 nfev=1530 t=1981.9s remaining=472
    iter=1529 E=-2.1658610218 nfev=1531 t=1983.1s remaining=471
    iter=1530 E=-2.1658610892 nfev=1532 t=1984.4s remaining=470
    iter=1531 E=-2.1658611933 nfev=1533 t=1985.7s remaining=469
    iter=1532 E=-2.1658613444 nfev=1534 t=1986.9s remaining=468
    iter=1533 E=-2.1658615333 nfev=1535 t=1988.2s remaining=467
    iter=1534 E=-2.1658617032 nfev=1536 t=1989.4s remaining=466
    iter=1535 E=-2.1658618549 nfev=1537 t=1990.6s remaining=465
    iter=1536 E=-2.1658619959 nfev=1538 t=1991.9s remaining=464
    iter=1537 E=-2.1658620737 nfev=1539 t=1993.2s remaining=463
    iter=1538 E=-2.1658621256 nfev=1540 t=1994.4s remaining=462
    iter=1539 E=-2.1658621740 nfev=1541 t=1995.6s remaining=461
    iter=1540 E=-2.1658622037 nfev=1542 t=1996.9s remaining=460
    iter=1541 E=-2.1658622231 nfev=1543 t=1998.2s remaining=459
    iter=1542 E=-2.1658622466 nfev=1544 t=1999.4s remaining=458
    iter=1543 E=-2.1658622816 nfev=1545 t=2000.7s remaining=457
    iter=1544 E=-2.1658623362 nfev=1546 t=2001.9s remaining=456
    iter=1545 E=-2.1658624201 nfev=1547 t=2003.2s remaining=455
    iter=1546 E=-2.1658625424 nfev=1548 t=2004.4s remaining=454
    iter=1547 E=-2.1658627079 nfev=1549 t=2005.7s remaining=453
    iter=1548 E=-2.1658629051 nfev=1550 t=2006.9s remaining=452
    iter=1549 E=-2.1658631018 nfev=1551 t=2008.2s remaining=451
    iter=1550 E=-2.1658632318 nfev=1552 t=2009.5s remaining=450
    iter=1551 E=-2.1658633070 nfev=1553 t=2010.7s remaining=449
    iter=1552 E=-2.1658633348 nfev=1554 t=2012.0s remaining=448
    iter=1553 E=-2.1658633556 nfev=1555 t=2013.2s remaining=447
    iter=1554 E=-2.1658633778 nfev=1556 t=2014.5s remaining=446
    iter=1555 E=-2.1658634017 nfev=1557 t=2015.7s remaining=445
    iter=1556 E=-2.1658634200 nfev=1558 t=2016.9s remaining=444
    iter=1557 E=-2.1658634475 nfev=1559 t=2018.2s remaining=443
    iter=1558 E=-2.1658634908 nfev=1560 t=2019.5s remaining=442
    iter=1559 E=-2.1658635618 nfev=1561 t=2020.7s remaining=441
    iter=1560 E=-2.1658636739 nfev=1562 t=2022.1s remaining=440
    iter=1561 E=-2.1658638355 nfev=1563 t=2023.4s remaining=439
    iter=1562 E=-2.1658639971 nfev=1564 t=2024.6s remaining=438
    iter=1563 E=-2.1658640834 nfev=1565 t=2025.8s remaining=437
    iter=1564 E=-2.1658641840 nfev=1566 t=2027.1s remaining=436
    iter=1565 E=-2.1658642326 nfev=1567 t=2028.3s remaining=435
    iter=1566 E=-2.1658642505 nfev=1568 t=2029.5s remaining=434
    iter=1567 E=-2.1658642634 nfev=1569 t=2030.7s remaining=433
    iter=1568 E=-2.1658642719 nfev=1570 t=2032.0s remaining=432
    iter=1569 E=-2.1658642788 nfev=1571 t=2033.2s remaining=431
    iter=1570 E=-2.1658642860 nfev=1572 t=2034.4s remaining=430
    iter=1571 E=-2.1658643155 nfev=1574 t=2036.9s remaining=429
    iter=1572 E=-2.1658643412 nfev=1575 t=2038.1s remaining=428
    iter=1573 E=-2.1658643700 nfev=1576 t=2039.3s remaining=427
    iter=1574 E=-2.1658644073 nfev=1577 t=2040.5s remaining=426
    iter=1575 E=-2.1658644598 nfev=1578 t=2041.8s remaining=425
    iter=1576 E=-2.1658645344 nfev=1579 t=2043.5s remaining=424
    iter=1577 E=-2.1658646395 nfev=1580 t=2045.1s remaining=423
    iter=1578 E=-2.1658647666 nfev=1581 t=2046.3s remaining=422
    iter=1579 E=-2.1658648872 nfev=1582 t=2047.5s remaining=421
    iter=1580 E=-2.1658649060 nfev=1583 t=2048.7s remaining=420
    iter=1581 E=-2.1658649489 nfev=1584 t=2050.0s remaining=419
    iter=1582 E=-2.1658650444 nfev=1585 t=2051.2s remaining=418
    iter=1583 E=-2.1658652287 nfev=1586 t=2052.4s remaining=417
    iter=1584 E=-2.1658653188 nfev=1587 t=2053.7s remaining=416
    iter=1585 E=-2.1658653730 nfev=1588 t=2055.0s remaining=415
    iter=1586 E=-2.1658654441 nfev=1589 t=2056.2s remaining=414
    iter=1587 E=-2.1658654856 nfev=1590 t=2057.5s remaining=413
    iter=1588 E=-2.1658655031 nfev=1591 t=2058.7s remaining=412
    iter=1589 E=-2.1658655224 nfev=1592 t=2060.0s remaining=411
    iter=1590 E=-2.1658655504 nfev=1593 t=2061.2s remaining=410
    iter=1591 E=-2.1658655952 nfev=1594 t=2062.4s remaining=409
    iter=1592 E=-2.1658656664 nfev=1595 t=2063.7s remaining=408
    iter=1593 E=-2.1658657712 nfev=1596 t=2065.0s remaining=407
    iter=1594 E=-2.1658659124 nfev=1597 t=2066.3s remaining=406
    iter=1595 E=-2.1658661069 nfev=1598 t=2067.6s remaining=405
    iter=1596 E=-2.1658663804 nfev=1599 t=2068.8s remaining=404
    iter=1597 E=-2.1658666858 nfev=1600 t=2070.1s remaining=403
    iter=1598 E=-2.1658668468 nfev=1601 t=2071.8s remaining=402
    iter=1599 E=-2.1658668950 nfev=1602 t=2073.4s remaining=401
    iter=1600 E=-2.1658669368 nfev=1603 t=2074.6s remaining=400
    iter=1601 E=-2.1658669605 nfev=1604 t=2075.8s remaining=399
    iter=1602 E=-2.1658669793 nfev=1605 t=2077.0s remaining=398
    iter=1603 E=-2.1658669907 nfev=1606 t=2078.2s remaining=397
    iter=1604 E=-2.1658670033 nfev=1607 t=2079.6s remaining=396
    iter=1605 E=-2.1658670189 nfev=1608 t=2080.8s remaining=395
    iter=1606 E=-2.1658670994 nfev=1610 t=2083.2s remaining=394
    iter=1607 E=-2.1658671697 nfev=1611 t=2084.5s remaining=393
    iter=1608 E=-2.1658672499 nfev=1612 t=2085.7s remaining=392
    iter=1609 E=-2.1658673384 nfev=1613 t=2086.9s remaining=391
    iter=1610 E=-2.1658674649 nfev=1614 t=2088.1s remaining=390
    iter=1611 E=-2.1658676140 nfev=1615 t=2089.3s remaining=389
    iter=1612 E=-2.1658678189 nfev=1616 t=2090.5s remaining=388
    iter=1613 E=-2.1658679771 nfev=1617 t=2091.7s remaining=387
    iter=1614 E=-2.1658681217 nfev=1618 t=2093.0s remaining=386
    iter=1615 E=-2.1658682288 nfev=1619 t=2094.2s remaining=385
    iter=1616 E=-2.1658683543 nfev=1620 t=2095.4s remaining=384
    iter=1617 E=-2.1658684171 nfev=1621 t=2096.6s remaining=383
    iter=1618 E=-2.1658684828 nfev=1622 t=2097.8s remaining=382
    iter=1619 E=-2.1658686026 nfev=1623 t=2099.0s remaining=381
    iter=1620 E=-2.1658687019 nfev=1624 t=2100.2s remaining=380
    iter=1621 E=-2.1658687703 nfev=1625 t=2101.4s remaining=379
    iter=1622 E=-2.1658688698 nfev=1626 t=2102.7s remaining=378
    iter=1623 E=-2.1658689508 nfev=1627 t=2103.9s remaining=377
    iter=1624 E=-2.1658690256 nfev=1628 t=2105.1s remaining=376
    iter=1625 E=-2.1658691360 nfev=1629 t=2106.3s remaining=375
    iter=1626 E=-2.1658693071 nfev=1630 t=2107.5s remaining=374
    iter=1627 E=-2.1658695427 nfev=1631 t=2108.7s remaining=373
    iter=1628 E=-2.1658698328 nfev=1632 t=2109.9s remaining=372
    iter=1629 E=-2.1658700713 nfev=1633 t=2111.2s remaining=371
    iter=1630 E=-2.1658703264 nfev=1634 t=2112.5s remaining=370
    iter=1631 E=-2.1658703952 nfev=1635 t=2113.7s remaining=369
    iter=1632 E=-2.1658704938 nfev=1636 t=2115.0s remaining=368
    iter=1633 E=-2.1658705427 nfev=1637 t=2116.3s remaining=367
    iter=1634 E=-2.1658705823 nfev=1638 t=2117.5s remaining=366
    iter=1635 E=-2.1658706023 nfev=1639 t=2118.8s remaining=365
    iter=1636 E=-2.1658706195 nfev=1640 t=2120.0s remaining=364
    iter=1637 E=-2.1658706345 nfev=1641 t=2121.2s remaining=363
    iter=1638 E=-2.1658706504 nfev=1642 t=2122.4s remaining=362
    iter=1639 E=-2.1658706673 nfev=1643 t=2123.6s remaining=361
    iter=1640 E=-2.1658707397 nfev=1645 t=2125.9s remaining=360
    iter=1641 E=-2.1658707859 nfev=1646 t=2127.1s remaining=359
    iter=1642 E=-2.1658708340 nfev=1647 t=2128.3s remaining=358
    iter=1643 E=-2.1658708656 nfev=1648 t=2129.6s remaining=357
    iter=1644 E=-2.1658709083 nfev=1649 t=2131.3s remaining=356
    iter=1645 E=-2.1658709655 nfev=1650 t=2132.9s remaining=355
    iter=1646 E=-2.1658710505 nfev=1651 t=2134.5s remaining=354
    iter=1647 E=-2.1658711712 nfev=1652 t=2136.2s remaining=353
    iter=1648 E=-2.1658713481 nfev=1653 t=2137.8s remaining=352
    iter=1649 E=-2.1658715580 nfev=1654 t=2139.5s remaining=351
    iter=1650 E=-2.1658717772 nfev=1655 t=2141.1s remaining=350
    iter=1651 E=-2.1658718333 nfev=1657 t=2143.5s remaining=349
    iter=1652 E=-2.1658718929 nfev=1658 t=2144.7s remaining=348
    iter=1653 E=-2.1658719782 nfev=1659 t=2145.9s remaining=347
    iter=1654 E=-2.1658721078 nfev=1660 t=2147.1s remaining=346
    iter=1655 E=-2.1658722473 nfev=1661 t=2148.4s remaining=345
    iter=1656 E=-2.1658723501 nfev=1662 t=2150.2s remaining=344
    iter=1657 E=-2.1658724919 nfev=1663 t=2151.9s remaining=343
    iter=1658 E=-2.1658727172 nfev=1664 t=2153.7s remaining=342
    iter=1659 E=-2.1658728576 nfev=1665 t=2155.5s remaining=341
    iter=1660 E=-2.1658731011 nfev=1666 t=2157.2s remaining=340
    iter=1661 E=-2.1658733495 nfev=1667 t=2158.8s remaining=339
    iter=1662 E=-2.1658735033 nfev=1668 t=2160.4s remaining=338
    iter=1663 E=-2.1658736720 nfev=1669 t=2162.0s remaining=337
    iter=1664 E=-2.1658737789 nfev=1670 t=2163.5s remaining=336
    iter=1665 E=-2.1658738214 nfev=1671 t=2165.1s remaining=335
    iter=1666 E=-2.1658738750 nfev=1672 t=2166.5s remaining=334
    iter=1667 E=-2.1658739448 nfev=1673 t=2168.0s remaining=333
    iter=1668 E=-2.1658740151 nfev=1674 t=2169.6s remaining=332
    iter=1669 E=-2.1658741221 nfev=1675 t=2171.4s remaining=331
    iter=1670 E=-2.1658742806 nfev=1676 t=2172.8s remaining=330
    iter=1671 E=-2.1658744919 nfev=1677 t=2173.9s remaining=329
    iter=1672 E=-2.1658747261 nfev=1678 t=2175.1s remaining=328
    iter=1673 E=-2.1658749842 nfev=1679 t=2176.3s remaining=327
    iter=1674 E=-2.1658752971 nfev=1680 t=2177.6s remaining=326
    iter=1675 E=-2.1658755047 nfev=1681 t=2179.0s remaining=325
    iter=1676 E=-2.1658756300 nfev=1682 t=2180.4s remaining=324
    iter=1677 E=-2.1658756689 nfev=1683 t=2181.6s remaining=323
    iter=1678 E=-2.1658757323 nfev=1684 t=2182.8s remaining=322
    iter=1679 E=-2.1658757865 nfev=1685 t=2184.0s remaining=321
    iter=1680 E=-2.1658758130 nfev=1686 t=2185.3s remaining=320
    iter=1681 E=-2.1658758235 nfev=1687 t=2186.5s remaining=319
    iter=1682 E=-2.1658758336 nfev=1688 t=2187.8s remaining=318
    iter=1683 E=-2.1658758458 nfev=1689 t=2189.0s remaining=317
    iter=1684 E=-2.1658758630 nfev=1690 t=2190.2s remaining=316
    iter=1685 E=-2.1658758875 nfev=1691 t=2191.5s remaining=315
    iter=1686 E=-2.1658759242 nfev=1692 t=2192.7s remaining=314
    iter=1687 E=-2.1658759768 nfev=1693 t=2193.9s remaining=313
    iter=1688 E=-2.1658760527 nfev=1694 t=2195.2s remaining=312
    iter=1689 E=-2.1658761487 nfev=1695 t=2196.4s remaining=311
    iter=1690 E=-2.1658762701 nfev=1696 t=2197.9s remaining=310
    iter=1691 E=-2.1658763953 nfev=1697 t=2199.2s remaining=309
    iter=1692 E=-2.1658765661 nfev=1698 t=2200.6s remaining=308
    iter=1693 E=-2.1658767728 nfev=1699 t=2202.0s remaining=307
    iter=1694 E=-2.1658770710 nfev=1700 t=2203.5s remaining=306
    iter=1695 E=-2.1658773212 nfev=1701 t=2204.8s remaining=305
    iter=1696 E=-2.1658774144 nfev=1702 t=2206.0s remaining=304
    iter=1697 E=-2.1658774635 nfev=1703 t=2207.2s remaining=303
    iter=1698 E=-2.1658775046 nfev=1704 t=2208.5s remaining=302
    iter=1699 E=-2.1658775499 nfev=1705 t=2209.7s remaining=301
    iter=1700 E=-2.1658775790 nfev=1706 t=2210.9s remaining=300
    iter=1701 E=-2.1658776038 nfev=1707 t=2212.2s remaining=299
    iter=1702 E=-2.1658776413 nfev=1708 t=2213.4s remaining=298
    iter=1703 E=-2.1658777031 nfev=1709 t=2214.6s remaining=297
    iter=1704 E=-2.1658777958 nfev=1710 t=2215.8s remaining=296
    iter=1705 E=-2.1658779088 nfev=1711 t=2217.1s remaining=295
    iter=1706 E=-2.1658780848 nfev=1712 t=2218.3s remaining=294
    iter=1707 E=-2.1658783422 nfev=1713 t=2219.6s remaining=293
    iter=1708 E=-2.1658786407 nfev=1714 t=2220.9s remaining=292
    iter=1709 E=-2.1658788362 nfev=1715 t=2222.1s remaining=291
    iter=1710 E=-2.1658789971 nfev=1716 t=2223.5s remaining=290
    iter=1711 E=-2.1658790893 nfev=1717 t=2224.7s remaining=289
    iter=1712 E=-2.1658791616 nfev=1718 t=2225.9s remaining=288
    iter=1713 E=-2.1658792168 nfev=1719 t=2227.1s remaining=287
    iter=1714 E=-2.1658792677 nfev=1720 t=2228.5s remaining=286
    iter=1715 E=-2.1658792958 nfev=1721 t=2229.8s remaining=285
    iter=1716 E=-2.1658793341 nfev=1722 t=2231.0s remaining=284
    iter=1717 E=-2.1658793690 nfev=1723 t=2232.2s remaining=283
    iter=1718 E=-2.1658794047 nfev=1724 t=2233.4s remaining=282
    iter=1719 E=-2.1658794324 nfev=1725 t=2234.6s remaining=281
    iter=1720 E=-2.1658794621 nfev=1726 t=2235.8s remaining=280
    iter=1721 E=-2.1658794939 nfev=1727 t=2237.0s remaining=279
    iter=1722 E=-2.1658795351 nfev=1728 t=2238.2s remaining=278
    iter=1723 E=-2.1658795815 nfev=1729 t=2239.4s remaining=277
    iter=1724 E=-2.1658796429 nfev=1730 t=2240.7s remaining=276
    iter=1725 E=-2.1658796996 nfev=1731 t=2241.9s remaining=275
    iter=1726 E=-2.1658797721 nfev=1732 t=2243.1s remaining=274
    iter=1727 E=-2.1658798541 nfev=1733 t=2244.6s remaining=273
    iter=1728 E=-2.1658799667 nfev=1734 t=2245.9s remaining=272
    iter=1729 E=-2.1658801244 nfev=1735 t=2247.2s remaining=271
    iter=1730 E=-2.1658803068 nfev=1736 t=2248.5s remaining=270
    iter=1731 E=-2.1658804953 nfev=1737 t=2249.7s remaining=269
    iter=1732 E=-2.1658807550 nfev=1738 t=2251.1s remaining=268
    iter=1733 E=-2.1658810910 nfev=1739 t=2252.4s remaining=267
    iter=1734 E=-2.1658813254 nfev=1740 t=2253.6s remaining=266
    iter=1735 E=-2.1658815206 nfev=1741 t=2254.8s remaining=265
    iter=1736 E=-2.1658816155 nfev=1742 t=2256.0s remaining=264
    iter=1737 E=-2.1658816827 nfev=1743 t=2257.2s remaining=263
    iter=1738 E=-2.1658817428 nfev=1744 t=2258.4s remaining=262
    iter=1739 E=-2.1658817923 nfev=1745 t=2259.6s remaining=261
    iter=1740 E=-2.1658818335 nfev=1746 t=2260.9s remaining=260
    iter=1741 E=-2.1658818962 nfev=1747 t=2262.1s remaining=259
    iter=1742 E=-2.1658819837 nfev=1748 t=2263.3s remaining=258
    iter=1743 E=-2.1658820992 nfev=1749 t=2264.5s remaining=257
    iter=1744 E=-2.1658822561 nfev=1750 t=2265.7s remaining=256
    iter=1745 E=-2.1658824855 nfev=1751 t=2266.9s remaining=255
    iter=1746 E=-2.1658828239 nfev=1752 t=2268.1s remaining=254
    iter=1747 E=-2.1658832438 nfev=1753 t=2269.3s remaining=253
    iter=1748 E=-2.1658834684 nfev=1754 t=2270.5s remaining=252
    iter=1749 E=-2.1658837157 nfev=1755 t=2271.7s remaining=251
    iter=1750 E=-2.1658839527 nfev=1756 t=2272.9s remaining=250
    iter=1751 E=-2.1658841418 nfev=1757 t=2274.1s remaining=249
    iter=1752 E=-2.1658842374 nfev=1758 t=2275.2s remaining=248
    iter=1753 E=-2.1658842859 nfev=1759 t=2276.5s remaining=247
    iter=1754 E=-2.1658843348 nfev=1760 t=2277.8s remaining=246
    iter=1755 E=-2.1658843819 nfev=1761 t=2279.1s remaining=245
    iter=1756 E=-2.1658844308 nfev=1762 t=2280.4s remaining=244
    iter=1757 E=-2.1658845034 nfev=1763 t=2281.6s remaining=243
    iter=1758 E=-2.1658846030 nfev=1764 t=2282.8s remaining=242
    iter=1759 E=-2.1658847503 nfev=1765 t=2284.0s remaining=241
    iter=1760 E=-2.1658849730 nfev=1766 t=2285.2s remaining=240
    iter=1761 E=-2.1658852917 nfev=1767 t=2286.4s remaining=239
    iter=1762 E=-2.1658857342 nfev=1768 t=2287.7s remaining=238
    iter=1763 E=-2.1658862646 nfev=1769 t=2289.0s remaining=237
    iter=1764 E=-2.1658867207 nfev=1770 t=2290.3s remaining=236
    iter=1765 E=-2.1658870627 nfev=1771 t=2291.5s remaining=235
    iter=1766 E=-2.1658873057 nfev=1772 t=2292.8s remaining=234
    iter=1767 E=-2.1658874438 nfev=1773 t=2294.0s remaining=233
    iter=1768 E=-2.1658875335 nfev=1774 t=2295.3s remaining=232
    iter=1769 E=-2.1658876469 nfev=1775 t=2296.5s remaining=231
    iter=1770 E=-2.1658877172 nfev=1776 t=2297.8s remaining=230
    iter=1771 E=-2.1658877775 nfev=1777 t=2299.0s remaining=229
    iter=1772 E=-2.1658878317 nfev=1778 t=2300.2s remaining=228
    iter=1773 E=-2.1658879020 nfev=1779 t=2301.4s remaining=227
    iter=1774 E=-2.1658879864 nfev=1780 t=2302.5s remaining=226
    iter=1775 E=-2.1658881107 nfev=1781 t=2303.7s remaining=225
    iter=1776 E=-2.1658882682 nfev=1782 t=2304.9s remaining=224
    iter=1777 E=-2.1658884458 nfev=1783 t=2306.1s remaining=223
    iter=1778 E=-2.1658886688 nfev=1784 t=2307.3s remaining=222
    iter=1779 E=-2.1658889937 nfev=1785 t=2308.6s remaining=221
    iter=1780 E=-2.1658894285 nfev=1786 t=2309.8s remaining=220
    iter=1781 E=-2.1658899141 nfev=1787 t=2311.1s remaining=219
    iter=1782 E=-2.1658903855 nfev=1788 t=2312.3s remaining=218
    iter=1783 E=-2.1658907905 nfev=1789 t=2313.6s remaining=217
    iter=1784 E=-2.1658911364 nfev=1790 t=2314.8s remaining=216
    iter=1785 E=-2.1658914129 nfev=1791 t=2316.0s remaining=215
    iter=1786 E=-2.1658916928 nfev=1792 t=2317.2s remaining=214
    iter=1787 E=-2.1658919054 nfev=1793 t=2318.4s remaining=213
    iter=1788 E=-2.1658920522 nfev=1794 t=2319.6s remaining=212
    iter=1789 E=-2.1658921629 nfev=1795 t=2320.8s remaining=211
    iter=1790 E=-2.1658922664 nfev=1796 t=2322.0s remaining=210
    iter=1791 E=-2.1658923008 nfev=1797 t=2323.3s remaining=209
    iter=1792 E=-2.1658923591 nfev=1798 t=2324.5s remaining=208
    iter=1793 E=-2.1658924415 nfev=1799 t=2325.8s remaining=207
    iter=1794 E=-2.1658925313 nfev=1800 t=2327.1s remaining=206
    iter=1795 E=-2.1658926096 nfev=1801 t=2328.3s remaining=205
    iter=1796 E=-2.1658927091 nfev=1802 t=2329.5s remaining=204
    iter=1797 E=-2.1658928367 nfev=1803 t=2330.7s remaining=203
    iter=1798 E=-2.1658929939 nfev=1804 t=2331.9s remaining=202
    iter=1799 E=-2.1658931907 nfev=1805 t=2333.1s remaining=201
    iter=1800 E=-2.1658934695 nfev=1806 t=2334.3s remaining=200
    iter=1801 E=-2.1658938750 nfev=1807 t=2335.5s remaining=199
    iter=1802 E=-2.1658943939 nfev=1808 t=2336.7s remaining=198
    iter=1803 E=-2.1658949361 nfev=1809 t=2337.9s remaining=197
    iter=1804 E=-2.1658954304 nfev=1810 t=2339.1s remaining=196
    iter=1805 E=-2.1658959644 nfev=1811 t=2340.3s remaining=195
    iter=1806 E=-2.1658962493 nfev=1812 t=2341.5s remaining=194
    iter=1807 E=-2.1658964710 nfev=1813 t=2342.7s remaining=193
    iter=1808 E=-2.1658966420 nfev=1814 t=2344.2s remaining=192
    iter=1809 E=-2.1658967657 nfev=1815 t=2345.7s remaining=191
    iter=1810 E=-2.1658968620 nfev=1816 t=2346.9s remaining=190
    iter=1811 E=-2.1658969498 nfev=1817 t=2348.0s remaining=189
    iter=1812 E=-2.1658970330 nfev=1818 t=2349.3s remaining=188
    iter=1813 E=-2.1658971503 nfev=1819 t=2350.6s remaining=187
    iter=1814 E=-2.1658972852 nfev=1820 t=2352.1s remaining=186
    iter=1815 E=-2.1658974772 nfev=1821 t=2353.3s remaining=185
    iter=1816 E=-2.1658977597 nfev=1822 t=2354.6s remaining=184
    iter=1817 E=-2.1658981719 nfev=1823 t=2355.9s remaining=183
    iter=1818 E=-2.1658987474 nfev=1824 t=2357.2s remaining=182
    iter=1819 E=-2.1658994302 nfev=1825 t=2358.6s remaining=181
    iter=1820 E=-2.1659000499 nfev=1826 t=2359.8s remaining=180
    iter=1821 E=-2.1659006227 nfev=1827 t=2360.9s remaining=179
    iter=1822 E=-2.1659010091 nfev=1828 t=2362.1s remaining=178
    iter=1823 E=-2.1659012733 nfev=1829 t=2363.4s remaining=177
    iter=1824 E=-2.1659014934 nfev=1830 t=2364.8s remaining=176
    iter=1825 E=-2.1659016295 nfev=1831 t=2366.2s remaining=175
    iter=1826 E=-2.1659017334 nfev=1832 t=2367.5s remaining=174
    iter=1827 E=-2.1659018304 nfev=1833 t=2368.7s remaining=173
    iter=1828 E=-2.1659019685 nfev=1834 t=2369.9s remaining=172
    iter=1829 E=-2.1659020989 nfev=1835 t=2371.4s remaining=171
    iter=1830 E=-2.1659022340 nfev=1836 t=2372.8s remaining=170
    iter=1831 E=-2.1659024168 nfev=1837 t=2374.0s remaining=169
    iter=1832 E=-2.1659026522 nfev=1838 t=2375.2s remaining=168
    iter=1833 E=-2.1659029175 nfev=1839 t=2376.5s remaining=167
    iter=1834 E=-2.1659032103 nfev=1840 t=2377.8s remaining=166
    iter=1835 E=-2.1659035791 nfev=1841 t=2379.1s remaining=165
    iter=1836 E=-2.1659040204 nfev=1842 t=2380.3s remaining=164
    iter=1837 E=-2.1659044456 nfev=1843 t=2381.5s remaining=163
    iter=1838 E=-2.1659048798 nfev=1844 t=2382.7s remaining=162
    iter=1839 E=-2.1659053526 nfev=1845 t=2383.9s remaining=161
    iter=1840 E=-2.1659057080 nfev=1846 t=2385.2s remaining=160
    iter=1841 E=-2.1659060114 nfev=1847 t=2386.4s remaining=159
    iter=1842 E=-2.1659062807 nfev=1848 t=2387.6s remaining=158
    iter=1843 E=-2.1659065215 nfev=1849 t=2388.8s remaining=157
    iter=1844 E=-2.1659066977 nfev=1850 t=2390.0s remaining=156
    iter=1845 E=-2.1659068474 nfev=1851 t=2391.5s remaining=155
    iter=1846 E=-2.1659069919 nfev=1852 t=2393.2s remaining=154
    iter=1847 E=-2.1659071300 nfev=1853 t=2394.8s remaining=153
    iter=1848 E=-2.1659072845 nfev=1854 t=2396.2s remaining=152
    iter=1849 E=-2.1659074465 nfev=1855 t=2397.7s remaining=151
    iter=1850 E=-2.1659076153 nfev=1856 t=2398.9s remaining=150
    iter=1851 E=-2.1659078083 nfev=1857 t=2400.1s remaining=149
    iter=1852 E=-2.1659080529 nfev=1858 t=2401.4s remaining=148
    iter=1853 E=-2.1659083778 nfev=1859 t=2402.6s remaining=147
    iter=1854 E=-2.1659087566 nfev=1860 t=2403.7s remaining=146
    iter=1855 E=-2.1659091192 nfev=1861 t=2404.9s remaining=145
    iter=1856 E=-2.1659094699 nfev=1862 t=2406.1s remaining=144
    iter=1857 E=-2.1659098004 nfev=1863 t=2407.3s remaining=143
    iter=1858 E=-2.1659100821 nfev=1864 t=2408.4s remaining=142
    iter=1859 E=-2.1659104015 nfev=1865 t=2409.6s remaining=141
    iter=1860 E=-2.1659107163 nfev=1866 t=2410.8s remaining=140
    iter=1861 E=-2.1659110437 nfev=1867 t=2412.0s remaining=139
    iter=1862 E=-2.1659113018 nfev=1868 t=2413.2s remaining=138
    iter=1863 E=-2.1659115176 nfev=1869 t=2414.3s remaining=137
    iter=1864 E=-2.1659116446 nfev=1870 t=2415.5s remaining=136
    iter=1865 E=-2.1659117719 nfev=1871 t=2416.7s remaining=135
    iter=1866 E=-2.1659118850 nfev=1872 t=2417.9s remaining=134
    iter=1867 E=-2.1659119814 nfev=1873 t=2419.1s remaining=133
    iter=1868 E=-2.1659121179 nfev=1874 t=2420.4s remaining=132
    iter=1869 E=-2.1659122722 nfev=1875 t=2421.8s remaining=131
    iter=1870 E=-2.1659124006 nfev=1876 t=2422.9s remaining=130
    iter=1871 E=-2.1659125195 nfev=1877 t=2424.1s remaining=129
    iter=1872 E=-2.1659126514 nfev=1878 t=2425.3s remaining=128
    iter=1873 E=-2.1659128388 nfev=1879 t=2426.5s remaining=127
    iter=1874 E=-2.1659130360 nfev=1880 t=2427.8s remaining=126
    iter=1875 E=-2.1659132905 nfev=1881 t=2429.0s remaining=125
    iter=1876 E=-2.1659135809 nfev=1882 t=2430.2s remaining=124
    iter=1877 E=-2.1659138800 nfev=1883 t=2431.4s remaining=123
    iter=1878 E=-2.1659142250 nfev=1884 t=2432.6s remaining=122
    iter=1879 E=-2.1659145817 nfev=1885 t=2433.8s remaining=121
    iter=1880 E=-2.1659149155 nfev=1886 t=2435.0s remaining=120
    iter=1881 E=-2.1659152137 nfev=1887 t=2436.2s remaining=119
    iter=1882 E=-2.1659155201 nfev=1888 t=2437.4s remaining=118
    iter=1883 E=-2.1659157302 nfev=1889 t=2438.6s remaining=117
    iter=1884 E=-2.1659159051 nfev=1890 t=2439.9s remaining=116
    iter=1885 E=-2.1659160771 nfev=1891 t=2441.2s remaining=115
    iter=1886 E=-2.1659162657 nfev=1892 t=2442.4s remaining=114
    iter=1887 E=-2.1659164896 nfev=1893 t=2443.6s remaining=113
    iter=1888 E=-2.1659167441 nfev=1894 t=2444.8s remaining=112
    iter=1889 E=-2.1659169651 nfev=1895 t=2446.2s remaining=111
    iter=1890 E=-2.1659171229 nfev=1896 t=2447.9s remaining=110
    iter=1891 E=-2.1659172523 nfev=1897 t=2449.3s remaining=109
    iter=1892 E=-2.1659173523 nfev=1898 t=2450.8s remaining=108
    iter=1893 E=-2.1659174368 nfev=1899 t=2452.4s remaining=107
    iter=1894 E=-2.1659175169 nfev=1900 t=2454.1s remaining=106
    iter=1895 E=-2.1659176068 nfev=1901 t=2455.8s remaining=105
    iter=1896 E=-2.1659177192 nfev=1902 t=2457.5s remaining=104
    iter=1897 E=-2.1659178759 nfev=1903 t=2459.2s remaining=103
    iter=1898 E=-2.1659180897 nfev=1904 t=2460.7s remaining=102
    iter=1899 E=-2.1659183730 nfev=1905 t=2462.3s remaining=101
    iter=1900 E=-2.1659187219 nfev=1906 t=2464.0s remaining=100
    iter=1901 E=-2.1659191320 nfev=1907 t=2465.5s remaining=99
    iter=1902 E=-2.1659195925 nfev=1908 t=2466.7s remaining=98
    iter=1903 E=-2.1659200560 nfev=1909 t=2467.9s remaining=97
    iter=1904 E=-2.1659204541 nfev=1910 t=2469.1s remaining=96
    iter=1905 E=-2.1659207496 nfev=1911 t=2470.3s remaining=95
    iter=1906 E=-2.1659209759 nfev=1912 t=2471.4s remaining=94
    iter=1907 E=-2.1659211259 nfev=1913 t=2472.6s remaining=93
    iter=1908 E=-2.1659212330 nfev=1914 t=2473.8s remaining=92
    iter=1909 E=-2.1659213011 nfev=1915 t=2475.0s remaining=91
    iter=1910 E=-2.1659213619 nfev=1916 t=2476.1s remaining=90
    iter=1911 E=-2.1659214228 nfev=1917 t=2477.3s remaining=89
    iter=1912 E=-2.1659214812 nfev=1918 t=2478.5s remaining=88
    iter=1913 E=-2.1659215528 nfev=1919 t=2479.7s remaining=87
    iter=1914 E=-2.1659216556 nfev=1920 t=2480.8s remaining=86
    iter=1915 E=-2.1659218024 nfev=1921 t=2482.0s remaining=85
    iter=1916 E=-2.1659220158 nfev=1922 t=2483.2s remaining=84
    iter=1917 E=-2.1659223177 nfev=1923 t=2484.4s remaining=83
    iter=1918 E=-2.1659227098 nfev=1924 t=2485.6s remaining=82
    iter=1919 E=-2.1659231109 nfev=1925 t=2486.8s remaining=81
    iter=1920 E=-2.1659234776 nfev=1926 t=2488.0s remaining=80
    iter=1921 E=-2.1659238089 nfev=1927 t=2489.3s remaining=79
    iter=1922 E=-2.1659240115 nfev=1928 t=2490.5s remaining=78
    iter=1923 E=-2.1659241461 nfev=1929 t=2491.6s remaining=77
    iter=1924 E=-2.1659242647 nfev=1930 t=2492.8s remaining=76
    iter=1925 E=-2.1659243475 nfev=1931 t=2494.0s remaining=75
    iter=1926 E=-2.1659244250 nfev=1932 t=2495.2s remaining=74
    iter=1927 E=-2.1659245008 nfev=1933 t=2496.4s remaining=73
    iter=1928 E=-2.1659245725 nfev=1934 t=2497.5s remaining=72
    iter=1929 E=-2.1659246431 nfev=1935 t=2498.7s remaining=71
    iter=1930 E=-2.1659247388 nfev=1936 t=2500.0s remaining=70
    iter=1931 E=-2.1659248452 nfev=1937 t=2501.2s remaining=69
    iter=1932 E=-2.1659249764 nfev=1938 t=2502.4s remaining=68
    iter=1933 E=-2.1659251573 nfev=1939 t=2503.5s remaining=67
    iter=1934 E=-2.1659253987 nfev=1940 t=2504.7s remaining=66
    iter=1935 E=-2.1659257264 nfev=1941 t=2505.9s remaining=65
    iter=1936 E=-2.1659261169 nfev=1942 t=2507.1s remaining=64
    iter=1937 E=-2.1659266148 nfev=1943 t=2508.3s remaining=63
    iter=1938 E=-2.1659270241 nfev=1944 t=2509.5s remaining=62
    iter=1939 E=-2.1659273478 nfev=1945 t=2510.7s remaining=61
    iter=1940 E=-2.1659275604 nfev=1946 t=2511.9s remaining=60
    iter=1941 E=-2.1659277189 nfev=1947 t=2513.1s remaining=59
    iter=1942 E=-2.1659278278 nfev=1948 t=2514.3s remaining=58
    iter=1943 E=-2.1659278984 nfev=1949 t=2515.5s remaining=57
    iter=1944 E=-2.1659279408 nfev=1950 t=2517.0s remaining=56
    iter=1945 E=-2.1659279831 nfev=1951 t=2518.6s remaining=55
    iter=1946 E=-2.1659280369 nfev=1952 t=2520.2s remaining=54
    iter=1947 E=-2.1659281113 nfev=1953 t=2521.9s remaining=53
    iter=1948 E=-2.1659282147 nfev=1954 t=2523.5s remaining=52
    iter=1949 E=-2.1659283688 nfev=1955 t=2525.1s remaining=51
    iter=1950 E=-2.1659286068 nfev=1956 t=2526.8s remaining=50
    iter=1951 E=-2.1659289554 nfev=1957 t=2528.4s remaining=49
    iter=1952 E=-2.1659293508 nfev=1958 t=2530.0s remaining=48
    iter=1953 E=-2.1659297150 nfev=1959 t=2531.5s remaining=47
    iter=1954 E=-2.1659300372 nfev=1960 t=2533.0s remaining=46
    iter=1955 E=-2.1659302446 nfev=1961 t=2534.2s remaining=45
    iter=1956 E=-2.1659303711 nfev=1962 t=2535.3s remaining=44
    iter=1957 E=-2.1659304652 nfev=1963 t=2536.5s remaining=43
    iter=1958 E=-2.1659305271 nfev=1964 t=2537.7s remaining=42
    iter=1959 E=-2.1659305651 nfev=1965 t=2538.9s remaining=41
    iter=1960 E=-2.1659306036 nfev=1966 t=2540.1s remaining=40
    iter=1961 E=-2.1659306385 nfev=1967 t=2541.3s remaining=39
    iter=1962 E=-2.1659306771 nfev=1968 t=2542.5s remaining=38
    iter=1963 E=-2.1659307342 nfev=1969 t=2543.7s remaining=37
    iter=1964 E=-2.1659308232 nfev=1970 t=2544.9s remaining=36
    iter=1965 E=-2.1659309690 nfev=1971 t=2546.1s remaining=35
    iter=1966 E=-2.1659312007 nfev=1972 t=2547.3s remaining=34
    iter=1967 E=-2.1659315453 nfev=1973 t=2548.9s remaining=33
    iter=1968 E=-2.1659319140 nfev=1974 t=2550.5s remaining=32
    iter=1969 E=-2.1659322916 nfev=1975 t=2552.2s remaining=31
    iter=1970 E=-2.1659325742 nfev=1976 t=2553.8s remaining=30
    iter=1971 E=-2.1659327494 nfev=1977 t=2555.4s remaining=29
    iter=1972 E=-2.1659328687 nfev=1978 t=2557.0s remaining=28
    iter=1973 E=-2.1659329526 nfev=1979 t=2558.5s remaining=27
    iter=1974 E=-2.1659330199 nfev=1980 t=2559.7s remaining=26
    iter=1975 E=-2.1659330700 nfev=1981 t=2561.0s remaining=25
    iter=1976 E=-2.1659331189 nfev=1982 t=2562.3s remaining=24
    iter=1977 E=-2.1659331646 nfev=1983 t=2563.5s remaining=23
    iter=1978 E=-2.1659332107 nfev=1984 t=2564.7s remaining=22
    iter=1979 E=-2.1659332742 nfev=1985 t=2565.9s remaining=21
    iter=1980 E=-2.1659333719 nfev=1986 t=2567.1s remaining=20
    iter=1981 E=-2.1659335016 nfev=1987 t=2568.2s remaining=19
    iter=1982 E=-2.1659336773 nfev=1988 t=2569.5s remaining=18
    iter=1983 E=-2.1659339373 nfev=1989 t=2570.7s remaining=17
    iter=1984 E=-2.1659342987 nfev=1990 t=2572.2s remaining=16
    iter=1985 E=-2.1659347247 nfev=1991 t=2573.3s remaining=15
    iter=1986 E=-2.1659350819 nfev=1992 t=2574.5s remaining=14
    iter=1987 E=-2.1659353378 nfev=1993 t=2575.7s remaining=13
    iter=1988 E=-2.1659354863 nfev=1994 t=2576.9s remaining=12
    iter=1989 E=-2.1659355728 nfev=1995 t=2578.2s remaining=11
    iter=1990 E=-2.1659356332 nfev=1996 t=2579.3s remaining=10
    iter=1991 E=-2.1659356815 nfev=1997 t=2580.6s remaining=9
    iter=1992 E=-2.1659357092 nfev=1998 t=2581.8s remaining=8
    iter=1993 E=-2.1659357379 nfev=1999 t=2583.0s remaining=7
    iter=1994 E=-2.1659357749 nfev=2000 t=2584.3s remaining=6
    iter=1995 E=-2.1659358147 nfev=2001 t=2585.6s remaining=5
    iter=1996 E=-2.1659358778 nfev=2002 t=2586.8s remaining=4
    iter=1997 E=-2.1659359785 nfev=2003 t=2588.0s remaining=3
    iter=1998 E=-2.1659361336 nfev=2004 t=2589.2s remaining=2
    iter=1999 E=-2.1659363527 nfev=2005 t=2590.4s remaining=1
    iter=2000 E=-2.1659366146 nfev=2006 t=2591.6s remaining=0
    iter=2000 E=-2.1659366146 nfev=2006 t=2591.6s remaining=0
    seed=0 E=-2.1659366146 dE=+4.508e-04 nit=2000 ok=False t=2591.6s
  r=1.00  L=9   npar=386   E=-2.1659366146  |E-FCI|=4.508e-04  FCI=no   chem=yes

=== summary (best seed per layer) ===
  bond   L ansatz                 npar              E     |E-FCI|  FCI? chem?
  1.00   9 (ECD+SNAP)^9 + ECD      386  -2.1659366146   4.508e-04    no   yes

wrote data/results/h4_hybrid_L9_nobs_r0100.json
