self-check ok (nfock=4, use_bs=False, worst FD rel err 0.00e+00)
per-iter log: data/results/h4_hybrid_L5_nobs_iters.jsonl
live snapshot: data/results/h4_hybrid_L5_nobs_live.json

=== build H4 JWT Hamiltonian at R=0.88 Å ===
=== r=0.88 Å equilibrium  FCI(pyscf)=-2.1804101685  eig=-2.1804101685  paper_fci=-2.18041017  paper_SNAP_D20=-2.1804101724879494 ===
-- r=0.88  (ECD+SNAP)^5 + ECD   npar=218 --
    iter=1 E=-0.2019652837 nfev=3 t=16.8s remaining=1999
    iter=2 E=-0.3265081118 nfev=4 t=24.7s remaining=1998
    iter=3 E=-0.4570345619 nfev=5 t=30.6s remaining=1997
    iter=4 E=-0.5454118547 nfev=6 t=35.7s remaining=1996
    iter=5 E=-0.6590278067 nfev=7 t=40.8s remaining=1995
    iter=6 E=-0.7833937177 nfev=8 t=46.9s remaining=1994
    iter=7 E=-0.8623040180 nfev=9 t=53.7s remaining=1993
    iter=8 E=-0.9613116386 nfev=10 t=58.3s remaining=1992
    iter=9 E=-1.0960676679 nfev=11 t=63.2s remaining=1991
    iter=10 E=-1.2685737863 nfev=12 t=70.2s remaining=1990
    iter=11 E=-1.3309207112 nfev=14 t=81.0s remaining=1989
    iter=12 E=-1.4162780733 nfev=15 t=86.5s remaining=1988
    iter=13 E=-1.4697644709 nfev=16 t=90.2s remaining=1987
    iter=14 E=-1.5466174027 nfev=17 t=97.1s remaining=1986
    iter=15 E=-1.5918524922 nfev=18 t=101.3s remaining=1985
    iter=16 E=-1.6467789855 nfev=19 t=107.4s remaining=1984
    iter=17 E=-1.7085693422 nfev=20 t=111.5s remaining=1983
    iter=18 E=-1.7502402269 nfev=21 t=115.7s remaining=1982
    iter=19 E=-1.7976208474 nfev=22 t=118.9s remaining=1981
    iter=20 E=-1.8198954609 nfev=23 t=124.6s remaining=1980
    iter=21 E=-1.8543183823 nfev=24 t=129.1s remaining=1979
    iter=22 E=-1.8925244909 nfev=25 t=137.5s remaining=1978
    iter=23 E=-1.9132960527 nfev=26 t=144.3s remaining=1977
    iter=24 E=-1.9441239810 nfev=27 t=150.3s remaining=1976
    iter=25 E=-1.9728961730 nfev=28 t=157.2s remaining=1975
    iter=26 E=-2.0027755208 nfev=29 t=163.0s remaining=1974
    iter=27 E=-2.0282310323 nfev=30 t=170.6s remaining=1973
    iter=28 E=-2.0547733135 nfev=31 t=176.9s remaining=1972
    iter=29 E=-2.0600752104 nfev=32 t=182.7s remaining=1971
    iter=30 E=-2.0695969719 nfev=33 t=189.3s remaining=1970
    iter=31 E=-2.0834225357 nfev=34 t=194.4s remaining=1969
    iter=32 E=-2.1021969607 nfev=35 t=200.5s remaining=1968
    iter=33 E=-2.1090241532 nfev=37 t=215.9s remaining=1967
    iter=34 E=-2.1173255828 nfev=38 t=222.8s remaining=1966
    iter=35 E=-2.1234754879 nfev=39 t=229.5s remaining=1965
    iter=36 E=-2.1307162758 nfev=40 t=237.1s remaining=1964
    iter=37 E=-2.1334966531 nfev=41 t=246.5s remaining=1963
    iter=38 E=-2.1374245842 nfev=42 t=253.9s remaining=1962
    iter=39 E=-2.1403305758 nfev=43 t=260.2s remaining=1961
    iter=40 E=-2.1416948156 nfev=44 t=267.4s remaining=1960
    iter=41 E=-2.1436944021 nfev=45 t=272.5s remaining=1959
    iter=42 E=-2.1460471601 nfev=46 t=277.0s remaining=1958
    iter=43 E=-2.1471059673 nfev=47 t=281.1s remaining=1957
    iter=44 E=-2.1481424745 nfev=48 t=287.2s remaining=1956
    iter=45 E=-2.1488748336 nfev=49 t=292.0s remaining=1955
    iter=46 E=-2.1494195293 nfev=50 t=297.8s remaining=1954
    iter=47 E=-2.1499167762 nfev=51 t=302.5s remaining=1953
    iter=48 E=-2.1502937550 nfev=52 t=309.1s remaining=1952
    iter=49 E=-2.1506267414 nfev=53 t=312.3s remaining=1951
    iter=50 E=-2.1509465795 nfev=54 t=317.4s remaining=1950
    iter=51 E=-2.1512206597 nfev=55 t=324.2s remaining=1949
    iter=52 E=-2.1515057809 nfev=56 t=329.3s remaining=1948
    iter=53 E=-2.1518361114 nfev=57 t=336.2s remaining=1947
    iter=54 E=-2.1521569356 nfev=58 t=341.4s remaining=1946
    iter=55 E=-2.1524518360 nfev=59 t=347.6s remaining=1945
    iter=56 E=-2.1527108818 nfev=60 t=353.6s remaining=1944
    iter=57 E=-2.1528835741 nfev=61 t=359.3s remaining=1943
    iter=58 E=-2.1530494299 nfev=62 t=363.7s remaining=1942
    iter=59 E=-2.1533033174 nfev=63 t=367.8s remaining=1941
    iter=60 E=-2.1535654476 nfev=64 t=373.0s remaining=1940
    iter=61 E=-2.1537075741 nfev=65 t=377.8s remaining=1939
    iter=62 E=-2.1538641522 nfev=66 t=384.6s remaining=1938
    iter=63 E=-2.1540119932 nfev=67 t=392.7s remaining=1937
    iter=64 E=-2.1541781678 nfev=68 t=399.3s remaining=1936
    iter=65 E=-2.1543215735 nfev=69 t=402.8s remaining=1935
    iter=66 E=-2.1544640286 nfev=70 t=409.7s remaining=1934
    iter=67 E=-2.1546165793 nfev=71 t=417.5s remaining=1933
    iter=68 E=-2.1547916046 nfev=72 t=423.9s remaining=1932
    iter=69 E=-2.1549341227 nfev=73 t=430.3s remaining=1931
    iter=70 E=-2.1550371687 nfev=74 t=434.0s remaining=1930
    iter=71 E=-2.1551330222 nfev=75 t=441.1s remaining=1929
    iter=72 E=-2.1552497101 nfev=76 t=446.4s remaining=1928
    iter=73 E=-2.1553817672 nfev=77 t=452.5s remaining=1927
    iter=74 E=-2.1554993416 nfev=78 t=459.9s remaining=1926
    iter=75 E=-2.1556189881 nfev=79 t=464.8s remaining=1925
    iter=76 E=-2.1557688418 nfev=80 t=470.4s remaining=1924
    iter=77 E=-2.1559627243 nfev=81 t=475.9s remaining=1923
    iter=78 E=-2.1561515069 nfev=82 t=479.6s remaining=1922
    iter=79 E=-2.1563071748 nfev=83 t=482.8s remaining=1921
    iter=80 E=-2.1564274822 nfev=84 t=487.9s remaining=1920
    iter=81 E=-2.1565302956 nfev=85 t=492.8s remaining=1919
    iter=82 E=-2.1566243537 nfev=86 t=498.1s remaining=1918
    iter=83 E=-2.1567278981 nfev=87 t=505.2s remaining=1917
    iter=84 E=-2.1567839983 nfev=88 t=513.0s remaining=1916
    iter=85 E=-2.1568683489 nfev=89 t=519.2s remaining=1915
    iter=86 E=-2.1569587047 nfev=90 t=527.0s remaining=1914
    iter=87 E=-2.1570227100 nfev=91 t=532.9s remaining=1913
    iter=88 E=-2.1570834925 nfev=92 t=539.9s remaining=1912
    iter=89 E=-2.1571320961 nfev=93 t=546.0s remaining=1911
    iter=90 E=-2.1571785095 nfev=94 t=552.7s remaining=1910
    iter=91 E=-2.1572211920 nfev=95 t=556.8s remaining=1909
    iter=92 E=-2.1572676528 nfev=96 t=563.7s remaining=1908
    iter=93 E=-2.1573291921 nfev=97 t=568.0s remaining=1907
    iter=94 E=-2.1573987149 nfev=98 t=573.9s remaining=1906
    iter=95 E=-2.1574685066 nfev=99 t=579.5s remaining=1905
    iter=96 E=-2.1575446804 nfev=100 t=587.9s remaining=1904
    iter=97 E=-2.1576385045 nfev=101 t=593.8s remaining=1903
    iter=98 E=-2.1577383196 nfev=102 t=599.6s remaining=1902
    iter=99 E=-2.1578228897 nfev=103 t=604.9s remaining=1901
    iter=100 E=-2.1579140322 nfev=104 t=612.3s remaining=1900
    iter=101 E=-2.1580230671 nfev=105 t=618.2s remaining=1899
    iter=102 E=-2.1581396480 nfev=106 t=624.0s remaining=1898
    iter=103 E=-2.1582812159 nfev=107 t=630.6s remaining=1897
    iter=104 E=-2.1584090954 nfev=108 t=634.8s remaining=1896
    iter=105 E=-2.1585401752 nfev=109 t=636.2s remaining=1895
    iter=106 E=-2.1586265413 nfev=110 t=641.1s remaining=1894
    iter=107 E=-2.1587230758 nfev=111 t=647.8s remaining=1893
    iter=108 E=-2.1588117574 nfev=112 t=653.3s remaining=1892
    iter=109 E=-2.1588963071 nfev=113 t=658.1s remaining=1891
    iter=110 E=-2.1589867387 nfev=114 t=662.5s remaining=1890
    iter=111 E=-2.1590713815 nfev=115 t=667.7s remaining=1889
    iter=112 E=-2.1591644672 nfev=116 t=674.0s remaining=1888
    iter=113 E=-2.1592561112 nfev=117 t=679.9s remaining=1887
    iter=114 E=-2.1593532388 nfev=118 t=685.6s remaining=1886
    iter=115 E=-2.1594373523 nfev=119 t=691.6s remaining=1885
    iter=116 E=-2.1595101246 nfev=120 t=696.8s remaining=1884
    iter=117 E=-2.1595826026 nfev=121 t=702.5s remaining=1883
    iter=118 E=-2.1596696619 nfev=122 t=712.2s remaining=1882
    iter=119 E=-2.1597401857 nfev=123 t=718.3s remaining=1881
    iter=120 E=-2.1598109955 nfev=124 t=723.6s remaining=1880
    iter=121 E=-2.1598799936 nfev=125 t=729.6s remaining=1879
    iter=122 E=-2.1599357719 nfev=126 t=734.2s remaining=1878
    iter=123 E=-2.1599751172 nfev=127 t=740.1s remaining=1877
    iter=124 E=-2.1600153912 nfev=128 t=749.4s remaining=1876
    iter=125 E=-2.1600700864 nfev=129 t=755.6s remaining=1875
    iter=126 E=-2.1601508838 nfev=130 t=762.2s remaining=1874
    iter=127 E=-2.1602530872 nfev=131 t=765.4s remaining=1873
    iter=128 E=-2.1603516090 nfev=132 t=770.6s remaining=1872
    iter=129 E=-2.1604630167 nfev=133 t=778.1s remaining=1871
    iter=130 E=-2.1605768137 nfev=134 t=784.8s remaining=1870
    iter=131 E=-2.1607013712 nfev=135 t=791.1s remaining=1869
    iter=132 E=-2.1608251298 nfev=136 t=796.4s remaining=1868
    iter=133 E=-2.1609223522 nfev=137 t=802.7s remaining=1867
    iter=134 E=-2.1609902561 nfev=138 t=807.8s remaining=1866
    iter=135 E=-2.1610431072 nfev=139 t=812.7s remaining=1865
    iter=136 E=-2.1611011754 nfev=140 t=814.6s remaining=1864
    iter=137 E=-2.1611696631 nfev=141 t=819.4s remaining=1863
    iter=138 E=-2.1612566899 nfev=142 t=822.5s remaining=1862
    iter=139 E=-2.1613338680 nfev=143 t=827.9s remaining=1861
    iter=140 E=-2.1614128602 nfev=144 t=835.7s remaining=1860
    iter=141 E=-2.1615005057 nfev=145 t=843.7s remaining=1859
    iter=142 E=-2.1616132643 nfev=146 t=852.4s remaining=1858
    iter=143 E=-2.1617142743 nfev=147 t=857.5s remaining=1857
    iter=144 E=-2.1618226899 nfev=148 t=863.2s remaining=1856
    iter=145 E=-2.1619036069 nfev=149 t=866.3s remaining=1855
    iter=146 E=-2.1619758572 nfev=150 t=870.4s remaining=1854
    iter=147 E=-2.1620638390 nfev=151 t=875.7s remaining=1853
    iter=148 E=-2.1621843545 nfev=152 t=881.4s remaining=1852
    iter=149 E=-2.1622801990 nfev=153 t=887.5s remaining=1851
    iter=150 E=-2.1623609541 nfev=154 t=891.9s remaining=1850
    iter=151 E=-2.1624417784 nfev=155 t=896.6s remaining=1849
    iter=152 E=-2.1625149445 nfev=156 t=902.9s remaining=1848
    iter=153 E=-2.1625711471 nfev=157 t=911.2s remaining=1847
    iter=154 E=-2.1626388090 nfev=158 t=916.9s remaining=1846
    iter=155 E=-2.1627090905 nfev=159 t=922.0s remaining=1845
    iter=156 E=-2.1627551610 nfev=160 t=927.5s remaining=1844
    iter=157 E=-2.1628019509 nfev=161 t=931.7s remaining=1843
    iter=158 E=-2.1628546659 nfev=162 t=938.1s remaining=1842
    iter=159 E=-2.1629145360 nfev=163 t=942.9s remaining=1841
    iter=160 E=-2.1629699558 nfev=164 t=949.4s remaining=1840
    iter=161 E=-2.1630283115 nfev=165 t=954.3s remaining=1839
    iter=162 E=-2.1630850375 nfev=166 t=958.3s remaining=1838
    iter=163 E=-2.1631510881 nfev=167 t=966.9s remaining=1837
    iter=164 E=-2.1632217445 nfev=168 t=972.7s remaining=1836
    iter=165 E=-2.1632855078 nfev=169 t=979.8s remaining=1835
    iter=166 E=-2.1633298277 nfev=170 t=984.7s remaining=1834
    iter=167 E=-2.1633584944 nfev=171 t=993.4s remaining=1833
    iter=168 E=-2.1633849732 nfev=172 t=1001.0s remaining=1832
    iter=169 E=-2.1634135166 nfev=173 t=1008.3s remaining=1831
    iter=170 E=-2.1634442551 nfev=174 t=1013.0s remaining=1830
    iter=171 E=-2.1634874104 nfev=175 t=1018.1s remaining=1829
    iter=172 E=-2.1635553156 nfev=176 t=1025.5s remaining=1828
    iter=173 E=-2.1636546621 nfev=177 t=1031.7s remaining=1827
    iter=174 E=-2.1637581639 nfev=178 t=1037.3s remaining=1826
    iter=175 E=-2.1638483724 nfev=179 t=1042.3s remaining=1825
    iter=176 E=-2.1639148841 nfev=180 t=1045.9s remaining=1824
    iter=177 E=-2.1639692311 nfev=181 t=1048.9s remaining=1823
    iter=178 E=-2.1640127821 nfev=182 t=1054.9s remaining=1822
    iter=179 E=-2.1640618899 nfev=183 t=1060.0s remaining=1821
    iter=180 E=-2.1641016396 nfev=184 t=1066.2s remaining=1820
    iter=181 E=-2.1641380946 nfev=185 t=1071.6s remaining=1819
    iter=182 E=-2.1641854495 nfev=186 t=1077.8s remaining=1818
    iter=183 E=-2.1642145398 nfev=187 t=1083.8s remaining=1817
    iter=184 E=-2.1642548006 nfev=188 t=1089.9s remaining=1816
    iter=185 E=-2.1643108221 nfev=189 t=1095.7s remaining=1815
    iter=186 E=-2.1643739889 nfev=190 t=1099.8s remaining=1814
    iter=187 E=-2.1644239205 nfev=191 t=1104.3s remaining=1813
    iter=188 E=-2.1644642453 nfev=192 t=1108.8s remaining=1812
    iter=189 E=-2.1645016150 nfev=193 t=1114.9s remaining=1811
    iter=190 E=-2.1645363938 nfev=194 t=1117.5s remaining=1810
    iter=191 E=-2.1645684265 nfev=195 t=1123.7s remaining=1809
    iter=192 E=-2.1645956155 nfev=196 t=1130.4s remaining=1808
    iter=193 E=-2.1646245454 nfev=197 t=1137.3s remaining=1807
    iter=194 E=-2.1646581895 nfev=198 t=1144.8s remaining=1806
    iter=195 E=-2.1646936841 nfev=199 t=1148.4s remaining=1805
    iter=196 E=-2.1647311076 nfev=200 t=1153.7s remaining=1804
    iter=197 E=-2.1647741786 nfev=201 t=1160.6s remaining=1803
    iter=198 E=-2.1648201322 nfev=202 t=1168.2s remaining=1802
    iter=199 E=-2.1648594307 nfev=203 t=1173.5s remaining=1801
    iter=200 E=-2.1648920540 nfev=204 t=1179.5s remaining=1800
    iter=201 E=-2.1649219933 nfev=205 t=1184.8s remaining=1799
    iter=202 E=-2.1649512211 nfev=206 t=1190.8s remaining=1798
    iter=203 E=-2.1649790367 nfev=207 t=1196.6s remaining=1797
    iter=204 E=-2.1650053069 nfev=208 t=1202.6s remaining=1796
    iter=205 E=-2.1650321714 nfev=209 t=1208.4s remaining=1795
    iter=206 E=-2.1650594205 nfev=210 t=1212.9s remaining=1794
    iter=207 E=-2.1650828097 nfev=211 t=1216.0s remaining=1793
    iter=208 E=-2.1651004479 nfev=212 t=1226.8s remaining=1792
    iter=209 E=-2.1651171905 nfev=213 t=1234.6s remaining=1791
    iter=210 E=-2.1651377857 nfev=214 t=1240.5s remaining=1790
    iter=211 E=-2.1651631978 nfev=215 t=1247.4s remaining=1789
    iter=212 E=-2.1651865829 nfev=216 t=1250.8s remaining=1788
    iter=213 E=-2.1652115093 nfev=217 t=1255.2s remaining=1787
    iter=214 E=-2.1652381462 nfev=218 t=1260.3s remaining=1786
    iter=215 E=-2.1652649138 nfev=219 t=1266.4s remaining=1785
    iter=216 E=-2.1652880513 nfev=220 t=1272.1s remaining=1784
    iter=217 E=-2.1653101578 nfev=221 t=1276.3s remaining=1783
    iter=218 E=-2.1653368898 nfev=222 t=1278.8s remaining=1782
    iter=219 E=-2.1653757480 nfev=223 t=1281.0s remaining=1781
    iter=220 E=-2.1654144857 nfev=224 t=1282.4s remaining=1780
    iter=221 E=-2.1654486425 nfev=225 t=1284.9s remaining=1779
    iter=222 E=-2.1654756861 nfev=226 t=1289.8s remaining=1778
    iter=223 E=-2.1654996484 nfev=227 t=1296.7s remaining=1777
    iter=224 E=-2.1655225809 nfev=228 t=1302.6s remaining=1776
    iter=225 E=-2.1655471480 nfev=229 t=1310.6s remaining=1775
    iter=226 E=-2.1655737568 nfev=230 t=1318.1s remaining=1774
    iter=227 E=-2.1656057324 nfev=231 t=1323.7s remaining=1773
    iter=228 E=-2.1656364440 nfev=232 t=1329.8s remaining=1772
    iter=229 E=-2.1656590385 nfev=233 t=1338.0s remaining=1771
    iter=230 E=-2.1656783837 nfev=234 t=1344.7s remaining=1770
    iter=231 E=-2.1656998433 nfev=235 t=1352.3s remaining=1769
    iter=232 E=-2.1657263200 nfev=236 t=1358.1s remaining=1768
    iter=233 E=-2.1657561322 nfev=237 t=1364.3s remaining=1767
    iter=234 E=-2.1657865547 nfev=238 t=1370.9s remaining=1766
    iter=235 E=-2.1658118495 nfev=239 t=1377.1s remaining=1765
    iter=236 E=-2.1658381339 nfev=240 t=1383.4s remaining=1764
    iter=237 E=-2.1658623906 nfev=241 t=1390.6s remaining=1763
    iter=238 E=-2.1658802179 nfev=242 t=1395.3s remaining=1762
    iter=239 E=-2.1658980567 nfev=243 t=1401.7s remaining=1761
    iter=240 E=-2.1659194798 nfev=244 t=1407.8s remaining=1760
    iter=241 E=-2.1659434137 nfev=245 t=1413.8s remaining=1759
    iter=242 E=-2.1659710639 nfev=246 t=1419.3s remaining=1758
    iter=243 E=-2.1660066428 nfev=247 t=1425.9s remaining=1757
    iter=244 E=-2.1660537544 nfev=248 t=1430.6s remaining=1756
    iter=245 E=-2.1661033437 nfev=249 t=1436.1s remaining=1755
    iter=246 E=-2.1661462521 nfev=250 t=1441.5s remaining=1754
    iter=247 E=-2.1661785008 nfev=251 t=1449.0s remaining=1753
    iter=248 E=-2.1662064740 nfev=252 t=1455.2s remaining=1752
    iter=249 E=-2.1662315114 nfev=253 t=1462.4s remaining=1751
    iter=250 E=-2.1662563597 nfev=254 t=1468.1s remaining=1750
    iter=251 E=-2.1662846597 nfev=255 t=1471.5s remaining=1749
    iter=252 E=-2.1663164559 nfev=256 t=1477.3s remaining=1748
    iter=253 E=-2.1663451065 nfev=257 t=1482.6s remaining=1747
    iter=254 E=-2.1663665027 nfev=258 t=1488.5s remaining=1746
    iter=255 E=-2.1663848645 nfev=259 t=1495.4s remaining=1745
    iter=256 E=-2.1664003718 nfev=260 t=1502.7s remaining=1744
    iter=257 E=-2.1664154371 nfev=261 t=1508.7s remaining=1743
    iter=258 E=-2.1664307064 nfev=262 t=1514.9s remaining=1742
    iter=259 E=-2.1664499645 nfev=263 t=1523.8s remaining=1741
    iter=260 E=-2.1664701175 nfev=264 t=1531.5s remaining=1740
    iter=261 E=-2.1664911266 nfev=265 t=1538.2s remaining=1739
    iter=262 E=-2.1665129099 nfev=266 t=1545.1s remaining=1738
    iter=263 E=-2.1665357646 nfev=267 t=1551.2s remaining=1737
    iter=264 E=-2.1665602229 nfev=268 t=1556.8s remaining=1736
    iter=265 E=-2.1665853020 nfev=269 t=1558.9s remaining=1735
    iter=266 E=-2.1666048540 nfev=270 t=1563.6s remaining=1734
    iter=267 E=-2.1666208130 nfev=271 t=1569.2s remaining=1733
    iter=268 E=-2.1666358575 nfev=272 t=1575.6s remaining=1732
    iter=269 E=-2.1666530194 nfev=273 t=1579.2s remaining=1731
    iter=270 E=-2.1666714719 nfev=274 t=1582.1s remaining=1730
    iter=271 E=-2.1666932889 nfev=275 t=1590.1s remaining=1729
    iter=272 E=-2.1667173664 nfev=276 t=1597.4s remaining=1728
    iter=273 E=-2.1667400144 nfev=277 t=1605.2s remaining=1727
    iter=274 E=-2.1667601381 nfev=278 t=1610.4s remaining=1726
    iter=275 E=-2.1667772633 nfev=279 t=1616.3s remaining=1725
    iter=276 E=-2.1667942830 nfev=280 t=1627.1s remaining=1724
    iter=277 E=-2.1668097924 nfev=281 t=1636.9s remaining=1723
    iter=278 E=-2.1668285509 nfev=282 t=1641.1s remaining=1722
    iter=279 E=-2.1668439857 nfev=283 t=1648.4s remaining=1721
    iter=280 E=-2.1668579501 nfev=284 t=1653.1s remaining=1720
    iter=281 E=-2.1668731318 nfev=285 t=1657.2s remaining=1719
    iter=282 E=-2.1668892216 nfev=286 t=1664.4s remaining=1718
    iter=283 E=-2.1669055613 nfev=287 t=1671.7s remaining=1717
    iter=284 E=-2.1669235229 nfev=288 t=1677.8s remaining=1716
    iter=285 E=-2.1669450311 nfev=289 t=1682.3s remaining=1715
    iter=286 E=-2.1669711063 nfev=290 t=1683.6s remaining=1714
    iter=287 E=-2.1669961819 nfev=291 t=1689.6s remaining=1713
    iter=288 E=-2.1670156147 nfev=292 t=1696.1s remaining=1712
    iter=289 E=-2.1670304169 nfev=293 t=1701.6s remaining=1711
    iter=290 E=-2.1670467305 nfev=294 t=1710.5s remaining=1710
    iter=291 E=-2.1670653968 nfev=295 t=1714.7s remaining=1709
    iter=292 E=-2.1670862245 nfev=296 t=1720.9s remaining=1708
    iter=293 E=-2.1671027577 nfev=297 t=1725.9s remaining=1707
    iter=294 E=-2.1671173493 nfev=298 t=1731.3s remaining=1706
    iter=295 E=-2.1671305046 nfev=299 t=1737.6s remaining=1705
    iter=296 E=-2.1671437736 nfev=300 t=1745.2s remaining=1704
    iter=297 E=-2.1671573502 nfev=301 t=1749.5s remaining=1703
    iter=298 E=-2.1671744620 nfev=302 t=1755.6s remaining=1702
    iter=299 E=-2.1671906528 nfev=303 t=1762.9s remaining=1701
    iter=300 E=-2.1672106366 nfev=304 t=1768.8s remaining=1700
    iter=301 E=-2.1672280959 nfev=305 t=1774.6s remaining=1699
    iter=302 E=-2.1672446747 nfev=306 t=1781.9s remaining=1698
    iter=303 E=-2.1672611190 nfev=307 t=1788.9s remaining=1697
    iter=304 E=-2.1672775320 nfev=308 t=1793.0s remaining=1696
    iter=305 E=-2.1672925424 nfev=309 t=1799.5s remaining=1695
    iter=306 E=-2.1673078564 nfev=310 t=1805.1s remaining=1694
    iter=307 E=-2.1673232187 nfev=311 t=1811.1s remaining=1693
    iter=308 E=-2.1673376864 nfev=312 t=1816.2s remaining=1692
    iter=309 E=-2.1673505613 nfev=313 t=1820.7s remaining=1691
    iter=310 E=-2.1673620439 nfev=314 t=1831.2s remaining=1690
    iter=311 E=-2.1673753274 nfev=315 t=1836.8s remaining=1689
    iter=312 E=-2.1673926866 nfev=316 t=1843.7s remaining=1688
    iter=313 E=-2.1674150130 nfev=317 t=1850.7s remaining=1687
    iter=314 E=-2.1674408476 nfev=318 t=1856.7s remaining=1686
    iter=315 E=-2.1674596812 nfev=319 t=1860.0s remaining=1685
    iter=316 E=-2.1674704922 nfev=320 t=1865.6s remaining=1684
    iter=317 E=-2.1674805435 nfev=321 t=1869.9s remaining=1683
    iter=318 E=-2.1674933725 nfev=322 t=1874.1s remaining=1682
    iter=319 E=-2.1675103179 nfev=323 t=1878.6s remaining=1681
    iter=320 E=-2.1675289998 nfev=324 t=1881.7s remaining=1680
    iter=321 E=-2.1675452661 nfev=325 t=1886.1s remaining=1679
    iter=322 E=-2.1675565801 nfev=326 t=1889.9s remaining=1678
    iter=323 E=-2.1675680211 nfev=327 t=1895.2s remaining=1677
    iter=324 E=-2.1675825786 nfev=328 t=1904.0s remaining=1676
    iter=325 E=-2.1676027881 nfev=329 t=1908.5s remaining=1675
    iter=326 E=-2.1676251635 nfev=330 t=1916.5s remaining=1674
    iter=327 E=-2.1676488859 nfev=331 t=1922.7s remaining=1673
    iter=328 E=-2.1676765302 nfev=332 t=1925.5s remaining=1672
    iter=329 E=-2.1677098026 nfev=333 t=1929.2s remaining=1671
    iter=330 E=-2.1677451384 nfev=334 t=1935.3s remaining=1670
    iter=331 E=-2.1677810995 nfev=335 t=1941.5s remaining=1669
    iter=332 E=-2.1678117857 nfev=336 t=1949.3s remaining=1668
    iter=333 E=-2.1678354714 nfev=337 t=1956.0s remaining=1667
    iter=334 E=-2.1678515100 nfev=338 t=1960.9s remaining=1666
    iter=335 E=-2.1678646286 nfev=339 t=1969.7s remaining=1665
    iter=336 E=-2.1678773717 nfev=340 t=1975.9s remaining=1664
    iter=337 E=-2.1678866600 nfev=341 t=1980.9s remaining=1663
    iter=338 E=-2.1678966325 nfev=342 t=1985.1s remaining=1662
    iter=339 E=-2.1679051249 nfev=343 t=1992.2s remaining=1661
    iter=340 E=-2.1679121500 nfev=344 t=1997.2s remaining=1660
    iter=341 E=-2.1679199251 nfev=345 t=2001.1s remaining=1659
    iter=342 E=-2.1679296834 nfev=346 t=2005.6s remaining=1658
    iter=343 E=-2.1679397469 nfev=347 t=2011.1s remaining=1657
    iter=344 E=-2.1679518435 nfev=348 t=2017.7s remaining=1656
    iter=345 E=-2.1679645492 nfev=349 t=2023.0s remaining=1655
    iter=346 E=-2.1679765013 nfev=350 t=2029.9s remaining=1654
    iter=347 E=-2.1679877929 nfev=351 t=2034.8s remaining=1653
    iter=348 E=-2.1679994783 nfev=352 t=2039.0s remaining=1652
    iter=349 E=-2.1680115276 nfev=353 t=2040.8s remaining=1651
    iter=350 E=-2.1680255150 nfev=354 t=2044.3s remaining=1650
    iter=351 E=-2.1680394688 nfev=355 t=2051.1s remaining=1649
    iter=352 E=-2.1680510030 nfev=356 t=2055.2s remaining=1648
    iter=353 E=-2.1680581081 nfev=357 t=2059.3s remaining=1647
    iter=354 E=-2.1680644318 nfev=358 t=2061.7s remaining=1646
    iter=355 E=-2.1680718841 nfev=359 t=2066.6s remaining=1645
    iter=356 E=-2.1680794914 nfev=360 t=2069.6s remaining=1644
    iter=357 E=-2.1680878203 nfev=361 t=2071.6s remaining=1643
    iter=358 E=-2.1680977434 nfev=362 t=2074.4s remaining=1642
    iter=359 E=-2.1681101115 nfev=363 t=2078.7s remaining=1641
    iter=360 E=-2.1681266104 nfev=364 t=2083.6s remaining=1640
    iter=361 E=-2.1681458356 nfev=365 t=2087.7s remaining=1639
    iter=362 E=-2.1681625747 nfev=366 t=2094.3s remaining=1638
    iter=363 E=-2.1681769550 nfev=367 t=2099.7s remaining=1637
    iter=364 E=-2.1681876401 nfev=368 t=2105.4s remaining=1636
    iter=365 E=-2.1681952326 nfev=369 t=2113.1s remaining=1635
    iter=366 E=-2.1682015189 nfev=370 t=2119.1s remaining=1634
    iter=367 E=-2.1682097599 nfev=371 t=2123.1s remaining=1633
    iter=368 E=-2.1682178213 nfev=372 t=2130.4s remaining=1632
    iter=369 E=-2.1682270129 nfev=373 t=2139.8s remaining=1631
    iter=370 E=-2.1682374515 nfev=374 t=2146.3s remaining=1630
    iter=371 E=-2.1682490721 nfev=375 t=2149.5s remaining=1629
    iter=372 E=-2.1682623466 nfev=376 t=2154.4s remaining=1628
    iter=373 E=-2.1682792129 nfev=377 t=2163.4s remaining=1627
    iter=374 E=-2.1682931799 nfev=378 t=2170.4s remaining=1626
    iter=375 E=-2.1683077127 nfev=379 t=2175.9s remaining=1625
    iter=376 E=-2.1683238086 nfev=380 t=2181.2s remaining=1624
    iter=377 E=-2.1683371594 nfev=381 t=2188.3s remaining=1623
    iter=378 E=-2.1683499821 nfev=382 t=2195.8s remaining=1622
    iter=379 E=-2.1683618283 nfev=383 t=2202.5s remaining=1621
    iter=380 E=-2.1683706910 nfev=384 t=2207.1s remaining=1620
    iter=381 E=-2.1683780615 nfev=385 t=2212.2s remaining=1619
    iter=382 E=-2.1683856623 nfev=386 t=2218.4s remaining=1618
    iter=383 E=-2.1683940994 nfev=387 t=2223.9s remaining=1617
    iter=384 E=-2.1684055200 nfev=388 t=2225.4s remaining=1616
    iter=385 E=-2.1684212308 nfev=389 t=2227.0s remaining=1615
    iter=386 E=-2.1684388525 nfev=390 t=2233.0s remaining=1614
    iter=387 E=-2.1684564544 nfev=391 t=2239.3s remaining=1613
    iter=388 E=-2.1684711573 nfev=392 t=2242.3s remaining=1612
    iter=389 E=-2.1684940640 nfev=393 t=2245.7s remaining=1611
    iter=390 E=-2.1685269144 nfev=394 t=2252.5s remaining=1610
    iter=391 E=-2.1685533308 nfev=395 t=2258.3s remaining=1609
    iter=392 E=-2.1685703046 nfev=396 t=2264.4s remaining=1608
    iter=393 E=-2.1685863836 nfev=397 t=2270.6s remaining=1607
    iter=394 E=-2.1685998451 nfev=398 t=2277.5s remaining=1606
    iter=395 E=-2.1686117475 nfev=399 t=2283.5s remaining=1605
    iter=396 E=-2.1686243755 nfev=400 t=2291.5s remaining=1604
    iter=397 E=-2.1686327858 nfev=401 t=2298.2s remaining=1603
    iter=398 E=-2.1686414547 nfev=402 t=2303.1s remaining=1602
    iter=399 E=-2.1686547080 nfev=403 t=2308.1s remaining=1601
    iter=400 E=-2.1686731861 nfev=404 t=2315.2s remaining=1600
    iter=401 E=-2.1686843713 nfev=405 t=2318.9s remaining=1599
    iter=402 E=-2.1686972378 nfev=406 t=2321.9s remaining=1598
    iter=403 E=-2.1687073303 nfev=407 t=2328.2s remaining=1597
    iter=404 E=-2.1687196164 nfev=408 t=2334.6s remaining=1596
    iter=405 E=-2.1687308193 nfev=409 t=2341.1s remaining=1595
    iter=406 E=-2.1687381519 nfev=410 t=2347.4s remaining=1594
    iter=407 E=-2.1687465118 nfev=411 t=2355.4s remaining=1593
    iter=408 E=-2.1687577798 nfev=412 t=2360.1s remaining=1592
    iter=409 E=-2.1687734494 nfev=413 t=2367.3s remaining=1591
    iter=410 E=-2.1687939569 nfev=414 t=2373.2s remaining=1590
    iter=411 E=-2.1688189192 nfev=415 t=2380.2s remaining=1589
    iter=412 E=-2.1688452306 nfev=416 t=2385.3s remaining=1588
    iter=413 E=-2.1688744393 nfev=417 t=2390.9s remaining=1587
    iter=414 E=-2.1689027246 nfev=418 t=2394.1s remaining=1586
    iter=415 E=-2.1689208534 nfev=419 t=2400.5s remaining=1585
    iter=416 E=-2.1689339020 nfev=420 t=2405.4s remaining=1584
    iter=417 E=-2.1689464204 nfev=421 t=2412.0s remaining=1583
    iter=418 E=-2.1689546489 nfev=422 t=2419.6s remaining=1582
    iter=419 E=-2.1689668704 nfev=423 t=2428.1s remaining=1581
    iter=420 E=-2.1689833194 nfev=424 t=2435.3s remaining=1580
    iter=421 E=-2.1689989006 nfev=425 t=2441.8s remaining=1579
    iter=422 E=-2.1690138718 nfev=426 t=2447.4s remaining=1578
    iter=423 E=-2.1690369358 nfev=427 t=2451.3s remaining=1577
    iter=424 E=-2.1690715218 nfev=428 t=2456.6s remaining=1576
    iter=425 E=-2.1691149436 nfev=429 t=2461.1s remaining=1575
    iter=426 E=-2.1691466674 nfev=430 t=2464.3s remaining=1574
    iter=427 E=-2.1691838807 nfev=431 t=2468.9s remaining=1573
    iter=428 E=-2.1692107943 nfev=432 t=2475.7s remaining=1572
    iter=429 E=-2.1692418610 nfev=433 t=2482.5s remaining=1571
    iter=430 E=-2.1692551699 nfev=434 t=2485.6s remaining=1570
    iter=431 E=-2.1692721839 nfev=435 t=2492.1s remaining=1569
    iter=432 E=-2.1692853629 nfev=436 t=2497.6s remaining=1568
    iter=433 E=-2.1692998727 nfev=437 t=2505.5s remaining=1567
    iter=434 E=-2.1693185011 nfev=438 t=2510.0s remaining=1566
    iter=435 E=-2.1693266641 nfev=439 t=2518.1s remaining=1565
    iter=436 E=-2.1693399299 nfev=440 t=2523.4s remaining=1564
    iter=437 E=-2.1693593407 nfev=441 t=2528.3s remaining=1563
    iter=438 E=-2.1693823799 nfev=442 t=2531.5s remaining=1562
    iter=439 E=-2.1694022028 nfev=443 t=2534.7s remaining=1561
    iter=440 E=-2.1694288302 nfev=444 t=2541.1s remaining=1560
    iter=441 E=-2.1694557587 nfev=445 t=2547.4s remaining=1559
    iter=442 E=-2.1694710631 nfev=446 t=2553.3s remaining=1558
    iter=443 E=-2.1694859167 nfev=447 t=2560.6s remaining=1557
    iter=444 E=-2.1694996039 nfev=448 t=2566.0s remaining=1556
    iter=445 E=-2.1695102162 nfev=449 t=2570.3s remaining=1555
    iter=446 E=-2.1695224562 nfev=450 t=2574.7s remaining=1554
    iter=447 E=-2.1695342843 nfev=451 t=2579.2s remaining=1553
    iter=448 E=-2.1695453319 nfev=452 t=2586.3s remaining=1552
    iter=449 E=-2.1695610228 nfev=453 t=2594.5s remaining=1551
    iter=450 E=-2.1695842182 nfev=454 t=2602.4s remaining=1550
    iter=451 E=-2.1696125638 nfev=455 t=2606.0s remaining=1549
    iter=452 E=-2.1696324496 nfev=456 t=2614.2s remaining=1548
    iter=453 E=-2.1696491132 nfev=457 t=2618.8s remaining=1547
    iter=454 E=-2.1696649692 nfev=458 t=2624.6s remaining=1546
    iter=455 E=-2.1696791861 nfev=459 t=2630.6s remaining=1545
    iter=456 E=-2.1696930581 nfev=460 t=2638.0s remaining=1544
    iter=457 E=-2.1697074292 nfev=461 t=2641.6s remaining=1543
    iter=458 E=-2.1697249583 nfev=462 t=2648.7s remaining=1542
    iter=459 E=-2.1697416626 nfev=463 t=2655.5s remaining=1541
    iter=460 E=-2.1697579554 nfev=464 t=2661.0s remaining=1540
    iter=461 E=-2.1697738443 nfev=465 t=2666.9s remaining=1539
    iter=462 E=-2.1697871075 nfev=466 t=2668.6s remaining=1538
    iter=463 E=-2.1698006642 nfev=467 t=2675.8s remaining=1537
    iter=464 E=-2.1698126155 nfev=468 t=2681.5s remaining=1536
    iter=465 E=-2.1698242136 nfev=469 t=2686.6s remaining=1535
    iter=466 E=-2.1698375856 nfev=470 t=2692.9s remaining=1534
    iter=467 E=-2.1698507774 nfev=471 t=2697.6s remaining=1533
    iter=468 E=-2.1698601083 nfev=472 t=2702.3s remaining=1532
    iter=469 E=-2.1698670592 nfev=473 t=2708.5s remaining=1531
    iter=470 E=-2.1698759005 nfev=474 t=2716.0s remaining=1530
    iter=471 E=-2.1698862530 nfev=475 t=2722.8s remaining=1529
    iter=472 E=-2.1698962905 nfev=476 t=2729.5s remaining=1528
    iter=473 E=-2.1699099671 nfev=477 t=2735.1s remaining=1527
    iter=474 E=-2.1699239039 nfev=478 t=2741.9s remaining=1526
    iter=475 E=-2.1699348314 nfev=479 t=2748.2s remaining=1525
    iter=476 E=-2.1699466406 nfev=480 t=2756.0s remaining=1524
    iter=477 E=-2.1699573583 nfev=481 t=2762.4s remaining=1523
    iter=478 E=-2.1699670708 nfev=482 t=2767.8s remaining=1522
    iter=479 E=-2.1699777667 nfev=483 t=2774.3s remaining=1521
    iter=480 E=-2.1699880601 nfev=484 t=2779.7s remaining=1520
    iter=481 E=-2.1699981137 nfev=485 t=2785.1s remaining=1519
    iter=482 E=-2.1700071239 nfev=486 t=2793.8s remaining=1518
    iter=483 E=-2.1700155123 nfev=487 t=2799.4s remaining=1517
    iter=484 E=-2.1700229762 nfev=488 t=2806.3s remaining=1516
    iter=485 E=-2.1700308310 nfev=489 t=2813.3s remaining=1515
    iter=486 E=-2.1700395699 nfev=490 t=2818.8s remaining=1514
    iter=487 E=-2.1700507424 nfev=491 t=2826.1s remaining=1513
    iter=488 E=-2.1700642133 nfev=492 t=2830.2s remaining=1512
    iter=489 E=-2.1700802791 nfev=493 t=2833.1s remaining=1511
    iter=490 E=-2.1700947902 nfev=494 t=2838.8s remaining=1510
    iter=491 E=-2.1701070614 nfev=495 t=2843.7s remaining=1509
    iter=492 E=-2.1701200200 nfev=496 t=2847.1s remaining=1508
    iter=493 E=-2.1701374721 nfev=497 t=2849.7s remaining=1507
    iter=494 E=-2.1701584925 nfev=498 t=2855.3s remaining=1506
    iter=495 E=-2.1701734511 nfev=499 t=2860.1s remaining=1505
    iter=496 E=-2.1701852099 nfev=500 t=2866.0s remaining=1504
    iter=497 E=-2.1701937562 nfev=501 t=2874.2s remaining=1503
    iter=498 E=-2.1701996294 nfev=502 t=2881.2s remaining=1502
    iter=499 E=-2.1702073404 nfev=503 t=2888.9s remaining=1501
    iter=500 E=-2.1702173940 nfev=504 t=2895.2s remaining=1500
    iter=501 E=-2.1702282666 nfev=505 t=2902.5s remaining=1499
    iter=502 E=-2.1702372976 nfev=506 t=2908.7s remaining=1498
    iter=503 E=-2.1702444231 nfev=507 t=2916.7s remaining=1497
    iter=504 E=-2.1702520110 nfev=508 t=2922.3s remaining=1496
    iter=505 E=-2.1702608364 nfev=509 t=2926.7s remaining=1495
    iter=506 E=-2.1702689199 nfev=510 t=2931.4s remaining=1494
    iter=507 E=-2.1702798172 nfev=511 t=2937.9s remaining=1493
    iter=508 E=-2.1702933699 nfev=512 t=2943.6s remaining=1492
    iter=509 E=-2.1703051173 nfev=513 t=2951.7s remaining=1491
    iter=510 E=-2.1703155827 nfev=514 t=2958.2s remaining=1490
    iter=511 E=-2.1703247512 nfev=515 t=2963.0s remaining=1489
    iter=512 E=-2.1703340102 nfev=516 t=2971.1s remaining=1488
    iter=513 E=-2.1703432921 nfev=517 t=2978.4s remaining=1487
    iter=514 E=-2.1703546427 nfev=518 t=2986.7s remaining=1486
    iter=515 E=-2.1703665292 nfev=519 t=2992.1s remaining=1485
    iter=516 E=-2.1703755316 nfev=520 t=2996.9s remaining=1484
    iter=517 E=-2.1703821111 nfev=521 t=3003.2s remaining=1483
    iter=518 E=-2.1703870074 nfev=522 t=3009.0s remaining=1482
    iter=519 E=-2.1703921718 nfev=523 t=3013.6s remaining=1481
    iter=520 E=-2.1703992836 nfev=524 t=3015.3s remaining=1480
    iter=521 E=-2.1704087460 nfev=525 t=3021.9s remaining=1479
    iter=522 E=-2.1704163165 nfev=526 t=3028.2s remaining=1478
    iter=523 E=-2.1704248607 nfev=527 t=3032.2s remaining=1477
    iter=524 E=-2.1704353578 nfev=528 t=3040.0s remaining=1476
    iter=525 E=-2.1704496622 nfev=529 t=3045.8s remaining=1475
    iter=526 E=-2.1704689376 nfev=530 t=3049.8s remaining=1474
    iter=527 E=-2.1704889370 nfev=531 t=3053.8s remaining=1473
    iter=528 E=-2.1705039965 nfev=532 t=3060.5s remaining=1472
    iter=529 E=-2.1705146185 nfev=533 t=3064.4s remaining=1471
    iter=530 E=-2.1705231986 nfev=534 t=3067.8s remaining=1470
    iter=531 E=-2.1705308029 nfev=535 t=3073.6s remaining=1469
    iter=532 E=-2.1705374932 nfev=536 t=3077.8s remaining=1468
    iter=533 E=-2.1705443176 nfev=537 t=3082.8s remaining=1467
    iter=534 E=-2.1705522942 nfev=538 t=3090.2s remaining=1466
    iter=535 E=-2.1705617468 nfev=539 t=3095.3s remaining=1465
    iter=536 E=-2.1705714395 nfev=540 t=3099.6s remaining=1464
    iter=537 E=-2.1705811721 nfev=541 t=3106.0s remaining=1463
    iter=538 E=-2.1705916264 nfev=542 t=3110.1s remaining=1462
    iter=539 E=-2.1706038861 nfev=543 t=3116.5s remaining=1461
    iter=540 E=-2.1706221694 nfev=544 t=3122.0s remaining=1460
    iter=541 E=-2.1706455405 nfev=545 t=3130.2s remaining=1459
    iter=542 E=-2.1706631871 nfev=546 t=3135.3s remaining=1458
    iter=543 E=-2.1706772994 nfev=547 t=3141.0s remaining=1457
    iter=544 E=-2.1706841750 nfev=548 t=3147.6s remaining=1456
    iter=545 E=-2.1706891581 nfev=549 t=3152.8s remaining=1455
    iter=546 E=-2.1706933496 nfev=550 t=3159.1s remaining=1454
    iter=547 E=-2.1706979004 nfev=551 t=3165.6s remaining=1453
    iter=548 E=-2.1707021402 nfev=552 t=3171.8s remaining=1452
    iter=549 E=-2.1707086725 nfev=553 t=3178.0s remaining=1451
    iter=550 E=-2.1707192467 nfev=554 t=3183.8s remaining=1450
    iter=551 E=-2.1707349173 nfev=555 t=3188.6s remaining=1449
    iter=552 E=-2.1707524084 nfev=556 t=3191.0s remaining=1448
    iter=553 E=-2.1707694959 nfev=557 t=3195.5s remaining=1447
    iter=554 E=-2.1707897051 nfev=558 t=3201.1s remaining=1446
    iter=555 E=-2.1708033544 nfev=559 t=3204.1s remaining=1445
    iter=556 E=-2.1708125526 nfev=560 t=3206.2s remaining=1444
    iter=557 E=-2.1708190935 nfev=561 t=3211.8s remaining=1443
    iter=558 E=-2.1708283438 nfev=562 t=3216.9s remaining=1442
    iter=559 E=-2.1708378614 nfev=563 t=3222.6s remaining=1441
    iter=560 E=-2.1708444882 nfev=564 t=3229.6s remaining=1440
    iter=561 E=-2.1708531049 nfev=565 t=3235.4s remaining=1439
    iter=562 E=-2.1708633800 nfev=566 t=3238.0s remaining=1438
    iter=563 E=-2.1708734057 nfev=567 t=3244.4s remaining=1437
    iter=564 E=-2.1708839216 nfev=568 t=3249.9s remaining=1436
    iter=565 E=-2.1708948901 nfev=569 t=3255.2s remaining=1435
    iter=566 E=-2.1709064578 nfev=570 t=3260.8s remaining=1434
    iter=567 E=-2.1709157867 nfev=571 t=3263.5s remaining=1433
    iter=568 E=-2.1709250128 nfev=572 t=3268.1s remaining=1432
    iter=569 E=-2.1709356044 nfev=573 t=3272.6s remaining=1431
    iter=570 E=-2.1709491700 nfev=574 t=3278.2s remaining=1430
    iter=571 E=-2.1709625200 nfev=575 t=3280.9s remaining=1429
    iter=572 E=-2.1709735046 nfev=576 t=3288.7s remaining=1428
    iter=573 E=-2.1709825982 nfev=577 t=3294.5s remaining=1427
    iter=574 E=-2.1709896887 nfev=578 t=3299.8s remaining=1426
    iter=575 E=-2.1709956710 nfev=579 t=3303.8s remaining=1425
    iter=576 E=-2.1710012984 nfev=580 t=3310.3s remaining=1424
    iter=577 E=-2.1710073747 nfev=581 t=3316.3s remaining=1423
    iter=578 E=-2.1710125761 nfev=582 t=3319.9s remaining=1422
    iter=579 E=-2.1710174300 nfev=583 t=3323.6s remaining=1421
    iter=580 E=-2.1710220380 nfev=584 t=3329.5s remaining=1420
    iter=581 E=-2.1710274621 nfev=585 t=3334.8s remaining=1419
    iter=582 E=-2.1710352165 nfev=586 t=3341.7s remaining=1418
    iter=583 E=-2.1710450521 nfev=587 t=3350.0s remaining=1417
    iter=584 E=-2.1710539048 nfev=588 t=3353.6s remaining=1416
    iter=585 E=-2.1710653955 nfev=589 t=3359.5s remaining=1415
    iter=586 E=-2.1710782473 nfev=590 t=3365.5s remaining=1414
    iter=587 E=-2.1710883634 nfev=591 t=3370.6s remaining=1413
    iter=588 E=-2.1710957872 nfev=592 t=3372.9s remaining=1412
    iter=589 E=-2.1711004938 nfev=593 t=3377.9s remaining=1411
    iter=590 E=-2.1711035790 nfev=594 t=3383.7s remaining=1410
    iter=591 E=-2.1711060505 nfev=595 t=3390.2s remaining=1409
    iter=592 E=-2.1711083824 nfev=596 t=3396.0s remaining=1408
    iter=593 E=-2.1711111369 nfev=597 t=3401.6s remaining=1407
    iter=594 E=-2.1711153554 nfev=598 t=3406.4s remaining=1406
    iter=595 E=-2.1711217172 nfev=599 t=3413.8s remaining=1405
    iter=596 E=-2.1711289654 nfev=600 t=3421.4s remaining=1404
    iter=597 E=-2.1711344939 nfev=601 t=3429.0s remaining=1403
    iter=598 E=-2.1711403910 nfev=602 t=3432.0s remaining=1402
    iter=599 E=-2.1711461069 nfev=603 t=3436.5s remaining=1401
    iter=600 E=-2.1711521871 nfev=604 t=3444.1s remaining=1400
    iter=601 E=-2.1711589969 nfev=605 t=3449.0s remaining=1399
    iter=602 E=-2.1711680710 nfev=606 t=3452.0s remaining=1398
    iter=603 E=-2.1711760089 nfev=607 t=3455.8s remaining=1397
    iter=604 E=-2.1711823696 nfev=608 t=3463.3s remaining=1396
    iter=605 E=-2.1711881961 nfev=609 t=3466.4s remaining=1395
    iter=606 E=-2.1711930092 nfev=610 t=3470.7s remaining=1394
    iter=607 E=-2.1711969786 nfev=611 t=3475.4s remaining=1393
    iter=608 E=-2.1712020136 nfev=612 t=3481.2s remaining=1392
    iter=609 E=-2.1712072166 nfev=613 t=3485.7s remaining=1391
    iter=610 E=-2.1712118196 nfev=614 t=3488.6s remaining=1390
    iter=611 E=-2.1712161209 nfev=615 t=3495.4s remaining=1389
    iter=612 E=-2.1712204792 nfev=616 t=3500.6s remaining=1388
    iter=613 E=-2.1712243722 nfev=617 t=3508.8s remaining=1387
    iter=614 E=-2.1712272684 nfev=618 t=3512.9s remaining=1386
    iter=615 E=-2.1712309141 nfev=619 t=3518.5s remaining=1385
    iter=616 E=-2.1712358632 nfev=620 t=3523.4s remaining=1384
    iter=617 E=-2.1712432614 nfev=621 t=3526.0s remaining=1383
    iter=618 E=-2.1712517865 nfev=622 t=3537.4s remaining=1382
    iter=619 E=-2.1712569868 nfev=623 t=3543.0s remaining=1381
    iter=620 E=-2.1712622213 nfev=624 t=3548.0s remaining=1380
    iter=621 E=-2.1712683355 nfev=625 t=3555.5s remaining=1379
    iter=622 E=-2.1712738225 nfev=626 t=3558.0s remaining=1378
    iter=623 E=-2.1712793005 nfev=627 t=3563.4s remaining=1377
    iter=624 E=-2.1712845466 nfev=628 t=3568.5s remaining=1376
    iter=625 E=-2.1712897482 nfev=629 t=3574.5s remaining=1375
    iter=626 E=-2.1712952632 nfev=630 t=3580.7s remaining=1374
    iter=627 E=-2.1713024833 nfev=631 t=3584.1s remaining=1373
    iter=628 E=-2.1713112443 nfev=632 t=3590.6s remaining=1372
    iter=629 E=-2.1713200258 nfev=633 t=3596.3s remaining=1371
    iter=630 E=-2.1713289198 nfev=634 t=3600.1s remaining=1370
    iter=631 E=-2.1713365229 nfev=635 t=3605.8s remaining=1369
    iter=632 E=-2.1713434769 nfev=636 t=3611.9s remaining=1368
    iter=633 E=-2.1713509863 nfev=637 t=3616.4s remaining=1367
    iter=634 E=-2.1713585402 nfev=638 t=3623.4s remaining=1366
    iter=635 E=-2.1713647090 nfev=639 t=3628.5s remaining=1365
    iter=636 E=-2.1713686846 nfev=640 t=3635.1s remaining=1364
    iter=637 E=-2.1713710740 nfev=641 t=3642.7s remaining=1363
    iter=638 E=-2.1713738984 nfev=642 t=3648.5s remaining=1362
    iter=639 E=-2.1713783441 nfev=643 t=3653.4s remaining=1361
    iter=640 E=-2.1713842112 nfev=644 t=3659.0s remaining=1360
    iter=641 E=-2.1713882301 nfev=645 t=3663.2s remaining=1359
    iter=642 E=-2.1713917446 nfev=646 t=3669.2s remaining=1358
    iter=643 E=-2.1713956405 nfev=647 t=3676.1s remaining=1357
    iter=644 E=-2.1714003071 nfev=648 t=3681.8s remaining=1356
    iter=645 E=-2.1714064332 nfev=649 t=3688.9s remaining=1355
    iter=646 E=-2.1714149084 nfev=650 t=3695.7s remaining=1354
    iter=647 E=-2.1714222431 nfev=651 t=3704.2s remaining=1353
    iter=648 E=-2.1714283818 nfev=652 t=3710.3s remaining=1352
    iter=649 E=-2.1714355678 nfev=653 t=3716.2s remaining=1351
    iter=650 E=-2.1714410856 nfev=654 t=3720.2s remaining=1350
    iter=651 E=-2.1714457964 nfev=655 t=3725.1s remaining=1349
    iter=652 E=-2.1714505474 nfev=656 t=3730.3s remaining=1348
    iter=653 E=-2.1714548706 nfev=657 t=3738.1s remaining=1347
    iter=654 E=-2.1714580372 nfev=658 t=3741.9s remaining=1346
    iter=655 E=-2.1714625755 nfev=659 t=3747.3s remaining=1345
    iter=656 E=-2.1714685944 nfev=660 t=3752.8s remaining=1344
    iter=657 E=-2.1714750480 nfev=661 t=3759.3s remaining=1343
    iter=658 E=-2.1714845273 nfev=662 t=3762.6s remaining=1342
    iter=659 E=-2.1714960029 nfev=663 t=3770.7s remaining=1341
    iter=660 E=-2.1715066386 nfev=664 t=3774.4s remaining=1340
    iter=661 E=-2.1715154074 nfev=665 t=3780.8s remaining=1339
    iter=662 E=-2.1715218819 nfev=666 t=3785.5s remaining=1338
    iter=663 E=-2.1715262935 nfev=667 t=3790.7s remaining=1337
    iter=664 E=-2.1715285903 nfev=668 t=3796.9s remaining=1336
    iter=665 E=-2.1715307093 nfev=669 t=3800.6s remaining=1335
    iter=666 E=-2.1715325687 nfev=670 t=3805.1s remaining=1334
    iter=667 E=-2.1715343035 nfev=671 t=3809.2s remaining=1333
    iter=668 E=-2.1715366849 nfev=672 t=3814.0s remaining=1332
    iter=669 E=-2.1715393882 nfev=673 t=3819.2s remaining=1331
    iter=670 E=-2.1715430028 nfev=674 t=3822.4s remaining=1330
    iter=671 E=-2.1715481391 nfev=675 t=3828.3s remaining=1329
    iter=672 E=-2.1715551467 nfev=676 t=3835.1s remaining=1328
    iter=673 E=-2.1715633646 nfev=677 t=3842.5s remaining=1327
    iter=674 E=-2.1715712133 nfev=678 t=3846.7s remaining=1326
    iter=675 E=-2.1715773555 nfev=679 t=3852.1s remaining=1325
    iter=676 E=-2.1715820990 nfev=680 t=3857.6s remaining=1324
    iter=677 E=-2.1715860308 nfev=681 t=3861.6s remaining=1323
    iter=678 E=-2.1715894326 nfev=682 t=3868.6s remaining=1322
    iter=679 E=-2.1715921173 nfev=683 t=3874.7s remaining=1321
    iter=680 E=-2.1715947777 nfev=684 t=3881.4s remaining=1320
    iter=681 E=-2.1715975374 nfev=685 t=3887.5s remaining=1319
    iter=682 E=-2.1715999641 nfev=686 t=3894.6s remaining=1318
    iter=683 E=-2.1716019259 nfev=687 t=3900.6s remaining=1317
    iter=684 E=-2.1716038403 nfev=688 t=3904.4s remaining=1316
    iter=685 E=-2.1716058934 nfev=689 t=3907.4s remaining=1315
    iter=686 E=-2.1716082638 nfev=690 t=3911.9s remaining=1314
    iter=687 E=-2.1716119252 nfev=691 t=3917.9s remaining=1313
    iter=688 E=-2.1716178616 nfev=692 t=3922.2s remaining=1312
    iter=689 E=-2.1716268341 nfev=693 t=3929.5s remaining=1311
    iter=690 E=-2.1716368545 nfev=694 t=3934.2s remaining=1310
    iter=691 E=-2.1716442187 nfev=695 t=3937.5s remaining=1309
    iter=692 E=-2.1716499071 nfev=696 t=3942.2s remaining=1308
    iter=693 E=-2.1716522908 nfev=697 t=3946.2s remaining=1307
    iter=694 E=-2.1716542712 nfev=698 t=3951.1s remaining=1306
    iter=695 E=-2.1716562233 nfev=699 t=3957.7s remaining=1305
    iter=696 E=-2.1716584380 nfev=700 t=3960.3s remaining=1304
    iter=697 E=-2.1716599934 nfev=701 t=3962.3s remaining=1303
    iter=698 E=-2.1716619853 nfev=702 t=3966.7s remaining=1302
    iter=699 E=-2.1716651848 nfev=703 t=3973.1s remaining=1301
    iter=700 E=-2.1716705386 nfev=704 t=3979.6s remaining=1300
    iter=701 E=-2.1716792056 nfev=705 t=3987.2s remaining=1299
    iter=702 E=-2.1716915055 nfev=706 t=3992.8s remaining=1298
    iter=703 E=-2.1717020971 nfev=707 t=3996.9s remaining=1297
    iter=704 E=-2.1717112291 nfev=708 t=3999.0s remaining=1296
    iter=705 E=-2.1717195914 nfev=709 t=4006.4s remaining=1295
    iter=706 E=-2.1717267354 nfev=710 t=4011.5s remaining=1294
    iter=707 E=-2.1717307295 nfev=711 t=4015.3s remaining=1293
    iter=708 E=-2.1717341001 nfev=712 t=4017.6s remaining=1292
    iter=709 E=-2.1717366591 nfev=713 t=4022.8s remaining=1291
    iter=710 E=-2.1717387197 nfev=714 t=4029.9s remaining=1290
    iter=711 E=-2.1717408530 nfev=715 t=4035.9s remaining=1289
    iter=712 E=-2.1717431461 nfev=716 t=4041.7s remaining=1288
    iter=713 E=-2.1717459499 nfev=717 t=4050.1s remaining=1287
    iter=714 E=-2.1717503941 nfev=718 t=4056.6s remaining=1286
    iter=715 E=-2.1717574827 nfev=719 t=4059.6s remaining=1285
    iter=716 E=-2.1717677328 nfev=720 t=4066.1s remaining=1284
    iter=717 E=-2.1717781523 nfev=721 t=4072.2s remaining=1283
    iter=718 E=-2.1717886573 nfev=722 t=4078.0s remaining=1282
    iter=719 E=-2.1718000420 nfev=723 t=4083.4s remaining=1281
    iter=720 E=-2.1718077358 nfev=724 t=4089.3s remaining=1280
    iter=721 E=-2.1718118667 nfev=725 t=4093.8s remaining=1279
    iter=722 E=-2.1718159176 nfev=726 t=4099.8s remaining=1278
    iter=723 E=-2.1718190827 nfev=727 t=4106.3s remaining=1277
    iter=724 E=-2.1718209547 nfev=728 t=4110.6s remaining=1276
    iter=725 E=-2.1718231818 nfev=729 t=4116.6s remaining=1275
    iter=726 E=-2.1718266390 nfev=730 t=4121.6s remaining=1274
    iter=727 E=-2.1718311394 nfev=731 t=4129.2s remaining=1273
    iter=728 E=-2.1718370699 nfev=732 t=4133.9s remaining=1272
    iter=729 E=-2.1718445071 nfev=733 t=4145.1s remaining=1271
    iter=730 E=-2.1718527440 nfev=734 t=4149.4s remaining=1270
    iter=731 E=-2.1718585486 nfev=735 t=4155.4s remaining=1269
    iter=732 E=-2.1718654990 nfev=736 t=4161.8s remaining=1268
    iter=733 E=-2.1718748738 nfev=737 t=4164.1s remaining=1267
    iter=734 E=-2.1718835222 nfev=738 t=4165.7s remaining=1266
    iter=735 E=-2.1718895048 nfev=739 t=4167.0s remaining=1265
    iter=736 E=-2.1718941703 nfev=740 t=4169.6s remaining=1264
    iter=737 E=-2.1718987974 nfev=741 t=4171.5s remaining=1263
    iter=738 E=-2.1719017441 nfev=742 t=4176.5s remaining=1262
    iter=739 E=-2.1719045715 nfev=743 t=4182.4s remaining=1261
    iter=740 E=-2.1719070605 nfev=744 t=4191.1s remaining=1260
    iter=741 E=-2.1719088825 nfev=745 t=4193.6s remaining=1259
    iter=742 E=-2.1719112701 nfev=746 t=4197.3s remaining=1258
    iter=743 E=-2.1719137541 nfev=747 t=4202.5s remaining=1257
    iter=744 E=-2.1719158759 nfev=748 t=4211.3s remaining=1256
    iter=745 E=-2.1719185873 nfev=749 t=4216.9s remaining=1255
    iter=746 E=-2.1719216191 nfev=750 t=4223.5s remaining=1254
    iter=747 E=-2.1719243646 nfev=751 t=4229.1s remaining=1253
    iter=748 E=-2.1719280009 nfev=752 t=4235.7s remaining=1252
    iter=749 E=-2.1719334250 nfev=753 t=4240.6s remaining=1251
    iter=750 E=-2.1719404101 nfev=754 t=4247.4s remaining=1250
    iter=751 E=-2.1719457982 nfev=755 t=4249.4s remaining=1249
    iter=752 E=-2.1719523471 nfev=756 t=4253.4s remaining=1248
    iter=753 E=-2.1719579955 nfev=757 t=4258.0s remaining=1247
    iter=754 E=-2.1719619051 nfev=758 t=4265.5s remaining=1246
    iter=755 E=-2.1719648933 nfev=759 t=4270.8s remaining=1245
    iter=756 E=-2.1719670595 nfev=760 t=4273.9s remaining=1244
    iter=757 E=-2.1719686328 nfev=761 t=4281.1s remaining=1243
    iter=758 E=-2.1719705889 nfev=762 t=4287.6s remaining=1242
    iter=759 E=-2.1719734188 nfev=763 t=4293.6s remaining=1241
    iter=760 E=-2.1719773998 nfev=764 t=4300.4s remaining=1240
    iter=761 E=-2.1719824348 nfev=765 t=4307.0s remaining=1239
    iter=762 E=-2.1719880702 nfev=766 t=4315.8s remaining=1238
    iter=763 E=-2.1719946359 nfev=767 t=4321.2s remaining=1237
    iter=764 E=-2.1720003920 nfev=768 t=4326.2s remaining=1236
    iter=765 E=-2.1720050065 nfev=769 t=4330.3s remaining=1235
    iter=766 E=-2.1720084185 nfev=770 t=4335.9s remaining=1234
    iter=767 E=-2.1720108733 nfev=771 t=4343.1s remaining=1233
    iter=768 E=-2.1720133703 nfev=772 t=4350.4s remaining=1232
    iter=769 E=-2.1720168248 nfev=773 t=4354.5s remaining=1231
    iter=770 E=-2.1720215934 nfev=774 t=4359.1s remaining=1230
    iter=771 E=-2.1720259874 nfev=775 t=4366.8s remaining=1229
    iter=772 E=-2.1720297853 nfev=776 t=4370.9s remaining=1228
    iter=773 E=-2.1720343260 nfev=777 t=4377.4s remaining=1227
    iter=774 E=-2.1720396860 nfev=778 t=4386.4s remaining=1226
    iter=775 E=-2.1720456275 nfev=779 t=4395.0s remaining=1225
    iter=776 E=-2.1720517456 nfev=780 t=4401.2s remaining=1224
    iter=777 E=-2.1720567962 nfev=781 t=4406.9s remaining=1223
    iter=778 E=-2.1720605769 nfev=782 t=4416.0s remaining=1222
    iter=779 E=-2.1720640282 nfev=783 t=4420.5s remaining=1221
    iter=780 E=-2.1720681066 nfev=784 t=4425.3s remaining=1220
    iter=781 E=-2.1720721764 nfev=785 t=4431.2s remaining=1219
    iter=782 E=-2.1720755311 nfev=786 t=4437.9s remaining=1218
    iter=783 E=-2.1720782005 nfev=787 t=4447.1s remaining=1217
    iter=784 E=-2.1720807275 nfev=788 t=4453.4s remaining=1216
    iter=785 E=-2.1720829398 nfev=789 t=4459.5s remaining=1215
    iter=786 E=-2.1720851261 nfev=790 t=4465.7s remaining=1214
    iter=787 E=-2.1720872877 nfev=791 t=4471.8s remaining=1213
    iter=788 E=-2.1720899689 nfev=792 t=4475.0s remaining=1212
    iter=789 E=-2.1720930051 nfev=793 t=4479.2s remaining=1211
    iter=790 E=-2.1720973833 nfev=794 t=4480.8s remaining=1210
    iter=791 E=-2.1721035626 nfev=795 t=4485.0s remaining=1209
    iter=792 E=-2.1721113541 nfev=796 t=4494.6s remaining=1208
    iter=793 E=-2.1721188588 nfev=797 t=4500.9s remaining=1207
    iter=794 E=-2.1721250305 nfev=798 t=4507.7s remaining=1206
    iter=795 E=-2.1721288509 nfev=799 t=4515.0s remaining=1205
    iter=796 E=-2.1721319841 nfev=800 t=4519.4s remaining=1204
    iter=797 E=-2.1721354789 nfev=801 t=4524.6s remaining=1203
    iter=798 E=-2.1721398955 nfev=802 t=4529.6s remaining=1202
    iter=799 E=-2.1721439326 nfev=803 t=4535.3s remaining=1201
    iter=800 E=-2.1721480767 nfev=804 t=4538.1s remaining=1200
    iter=801 E=-2.1721525581 nfev=805 t=4543.0s remaining=1199
    iter=802 E=-2.1721563835 nfev=806 t=4548.4s remaining=1198
    iter=803 E=-2.1721601237 nfev=807 t=4554.5s remaining=1197
    iter=804 E=-2.1721628357 nfev=808 t=4560.4s remaining=1196
    iter=805 E=-2.1721652148 nfev=809 t=4564.2s remaining=1195
    iter=806 E=-2.1721677032 nfev=810 t=4573.6s remaining=1194
    iter=807 E=-2.1721699801 nfev=811 t=4580.9s remaining=1193
    iter=808 E=-2.1721724756 nfev=812 t=4585.9s remaining=1192
    iter=809 E=-2.1721756223 nfev=813 t=4590.0s remaining=1191
    iter=810 E=-2.1721792316 nfev=814 t=4592.9s remaining=1190
    iter=811 E=-2.1721839183 nfev=815 t=4601.1s remaining=1189
    iter=812 E=-2.1721876361 nfev=816 t=4608.9s remaining=1188
    iter=813 E=-2.1721928777 nfev=817 t=4615.8s remaining=1187
    iter=814 E=-2.1721989912 nfev=818 t=4622.9s remaining=1186
    iter=815 E=-2.1722035754 nfev=819 t=4629.0s remaining=1185
    iter=816 E=-2.1722082142 nfev=820 t=4632.9s remaining=1184
    iter=817 E=-2.1722129746 nfev=821 t=4638.4s remaining=1183
    iter=818 E=-2.1722174078 nfev=822 t=4645.9s remaining=1182
    iter=819 E=-2.1722219052 nfev=823 t=4653.6s remaining=1181
    iter=820 E=-2.1722251574 nfev=824 t=4656.0s remaining=1180
    iter=821 E=-2.1722276246 nfev=825 t=4662.3s remaining=1179
    iter=822 E=-2.1722291288 nfev=826 t=4669.8s remaining=1178
    iter=823 E=-2.1722302554 nfev=827 t=4675.9s remaining=1177
    iter=824 E=-2.1722314730 nfev=828 t=4679.0s remaining=1176
    iter=825 E=-2.1722331084 nfev=829 t=4685.8s remaining=1175
    iter=826 E=-2.1722347431 nfev=830 t=4688.8s remaining=1174
    iter=827 E=-2.1722366554 nfev=831 t=4691.8s remaining=1173
    iter=828 E=-2.1722389522 nfev=832 t=4698.5s remaining=1172
    iter=829 E=-2.1722417700 nfev=833 t=4704.1s remaining=1171
    iter=830 E=-2.1722454455 nfev=834 t=4711.5s remaining=1170
    iter=831 E=-2.1722498271 nfev=835 t=4718.7s remaining=1169
    iter=832 E=-2.1722542190 nfev=836 t=4727.1s remaining=1168
    iter=833 E=-2.1722581213 nfev=837 t=4733.4s remaining=1167
    iter=834 E=-2.1722613221 nfev=838 t=4735.3s remaining=1166
    iter=835 E=-2.1722637995 nfev=839 t=4741.3s remaining=1165
    iter=836 E=-2.1722665258 nfev=840 t=4747.2s remaining=1164
    iter=837 E=-2.1722691803 nfev=841 t=4749.1s remaining=1163
    iter=838 E=-2.1722721669 nfev=842 t=4756.3s remaining=1162
    iter=839 E=-2.1722750877 nfev=843 t=4763.3s remaining=1161
    iter=840 E=-2.1722775964 nfev=844 t=4768.8s remaining=1160
    iter=841 E=-2.1722795713 nfev=845 t=4775.7s remaining=1159
    iter=842 E=-2.1722810491 nfev=846 t=4781.1s remaining=1158
    iter=843 E=-2.1722823775 nfev=847 t=4787.1s remaining=1157
    iter=844 E=-2.1722839885 nfev=848 t=4791.6s remaining=1156
    iter=845 E=-2.1722855341 nfev=849 t=4795.4s remaining=1155
    iter=846 E=-2.1722867770 nfev=850 t=4801.0s remaining=1154
    iter=847 E=-2.1722879910 nfev=851 t=4806.7s remaining=1153
    iter=848 E=-2.1722894489 nfev=852 t=4812.6s remaining=1152
    iter=849 E=-2.1722913879 nfev=853 t=4818.3s remaining=1151
    iter=850 E=-2.1722937774 nfev=854 t=4820.3s remaining=1150
    iter=851 E=-2.1722963458 nfev=855 t=4823.4s remaining=1149
    iter=852 E=-2.1722985019 nfev=856 t=4825.5s remaining=1148
    iter=853 E=-2.1722999901 nfev=857 t=4832.4s remaining=1147
    iter=854 E=-2.1723013250 nfev=858 t=4839.7s remaining=1146
    iter=855 E=-2.1723028223 nfev=859 t=4847.7s remaining=1145
    iter=856 E=-2.1723045412 nfev=860 t=4852.6s remaining=1144
    iter=857 E=-2.1723065747 nfev=861 t=4860.6s remaining=1143
    iter=858 E=-2.1723091273 nfev=862 t=4865.1s remaining=1142
    iter=859 E=-2.1723112762 nfev=863 t=4871.7s remaining=1141
    iter=860 E=-2.1723128064 nfev=864 t=4877.9s remaining=1140
    iter=861 E=-2.1723141234 nfev=865 t=4882.5s remaining=1139
    iter=862 E=-2.1723150399 nfev=866 t=4888.9s remaining=1138
    iter=863 E=-2.1723159531 nfev=867 t=4897.1s remaining=1137
    iter=864 E=-2.1723169995 nfev=868 t=4900.9s remaining=1136
    iter=865 E=-2.1723177667 nfev=869 t=4904.2s remaining=1135
    iter=866 E=-2.1723185179 nfev=870 t=4909.9s remaining=1134
    iter=867 E=-2.1723192813 nfev=871 t=4918.8s remaining=1133
    iter=868 E=-2.1723200438 nfev=872 t=4924.9s remaining=1132
    iter=869 E=-2.1723208801 nfev=873 t=4930.5s remaining=1131
    iter=870 E=-2.1723219392 nfev=874 t=4936.0s remaining=1130
    iter=871 E=-2.1723234855 nfev=875 t=4943.2s remaining=1129
    iter=872 E=-2.1723255903 nfev=876 t=4949.0s remaining=1128
    iter=873 E=-2.1723277520 nfev=877 t=4953.1s remaining=1127
    iter=874 E=-2.1723298330 nfev=878 t=4957.7s remaining=1126
    iter=875 E=-2.1723321644 nfev=879 t=4964.7s remaining=1125
    iter=876 E=-2.1723348844 nfev=880 t=4970.9s remaining=1124
    iter=877 E=-2.1723371156 nfev=881 t=4975.5s remaining=1123
    iter=878 E=-2.1723385872 nfev=882 t=4983.2s remaining=1122
    iter=879 E=-2.1723395759 nfev=883 t=4990.9s remaining=1121
    iter=880 E=-2.1723405335 nfev=884 t=4999.0s remaining=1120
    iter=881 E=-2.1723411831 nfev=885 t=5004.6s remaining=1119
    iter=882 E=-2.1723418177 nfev=886 t=5009.0s remaining=1118
    iter=883 E=-2.1723424956 nfev=887 t=5011.3s remaining=1117
    iter=884 E=-2.1723432012 nfev=888 t=5016.9s remaining=1116
    iter=885 E=-2.1723442759 nfev=889 t=5023.5s remaining=1115
    iter=886 E=-2.1723458052 nfev=890 t=5030.1s remaining=1114
    iter=887 E=-2.1723475214 nfev=891 t=5035.7s remaining=1113
    iter=888 E=-2.1723496018 nfev=892 t=5041.2s remaining=1112
    iter=889 E=-2.1723521889 nfev=893 t=5045.9s remaining=1111
    iter=890 E=-2.1723549821 nfev=894 t=5050.8s remaining=1110
    iter=891 E=-2.1723574026 nfev=895 t=5055.0s remaining=1109
    iter=892 E=-2.1723599239 nfev=896 t=5060.4s remaining=1108
    iter=893 E=-2.1723627433 nfev=897 t=5063.4s remaining=1107
    iter=894 E=-2.1723654700 nfev=898 t=5066.2s remaining=1106
    iter=895 E=-2.1723681446 nfev=899 t=5070.1s remaining=1105
    iter=896 E=-2.1723701663 nfev=900 t=5078.8s remaining=1104
    iter=897 E=-2.1723713402 nfev=901 t=5085.1s remaining=1103
    iter=898 E=-2.1723719857 nfev=902 t=5092.9s remaining=1102
    iter=899 E=-2.1723725051 nfev=903 t=5098.2s remaining=1101
    iter=900 E=-2.1723731056 nfev=904 t=5103.5s remaining=1100
    iter=901 E=-2.1723737232 nfev=905 t=5110.4s remaining=1099
    iter=902 E=-2.1723744926 nfev=906 t=5117.2s remaining=1098
    iter=903 E=-2.1723753819 nfev=907 t=5123.1s remaining=1097
    iter=904 E=-2.1723765275 nfev=908 t=5127.0s remaining=1096
    iter=905 E=-2.1723780059 nfev=909 t=5132.1s remaining=1095
    iter=906 E=-2.1723798120 nfev=910 t=5137.3s remaining=1094
    iter=907 E=-2.1723819042 nfev=911 t=5141.5s remaining=1093
    iter=908 E=-2.1723843640 nfev=912 t=5148.3s remaining=1092
    iter=909 E=-2.1723872613 nfev=913 t=5152.6s remaining=1091
    iter=910 E=-2.1723901546 nfev=914 t=5157.3s remaining=1090
    iter=911 E=-2.1723917927 nfev=915 t=5163.9s remaining=1089
    iter=912 E=-2.1723930840 nfev=916 t=5169.0s remaining=1088
    iter=913 E=-2.1723940897 nfev=917 t=5174.7s remaining=1087
    iter=914 E=-2.1723951044 nfev=918 t=5180.8s remaining=1086
    iter=915 E=-2.1723960906 nfev=919 t=5186.6s remaining=1085
    iter=916 E=-2.1723968105 nfev=920 t=5192.6s remaining=1084
    iter=917 E=-2.1723974036 nfev=921 t=5200.5s remaining=1083
    iter=918 E=-2.1723980781 nfev=922 t=5208.1s remaining=1082
    iter=919 E=-2.1723987314 nfev=923 t=5213.7s remaining=1081
    iter=920 E=-2.1723994917 nfev=924 t=5221.7s remaining=1080
    iter=921 E=-2.1724006229 nfev=925 t=5226.6s remaining=1079
    iter=922 E=-2.1724024404 nfev=926 t=5233.6s remaining=1078
    iter=923 E=-2.1724053408 nfev=927 t=5241.3s remaining=1077
    iter=924 E=-2.1724095755 nfev=928 t=5251.9s remaining=1076
    iter=925 E=-2.1724139226 nfev=929 t=5256.2s remaining=1075
    iter=926 E=-2.1724177364 nfev=930 t=5258.8s remaining=1074
    iter=927 E=-2.1724211648 nfev=931 t=5265.9s remaining=1073
    iter=928 E=-2.1724241964 nfev=932 t=5271.8s remaining=1072
    iter=929 E=-2.1724266733 nfev=933 t=5280.0s remaining=1071
    iter=930 E=-2.1724291719 nfev=934 t=5286.9s remaining=1070
    iter=931 E=-2.1724305415 nfev=935 t=5291.6s remaining=1069
    iter=932 E=-2.1724315072 nfev=936 t=5296.7s remaining=1068
    iter=933 E=-2.1724321853 nfev=937 t=5301.8s remaining=1067
    iter=934 E=-2.1724326364 nfev=938 t=5306.9s remaining=1066
    iter=935 E=-2.1724331008 nfev=939 t=5312.0s remaining=1065
    iter=936 E=-2.1724335868 nfev=940 t=5314.1s remaining=1064
    iter=937 E=-2.1724343099 nfev=941 t=5322.2s remaining=1063
    iter=938 E=-2.1724352355 nfev=942 t=5330.4s remaining=1062
    iter=939 E=-2.1724364316 nfev=943 t=5335.1s remaining=1061
    iter=940 E=-2.1724382889 nfev=944 t=5343.9s remaining=1060
    iter=941 E=-2.1724410748 nfev=945 t=5351.4s remaining=1059
    iter=942 E=-2.1724445579 nfev=946 t=5358.3s remaining=1058
    iter=943 E=-2.1724481819 nfev=947 t=5365.5s remaining=1057
    iter=944 E=-2.1724525471 nfev=948 t=5371.2s remaining=1056
    iter=945 E=-2.1724574479 nfev=949 t=5377.3s remaining=1055
    iter=946 E=-2.1724611936 nfev=950 t=5384.1s remaining=1054
    iter=947 E=-2.1724641842 nfev=951 t=5391.9s remaining=1053
    iter=948 E=-2.1724671827 nfev=952 t=5400.3s remaining=1052
    iter=949 E=-2.1724699394 nfev=953 t=5406.7s remaining=1051
    iter=950 E=-2.1724721623 nfev=954 t=5412.5s remaining=1050
    iter=951 E=-2.1724744417 nfev=955 t=5420.3s remaining=1049
    iter=952 E=-2.1724764376 nfev=956 t=5423.5s remaining=1048
    iter=953 E=-2.1724788100 nfev=957 t=5426.3s remaining=1047
    iter=954 E=-2.1724806382 nfev=958 t=5432.2s remaining=1046
    iter=955 E=-2.1724822889 nfev=959 t=5436.2s remaining=1045
    iter=956 E=-2.1724835576 nfev=960 t=5440.3s remaining=1044
    iter=957 E=-2.1724844518 nfev=961 t=5445.7s remaining=1043
    iter=958 E=-2.1724853154 nfev=962 t=5450.8s remaining=1042
    iter=959 E=-2.1724860760 nfev=963 t=5456.2s remaining=1041
    iter=960 E=-2.1724867438 nfev=964 t=5462.5s remaining=1040
    iter=961 E=-2.1724876403 nfev=965 t=5470.2s remaining=1039
    iter=962 E=-2.1724890232 nfev=966 t=5482.0s remaining=1038
    iter=963 E=-2.1724912416 nfev=967 t=5489.2s remaining=1037
    iter=964 E=-2.1724948147 nfev=968 t=5494.0s remaining=1036
    iter=965 E=-2.1725002675 nfev=969 t=5498.2s remaining=1035
    iter=966 E=-2.1725064526 nfev=970 t=5504.2s remaining=1034
    iter=967 E=-2.1725116135 nfev=971 t=5511.1s remaining=1033
    iter=968 E=-2.1725168207 nfev=972 t=5518.1s remaining=1032
    iter=969 E=-2.1725217645 nfev=973 t=5523.2s remaining=1031
    iter=970 E=-2.1725242643 nfev=974 t=5526.5s remaining=1030
    iter=971 E=-2.1725267223 nfev=975 t=5532.8s remaining=1029
    iter=972 E=-2.1725290272 nfev=976 t=5538.6s remaining=1028
    iter=973 E=-2.1725310637 nfev=977 t=5544.6s remaining=1027
    iter=974 E=-2.1725325771 nfev=978 t=5548.7s remaining=1026
    iter=975 E=-2.1725340032 nfev=979 t=5554.0s remaining=1025
    iter=976 E=-2.1725355222 nfev=980 t=5558.5s remaining=1024
    iter=977 E=-2.1725367127 nfev=981 t=5564.1s remaining=1023
    iter=978 E=-2.1725384427 nfev=982 t=5571.5s remaining=1022
    iter=979 E=-2.1725405381 nfev=983 t=5578.6s remaining=1021
    iter=980 E=-2.1725426430 nfev=984 t=5583.6s remaining=1020
    iter=981 E=-2.1725455883 nfev=985 t=5587.0s remaining=1019
    iter=982 E=-2.1725487813 nfev=986 t=5592.4s remaining=1018
    iter=983 E=-2.1725515679 nfev=987 t=5597.0s remaining=1017
    iter=984 E=-2.1725550278 nfev=988 t=5600.2s remaining=1016
    iter=985 E=-2.1725589931 nfev=989 t=5605.0s remaining=1015
    iter=986 E=-2.1725636236 nfev=990 t=5612.7s remaining=1014
    iter=987 E=-2.1725694041 nfev=991 t=5619.6s remaining=1013
    iter=988 E=-2.1725760914 nfev=992 t=5625.8s remaining=1012
    iter=989 E=-2.1725812303 nfev=993 t=5634.0s remaining=1011
    iter=990 E=-2.1725852028 nfev=994 t=5640.5s remaining=1010
    iter=991 E=-2.1725883481 nfev=995 t=5644.1s remaining=1009
    iter=992 E=-2.1725914460 nfev=996 t=5648.5s remaining=1008
    iter=993 E=-2.1725933338 nfev=997 t=5654.6s remaining=1007
    iter=994 E=-2.1725951738 nfev=998 t=5657.9s remaining=1006
    iter=995 E=-2.1725970639 nfev=999 t=5663.3s remaining=1005
    iter=996 E=-2.1725986075 nfev=1000 t=5668.8s remaining=1004
    iter=997 E=-2.1725998854 nfev=1001 t=5676.1s remaining=1003
    iter=998 E=-2.1726012588 nfev=1002 t=5685.9s remaining=1002
    iter=999 E=-2.1726027909 nfev=1003 t=5688.8s remaining=1001
    iter=1000 E=-2.1726046493 nfev=1004 t=5694.5s remaining=1000
    iter=1001 E=-2.1726069675 nfev=1005 t=5702.2s remaining=999
    iter=1002 E=-2.1726103777 nfev=1006 t=5710.8s remaining=998
    iter=1003 E=-2.1726150569 nfev=1007 t=5716.1s remaining=997
    iter=1004 E=-2.1726213533 nfev=1008 t=5725.6s remaining=996
    iter=1005 E=-2.1726289044 nfev=1009 t=5731.0s remaining=995
    iter=1006 E=-2.1726357879 nfev=1010 t=5737.6s remaining=994
    iter=1007 E=-2.1726434660 nfev=1011 t=5742.3s remaining=993
    iter=1008 E=-2.1726504735 nfev=1012 t=5748.9s remaining=992
    iter=1009 E=-2.1726563672 nfev=1013 t=5760.9s remaining=991
    iter=1010 E=-2.1726600375 nfev=1014 t=5767.2s remaining=990
    iter=1011 E=-2.1726639493 nfev=1015 t=5773.1s remaining=989
    iter=1012 E=-2.1726668038 nfev=1016 t=5780.0s remaining=988
    iter=1013 E=-2.1726686268 nfev=1017 t=5784.9s remaining=987
    iter=1014 E=-2.1726700152 nfev=1018 t=5790.1s remaining=986
    iter=1015 E=-2.1726709176 nfev=1019 t=5794.3s remaining=985
    iter=1016 E=-2.1726719973 nfev=1020 t=5796.1s remaining=984
    iter=1017 E=-2.1726729875 nfev=1021 t=5801.2s remaining=983
    iter=1018 E=-2.1726739254 nfev=1022 t=5812.3s remaining=982
    iter=1019 E=-2.1726749601 nfev=1023 t=5821.4s remaining=981
    iter=1020 E=-2.1726759124 nfev=1024 t=5827.7s remaining=980
    iter=1021 E=-2.1726768155 nfev=1025 t=5829.8s remaining=979
    iter=1022 E=-2.1726778092 nfev=1026 t=5832.7s remaining=978
    iter=1023 E=-2.1726789208 nfev=1027 t=5841.9s remaining=977
    iter=1024 E=-2.1726799568 nfev=1028 t=5847.0s remaining=976
    iter=1025 E=-2.1726814066 nfev=1029 t=5850.6s remaining=975
    iter=1026 E=-2.1726833488 nfev=1030 t=5854.2s remaining=974
    iter=1027 E=-2.1726853802 nfev=1031 t=5858.8s remaining=973
    iter=1028 E=-2.1726876086 nfev=1032 t=5866.5s remaining=972
    iter=1029 E=-2.1726907444 nfev=1033 t=5872.4s remaining=971
    iter=1030 E=-2.1726950091 nfev=1034 t=5879.6s remaining=970
    iter=1031 E=-2.1726998389 nfev=1035 t=5884.7s remaining=969
    iter=1032 E=-2.1727053228 nfev=1036 t=5891.0s remaining=968
    iter=1033 E=-2.1727113071 nfev=1037 t=5897.6s remaining=967
    iter=1034 E=-2.1727148446 nfev=1038 t=5902.9s remaining=966
    iter=1035 E=-2.1727184588 nfev=1039 t=5909.6s remaining=965
    iter=1036 E=-2.1727215502 nfev=1040 t=5916.9s remaining=964
    iter=1037 E=-2.1727238488 nfev=1041 t=5923.9s remaining=963
    iter=1038 E=-2.1727263492 nfev=1042 t=5928.6s remaining=962
    iter=1039 E=-2.1727277105 nfev=1043 t=5933.8s remaining=961
    iter=1040 E=-2.1727289140 nfev=1044 t=5937.7s remaining=960
    iter=1041 E=-2.1727297802 nfev=1045 t=5943.6s remaining=959
    iter=1042 E=-2.1727304627 nfev=1046 t=5948.3s remaining=958
    iter=1043 E=-2.1727309877 nfev=1047 t=5954.6s remaining=957
    iter=1044 E=-2.1727314535 nfev=1048 t=5959.6s remaining=956
    iter=1045 E=-2.1727320115 nfev=1049 t=5966.4s remaining=955
    iter=1046 E=-2.1727327763 nfev=1050 t=5970.8s remaining=954
    iter=1047 E=-2.1727338308 nfev=1051 t=5972.4s remaining=953
    iter=1048 E=-2.1727354132 nfev=1052 t=5976.7s remaining=952
    iter=1049 E=-2.1727376477 nfev=1053 t=5983.5s remaining=951
    iter=1050 E=-2.1727403086 nfev=1054 t=5990.2s remaining=950
    iter=1051 E=-2.1727431874 nfev=1055 t=5997.0s remaining=949
    iter=1052 E=-2.1727468170 nfev=1056 t=6000.5s remaining=948
    iter=1053 E=-2.1727507745 nfev=1057 t=6005.8s remaining=947
    iter=1054 E=-2.1727538306 nfev=1058 t=6011.5s remaining=946
    iter=1055 E=-2.1727572070 nfev=1059 t=6016.7s remaining=945
    iter=1056 E=-2.1727603234 nfev=1060 t=6024.5s remaining=944
    iter=1057 E=-2.1727627933 nfev=1061 t=6029.8s remaining=943
    iter=1058 E=-2.1727652469 nfev=1062 t=6042.2s remaining=942
    iter=1059 E=-2.1727672658 nfev=1063 t=6049.7s remaining=941
    iter=1060 E=-2.1727689582 nfev=1064 t=6059.5s remaining=940
    iter=1061 E=-2.1727701837 nfev=1065 t=6068.5s remaining=939
    iter=1062 E=-2.1727716092 nfev=1066 t=6075.3s remaining=938
    iter=1063 E=-2.1727730222 nfev=1067 t=6083.1s remaining=937
    iter=1064 E=-2.1727742404 nfev=1068 t=6090.3s remaining=936
    iter=1065 E=-2.1727758598 nfev=1069 t=6096.3s remaining=935
    iter=1066 E=-2.1727779730 nfev=1070 t=6099.4s remaining=934
    iter=1067 E=-2.1727799332 nfev=1071 t=6106.6s remaining=933
    iter=1068 E=-2.1727822498 nfev=1072 t=6113.0s remaining=932
    iter=1069 E=-2.1727853696 nfev=1073 t=6118.7s remaining=931
    iter=1070 E=-2.1727887329 nfev=1074 t=6124.5s remaining=930
    iter=1071 E=-2.1727913610 nfev=1075 t=6130.6s remaining=929
    iter=1072 E=-2.1727944256 nfev=1076 t=6135.7s remaining=928
    iter=1073 E=-2.1727969637 nfev=1077 t=6143.7s remaining=927
    iter=1074 E=-2.1727987427 nfev=1078 t=6148.7s remaining=926
    iter=1075 E=-2.1728005300 nfev=1079 t=6155.5s remaining=925
    iter=1076 E=-2.1728024951 nfev=1080 t=6164.3s remaining=924
    iter=1077 E=-2.1728049750 nfev=1081 t=6170.7s remaining=923
    iter=1078 E=-2.1728070618 nfev=1082 t=6176.6s remaining=922
    iter=1079 E=-2.1728096355 nfev=1083 t=6184.2s remaining=921
    iter=1080 E=-2.1728122722 nfev=1084 t=6192.7s remaining=920
    iter=1081 E=-2.1728149379 nfev=1085 t=6196.7s remaining=919
    iter=1082 E=-2.1728177144 nfev=1086 t=6199.4s remaining=918
    iter=1083 E=-2.1728209850 nfev=1087 t=6204.8s remaining=917
    iter=1084 E=-2.1728239667 nfev=1088 t=6212.7s remaining=916
    iter=1085 E=-2.1728258222 nfev=1089 t=6218.9s remaining=915
    iter=1086 E=-2.1728276528 nfev=1090 t=6223.1s remaining=914
    iter=1087 E=-2.1728292264 nfev=1091 t=6229.3s remaining=913
    iter=1088 E=-2.1728308905 nfev=1092 t=6237.6s remaining=912
    iter=1089 E=-2.1728325043 nfev=1093 t=6241.7s remaining=911
    iter=1090 E=-2.1728338152 nfev=1094 t=6245.6s remaining=910
    iter=1091 E=-2.1728351226 nfev=1095 t=6251.1s remaining=909
    iter=1092 E=-2.1728362706 nfev=1096 t=6253.1s remaining=908
    iter=1093 E=-2.1728371036 nfev=1097 t=6259.2s remaining=907
    iter=1094 E=-2.1728380262 nfev=1098 t=6262.7s remaining=906
    iter=1095 E=-2.1728389316 nfev=1099 t=6268.2s remaining=905
    iter=1096 E=-2.1728396091 nfev=1100 t=6273.2s remaining=904
    iter=1097 E=-2.1728406258 nfev=1101 t=6281.3s remaining=903
    iter=1098 E=-2.1728419241 nfev=1102 t=6286.0s remaining=902
    iter=1099 E=-2.1728433167 nfev=1103 t=6292.0s remaining=901
    iter=1100 E=-2.1728452497 nfev=1104 t=6296.8s remaining=900
    iter=1101 E=-2.1728476752 nfev=1105 t=6304.2s remaining=899
    iter=1102 E=-2.1728500700 nfev=1106 t=6307.3s remaining=898
    iter=1103 E=-2.1728529360 nfev=1107 t=6313.9s remaining=897
    iter=1104 E=-2.1728563708 nfev=1108 t=6318.5s remaining=896
    iter=1105 E=-2.1728586339 nfev=1109 t=6325.4s remaining=895
    iter=1106 E=-2.1728611385 nfev=1110 t=6334.2s remaining=894
    iter=1107 E=-2.1728632387 nfev=1111 t=6341.8s remaining=893
    iter=1108 E=-2.1728646377 nfev=1112 t=6347.7s remaining=892
    iter=1109 E=-2.1728657547 nfev=1113 t=6354.0s remaining=891
    iter=1110 E=-2.1728667421 nfev=1114 t=6359.0s remaining=890
    iter=1111 E=-2.1728675840 nfev=1115 t=6364.0s remaining=889
    iter=1112 E=-2.1728685431 nfev=1116 t=6366.9s remaining=888
    iter=1113 E=-2.1728695647 nfev=1117 t=6375.5s remaining=887
    iter=1114 E=-2.1728703691 nfev=1118 t=6382.1s remaining=886
    iter=1115 E=-2.1728711929 nfev=1119 t=6388.2s remaining=885
    iter=1116 E=-2.1728720140 nfev=1120 t=6394.5s remaining=884
    iter=1117 E=-2.1728727199 nfev=1121 t=6400.2s remaining=883
    iter=1118 E=-2.1728734964 nfev=1122 t=6404.9s remaining=882
    iter=1119 E=-2.1728745515 nfev=1123 t=6409.4s remaining=881
    iter=1120 E=-2.1728754613 nfev=1124 t=6413.7s remaining=880
    iter=1121 E=-2.1728764664 nfev=1125 t=6418.4s remaining=879
    iter=1122 E=-2.1728774900 nfev=1126 t=6428.9s remaining=878
    iter=1123 E=-2.1728786401 nfev=1127 t=6433.9s remaining=877
    iter=1124 E=-2.1728801822 nfev=1128 t=6440.2s remaining=876
    iter=1125 E=-2.1728825154 nfev=1129 t=6443.9s remaining=875
    iter=1126 E=-2.1728858141 nfev=1130 t=6449.2s remaining=874
    iter=1127 E=-2.1728890391 nfev=1131 t=6457.1s remaining=873
    iter=1128 E=-2.1728920821 nfev=1132 t=6462.8s remaining=872
    iter=1129 E=-2.1728949973 nfev=1133 t=6468.3s remaining=871
    iter=1130 E=-2.1728978896 nfev=1134 t=6475.4s remaining=870
    iter=1131 E=-2.1729008038 nfev=1135 t=6481.2s remaining=869
    iter=1132 E=-2.1729032772 nfev=1136 t=6486.6s remaining=868
    iter=1133 E=-2.1729051053 nfev=1137 t=6493.5s remaining=867
    iter=1134 E=-2.1729064999 nfev=1138 t=6498.8s remaining=866
    iter=1135 E=-2.1729078728 nfev=1139 t=6504.9s remaining=865
    iter=1136 E=-2.1729091069 nfev=1140 t=6510.6s remaining=864
    iter=1137 E=-2.1729101150 nfev=1141 t=6516.7s remaining=863
    iter=1138 E=-2.1729112799 nfev=1142 t=6523.7s remaining=862
    iter=1139 E=-2.1729125526 nfev=1143 t=6528.8s remaining=861
    iter=1140 E=-2.1729137043 nfev=1144 t=6530.7s remaining=860
    iter=1141 E=-2.1729149736 nfev=1145 t=6537.1s remaining=859
    iter=1142 E=-2.1729164052 nfev=1146 t=6540.6s remaining=858
    iter=1143 E=-2.1729180846 nfev=1147 t=6545.1s remaining=857
    iter=1144 E=-2.1729199626 nfev=1148 t=6551.0s remaining=856
    iter=1145 E=-2.1729217741 nfev=1149 t=6556.3s remaining=855
    iter=1146 E=-2.1729236909 nfev=1150 t=6560.0s remaining=854
    iter=1147 E=-2.1729262204 nfev=1151 t=6567.0s remaining=853
    iter=1148 E=-2.1729294840 nfev=1152 t=6574.6s remaining=852
    iter=1149 E=-2.1729332642 nfev=1153 t=6581.0s remaining=851
    iter=1150 E=-2.1729375990 nfev=1154 t=6587.0s remaining=850
    iter=1151 E=-2.1729429967 nfev=1155 t=6593.8s remaining=849
    iter=1152 E=-2.1729491955 nfev=1156 t=6599.3s remaining=848
    iter=1153 E=-2.1729529697 nfev=1157 t=6605.7s remaining=847
    iter=1154 E=-2.1729572741 nfev=1158 t=6611.5s remaining=846
    iter=1155 E=-2.1729601352 nfev=1159 t=6618.7s remaining=845
    iter=1156 E=-2.1729633629 nfev=1160 t=6623.8s remaining=844
    iter=1157 E=-2.1729659046 nfev=1161 t=6629.9s remaining=843
    iter=1158 E=-2.1729683620 nfev=1162 t=6636.3s remaining=842
    iter=1159 E=-2.1729714838 nfev=1163 t=6641.7s remaining=841
    iter=1160 E=-2.1729749738 nfev=1164 t=6647.7s remaining=840
    iter=1161 E=-2.1729787419 nfev=1165 t=6654.8s remaining=839
    iter=1162 E=-2.1729826650 nfev=1166 t=6662.7s remaining=838
    iter=1163 E=-2.1729867147 nfev=1167 t=6668.7s remaining=837
    iter=1164 E=-2.1729908072 nfev=1168 t=6673.7s remaining=836
    iter=1165 E=-2.1729941333 nfev=1169 t=6676.5s remaining=835
    iter=1166 E=-2.1729976130 nfev=1170 t=6680.7s remaining=834
    iter=1167 E=-2.1730006334 nfev=1171 t=6684.8s remaining=833
    iter=1168 E=-2.1730041089 nfev=1172 t=6691.2s remaining=832
    iter=1169 E=-2.1730079138 nfev=1173 t=6696.5s remaining=831
    iter=1170 E=-2.1730114142 nfev=1174 t=6705.7s remaining=830
    iter=1171 E=-2.1730149120 nfev=1175 t=6712.6s remaining=829
    iter=1172 E=-2.1730178046 nfev=1176 t=6718.4s remaining=828
    iter=1173 E=-2.1730205750 nfev=1177 t=6723.4s remaining=827
    iter=1174 E=-2.1730238173 nfev=1178 t=6727.5s remaining=826
    iter=1175 E=-2.1730270867 nfev=1179 t=6732.7s remaining=825
    iter=1176 E=-2.1730299202 nfev=1180 t=6734.5s remaining=824
    iter=1177 E=-2.1730331452 nfev=1181 t=6742.0s remaining=823
    iter=1178 E=-2.1730357748 nfev=1182 t=6747.9s remaining=822
    iter=1179 E=-2.1730395289 nfev=1183 t=6752.8s remaining=821
    iter=1180 E=-2.1730443270 nfev=1184 t=6757.8s remaining=820
    iter=1181 E=-2.1730483812 nfev=1185 t=6762.8s remaining=819
    iter=1182 E=-2.1730532663 nfev=1186 t=6767.6s remaining=818
    iter=1183 E=-2.1730581881 nfev=1187 t=6772.9s remaining=817
    iter=1184 E=-2.1730638121 nfev=1188 t=6779.7s remaining=816
    iter=1185 E=-2.1730684213 nfev=1189 t=6785.1s remaining=815
    iter=1186 E=-2.1730721992 nfev=1190 t=6787.8s remaining=814
    iter=1187 E=-2.1730758114 nfev=1191 t=6793.1s remaining=813
    iter=1188 E=-2.1730799722 nfev=1192 t=6798.5s remaining=812
    iter=1189 E=-2.1730843880 nfev=1193 t=6799.8s remaining=811
    iter=1190 E=-2.1730889933 nfev=1194 t=6804.1s remaining=810
    iter=1191 E=-2.1730922737 nfev=1195 t=6807.3s remaining=809
    iter=1192 E=-2.1730971180 nfev=1196 t=6815.0s remaining=808
    iter=1193 E=-2.1731031232 nfev=1197 t=6821.9s remaining=807
    iter=1194 E=-2.1731081289 nfev=1198 t=6828.7s remaining=806
    iter=1195 E=-2.1731148492 nfev=1199 t=6834.0s remaining=805
    iter=1196 E=-2.1731230077 nfev=1200 t=6836.3s remaining=804
    iter=1197 E=-2.1731298083 nfev=1201 t=6840.9s remaining=803
    iter=1198 E=-2.1731354677 nfev=1202 t=6847.1s remaining=802
    iter=1199 E=-2.1731400137 nfev=1203 t=6853.0s remaining=801
    iter=1200 E=-2.1731441198 nfev=1204 t=6859.6s remaining=800
    iter=1201 E=-2.1731463832 nfev=1205 t=6866.6s remaining=799
    iter=1202 E=-2.1731491692 nfev=1206 t=6871.7s remaining=798
    iter=1203 E=-2.1731507680 nfev=1207 t=6877.2s remaining=797
    iter=1204 E=-2.1731529881 nfev=1208 t=6881.3s remaining=796
    iter=1205 E=-2.1731557504 nfev=1209 t=6886.3s remaining=795
    iter=1206 E=-2.1731584523 nfev=1210 t=6888.5s remaining=794
    iter=1207 E=-2.1731615819 nfev=1211 t=6892.3s remaining=793
    iter=1208 E=-2.1731639898 nfev=1212 t=6896.4s remaining=792
    iter=1209 E=-2.1731669933 nfev=1213 t=6901.4s remaining=791
    iter=1210 E=-2.1731707779 nfev=1214 t=6909.4s remaining=790
    iter=1211 E=-2.1731749281 nfev=1215 t=6913.7s remaining=789
    iter=1212 E=-2.1731796292 nfev=1216 t=6919.6s remaining=788
    iter=1213 E=-2.1731841701 nfev=1217 t=6924.6s remaining=787
    iter=1214 E=-2.1731887580 nfev=1218 t=6927.4s remaining=786
    iter=1215 E=-2.1731932179 nfev=1219 t=6932.2s remaining=785
    iter=1216 E=-2.1731978754 nfev=1220 t=6939.6s remaining=784
    iter=1217 E=-2.1732030680 nfev=1221 t=6948.9s remaining=783
    iter=1218 E=-2.1732084322 nfev=1222 t=6954.7s remaining=782
    iter=1219 E=-2.1732150697 nfev=1223 t=6960.1s remaining=781
    iter=1220 E=-2.1732219390 nfev=1224 t=6965.5s remaining=780
    iter=1221 E=-2.1732277929 nfev=1225 t=6971.9s remaining=779
    iter=1222 E=-2.1732330846 nfev=1226 t=6978.5s remaining=778
    iter=1223 E=-2.1732383636 nfev=1227 t=6984.1s remaining=777
    iter=1224 E=-2.1732429046 nfev=1228 t=6992.0s remaining=776
    iter=1225 E=-2.1732471344 nfev=1229 t=6998.0s remaining=775
    iter=1226 E=-2.1732511160 nfev=1230 t=7003.3s remaining=774
    iter=1227 E=-2.1732556121 nfev=1231 t=7006.4s remaining=773
    iter=1228 E=-2.1732593216 nfev=1232 t=7010.9s remaining=772
    iter=1229 E=-2.1732626445 nfev=1233 t=7016.8s remaining=771
    iter=1230 E=-2.1732661541 nfev=1234 t=7024.8s remaining=770
    iter=1231 E=-2.1732696012 nfev=1235 t=7031.0s remaining=769
    iter=1232 E=-2.1732726693 nfev=1236 t=7038.3s remaining=768
    iter=1233 E=-2.1732749264 nfev=1237 t=7042.5s remaining=767
    iter=1234 E=-2.1732770232 nfev=1238 t=7046.5s remaining=766
    iter=1235 E=-2.1732786449 nfev=1239 t=7052.1s remaining=765
    iter=1236 E=-2.1732802753 nfev=1240 t=7061.2s remaining=764
    iter=1237 E=-2.1732823185 nfev=1241 t=7067.5s remaining=763
    iter=1238 E=-2.1732847443 nfev=1242 t=7071.4s remaining=762
    iter=1239 E=-2.1732880080 nfev=1243 t=7077.9s remaining=761
    iter=1240 E=-2.1732916942 nfev=1244 t=7083.9s remaining=760
    iter=1241 E=-2.1732950298 nfev=1245 t=7091.1s remaining=759
    iter=1242 E=-2.1732987010 nfev=1246 t=7099.2s remaining=758
    iter=1243 E=-2.1733026252 nfev=1247 t=7106.9s remaining=757
    iter=1244 E=-2.1733069043 nfev=1248 t=7111.7s remaining=756
    iter=1245 E=-2.1733106036 nfev=1249 t=7117.8s remaining=755
    iter=1246 E=-2.1733153507 nfev=1250 t=7123.4s remaining=754
    iter=1247 E=-2.1733207569 nfev=1251 t=7131.5s remaining=753
    iter=1248 E=-2.1733265741 nfev=1252 t=7140.9s remaining=752
    iter=1249 E=-2.1733330379 nfev=1253 t=7145.3s remaining=751
    iter=1250 E=-2.1733394885 nfev=1254 t=7151.1s remaining=750
    iter=1251 E=-2.1733444616 nfev=1255 t=7158.3s remaining=749
    iter=1252 E=-2.1733483552 nfev=1256 t=7164.5s remaining=748
    iter=1253 E=-2.1733515935 nfev=1257 t=7171.3s remaining=747
    iter=1254 E=-2.1733548501 nfev=1258 t=7180.1s remaining=746
    iter=1255 E=-2.1733576241 nfev=1259 t=7186.7s remaining=745
    iter=1256 E=-2.1733602820 nfev=1260 t=7192.1s remaining=744
    iter=1257 E=-2.1733625804 nfev=1261 t=7196.8s remaining=743
    iter=1258 E=-2.1733649823 nfev=1262 t=7202.2s remaining=742
    iter=1259 E=-2.1733678624 nfev=1263 t=7207.4s remaining=741
    iter=1260 E=-2.1733714952 nfev=1264 t=7213.0s remaining=740
    iter=1261 E=-2.1733758088 nfev=1265 t=7220.3s remaining=739
    iter=1262 E=-2.1733798926 nfev=1266 t=7228.0s remaining=738
    iter=1263 E=-2.1733837227 nfev=1267 t=7235.5s remaining=737
    iter=1264 E=-2.1733879044 nfev=1268 t=7242.0s remaining=736
    iter=1265 E=-2.1733920110 nfev=1269 t=7246.0s remaining=735
    iter=1266 E=-2.1733961372 nfev=1270 t=7251.0s remaining=734
    iter=1267 E=-2.1734006495 nfev=1271 t=7257.0s remaining=733
    iter=1268 E=-2.1734059585 nfev=1272 t=7262.5s remaining=732
    iter=1269 E=-2.1734105544 nfev=1273 t=7268.9s remaining=731
    iter=1270 E=-2.1734126304 nfev=1274 t=7275.4s remaining=730
    iter=1271 E=-2.1734157547 nfev=1275 t=7279.0s remaining=729
    iter=1272 E=-2.1734194956 nfev=1276 t=7284.9s remaining=728
    iter=1273 E=-2.1734217459 nfev=1277 t=7287.9s remaining=727
    iter=1274 E=-2.1734248153 nfev=1278 t=7296.3s remaining=726
    iter=1275 E=-2.1734283805 nfev=1279 t=7301.3s remaining=725
    iter=1276 E=-2.1734318552 nfev=1280 t=7306.5s remaining=724
    iter=1277 E=-2.1734349998 nfev=1281 t=7313.5s remaining=723
    iter=1278 E=-2.1734382135 nfev=1282 t=7321.4s remaining=722
    iter=1279 E=-2.1734409953 nfev=1283 t=7329.6s remaining=721
    iter=1280 E=-2.1734439666 nfev=1284 t=7335.2s remaining=720
    iter=1281 E=-2.1734474283 nfev=1285 t=7341.9s remaining=719
    iter=1282 E=-2.1734509920 nfev=1286 t=7350.0s remaining=718
    iter=1283 E=-2.1734533641 nfev=1287 t=7356.1s remaining=717
    iter=1284 E=-2.1734563695 nfev=1288 t=7362.6s remaining=716
    iter=1285 E=-2.1734592273 nfev=1289 t=7369.3s remaining=715
    iter=1286 E=-2.1734622611 nfev=1290 t=7374.7s remaining=714
    iter=1287 E=-2.1734662841 nfev=1291 t=7378.6s remaining=713
    iter=1288 E=-2.1734701140 nfev=1292 t=7381.7s remaining=712
    iter=1289 E=-2.1734727539 nfev=1293 t=7387.3s remaining=711
    iter=1290 E=-2.1734755945 nfev=1294 t=7394.0s remaining=710
    iter=1291 E=-2.1734783137 nfev=1295 t=7399.8s remaining=709
    iter=1292 E=-2.1734808518 nfev=1296 t=7405.2s remaining=708
    iter=1293 E=-2.1734827677 nfev=1297 t=7409.5s remaining=707
    iter=1294 E=-2.1734842756 nfev=1298 t=7411.7s remaining=706
    iter=1295 E=-2.1734860599 nfev=1299 t=7414.0s remaining=705
    iter=1296 E=-2.1734882290 nfev=1300 t=7420.0s remaining=704
    iter=1297 E=-2.1734912095 nfev=1301 t=7424.0s remaining=703
    iter=1298 E=-2.1734957792 nfev=1302 t=7430.5s remaining=702
    iter=1299 E=-2.1735020263 nfev=1303 t=7436.2s remaining=701
    iter=1300 E=-2.1735070034 nfev=1304 t=7442.4s remaining=700
    iter=1301 E=-2.1735108093 nfev=1305 t=7446.7s remaining=699
    iter=1302 E=-2.1735137002 nfev=1306 t=7450.3s remaining=698
    iter=1303 E=-2.1735160948 nfev=1307 t=7456.8s remaining=697
    iter=1304 E=-2.1735181260 nfev=1308 t=7461.8s remaining=696
    iter=1305 E=-2.1735205404 nfev=1309 t=7470.1s remaining=695
    iter=1306 E=-2.1735232726 nfev=1310 t=7476.8s remaining=694
    iter=1307 E=-2.1735255599 nfev=1311 t=7483.0s remaining=693
    iter=1308 E=-2.1735284290 nfev=1312 t=7493.0s remaining=692
    iter=1309 E=-2.1735314244 nfev=1313 t=7495.0s remaining=691
    iter=1310 E=-2.1735341729 nfev=1314 t=7503.0s remaining=690
    iter=1311 E=-2.1735376559 nfev=1315 t=7510.8s remaining=689
    iter=1312 E=-2.1735424745 nfev=1316 t=7517.7s remaining=688
    iter=1313 E=-2.1735481398 nfev=1317 t=7524.0s remaining=687
    iter=1314 E=-2.1735529275 nfev=1318 t=7531.0s remaining=686
    iter=1315 E=-2.1735577245 nfev=1319 t=7536.1s remaining=685
    iter=1316 E=-2.1735627333 nfev=1320 t=7543.5s remaining=684
    iter=1317 E=-2.1735675534 nfev=1321 t=7552.0s remaining=683
    iter=1318 E=-2.1735722040 nfev=1322 t=7559.8s remaining=682
    iter=1319 E=-2.1735759071 nfev=1323 t=7566.4s remaining=681
    iter=1320 E=-2.1735778690 nfev=1324 t=7572.0s remaining=680
    iter=1321 E=-2.1735799668 nfev=1325 t=7578.3s remaining=679
    iter=1322 E=-2.1735818302 nfev=1326 t=7582.5s remaining=678
    iter=1323 E=-2.1735835258 nfev=1327 t=7586.1s remaining=677
    iter=1324 E=-2.1735853767 nfev=1328 t=7592.1s remaining=676
    iter=1325 E=-2.1735871097 nfev=1329 t=7596.6s remaining=675
    iter=1326 E=-2.1735897105 nfev=1330 t=7606.1s remaining=674
    iter=1327 E=-2.1735932282 nfev=1331 t=7613.4s remaining=673
    iter=1328 E=-2.1735962807 nfev=1332 t=7619.5s remaining=672
    iter=1329 E=-2.1735992306 nfev=1333 t=7627.7s remaining=671
    iter=1330 E=-2.1736023030 nfev=1334 t=7633.9s remaining=670
    iter=1331 E=-2.1736056441 nfev=1335 t=7639.4s remaining=669
    iter=1332 E=-2.1736084810 nfev=1336 t=7645.4s remaining=668
    iter=1333 E=-2.1736123526 nfev=1337 t=7652.6s remaining=667
    iter=1334 E=-2.1736174273 nfev=1338 t=7657.1s remaining=666
    iter=1335 E=-2.1736210006 nfev=1339 t=7662.1s remaining=665
    iter=1336 E=-2.1736232680 nfev=1340 t=7668.6s remaining=664
    iter=1337 E=-2.1736255797 nfev=1341 t=7675.0s remaining=663
    iter=1338 E=-2.1736276442 nfev=1342 t=7680.5s remaining=662
    iter=1339 E=-2.1736294435 nfev=1343 t=7689.7s remaining=661
    iter=1340 E=-2.1736313172 nfev=1344 t=7697.1s remaining=660
    iter=1341 E=-2.1736333085 nfev=1345 t=7705.6s remaining=659
    iter=1342 E=-2.1736352966 nfev=1346 t=7711.0s remaining=658
    iter=1343 E=-2.1736374924 nfev=1347 t=7717.2s remaining=657
    iter=1344 E=-2.1736400768 nfev=1348 t=7722.5s remaining=656
    iter=1345 E=-2.1736427687 nfev=1349 t=7728.5s remaining=655
    iter=1346 E=-2.1736451360 nfev=1350 t=7734.9s remaining=654
    iter=1347 E=-2.1736472668 nfev=1351 t=7741.8s remaining=653
    iter=1348 E=-2.1736490144 nfev=1352 t=7748.5s remaining=652
    iter=1349 E=-2.1736510734 nfev=1353 t=7754.1s remaining=651
    iter=1350 E=-2.1736533312 nfev=1354 t=7760.7s remaining=650
    iter=1351 E=-2.1736556900 nfev=1355 t=7769.8s remaining=649
    iter=1352 E=-2.1736578942 nfev=1356 t=7773.7s remaining=648
    iter=1353 E=-2.1736601818 nfev=1357 t=7778.9s remaining=647
    iter=1354 E=-2.1736629823 nfev=1358 t=7785.6s remaining=646
    iter=1355 E=-2.1736659182 nfev=1359 t=7793.3s remaining=645
    iter=1356 E=-2.1736682011 nfev=1360 t=7798.1s remaining=644
    iter=1357 E=-2.1736703832 nfev=1361 t=7807.4s remaining=643
    iter=1358 E=-2.1736729163 nfev=1362 t=7816.1s remaining=642
    iter=1359 E=-2.1736760823 nfev=1363 t=7819.9s remaining=641
    iter=1360 E=-2.1736794732 nfev=1364 t=7826.3s remaining=640
    iter=1361 E=-2.1736821025 nfev=1365 t=7830.3s remaining=639
    iter=1362 E=-2.1736845158 nfev=1366 t=7835.1s remaining=638
    iter=1363 E=-2.1736870290 nfev=1367 t=7841.0s remaining=637
    iter=1364 E=-2.1736895875 nfev=1368 t=7844.4s remaining=636
    iter=1365 E=-2.1736923465 nfev=1369 t=7848.7s remaining=635
    iter=1366 E=-2.1736958206 nfev=1370 t=7850.5s remaining=634
    iter=1367 E=-2.1736993202 nfev=1371 t=7855.6s remaining=633
    iter=1368 E=-2.1737020504 nfev=1372 t=7861.5s remaining=632
    iter=1369 E=-2.1737040396 nfev=1373 t=7867.1s remaining=631
    iter=1370 E=-2.1737056800 nfev=1374 t=7873.3s remaining=630
    iter=1371 E=-2.1737073000 nfev=1375 t=7878.9s remaining=629
    iter=1372 E=-2.1737086884 nfev=1376 t=7883.5s remaining=628
    iter=1373 E=-2.1737098809 nfev=1377 t=7888.5s remaining=627
    iter=1374 E=-2.1737113098 nfev=1378 t=7894.4s remaining=626
    iter=1375 E=-2.1737130404 nfev=1379 t=7901.7s remaining=625
    iter=1376 E=-2.1737145952 nfev=1380 t=7907.0s remaining=624
    iter=1377 E=-2.1737163760 nfev=1381 t=7912.4s remaining=623
    iter=1378 E=-2.1737183905 nfev=1382 t=7916.8s remaining=622
    iter=1379 E=-2.1737205079 nfev=1383 t=7924.9s remaining=621
    iter=1380 E=-2.1737225019 nfev=1384 t=7933.6s remaining=620
    iter=1381 E=-2.1737243778 nfev=1385 t=7941.2s remaining=619
    iter=1382 E=-2.1737259716 nfev=1386 t=7947.4s remaining=618
    iter=1383 E=-2.1737279185 nfev=1387 t=7956.4s remaining=617
    iter=1384 E=-2.1737296871 nfev=1388 t=7964.8s remaining=616
    iter=1385 E=-2.1737320076 nfev=1389 t=7970.7s remaining=615
    iter=1386 E=-2.1737345412 nfev=1390 t=7975.6s remaining=614
    iter=1387 E=-2.1737369705 nfev=1391 t=7979.9s remaining=613
    iter=1388 E=-2.1737387887 nfev=1392 t=7985.2s remaining=612
    iter=1389 E=-2.1737402775 nfev=1393 t=7989.6s remaining=611
    iter=1390 E=-2.1737418970 nfev=1394 t=7998.5s remaining=610
    iter=1391 E=-2.1737437365 nfev=1395 t=8004.5s remaining=609
    iter=1392 E=-2.1737459443 nfev=1396 t=8011.2s remaining=608
    iter=1393 E=-2.1737483033 nfev=1397 t=8020.2s remaining=607
    iter=1394 E=-2.1737500324 nfev=1398 t=8025.7s remaining=606
    iter=1395 E=-2.1737522894 nfev=1399 t=8030.1s remaining=605
    iter=1396 E=-2.1737547120 nfev=1400 t=8036.3s remaining=604
    iter=1397 E=-2.1737574555 nfev=1401 t=8043.1s remaining=603
    iter=1398 E=-2.1737610829 nfev=1402 t=8048.1s remaining=602
    iter=1399 E=-2.1737647281 nfev=1403 t=8056.5s remaining=601
    iter=1400 E=-2.1737679405 nfev=1404 t=8063.2s remaining=600
    iter=1401 E=-2.1737703666 nfev=1405 t=8068.4s remaining=599
    iter=1402 E=-2.1737721775 nfev=1406 t=8074.8s remaining=598
    iter=1403 E=-2.1737736277 nfev=1407 t=8080.6s remaining=597
    iter=1404 E=-2.1737751377 nfev=1408 t=8086.7s remaining=596
    iter=1405 E=-2.1737764623 nfev=1409 t=8091.8s remaining=595
    iter=1406 E=-2.1737775416 nfev=1410 t=8095.7s remaining=594
    iter=1407 E=-2.1737786783 nfev=1411 t=8098.3s remaining=593
    iter=1408 E=-2.1737797189 nfev=1412 t=8103.7s remaining=592
    iter=1409 E=-2.1737808996 nfev=1413 t=8108.4s remaining=591
    iter=1410 E=-2.1737822701 nfev=1414 t=8113.3s remaining=590
    iter=1411 E=-2.1737838093 nfev=1415 t=8119.9s remaining=589
    iter=1412 E=-2.1737854157 nfev=1416 t=8131.1s remaining=588
    iter=1413 E=-2.1737874045 nfev=1417 t=8138.0s remaining=587
    iter=1414 E=-2.1737900745 nfev=1418 t=8143.9s remaining=586
    iter=1415 E=-2.1737927846 nfev=1419 t=8149.4s remaining=585
    iter=1416 E=-2.1737954213 nfev=1420 t=8156.3s remaining=584
    iter=1417 E=-2.1737976379 nfev=1421 t=8162.2s remaining=583
    iter=1418 E=-2.1737995173 nfev=1422 t=8165.2s remaining=582
    iter=1419 E=-2.1738010871 nfev=1423 t=8172.2s remaining=581
    iter=1420 E=-2.1738023559 nfev=1424 t=8176.0s remaining=580
    iter=1421 E=-2.1738040948 nfev=1425 t=8184.7s remaining=579
    iter=1422 E=-2.1738062369 nfev=1426 t=8190.4s remaining=578
    iter=1423 E=-2.1738079320 nfev=1427 t=8194.2s remaining=577
    iter=1424 E=-2.1738098131 nfev=1428 t=8201.8s remaining=576
    iter=1425 E=-2.1738123121 nfev=1429 t=8206.2s remaining=575
    iter=1426 E=-2.1738154367 nfev=1430 t=8216.7s remaining=574
    iter=1427 E=-2.1738183948 nfev=1431 t=8224.9s remaining=573
    iter=1428 E=-2.1738215132 nfev=1432 t=8232.0s remaining=572
    iter=1429 E=-2.1738231733 nfev=1433 t=8238.9s remaining=571
    iter=1430 E=-2.1738256867 nfev=1434 t=8246.5s remaining=570
    iter=1431 E=-2.1738289419 nfev=1435 t=8253.4s remaining=569
    iter=1432 E=-2.1738316882 nfev=1436 t=8259.5s remaining=568
    iter=1433 E=-2.1738338222 nfev=1437 t=8268.3s remaining=567
    iter=1434 E=-2.1738356425 nfev=1438 t=8273.6s remaining=566
    iter=1435 E=-2.1738366649 nfev=1439 t=8278.5s remaining=565
    iter=1436 E=-2.1738377487 nfev=1440 t=8285.2s remaining=564
    iter=1437 E=-2.1738387518 nfev=1441 t=8292.7s remaining=563
    iter=1438 E=-2.1738394507 nfev=1442 t=8299.2s remaining=562
    iter=1439 E=-2.1738403259 nfev=1443 t=8306.3s remaining=561
    iter=1440 E=-2.1738415373 nfev=1444 t=8317.6s remaining=560
    iter=1441 E=-2.1738430384 nfev=1445 t=8322.8s remaining=559
    iter=1442 E=-2.1738442385 nfev=1446 t=8328.1s remaining=558
    iter=1443 E=-2.1738456563 nfev=1447 t=8333.4s remaining=557
    iter=1444 E=-2.1738472728 nfev=1448 t=8336.5s remaining=556
    iter=1445 E=-2.1738488896 nfev=1449 t=8339.8s remaining=555
    iter=1446 E=-2.1738505268 nfev=1450 t=8344.4s remaining=554
    iter=1447 E=-2.1738527056 nfev=1451 t=8349.2s remaining=553
    iter=1448 E=-2.1738554546 nfev=1452 t=8353.2s remaining=552
    iter=1449 E=-2.1738582890 nfev=1453 t=8359.3s remaining=551
    iter=1450 E=-2.1738611117 nfev=1454 t=8365.0s remaining=550
    iter=1451 E=-2.1738633744 nfev=1455 t=8369.6s remaining=549
    iter=1452 E=-2.1738647348 nfev=1456 t=8372.8s remaining=548
    iter=1453 E=-2.1738659387 nfev=1457 t=8376.7s remaining=547
    iter=1454 E=-2.1738670614 nfev=1458 t=8382.4s remaining=546
    iter=1455 E=-2.1738680498 nfev=1459 t=8388.5s remaining=545
    iter=1456 E=-2.1738691231 nfev=1460 t=8396.6s remaining=544
    iter=1457 E=-2.1738703811 nfev=1461 t=8403.2s remaining=543
    iter=1458 E=-2.1738716201 nfev=1462 t=8407.8s remaining=542
    iter=1459 E=-2.1738728772 nfev=1463 t=8413.7s remaining=541
    iter=1460 E=-2.1738741191 nfev=1464 t=8418.4s remaining=540
    iter=1461 E=-2.1738751903 nfev=1465 t=8424.9s remaining=539
    iter=1462 E=-2.1738759189 nfev=1466 t=8431.0s remaining=538
    iter=1463 E=-2.1738769707 nfev=1467 t=8436.1s remaining=537
    iter=1464 E=-2.1738783757 nfev=1468 t=8438.2s remaining=536
    iter=1465 E=-2.1738795363 nfev=1469 t=8446.5s remaining=535
    iter=1466 E=-2.1738805436 nfev=1470 t=8452.3s remaining=534
    iter=1467 E=-2.1738816104 nfev=1471 t=8456.8s remaining=533
    iter=1468 E=-2.1738826165 nfev=1472 t=8461.1s remaining=532
    iter=1469 E=-2.1738834552 nfev=1473 t=8467.2s remaining=531
    iter=1470 E=-2.1738844615 nfev=1474 t=8473.8s remaining=530
    iter=1471 E=-2.1738855650 nfev=1475 t=8480.0s remaining=529
    iter=1472 E=-2.1738864638 nfev=1476 t=8489.3s remaining=528
    iter=1473 E=-2.1738877043 nfev=1477 t=8494.7s remaining=527
    iter=1474 E=-2.1738891526 nfev=1478 t=8501.7s remaining=526
    iter=1475 E=-2.1738902843 nfev=1479 t=8507.1s remaining=525
    iter=1476 E=-2.1738913341 nfev=1480 t=8513.3s remaining=524
    iter=1477 E=-2.1738920972 nfev=1481 t=8521.7s remaining=523
    iter=1478 E=-2.1738929167 nfev=1482 t=8525.2s remaining=522
    iter=1479 E=-2.1738938007 nfev=1483 t=8532.7s remaining=521
    iter=1480 E=-2.1738948482 nfev=1484 t=8538.2s remaining=520
    iter=1481 E=-2.1738958628 nfev=1485 t=8541.1s remaining=519
    iter=1482 E=-2.1738970301 nfev=1486 t=8545.5s remaining=518
    iter=1483 E=-2.1738981570 nfev=1487 t=8552.0s remaining=517
    iter=1484 E=-2.1738990512 nfev=1488 t=8559.3s remaining=516
    iter=1485 E=-2.1739001426 nfev=1489 t=8564.6s remaining=515
    iter=1486 E=-2.1739015970 nfev=1490 t=8570.8s remaining=514
    iter=1487 E=-2.1739034900 nfev=1491 t=8573.5s remaining=513
    iter=1488 E=-2.1739054860 nfev=1492 t=8578.5s remaining=512
    iter=1489 E=-2.1739070373 nfev=1493 t=8585.4s remaining=511
    iter=1490 E=-2.1739081423 nfev=1494 t=8589.9s remaining=510
    iter=1491 E=-2.1739091945 nfev=1495 t=8596.7s remaining=509
    iter=1492 E=-2.1739104799 nfev=1496 t=8604.0s remaining=508
    iter=1493 E=-2.1739118073 nfev=1497 t=8608.4s remaining=507
    iter=1494 E=-2.1739130184 nfev=1498 t=8613.8s remaining=506
    iter=1495 E=-2.1739143244 nfev=1499 t=8619.1s remaining=505
    iter=1496 E=-2.1739155290 nfev=1500 t=8623.5s remaining=504
    iter=1497 E=-2.1739162605 nfev=1501 t=8628.5s remaining=503
    iter=1498 E=-2.1739169346 nfev=1502 t=8633.5s remaining=502
    iter=1499 E=-2.1739176270 nfev=1503 t=8638.0s remaining=501
    iter=1500 E=-2.1739185060 nfev=1504 t=8646.0s remaining=500
    iter=1501 E=-2.1739193258 nfev=1505 t=8653.2s remaining=499
    iter=1502 E=-2.1739202977 nfev=1506 t=8661.0s remaining=498
    iter=1503 E=-2.1739212667 nfev=1507 t=8665.4s remaining=497
    iter=1504 E=-2.1739221921 nfev=1508 t=8671.2s remaining=496
    iter=1505 E=-2.1739230374 nfev=1509 t=8675.4s remaining=495
    iter=1506 E=-2.1739238164 nfev=1510 t=8679.1s remaining=494
    iter=1507 E=-2.1739243865 nfev=1511 t=8685.8s remaining=493
    iter=1508 E=-2.1739248045 nfev=1512 t=8690.4s remaining=492
    iter=1509 E=-2.1739252592 nfev=1513 t=8694.6s remaining=491
    iter=1510 E=-2.1739258094 nfev=1514 t=8700.7s remaining=490
    iter=1511 E=-2.1739262527 nfev=1515 t=8704.3s remaining=489
    iter=1512 E=-2.1739266901 nfev=1516 t=8707.8s remaining=488
    iter=1513 E=-2.1739271208 nfev=1517 t=8712.8s remaining=487
    iter=1514 E=-2.1739275836 nfev=1518 t=8718.1s remaining=486
    iter=1515 E=-2.1739282761 nfev=1519 t=8722.3s remaining=485
    iter=1516 E=-2.1739292549 nfev=1520 t=8727.3s remaining=484
    iter=1517 E=-2.1739302236 nfev=1521 t=8731.5s remaining=483
    iter=1518 E=-2.1739310557 nfev=1522 t=8735.8s remaining=482
    iter=1519 E=-2.1739320346 nfev=1523 t=8742.3s remaining=481
    iter=1520 E=-2.1739330558 nfev=1524 t=8748.2s remaining=480
    iter=1521 E=-2.1739341349 nfev=1525 t=8753.0s remaining=479
    iter=1522 E=-2.1739353030 nfev=1526 t=8761.9s remaining=478
    iter=1523 E=-2.1739364446 nfev=1527 t=8767.9s remaining=477
    iter=1524 E=-2.1739371119 nfev=1528 t=8769.9s remaining=476
    iter=1525 E=-2.1739377343 nfev=1529 t=8776.0s remaining=475
    iter=1526 E=-2.1739382897 nfev=1530 t=8784.5s remaining=474
    iter=1527 E=-2.1739388289 nfev=1531 t=8790.3s remaining=473
    iter=1528 E=-2.1739393286 nfev=1532 t=8793.3s remaining=472
    iter=1529 E=-2.1739397901 nfev=1533 t=8795.5s remaining=471
    iter=1530 E=-2.1739401497 nfev=1534 t=8803.5s remaining=470
    iter=1531 E=-2.1739404460 nfev=1535 t=8809.2s remaining=469
    iter=1532 E=-2.1739406475 nfev=1536 t=8816.3s remaining=468
    iter=1533 E=-2.1739408431 nfev=1537 t=8822.0s remaining=467
    iter=1534 E=-2.1739410721 nfev=1538 t=8828.0s remaining=466
    iter=1535 E=-2.1739413509 nfev=1539 t=8835.2s remaining=465
    iter=1536 E=-2.1739416954 nfev=1540 t=8841.1s remaining=464
    iter=1537 E=-2.1739421690 nfev=1541 t=8850.4s remaining=463
    iter=1538 E=-2.1739427779 nfev=1542 t=8856.0s remaining=462
    iter=1539 E=-2.1739434812 nfev=1543 t=8861.3s remaining=461
    iter=1540 E=-2.1739443779 nfev=1544 t=8863.3s remaining=460
    iter=1541 E=-2.1739454450 nfev=1545 t=8867.7s remaining=459
    iter=1542 E=-2.1739465355 nfev=1546 t=8871.4s remaining=458
    iter=1543 E=-2.1739474963 nfev=1547 t=8875.4s remaining=457
    iter=1544 E=-2.1739483930 nfev=1548 t=8878.9s remaining=456
    iter=1545 E=-2.1739491746 nfev=1549 t=8884.7s remaining=455
    iter=1546 E=-2.1739498709 nfev=1550 t=8889.9s remaining=454
    iter=1547 E=-2.1739506503 nfev=1551 t=8893.0s remaining=453
    iter=1548 E=-2.1739513967 nfev=1552 t=8899.4s remaining=452
    iter=1549 E=-2.1739521625 nfev=1553 t=8905.9s remaining=451
    iter=1550 E=-2.1739527975 nfev=1554 t=8910.9s remaining=450
    iter=1551 E=-2.1739532791 nfev=1555 t=8916.8s remaining=449
    iter=1552 E=-2.1739536846 nfev=1556 t=8924.0s remaining=448
    iter=1553 E=-2.1739541403 nfev=1557 t=8928.3s remaining=447
    iter=1554 E=-2.1739545628 nfev=1558 t=8932.1s remaining=446
    iter=1555 E=-2.1739548808 nfev=1559 t=8939.6s remaining=445
    iter=1556 E=-2.1739552588 nfev=1560 t=8944.9s remaining=444
    iter=1557 E=-2.1739556636 nfev=1561 t=8950.4s remaining=443
    iter=1558 E=-2.1739560616 nfev=1562 t=8953.9s remaining=442
    iter=1559 E=-2.1739565090 nfev=1563 t=8960.4s remaining=441
    iter=1560 E=-2.1739570477 nfev=1564 t=8967.9s remaining=440
    iter=1561 E=-2.1739577064 nfev=1565 t=8975.3s remaining=439
    iter=1562 E=-2.1739585443 nfev=1566 t=8980.6s remaining=438
    iter=1563 E=-2.1739595248 nfev=1567 t=8986.7s remaining=437
    iter=1564 E=-2.1739610100 nfev=1568 t=8992.7s remaining=436
    iter=1565 E=-2.1739632160 nfev=1569 t=8999.6s remaining=435
    iter=1566 E=-2.1739660534 nfev=1570 t=9005.7s remaining=434
    iter=1567 E=-2.1739685358 nfev=1571 t=9011.4s remaining=433
    iter=1568 E=-2.1739708516 nfev=1572 t=9017.6s remaining=432
    iter=1569 E=-2.1739723826 nfev=1573 t=9023.4s remaining=431
    iter=1570 E=-2.1739732117 nfev=1574 t=9027.7s remaining=430
    iter=1571 E=-2.1739736905 nfev=1575 t=9032.6s remaining=429
    iter=1572 E=-2.1739740145 nfev=1576 t=9039.1s remaining=428
    iter=1573 E=-2.1739742174 nfev=1577 t=9044.9s remaining=427
    iter=1574 E=-2.1739744188 nfev=1578 t=9053.3s remaining=426
    iter=1575 E=-2.1739746925 nfev=1579 t=9056.2s remaining=425
    iter=1576 E=-2.1739750730 nfev=1580 t=9058.1s remaining=424
    iter=1577 E=-2.1739756124 nfev=1581 t=9064.8s remaining=423
    iter=1578 E=-2.1739763831 nfev=1582 t=9071.5s remaining=422
    iter=1579 E=-2.1739773094 nfev=1583 t=9074.8s remaining=421
    iter=1580 E=-2.1739783356 nfev=1584 t=9078.2s remaining=420
    iter=1581 E=-2.1739797935 nfev=1585 t=9080.3s remaining=419
    iter=1582 E=-2.1739819820 nfev=1586 t=9086.2s remaining=418
    iter=1583 E=-2.1739849273 nfev=1587 t=9091.1s remaining=417
    iter=1584 E=-2.1739874779 nfev=1588 t=9094.7s remaining=416
    iter=1585 E=-2.1739893419 nfev=1589 t=9101.1s remaining=415
    iter=1586 E=-2.1739910597 nfev=1590 t=9107.0s remaining=414
    iter=1587 E=-2.1739923390 nfev=1591 t=9112.7s remaining=413
    iter=1588 E=-2.1739933820 nfev=1592 t=9116.6s remaining=412
    iter=1589 E=-2.1739943584 nfev=1593 t=9121.7s remaining=411
    iter=1590 E=-2.1739949586 nfev=1594 t=9126.8s remaining=410
    iter=1591 E=-2.1739954703 nfev=1595 t=9129.4s remaining=409
    iter=1592 E=-2.1739958245 nfev=1596 t=9135.3s remaining=408
    iter=1593 E=-2.1739961344 nfev=1597 t=9140.3s remaining=407
    iter=1594 E=-2.1739965326 nfev=1598 t=9142.1s remaining=406
    iter=1595 E=-2.1739969596 nfev=1599 t=9145.2s remaining=405
    iter=1596 E=-2.1739975224 nfev=1600 t=9148.2s remaining=404
    iter=1597 E=-2.1739982557 nfev=1601 t=9153.1s remaining=403
    iter=1598 E=-2.1739990633 nfev=1602 t=9156.8s remaining=402
    iter=1599 E=-2.1739998306 nfev=1603 t=9161.0s remaining=401
    iter=1600 E=-2.1740008137 nfev=1604 t=9168.8s remaining=400
    iter=1601 E=-2.1740021784 nfev=1605 t=9173.6s remaining=399
    iter=1602 E=-2.1740041293 nfev=1606 t=9179.9s remaining=398
    iter=1603 E=-2.1740066008 nfev=1607 t=9186.4s remaining=397
    iter=1604 E=-2.1740085520 nfev=1608 t=9191.8s remaining=396
    iter=1605 E=-2.1740111088 nfev=1609 t=9197.2s remaining=395
    iter=1606 E=-2.1740143305 nfev=1610 t=9202.9s remaining=394
    iter=1607 E=-2.1740172691 nfev=1611 t=9208.4s remaining=393
    iter=1608 E=-2.1740196918 nfev=1612 t=9214.6s remaining=392
    iter=1609 E=-2.1740216158 nfev=1613 t=9221.4s remaining=391
    iter=1610 E=-2.1740225454 nfev=1614 t=9227.2s remaining=390
    iter=1611 E=-2.1740233233 nfev=1615 t=9229.9s remaining=389
    iter=1612 E=-2.1740237631 nfev=1616 t=9240.0s remaining=388
    iter=1613 E=-2.1740242527 nfev=1617 t=9241.5s remaining=387
    iter=1614 E=-2.1740247424 nfev=1618 t=9243.6s remaining=386
    iter=1615 E=-2.1740249069 nfev=1619 t=9247.6s remaining=385
    iter=1616 E=-2.1740251953 nfev=1620 t=9256.7s remaining=384
    iter=1617 E=-2.1740256331 nfev=1621 t=9262.6s remaining=383
    iter=1618 E=-2.1740260761 nfev=1622 t=9269.4s remaining=382
    iter=1619 E=-2.1740264324 nfev=1623 t=9274.9s remaining=381
    iter=1620 E=-2.1740270296 nfev=1624 t=9280.3s remaining=380
    iter=1621 E=-2.1740279927 nfev=1625 t=9285.1s remaining=379
    iter=1622 E=-2.1740293415 nfev=1626 t=9288.9s remaining=378
    iter=1623 E=-2.1740309623 nfev=1627 t=9293.8s remaining=377
    iter=1624 E=-2.1740328223 nfev=1628 t=9298.6s remaining=376
    iter=1625 E=-2.1740355945 nfev=1629 t=9300.5s remaining=375
    iter=1626 E=-2.1740394990 nfev=1630 t=9303.2s remaining=374
    iter=1627 E=-2.1740428571 nfev=1631 t=9308.3s remaining=373
    iter=1628 E=-2.1740455350 nfev=1632 t=9312.9s remaining=372
    iter=1629 E=-2.1740480837 nfev=1633 t=9317.2s remaining=371
    iter=1630 E=-2.1740505340 nfev=1634 t=9322.4s remaining=370
    iter=1631 E=-2.1740515572 nfev=1635 t=9327.4s remaining=369
    iter=1632 E=-2.1740529176 nfev=1636 t=9332.6s remaining=368
    iter=1633 E=-2.1740537159 nfev=1637 t=9337.7s remaining=367
    iter=1634 E=-2.1740545428 nfev=1638 t=9344.1s remaining=366
    iter=1635 E=-2.1740548200 nfev=1639 t=9348.9s remaining=365
    iter=1636 E=-2.1740552257 nfev=1640 t=9355.3s remaining=364
    iter=1637 E=-2.1740556430 nfev=1641 t=9361.3s remaining=363
    iter=1638 E=-2.1740559623 nfev=1642 t=9368.4s remaining=362
    iter=1639 E=-2.1740562904 nfev=1643 t=9375.0s remaining=361
    iter=1640 E=-2.1740567230 nfev=1644 t=9381.5s remaining=360
    iter=1641 E=-2.1740571211 nfev=1645 t=9385.4s remaining=359
    iter=1642 E=-2.1740577178 nfev=1646 t=9388.7s remaining=358
    iter=1643 E=-2.1740586093 nfev=1647 t=9391.1s remaining=357
    iter=1644 E=-2.1740595336 nfev=1648 t=9396.8s remaining=356
    iter=1645 E=-2.1740603730 nfev=1649 t=9399.1s remaining=355
    iter=1646 E=-2.1740615879 nfev=1650 t=9404.1s remaining=354
    iter=1647 E=-2.1740633911 nfev=1651 t=9410.6s remaining=353
    iter=1648 E=-2.1740656485 nfev=1652 t=9416.9s remaining=352
    iter=1649 E=-2.1740678743 nfev=1653 t=9422.1s remaining=351
    iter=1650 E=-2.1740705890 nfev=1654 t=9429.5s remaining=350
    iter=1651 E=-2.1740739645 nfev=1655 t=9436.3s remaining=349
    iter=1652 E=-2.1740763131 nfev=1656 t=9444.4s remaining=348
    iter=1653 E=-2.1740780248 nfev=1657 t=9450.1s remaining=347
    iter=1654 E=-2.1740794314 nfev=1658 t=9458.1s remaining=346
    iter=1655 E=-2.1740803424 nfev=1659 t=9466.0s remaining=345
    iter=1656 E=-2.1740811411 nfev=1660 t=9474.4s remaining=344
    iter=1657 E=-2.1740818066 nfev=1661 t=9478.3s remaining=343
    iter=1658 E=-2.1740824657 nfev=1662 t=9482.3s remaining=342
    iter=1659 E=-2.1740829892 nfev=1663 t=9489.1s remaining=341
    iter=1660 E=-2.1740834145 nfev=1664 t=9495.0s remaining=340
    iter=1661 E=-2.1740837293 nfev=1665 t=9501.0s remaining=339
    iter=1662 E=-2.1740841039 nfev=1666 t=9507.3s remaining=338
    iter=1663 E=-2.1740845679 nfev=1667 t=9517.6s remaining=337
    iter=1664 E=-2.1740850291 nfev=1668 t=9525.1s remaining=336
    iter=1665 E=-2.1740855398 nfev=1669 t=9532.6s remaining=335
    iter=1666 E=-2.1740861564 nfev=1670 t=9537.9s remaining=334
    iter=1667 E=-2.1740870310 nfev=1671 t=9544.0s remaining=333
    iter=1668 E=-2.1740881231 nfev=1672 t=9549.1s remaining=332
    iter=1669 E=-2.1740893441 nfev=1673 t=9560.3s remaining=331
    iter=1670 E=-2.1740906851 nfev=1674 t=9567.3s remaining=330
    iter=1671 E=-2.1740918008 nfev=1675 t=9574.1s remaining=329
    iter=1672 E=-2.1740925672 nfev=1676 t=9579.9s remaining=328
    iter=1673 E=-2.1740932785 nfev=1677 t=9585.4s remaining=327
    iter=1674 E=-2.1740939277 nfev=1678 t=9592.6s remaining=326
    iter=1675 E=-2.1740943878 nfev=1679 t=9596.8s remaining=325
    iter=1676 E=-2.1740948559 nfev=1680 t=9603.3s remaining=324
    iter=1677 E=-2.1740955347 nfev=1681 t=9607.8s remaining=323
    iter=1678 E=-2.1740964222 nfev=1682 t=9610.9s remaining=322
    iter=1679 E=-2.1740974776 nfev=1683 t=9614.9s remaining=321
    iter=1680 E=-2.1740986796 nfev=1684 t=9618.8s remaining=320
    iter=1681 E=-2.1741002553 nfev=1685 t=9623.5s remaining=319
    iter=1682 E=-2.1741017699 nfev=1686 t=9629.3s remaining=318
    iter=1683 E=-2.1741030072 nfev=1687 t=9636.6s remaining=317
    iter=1684 E=-2.1741042391 nfev=1688 t=9642.6s remaining=316
    iter=1685 E=-2.1741053894 nfev=1689 t=9651.3s remaining=315
    iter=1686 E=-2.1741057665 nfev=1690 t=9659.9s remaining=314
    iter=1687 E=-2.1741063550 nfev=1691 t=9663.3s remaining=313
    iter=1688 E=-2.1741070453 nfev=1692 t=9667.5s remaining=312
    iter=1689 E=-2.1741075326 nfev=1693 t=9673.6s remaining=311
    iter=1690 E=-2.1741079750 nfev=1694 t=9681.5s remaining=310
    iter=1691 E=-2.1741084545 nfev=1695 t=9687.3s remaining=309
    iter=1692 E=-2.1741087480 nfev=1696 t=9693.8s remaining=308
    iter=1693 E=-2.1741090583 nfev=1697 t=9700.8s remaining=307
    iter=1694 E=-2.1741093550 nfev=1698 t=9706.3s remaining=306
    iter=1695 E=-2.1741096280 nfev=1699 t=9713.5s remaining=305
    iter=1696 E=-2.1741099056 nfev=1700 t=9720.9s remaining=304
    iter=1697 E=-2.1741102435 nfev=1701 t=9726.5s remaining=303
    iter=1698 E=-2.1741106070 nfev=1702 t=9730.9s remaining=302
    iter=1699 E=-2.1741110688 nfev=1703 t=9737.6s remaining=301
    iter=1700 E=-2.1741116760 nfev=1704 t=9741.7s remaining=300
    iter=1701 E=-2.1741123444 nfev=1705 t=9747.7s remaining=299
    iter=1702 E=-2.1741131561 nfev=1706 t=9755.6s remaining=298
    iter=1703 E=-2.1741139446 nfev=1707 t=9760.8s remaining=297
    iter=1704 E=-2.1741145793 nfev=1708 t=9766.5s remaining=296
    iter=1705 E=-2.1741151480 nfev=1709 t=9771.8s remaining=295
    iter=1706 E=-2.1741156681 nfev=1710 t=9779.4s remaining=294
    iter=1707 E=-2.1741162335 nfev=1711 t=9786.7s remaining=293
    iter=1708 E=-2.1741169648 nfev=1712 t=9794.2s remaining=292
    iter=1709 E=-2.1741177700 nfev=1713 t=9800.8s remaining=291
    iter=1710 E=-2.1741187101 nfev=1714 t=9805.4s remaining=290
    iter=1711 E=-2.1741196706 nfev=1715 t=9811.4s remaining=289
    iter=1712 E=-2.1741203563 nfev=1716 t=9818.7s remaining=288
    iter=1713 E=-2.1741210495 nfev=1717 t=9824.6s remaining=287
    iter=1714 E=-2.1741219047 nfev=1718 t=9831.4s remaining=286
    iter=1715 E=-2.1741226222 nfev=1719 t=9836.6s remaining=285
    iter=1716 E=-2.1741232124 nfev=1720 t=9845.1s remaining=284
    iter=1717 E=-2.1741236720 nfev=1721 t=9850.4s remaining=283
    iter=1718 E=-2.1741239549 nfev=1722 t=9856.1s remaining=282
    iter=1719 E=-2.1741241885 nfev=1723 t=9863.1s remaining=281
    iter=1720 E=-2.1741243622 nfev=1724 t=9866.1s remaining=280
    iter=1721 E=-2.1741245027 nfev=1725 t=9871.3s remaining=279
    iter=1722 E=-2.1741247022 nfev=1726 t=9876.7s remaining=278
    iter=1723 E=-2.1741249328 nfev=1727 t=9882.1s remaining=277
    iter=1724 E=-2.1741252630 nfev=1728 t=9886.5s remaining=276
    iter=1725 E=-2.1741256801 nfev=1729 t=9891.9s remaining=275
    iter=1726 E=-2.1741262380 nfev=1730 t=9898.2s remaining=274
    iter=1727 E=-2.1741269704 nfev=1731 t=9904.2s remaining=273
    iter=1728 E=-2.1741278334 nfev=1732 t=9913.1s remaining=272
    iter=1729 E=-2.1741288638 nfev=1733 t=9918.3s remaining=271
    iter=1730 E=-2.1741301159 nfev=1734 t=9926.5s remaining=270
    iter=1731 E=-2.1741318355 nfev=1735 t=9934.3s remaining=269
    iter=1732 E=-2.1741337570 nfev=1736 t=9940.5s remaining=268
    iter=1733 E=-2.1741353310 nfev=1737 t=9946.8s remaining=267
    iter=1734 E=-2.1741363009 nfev=1738 t=9952.2s remaining=266
    iter=1735 E=-2.1741368403 nfev=1739 t=9958.6s remaining=265
    iter=1736 E=-2.1741371632 nfev=1740 t=9964.2s remaining=264
    iter=1737 E=-2.1741373954 nfev=1741 t=9969.6s remaining=263
    iter=1738 E=-2.1741375593 nfev=1742 t=9986.1s remaining=262
    iter=1739 E=-2.1741377011 nfev=1743 t=9994.4s remaining=261
    iter=1740 E=-2.1741378457 nfev=1744 t=10003.3s remaining=260
    iter=1741 E=-2.1741379935 nfev=1745 t=10007.6s remaining=259
    iter=1742 E=-2.1741381373 nfev=1746 t=10011.6s remaining=258
    iter=1743 E=-2.1741382933 nfev=1747 t=10015.3s remaining=257
    iter=1744 E=-2.1741384664 nfev=1748 t=10019.9s remaining=256
    iter=1745 E=-2.1741386618 nfev=1749 t=10025.8s remaining=255
    iter=1746 E=-2.1741389025 nfev=1750 t=10032.2s remaining=254
    iter=1747 E=-2.1741391767 nfev=1751 t=10038.1s remaining=253
    iter=1748 E=-2.1741394989 nfev=1752 t=10041.5s remaining=252
    iter=1749 E=-2.1741399069 nfev=1753 t=10048.0s remaining=251
    iter=1750 E=-2.1741403298 nfev=1754 t=10053.8s remaining=250
    iter=1751 E=-2.1741408125 nfev=1755 t=10058.1s remaining=249
    iter=1752 E=-2.1741413881 nfev=1756 t=10062.7s remaining=248
    iter=1753 E=-2.1741420141 nfev=1757 t=10067.6s remaining=247
    iter=1754 E=-2.1741426098 nfev=1758 t=10073.3s remaining=246
    iter=1755 E=-2.1741432338 nfev=1759 t=10079.9s remaining=245
    iter=1756 E=-2.1741438660 nfev=1760 t=10086.4s remaining=244
    iter=1757 E=-2.1741444916 nfev=1761 t=10092.0s remaining=243
    iter=1758 E=-2.1741451387 nfev=1762 t=10097.5s remaining=242
    iter=1759 E=-2.1741457097 nfev=1763 t=10101.9s remaining=241
    iter=1760 E=-2.1741461172 nfev=1764 t=10111.8s remaining=240
    iter=1761 E=-2.1741465045 nfev=1765 t=10117.8s remaining=239
    iter=1762 E=-2.1741468968 nfev=1766 t=10122.8s remaining=238
    iter=1763 E=-2.1741471654 nfev=1767 t=10127.0s remaining=237
    iter=1764 E=-2.1741473643 nfev=1768 t=10134.7s remaining=236
    iter=1765 E=-2.1741475121 nfev=1769 t=10142.7s remaining=235
    iter=1766 E=-2.1741476418 nfev=1770 t=10148.1s remaining=234
    iter=1767 E=-2.1741477462 nfev=1771 t=10156.1s remaining=233
    iter=1768 E=-2.1741478273 nfev=1772 t=10160.5s remaining=232
    iter=1769 E=-2.1741479036 nfev=1773 t=10163.7s remaining=231
    iter=1770 E=-2.1741479910 nfev=1774 t=10167.9s remaining=230
    iter=1771 E=-2.1741481016 nfev=1775 t=10174.9s remaining=229
    iter=1772 E=-2.1741482477 nfev=1776 t=10183.0s remaining=228
    iter=1773 E=-2.1741484447 nfev=1777 t=10190.0s remaining=227
    iter=1774 E=-2.1741487046 nfev=1778 t=10197.1s remaining=226
    iter=1775 E=-2.1741490262 nfev=1779 t=10200.8s remaining=225
    iter=1776 E=-2.1741494519 nfev=1780 t=10204.8s remaining=224
    iter=1777 E=-2.1741500210 nfev=1781 t=10214.6s remaining=223
    iter=1778 E=-2.1741506981 nfev=1782 t=10219.5s remaining=222
    iter=1779 E=-2.1741513568 nfev=1783 t=10227.0s remaining=221
    iter=1780 E=-2.1741519002 nfev=1784 t=10231.8s remaining=220
    iter=1781 E=-2.1741523706 nfev=1785 t=10235.2s remaining=219
    iter=1782 E=-2.1741527626 nfev=1786 t=10239.4s remaining=218
    iter=1783 E=-2.1741530650 nfev=1787 t=10244.0s remaining=217
    iter=1784 E=-2.1741533074 nfev=1788 t=10250.3s remaining=216
    iter=1785 E=-2.1741535266 nfev=1789 t=10258.5s remaining=215
    iter=1786 E=-2.1741537254 nfev=1790 t=10262.1s remaining=214
    iter=1787 E=-2.1741538727 nfev=1791 t=10266.8s remaining=213
    iter=1788 E=-2.1741539712 nfev=1792 t=10272.9s remaining=212
    iter=1789 E=-2.1741540243 nfev=1793 t=10280.9s remaining=211
    iter=1790 E=-2.1741540705 nfev=1794 t=10287.2s remaining=210
    iter=1791 E=-2.1741541275 nfev=1795 t=10296.2s remaining=209
    iter=1792 E=-2.1741542092 nfev=1796 t=10300.9s remaining=208
    iter=1793 E=-2.1741543279 nfev=1797 t=10306.3s remaining=207
    iter=1794 E=-2.1741544984 nfev=1798 t=10313.3s remaining=206
    iter=1795 E=-2.1741547210 nfev=1799 t=10319.5s remaining=205
    iter=1796 E=-2.1741550128 nfev=1800 t=10325.0s remaining=204
    iter=1797 E=-2.1741553946 nfev=1801 t=10328.5s remaining=203
    iter=1798 E=-2.1741558554 nfev=1802 t=10334.1s remaining=202
    iter=1799 E=-2.1741563218 nfev=1803 t=10339.9s remaining=201
    iter=1800 E=-2.1741567390 nfev=1804 t=10345.4s remaining=200
    iter=1801 E=-2.1741570407 nfev=1805 t=10353.2s remaining=199
    iter=1802 E=-2.1741572600 nfev=1806 t=10361.3s remaining=198
    iter=1803 E=-2.1741574028 nfev=1807 t=10365.6s remaining=197
    iter=1804 E=-2.1741575088 nfev=1808 t=10370.6s remaining=196
    iter=1805 E=-2.1741575782 nfev=1809 t=10374.5s remaining=195
    iter=1806 E=-2.1741576340 nfev=1810 t=10378.8s remaining=194
    iter=1807 E=-2.1741576764 nfev=1811 t=10381.7s remaining=193
    iter=1808 E=-2.1741577292 nfev=1812 t=10388.3s remaining=192
    iter=1809 E=-2.1741577934 nfev=1813 t=10392.4s remaining=191
    iter=1810 E=-2.1741578703 nfev=1814 t=10394.2s remaining=190
    iter=1811 E=-2.1741579569 nfev=1815 t=10398.6s remaining=189
    iter=1812 E=-2.1741580692 nfev=1816 t=10405.9s remaining=188
    iter=1813 E=-2.1741582308 nfev=1817 t=10412.1s remaining=187
    iter=1814 E=-2.1741584706 nfev=1818 t=10417.4s remaining=186
    iter=1815 E=-2.1741588106 nfev=1819 t=10425.3s remaining=185
    iter=1816 E=-2.1741591921 nfev=1820 t=10433.5s remaining=184
    iter=1817 E=-2.1741595915 nfev=1821 t=10438.1s remaining=183
    iter=1818 E=-2.1741600073 nfev=1822 t=10441.7s remaining=182
    iter=1819 E=-2.1741603868 nfev=1823 t=10448.9s remaining=181
    iter=1820 E=-2.1741607747 nfev=1824 t=10452.7s remaining=180
    iter=1821 E=-2.1741611635 nfev=1825 t=10457.6s remaining=179
    iter=1822 E=-2.1741615587 nfev=1826 t=10461.4s remaining=178
    iter=1823 E=-2.1741619082 nfev=1827 t=10468.1s remaining=177
    iter=1824 E=-2.1741622519 nfev=1828 t=10474.9s remaining=176
    iter=1825 E=-2.1741625272 nfev=1829 t=10484.3s remaining=175
    iter=1826 E=-2.1741627311 nfev=1830 t=10490.0s remaining=174
    iter=1827 E=-2.1741628748 nfev=1831 t=10495.9s remaining=173
    iter=1828 E=-2.1741629746 nfev=1832 t=10500.6s remaining=172
    iter=1829 E=-2.1741630420 nfev=1833 t=10509.5s remaining=171
    iter=1830 E=-2.1741631067 nfev=1834 t=10517.7s remaining=170
    iter=1831 E=-2.1741631841 nfev=1835 t=10522.5s remaining=169
    iter=1832 E=-2.1741633043 nfev=1836 t=10529.3s remaining=168
    iter=1833 E=-2.1741634982 nfev=1837 t=10533.3s remaining=167
    iter=1834 E=-2.1741638144 nfev=1838 t=10539.0s remaining=166
    iter=1835 E=-2.1741643180 nfev=1839 t=10545.7s remaining=165
    iter=1836 E=-2.1741650696 nfev=1840 t=10552.4s remaining=164
    iter=1837 E=-2.1741660129 nfev=1841 t=10561.9s remaining=163
    iter=1838 E=-2.1741668342 nfev=1842 t=10568.4s remaining=162
    iter=1839 E=-2.1741675072 nfev=1843 t=10576.5s remaining=161
    iter=1840 E=-2.1741678759 nfev=1844 t=10581.6s remaining=160
    iter=1841 E=-2.1741682000 nfev=1845 t=10591.1s remaining=159
    iter=1842 E=-2.1741683500 nfev=1846 t=10596.1s remaining=158
    iter=1843 E=-2.1741684810 nfev=1847 t=10600.1s remaining=157
    iter=1844 E=-2.1741686046 nfev=1848 t=10606.9s remaining=156
    iter=1845 E=-2.1741686832 nfev=1849 t=10611.8s remaining=155
    iter=1846 E=-2.1741688021 nfev=1850 t=10616.3s remaining=154
    iter=1847 E=-2.1741689570 nfev=1851 t=10623.6s remaining=153
    iter=1848 E=-2.1741691459 nfev=1852 t=10629.2s remaining=152
    iter=1849 E=-2.1741694360 nfev=1853 t=10635.5s remaining=151
    iter=1850 E=-2.1741698993 nfev=1854 t=10641.6s remaining=150
    iter=1851 E=-2.1741706539 nfev=1855 t=10646.1s remaining=149
    iter=1852 E=-2.1741718559 nfev=1856 t=10647.7s remaining=148
    iter=1853 E=-2.1741736299 nfev=1857 t=10655.3s remaining=147
    iter=1854 E=-2.1741757564 nfev=1858 t=10660.6s remaining=146
    iter=1855 E=-2.1741780082 nfev=1859 t=10663.5s remaining=145
    iter=1856 E=-2.1741803446 nfev=1860 t=10669.3s remaining=144
    iter=1857 E=-2.1741813937 nfev=1861 t=10675.7s remaining=143
    iter=1858 E=-2.1741829391 nfev=1862 t=10680.0s remaining=142
    iter=1859 E=-2.1741847161 nfev=1863 t=10682.2s remaining=141
    iter=1860 E=-2.1741864449 nfev=1864 t=10687.6s remaining=140
    iter=1861 E=-2.1741885922 nfev=1865 t=10692.8s remaining=139
    iter=1862 E=-2.1741899470 nfev=1867 t=10706.2s remaining=138
    iter=1863 E=-2.1741909058 nfev=1868 t=10711.8s remaining=137
    iter=1864 E=-2.1741915792 nfev=1869 t=10716.7s remaining=136
    iter=1865 E=-2.1741919281 nfev=1870 t=10725.1s remaining=135
    iter=1866 E=-2.1741922923 nfev=1871 t=10729.8s remaining=134
    iter=1867 E=-2.1741925180 nfev=1872 t=10735.8s remaining=133
    iter=1868 E=-2.1741927860 nfev=1873 t=10740.9s remaining=132
    iter=1869 E=-2.1741931057 nfev=1874 t=10749.7s remaining=131
    iter=1870 E=-2.1741934172 nfev=1875 t=10754.6s remaining=130
    iter=1871 E=-2.1741938276 nfev=1876 t=10760.2s remaining=129
    iter=1872 E=-2.1741943011 nfev=1877 t=10763.0s remaining=128
    iter=1873 E=-2.1741945512 nfev=1879 t=10771.7s remaining=127
    iter=1874 E=-2.1741948686 nfev=1880 t=10777.0s remaining=126
    iter=1875 E=-2.1741952427 nfev=1881 t=10781.4s remaining=125
    iter=1876 E=-2.1741955824 nfev=1882 t=10785.6s remaining=124
    iter=1877 E=-2.1741959153 nfev=1883 t=10792.3s remaining=123
    iter=1878 E=-2.1741963061 nfev=1884 t=10798.5s remaining=122
    iter=1879 E=-2.1741968713 nfev=1885 t=10804.0s remaining=121
    iter=1880 E=-2.1741977570 nfev=1886 t=10807.4s remaining=120
    iter=1881 E=-2.1741990806 nfev=1887 t=10813.5s remaining=119
    iter=1882 E=-2.1742005613 nfev=1888 t=10819.4s remaining=118
    iter=1883 E=-2.1742022631 nfev=1889 t=10827.4s remaining=117
    iter=1884 E=-2.1742039218 nfev=1890 t=10837.3s remaining=116
    iter=1885 E=-2.1742051513 nfev=1891 t=10842.6s remaining=115
    iter=1886 E=-2.1742069192 nfev=1892 t=10848.7s remaining=114
    iter=1887 E=-2.1742087165 nfev=1893 t=10853.2s remaining=113
    iter=1888 E=-2.1742097778 nfev=1894 t=10861.8s remaining=112
    iter=1889 E=-2.1742111117 nfev=1895 t=10867.5s remaining=111
    iter=1890 E=-2.1742124427 nfev=1896 t=10872.3s remaining=110
    iter=1891 E=-2.1742136323 nfev=1897 t=10877.3s remaining=109
    iter=1892 E=-2.1742151225 nfev=1898 t=10883.8s remaining=108
    iter=1893 E=-2.1742169298 nfev=1899 t=10890.7s remaining=107
    iter=1894 E=-2.1742189021 nfev=1900 t=10897.9s remaining=106
    iter=1895 E=-2.1742204689 nfev=1901 t=10902.3s remaining=105
    iter=1896 E=-2.1742223346 nfev=1902 t=10907.7s remaining=104
    iter=1897 E=-2.1742243949 nfev=1903 t=10911.9s remaining=103
    iter=1898 E=-2.1742264255 nfev=1904 t=10916.2s remaining=102
    iter=1899 E=-2.1742277023 nfev=1905 t=10918.5s remaining=101
    iter=1900 E=-2.1742289638 nfev=1906 t=10925.2s remaining=100
    iter=1901 E=-2.1742299854 nfev=1907 t=10931.8s remaining=99
    iter=1902 E=-2.1742307694 nfev=1908 t=10935.9s remaining=98
    iter=1903 E=-2.1742313943 nfev=1909 t=10940.5s remaining=97
    iter=1904 E=-2.1742318106 nfev=1910 t=10946.0s remaining=96
    iter=1905 E=-2.1742321333 nfev=1911 t=10954.2s remaining=95
    iter=1906 E=-2.1742325401 nfev=1912 t=10958.9s remaining=94
    iter=1907 E=-2.1742330522 nfev=1913 t=10963.9s remaining=93
    iter=1908 E=-2.1742334657 nfev=1914 t=10969.9s remaining=92
    iter=1909 E=-2.1742339175 nfev=1915 t=10974.7s remaining=91
    iter=1910 E=-2.1742343804 nfev=1916 t=10979.7s remaining=90
    iter=1911 E=-2.1742349409 nfev=1917 t=10986.1s remaining=89
    iter=1912 E=-2.1742355427 nfev=1918 t=10990.2s remaining=88
    iter=1913 E=-2.1742362337 nfev=1919 t=10996.0s remaining=87
    iter=1914 E=-2.1742370855 nfev=1920 t=11003.4s remaining=86
    iter=1915 E=-2.1742380208 nfev=1921 t=11009.4s remaining=85
    iter=1916 E=-2.1742393356 nfev=1922 t=11020.0s remaining=84
    iter=1917 E=-2.1742412469 nfev=1923 t=11028.9s remaining=83
    iter=1918 E=-2.1742434716 nfev=1924 t=11036.7s remaining=82
    iter=1919 E=-2.1742456492 nfev=1925 t=11039.4s remaining=81
    iter=1920 E=-2.1742479195 nfev=1926 t=11041.3s remaining=80
    iter=1921 E=-2.1742503151 nfev=1927 t=11043.8s remaining=79
    iter=1922 E=-2.1742516402 nfev=1928 t=11050.6s remaining=78
    iter=1923 E=-2.1742533858 nfev=1929 t=11056.7s remaining=77
    iter=1924 E=-2.1742551411 nfev=1930 t=11059.4s remaining=76
    iter=1925 E=-2.1742564765 nfev=1931 t=11065.3s remaining=75
    iter=1926 E=-2.1742574121 nfev=1932 t=11072.5s remaining=74
    iter=1927 E=-2.1742581583 nfev=1933 t=11078.2s remaining=73
    iter=1928 E=-2.1742585845 nfev=1934 t=11084.9s remaining=72
    iter=1929 E=-2.1742591379 nfev=1935 t=11090.6s remaining=71
    iter=1930 E=-2.1742597330 nfev=1936 t=11096.0s remaining=70
    iter=1931 E=-2.1742601703 nfev=1937 t=11103.5s remaining=69
    iter=1932 E=-2.1742606971 nfev=1938 t=11109.3s remaining=68
    iter=1933 E=-2.1742612616 nfev=1939 t=11113.2s remaining=67
    iter=1934 E=-2.1742617160 nfev=1940 t=11118.3s remaining=66
    iter=1935 E=-2.1742622328 nfev=1941 t=11123.9s remaining=65
    iter=1936 E=-2.1742628192 nfev=1942 t=11130.8s remaining=64
    iter=1937 E=-2.1742634154 nfev=1943 t=11136.7s remaining=63
    iter=1938 E=-2.1742640648 nfev=1944 t=11143.8s remaining=62
    iter=1939 E=-2.1742649822 nfev=1945 t=11148.8s remaining=61
    iter=1940 E=-2.1742663331 nfev=1946 t=11153.4s remaining=60
    iter=1941 E=-2.1742682313 nfev=1947 t=11158.0s remaining=59
    iter=1942 E=-2.1742702994 nfev=1948 t=11163.5s remaining=58
    iter=1943 E=-2.1742725778 nfev=1949 t=11167.3s remaining=57
    iter=1944 E=-2.1742750645 nfev=1950 t=11174.7s remaining=56
    iter=1945 E=-2.1742774492 nfev=1951 t=11181.2s remaining=55
    iter=1946 E=-2.1742800789 nfev=1952 t=11184.9s remaining=54
    iter=1947 E=-2.1742823653 nfev=1953 t=11191.5s remaining=53
    iter=1948 E=-2.1742839852 nfev=1954 t=11197.6s remaining=52
    iter=1949 E=-2.1742856874 nfev=1955 t=11205.3s remaining=51
    iter=1950 E=-2.1742870806 nfev=1956 t=11209.4s remaining=50
    iter=1951 E=-2.1742877999 nfev=1957 t=11214.8s remaining=49
    iter=1952 E=-2.1742888479 nfev=1958 t=11220.7s remaining=48
    iter=1953 E=-2.1742901240 nfev=1959 t=11224.4s remaining=47
    iter=1954 E=-2.1742912351 nfev=1960 t=11229.2s remaining=46
    iter=1955 E=-2.1742919174 nfev=1961 t=11234.8s remaining=45
    iter=1956 E=-2.1742926196 nfev=1962 t=11240.1s remaining=44
    iter=1957 E=-2.1742931161 nfev=1963 t=11247.3s remaining=43
    iter=1958 E=-2.1742936934 nfev=1964 t=11252.5s remaining=42
    iter=1959 E=-2.1742942297 nfev=1965 t=11257.4s remaining=41
    iter=1960 E=-2.1742947844 nfev=1966 t=11264.1s remaining=40
    iter=1961 E=-2.1742952352 nfev=1967 t=11270.0s remaining=39
    iter=1962 E=-2.1742956604 nfev=1968 t=11277.8s remaining=38
    iter=1963 E=-2.1742961044 nfev=1969 t=11285.9s remaining=37
    iter=1964 E=-2.1742965224 nfev=1970 t=11293.4s remaining=36
    iter=1965 E=-2.1742969522 nfev=1971 t=11298.7s remaining=35
    iter=1966 E=-2.1742973875 nfev=1972 t=11305.0s remaining=34
    iter=1967 E=-2.1742979380 nfev=1973 t=11311.0s remaining=33
    iter=1968 E=-2.1742985684 nfev=1974 t=11318.1s remaining=32
    iter=1969 E=-2.1742993307 nfev=1975 t=11323.6s remaining=31
    iter=1970 E=-2.1743002870 nfev=1976 t=11333.6s remaining=30
    iter=1971 E=-2.1743015464 nfev=1977 t=11339.3s remaining=29
    iter=1972 E=-2.1743029429 nfev=1978 t=11347.5s remaining=28
    iter=1973 E=-2.1743043574 nfev=1979 t=11354.2s remaining=27
    iter=1974 E=-2.1743060733 nfev=1980 t=11358.8s remaining=26
    iter=1975 E=-2.1743078855 nfev=1981 t=11362.9s remaining=25
    iter=1976 E=-2.1743091181 nfev=1982 t=11367.6s remaining=24
    iter=1977 E=-2.1743104551 nfev=1983 t=11378.0s remaining=23
    iter=1978 E=-2.1743116807 nfev=1984 t=11386.7s remaining=22
    iter=1979 E=-2.1743130458 nfev=1985 t=11394.3s remaining=21
    iter=1980 E=-2.1743146184 nfev=1986 t=11397.9s remaining=20
    iter=1981 E=-2.1743162645 nfev=1987 t=11404.0s remaining=19
    iter=1982 E=-2.1743176976 nfev=1988 t=11408.0s remaining=18
    iter=1983 E=-2.1743189841 nfev=1989 t=11412.4s remaining=17
    iter=1984 E=-2.1743202490 nfev=1990 t=11415.4s remaining=16
    iter=1985 E=-2.1743216101 nfev=1991 t=11421.7s remaining=15
    iter=1986 E=-2.1743230096 nfev=1992 t=11428.9s remaining=14
    iter=1987 E=-2.1743238238 nfev=1993 t=11434.6s remaining=13
    iter=1988 E=-2.1743246945 nfev=1994 t=11440.7s remaining=12
    iter=1989 E=-2.1743254533 nfev=1995 t=11445.4s remaining=11
    iter=1990 E=-2.1743261825 nfev=1996 t=11448.8s remaining=10
    iter=1991 E=-2.1743269704 nfev=1997 t=11456.3s remaining=9
    iter=1992 E=-2.1743275685 nfev=1998 t=11463.9s remaining=8
    iter=1993 E=-2.1743283119 nfev=1999 t=11469.3s remaining=7
    iter=1994 E=-2.1743291623 nfev=2000 t=11475.2s remaining=6
    iter=1995 E=-2.1743299267 nfev=2001 t=11485.3s remaining=5
    iter=1996 E=-2.1743307689 nfev=2002 t=11493.3s remaining=4
    iter=1997 E=-2.1743315665 nfev=2003 t=11500.5s remaining=3
    iter=1998 E=-2.1743324042 nfev=2004 t=11505.5s remaining=2
    iter=1999 E=-2.1743331277 nfev=2005 t=11509.0s remaining=1
    iter=2000 E=-2.1743338945 nfev=2006 t=11514.4s remaining=0
    iter=2000 E=-2.1743338945 nfev=2006 t=11514.4s remaining=0
    seed=0 E=-2.1743338945 dE=+6.076e-03 nit=2000 ok=False t=11514.4s
  r=0.88  L=5   npar=218   E=-2.1743338945  |E-FCI|=6.076e-03  FCI=no   chem=no

=== build H4 JWT Hamiltonian at R=2.50 Å ===
