self-check ok (nfock=4, use_bs=False, worst FD rel err 0.00e+00)
per-iter log: data/results/h4_hybrid_L8_nobs_r0070_iters.jsonl
live snapshot: data/results/h4_hybrid_L8_nobs_r0070_live.json

=== build H4 JWT Hamiltonian at R=0.70 Å ===
=== r=0.70 Å   FCI(pyscf)=-2.1069969151  eig=-2.1069969151  paper_fci=-2.10699692  paper_SNAP_D20=-2.1069969178094183 ===
-- r=0.70  (ECD+SNAP)^8 + ECD   npar=344 --
    iter=1 E=0.7211601432 nfev=2 t=2.5s remaining=1999
    iter=2 E=0.7140850544 nfev=3 t=3.6s remaining=1998
    iter=3 E=0.6520709960 nfev=5 t=5.9s remaining=1997
    iter=4 E=0.5349318555 nfev=6 t=7.0s remaining=1996
    iter=5 E=0.3941594968 nfev=7 t=8.3s remaining=1995
    iter=6 E=0.2523907900 nfev=8 t=9.8s remaining=1994
    iter=7 E=0.1787033715 nfev=10 t=12.1s remaining=1993
    iter=8 E=0.0644981784 nfev=11 t=13.2s remaining=1992
    iter=9 E=0.0141685178 nfev=12 t=14.4s remaining=1991
    iter=10 E=-0.0447112071 nfev=13 t=15.5s remaining=1990
    iter=11 E=-0.0936213482 nfev=14 t=16.6s remaining=1989
    iter=12 E=-0.1756457735 nfev=15 t=17.8s remaining=1988
    iter=13 E=-0.3058746483 nfev=16 t=18.9s remaining=1987
    iter=14 E=-0.4855686768 nfev=17 t=20.0s remaining=1986
    iter=15 E=-0.5305437174 nfev=18 t=21.1s remaining=1985
    iter=16 E=-0.6065929607 nfev=19 t=22.2s remaining=1984
    iter=17 E=-0.7316856077 nfev=20 t=23.3s remaining=1983
    iter=18 E=-0.9327458815 nfev=21 t=24.5s remaining=1982
    iter=19 E=-1.1301232816 nfev=22 t=25.7s remaining=1981
    iter=20 E=-1.1700994174 nfev=23 t=27.0s remaining=1980
    iter=21 E=-1.2356476111 nfev=24 t=28.3s remaining=1979
    iter=22 E=-1.3402065858 nfev=25 t=29.4s remaining=1978
    iter=23 E=-1.5011102906 nfev=26 t=30.6s remaining=1977
    iter=24 E=-1.6736382445 nfev=27 t=31.7s remaining=1976
    iter=25 E=-1.7455986844 nfev=29 t=34.0s remaining=1975
    iter=26 E=-1.7816202607 nfev=31 t=36.4s remaining=1974
    iter=27 E=-1.8262309775 nfev=32 t=37.6s remaining=1973
    iter=28 E=-1.8726018870 nfev=33 t=38.7s remaining=1972
    iter=29 E=-1.8962932094 nfev=35 t=41.0s remaining=1971
    iter=30 E=-1.9139557696 nfev=36 t=42.2s remaining=1970
    iter=31 E=-1.9327916200 nfev=37 t=43.5s remaining=1969
    iter=32 E=-1.9553787898 nfev=38 t=44.7s remaining=1968
    iter=33 E=-1.9776014375 nfev=39 t=45.9s remaining=1967
    iter=34 E=-1.9948586431 nfev=40 t=47.0s remaining=1966
    iter=35 E=-2.0005768965 nfev=41 t=48.6s remaining=1965
    iter=36 E=-2.0089081524 nfev=42 t=50.4s remaining=1964
    iter=37 E=-2.0225028964 nfev=43 t=51.9s remaining=1963
    iter=38 E=-2.0332169767 nfev=44 t=53.2s remaining=1962
    iter=39 E=-2.0465774492 nfev=45 t=54.4s remaining=1961
    iter=40 E=-2.0516369434 nfev=46 t=55.5s remaining=1960
    iter=41 E=-2.0591298214 nfev=47 t=56.8s remaining=1959
    iter=42 E=-2.0649147383 nfev=48 t=58.0s remaining=1958
    iter=43 E=-2.0688919933 nfev=49 t=59.3s remaining=1957
    iter=44 E=-2.0719517751 nfev=50 t=60.5s remaining=1956
    iter=45 E=-2.0750293039 nfev=51 t=61.7s remaining=1955
    iter=46 E=-2.0774691495 nfev=52 t=63.0s remaining=1954
    iter=47 E=-2.0795486215 nfev=53 t=64.3s remaining=1953
    iter=48 E=-2.0801312223 nfev=54 t=65.6s remaining=1952
    iter=49 E=-2.0811172865 nfev=55 t=66.9s remaining=1951
    iter=50 E=-2.0824431813 nfev=56 t=68.2s remaining=1950
    iter=51 E=-2.0835752530 nfev=57 t=69.5s remaining=1949
    iter=52 E=-2.0841847253 nfev=58 t=70.9s remaining=1948
    iter=53 E=-2.0848352858 nfev=59 t=72.2s remaining=1947
    iter=54 E=-2.0855713436 nfev=60 t=73.4s remaining=1946
    iter=55 E=-2.0860554302 nfev=61 t=74.7s remaining=1945
    iter=56 E=-2.0866577061 nfev=62 t=75.9s remaining=1944
    iter=57 E=-2.0872336125 nfev=63 t=77.2s remaining=1943
    iter=58 E=-2.0876843907 nfev=64 t=78.4s remaining=1942
    iter=59 E=-2.0881350319 nfev=65 t=79.7s remaining=1941
    iter=60 E=-2.0883628142 nfev=66 t=80.9s remaining=1940
    iter=61 E=-2.0886270899 nfev=67 t=82.0s remaining=1939
    iter=62 E=-2.0888534751 nfev=68 t=83.3s remaining=1938
    iter=63 E=-2.0890395429 nfev=69 t=84.6s remaining=1937
    iter=64 E=-2.0892465592 nfev=70 t=85.8s remaining=1936
    iter=65 E=-2.0894063815 nfev=71 t=86.9s remaining=1935
    iter=66 E=-2.0895401351 nfev=72 t=88.1s remaining=1934
    iter=67 E=-2.0896828730 nfev=73 t=89.2s remaining=1933
    iter=68 E=-2.0898334520 nfev=74 t=90.5s remaining=1932
    iter=69 E=-2.0900376947 nfev=75 t=91.7s remaining=1931
    iter=70 E=-2.0902478078 nfev=76 t=92.9s remaining=1930
    iter=71 E=-2.0903803186 nfev=77 t=93.9s remaining=1929
    iter=72 E=-2.0905242273 nfev=78 t=95.1s remaining=1928
    iter=73 E=-2.0906494579 nfev=79 t=96.2s remaining=1927
    iter=74 E=-2.0907756711 nfev=80 t=97.4s remaining=1926
    iter=75 E=-2.0909121956 nfev=81 t=98.7s remaining=1925
    iter=76 E=-2.0910490863 nfev=82 t=99.8s remaining=1924
    iter=77 E=-2.0911834329 nfev=83 t=100.8s remaining=1923
    iter=78 E=-2.0913107936 nfev=84 t=102.0s remaining=1922
    iter=79 E=-2.0914262954 nfev=85 t=103.2s remaining=1921
    iter=80 E=-2.0915424121 nfev=86 t=104.3s remaining=1920
    iter=81 E=-2.0916862662 nfev=87 t=105.4s remaining=1919
    iter=82 E=-2.0918139509 nfev=88 t=106.5s remaining=1918
    iter=83 E=-2.0919134667 nfev=89 t=107.6s remaining=1917
    iter=84 E=-2.0920361183 nfev=90 t=108.8s remaining=1916
    iter=85 E=-2.0921382264 nfev=91 t=109.9s remaining=1915
    iter=86 E=-2.0922155649 nfev=92 t=111.0s remaining=1914
    iter=87 E=-2.0923229211 nfev=93 t=112.3s remaining=1913
    iter=88 E=-2.0924572028 nfev=94 t=113.5s remaining=1912
    iter=89 E=-2.0925478720 nfev=95 t=114.7s remaining=1911
    iter=90 E=-2.0926293027 nfev=96 t=115.9s remaining=1910
    iter=91 E=-2.0927180904 nfev=97 t=117.1s remaining=1909
    iter=92 E=-2.0927925613 nfev=98 t=118.3s remaining=1908
    iter=93 E=-2.0928574930 nfev=99 t=119.4s remaining=1907
    iter=94 E=-2.0929224853 nfev=100 t=120.6s remaining=1906
    iter=95 E=-2.0929632915 nfev=101 t=121.8s remaining=1905
    iter=96 E=-2.0930073251 nfev=102 t=123.1s remaining=1904
    iter=97 E=-2.0930378776 nfev=103 t=124.2s remaining=1903
    iter=98 E=-2.0930782195 nfev=104 t=125.3s remaining=1902
    iter=99 E=-2.0931307494 nfev=105 t=126.5s remaining=1901
    iter=100 E=-2.0931791646 nfev=106 t=127.5s remaining=1900
    iter=101 E=-2.0932010373 nfev=107 t=128.6s remaining=1899
    iter=102 E=-2.0932324762 nfev=108 t=129.9s remaining=1898
    iter=103 E=-2.0932724208 nfev=109 t=131.1s remaining=1897
    iter=104 E=-2.0933136811 nfev=110 t=132.4s remaining=1896
    iter=105 E=-2.0933649714 nfev=111 t=133.6s remaining=1895
    iter=106 E=-2.0934266360 nfev=112 t=134.8s remaining=1894
    iter=107 E=-2.0934767211 nfev=113 t=135.9s remaining=1893
    iter=108 E=-2.0935410152 nfev=114 t=137.0s remaining=1892
    iter=109 E=-2.0936339027 nfev=115 t=138.3s remaining=1891
    iter=110 E=-2.0937382788 nfev=116 t=139.3s remaining=1890
    iter=111 E=-2.0937971790 nfev=117 t=140.4s remaining=1889
    iter=112 E=-2.0938721629 nfev=118 t=141.5s remaining=1888
    iter=113 E=-2.0939407803 nfev=119 t=142.6s remaining=1887
    iter=114 E=-2.0939723508 nfev=120 t=143.7s remaining=1886
    iter=115 E=-2.0940086930 nfev=121 t=144.8s remaining=1885
    iter=116 E=-2.0940396816 nfev=122 t=145.9s remaining=1884
    iter=117 E=-2.0940754792 nfev=123 t=147.2s remaining=1883
    iter=118 E=-2.0941149227 nfev=124 t=148.3s remaining=1882
    iter=119 E=-2.0941497504 nfev=125 t=149.7s remaining=1881
    iter=120 E=-2.0941895105 nfev=126 t=150.8s remaining=1880
    iter=121 E=-2.0942152935 nfev=127 t=152.0s remaining=1879
    iter=122 E=-2.0942500482 nfev=128 t=153.0s remaining=1878
    iter=123 E=-2.0942972003 nfev=129 t=154.1s remaining=1877
    iter=124 E=-2.0943558336 nfev=130 t=155.3s remaining=1876
    iter=125 E=-2.0944141771 nfev=131 t=156.4s remaining=1875
    iter=126 E=-2.0944817833 nfev=132 t=157.7s remaining=1874
    iter=127 E=-2.0945734872 nfev=133 t=158.9s remaining=1873
    iter=128 E=-2.0946534576 nfev=134 t=160.1s remaining=1872
    iter=129 E=-2.0947067372 nfev=135 t=161.3s remaining=1871
    iter=130 E=-2.0947861142 nfev=136 t=162.5s remaining=1870
    iter=131 E=-2.0948954738 nfev=137 t=163.7s remaining=1869
    iter=132 E=-2.0949856822 nfev=138 t=164.9s remaining=1868
    iter=133 E=-2.0950630196 nfev=139 t=166.0s remaining=1867
    iter=134 E=-2.0951369894 nfev=140 t=167.1s remaining=1866
    iter=135 E=-2.0952077337 nfev=141 t=168.3s remaining=1865
    iter=136 E=-2.0952549483 nfev=142 t=169.5s remaining=1864
    iter=137 E=-2.0953062453 nfev=143 t=170.8s remaining=1863
    iter=138 E=-2.0953734630 nfev=144 t=171.9s remaining=1862
    iter=139 E=-2.0954422640 nfev=145 t=173.1s remaining=1861
    iter=140 E=-2.0955140267 nfev=146 t=174.2s remaining=1860
    iter=141 E=-2.0955902099 nfev=147 t=175.3s remaining=1859
    iter=142 E=-2.0956609332 nfev=148 t=176.5s remaining=1858
    iter=143 E=-2.0957391063 nfev=149 t=177.6s remaining=1857
    iter=144 E=-2.0958152546 nfev=150 t=178.8s remaining=1856
    iter=145 E=-2.0959035902 nfev=151 t=179.8s remaining=1855
    iter=146 E=-2.0959863892 nfev=152 t=181.0s remaining=1854
    iter=147 E=-2.0960547019 nfev=153 t=182.2s remaining=1853
    iter=148 E=-2.0961180913 nfev=154 t=183.3s remaining=1852
    iter=149 E=-2.0961847133 nfev=155 t=184.5s remaining=1851
    iter=150 E=-2.0962688094 nfev=156 t=185.6s remaining=1850
    iter=151 E=-2.0963541783 nfev=157 t=186.6s remaining=1849
    iter=152 E=-2.0964025946 nfev=158 t=187.7s remaining=1848
    iter=153 E=-2.0964664462 nfev=159 t=188.8s remaining=1847
    iter=154 E=-2.0965288879 nfev=160 t=190.0s remaining=1846
    iter=155 E=-2.0965734479 nfev=161 t=191.1s remaining=1845
    iter=156 E=-2.0966197133 nfev=162 t=192.3s remaining=1844
    iter=157 E=-2.0966612580 nfev=163 t=193.7s remaining=1843
    iter=158 E=-2.0967147759 nfev=164 t=194.8s remaining=1842
    iter=159 E=-2.0967831018 nfev=165 t=196.1s remaining=1841
    iter=160 E=-2.0968506677 nfev=166 t=197.3s remaining=1840
    iter=161 E=-2.0969165839 nfev=167 t=198.4s remaining=1839
    iter=162 E=-2.0969714603 nfev=168 t=199.5s remaining=1838
    iter=163 E=-2.0970208340 nfev=169 t=200.6s remaining=1837
    iter=164 E=-2.0970620421 nfev=170 t=201.7s remaining=1836
    iter=165 E=-2.0970937920 nfev=171 t=202.9s remaining=1835
    iter=166 E=-2.0971300774 nfev=172 t=204.2s remaining=1834
    iter=167 E=-2.0971682369 nfev=173 t=205.5s remaining=1833
    iter=168 E=-2.0972056006 nfev=174 t=206.6s remaining=1832
    iter=169 E=-2.0972412717 nfev=175 t=207.7s remaining=1831
    iter=170 E=-2.0972960072 nfev=176 t=208.7s remaining=1830
    iter=171 E=-2.0973636007 nfev=177 t=209.9s remaining=1829
    iter=172 E=-2.0974145764 nfev=178 t=211.6s remaining=1828
    iter=173 E=-2.0974761466 nfev=179 t=212.7s remaining=1827
    iter=174 E=-2.0975410422 nfev=180 t=213.8s remaining=1826
    iter=175 E=-2.0975780905 nfev=181 t=214.9s remaining=1825
    iter=176 E=-2.0976333140 nfev=182 t=216.2s remaining=1824
    iter=177 E=-2.0977009485 nfev=183 t=217.3s remaining=1823
    iter=178 E=-2.0977539274 nfev=184 t=218.6s remaining=1822
    iter=179 E=-2.0978025205 nfev=185 t=219.9s remaining=1821
    iter=180 E=-2.0978476611 nfev=186 t=221.0s remaining=1820
    iter=181 E=-2.0978950939 nfev=187 t=222.1s remaining=1819
    iter=182 E=-2.0979398023 nfev=188 t=223.3s remaining=1818
    iter=183 E=-2.0979889756 nfev=189 t=224.5s remaining=1817
    iter=184 E=-2.0980440825 nfev=190 t=225.7s remaining=1816
    iter=185 E=-2.0980883308 nfev=191 t=226.9s remaining=1815
    iter=186 E=-2.0981484944 nfev=192 t=228.2s remaining=1814
    iter=187 E=-2.0982243090 nfev=193 t=229.4s remaining=1813
    iter=188 E=-2.0982987589 nfev=194 t=230.7s remaining=1812
    iter=189 E=-2.0983780368 nfev=195 t=231.9s remaining=1811
    iter=190 E=-2.0984337721 nfev=196 t=233.2s remaining=1810
    iter=191 E=-2.0984949597 nfev=197 t=234.3s remaining=1809
    iter=192 E=-2.0985312998 nfev=198 t=235.3s remaining=1808
    iter=193 E=-2.0985754174 nfev=199 t=236.5s remaining=1807
    iter=194 E=-2.0986259640 nfev=200 t=237.5s remaining=1806
    iter=195 E=-2.0986767500 nfev=201 t=238.6s remaining=1805
    iter=196 E=-2.0987343282 nfev=202 t=239.8s remaining=1804
    iter=197 E=-2.0988026452 nfev=203 t=240.9s remaining=1803
    iter=198 E=-2.0988652013 nfev=204 t=242.0s remaining=1802
    iter=199 E=-2.0989090358 nfev=205 t=243.1s remaining=1801
    iter=200 E=-2.0989559808 nfev=206 t=244.2s remaining=1800
    iter=201 E=-2.0990096858 nfev=207 t=245.4s remaining=1799
    iter=202 E=-2.0990580210 nfev=208 t=246.7s remaining=1798
    iter=203 E=-2.0991167153 nfev=209 t=248.0s remaining=1797
    iter=204 E=-2.0991668556 nfev=210 t=249.2s remaining=1796
    iter=205 E=-2.0992044945 nfev=211 t=250.4s remaining=1795
    iter=206 E=-2.0992394351 nfev=212 t=252.0s remaining=1794
    iter=207 E=-2.0992808408 nfev=213 t=253.1s remaining=1793
    iter=208 E=-2.0993192124 nfev=214 t=254.2s remaining=1792
    iter=209 E=-2.0993671365 nfev=215 t=255.3s remaining=1791
    iter=210 E=-2.0994102636 nfev=216 t=256.4s remaining=1790
    iter=211 E=-2.0994540715 nfev=217 t=257.5s remaining=1789
    iter=212 E=-2.0994996300 nfev=218 t=258.6s remaining=1788
    iter=213 E=-2.0995592170 nfev=219 t=259.8s remaining=1787
    iter=214 E=-2.0996134209 nfev=220 t=260.9s remaining=1786
    iter=215 E=-2.0996673396 nfev=221 t=262.0s remaining=1785
    iter=216 E=-2.0997233566 nfev=222 t=263.1s remaining=1784
    iter=217 E=-2.0997784843 nfev=223 t=264.2s remaining=1783
    iter=218 E=-2.0998488403 nfev=224 t=265.5s remaining=1782
    iter=219 E=-2.0999002366 nfev=225 t=266.6s remaining=1781
    iter=220 E=-2.0999533861 nfev=226 t=267.7s remaining=1780
    iter=221 E=-2.1000039497 nfev=227 t=268.7s remaining=1779
    iter=222 E=-2.1000540267 nfev=228 t=270.0s remaining=1778
    iter=223 E=-2.1000988669 nfev=229 t=271.5s remaining=1777
    iter=224 E=-2.1001354717 nfev=230 t=272.7s remaining=1776
    iter=225 E=-2.1001784606 nfev=231 t=274.0s remaining=1775
    iter=226 E=-2.1002176803 nfev=232 t=275.5s remaining=1774
    iter=227 E=-2.1002558345 nfev=233 t=276.9s remaining=1773
    iter=228 E=-2.1002983867 nfev=234 t=278.3s remaining=1772
    iter=229 E=-2.1003432171 nfev=235 t=279.7s remaining=1771
    iter=230 E=-2.1003973480 nfev=236 t=281.2s remaining=1770
    iter=231 E=-2.1004461654 nfev=237 t=282.6s remaining=1769
    iter=232 E=-2.1004964728 nfev=238 t=284.1s remaining=1768
    iter=233 E=-2.1005388370 nfev=239 t=285.5s remaining=1767
    iter=234 E=-2.1005808513 nfev=240 t=286.9s remaining=1766
    iter=235 E=-2.1006260114 nfev=241 t=288.3s remaining=1765
    iter=236 E=-2.1006643505 nfev=242 t=289.8s remaining=1764
    iter=237 E=-2.1007044875 nfev=243 t=291.2s remaining=1763
    iter=238 E=-2.1007575170 nfev=244 t=292.6s remaining=1762
    iter=239 E=-2.1008142484 nfev=245 t=294.1s remaining=1761
    iter=240 E=-2.1008590218 nfev=246 t=295.5s remaining=1760
    iter=241 E=-2.1009026932 nfev=247 t=296.9s remaining=1759
    iter=242 E=-2.1009433985 nfev=248 t=298.4s remaining=1758
    iter=243 E=-2.1009875282 nfev=249 t=299.8s remaining=1757
    iter=244 E=-2.1010478590 nfev=250 t=301.2s remaining=1756
    iter=245 E=-2.1011030161 nfev=251 t=302.6s remaining=1755
    iter=246 E=-2.1011353649 nfev=252 t=303.7s remaining=1754
    iter=247 E=-2.1011666850 nfev=253 t=304.9s remaining=1753
    iter=248 E=-2.1012012858 nfev=254 t=306.1s remaining=1752
    iter=249 E=-2.1012357114 nfev=255 t=307.4s remaining=1751
    iter=250 E=-2.1012805590 nfev=256 t=308.5s remaining=1750
    iter=251 E=-2.1013197327 nfev=257 t=309.6s remaining=1749
    iter=252 E=-2.1013574850 nfev=258 t=310.8s remaining=1748
    iter=253 E=-2.1013998689 nfev=259 t=312.1s remaining=1747
    iter=254 E=-2.1014471065 nfev=260 t=313.2s remaining=1746
    iter=255 E=-2.1014963592 nfev=261 t=314.4s remaining=1745
    iter=256 E=-2.1015395888 nfev=262 t=315.6s remaining=1744
    iter=257 E=-2.1015804119 nfev=263 t=316.8s remaining=1743
    iter=258 E=-2.1016277478 nfev=264 t=317.9s remaining=1742
    iter=259 E=-2.1016816722 nfev=265 t=319.1s remaining=1741
    iter=260 E=-2.1017381704 nfev=266 t=320.2s remaining=1740
    iter=261 E=-2.1017832991 nfev=267 t=321.3s remaining=1739
    iter=262 E=-2.1018201759 nfev=268 t=322.4s remaining=1738
    iter=263 E=-2.1018599255 nfev=269 t=323.6s remaining=1737
    iter=264 E=-2.1018994922 nfev=270 t=324.8s remaining=1736
    iter=265 E=-2.1019415458 nfev=271 t=326.1s remaining=1735
    iter=266 E=-2.1019793109 nfev=272 t=327.2s remaining=1734
    iter=267 E=-2.1020083168 nfev=273 t=328.4s remaining=1733
    iter=268 E=-2.1020414436 nfev=274 t=329.6s remaining=1732
    iter=269 E=-2.1020782427 nfev=275 t=330.8s remaining=1731
    iter=270 E=-2.1021176848 nfev=276 t=332.0s remaining=1730
    iter=271 E=-2.1021594435 nfev=277 t=333.2s remaining=1729
    iter=272 E=-2.1021994494 nfev=278 t=334.4s remaining=1728
    iter=273 E=-2.1022387592 nfev=279 t=335.5s remaining=1727
    iter=274 E=-2.1022831396 nfev=280 t=336.8s remaining=1726
    iter=275 E=-2.1023333023 nfev=281 t=337.9s remaining=1725
    iter=276 E=-2.1023798818 nfev=282 t=339.4s remaining=1724
    iter=277 E=-2.1024166923 nfev=283 t=341.1s remaining=1723
    iter=278 E=-2.1024520538 nfev=284 t=342.2s remaining=1722
    iter=279 E=-2.1024853028 nfev=285 t=343.3s remaining=1721
    iter=280 E=-2.1025149160 nfev=286 t=344.4s remaining=1720
    iter=281 E=-2.1025419473 nfev=287 t=345.5s remaining=1719
    iter=282 E=-2.1025782369 nfev=288 t=346.6s remaining=1718
    iter=283 E=-2.1026271577 nfev=289 t=347.7s remaining=1717
    iter=284 E=-2.1026587897 nfev=290 t=348.7s remaining=1716
    iter=285 E=-2.1026872813 nfev=291 t=349.9s remaining=1715
    iter=286 E=-2.1027171684 nfev=292 t=351.1s remaining=1714
    iter=287 E=-2.1027502275 nfev=293 t=352.2s remaining=1713
    iter=288 E=-2.1027786875 nfev=294 t=353.4s remaining=1712
    iter=289 E=-2.1028185735 nfev=295 t=354.5s remaining=1711
    iter=290 E=-2.1028546518 nfev=296 t=356.0s remaining=1710
    iter=291 E=-2.1028860763 nfev=297 t=357.2s remaining=1709
    iter=292 E=-2.1029154976 nfev=298 t=358.4s remaining=1708
    iter=293 E=-2.1029488151 nfev=299 t=359.5s remaining=1707
    iter=294 E=-2.1029725203 nfev=300 t=360.7s remaining=1706
    iter=295 E=-2.1030007548 nfev=301 t=361.8s remaining=1705
    iter=296 E=-2.1030368426 nfev=302 t=363.0s remaining=1704
    iter=297 E=-2.1030704188 nfev=303 t=364.0s remaining=1703
    iter=298 E=-2.1030983774 nfev=304 t=365.1s remaining=1702
    iter=299 E=-2.1031225753 nfev=305 t=366.4s remaining=1701
    iter=300 E=-2.1031454389 nfev=306 t=367.6s remaining=1700
    iter=301 E=-2.1031669848 nfev=307 t=368.7s remaining=1699
    iter=302 E=-2.1031881694 nfev=308 t=369.9s remaining=1698
    iter=303 E=-2.1032152633 nfev=309 t=371.0s remaining=1697
    iter=304 E=-2.1032440746 nfev=310 t=372.1s remaining=1696
    iter=305 E=-2.1032707625 nfev=311 t=373.2s remaining=1695
    iter=306 E=-2.1032987711 nfev=312 t=374.4s remaining=1694
    iter=307 E=-2.1033215419 nfev=313 t=375.5s remaining=1693
    iter=308 E=-2.1033493595 nfev=314 t=376.5s remaining=1692
    iter=309 E=-2.1033833047 nfev=315 t=377.6s remaining=1691
    iter=310 E=-2.1034124887 nfev=316 t=378.8s remaining=1690
    iter=311 E=-2.1034412479 nfev=317 t=380.1s remaining=1689
    iter=312 E=-2.1034668931 nfev=318 t=381.1s remaining=1688
    iter=313 E=-2.1034897217 nfev=319 t=382.3s remaining=1687
    iter=314 E=-2.1035174430 nfev=320 t=383.4s remaining=1686
    iter=315 E=-2.1035439792 nfev=321 t=384.6s remaining=1685
    iter=316 E=-2.1035670946 nfev=322 t=385.7s remaining=1684
    iter=317 E=-2.1035899283 nfev=323 t=387.0s remaining=1683
    iter=318 E=-2.1036096335 nfev=324 t=388.3s remaining=1682
    iter=319 E=-2.1036334006 nfev=325 t=389.4s remaining=1681
    iter=320 E=-2.1036504107 nfev=326 t=390.7s remaining=1680
    iter=321 E=-2.1036705046 nfev=327 t=391.8s remaining=1679
    iter=322 E=-2.1036975839 nfev=328 t=393.2s remaining=1678
    iter=323 E=-2.1037304598 nfev=329 t=394.4s remaining=1677
    iter=324 E=-2.1037573768 nfev=330 t=395.5s remaining=1676
    iter=325 E=-2.1037773607 nfev=331 t=396.7s remaining=1675
    iter=326 E=-2.1037931553 nfev=332 t=397.9s remaining=1674
    iter=327 E=-2.1038078360 nfev=333 t=399.3s remaining=1673
    iter=328 E=-2.1038258520 nfev=334 t=400.7s remaining=1672
    iter=329 E=-2.1038482293 nfev=335 t=401.9s remaining=1671
    iter=330 E=-2.1038716424 nfev=336 t=403.1s remaining=1670
    iter=331 E=-2.1038932691 nfev=337 t=404.3s remaining=1669
    iter=332 E=-2.1039102032 nfev=338 t=405.6s remaining=1668
    iter=333 E=-2.1039263996 nfev=339 t=406.9s remaining=1667
    iter=334 E=-2.1039444401 nfev=340 t=408.1s remaining=1666
    iter=335 E=-2.1039659764 nfev=341 t=409.5s remaining=1665
    iter=336 E=-2.1039916670 nfev=342 t=410.8s remaining=1664
    iter=337 E=-2.1040230035 nfev=343 t=412.2s remaining=1663
    iter=338 E=-2.1040451213 nfev=344 t=413.6s remaining=1662
    iter=339 E=-2.1040628733 nfev=345 t=415.0s remaining=1661
    iter=340 E=-2.1040789300 nfev=346 t=416.3s remaining=1660
    iter=341 E=-2.1040966301 nfev=347 t=417.6s remaining=1659
    iter=342 E=-2.1041160919 nfev=348 t=418.9s remaining=1658
    iter=343 E=-2.1041356329 nfev=349 t=420.2s remaining=1657
    iter=344 E=-2.1041535945 nfev=350 t=421.6s remaining=1656
    iter=345 E=-2.1041721597 nfev=351 t=422.8s remaining=1655
    iter=346 E=-2.1041882809 nfev=352 t=424.0s remaining=1654
    iter=347 E=-2.1042038970 nfev=353 t=425.2s remaining=1653
    iter=348 E=-2.1042202897 nfev=354 t=426.4s remaining=1652
    iter=349 E=-2.1042355962 nfev=355 t=427.6s remaining=1651
    iter=350 E=-2.1042511985 nfev=356 t=428.8s remaining=1650
    iter=351 E=-2.1042712748 nfev=357 t=429.9s remaining=1649
    iter=352 E=-2.1042906187 nfev=358 t=431.2s remaining=1648
    iter=353 E=-2.1043100373 nfev=359 t=432.4s remaining=1647
    iter=354 E=-2.1043264972 nfev=360 t=433.5s remaining=1646
    iter=355 E=-2.1043405011 nfev=361 t=434.6s remaining=1645
    iter=356 E=-2.1043544898 nfev=362 t=435.8s remaining=1644
    iter=357 E=-2.1043705190 nfev=363 t=436.9s remaining=1643
    iter=358 E=-2.1043856490 nfev=364 t=438.0s remaining=1642
    iter=359 E=-2.1044001218 nfev=365 t=439.2s remaining=1641
    iter=360 E=-2.1044129141 nfev=366 t=440.2s remaining=1640
    iter=361 E=-2.1044251876 nfev=367 t=441.4s remaining=1639
    iter=362 E=-2.1044389071 nfev=368 t=442.5s remaining=1638
    iter=363 E=-2.1044552837 nfev=369 t=443.6s remaining=1637
    iter=364 E=-2.1044734219 nfev=370 t=444.8s remaining=1636
    iter=365 E=-2.1044923997 nfev=371 t=446.0s remaining=1635
    iter=366 E=-2.1045093587 nfev=372 t=447.1s remaining=1634
    iter=367 E=-2.1045261592 nfev=373 t=448.3s remaining=1633
    iter=368 E=-2.1045420133 nfev=374 t=449.6s remaining=1632
    iter=369 E=-2.1045541597 nfev=375 t=450.9s remaining=1631
    iter=370 E=-2.1045648019 nfev=376 t=452.3s remaining=1630
    iter=371 E=-2.1045796195 nfev=377 t=453.6s remaining=1629
    iter=372 E=-2.1045945011 nfev=378 t=454.7s remaining=1628
    iter=373 E=-2.1046093836 nfev=379 t=455.9s remaining=1627
    iter=374 E=-2.1046273729 nfev=380 t=457.1s remaining=1626
    iter=375 E=-2.1046447558 nfev=381 t=458.3s remaining=1625
    iter=376 E=-2.1046592462 nfev=382 t=459.4s remaining=1624
    iter=377 E=-2.1046776401 nfev=383 t=460.5s remaining=1623
    iter=378 E=-2.1046927880 nfev=384 t=461.6s remaining=1622
    iter=379 E=-2.1047027437 nfev=385 t=462.8s remaining=1621
    iter=380 E=-2.1047107251 nfev=386 t=464.0s remaining=1620
    iter=381 E=-2.1047191250 nfev=387 t=465.2s remaining=1619
    iter=382 E=-2.1047285224 nfev=388 t=466.3s remaining=1618
    iter=383 E=-2.1047393910 nfev=389 t=467.6s remaining=1617
    iter=384 E=-2.1047507077 nfev=390 t=468.7s remaining=1616
    iter=385 E=-2.1047622225 nfev=391 t=469.9s remaining=1615
    iter=386 E=-2.1047733123 nfev=392 t=471.0s remaining=1614
    iter=387 E=-2.1047847608 nfev=393 t=472.2s remaining=1613
    iter=388 E=-2.1047971023 nfev=394 t=473.4s remaining=1612
    iter=389 E=-2.1048101124 nfev=395 t=474.6s remaining=1611
    iter=390 E=-2.1048188717 nfev=396 t=475.8s remaining=1610
    iter=391 E=-2.1048268062 nfev=397 t=477.0s remaining=1609
    iter=392 E=-2.1048349056 nfev=398 t=478.1s remaining=1608
    iter=393 E=-2.1048408192 nfev=399 t=479.3s remaining=1607
    iter=394 E=-2.1048477977 nfev=400 t=480.4s remaining=1606
    iter=395 E=-2.1048562738 nfev=401 t=481.6s remaining=1605
    iter=396 E=-2.1048663331 nfev=402 t=482.8s remaining=1604
    iter=397 E=-2.1048777264 nfev=403 t=483.9s remaining=1603
    iter=398 E=-2.1048893641 nfev=404 t=485.1s remaining=1602
    iter=399 E=-2.1048992986 nfev=405 t=486.2s remaining=1601
    iter=400 E=-2.1049076322 nfev=406 t=487.3s remaining=1600
    iter=401 E=-2.1049150073 nfev=407 t=488.5s remaining=1599
    iter=402 E=-2.1049225108 nfev=408 t=489.7s remaining=1598
    iter=403 E=-2.1049299009 nfev=409 t=490.9s remaining=1597
    iter=404 E=-2.1049375529 nfev=410 t=492.0s remaining=1596
    iter=405 E=-2.1049447271 nfev=411 t=493.2s remaining=1595
    iter=406 E=-2.1049507559 nfev=412 t=494.4s remaining=1594
    iter=407 E=-2.1049570957 nfev=413 t=495.6s remaining=1593
    iter=408 E=-2.1049647551 nfev=414 t=496.7s remaining=1592
    iter=409 E=-2.1049735571 nfev=415 t=497.8s remaining=1591
    iter=410 E=-2.1049799279 nfev=416 t=499.0s remaining=1590
    iter=411 E=-2.1049856614 nfev=417 t=500.3s remaining=1589
    iter=412 E=-2.1049909481 nfev=418 t=501.4s remaining=1588
    iter=413 E=-2.1049959507 nfev=419 t=502.6s remaining=1587
    iter=414 E=-2.1050016429 nfev=420 t=503.7s remaining=1586
    iter=415 E=-2.1050089846 nfev=421 t=504.7s remaining=1585
    iter=416 E=-2.1050167861 nfev=422 t=505.8s remaining=1584
    iter=417 E=-2.1050263021 nfev=423 t=506.9s remaining=1583
    iter=418 E=-2.1050370508 nfev=424 t=508.0s remaining=1582
    iter=419 E=-2.1050476936 nfev=425 t=509.1s remaining=1581
    iter=420 E=-2.1050564897 nfev=426 t=510.2s remaining=1580
    iter=421 E=-2.1050627307 nfev=427 t=511.3s remaining=1579
    iter=422 E=-2.1050678601 nfev=428 t=512.4s remaining=1578
    iter=423 E=-2.1050726420 nfev=429 t=513.5s remaining=1577
    iter=424 E=-2.1050788883 nfev=430 t=514.7s remaining=1576
    iter=425 E=-2.1050844601 nfev=431 t=515.8s remaining=1575
    iter=426 E=-2.1050917305 nfev=432 t=516.9s remaining=1574
    iter=427 E=-2.1050993631 nfev=433 t=518.0s remaining=1573
    iter=428 E=-2.1051076589 nfev=434 t=519.1s remaining=1572
    iter=429 E=-2.1051168127 nfev=435 t=520.5s remaining=1571
    iter=430 E=-2.1051231783 nfev=436 t=522.1s remaining=1570
    iter=431 E=-2.1051284988 nfev=437 t=523.4s remaining=1569
    iter=432 E=-2.1051321279 nfev=438 t=524.7s remaining=1568
    iter=433 E=-2.1051356792 nfev=439 t=525.9s remaining=1567
    iter=434 E=-2.1051403886 nfev=440 t=527.2s remaining=1566
    iter=435 E=-2.1051472042 nfev=441 t=528.5s remaining=1565
    iter=436 E=-2.1051556241 nfev=442 t=529.7s remaining=1564
    iter=437 E=-2.1051647971 nfev=443 t=530.9s remaining=1563
    iter=438 E=-2.1051740360 nfev=444 t=532.0s remaining=1562
    iter=439 E=-2.1051819009 nfev=445 t=533.1s remaining=1561
    iter=440 E=-2.1051881177 nfev=446 t=534.3s remaining=1560
    iter=441 E=-2.1051931096 nfev=447 t=535.4s remaining=1559
    iter=442 E=-2.1051970176 nfev=448 t=536.6s remaining=1558
    iter=443 E=-2.1052006903 nfev=449 t=537.9s remaining=1557
    iter=444 E=-2.1052049691 nfev=450 t=539.1s remaining=1556
    iter=445 E=-2.1052108004 nfev=451 t=540.2s remaining=1555
    iter=446 E=-2.1052174168 nfev=452 t=541.4s remaining=1554
    iter=447 E=-2.1052230918 nfev=453 t=542.6s remaining=1553
    iter=448 E=-2.1052275472 nfev=454 t=543.9s remaining=1552
    iter=449 E=-2.1052321969 nfev=455 t=545.1s remaining=1551
    iter=450 E=-2.1052369092 nfev=456 t=546.3s remaining=1550
    iter=451 E=-2.1052421554 nfev=457 t=547.4s remaining=1549
    iter=452 E=-2.1052484367 nfev=458 t=548.6s remaining=1548
    iter=453 E=-2.1052557382 nfev=459 t=549.9s remaining=1547
    iter=454 E=-2.1052635433 nfev=460 t=551.0s remaining=1546
    iter=455 E=-2.1052711961 nfev=461 t=552.1s remaining=1545
    iter=456 E=-2.1052780067 nfev=462 t=553.3s remaining=1544
    iter=457 E=-2.1052836840 nfev=463 t=554.4s remaining=1543
    iter=458 E=-2.1052886815 nfev=464 t=555.5s remaining=1542
    iter=459 E=-2.1052936219 nfev=465 t=556.7s remaining=1541
    iter=460 E=-2.1052989272 nfev=466 t=557.9s remaining=1540
    iter=461 E=-2.1053049328 nfev=467 t=559.0s remaining=1539
    iter=462 E=-2.1053104075 nfev=468 t=560.1s remaining=1538
    iter=463 E=-2.1053151947 nfev=469 t=561.3s remaining=1537
    iter=464 E=-2.1053197300 nfev=470 t=562.4s remaining=1536
    iter=465 E=-2.1053240001 nfev=471 t=563.7s remaining=1535
    iter=466 E=-2.1053282954 nfev=472 t=564.8s remaining=1534
    iter=467 E=-2.1053326691 nfev=473 t=566.0s remaining=1533
    iter=468 E=-2.1053377807 nfev=474 t=567.1s remaining=1532
    iter=469 E=-2.1053428874 nfev=475 t=568.3s remaining=1531
    iter=470 E=-2.1053481273 nfev=476 t=569.4s remaining=1530
    iter=471 E=-2.1053528132 nfev=477 t=570.5s remaining=1529
    iter=472 E=-2.1053571062 nfev=478 t=571.6s remaining=1528
    iter=473 E=-2.1053610764 nfev=479 t=572.8s remaining=1527
    iter=474 E=-2.1053647875 nfev=480 t=573.9s remaining=1526
    iter=475 E=-2.1053685595 nfev=481 t=575.1s remaining=1525
    iter=476 E=-2.1053727864 nfev=482 t=576.2s remaining=1524
    iter=477 E=-2.1053773854 nfev=483 t=577.4s remaining=1523
    iter=478 E=-2.1053824597 nfev=484 t=578.6s remaining=1522
    iter=479 E=-2.1053875180 nfev=485 t=579.8s remaining=1521
    iter=480 E=-2.1053918314 nfev=486 t=581.0s remaining=1520
    iter=481 E=-2.1053951230 nfev=487 t=582.3s remaining=1519
    iter=482 E=-2.1053982768 nfev=488 t=583.5s remaining=1518
    iter=483 E=-2.1054018355 nfev=489 t=584.7s remaining=1517
    iter=484 E=-2.1054061557 nfev=490 t=585.9s remaining=1516
    iter=485 E=-2.1054107344 nfev=491 t=587.1s remaining=1515
    iter=486 E=-2.1054154324 nfev=492 t=588.4s remaining=1514
    iter=487 E=-2.1054194721 nfev=493 t=589.6s remaining=1513
    iter=488 E=-2.1054230031 nfev=494 t=590.8s remaining=1512
    iter=489 E=-2.1054264472 nfev=495 t=591.9s remaining=1511
    iter=490 E=-2.1054301403 nfev=496 t=593.0s remaining=1510
    iter=491 E=-2.1054339746 nfev=497 t=594.2s remaining=1509
    iter=492 E=-2.1054386647 nfev=498 t=595.4s remaining=1508
    iter=493 E=-2.1054434753 nfev=499 t=596.6s remaining=1507
    iter=494 E=-2.1054476680 nfev=500 t=597.7s remaining=1506
    iter=495 E=-2.1054510226 nfev=501 t=598.8s remaining=1505
    iter=496 E=-2.1054540152 nfev=502 t=599.9s remaining=1504
    iter=497 E=-2.1054572719 nfev=503 t=601.0s remaining=1503
    iter=498 E=-2.1054609007 nfev=504 t=602.2s remaining=1502
    iter=499 E=-2.1054645768 nfev=505 t=603.3s remaining=1501
    iter=500 E=-2.1054682029 nfev=506 t=604.5s remaining=1500
    iter=501 E=-2.1054720289 nfev=507 t=605.6s remaining=1499
    iter=502 E=-2.1054759076 nfev=508 t=606.7s remaining=1498
    iter=503 E=-2.1054794729 nfev=509 t=607.8s remaining=1497
    iter=504 E=-2.1054824387 nfev=510 t=608.9s remaining=1496
    iter=505 E=-2.1054856633 nfev=511 t=610.2s remaining=1495
    iter=506 E=-2.1054893902 nfev=512 t=611.4s remaining=1494
    iter=507 E=-2.1054936809 nfev=513 t=612.8s remaining=1493
    iter=508 E=-2.1054973621 nfev=514 t=614.1s remaining=1492
    iter=509 E=-2.1055008977 nfev=515 t=615.4s remaining=1491
    iter=510 E=-2.1055035599 nfev=516 t=616.6s remaining=1490
    iter=511 E=-2.1055060464 nfev=517 t=617.9s remaining=1489
    iter=512 E=-2.1055092740 nfev=518 t=619.2s remaining=1488
    iter=513 E=-2.1055137894 nfev=519 t=620.7s remaining=1487
    iter=514 E=-2.1055185734 nfev=520 t=622.1s remaining=1486
    iter=515 E=-2.1055224930 nfev=521 t=623.5s remaining=1485
    iter=516 E=-2.1055254666 nfev=522 t=624.8s remaining=1484
    iter=517 E=-2.1055285034 nfev=523 t=626.1s remaining=1483
    iter=518 E=-2.1055324520 nfev=524 t=627.5s remaining=1482
    iter=519 E=-2.1055369078 nfev=525 t=628.9s remaining=1481
    iter=520 E=-2.1055410646 nfev=526 t=630.3s remaining=1480
    iter=521 E=-2.1055448140 nfev=527 t=631.7s remaining=1479
    iter=522 E=-2.1055481392 nfev=528 t=633.0s remaining=1478
    iter=523 E=-2.1055508867 nfev=529 t=634.3s remaining=1477
    iter=524 E=-2.1055536723 nfev=530 t=635.6s remaining=1476
    iter=525 E=-2.1055567374 nfev=531 t=637.1s remaining=1475
    iter=526 E=-2.1055602459 nfev=532 t=638.7s remaining=1474
    iter=527 E=-2.1055637144 nfev=533 t=640.1s remaining=1473
    iter=528 E=-2.1055679662 nfev=534 t=641.4s remaining=1472
    iter=529 E=-2.1055727901 nfev=535 t=642.7s remaining=1471
    iter=530 E=-2.1055781571 nfev=536 t=644.0s remaining=1470
    iter=531 E=-2.1055832858 nfev=537 t=645.2s remaining=1469
    iter=532 E=-2.1055878583 nfev=538 t=646.6s remaining=1468
    iter=533 E=-2.1055913721 nfev=539 t=647.7s remaining=1467
    iter=534 E=-2.1055941000 nfev=540 t=648.8s remaining=1466
    iter=535 E=-2.1055966318 nfev=541 t=650.0s remaining=1465
    iter=536 E=-2.1055992915 nfev=542 t=651.1s remaining=1464
    iter=537 E=-2.1056019380 nfev=543 t=652.3s remaining=1463
    iter=538 E=-2.1056041053 nfev=544 t=653.5s remaining=1462
    iter=539 E=-2.1056061903 nfev=545 t=654.7s remaining=1461
    iter=540 E=-2.1056089264 nfev=546 t=655.8s remaining=1460
    iter=541 E=-2.1056124966 nfev=547 t=657.0s remaining=1459
    iter=542 E=-2.1056169645 nfev=548 t=658.1s remaining=1458
    iter=543 E=-2.1056226438 nfev=549 t=659.2s remaining=1457
    iter=544 E=-2.1056286076 nfev=550 t=660.4s remaining=1456
    iter=545 E=-2.1056336262 nfev=551 t=661.6s remaining=1455
    iter=546 E=-2.1056377041 nfev=552 t=662.7s remaining=1454
    iter=547 E=-2.1056406486 nfev=553 t=664.1s remaining=1453
    iter=548 E=-2.1056430234 nfev=554 t=665.3s remaining=1452
    iter=549 E=-2.1056451897 nfev=555 t=666.5s remaining=1451
    iter=550 E=-2.1056474765 nfev=556 t=667.6s remaining=1450
    iter=551 E=-2.1056495868 nfev=557 t=668.7s remaining=1449
    iter=552 E=-2.1056522348 nfev=558 t=669.7s remaining=1448
    iter=553 E=-2.1056560028 nfev=559 t=670.8s remaining=1447
    iter=554 E=-2.1056614563 nfev=560 t=672.0s remaining=1446
    iter=555 E=-2.1056666318 nfev=561 t=673.2s remaining=1445
    iter=556 E=-2.1056705079 nfev=562 t=674.4s remaining=1444
    iter=557 E=-2.1056739456 nfev=563 t=675.7s remaining=1443
    iter=558 E=-2.1056770533 nfev=564 t=676.8s remaining=1442
    iter=559 E=-2.1056804300 nfev=565 t=677.9s remaining=1441
    iter=560 E=-2.1056845786 nfev=566 t=679.1s remaining=1440
    iter=561 E=-2.1056893577 nfev=567 t=680.2s remaining=1439
    iter=562 E=-2.1056941276 nfev=568 t=681.4s remaining=1438
    iter=563 E=-2.1056983432 nfev=569 t=682.5s remaining=1437
    iter=564 E=-2.1057012710 nfev=570 t=683.7s remaining=1436
    iter=565 E=-2.1057039270 nfev=571 t=684.9s remaining=1435
    iter=566 E=-2.1057071269 nfev=572 t=686.1s remaining=1434
    iter=567 E=-2.1057102588 nfev=573 t=687.2s remaining=1433
    iter=568 E=-2.1057145422 nfev=574 t=688.4s remaining=1432
    iter=569 E=-2.1057198774 nfev=575 t=689.7s remaining=1431
    iter=570 E=-2.1057251878 nfev=576 t=690.8s remaining=1430
    iter=571 E=-2.1057301797 nfev=577 t=691.9s remaining=1429
    iter=572 E=-2.1057356609 nfev=578 t=693.1s remaining=1428
    iter=573 E=-2.1057411887 nfev=579 t=694.1s remaining=1427
    iter=574 E=-2.1057463709 nfev=580 t=695.2s remaining=1426
    iter=575 E=-2.1057519904 nfev=581 t=696.7s remaining=1425
    iter=576 E=-2.1057556154 nfev=582 t=697.8s remaining=1424
    iter=577 E=-2.1057581343 nfev=583 t=699.0s remaining=1423
    iter=578 E=-2.1057606978 nfev=584 t=700.1s remaining=1422
    iter=579 E=-2.1057640860 nfev=585 t=701.2s remaining=1421
    iter=580 E=-2.1057686511 nfev=586 t=702.3s remaining=1420
    iter=581 E=-2.1057733978 nfev=587 t=703.5s remaining=1419
    iter=582 E=-2.1057774371 nfev=588 t=704.7s remaining=1418
    iter=583 E=-2.1057811038 nfev=589 t=706.1s remaining=1417
    iter=584 E=-2.1057840093 nfev=590 t=707.4s remaining=1416
    iter=585 E=-2.1057865995 nfev=591 t=708.5s remaining=1415
    iter=586 E=-2.1057896664 nfev=592 t=709.6s remaining=1414
    iter=587 E=-2.1057939531 nfev=593 t=710.7s remaining=1413
    iter=588 E=-2.1057986184 nfev=594 t=711.7s remaining=1412
    iter=589 E=-2.1058033145 nfev=595 t=712.8s remaining=1411
    iter=590 E=-2.1058082902 nfev=596 t=713.9s remaining=1410
    iter=591 E=-2.1058132709 nfev=597 t=715.1s remaining=1409
    iter=592 E=-2.1058178999 nfev=598 t=716.4s remaining=1408
    iter=593 E=-2.1058222982 nfev=599 t=717.8s remaining=1407
    iter=594 E=-2.1058265754 nfev=600 t=719.2s remaining=1406
    iter=595 E=-2.1058309996 nfev=601 t=720.7s remaining=1405
    iter=596 E=-2.1058353435 nfev=602 t=722.1s remaining=1404
    iter=597 E=-2.1058394431 nfev=603 t=723.6s remaining=1403
    iter=598 E=-2.1058426215 nfev=604 t=724.8s remaining=1402
    iter=599 E=-2.1058453066 nfev=605 t=726.0s remaining=1401
    iter=600 E=-2.1058483075 nfev=606 t=727.2s remaining=1400
    iter=601 E=-2.1058517929 nfev=607 t=728.4s remaining=1399
    iter=602 E=-2.1058552957 nfev=608 t=729.4s remaining=1398
    iter=603 E=-2.1058586790 nfev=609 t=730.5s remaining=1397
    iter=604 E=-2.1058621204 nfev=610 t=731.5s remaining=1396
    iter=605 E=-2.1058654101 nfev=611 t=732.6s remaining=1395
    iter=606 E=-2.1058682871 nfev=612 t=733.7s remaining=1394
    iter=607 E=-2.1058707685 nfev=613 t=734.9s remaining=1393
    iter=608 E=-2.1058735364 nfev=614 t=736.0s remaining=1392
    iter=609 E=-2.1058772980 nfev=615 t=737.2s remaining=1391
    iter=610 E=-2.1058824802 nfev=616 t=738.4s remaining=1390
    iter=611 E=-2.1058883082 nfev=617 t=739.6s remaining=1389
    iter=612 E=-2.1058934242 nfev=618 t=740.8s remaining=1388
    iter=613 E=-2.1058986265 nfev=619 t=742.2s remaining=1387
    iter=614 E=-2.1059040622 nfev=620 t=743.6s remaining=1386
    iter=615 E=-2.1059080132 nfev=621 t=744.9s remaining=1385
    iter=616 E=-2.1059108220 nfev=622 t=746.2s remaining=1384
    iter=617 E=-2.1059133059 nfev=623 t=747.4s remaining=1383
    iter=618 E=-2.1059157311 nfev=624 t=748.6s remaining=1382
    iter=619 E=-2.1059183853 nfev=625 t=749.9s remaining=1381
    iter=620 E=-2.1059214630 nfev=626 t=751.1s remaining=1380
    iter=621 E=-2.1059246622 nfev=627 t=752.3s remaining=1379
    iter=622 E=-2.1059279001 nfev=628 t=753.5s remaining=1378
    iter=623 E=-2.1059310721 nfev=629 t=754.8s remaining=1377
    iter=624 E=-2.1059357370 nfev=630 t=756.0s remaining=1376
    iter=625 E=-2.1059416374 nfev=631 t=757.3s remaining=1375
    iter=626 E=-2.1059472918 nfev=632 t=758.6s remaining=1374
    iter=627 E=-2.1059527564 nfev=633 t=760.0s remaining=1373
    iter=628 E=-2.1059574651 nfev=634 t=761.2s remaining=1372
    iter=629 E=-2.1059619372 nfev=635 t=762.4s remaining=1371
    iter=630 E=-2.1059671988 nfev=636 t=763.8s remaining=1370
    iter=631 E=-2.1059725679 nfev=637 t=765.2s remaining=1369
    iter=632 E=-2.1059769941 nfev=638 t=766.4s remaining=1368
    iter=633 E=-2.1059808245 nfev=639 t=767.7s remaining=1367
    iter=634 E=-2.1059842542 nfev=640 t=769.1s remaining=1366
    iter=635 E=-2.1059869966 nfev=641 t=770.5s remaining=1365
    iter=636 E=-2.1059895488 nfev=642 t=771.9s remaining=1364
    iter=637 E=-2.1059921397 nfev=643 t=773.2s remaining=1363
    iter=638 E=-2.1059950287 nfev=644 t=774.5s remaining=1362
    iter=639 E=-2.1059981968 nfev=645 t=775.8s remaining=1361
    iter=640 E=-2.1060018866 nfev=646 t=777.0s remaining=1360
    iter=641 E=-2.1060058230 nfev=647 t=778.3s remaining=1359
    iter=642 E=-2.1060092546 nfev=648 t=779.5s remaining=1358
    iter=643 E=-2.1060119931 nfev=649 t=780.7s remaining=1357
    iter=644 E=-2.1060138264 nfev=650 t=782.0s remaining=1356
    iter=645 E=-2.1060153843 nfev=651 t=783.4s remaining=1355
    iter=646 E=-2.1060172525 nfev=652 t=784.6s remaining=1354
    iter=647 E=-2.1060198401 nfev=653 t=785.9s remaining=1353
    iter=648 E=-2.1060231370 nfev=654 t=787.1s remaining=1352
    iter=649 E=-2.1060265731 nfev=655 t=788.4s remaining=1351
    iter=650 E=-2.1060297733 nfev=656 t=789.7s remaining=1350
    iter=651 E=-2.1060325242 nfev=657 t=790.9s remaining=1349
    iter=652 E=-2.1060355621 nfev=658 t=792.1s remaining=1348
    iter=653 E=-2.1060387173 nfev=659 t=793.3s remaining=1347
    iter=654 E=-2.1060410593 nfev=660 t=794.6s remaining=1346
    iter=655 E=-2.1060428329 nfev=661 t=795.8s remaining=1345
    iter=656 E=-2.1060443889 nfev=662 t=797.0s remaining=1344
    iter=657 E=-2.1060460398 nfev=663 t=798.2s remaining=1343
    iter=658 E=-2.1060480844 nfev=664 t=799.3s remaining=1342
    iter=659 E=-2.1060507357 nfev=665 t=800.6s remaining=1341
    iter=660 E=-2.1060538492 nfev=666 t=801.8s remaining=1340
    iter=661 E=-2.1060566553 nfev=667 t=803.0s remaining=1339
    iter=662 E=-2.1060591093 nfev=668 t=804.1s remaining=1338
    iter=663 E=-2.1060616041 nfev=669 t=805.3s remaining=1337
    iter=664 E=-2.1060639715 nfev=670 t=806.4s remaining=1336
    iter=665 E=-2.1060659377 nfev=671 t=807.6s remaining=1335
    iter=666 E=-2.1060677213 nfev=672 t=809.0s remaining=1334
    iter=667 E=-2.1060693828 nfev=673 t=810.1s remaining=1333
    iter=668 E=-2.1060709008 nfev=674 t=811.3s remaining=1332
    iter=669 E=-2.1060727358 nfev=675 t=812.6s remaining=1331
    iter=670 E=-2.1060749177 nfev=676 t=813.9s remaining=1330
    iter=671 E=-2.1060777382 nfev=677 t=815.1s remaining=1329
    iter=672 E=-2.1060800426 nfev=678 t=816.3s remaining=1328
    iter=673 E=-2.1060831067 nfev=679 t=817.5s remaining=1327
    iter=674 E=-2.1060857381 nfev=680 t=818.7s remaining=1326
    iter=675 E=-2.1060877363 nfev=681 t=819.9s remaining=1325
    iter=676 E=-2.1060893725 nfev=682 t=821.0s remaining=1324
    iter=677 E=-2.1060907759 nfev=683 t=822.1s remaining=1323
    iter=678 E=-2.1060920116 nfev=684 t=823.2s remaining=1322
    iter=679 E=-2.1060932135 nfev=685 t=824.3s remaining=1321
    iter=680 E=-2.1060945508 nfev=686 t=825.4s remaining=1320
    iter=681 E=-2.1060958894 nfev=687 t=826.5s remaining=1319
    iter=682 E=-2.1060975108 nfev=688 t=827.6s remaining=1318
    iter=683 E=-2.1060995938 nfev=689 t=828.7s remaining=1317
    iter=684 E=-2.1061019520 nfev=690 t=829.8s remaining=1316
    iter=685 E=-2.1061043101 nfev=691 t=831.0s remaining=1315
    iter=686 E=-2.1061063683 nfev=692 t=832.1s remaining=1314
    iter=687 E=-2.1061079404 nfev=693 t=833.2s remaining=1313
    iter=688 E=-2.1061092321 nfev=694 t=834.3s remaining=1312
    iter=689 E=-2.1061105010 nfev=695 t=835.5s remaining=1311
    iter=690 E=-2.1061118142 nfev=696 t=836.6s remaining=1310
    iter=691 E=-2.1061129538 nfev=697 t=837.8s remaining=1309
    iter=692 E=-2.1061142677 nfev=698 t=838.9s remaining=1308
    iter=693 E=-2.1061157746 nfev=699 t=840.0s remaining=1307
    iter=694 E=-2.1061176200 nfev=700 t=841.2s remaining=1306
    iter=695 E=-2.1061196738 nfev=701 t=842.3s remaining=1305
    iter=696 E=-2.1061217747 nfev=702 t=843.6s remaining=1304
    iter=697 E=-2.1061238811 nfev=703 t=844.8s remaining=1303
    iter=698 E=-2.1061259341 nfev=704 t=846.0s remaining=1302
    iter=699 E=-2.1061278415 nfev=705 t=847.1s remaining=1301
    iter=700 E=-2.1061296103 nfev=706 t=848.2s remaining=1300
    iter=701 E=-2.1061312197 nfev=707 t=849.4s remaining=1299
    iter=702 E=-2.1061324897 nfev=708 t=850.5s remaining=1298
    iter=703 E=-2.1061334335 nfev=709 t=851.7s remaining=1297
    iter=704 E=-2.1061341739 nfev=710 t=852.9s remaining=1296
    iter=705 E=-2.1061348230 nfev=711 t=854.1s remaining=1295
    iter=706 E=-2.1061354257 nfev=712 t=855.2s remaining=1294
    iter=707 E=-2.1061361709 nfev=713 t=856.3s remaining=1293
    iter=708 E=-2.1061372986 nfev=714 t=857.5s remaining=1292
    iter=709 E=-2.1061389715 nfev=715 t=858.6s remaining=1291
    iter=710 E=-2.1061412296 nfev=716 t=859.8s remaining=1290
    iter=711 E=-2.1061435641 nfev=717 t=861.0s remaining=1289
    iter=712 E=-2.1061457335 nfev=718 t=862.1s remaining=1288
    iter=713 E=-2.1061473999 nfev=719 t=863.2s remaining=1287
    iter=714 E=-2.1061487378 nfev=720 t=864.4s remaining=1286
    iter=715 E=-2.1061498890 nfev=721 t=865.6s remaining=1285
    iter=716 E=-2.1061508918 nfev=722 t=866.7s remaining=1284
    iter=717 E=-2.1061517362 nfev=723 t=867.8s remaining=1283
    iter=718 E=-2.1061525153 nfev=724 t=868.9s remaining=1282
    iter=719 E=-2.1061532938 nfev=725 t=870.0s remaining=1281
    iter=720 E=-2.1061542147 nfev=726 t=871.1s remaining=1280
    iter=721 E=-2.1061555291 nfev=727 t=872.3s remaining=1279
    iter=722 E=-2.1061574834 nfev=728 t=873.5s remaining=1278
    iter=723 E=-2.1061599338 nfev=729 t=874.7s remaining=1277
    iter=724 E=-2.1061622427 nfev=730 t=875.7s remaining=1276
    iter=725 E=-2.1061640398 nfev=731 t=876.9s remaining=1275
    iter=726 E=-2.1061653298 nfev=732 t=878.1s remaining=1274
    iter=727 E=-2.1061662984 nfev=733 t=879.2s remaining=1273
    iter=728 E=-2.1061670901 nfev=734 t=880.4s remaining=1272
    iter=729 E=-2.1061679384 nfev=735 t=881.9s remaining=1271
    iter=730 E=-2.1061690412 nfev=736 t=883.1s remaining=1270
    iter=731 E=-2.1061706019 nfev=737 t=884.3s remaining=1269
    iter=732 E=-2.1061727696 nfev=738 t=885.8s remaining=1268
    iter=733 E=-2.1061749455 nfev=739 t=887.2s remaining=1267
    iter=734 E=-2.1061769196 nfev=740 t=888.5s remaining=1266
    iter=735 E=-2.1061789000 nfev=741 t=889.7s remaining=1265
    iter=736 E=-2.1061807894 nfev=742 t=891.1s remaining=1264
    iter=737 E=-2.1061824870 nfev=743 t=892.5s remaining=1263
    iter=738 E=-2.1061843078 nfev=744 t=893.8s remaining=1262
    iter=739 E=-2.1061863271 nfev=745 t=895.1s remaining=1261
    iter=740 E=-2.1061879639 nfev=746 t=896.4s remaining=1260
    iter=741 E=-2.1061890778 nfev=747 t=897.6s remaining=1259
    iter=742 E=-2.1061898980 nfev=748 t=898.9s remaining=1258
    iter=743 E=-2.1061908399 nfev=749 t=900.2s remaining=1257
    iter=744 E=-2.1061921613 nfev=750 t=901.4s remaining=1256
    iter=745 E=-2.1061939112 nfev=751 t=902.6s remaining=1255
    iter=746 E=-2.1061960462 nfev=752 t=903.7s remaining=1254
    iter=747 E=-2.1061984616 nfev=753 t=905.1s remaining=1253
    iter=748 E=-2.1062009419 nfev=754 t=906.2s remaining=1252
    iter=749 E=-2.1062030128 nfev=755 t=907.4s remaining=1251
    iter=750 E=-2.1062050732 nfev=756 t=908.6s remaining=1250
    iter=751 E=-2.1062066783 nfev=757 t=909.9s remaining=1249
    iter=752 E=-2.1062076947 nfev=758 t=911.3s remaining=1248
    iter=753 E=-2.1062084172 nfev=759 t=912.5s remaining=1247
    iter=754 E=-2.1062090783 nfev=760 t=913.6s remaining=1246
    iter=755 E=-2.1062096937 nfev=761 t=914.7s remaining=1245
    iter=756 E=-2.1062104236 nfev=762 t=915.8s remaining=1244
    iter=757 E=-2.1062113242 nfev=763 t=916.9s remaining=1243
    iter=758 E=-2.1062126411 nfev=764 t=918.1s remaining=1242
    iter=759 E=-2.1062144494 nfev=765 t=919.3s remaining=1241
    iter=760 E=-2.1062169863 nfev=766 t=920.4s remaining=1240
    iter=761 E=-2.1062202450 nfev=767 t=921.5s remaining=1239
    iter=762 E=-2.1062237886 nfev=768 t=922.5s remaining=1238
    iter=763 E=-2.1062265395 nfev=769 t=923.8s remaining=1237
    iter=764 E=-2.1062281838 nfev=770 t=925.0s remaining=1236
    iter=765 E=-2.1062291777 nfev=771 t=926.2s remaining=1235
    iter=766 E=-2.1062299107 nfev=772 t=927.4s remaining=1234
    iter=767 E=-2.1062305262 nfev=773 t=928.5s remaining=1233
    iter=768 E=-2.1062311343 nfev=774 t=929.8s remaining=1232
    iter=769 E=-2.1062319669 nfev=775 t=930.9s remaining=1231
    iter=770 E=-2.1062329113 nfev=776 t=932.1s remaining=1230
    iter=771 E=-2.1062342467 nfev=777 t=933.2s remaining=1229
    iter=772 E=-2.1062362996 nfev=778 t=934.4s remaining=1228
    iter=773 E=-2.1062392719 nfev=779 t=935.6s remaining=1227
    iter=774 E=-2.1062426120 nfev=780 t=936.9s remaining=1226
    iter=775 E=-2.1062452958 nfev=781 t=938.1s remaining=1225
    iter=776 E=-2.1062476517 nfev=782 t=939.3s remaining=1224
    iter=777 E=-2.1062492277 nfev=783 t=940.4s remaining=1223
    iter=778 E=-2.1062500986 nfev=784 t=941.7s remaining=1222
    iter=779 E=-2.1062511545 nfev=785 t=942.9s remaining=1221
    iter=780 E=-2.1062520329 nfev=786 t=944.1s remaining=1220
    iter=781 E=-2.1062527174 nfev=787 t=945.3s remaining=1219
    iter=782 E=-2.1062535020 nfev=788 t=946.6s remaining=1218
    iter=783 E=-2.1062544167 nfev=789 t=947.8s remaining=1217
    iter=784 E=-2.1062553959 nfev=790 t=949.0s remaining=1216
    iter=785 E=-2.1062567174 nfev=791 t=950.2s remaining=1215
    iter=786 E=-2.1062585343 nfev=792 t=951.3s remaining=1214
    iter=787 E=-2.1062607480 nfev=793 t=952.5s remaining=1213
    iter=788 E=-2.1062635026 nfev=794 t=953.7s remaining=1212
    iter=789 E=-2.1062661947 nfev=795 t=954.8s remaining=1211
    iter=790 E=-2.1062681701 nfev=796 t=956.0s remaining=1210
    iter=791 E=-2.1062697045 nfev=797 t=957.1s remaining=1209
    iter=792 E=-2.1062708815 nfev=798 t=958.4s remaining=1208
    iter=793 E=-2.1062718185 nfev=799 t=959.5s remaining=1207
    iter=794 E=-2.1062725227 nfev=800 t=960.6s remaining=1206
    iter=795 E=-2.1062732423 nfev=801 t=961.7s remaining=1205
    iter=796 E=-2.1062739685 nfev=802 t=962.9s remaining=1204
    iter=797 E=-2.1062747285 nfev=803 t=964.0s remaining=1203
    iter=798 E=-2.1062755818 nfev=804 t=965.1s remaining=1202
    iter=799 E=-2.1062766818 nfev=805 t=966.2s remaining=1201
    iter=800 E=-2.1062782528 nfev=806 t=967.5s remaining=1200
    iter=801 E=-2.1062803829 nfev=807 t=968.8s remaining=1199
    iter=802 E=-2.1062827901 nfev=808 t=970.0s remaining=1198
    iter=803 E=-2.1062850151 nfev=809 t=971.2s remaining=1197
    iter=804 E=-2.1062869897 nfev=810 t=972.3s remaining=1196
    iter=805 E=-2.1062886047 nfev=811 t=973.5s remaining=1195
    iter=806 E=-2.1062895378 nfev=812 t=974.6s remaining=1194
    iter=807 E=-2.1062900944 nfev=813 t=975.7s remaining=1193
    iter=808 E=-2.1062905774 nfev=814 t=977.1s remaining=1192
    iter=809 E=-2.1062911113 nfev=815 t=978.2s remaining=1191
    iter=810 E=-2.1062916832 nfev=816 t=979.5s remaining=1190
    iter=811 E=-2.1062924129 nfev=817 t=980.7s remaining=1189
    iter=812 E=-2.1062933256 nfev=818 t=981.8s remaining=1188
    iter=813 E=-2.1062945081 nfev=819 t=983.0s remaining=1187
    iter=814 E=-2.1062961199 nfev=820 t=984.1s remaining=1186
    iter=815 E=-2.1062980115 nfev=821 t=985.3s remaining=1185
    iter=816 E=-2.1062996823 nfev=822 t=986.4s remaining=1184
    iter=817 E=-2.1063009625 nfev=823 t=987.5s remaining=1183
    iter=818 E=-2.1063017554 nfev=824 t=988.6s remaining=1182
    iter=819 E=-2.1063022590 nfev=825 t=989.7s remaining=1181
    iter=820 E=-2.1063026979 nfev=826 t=990.9s remaining=1180
    iter=821 E=-2.1063031459 nfev=827 t=992.0s remaining=1179
    iter=822 E=-2.1063036814 nfev=828 t=993.2s remaining=1178
    iter=823 E=-2.1063044665 nfev=829 t=994.5s remaining=1177
    iter=824 E=-2.1063056288 nfev=830 t=995.7s remaining=1176
    iter=825 E=-2.1063073215 nfev=831 t=997.1s remaining=1175
    iter=826 E=-2.1063093734 nfev=832 t=998.2s remaining=1174
    iter=827 E=-2.1063110796 nfev=833 t=999.4s remaining=1173
    iter=828 E=-2.1063127718 nfev=834 t=1000.7s remaining=1172
    iter=829 E=-2.1063143943 nfev=835 t=1002.0s remaining=1171
    iter=830 E=-2.1063159877 nfev=836 t=1003.2s remaining=1170
    iter=831 E=-2.1063174102 nfev=837 t=1004.3s remaining=1169
    iter=832 E=-2.1063185286 nfev=838 t=1005.4s remaining=1168
    iter=833 E=-2.1063192721 nfev=839 t=1006.5s remaining=1167
    iter=834 E=-2.1063198009 nfev=840 t=1007.7s remaining=1166
    iter=835 E=-2.1063201792 nfev=841 t=1008.9s remaining=1165
    iter=836 E=-2.1063205515 nfev=842 t=1010.1s remaining=1164
    iter=837 E=-2.1063208838 nfev=843 t=1011.3s remaining=1163
    iter=838 E=-2.1063213205 nfev=844 t=1012.6s remaining=1162
    iter=839 E=-2.1063218673 nfev=845 t=1013.7s remaining=1161
    iter=840 E=-2.1063226952 nfev=846 t=1014.9s remaining=1160
    iter=841 E=-2.1063239765 nfev=847 t=1016.2s remaining=1159
    iter=842 E=-2.1063257728 nfev=848 t=1017.4s remaining=1158
    iter=843 E=-2.1063272324 nfev=849 t=1018.5s remaining=1157
    iter=844 E=-2.1063283678 nfev=850 t=1019.6s remaining=1156
    iter=845 E=-2.1063292531 nfev=851 t=1020.7s remaining=1155
    iter=846 E=-2.1063299010 nfev=852 t=1021.8s remaining=1154
    iter=847 E=-2.1063303861 nfev=853 t=1022.9s remaining=1153
    iter=848 E=-2.1063308297 nfev=854 t=1024.0s remaining=1152
    iter=849 E=-2.1063313196 nfev=855 t=1025.1s remaining=1151
    iter=850 E=-2.1063318766 nfev=856 t=1026.2s remaining=1150
    iter=851 E=-2.1063326284 nfev=857 t=1027.2s remaining=1149
    iter=852 E=-2.1063334854 nfev=858 t=1028.4s remaining=1148
    iter=853 E=-2.1063344543 nfev=859 t=1029.5s remaining=1147
    iter=854 E=-2.1063355406 nfev=860 t=1030.7s remaining=1146
    iter=855 E=-2.1063366357 nfev=861 t=1031.8s remaining=1145
    iter=856 E=-2.1063375076 nfev=862 t=1032.8s remaining=1144
    iter=857 E=-2.1063382110 nfev=863 t=1033.9s remaining=1143
    iter=858 E=-2.1063386695 nfev=864 t=1035.0s remaining=1142
    iter=859 E=-2.1063389258 nfev=865 t=1036.2s remaining=1141
    iter=860 E=-2.1063391462 nfev=866 t=1037.6s remaining=1140
    iter=861 E=-2.1063394390 nfev=867 t=1038.6s remaining=1139
    iter=862 E=-2.1063398463 nfev=868 t=1039.7s remaining=1138
    iter=863 E=-2.1063403917 nfev=869 t=1040.8s remaining=1137
    iter=864 E=-2.1063411286 nfev=870 t=1042.0s remaining=1136
    iter=865 E=-2.1063421174 nfev=871 t=1043.1s remaining=1135
    iter=866 E=-2.1063433727 nfev=872 t=1044.3s remaining=1134
    iter=867 E=-2.1063448383 nfev=873 t=1045.4s remaining=1133
    iter=868 E=-2.1063462926 nfev=874 t=1046.6s remaining=1132
    iter=869 E=-2.1063472201 nfev=875 t=1047.7s remaining=1131
    iter=870 E=-2.1063477835 nfev=876 t=1048.8s remaining=1130
    iter=871 E=-2.1063482708 nfev=877 t=1049.9s remaining=1129
    iter=872 E=-2.1063487327 nfev=878 t=1051.1s remaining=1128
    iter=873 E=-2.1063490471 nfev=879 t=1052.2s remaining=1127
    iter=874 E=-2.1063493671 nfev=880 t=1053.4s remaining=1126
    iter=875 E=-2.1063497544 nfev=881 t=1054.5s remaining=1125
    iter=876 E=-2.1063502093 nfev=882 t=1055.6s remaining=1124
    iter=877 E=-2.1063509103 nfev=883 t=1056.8s remaining=1123
    iter=878 E=-2.1063519909 nfev=884 t=1057.9s remaining=1122
    iter=879 E=-2.1063535371 nfev=885 t=1059.0s remaining=1121
    iter=880 E=-2.1063551589 nfev=886 t=1060.2s remaining=1120
    iter=881 E=-2.1063566827 nfev=887 t=1061.3s remaining=1119
    iter=882 E=-2.1063580746 nfev=888 t=1062.4s remaining=1118
    iter=883 E=-2.1063590975 nfev=889 t=1063.6s remaining=1117
    iter=884 E=-2.1063598801 nfev=890 t=1064.7s remaining=1116
    iter=885 E=-2.1063604185 nfev=891 t=1065.9s remaining=1115
    iter=886 E=-2.1063607153 nfev=892 t=1067.0s remaining=1114
    iter=887 E=-2.1063610080 nfev=893 t=1068.1s remaining=1113
    iter=888 E=-2.1063614195 nfev=894 t=1069.3s remaining=1112
    iter=889 E=-2.1063619513 nfev=895 t=1070.4s remaining=1111
    iter=890 E=-2.1063626733 nfev=896 t=1071.5s remaining=1110
    iter=891 E=-2.1063637167 nfev=897 t=1072.7s remaining=1109
    iter=892 E=-2.1063650730 nfev=898 t=1073.8s remaining=1108
    iter=893 E=-2.1063665766 nfev=899 t=1074.9s remaining=1107
    iter=894 E=-2.1063679332 nfev=900 t=1076.0s remaining=1106
    iter=895 E=-2.1063689816 nfev=901 t=1077.2s remaining=1105
    iter=896 E=-2.1063697947 nfev=902 t=1078.3s remaining=1104
    iter=897 E=-2.1063703414 nfev=903 t=1079.5s remaining=1103
    iter=898 E=-2.1063706762 nfev=904 t=1080.6s remaining=1102
    iter=899 E=-2.1063709083 nfev=905 t=1081.7s remaining=1101
    iter=900 E=-2.1063711449 nfev=906 t=1082.9s remaining=1100
    iter=901 E=-2.1063713806 nfev=907 t=1084.0s remaining=1099
    iter=902 E=-2.1063717255 nfev=908 t=1085.1s remaining=1098
    iter=903 E=-2.1063722544 nfev=909 t=1086.3s remaining=1097
    iter=904 E=-2.1063730623 nfev=910 t=1087.4s remaining=1096
    iter=905 E=-2.1063741651 nfev=911 t=1088.5s remaining=1095
    iter=906 E=-2.1063751360 nfev=912 t=1089.7s remaining=1094
    iter=907 E=-2.1063759615 nfev=913 t=1090.8s remaining=1093
    iter=908 E=-2.1063765005 nfev=914 t=1091.9s remaining=1092
    iter=909 E=-2.1063768845 nfev=915 t=1093.0s remaining=1091
    iter=910 E=-2.1063771822 nfev=916 t=1094.2s remaining=1090
    iter=911 E=-2.1063774389 nfev=917 t=1095.3s remaining=1089
    iter=912 E=-2.1063776769 nfev=918 t=1096.4s remaining=1088
    iter=913 E=-2.1063779429 nfev=919 t=1097.6s remaining=1087
    iter=914 E=-2.1063782551 nfev=920 t=1098.7s remaining=1086
    iter=915 E=-2.1063786630 nfev=921 t=1099.8s remaining=1085
    iter=916 E=-2.1063792376 nfev=922 t=1101.0s remaining=1084
    iter=917 E=-2.1063800046 nfev=923 t=1102.1s remaining=1083
    iter=918 E=-2.1063809523 nfev=924 t=1103.2s remaining=1082
    iter=919 E=-2.1063818581 nfev=925 t=1104.4s remaining=1081
    iter=920 E=-2.1063825286 nfev=926 t=1105.5s remaining=1080
    iter=921 E=-2.1063829695 nfev=927 t=1106.6s remaining=1079
    iter=922 E=-2.1063832935 nfev=928 t=1107.8s remaining=1078
    iter=923 E=-2.1063835735 nfev=929 t=1108.9s remaining=1077
    iter=924 E=-2.1063838150 nfev=930 t=1110.0s remaining=1076
    iter=925 E=-2.1063840253 nfev=931 t=1111.1s remaining=1075
    iter=926 E=-2.1063842565 nfev=932 t=1112.3s remaining=1074
    iter=927 E=-2.1063845462 nfev=933 t=1113.4s remaining=1073
    iter=928 E=-2.1063849255 nfev=934 t=1114.6s remaining=1072
    iter=929 E=-2.1063854150 nfev=935 t=1115.8s remaining=1071
    iter=930 E=-2.1063860252 nfev=936 t=1117.2s remaining=1070
    iter=931 E=-2.1063867578 nfev=937 t=1118.4s remaining=1069
    iter=932 E=-2.1063875342 nfev=938 t=1119.6s remaining=1068
    iter=933 E=-2.1063883114 nfev=939 t=1120.7s remaining=1067
    iter=934 E=-2.1063891409 nfev=940 t=1121.8s remaining=1066
    iter=935 E=-2.1063901199 nfev=941 t=1123.1s remaining=1065
    iter=936 E=-2.1063912719 nfev=942 t=1124.2s remaining=1064
    iter=937 E=-2.1063923254 nfev=943 t=1125.3s remaining=1063
    iter=938 E=-2.1063928634 nfev=944 t=1126.4s remaining=1062
    iter=939 E=-2.1063931456 nfev=945 t=1127.7s remaining=1061
    iter=940 E=-2.1063933332 nfev=946 t=1129.0s remaining=1060
    iter=941 E=-2.1063935141 nfev=947 t=1130.1s remaining=1059
    iter=942 E=-2.1063937372 nfev=948 t=1131.1s remaining=1058
    iter=943 E=-2.1063940393 nfev=949 t=1132.2s remaining=1057
    iter=944 E=-2.1063944829 nfev=950 t=1133.4s remaining=1056
    iter=945 E=-2.1063951597 nfev=951 t=1134.5s remaining=1055
    iter=946 E=-2.1063961928 nfev=952 t=1135.6s remaining=1054
    iter=947 E=-2.1063976077 nfev=953 t=1136.8s remaining=1053
    iter=948 E=-2.1063988270 nfev=954 t=1138.1s remaining=1052
    iter=949 E=-2.1063997997 nfev=955 t=1139.6s remaining=1051
    iter=950 E=-2.1064003491 nfev=956 t=1140.7s remaining=1050
    iter=951 E=-2.1064006682 nfev=957 t=1141.8s remaining=1049
    iter=952 E=-2.1064009558 nfev=958 t=1143.0s remaining=1048
    iter=953 E=-2.1064012606 nfev=959 t=1144.0s remaining=1047
    iter=954 E=-2.1064015092 nfev=960 t=1145.1s remaining=1046
    iter=955 E=-2.1064017529 nfev=961 t=1146.2s remaining=1045
    iter=956 E=-2.1064020587 nfev=962 t=1147.3s remaining=1044
    iter=957 E=-2.1064025238 nfev=963 t=1148.4s remaining=1043
    iter=958 E=-2.1064032447 nfev=964 t=1149.5s remaining=1042
    iter=959 E=-2.1064043459 nfev=965 t=1150.6s remaining=1041
    iter=960 E=-2.1064058822 nfev=966 t=1151.8s remaining=1040
    iter=961 E=-2.1064072326 nfev=967 t=1152.9s remaining=1039
    iter=962 E=-2.1064083240 nfev=968 t=1153.9s remaining=1038
    iter=963 E=-2.1064089326 nfev=969 t=1155.1s remaining=1037
    iter=964 E=-2.1064092460 nfev=970 t=1156.3s remaining=1036
    iter=965 E=-2.1064094388 nfev=971 t=1157.5s remaining=1035
    iter=966 E=-2.1064095957 nfev=972 t=1158.7s remaining=1034
    iter=967 E=-2.1064097543 nfev=973 t=1159.9s remaining=1033
    iter=968 E=-2.1064099842 nfev=974 t=1161.1s remaining=1032
    iter=969 E=-2.1064103332 nfev=975 t=1162.3s remaining=1031
    iter=970 E=-2.1064108801 nfev=976 t=1163.5s remaining=1030
    iter=971 E=-2.1064117450 nfev=977 t=1164.7s remaining=1029
    iter=972 E=-2.1064130560 nfev=978 t=1165.9s remaining=1028
    iter=973 E=-2.1064148875 nfev=979 t=1167.0s remaining=1027
    iter=974 E=-2.1064169695 nfev=980 t=1168.2s remaining=1026
    iter=975 E=-2.1064187552 nfev=981 t=1169.3s remaining=1025
    iter=976 E=-2.1064199999 nfev=982 t=1170.5s remaining=1024
    iter=977 E=-2.1064208053 nfev=983 t=1171.6s remaining=1023
    iter=978 E=-2.1064211504 nfev=984 t=1172.8s remaining=1022
    iter=979 E=-2.1064214416 nfev=985 t=1173.9s remaining=1021
    iter=980 E=-2.1064216855 nfev=986 t=1175.1s remaining=1020
    iter=981 E=-2.1064218769 nfev=987 t=1176.2s remaining=1019
    iter=982 E=-2.1064221653 nfev=988 t=1177.3s remaining=1018
    iter=983 E=-2.1064225697 nfev=989 t=1178.5s remaining=1017
    iter=984 E=-2.1064230732 nfev=990 t=1179.5s remaining=1016
    iter=985 E=-2.1064238323 nfev=991 t=1180.6s remaining=1015
    iter=986 E=-2.1064249464 nfev=992 t=1181.8s remaining=1014
    iter=987 E=-2.1064262548 nfev=993 t=1182.9s remaining=1013
    iter=988 E=-2.1064271775 nfev=994 t=1184.0s remaining=1012
    iter=989 E=-2.1064278877 nfev=995 t=1185.1s remaining=1011
    iter=990 E=-2.1064283615 nfev=996 t=1186.3s remaining=1010
    iter=991 E=-2.1064286593 nfev=997 t=1187.4s remaining=1009
    iter=992 E=-2.1064289324 nfev=998 t=1188.8s remaining=1008
    iter=993 E=-2.1064291090 nfev=999 t=1190.0s remaining=1007
    iter=994 E=-2.1064292906 nfev=1000 t=1191.1s remaining=1006
    iter=995 E=-2.1064295555 nfev=1001 t=1192.3s remaining=1005
    iter=996 E=-2.1064298552 nfev=1002 t=1193.4s remaining=1004
    iter=997 E=-2.1064302141 nfev=1003 t=1194.5s remaining=1003
    iter=998 E=-2.1064306885 nfev=1004 t=1195.6s remaining=1002
    iter=999 E=-2.1064313558 nfev=1005 t=1196.8s remaining=1001
    iter=1000 E=-2.1064322786 nfev=1006 t=1198.1s remaining=1000
    iter=1001 E=-2.1064332725 nfev=1007 t=1199.4s remaining=999
    iter=1002 E=-2.1064341336 nfev=1008 t=1200.4s remaining=998
    iter=1003 E=-2.1064348841 nfev=1009 t=1201.5s remaining=997
    iter=1004 E=-2.1064353846 nfev=1010 t=1202.6s remaining=996
    iter=1005 E=-2.1064356262 nfev=1011 t=1203.7s remaining=995
    iter=1006 E=-2.1064358322 nfev=1012 t=1204.7s remaining=994
    iter=1007 E=-2.1064360346 nfev=1013 t=1205.9s remaining=993
    iter=1008 E=-2.1064362206 nfev=1014 t=1207.1s remaining=992
    iter=1009 E=-2.1064364784 nfev=1015 t=1208.3s remaining=991
    iter=1010 E=-2.1064368234 nfev=1016 t=1209.4s remaining=990
    iter=1011 E=-2.1064373402 nfev=1017 t=1210.5s remaining=989
    iter=1012 E=-2.1064380997 nfev=1018 t=1211.7s remaining=988
    iter=1013 E=-2.1064391490 nfev=1019 t=1212.9s remaining=987
    iter=1014 E=-2.1064402365 nfev=1020 t=1214.3s remaining=986
    iter=1015 E=-2.1064412614 nfev=1021 t=1215.4s remaining=985
    iter=1016 E=-2.1064418756 nfev=1022 t=1216.6s remaining=984
    iter=1017 E=-2.1064422630 nfev=1023 t=1217.8s remaining=983
    iter=1018 E=-2.1064426274 nfev=1024 t=1218.8s remaining=982
    iter=1019 E=-2.1064428893 nfev=1025 t=1219.9s remaining=981
    iter=1020 E=-2.1064430770 nfev=1026 t=1220.9s remaining=980
    iter=1021 E=-2.1064432807 nfev=1027 t=1222.0s remaining=979
    iter=1022 E=-2.1064434586 nfev=1028 t=1223.1s remaining=978
    iter=1023 E=-2.1064436922 nfev=1029 t=1224.2s remaining=977
    iter=1024 E=-2.1064440108 nfev=1030 t=1225.3s remaining=976
    iter=1025 E=-2.1064444696 nfev=1031 t=1226.5s remaining=975
    iter=1026 E=-2.1064451732 nfev=1032 t=1227.8s remaining=974
    iter=1027 E=-2.1064462320 nfev=1033 t=1229.2s remaining=973
    iter=1028 E=-2.1064474673 nfev=1034 t=1230.3s remaining=972
    iter=1029 E=-2.1064484681 nfev=1035 t=1231.4s remaining=971
    iter=1030 E=-2.1064493449 nfev=1036 t=1232.5s remaining=970
    iter=1031 E=-2.1064499517 nfev=1037 t=1233.6s remaining=969
    iter=1032 E=-2.1064503440 nfev=1038 t=1235.0s remaining=968
    iter=1033 E=-2.1064505844 nfev=1039 t=1236.2s remaining=967
    iter=1034 E=-2.1064507897 nfev=1040 t=1237.3s remaining=966
    iter=1035 E=-2.1064509488 nfev=1041 t=1238.4s remaining=965
    iter=1036 E=-2.1064511324 nfev=1042 t=1239.6s remaining=964
    iter=1037 E=-2.1064513990 nfev=1043 t=1240.7s remaining=963
    iter=1038 E=-2.1064517561 nfev=1044 t=1241.8s remaining=962
    iter=1039 E=-2.1064521478 nfev=1045 t=1242.9s remaining=961
    iter=1040 E=-2.1064527538 nfev=1046 t=1244.1s remaining=960
    iter=1041 E=-2.1064536515 nfev=1047 t=1245.3s remaining=959
    iter=1042 E=-2.1064547017 nfev=1048 t=1246.4s remaining=958
    iter=1043 E=-2.1064556328 nfev=1049 t=1247.5s remaining=957
    iter=1044 E=-2.1064565468 nfev=1050 t=1248.6s remaining=956
    iter=1045 E=-2.1064572974 nfev=1051 t=1249.7s remaining=955
    iter=1046 E=-2.1064578627 nfev=1052 t=1251.0s remaining=954
    iter=1047 E=-2.1064583132 nfev=1053 t=1252.2s remaining=953
    iter=1048 E=-2.1064586147 nfev=1054 t=1253.3s remaining=952
    iter=1049 E=-2.1064588171 nfev=1055 t=1254.4s remaining=951
    iter=1050 E=-2.1064590097 nfev=1056 t=1255.4s remaining=950
    iter=1051 E=-2.1064592059 nfev=1057 t=1256.6s remaining=949
    iter=1052 E=-2.1064594156 nfev=1058 t=1257.6s remaining=948
    iter=1053 E=-2.1064596576 nfev=1059 t=1259.0s remaining=947
    iter=1054 E=-2.1064599342 nfev=1060 t=1260.5s remaining=946
    iter=1055 E=-2.1064602500 nfev=1061 t=1261.7s remaining=945
    iter=1056 E=-2.1064605219 nfev=1062 t=1263.1s remaining=944
    iter=1057 E=-2.1064608462 nfev=1063 t=1264.3s remaining=943
    iter=1058 E=-2.1064612478 nfev=1064 t=1265.4s remaining=942
    iter=1059 E=-2.1064616621 nfev=1065 t=1266.4s remaining=941
    iter=1060 E=-2.1064622857 nfev=1066 t=1267.5s remaining=940
    iter=1061 E=-2.1064631842 nfev=1067 t=1268.6s remaining=939
    iter=1062 E=-2.1064641462 nfev=1068 t=1269.7s remaining=938
    iter=1063 E=-2.1064647516 nfev=1069 t=1270.9s remaining=937
    iter=1064 E=-2.1064652473 nfev=1070 t=1272.0s remaining=936
    iter=1065 E=-2.1064655193 nfev=1071 t=1273.2s remaining=935
    iter=1066 E=-2.1064656879 nfev=1072 t=1274.2s remaining=934
    iter=1067 E=-2.1064658576 nfev=1073 t=1275.3s remaining=933
    iter=1068 E=-2.1064660359 nfev=1074 t=1276.4s remaining=932
    iter=1069 E=-2.1064662006 nfev=1075 t=1277.4s remaining=931
    iter=1070 E=-2.1064664485 nfev=1076 t=1278.7s remaining=930
    iter=1071 E=-2.1064668075 nfev=1077 t=1279.9s remaining=929
    iter=1072 E=-2.1064672742 nfev=1078 t=1281.0s remaining=928
    iter=1073 E=-2.1064679525 nfev=1079 t=1282.2s remaining=927
    iter=1074 E=-2.1064689055 nfev=1080 t=1283.3s remaining=926
    iter=1075 E=-2.1064700017 nfev=1081 t=1284.4s remaining=925
    iter=1076 E=-2.1064709148 nfev=1082 t=1285.5s remaining=924
    iter=1077 E=-2.1064715753 nfev=1083 t=1286.6s remaining=923
    iter=1078 E=-2.1064720301 nfev=1084 t=1287.7s remaining=922
    iter=1079 E=-2.1064724017 nfev=1085 t=1288.9s remaining=921
    iter=1080 E=-2.1064727202 nfev=1086 t=1290.1s remaining=920
    iter=1081 E=-2.1064729344 nfev=1087 t=1291.2s remaining=919
    iter=1082 E=-2.1064731226 nfev=1088 t=1292.4s remaining=918
    iter=1083 E=-2.1064733506 nfev=1089 t=1293.6s remaining=917
    iter=1084 E=-2.1064735708 nfev=1090 t=1294.7s remaining=916
    iter=1085 E=-2.1064738125 nfev=1091 t=1295.8s remaining=915
    iter=1086 E=-2.1064741057 nfev=1092 t=1297.0s remaining=914
    iter=1087 E=-2.1064744312 nfev=1093 t=1298.1s remaining=913
    iter=1088 E=-2.1064747743 nfev=1094 t=1299.2s remaining=912
    iter=1089 E=-2.1064752709 nfev=1095 t=1300.3s remaining=911
    iter=1090 E=-2.1064760266 nfev=1096 t=1301.4s remaining=910
    iter=1091 E=-2.1064771174 nfev=1097 t=1302.5s remaining=909
    iter=1092 E=-2.1064783871 nfev=1098 t=1303.6s remaining=908
    iter=1093 E=-2.1064794107 nfev=1099 t=1304.7s remaining=907
    iter=1094 E=-2.1064802109 nfev=1100 t=1305.8s remaining=906
    iter=1095 E=-2.1064807400 nfev=1101 t=1306.9s remaining=905
    iter=1096 E=-2.1064810720 nfev=1102 t=1308.0s remaining=904
    iter=1097 E=-2.1064813245 nfev=1103 t=1309.1s remaining=903
    iter=1098 E=-2.1064815386 nfev=1104 t=1310.4s remaining=902
    iter=1099 E=-2.1064817225 nfev=1105 t=1311.7s remaining=901
    iter=1100 E=-2.1064819364 nfev=1106 t=1313.1s remaining=900
    iter=1101 E=-2.1064821528 nfev=1107 t=1314.3s remaining=899
    iter=1102 E=-2.1064824049 nfev=1108 t=1315.4s remaining=898
    iter=1103 E=-2.1064827409 nfev=1109 t=1316.4s remaining=897
    iter=1104 E=-2.1064832168 nfev=1110 t=1317.4s remaining=896
    iter=1105 E=-2.1064838733 nfev=1111 t=1318.5s remaining=895
    iter=1106 E=-2.1064847442 nfev=1112 t=1319.6s remaining=894
    iter=1107 E=-2.1064858931 nfev=1113 t=1320.7s remaining=893
    iter=1108 E=-2.1064869405 nfev=1114 t=1322.0s remaining=892
    iter=1109 E=-2.1064879891 nfev=1115 t=1323.1s remaining=891
    iter=1110 E=-2.1064892039 nfev=1116 t=1324.2s remaining=890
    iter=1111 E=-2.1064904043 nfev=1117 t=1325.4s remaining=889
    iter=1112 E=-2.1064912438 nfev=1118 t=1326.5s remaining=888
    iter=1113 E=-2.1064918319 nfev=1119 t=1327.6s remaining=887
    iter=1114 E=-2.1064922736 nfev=1120 t=1328.8s remaining=886
    iter=1115 E=-2.1064926533 nfev=1121 t=1330.1s remaining=885
    iter=1116 E=-2.1064930002 nfev=1122 t=1331.2s remaining=884
    iter=1117 E=-2.1064933239 nfev=1123 t=1332.3s remaining=883
    iter=1118 E=-2.1064935727 nfev=1124 t=1333.4s remaining=882
    iter=1119 E=-2.1064938337 nfev=1125 t=1334.4s remaining=881
    iter=1120 E=-2.1064941683 nfev=1126 t=1335.7s remaining=880
    iter=1121 E=-2.1064945353 nfev=1127 t=1336.9s remaining=879
    iter=1122 E=-2.1064948511 nfev=1128 t=1338.0s remaining=878
    iter=1123 E=-2.1064951891 nfev=1129 t=1339.2s remaining=877
    iter=1124 E=-2.1064955446 nfev=1130 t=1340.5s remaining=876
    iter=1125 E=-2.1064959872 nfev=1131 t=1341.9s remaining=875
    iter=1126 E=-2.1064965963 nfev=1132 t=1343.2s remaining=874
    iter=1127 E=-2.1064974243 nfev=1133 t=1344.4s remaining=873
    iter=1128 E=-2.1064985272 nfev=1134 t=1345.5s remaining=872
    iter=1129 E=-2.1064998187 nfev=1135 t=1346.6s remaining=871
    iter=1130 E=-2.1065010462 nfev=1136 t=1347.8s remaining=870
    iter=1131 E=-2.1065019685 nfev=1137 t=1348.9s remaining=869
    iter=1132 E=-2.1065025702 nfev=1138 t=1349.9s remaining=868
    iter=1133 E=-2.1065030364 nfev=1139 t=1351.1s remaining=867
    iter=1134 E=-2.1065034821 nfev=1140 t=1352.2s remaining=866
    iter=1135 E=-2.1065038258 nfev=1141 t=1353.4s remaining=865
    iter=1136 E=-2.1065041010 nfev=1142 t=1354.4s remaining=864
    iter=1137 E=-2.1065043730 nfev=1143 t=1355.8s remaining=863
    iter=1138 E=-2.1065046267 nfev=1144 t=1356.9s remaining=862
    iter=1139 E=-2.1065048059 nfev=1145 t=1358.2s remaining=861
    iter=1140 E=-2.1065049850 nfev=1146 t=1359.2s remaining=860
    iter=1141 E=-2.1065051571 nfev=1147 t=1360.3s remaining=859
    iter=1142 E=-2.1065053550 nfev=1148 t=1361.4s remaining=858
    iter=1143 E=-2.1065056590 nfev=1149 t=1362.5s remaining=857
    iter=1144 E=-2.1065061134 nfev=1150 t=1363.6s remaining=856
    iter=1145 E=-2.1065066875 nfev=1151 t=1364.7s remaining=855
    iter=1146 E=-2.1065073239 nfev=1152 t=1365.8s remaining=854
    iter=1147 E=-2.1065079931 nfev=1153 t=1366.9s remaining=853
    iter=1148 E=-2.1065086346 nfev=1154 t=1368.1s remaining=852
    iter=1149 E=-2.1065092139 nfev=1155 t=1369.2s remaining=851
    iter=1150 E=-2.1065096835 nfev=1156 t=1370.2s remaining=850
    iter=1151 E=-2.1065101830 nfev=1157 t=1371.3s remaining=849
    iter=1152 E=-2.1065105813 nfev=1158 t=1372.4s remaining=848
    iter=1153 E=-2.1065109110 nfev=1159 t=1373.5s remaining=847
    iter=1154 E=-2.1065111332 nfev=1160 t=1374.6s remaining=846
    iter=1155 E=-2.1065112904 nfev=1161 t=1375.7s remaining=845
    iter=1156 E=-2.1065114445 nfev=1162 t=1376.8s remaining=844
    iter=1157 E=-2.1065116124 nfev=1163 t=1377.9s remaining=843
    iter=1158 E=-2.1065118132 nfev=1164 t=1378.9s remaining=842
    iter=1159 E=-2.1065120837 nfev=1165 t=1380.0s remaining=841
    iter=1160 E=-2.1065124987 nfev=1166 t=1381.1s remaining=840
    iter=1161 E=-2.1065131480 nfev=1167 t=1382.2s remaining=839
    iter=1162 E=-2.1065141531 nfev=1168 t=1383.3s remaining=838
    iter=1163 E=-2.1065154906 nfev=1169 t=1384.4s remaining=837
    iter=1164 E=-2.1065165169 nfev=1170 t=1385.5s remaining=836
    iter=1165 E=-2.1065173013 nfev=1171 t=1386.6s remaining=835
    iter=1166 E=-2.1065177572 nfev=1172 t=1387.7s remaining=834
    iter=1167 E=-2.1065180315 nfev=1173 t=1388.8s remaining=833
    iter=1168 E=-2.1065182308 nfev=1174 t=1390.0s remaining=832
    iter=1169 E=-2.1065183933 nfev=1175 t=1391.0s remaining=831
    iter=1170 E=-2.1065185343 nfev=1176 t=1392.2s remaining=830
    iter=1171 E=-2.1065186739 nfev=1177 t=1393.5s remaining=829
    iter=1172 E=-2.1065188093 nfev=1178 t=1394.6s remaining=828
    iter=1173 E=-2.1065189270 nfev=1179 t=1395.8s remaining=827
    iter=1174 E=-2.1065190606 nfev=1180 t=1397.2s remaining=826
    iter=1175 E=-2.1065192573 nfev=1181 t=1398.9s remaining=825
    iter=1176 E=-2.1065195476 nfev=1182 t=1400.4s remaining=824
    iter=1177 E=-2.1065199487 nfev=1183 t=1401.9s remaining=823
    iter=1178 E=-2.1065204349 nfev=1184 t=1403.2s remaining=822
    iter=1179 E=-2.1065210472 nfev=1185 t=1404.7s remaining=821
    iter=1180 E=-2.1065217415 nfev=1186 t=1406.3s remaining=820
    iter=1181 E=-2.1065224402 nfev=1187 t=1407.7s remaining=819
    iter=1182 E=-2.1065231910 nfev=1188 t=1409.0s remaining=818
    iter=1183 E=-2.1065239439 nfev=1189 t=1410.2s remaining=817
    iter=1184 E=-2.1065244607 nfev=1190 t=1411.3s remaining=816
    iter=1185 E=-2.1065248126 nfev=1191 t=1412.5s remaining=815
    iter=1186 E=-2.1065250373 nfev=1192 t=1413.8s remaining=814
    iter=1187 E=-2.1065251939 nfev=1193 t=1415.1s remaining=813
    iter=1188 E=-2.1065253241 nfev=1194 t=1416.2s remaining=812
    iter=1189 E=-2.1065254413 nfev=1195 t=1417.4s remaining=811
    iter=1190 E=-2.1065255717 nfev=1196 t=1418.5s remaining=810
    iter=1191 E=-2.1065257284 nfev=1197 t=1419.6s remaining=809
    iter=1192 E=-2.1065259125 nfev=1198 t=1420.7s remaining=808
    iter=1193 E=-2.1065261623 nfev=1199 t=1421.8s remaining=807
    iter=1194 E=-2.1065264704 nfev=1200 t=1422.9s remaining=806
    iter=1195 E=-2.1065267760 nfev=1201 t=1424.0s remaining=805
    iter=1196 E=-2.1065271444 nfev=1202 t=1425.1s remaining=804
    iter=1197 E=-2.1065275457 nfev=1203 t=1426.3s remaining=803
    iter=1198 E=-2.1065279794 nfev=1204 t=1427.4s remaining=802
    iter=1199 E=-2.1065284799 nfev=1205 t=1428.5s remaining=801
    iter=1200 E=-2.1065290744 nfev=1206 t=1429.6s remaining=800
    iter=1201 E=-2.1065297420 nfev=1207 t=1430.7s remaining=799
    iter=1202 E=-2.1065303695 nfev=1208 t=1431.8s remaining=798
    iter=1203 E=-2.1065309109 nfev=1209 t=1432.8s remaining=797
    iter=1204 E=-2.1065313454 nfev=1210 t=1433.9s remaining=796
    iter=1205 E=-2.1065316596 nfev=1211 t=1435.0s remaining=795
    iter=1206 E=-2.1065318944 nfev=1212 t=1436.2s remaining=794
    iter=1207 E=-2.1065320940 nfev=1213 t=1437.4s remaining=793
    iter=1208 E=-2.1065322377 nfev=1214 t=1438.5s remaining=792
    iter=1209 E=-2.1065323748 nfev=1215 t=1439.8s remaining=791
    iter=1210 E=-2.1065325329 nfev=1216 t=1441.2s remaining=790
    iter=1211 E=-2.1065327292 nfev=1217 t=1442.3s remaining=789
    iter=1212 E=-2.1065329358 nfev=1218 t=1443.4s remaining=788
    iter=1213 E=-2.1065332178 nfev=1219 t=1444.4s remaining=787
    iter=1214 E=-2.1065335543 nfev=1220 t=1445.6s remaining=786
    iter=1215 E=-2.1065339312 nfev=1221 t=1446.6s remaining=785
    iter=1216 E=-2.1065343893 nfev=1222 t=1447.7s remaining=784
    iter=1217 E=-2.1065349203 nfev=1223 t=1448.8s remaining=783
    iter=1218 E=-2.1065354819 nfev=1224 t=1449.9s remaining=782
    iter=1219 E=-2.1065359882 nfev=1225 t=1451.0s remaining=781
    iter=1220 E=-2.1065362933 nfev=1226 t=1452.1s remaining=780
    iter=1221 E=-2.1065365171 nfev=1227 t=1453.2s remaining=779
    iter=1222 E=-2.1065366892 nfev=1228 t=1454.3s remaining=778
    iter=1223 E=-2.1065368244 nfev=1229 t=1455.4s remaining=777
    iter=1224 E=-2.1065369286 nfev=1230 t=1456.5s remaining=776
    iter=1225 E=-2.1065370296 nfev=1231 t=1457.7s remaining=775
    iter=1226 E=-2.1065371368 nfev=1232 t=1458.9s remaining=774
    iter=1227 E=-2.1065372467 nfev=1233 t=1460.2s remaining=773
    iter=1228 E=-2.1065373663 nfev=1234 t=1461.3s remaining=772
    iter=1229 E=-2.1065375217 nfev=1235 t=1462.8s remaining=771
    iter=1230 E=-2.1065377203 nfev=1236 t=1464.2s remaining=770
    iter=1231 E=-2.1065380022 nfev=1237 t=1465.5s remaining=769
    iter=1232 E=-2.1065383864 nfev=1238 t=1466.8s remaining=768
    iter=1233 E=-2.1065388215 nfev=1239 t=1467.9s remaining=767
    iter=1234 E=-2.1065393256 nfev=1240 t=1469.0s remaining=766
    iter=1235 E=-2.1065400155 nfev=1241 t=1470.1s remaining=765
    iter=1236 E=-2.1065407432 nfev=1242 t=1471.3s remaining=764
    iter=1237 E=-2.1065413092 nfev=1243 t=1472.4s remaining=763
    iter=1238 E=-2.1065417498 nfev=1244 t=1473.5s remaining=762
    iter=1239 E=-2.1065421381 nfev=1245 t=1474.6s remaining=761
    iter=1240 E=-2.1065424535 nfev=1246 t=1475.7s remaining=760
    iter=1241 E=-2.1065426753 nfev=1247 t=1476.9s remaining=759
    iter=1242 E=-2.1065428510 nfev=1248 t=1478.2s remaining=758
    iter=1243 E=-2.1065429806 nfev=1249 t=1479.3s remaining=757
    iter=1244 E=-2.1065431106 nfev=1250 t=1480.3s remaining=756
    iter=1245 E=-2.1065432156 nfev=1251 t=1481.4s remaining=755
    iter=1246 E=-2.1065433194 nfev=1252 t=1482.6s remaining=754
    iter=1247 E=-2.1065434623 nfev=1253 t=1483.7s remaining=753
    iter=1248 E=-2.1065436451 nfev=1254 t=1484.7s remaining=752
    iter=1249 E=-2.1065439267 nfev=1255 t=1485.8s remaining=751
    iter=1250 E=-2.1065443169 nfev=1256 t=1486.9s remaining=750
    iter=1251 E=-2.1065446765 nfev=1257 t=1488.0s remaining=749
    iter=1252 E=-2.1065450381 nfev=1258 t=1489.1s remaining=748
    iter=1253 E=-2.1065454655 nfev=1259 t=1490.1s remaining=747
    iter=1254 E=-2.1065459440 nfev=1260 t=1491.3s remaining=746
    iter=1255 E=-2.1065463973 nfev=1261 t=1492.3s remaining=745
    iter=1256 E=-2.1065468466 nfev=1262 t=1493.5s remaining=744
    iter=1257 E=-2.1065471842 nfev=1263 t=1494.7s remaining=743
    iter=1258 E=-2.1065474353 nfev=1264 t=1495.8s remaining=742
    iter=1259 E=-2.1065476495 nfev=1265 t=1497.0s remaining=741
    iter=1260 E=-2.1065478126 nfev=1266 t=1498.1s remaining=740
    iter=1261 E=-2.1065479377 nfev=1267 t=1499.2s remaining=739
    iter=1262 E=-2.1065480425 nfev=1268 t=1500.4s remaining=738
    iter=1263 E=-2.1065481392 nfev=1269 t=1501.6s remaining=737
    iter=1264 E=-2.1065482417 nfev=1270 t=1502.7s remaining=736
    iter=1265 E=-2.1065483752 nfev=1271 t=1503.8s remaining=735
    iter=1266 E=-2.1065485424 nfev=1272 t=1505.0s remaining=734
    iter=1267 E=-2.1065487397 nfev=1273 t=1506.6s remaining=733
    iter=1268 E=-2.1065489561 nfev=1274 t=1507.7s remaining=732
    iter=1269 E=-2.1065492096 nfev=1275 t=1508.7s remaining=731
    iter=1270 E=-2.1065495331 nfev=1276 t=1509.8s remaining=730
    iter=1271 E=-2.1065499442 nfev=1277 t=1510.9s remaining=729
    iter=1272 E=-2.1065504563 nfev=1278 t=1511.9s remaining=728
    iter=1273 E=-2.1065510443 nfev=1279 t=1513.0s remaining=727
    iter=1274 E=-2.1065516403 nfev=1280 t=1514.0s remaining=726
    iter=1275 E=-2.1065521712 nfev=1281 t=1515.1s remaining=725
    iter=1276 E=-2.1065525848 nfev=1282 t=1516.2s remaining=724
    iter=1277 E=-2.1065528660 nfev=1283 t=1517.6s remaining=723
    iter=1278 E=-2.1065530931 nfev=1284 t=1518.7s remaining=722
    iter=1279 E=-2.1065532870 nfev=1285 t=1519.9s remaining=721
    iter=1280 E=-2.1065534367 nfev=1286 t=1520.9s remaining=720
    iter=1281 E=-2.1065535994 nfev=1287 t=1522.0s remaining=719
    iter=1282 E=-2.1065537373 nfev=1288 t=1523.1s remaining=718
    iter=1283 E=-2.1065538314 nfev=1289 t=1524.1s remaining=717
    iter=1284 E=-2.1065539632 nfev=1290 t=1525.2s remaining=716
    iter=1285 E=-2.1065541557 nfev=1291 t=1526.3s remaining=715
    iter=1286 E=-2.1065544255 nfev=1292 t=1527.4s remaining=714
    iter=1287 E=-2.1065547606 nfev=1293 t=1528.7s remaining=713
    iter=1288 E=-2.1065552243 nfev=1294 t=1530.0s remaining=712
    iter=1289 E=-2.1065558281 nfev=1295 t=1531.0s remaining=711
    iter=1290 E=-2.1065565644 nfev=1296 t=1532.1s remaining=710
    iter=1291 E=-2.1065573601 nfev=1297 t=1533.2s remaining=709
    iter=1292 E=-2.1065580224 nfev=1298 t=1534.5s remaining=708
    iter=1293 E=-2.1065585539 nfev=1299 t=1535.6s remaining=707
    iter=1294 E=-2.1065589290 nfev=1300 t=1536.7s remaining=706
    iter=1295 E=-2.1065591897 nfev=1301 t=1537.7s remaining=705
    iter=1296 E=-2.1065593528 nfev=1302 t=1538.8s remaining=704
    iter=1297 E=-2.1065594725 nfev=1303 t=1539.8s remaining=703
    iter=1298 E=-2.1065595688 nfev=1304 t=1540.9s remaining=702
    iter=1299 E=-2.1065596842 nfev=1305 t=1541.9s remaining=701
    iter=1300 E=-2.1065598142 nfev=1306 t=1543.1s remaining=700
    iter=1301 E=-2.1065599898 nfev=1307 t=1544.3s remaining=699
    iter=1302 E=-2.1065602282 nfev=1308 t=1545.5s remaining=698
    iter=1303 E=-2.1065605494 nfev=1309 t=1546.6s remaining=697
    iter=1304 E=-2.1065609647 nfev=1310 t=1547.6s remaining=696
    iter=1305 E=-2.1065614259 nfev=1311 t=1548.7s remaining=695
    iter=1306 E=-2.1065619839 nfev=1312 t=1549.7s remaining=694
    iter=1307 E=-2.1065626551 nfev=1313 t=1550.8s remaining=693
    iter=1308 E=-2.1065634185 nfev=1314 t=1551.9s remaining=692
    iter=1309 E=-2.1065641287 nfev=1315 t=1552.9s remaining=691
    iter=1310 E=-2.1065646536 nfev=1316 t=1554.0s remaining=690
    iter=1311 E=-2.1065649589 nfev=1317 t=1555.1s remaining=689
    iter=1312 E=-2.1065651826 nfev=1318 t=1556.1s remaining=688
    iter=1313 E=-2.1065653310 nfev=1319 t=1557.2s remaining=687
    iter=1314 E=-2.1065654554 nfev=1320 t=1558.3s remaining=686
    iter=1315 E=-2.1065655505 nfev=1321 t=1559.5s remaining=685
    iter=1316 E=-2.1065656731 nfev=1322 t=1560.8s remaining=684
    iter=1317 E=-2.1065658279 nfev=1323 t=1562.0s remaining=683
    iter=1318 E=-2.1065660223 nfev=1324 t=1563.1s remaining=682
    iter=1319 E=-2.1065663265 nfev=1325 t=1564.3s remaining=681
    iter=1320 E=-2.1065668299 nfev=1326 t=1565.5s remaining=680
    iter=1321 E=-2.1065676357 nfev=1327 t=1566.5s remaining=679
    iter=1322 E=-2.1065687741 nfev=1328 t=1567.6s remaining=678
    iter=1323 E=-2.1065698077 nfev=1329 t=1568.7s remaining=677
    iter=1324 E=-2.1065707513 nfev=1330 t=1569.8s remaining=676
    iter=1325 E=-2.1065714991 nfev=1331 t=1570.9s remaining=675
    iter=1326 E=-2.1065718841 nfev=1332 t=1571.9s remaining=674
    iter=1327 E=-2.1065720840 nfev=1333 t=1573.1s remaining=673
    iter=1328 E=-2.1065722915 nfev=1334 t=1574.1s remaining=672
    iter=1329 E=-2.1065724602 nfev=1335 t=1575.2s remaining=671
    iter=1330 E=-2.1065726078 nfev=1336 t=1576.3s remaining=670
    iter=1331 E=-2.1065727234 nfev=1337 t=1577.3s remaining=669
    iter=1332 E=-2.1065728865 nfev=1338 t=1578.4s remaining=668
    iter=1333 E=-2.1065731337 nfev=1339 t=1579.7s remaining=667
    iter=1334 E=-2.1065734550 nfev=1340 t=1580.9s remaining=666
    iter=1335 E=-2.1065737337 nfev=1341 t=1581.9s remaining=665
    iter=1336 E=-2.1065741106 nfev=1342 t=1583.0s remaining=664
    iter=1337 E=-2.1065746358 nfev=1343 t=1584.2s remaining=663
    iter=1338 E=-2.1065752517 nfev=1344 t=1585.3s remaining=662
    iter=1339 E=-2.1065758806 nfev=1345 t=1586.4s remaining=661
    iter=1340 E=-2.1065766194 nfev=1346 t=1587.5s remaining=660
    iter=1341 E=-2.1065775443 nfev=1347 t=1588.8s remaining=659
    iter=1342 E=-2.1065781737 nfev=1348 t=1590.0s remaining=658
    iter=1343 E=-2.1065788401 nfev=1349 t=1591.1s remaining=657
    iter=1344 E=-2.1065793766 nfev=1350 t=1592.3s remaining=656
    iter=1345 E=-2.1065798302 nfev=1351 t=1593.4s remaining=655
    iter=1346 E=-2.1065800381 nfev=1352 t=1594.6s remaining=654
    iter=1347 E=-2.1065801853 nfev=1353 t=1595.7s remaining=653
    iter=1348 E=-2.1065803128 nfev=1354 t=1596.8s remaining=652
    iter=1349 E=-2.1065804536 nfev=1355 t=1597.8s remaining=651
    iter=1350 E=-2.1065805936 nfev=1356 t=1599.1s remaining=650
    iter=1351 E=-2.1065807462 nfev=1357 t=1600.4s remaining=649
    iter=1352 E=-2.1065809387 nfev=1358 t=1601.6s remaining=648
    iter=1353 E=-2.1065812000 nfev=1359 t=1602.8s remaining=647
    iter=1354 E=-2.1065815781 nfev=1360 t=1604.0s remaining=646
    iter=1355 E=-2.1065821012 nfev=1361 t=1605.2s remaining=645
    iter=1356 E=-2.1065827642 nfev=1362 t=1606.5s remaining=644
    iter=1357 E=-2.1065834578 nfev=1363 t=1607.7s remaining=643
    iter=1358 E=-2.1065841116 nfev=1364 t=1608.8s remaining=642
    iter=1359 E=-2.1065847021 nfev=1365 t=1610.0s remaining=641
    iter=1360 E=-2.1065852730 nfev=1366 t=1611.2s remaining=640
    iter=1361 E=-2.1065858411 nfev=1367 t=1612.5s remaining=639
    iter=1362 E=-2.1065864761 nfev=1368 t=1613.8s remaining=638
    iter=1363 E=-2.1065872120 nfev=1369 t=1614.9s remaining=637
    iter=1364 E=-2.1065878820 nfev=1370 t=1616.0s remaining=636
    iter=1365 E=-2.1065885947 nfev=1371 t=1617.2s remaining=635
    iter=1366 E=-2.1065892316 nfev=1372 t=1618.5s remaining=634
    iter=1367 E=-2.1065894960 nfev=1373 t=1619.7s remaining=633
    iter=1368 E=-2.1065898277 nfev=1374 t=1620.9s remaining=632
    iter=1369 E=-2.1065900742 nfev=1375 t=1622.1s remaining=631
    iter=1370 E=-2.1065903310 nfev=1376 t=1623.2s remaining=630
    iter=1371 E=-2.1065905972 nfev=1377 t=1624.4s remaining=629
    iter=1372 E=-2.1065908052 nfev=1378 t=1625.5s remaining=628
    iter=1373 E=-2.1065909990 nfev=1379 t=1626.8s remaining=627
    iter=1374 E=-2.1065912151 nfev=1380 t=1628.0s remaining=626
    iter=1375 E=-2.1065914782 nfev=1381 t=1629.3s remaining=625
    iter=1376 E=-2.1065917432 nfev=1382 t=1630.4s remaining=624
    iter=1377 E=-2.1065920180 nfev=1383 t=1631.4s remaining=623
    iter=1378 E=-2.1065923930 nfev=1384 t=1632.5s remaining=622
    iter=1379 E=-2.1065929399 nfev=1385 t=1633.6s remaining=621
    iter=1380 E=-2.1065935869 nfev=1386 t=1634.7s remaining=620
    iter=1381 E=-2.1065943339 nfev=1387 t=1635.9s remaining=619
    iter=1382 E=-2.1065950979 nfev=1388 t=1637.1s remaining=618
    iter=1383 E=-2.1065959453 nfev=1389 t=1638.3s remaining=617
    iter=1384 E=-2.1065964099 nfev=1390 t=1639.7s remaining=616
    iter=1385 E=-2.1065969498 nfev=1391 t=1641.0s remaining=615
    iter=1386 E=-2.1065975144 nfev=1392 t=1642.2s remaining=614
    iter=1387 E=-2.1065979577 nfev=1393 t=1643.5s remaining=613
    iter=1388 E=-2.1065983207 nfev=1394 t=1644.8s remaining=612
    iter=1389 E=-2.1065985612 nfev=1395 t=1646.2s remaining=611
    iter=1390 E=-2.1065987786 nfev=1396 t=1647.5s remaining=610
    iter=1391 E=-2.1065990686 nfev=1397 t=1648.8s remaining=609
    iter=1392 E=-2.1065993526 nfev=1398 t=1650.2s remaining=608
    iter=1393 E=-2.1065995459 nfev=1399 t=1651.4s remaining=607
    iter=1394 E=-2.1065997393 nfev=1400 t=1652.8s remaining=606
    iter=1395 E=-2.1065999484 nfev=1401 t=1654.0s remaining=605
    iter=1396 E=-2.1066001902 nfev=1402 t=1655.3s remaining=604
    iter=1397 E=-2.1066005171 nfev=1403 t=1656.4s remaining=603
    iter=1398 E=-2.1066008687 nfev=1404 t=1657.5s remaining=602
    iter=1399 E=-2.1066012142 nfev=1405 t=1658.8s remaining=601
    iter=1400 E=-2.1066016256 nfev=1406 t=1659.9s remaining=600
    iter=1401 E=-2.1066021474 nfev=1407 t=1660.9s remaining=599
    iter=1402 E=-2.1066026963 nfev=1408 t=1662.1s remaining=598
    iter=1403 E=-2.1066034659 nfev=1409 t=1663.1s remaining=597
    iter=1404 E=-2.1066044934 nfev=1410 t=1664.3s remaining=596
    iter=1405 E=-2.1066054933 nfev=1411 t=1665.3s remaining=595
    iter=1406 E=-2.1066063008 nfev=1412 t=1666.4s remaining=594
    iter=1407 E=-2.1066072260 nfev=1413 t=1667.4s remaining=593
    iter=1408 E=-2.1066079954 nfev=1414 t=1668.5s remaining=592
    iter=1409 E=-2.1066084174 nfev=1415 t=1669.6s remaining=591
    iter=1410 E=-2.1066088913 nfev=1416 t=1670.8s remaining=590
    iter=1411 E=-2.1066092386 nfev=1417 t=1672.0s remaining=589
    iter=1412 E=-2.1066095002 nfev=1418 t=1673.1s remaining=588
    iter=1413 E=-2.1066097807 nfev=1419 t=1674.2s remaining=587
    iter=1414 E=-2.1066100000 nfev=1420 t=1675.4s remaining=586
    iter=1415 E=-2.1066102442 nfev=1421 t=1676.4s remaining=585
    iter=1416 E=-2.1066104158 nfev=1422 t=1677.6s remaining=584
    iter=1417 E=-2.1066106365 nfev=1423 t=1678.7s remaining=583
    iter=1418 E=-2.1066109285 nfev=1424 t=1680.0s remaining=582
    iter=1419 E=-2.1066112682 nfev=1425 t=1681.2s remaining=581
    iter=1420 E=-2.1066116653 nfev=1426 t=1682.4s remaining=580
    iter=1421 E=-2.1066121797 nfev=1427 t=1683.5s remaining=579
    iter=1422 E=-2.1066127864 nfev=1428 t=1684.6s remaining=578
    iter=1423 E=-2.1066132809 nfev=1429 t=1685.8s remaining=577
    iter=1424 E=-2.1066138991 nfev=1430 t=1686.9s remaining=576
    iter=1425 E=-2.1066146312 nfev=1431 t=1688.0s remaining=575
    iter=1426 E=-2.1066152108 nfev=1432 t=1689.2s remaining=574
    iter=1427 E=-2.1066156301 nfev=1433 t=1690.3s remaining=573
    iter=1428 E=-2.1066161946 nfev=1434 t=1691.4s remaining=572
    iter=1429 E=-2.1066168559 nfev=1435 t=1692.5s remaining=571
    iter=1430 E=-2.1066174069 nfev=1436 t=1693.6s remaining=570
    iter=1431 E=-2.1066179005 nfev=1437 t=1694.7s remaining=569
    iter=1432 E=-2.1066182810 nfev=1438 t=1696.1s remaining=568
    iter=1433 E=-2.1066185197 nfev=1439 t=1697.2s remaining=567
    iter=1434 E=-2.1066188230 nfev=1440 t=1698.3s remaining=566
    iter=1435 E=-2.1066190842 nfev=1441 t=1699.5s remaining=565
    iter=1436 E=-2.1066192785 nfev=1442 t=1700.7s remaining=564
    iter=1437 E=-2.1066194739 nfev=1443 t=1701.7s remaining=563
    iter=1438 E=-2.1066196732 nfev=1444 t=1702.8s remaining=562
    iter=1439 E=-2.1066198445 nfev=1445 t=1704.0s remaining=561
    iter=1440 E=-2.1066200024 nfev=1446 t=1705.2s remaining=560
    iter=1441 E=-2.1066201969 nfev=1447 t=1706.4s remaining=559
    iter=1442 E=-2.1066204607 nfev=1448 t=1707.6s remaining=558
    iter=1443 E=-2.1066207971 nfev=1449 t=1708.7s remaining=557
    iter=1444 E=-2.1066212291 nfev=1450 t=1709.8s remaining=556
    iter=1445 E=-2.1066217546 nfev=1451 t=1711.2s remaining=555
    iter=1446 E=-2.1066223004 nfev=1452 t=1712.4s remaining=554
    iter=1447 E=-2.1066229211 nfev=1453 t=1713.6s remaining=553
    iter=1448 E=-2.1066237191 nfev=1454 t=1714.7s remaining=552
    iter=1449 E=-2.1066246079 nfev=1455 t=1715.8s remaining=551
    iter=1450 E=-2.1066253042 nfev=1456 t=1717.0s remaining=550
    iter=1451 E=-2.1066259159 nfev=1457 t=1718.2s remaining=549
    iter=1452 E=-2.1066264876 nfev=1458 t=1719.3s remaining=548
    iter=1453 E=-2.1066269106 nfev=1459 t=1720.6s remaining=547
    iter=1454 E=-2.1066272257 nfev=1460 t=1721.8s remaining=546
    iter=1455 E=-2.1066274794 nfev=1461 t=1723.0s remaining=545
    iter=1456 E=-2.1066277461 nfev=1462 t=1724.2s remaining=544
    iter=1457 E=-2.1066279399 nfev=1463 t=1725.3s remaining=543
    iter=1458 E=-2.1066281716 nfev=1464 t=1726.5s remaining=542
    iter=1459 E=-2.1066283684 nfev=1465 t=1727.6s remaining=541
    iter=1460 E=-2.1066286034 nfev=1466 t=1728.7s remaining=540
    iter=1461 E=-2.1066288806 nfev=1467 t=1729.8s remaining=539
    iter=1462 E=-2.1066291786 nfev=1468 t=1731.0s remaining=538
    iter=1463 E=-2.1066294365 nfev=1469 t=1732.1s remaining=537
    iter=1464 E=-2.1066296844 nfev=1470 t=1733.3s remaining=536
    iter=1465 E=-2.1066299004 nfev=1471 t=1734.4s remaining=535
    iter=1466 E=-2.1066300801 nfev=1472 t=1735.6s remaining=534
    iter=1467 E=-2.1066302485 nfev=1473 t=1736.7s remaining=533
    iter=1468 E=-2.1066304395 nfev=1474 t=1737.9s remaining=532
    iter=1469 E=-2.1066306551 nfev=1475 t=1739.0s remaining=531
    iter=1470 E=-2.1066309257 nfev=1476 t=1740.1s remaining=530
    iter=1471 E=-2.1066312550 nfev=1477 t=1741.3s remaining=529
    iter=1472 E=-2.1066315749 nfev=1478 t=1742.5s remaining=528
    iter=1473 E=-2.1066319033 nfev=1479 t=1743.6s remaining=527
    iter=1474 E=-2.1066321956 nfev=1480 t=1744.8s remaining=526
    iter=1475 E=-2.1066325022 nfev=1481 t=1746.0s remaining=525
    iter=1476 E=-2.1066328287 nfev=1482 t=1747.1s remaining=524
    iter=1477 E=-2.1066332266 nfev=1483 t=1748.5s remaining=523
    iter=1478 E=-2.1066336422 nfev=1484 t=1749.7s remaining=522
    iter=1479 E=-2.1066341041 nfev=1485 t=1750.8s remaining=521
    iter=1480 E=-2.1066346193 nfev=1486 t=1752.1s remaining=520
    iter=1481 E=-2.1066351335 nfev=1487 t=1753.2s remaining=519
    iter=1482 E=-2.1066356162 nfev=1488 t=1754.4s remaining=518
    iter=1483 E=-2.1066361138 nfev=1489 t=1755.6s remaining=517
    iter=1484 E=-2.1066366352 nfev=1490 t=1756.9s remaining=516
    iter=1485 E=-2.1066371845 nfev=1491 t=1758.0s remaining=515
    iter=1486 E=-2.1066377039 nfev=1492 t=1759.1s remaining=514
    iter=1487 E=-2.1066381117 nfev=1493 t=1760.2s remaining=513
    iter=1488 E=-2.1066384550 nfev=1494 t=1761.3s remaining=512
    iter=1489 E=-2.1066387800 nfev=1495 t=1762.4s remaining=511
    iter=1490 E=-2.1066390712 nfev=1496 t=1763.5s remaining=510
    iter=1491 E=-2.1066393155 nfev=1497 t=1764.6s remaining=509
    iter=1492 E=-2.1066395456 nfev=1498 t=1765.7s remaining=508
    iter=1493 E=-2.1066398039 nfev=1499 t=1766.8s remaining=507
    iter=1494 E=-2.1066400562 nfev=1500 t=1767.9s remaining=506
    iter=1495 E=-2.1066403169 nfev=1501 t=1768.9s remaining=505
    iter=1496 E=-2.1066405679 nfev=1502 t=1770.0s remaining=504
    iter=1497 E=-2.1066408135 nfev=1503 t=1771.0s remaining=503
    iter=1498 E=-2.1066410488 nfev=1504 t=1772.0s remaining=502
    iter=1499 E=-2.1066413038 nfev=1505 t=1773.2s remaining=501
    iter=1500 E=-2.1066416062 nfev=1506 t=1774.5s remaining=500
    iter=1501 E=-2.1066418509 nfev=1507 t=1775.6s remaining=499
    iter=1502 E=-2.1066421149 nfev=1508 t=1776.7s remaining=498
    iter=1503 E=-2.1066423923 nfev=1509 t=1778.0s remaining=497
    iter=1504 E=-2.1066427173 nfev=1510 t=1779.2s remaining=496
    iter=1505 E=-2.1066431133 nfev=1511 t=1780.3s remaining=495
    iter=1506 E=-2.1066435502 nfev=1512 t=1781.3s remaining=494
    iter=1507 E=-2.1066439515 nfev=1513 t=1782.4s remaining=493
    iter=1508 E=-2.1066443361 nfev=1514 t=1783.5s remaining=492
    iter=1509 E=-2.1066446832 nfev=1515 t=1784.6s remaining=491
    iter=1510 E=-2.1066450181 nfev=1516 t=1785.6s remaining=490
    iter=1511 E=-2.1066453923 nfev=1517 t=1786.7s remaining=489
    iter=1512 E=-2.1066457456 nfev=1518 t=1788.0s remaining=488
    iter=1513 E=-2.1066460550 nfev=1519 t=1789.0s remaining=487
    iter=1514 E=-2.1066462440 nfev=1520 t=1790.0s remaining=486
    iter=1515 E=-2.1066462998 nfev=1521 t=1791.0s remaining=485
    iter=1516 E=-2.1066463966 nfev=1522 t=1792.2s remaining=484
    iter=1517 E=-2.1066465338 nfev=1523 t=1793.3s remaining=483
    iter=1518 E=-2.1066466336 nfev=1524 t=1794.3s remaining=482
    iter=1519 E=-2.1066467162 nfev=1525 t=1795.4s remaining=481
    iter=1520 E=-2.1066468367 nfev=1526 t=1796.5s remaining=480
    iter=1521 E=-2.1066469911 nfev=1527 t=1797.9s remaining=479
    iter=1522 E=-2.1066471417 nfev=1528 t=1799.0s remaining=478
    iter=1523 E=-2.1066473241 nfev=1529 t=1800.0s remaining=477
    iter=1524 E=-2.1066475789 nfev=1530 t=1801.2s remaining=476
    iter=1525 E=-2.1066478794 nfev=1531 t=1802.2s remaining=475
    iter=1526 E=-2.1066482427 nfev=1532 t=1803.3s remaining=474
    iter=1527 E=-2.1066486777 nfev=1533 t=1804.3s remaining=473
    iter=1528 E=-2.1066491372 nfev=1534 t=1805.4s remaining=472
    iter=1529 E=-2.1066496125 nfev=1535 t=1806.4s remaining=471
    iter=1530 E=-2.1066500969 nfev=1536 t=1807.5s remaining=470
    iter=1531 E=-2.1066505273 nfev=1537 t=1808.5s remaining=469
    iter=1532 E=-2.1066508172 nfev=1538 t=1809.5s remaining=468
    iter=1533 E=-2.1066510527 nfev=1539 t=1810.5s remaining=467
    iter=1534 E=-2.1066512857 nfev=1540 t=1811.6s remaining=466
    iter=1535 E=-2.1066515155 nfev=1541 t=1812.7s remaining=465
    iter=1536 E=-2.1066517098 nfev=1542 t=1813.7s remaining=464
    iter=1537 E=-2.1066518569 nfev=1543 t=1814.8s remaining=463
    iter=1538 E=-2.1066519772 nfev=1544 t=1815.8s remaining=462
    iter=1539 E=-2.1066520910 nfev=1545 t=1816.8s remaining=461
    iter=1540 E=-2.1066521761 nfev=1546 t=1817.9s remaining=460
    iter=1541 E=-2.1066522607 nfev=1547 t=1819.0s remaining=459
    iter=1542 E=-2.1066523784 nfev=1548 t=1820.1s remaining=458
    iter=1543 E=-2.1066525195 nfev=1549 t=1821.2s remaining=457
    iter=1544 E=-2.1066527043 nfev=1550 t=1822.5s remaining=456
    iter=1545 E=-2.1066529372 nfev=1551 t=1823.6s remaining=455
    iter=1546 E=-2.1066532519 nfev=1552 t=1824.7s remaining=454
    iter=1547 E=-2.1066536650 nfev=1553 t=1825.7s remaining=453
    iter=1548 E=-2.1066541792 nfev=1554 t=1826.8s remaining=452
    iter=1549 E=-2.1066546976 nfev=1555 t=1827.9s remaining=451
    iter=1550 E=-2.1066551493 nfev=1556 t=1828.9s remaining=450
    iter=1551 E=-2.1066554701 nfev=1557 t=1830.1s remaining=449
    iter=1552 E=-2.1066557395 nfev=1558 t=1831.2s remaining=448
    iter=1553 E=-2.1066559683 nfev=1559 t=1832.4s remaining=447
    iter=1554 E=-2.1066561706 nfev=1560 t=1833.6s remaining=446
    iter=1555 E=-2.1066563268 nfev=1561 t=1834.7s remaining=445
    iter=1556 E=-2.1066564623 nfev=1562 t=1836.2s remaining=444
    iter=1557 E=-2.1066565634 nfev=1563 t=1837.2s remaining=443
    iter=1558 E=-2.1066566728 nfev=1564 t=1838.3s remaining=442
    iter=1559 E=-2.1066568257 nfev=1565 t=1839.5s remaining=441
    iter=1560 E=-2.1066570067 nfev=1566 t=1840.8s remaining=440
    iter=1561 E=-2.1066572215 nfev=1567 t=1841.9s remaining=439
    iter=1562 E=-2.1066574748 nfev=1568 t=1842.9s remaining=438
    iter=1563 E=-2.1066577119 nfev=1569 t=1844.0s remaining=437
    iter=1564 E=-2.1066579170 nfev=1570 t=1845.1s remaining=436
    iter=1565 E=-2.1066581322 nfev=1571 t=1846.3s remaining=435
    iter=1566 E=-2.1066583827 nfev=1572 t=1847.6s remaining=434
    iter=1567 E=-2.1066586377 nfev=1573 t=1848.9s remaining=433
    iter=1568 E=-2.1066589287 nfev=1574 t=1850.0s remaining=432
    iter=1569 E=-2.1066591451 nfev=1575 t=1851.1s remaining=431
    iter=1570 E=-2.1066593953 nfev=1576 t=1852.2s remaining=430
    iter=1571 E=-2.1066596798 nfev=1577 t=1853.2s remaining=429
    iter=1572 E=-2.1066600761 nfev=1578 t=1854.3s remaining=428
    iter=1573 E=-2.1066605345 nfev=1579 t=1855.3s remaining=427
    iter=1574 E=-2.1066609189 nfev=1580 t=1856.4s remaining=426
    iter=1575 E=-2.1066613242 nfev=1581 t=1857.6s remaining=425
    iter=1576 E=-2.1066616474 nfev=1582 t=1858.9s remaining=424
    iter=1577 E=-2.1066619375 nfev=1583 t=1860.2s remaining=423
    iter=1578 E=-2.1066622542 nfev=1584 t=1861.3s remaining=422
    iter=1579 E=-2.1066625386 nfev=1585 t=1862.6s remaining=421
    iter=1580 E=-2.1066627909 nfev=1586 t=1863.7s remaining=420
    iter=1581 E=-2.1066629807 nfev=1587 t=1864.9s remaining=419
    iter=1582 E=-2.1066631362 nfev=1588 t=1865.9s remaining=418
    iter=1583 E=-2.1066632816 nfev=1589 t=1867.0s remaining=417
    iter=1584 E=-2.1066634217 nfev=1590 t=1868.1s remaining=416
    iter=1585 E=-2.1066636186 nfev=1591 t=1869.4s remaining=415
    iter=1586 E=-2.1066638179 nfev=1592 t=1870.6s remaining=414
    iter=1587 E=-2.1066639833 nfev=1593 t=1871.8s remaining=413
    iter=1588 E=-2.1066641591 nfev=1594 t=1873.1s remaining=412
    iter=1589 E=-2.1066643469 nfev=1595 t=1874.5s remaining=411
    iter=1590 E=-2.1066645669 nfev=1596 t=1875.9s remaining=410
    iter=1591 E=-2.1066648596 nfev=1597 t=1877.4s remaining=409
    iter=1592 E=-2.1066652643 nfev=1598 t=1879.0s remaining=408
    iter=1593 E=-2.1066657233 nfev=1599 t=1880.5s remaining=407
    iter=1594 E=-2.1066661847 nfev=1600 t=1882.0s remaining=406
    iter=1595 E=-2.1066666522 nfev=1601 t=1883.5s remaining=405
    iter=1596 E=-2.1066671343 nfev=1602 t=1884.9s remaining=404
    iter=1597 E=-2.1066676181 nfev=1603 t=1886.4s remaining=403
    iter=1598 E=-2.1066680564 nfev=1604 t=1887.8s remaining=402
    iter=1599 E=-2.1066684035 nfev=1605 t=1889.3s remaining=401
    iter=1600 E=-2.1066686437 nfev=1606 t=1890.5s remaining=400
    iter=1601 E=-2.1066688686 nfev=1607 t=1891.7s remaining=399
    iter=1602 E=-2.1066690919 nfev=1608 t=1892.8s remaining=398
    iter=1603 E=-2.1066692657 nfev=1609 t=1893.9s remaining=397
    iter=1604 E=-2.1066693538 nfev=1610 t=1894.9s remaining=396
    iter=1605 E=-2.1066694511 nfev=1611 t=1896.0s remaining=395
    iter=1606 E=-2.1066695586 nfev=1612 t=1897.1s remaining=394
    iter=1607 E=-2.1066696654 nfev=1613 t=1898.1s remaining=393
    iter=1608 E=-2.1066697730 nfev=1614 t=1899.1s remaining=392
    iter=1609 E=-2.1066698636 nfev=1615 t=1900.3s remaining=391
    iter=1610 E=-2.1066699502 nfev=1616 t=1901.5s remaining=390
    iter=1611 E=-2.1066700534 nfev=1617 t=1902.7s remaining=389
    iter=1612 E=-2.1066701849 nfev=1618 t=1903.8s remaining=388
    iter=1613 E=-2.1066703856 nfev=1619 t=1904.8s remaining=387
    iter=1614 E=-2.1066706860 nfev=1620 t=1906.0s remaining=386
    iter=1615 E=-2.1066710958 nfev=1621 t=1907.1s remaining=385
    iter=1616 E=-2.1066715583 nfev=1622 t=1908.2s remaining=384
    iter=1617 E=-2.1066721180 nfev=1623 t=1909.3s remaining=383
    iter=1618 E=-2.1066726233 nfev=1624 t=1910.6s remaining=382
    iter=1619 E=-2.1066730253 nfev=1625 t=1911.7s remaining=381
    iter=1620 E=-2.1066733721 nfev=1626 t=1912.8s remaining=380
    iter=1621 E=-2.1066737502 nfev=1627 t=1913.8s remaining=379
    iter=1622 E=-2.1066740943 nfev=1628 t=1914.9s remaining=378
    iter=1623 E=-2.1066744273 nfev=1629 t=1916.0s remaining=377
    iter=1624 E=-2.1066747138 nfev=1630 t=1917.0s remaining=376
    iter=1625 E=-2.1066749207 nfev=1631 t=1918.1s remaining=375
    iter=1626 E=-2.1066750994 nfev=1632 t=1919.2s remaining=374
    iter=1627 E=-2.1066752692 nfev=1633 t=1920.3s remaining=373
    iter=1628 E=-2.1066753447 nfev=1634 t=1921.4s remaining=372
    iter=1629 E=-2.1066754242 nfev=1635 t=1922.5s remaining=371
    iter=1630 E=-2.1066754920 nfev=1636 t=1923.6s remaining=370
    iter=1631 E=-2.1066755535 nfev=1637 t=1924.7s remaining=369
    iter=1632 E=-2.1066756344 nfev=1638 t=1925.8s remaining=368
    iter=1633 E=-2.1066757469 nfev=1639 t=1926.9s remaining=367
    iter=1634 E=-2.1066759110 nfev=1640 t=1928.1s remaining=366
    iter=1635 E=-2.1066761397 nfev=1641 t=1929.4s remaining=365
    iter=1636 E=-2.1066764740 nfev=1642 t=1930.7s remaining=364
    iter=1637 E=-2.1066769238 nfev=1643 t=1931.8s remaining=363
    iter=1638 E=-2.1066774787 nfev=1644 t=1932.8s remaining=362
    iter=1639 E=-2.1066779901 nfev=1645 t=1933.9s remaining=361
    iter=1640 E=-2.1066785007 nfev=1646 t=1935.0s remaining=360
    iter=1641 E=-2.1066789746 nfev=1647 t=1936.0s remaining=359
    iter=1642 E=-2.1066793863 nfev=1648 t=1937.4s remaining=358
    iter=1643 E=-2.1066796397 nfev=1649 t=1938.4s remaining=357
    iter=1644 E=-2.1066799696 nfev=1650 t=1939.5s remaining=356
    iter=1645 E=-2.1066801898 nfev=1651 t=1940.6s remaining=355
    iter=1646 E=-2.1066803128 nfev=1652 t=1941.6s remaining=354
    iter=1647 E=-2.1066804468 nfev=1653 t=1942.8s remaining=353
    iter=1648 E=-2.1066805642 nfev=1654 t=1943.9s remaining=352
    iter=1649 E=-2.1066806895 nfev=1655 t=1945.2s remaining=351
    iter=1650 E=-2.1066808748 nfev=1656 t=1946.5s remaining=350
    iter=1651 E=-2.1066810521 nfev=1657 t=1947.7s remaining=349
    iter=1652 E=-2.1066811768 nfev=1658 t=1948.9s remaining=348
    iter=1653 E=-2.1066813014 nfev=1659 t=1950.0s remaining=347
    iter=1654 E=-2.1066814035 nfev=1660 t=1951.1s remaining=346
    iter=1655 E=-2.1066815044 nfev=1661 t=1952.2s remaining=345
    iter=1656 E=-2.1066816299 nfev=1662 t=1953.4s remaining=344
    iter=1657 E=-2.1066817700 nfev=1663 t=1954.5s remaining=343
    iter=1658 E=-2.1066819164 nfev=1664 t=1955.6s remaining=342
    iter=1659 E=-2.1066821091 nfev=1665 t=1956.8s remaining=341
    iter=1660 E=-2.1066823951 nfev=1666 t=1957.9s remaining=340
    iter=1661 E=-2.1066828422 nfev=1667 t=1959.0s remaining=339
    iter=1662 E=-2.1066835315 nfev=1668 t=1960.2s remaining=338
    iter=1663 E=-2.1066845122 nfev=1669 t=1961.3s remaining=337
    iter=1664 E=-2.1066855436 nfev=1670 t=1962.3s remaining=336
    iter=1665 E=-2.1066861407 nfev=1671 t=1963.4s remaining=335
    iter=1666 E=-2.1066865400 nfev=1672 t=1964.6s remaining=334
    iter=1667 E=-2.1066869850 nfev=1673 t=1965.6s remaining=333
    iter=1668 E=-2.1066872226 nfev=1674 t=1966.9s remaining=332
    iter=1669 E=-2.1066874402 nfev=1675 t=1968.5s remaining=331
    iter=1670 E=-2.1066876886 nfev=1676 t=1969.7s remaining=330
    iter=1671 E=-2.1066878601 nfev=1677 t=1970.8s remaining=329
    iter=1672 E=-2.1066880089 nfev=1678 t=1971.9s remaining=328
    iter=1673 E=-2.1066881251 nfev=1679 t=1973.2s remaining=327
    iter=1674 E=-2.1066882598 nfev=1680 t=1974.5s remaining=326
    iter=1675 E=-2.1066884126 nfev=1681 t=1975.6s remaining=325
    iter=1676 E=-2.1066885505 nfev=1682 t=1976.7s remaining=324
    iter=1677 E=-2.1066887092 nfev=1683 t=1977.9s remaining=323
    iter=1678 E=-2.1066888658 nfev=1684 t=1979.2s remaining=322
    iter=1679 E=-2.1066890013 nfev=1685 t=1980.7s remaining=321
    iter=1680 E=-2.1066891805 nfev=1686 t=1981.9s remaining=320
    iter=1681 E=-2.1066894282 nfev=1687 t=1983.0s remaining=319
    iter=1682 E=-2.1066897590 nfev=1688 t=1984.1s remaining=318
    iter=1683 E=-2.1066901315 nfev=1689 t=1985.3s remaining=317
    iter=1684 E=-2.1066905847 nfev=1690 t=1986.3s remaining=316
    iter=1685 E=-2.1066911381 nfev=1691 t=1987.4s remaining=315
    iter=1686 E=-2.1066916813 nfev=1692 t=1988.5s remaining=314
    iter=1687 E=-2.1066922177 nfev=1693 t=1989.8s remaining=313
    iter=1688 E=-2.1066926896 nfev=1694 t=1990.9s remaining=312
    iter=1689 E=-2.1066930684 nfev=1695 t=1992.1s remaining=311
    iter=1690 E=-2.1066933549 nfev=1696 t=1993.3s remaining=310
    iter=1691 E=-2.1066936170 nfev=1697 t=1994.4s remaining=309
    iter=1692 E=-2.1066938751 nfev=1698 t=1995.5s remaining=308
    iter=1693 E=-2.1066940991 nfev=1699 t=1996.7s remaining=307
    iter=1694 E=-2.1066942807 nfev=1700 t=1997.8s remaining=306
    iter=1695 E=-2.1066944055 nfev=1701 t=1999.2s remaining=305
    iter=1696 E=-2.1066945354 nfev=1702 t=2000.5s remaining=304
    iter=1697 E=-2.1066946685 nfev=1703 t=2001.5s remaining=303
    iter=1698 E=-2.1066948039 nfev=1704 t=2002.6s remaining=302
    iter=1699 E=-2.1066949401 nfev=1705 t=2004.1s remaining=301
    iter=1700 E=-2.1066951041 nfev=1706 t=2005.5s remaining=300
    iter=1701 E=-2.1066952555 nfev=1707 t=2006.9s remaining=299
    iter=1702 E=-2.1066953916 nfev=1708 t=2008.3s remaining=298
    iter=1703 E=-2.1066955256 nfev=1709 t=2009.5s remaining=297
    iter=1704 E=-2.1066956442 nfev=1710 t=2010.7s remaining=296
    iter=1705 E=-2.1066957383 nfev=1711 t=2011.8s remaining=295
    iter=1706 E=-2.1066958332 nfev=1712 t=2012.9s remaining=294
    iter=1707 E=-2.1066959611 nfev=1713 t=2014.2s remaining=293
    iter=1708 E=-2.1066961353 nfev=1714 t=2015.3s remaining=292
    iter=1709 E=-2.1066963619 nfev=1715 t=2016.5s remaining=291
    iter=1710 E=-2.1066966462 nfev=1716 t=2017.7s remaining=290
    iter=1711 E=-2.1066970692 nfev=1717 t=2018.8s remaining=289
    iter=1712 E=-2.1066977087 nfev=1718 t=2019.9s remaining=288
    iter=1713 E=-2.1066985592 nfev=1719 t=2021.1s remaining=287
    iter=1714 E=-2.1066992594 nfev=1720 t=2022.1s remaining=286
    iter=1715 E=-2.1066999069 nfev=1721 t=2023.2s remaining=285
    iter=1716 E=-2.1067003893 nfev=1722 t=2024.3s remaining=284
    iter=1717 E=-2.1067009658 nfev=1723 t=2025.4s remaining=283
    iter=1718 E=-2.1067013409 nfev=1724 t=2026.5s remaining=282
    iter=1719 E=-2.1067016856 nfev=1725 t=2027.8s remaining=281
    iter=1720 E=-2.1067019072 nfev=1726 t=2029.3s remaining=280
    iter=1721 E=-2.1067021351 nfev=1727 t=2030.7s remaining=279
    iter=1722 E=-2.1067023179 nfev=1728 t=2032.1s remaining=278
    iter=1723 E=-2.1067024874 nfev=1729 t=2033.3s remaining=277
    iter=1724 E=-2.1067025994 nfev=1730 t=2034.4s remaining=276
    iter=1725 E=-2.1067026858 nfev=1731 t=2035.4s remaining=275
    iter=1726 E=-2.1067027548 nfev=1732 t=2036.5s remaining=274
    iter=1727 E=-2.1067028416 nfev=1733 t=2037.9s remaining=273
    iter=1728 E=-2.1067029443 nfev=1734 t=2039.0s remaining=272
    iter=1729 E=-2.1067030466 nfev=1735 t=2040.0s remaining=271
    iter=1730 E=-2.1067031731 nfev=1736 t=2041.1s remaining=270
    iter=1731 E=-2.1067033335 nfev=1737 t=2042.3s remaining=269
    iter=1732 E=-2.1067035096 nfev=1738 t=2043.4s remaining=268
    iter=1733 E=-2.1067036931 nfev=1739 t=2044.6s remaining=267
    iter=1734 E=-2.1067038864 nfev=1740 t=2045.7s remaining=266
    iter=1735 E=-2.1067041429 nfev=1741 t=2046.7s remaining=265
    iter=1736 E=-2.1067044727 nfev=1742 t=2047.9s remaining=264
    iter=1737 E=-2.1067048483 nfev=1743 t=2049.2s remaining=263
    iter=1738 E=-2.1067052894 nfev=1744 t=2050.2s remaining=262
    iter=1739 E=-2.1067057958 nfev=1745 t=2051.4s remaining=261
    iter=1740 E=-2.1067063615 nfev=1746 t=2052.6s remaining=260
    iter=1741 E=-2.1067067191 nfev=1747 t=2053.6s remaining=259
    iter=1742 E=-2.1067070745 nfev=1748 t=2054.6s remaining=258
    iter=1743 E=-2.1067073705 nfev=1749 t=2056.2s remaining=257
    iter=1744 E=-2.1067076066 nfev=1750 t=2057.3s remaining=256
    iter=1745 E=-2.1067078140 nfev=1751 t=2058.4s remaining=255
    iter=1746 E=-2.1067080059 nfev=1752 t=2059.7s remaining=254
    iter=1747 E=-2.1067082028 nfev=1753 t=2060.8s remaining=253
    iter=1748 E=-2.1067083688 nfev=1754 t=2061.9s remaining=252
    iter=1749 E=-2.1067085471 nfev=1755 t=2062.9s remaining=251
    iter=1750 E=-2.1067086543 nfev=1756 t=2064.0s remaining=250
    iter=1751 E=-2.1067087405 nfev=1757 t=2065.0s remaining=249
    iter=1752 E=-2.1067088343 nfev=1758 t=2066.1s remaining=248
    iter=1753 E=-2.1067089642 nfev=1759 t=2067.2s remaining=247
    iter=1754 E=-2.1067091375 nfev=1760 t=2068.3s remaining=246
    iter=1755 E=-2.1067093073 nfev=1761 t=2069.5s remaining=245
    iter=1756 E=-2.1067094744 nfev=1762 t=2070.7s remaining=244
    iter=1757 E=-2.1067096788 nfev=1763 t=2072.2s remaining=243
    iter=1758 E=-2.1067099003 nfev=1764 t=2073.7s remaining=242
    iter=1759 E=-2.1067101643 nfev=1765 t=2075.2s remaining=241
    iter=1760 E=-2.1067104916 nfev=1766 t=2076.7s remaining=240
    iter=1761 E=-2.1067109538 nfev=1767 t=2078.2s remaining=239
    iter=1762 E=-2.1067115930 nfev=1768 t=2079.6s remaining=238
    iter=1763 E=-2.1067122815 nfev=1769 t=2081.1s remaining=237
    iter=1764 E=-2.1067130170 nfev=1770 t=2082.6s remaining=236
    iter=1765 E=-2.1067137873 nfev=1771 t=2084.1s remaining=235
    iter=1766 E=-2.1067144843 nfev=1772 t=2085.4s remaining=234
    iter=1767 E=-2.1067148523 nfev=1773 t=2086.5s remaining=233
    iter=1768 E=-2.1067151572 nfev=1774 t=2087.6s remaining=232
    iter=1769 E=-2.1067153440 nfev=1775 t=2088.7s remaining=231
    iter=1770 E=-2.1067155143 nfev=1776 t=2089.8s remaining=230
    iter=1771 E=-2.1067156832 nfev=1777 t=2091.0s remaining=229
    iter=1772 E=-2.1067158155 nfev=1778 t=2092.1s remaining=228
    iter=1773 E=-2.1067159425 nfev=1779 t=2093.2s remaining=227
    iter=1774 E=-2.1067160926 nfev=1780 t=2094.3s remaining=226
    iter=1775 E=-2.1067162149 nfev=1781 t=2095.4s remaining=225
    iter=1776 E=-2.1067163423 nfev=1782 t=2096.5s remaining=224
    iter=1777 E=-2.1067165000 nfev=1783 t=2097.7s remaining=223
    iter=1778 E=-2.1067167167 nfev=1784 t=2099.1s remaining=222
    iter=1779 E=-2.1067169898 nfev=1785 t=2100.5s remaining=221
    iter=1780 E=-2.1067172340 nfev=1786 t=2102.0s remaining=220
    iter=1781 E=-2.1067174162 nfev=1787 t=2103.5s remaining=219
    iter=1782 E=-2.1067176490 nfev=1788 t=2105.0s remaining=218
    iter=1783 E=-2.1067179663 nfev=1789 t=2106.4s remaining=217
    iter=1784 E=-2.1067183033 nfev=1790 t=2107.9s remaining=216
    iter=1785 E=-2.1067184721 nfev=1791 t=2109.4s remaining=215
    iter=1786 E=-2.1067186855 nfev=1792 t=2110.9s remaining=214
    iter=1787 E=-2.1067189328 nfev=1793 t=2112.4s remaining=213
    iter=1788 E=-2.1067191332 nfev=1794 t=2113.9s remaining=212
    iter=1789 E=-2.1067193009 nfev=1795 t=2115.4s remaining=211
    iter=1790 E=-2.1067194439 nfev=1796 t=2116.4s remaining=210
    iter=1791 E=-2.1067196538 nfev=1797 t=2117.5s remaining=209
    iter=1792 E=-2.1067199285 nfev=1798 t=2118.6s remaining=208
    iter=1793 E=-2.1067201911 nfev=1799 t=2119.8s remaining=207
    iter=1794 E=-2.1067204097 nfev=1800 t=2120.9s remaining=206
    iter=1795 E=-2.1067206353 nfev=1801 t=2122.0s remaining=205
    iter=1796 E=-2.1067208889 nfev=1802 t=2123.1s remaining=204
    iter=1797 E=-2.1067211005 nfev=1803 t=2124.1s remaining=203
    iter=1798 E=-2.1067213595 nfev=1804 t=2125.3s remaining=202
    iter=1799 E=-2.1067216366 nfev=1805 t=2126.7s remaining=201
    iter=1800 E=-2.1067218287 nfev=1806 t=2127.9s remaining=200
    iter=1801 E=-2.1067220103 nfev=1807 t=2129.0s remaining=199
    iter=1802 E=-2.1067221803 nfev=1808 t=2130.2s remaining=198
    iter=1803 E=-2.1067222979 nfev=1809 t=2131.4s remaining=197
    iter=1804 E=-2.1067224197 nfev=1810 t=2132.5s remaining=196
    iter=1805 E=-2.1067225556 nfev=1811 t=2133.6s remaining=195
    iter=1806 E=-2.1067226640 nfev=1812 t=2134.8s remaining=194
    iter=1807 E=-2.1067227759 nfev=1813 t=2135.9s remaining=193
    iter=1808 E=-2.1067229300 nfev=1814 t=2137.0s remaining=192
    iter=1809 E=-2.1067230925 nfev=1815 t=2138.1s remaining=191
    iter=1810 E=-2.1067232298 nfev=1816 t=2139.2s remaining=190
    iter=1811 E=-2.1067234121 nfev=1817 t=2140.2s remaining=189
    iter=1812 E=-2.1067236827 nfev=1818 t=2141.3s remaining=188
    iter=1813 E=-2.1067240217 nfev=1819 t=2142.4s remaining=187
    iter=1814 E=-2.1067244444 nfev=1820 t=2143.5s remaining=186
    iter=1815 E=-2.1067249151 nfev=1821 t=2144.6s remaining=185
    iter=1816 E=-2.1067254993 nfev=1822 t=2145.6s remaining=184
    iter=1817 E=-2.1067259113 nfev=1823 t=2146.7s remaining=183
    iter=1818 E=-2.1067263089 nfev=1824 t=2147.9s remaining=182
    iter=1819 E=-2.1067267568 nfev=1825 t=2149.0s remaining=181
    iter=1820 E=-2.1067272385 nfev=1826 t=2150.2s remaining=180
    iter=1821 E=-2.1067276073 nfev=1827 t=2151.5s remaining=179
    iter=1822 E=-2.1067279059 nfev=1828 t=2152.8s remaining=178
    iter=1823 E=-2.1067281843 nfev=1829 t=2154.3s remaining=177
    iter=1824 E=-2.1067283333 nfev=1830 t=2155.8s remaining=176
    iter=1825 E=-2.1067284562 nfev=1831 t=2157.3s remaining=175
    iter=1826 E=-2.1067285703 nfev=1832 t=2158.5s remaining=174
    iter=1827 E=-2.1067286277 nfev=1833 t=2159.7s remaining=173
    iter=1828 E=-2.1067286941 nfev=1834 t=2160.9s remaining=172
    iter=1829 E=-2.1067287658 nfev=1835 t=2162.1s remaining=171
    iter=1830 E=-2.1067288483 nfev=1836 t=2163.4s remaining=170
    iter=1831 E=-2.1067289402 nfev=1837 t=2164.6s remaining=169
    iter=1832 E=-2.1067290127 nfev=1838 t=2165.8s remaining=168
    iter=1833 E=-2.1067290935 nfev=1839 t=2167.0s remaining=167
    iter=1834 E=-2.1067292047 nfev=1840 t=2168.1s remaining=166
    iter=1835 E=-2.1067293590 nfev=1841 t=2169.5s remaining=165
    iter=1836 E=-2.1067295512 nfev=1842 t=2171.1s remaining=164
    iter=1837 E=-2.1067297819 nfev=1843 t=2172.5s remaining=163
    iter=1838 E=-2.1067301019 nfev=1844 t=2173.8s remaining=162
    iter=1839 E=-2.1067305488 nfev=1845 t=2174.9s remaining=161
    iter=1840 E=-2.1067310453 nfev=1846 t=2176.1s remaining=160
    iter=1841 E=-2.1067315344 nfev=1847 t=2177.2s remaining=159
    iter=1842 E=-2.1067320202 nfev=1848 t=2178.4s remaining=158
    iter=1843 E=-2.1067323647 nfev=1849 t=2179.5s remaining=157
    iter=1844 E=-2.1067325688 nfev=1850 t=2180.7s remaining=156
    iter=1845 E=-2.1067328048 nfev=1851 t=2181.9s remaining=155
    iter=1846 E=-2.1067329730 nfev=1852 t=2183.1s remaining=154
    iter=1847 E=-2.1067331357 nfev=1853 t=2184.3s remaining=153
    iter=1848 E=-2.1067332762 nfev=1854 t=2185.4s remaining=152
    iter=1849 E=-2.1067334041 nfev=1855 t=2186.6s remaining=151
    iter=1850 E=-2.1067335135 nfev=1856 t=2187.7s remaining=150
    iter=1851 E=-2.1067336092 nfev=1857 t=2188.9s remaining=149
    iter=1852 E=-2.1067337202 nfev=1858 t=2190.3s remaining=148
    iter=1853 E=-2.1067338368 nfev=1859 t=2191.5s remaining=147
    iter=1854 E=-2.1067339425 nfev=1860 t=2192.8s remaining=146
    iter=1855 E=-2.1067340531 nfev=1861 t=2194.0s remaining=145
    iter=1856 E=-2.1067341914 nfev=1862 t=2195.4s remaining=144
    iter=1857 E=-2.1067342897 nfev=1863 t=2196.8s remaining=143
    iter=1858 E=-2.1067344116 nfev=1864 t=2198.0s remaining=142
    iter=1859 E=-2.1067345454 nfev=1865 t=2199.1s remaining=141
    iter=1860 E=-2.1067347076 nfev=1866 t=2200.3s remaining=140
    iter=1861 E=-2.1067349069 nfev=1867 t=2201.5s remaining=139
    iter=1862 E=-2.1067351868 nfev=1868 t=2202.7s remaining=138
    iter=1863 E=-2.1067355322 nfev=1869 t=2204.0s remaining=137
    iter=1864 E=-2.1067358028 nfev=1870 t=2205.2s remaining=136
    iter=1865 E=-2.1067361034 nfev=1871 t=2206.5s remaining=135
    iter=1866 E=-2.1067363906 nfev=1872 t=2207.9s remaining=134
    iter=1867 E=-2.1067365933 nfev=1873 t=2209.0s remaining=133
    iter=1868 E=-2.1067367492 nfev=1874 t=2210.3s remaining=132
    iter=1869 E=-2.1067368633 nfev=1875 t=2211.5s remaining=131
    iter=1870 E=-2.1067369598 nfev=1876 t=2212.8s remaining=130
    iter=1871 E=-2.1067370393 nfev=1877 t=2214.0s remaining=129
    iter=1872 E=-2.1067371175 nfev=1878 t=2215.2s remaining=128
    iter=1873 E=-2.1067371750 nfev=1879 t=2216.3s remaining=127
    iter=1874 E=-2.1067372180 nfev=1880 t=2217.4s remaining=126
    iter=1875 E=-2.1067372507 nfev=1881 t=2218.7s remaining=125
    iter=1876 E=-2.1067372851 nfev=1882 t=2219.9s remaining=124
    iter=1877 E=-2.1067373266 nfev=1883 t=2220.9s remaining=123
    iter=1878 E=-2.1067373810 nfev=1884 t=2222.2s remaining=122
    iter=1879 E=-2.1067374566 nfev=1885 t=2223.4s remaining=121
    iter=1880 E=-2.1067375631 nfev=1886 t=2224.6s remaining=120
    iter=1881 E=-2.1067377157 nfev=1887 t=2225.9s remaining=119
    iter=1882 E=-2.1067379332 nfev=1888 t=2227.0s remaining=118
    iter=1883 E=-2.1067382416 nfev=1889 t=2228.2s remaining=117
    iter=1884 E=-2.1067386328 nfev=1890 t=2229.3s remaining=116
    iter=1885 E=-2.1067390219 nfev=1891 t=2230.5s remaining=115
    iter=1886 E=-2.1067393153 nfev=1892 t=2231.6s remaining=114
    iter=1887 E=-2.1067395376 nfev=1893 t=2232.7s remaining=113
    iter=1888 E=-2.1067396667 nfev=1894 t=2233.9s remaining=112
    iter=1889 E=-2.1067398491 nfev=1895 t=2235.0s remaining=111
    iter=1890 E=-2.1067400556 nfev=1896 t=2236.1s remaining=110
    iter=1891 E=-2.1067402227 nfev=1897 t=2237.2s remaining=109
    iter=1892 E=-2.1067404217 nfev=1898 t=2238.3s remaining=108
    iter=1893 E=-2.1067406217 nfev=1899 t=2239.6s remaining=107
    iter=1894 E=-2.1067407774 nfev=1900 t=2240.7s remaining=106
    iter=1895 E=-2.1067409389 nfev=1901 t=2241.8s remaining=105
    iter=1896 E=-2.1067410474 nfev=1902 t=2243.0s remaining=104
    iter=1897 E=-2.1067411473 nfev=1903 t=2244.1s remaining=103
    iter=1898 E=-2.1067412768 nfev=1904 t=2245.2s remaining=102
    iter=1899 E=-2.1067414065 nfev=1905 t=2246.3s remaining=101
    iter=1900 E=-2.1067415406 nfev=1906 t=2247.8s remaining=100
    iter=1901 E=-2.1067416772 nfev=1907 t=2249.2s remaining=99
    iter=1902 E=-2.1067417709 nfev=1908 t=2250.3s remaining=98
    iter=1903 E=-2.1067418656 nfev=1909 t=2251.4s remaining=97
    iter=1904 E=-2.1067419859 nfev=1910 t=2253.0s remaining=96
    iter=1905 E=-2.1067421020 nfev=1911 t=2254.2s remaining=95
    iter=1906 E=-2.1067422092 nfev=1912 t=2255.4s remaining=94
    iter=1907 E=-2.1067423034 nfev=1913 t=2256.5s remaining=93
    iter=1908 E=-2.1067423811 nfev=1914 t=2257.7s remaining=92
    iter=1909 E=-2.1067424543 nfev=1915 t=2259.3s remaining=91
    iter=1910 E=-2.1067425349 nfev=1916 t=2260.4s remaining=90
    iter=1911 E=-2.1067426534 nfev=1917 t=2261.5s remaining=89
    iter=1912 E=-2.1067428281 nfev=1918 t=2262.7s remaining=88
    iter=1913 E=-2.1067430911 nfev=1919 t=2263.8s remaining=87
    iter=1914 E=-2.1067434640 nfev=1920 t=2264.9s remaining=86
    iter=1915 E=-2.1067438543 nfev=1921 t=2266.1s remaining=85
    iter=1916 E=-2.1067442482 nfev=1922 t=2267.3s remaining=84
    iter=1917 E=-2.1067446167 nfev=1923 t=2268.4s remaining=83
    iter=1918 E=-2.1067449909 nfev=1924 t=2269.7s remaining=82
    iter=1919 E=-2.1067453553 nfev=1925 t=2270.9s remaining=81
    iter=1920 E=-2.1067455635 nfev=1926 t=2272.1s remaining=80
    iter=1921 E=-2.1067457532 nfev=1927 t=2273.2s remaining=79
    iter=1922 E=-2.1067459136 nfev=1928 t=2274.3s remaining=78
    iter=1923 E=-2.1067460427 nfev=1929 t=2275.4s remaining=77
    iter=1924 E=-2.1067461471 nfev=1930 t=2276.5s remaining=76
    iter=1925 E=-2.1067462368 nfev=1931 t=2277.6s remaining=75
    iter=1926 E=-2.1067463247 nfev=1932 t=2278.7s remaining=74
    iter=1927 E=-2.1067464026 nfev=1933 t=2279.9s remaining=73
    iter=1928 E=-2.1067464704 nfev=1934 t=2281.2s remaining=72
    iter=1929 E=-2.1067465298 nfev=1935 t=2282.4s remaining=71
    iter=1930 E=-2.1067465785 nfev=1936 t=2283.5s remaining=70
    iter=1931 E=-2.1067466395 nfev=1937 t=2284.7s remaining=69
    iter=1932 E=-2.1067467207 nfev=1938 t=2285.7s remaining=68
    iter=1933 E=-2.1067467966 nfev=1939 t=2286.8s remaining=67
    iter=1934 E=-2.1067468879 nfev=1940 t=2288.1s remaining=66
    iter=1935 E=-2.1067470008 nfev=1941 t=2289.1s remaining=65
    iter=1936 E=-2.1067471421 nfev=1942 t=2290.2s remaining=64
    iter=1937 E=-2.1067473076 nfev=1943 t=2291.3s remaining=63
    iter=1938 E=-2.1067474994 nfev=1944 t=2292.5s remaining=62
    iter=1939 E=-2.1067477650 nfev=1945 t=2293.8s remaining=61
    iter=1940 E=-2.1067481107 nfev=1946 t=2295.0s remaining=60
    iter=1941 E=-2.1067485327 nfev=1947 t=2296.1s remaining=59
    iter=1942 E=-2.1067489186 nfev=1948 t=2297.3s remaining=58
    iter=1943 E=-2.1067492967 nfev=1949 t=2298.4s remaining=57
    iter=1944 E=-2.1067496974 nfev=1950 t=2299.5s remaining=56
    iter=1945 E=-2.1067500288 nfev=1951 t=2300.6s remaining=55
    iter=1946 E=-2.1067503261 nfev=1952 t=2301.6s remaining=54
    iter=1947 E=-2.1067505724 nfev=1953 t=2302.7s remaining=53
    iter=1948 E=-2.1067507400 nfev=1954 t=2303.7s remaining=52
    iter=1949 E=-2.1067508684 nfev=1955 t=2304.8s remaining=51
    iter=1950 E=-2.1067509561 nfev=1956 t=2305.9s remaining=50
    iter=1951 E=-2.1067510312 nfev=1957 t=2307.0s remaining=49
    iter=1952 E=-2.1067510898 nfev=1958 t=2308.4s remaining=48
    iter=1953 E=-2.1067511427 nfev=1959 t=2309.7s remaining=47
    iter=1954 E=-2.1067511865 nfev=1960 t=2311.0s remaining=46
    iter=1955 E=-2.1067512293 nfev=1961 t=2312.0s remaining=45
    iter=1956 E=-2.1067512629 nfev=1962 t=2313.1s remaining=44
    iter=1957 E=-2.1067512968 nfev=1963 t=2314.1s remaining=43
    iter=1958 E=-2.1067513371 nfev=1964 t=2315.2s remaining=42
    iter=1959 E=-2.1067513924 nfev=1965 t=2316.4s remaining=41
    iter=1960 E=-2.1067514690 nfev=1966 t=2317.5s remaining=40
    iter=1961 E=-2.1067515777 nfev=1967 t=2318.8s remaining=39
    iter=1962 E=-2.1067517308 nfev=1968 t=2320.1s remaining=38
    iter=1963 E=-2.1067519255 nfev=1969 t=2321.4s remaining=37
    iter=1964 E=-2.1067521352 nfev=1970 t=2322.4s remaining=36
    iter=1965 E=-2.1067523500 nfev=1971 t=2323.5s remaining=35
    iter=1966 E=-2.1067525983 nfev=1972 t=2324.6s remaining=34
    iter=1967 E=-2.1067528101 nfev=1973 t=2325.7s remaining=33
    iter=1968 E=-2.1067529527 nfev=1974 t=2326.8s remaining=32
    iter=1969 E=-2.1067530626 nfev=1975 t=2327.8s remaining=31
    iter=1970 E=-2.1067531279 nfev=1976 t=2328.9s remaining=30
    iter=1971 E=-2.1067531810 nfev=1977 t=2330.1s remaining=29
    iter=1972 E=-2.1067532164 nfev=1978 t=2331.4s remaining=28
    iter=1973 E=-2.1067532538 nfev=1979 t=2332.5s remaining=27
    iter=1974 E=-2.1067532882 nfev=1980 t=2333.8s remaining=26
    iter=1975 E=-2.1067533246 nfev=1981 t=2334.9s remaining=25
    iter=1976 E=-2.1067533725 nfev=1982 t=2336.0s remaining=24
    iter=1977 E=-2.1067534122 nfev=1983 t=2337.2s remaining=23
    iter=1978 E=-2.1067534556 nfev=1984 t=2338.3s remaining=22
    iter=1979 E=-2.1067535093 nfev=1985 t=2339.3s remaining=21
    iter=1980 E=-2.1067535723 nfev=1986 t=2340.4s remaining=20
    iter=1981 E=-2.1067536483 nfev=1987 t=2341.4s remaining=19
    iter=1982 E=-2.1067537441 nfev=1988 t=2342.5s remaining=18
    iter=1983 E=-2.1067538685 nfev=1989 t=2343.5s remaining=17
    iter=1984 E=-2.1067540086 nfev=1990 t=2344.6s remaining=16
    iter=1985 E=-2.1067541754 nfev=1991 t=2345.7s remaining=15
    iter=1986 E=-2.1067543384 nfev=1992 t=2346.7s remaining=14
    iter=1987 E=-2.1067545597 nfev=1993 t=2347.9s remaining=13
    iter=1988 E=-2.1067548292 nfev=1994 t=2349.1s remaining=12
    iter=1989 E=-2.1067550444 nfev=1995 t=2350.1s remaining=11
    iter=1990 E=-2.1067552332 nfev=1996 t=2351.2s remaining=10
    iter=1991 E=-2.1067554368 nfev=1997 t=2352.3s remaining=9
    iter=1992 E=-2.1067555680 nfev=1998 t=2353.3s remaining=8
    iter=1993 E=-2.1067556641 nfev=1999 t=2354.3s remaining=7
    iter=1994 E=-2.1067557392 nfev=2000 t=2355.4s remaining=6
    iter=1995 E=-2.1067558169 nfev=2001 t=2356.5s remaining=5
    iter=1996 E=-2.1067558954 nfev=2002 t=2357.9s remaining=4
    iter=1997 E=-2.1067559992 nfev=2003 t=2359.0s remaining=3
    iter=1998 E=-2.1067560894 nfev=2004 t=2360.0s remaining=2
    iter=1999 E=-2.1067561466 nfev=2005 t=2361.1s remaining=1
    iter=2000 E=-2.1067561915 nfev=2006 t=2362.1s remaining=0
    iter=2000 E=-2.1067561915 nfev=2006 t=2362.1s remaining=0
    seed=0 E=-2.1067561915 dE=+2.407e-04 nit=2000 ok=False t=2362.1s
  r=0.70  L=8   npar=344   E=-2.1067561915  |E-FCI|=2.407e-04  FCI=no   chem=yes

=== summary (best seed per layer) ===
  bond   L ansatz                 npar              E     |E-FCI|  FCI? chem?
  0.70   8 (ECD+SNAP)^8 + ECD      344  -2.1067561915   2.407e-04    no   yes

wrote data/results/h4_hybrid_L8_nobs_r0070.json
