self-check ok (nfock=4, use_bs=False, worst FD rel err 0.00e+00)
per-iter log: data/results/h4_hybrid_L6_nobs_r0050_iters.jsonl
live snapshot: data/results/h4_hybrid_L6_nobs_r0050_live.json

=== build H4 JWT Hamiltonian at R=0.50 Å ===
=== r=0.50 Å   FCI(pyscf)=-1.6531169519  eig=-1.6531169519  paper_fci=-1.65311695  paper_SNAP_D20=-1.6531169543899968 ===
-- r=0.50  (ECD+SNAP)^6 + ECD   npar=260 --
    iter=1 E=3.2338362355 nfev=2 t=1.5s remaining=1999
    iter=2 E=2.8365709461 nfev=3 t=2.3s remaining=1998
    iter=3 E=2.5953375009 nfev=5 t=3.7s remaining=1997
    iter=4 E=2.4225926135 nfev=6 t=4.5s remaining=1996
    iter=5 E=2.1692907294 nfev=7 t=5.2s remaining=1995
    iter=6 E=1.8660391871 nfev=8 t=5.9s remaining=1994
    iter=7 E=1.7495883489 nfev=10 t=7.3s remaining=1993
    iter=8 E=1.6605659797 nfev=11 t=8.0s remaining=1992
    iter=9 E=1.5276584536 nfev=12 t=8.7s remaining=1991
    iter=10 E=1.3173470497 nfev=13 t=9.5s remaining=1990
    iter=11 E=1.1485647739 nfev=14 t=10.2s remaining=1989
    iter=12 E=0.9637699225 nfev=15 t=11.0s remaining=1988
    iter=13 E=0.8434227471 nfev=16 t=11.7s remaining=1987
    iter=14 E=0.7605343404 nfev=17 t=12.6s remaining=1986
    iter=15 E=0.6654438481 nfev=18 t=13.3s remaining=1985
    iter=16 E=0.5486172898 nfev=19 t=14.0s remaining=1984
    iter=17 E=0.3946412787 nfev=20 t=14.6s remaining=1983
    iter=18 E=0.2693169576 nfev=21 t=15.3s remaining=1982
    iter=19 E=0.1754321074 nfev=22 t=16.0s remaining=1981
    iter=20 E=0.0587329219 nfev=23 t=16.6s remaining=1980
    iter=21 E=-0.0973849441 nfev=24 t=17.3s remaining=1979
    iter=22 E=-0.1467992069 nfev=25 t=18.1s remaining=1978
    iter=23 E=-0.2345732742 nfev=26 t=18.8s remaining=1977
    iter=24 E=-0.3606485768 nfev=27 t=19.5s remaining=1976
    iter=25 E=-0.4658149098 nfev=28 t=20.2s remaining=1975
    iter=26 E=-0.5941896854 nfev=29 t=20.9s remaining=1974
    iter=27 E=-0.6863053978 nfev=30 t=21.6s remaining=1973
    iter=28 E=-0.7952193121 nfev=31 t=22.3s remaining=1972
    iter=29 E=-0.8522211629 nfev=32 t=23.0s remaining=1971
    iter=30 E=-0.9148363976 nfev=33 t=23.6s remaining=1970
    iter=31 E=-0.9657958336 nfev=34 t=24.3s remaining=1969
    iter=32 E=-1.0415494157 nfev=35 t=25.0s remaining=1968
    iter=33 E=-1.1110140878 nfev=36 t=25.7s remaining=1967
    iter=34 E=-1.1766321434 nfev=37 t=26.3s remaining=1966
    iter=35 E=-1.2158489395 nfev=38 t=27.0s remaining=1965
    iter=36 E=-1.2766580724 nfev=39 t=27.7s remaining=1964
    iter=37 E=-1.3075359869 nfev=40 t=28.4s remaining=1963
    iter=38 E=-1.3579923937 nfev=41 t=29.1s remaining=1962
    iter=39 E=-1.4101921777 nfev=42 t=29.7s remaining=1961
    iter=40 E=-1.4467907403 nfev=43 t=30.4s remaining=1960
    iter=41 E=-1.4709901272 nfev=44 t=31.1s remaining=1959
    iter=42 E=-1.4843839255 nfev=45 t=31.8s remaining=1958
    iter=43 E=-1.5016293340 nfev=46 t=32.5s remaining=1957
    iter=44 E=-1.5185827046 nfev=47 t=33.2s remaining=1956
    iter=45 E=-1.5268357234 nfev=49 t=34.6s remaining=1955
    iter=46 E=-1.5388019696 nfev=50 t=35.3s remaining=1954
    iter=47 E=-1.5524905505 nfev=51 t=36.0s remaining=1953
    iter=48 E=-1.5662351005 nfev=52 t=36.7s remaining=1952
    iter=49 E=-1.5774782148 nfev=53 t=37.4s remaining=1951
    iter=50 E=-1.5920825117 nfev=54 t=38.1s remaining=1950
    iter=51 E=-1.6006468025 nfev=55 t=38.7s remaining=1949
    iter=52 E=-1.6112339869 nfev=56 t=39.4s remaining=1948
    iter=53 E=-1.6138560145 nfev=57 t=40.0s remaining=1947
    iter=54 E=-1.6181511249 nfev=58 t=40.7s remaining=1946
    iter=55 E=-1.6245764520 nfev=59 t=41.4s remaining=1945
    iter=56 E=-1.6297361399 nfev=60 t=42.1s remaining=1944
    iter=57 E=-1.6313749119 nfev=61 t=42.8s remaining=1943
    iter=58 E=-1.6338780151 nfev=62 t=43.5s remaining=1942
    iter=59 E=-1.6362364655 nfev=63 t=44.1s remaining=1941
    iter=60 E=-1.6374748865 nfev=64 t=44.9s remaining=1940
    iter=61 E=-1.6385651304 nfev=65 t=45.5s remaining=1939
    iter=62 E=-1.6395221442 nfev=66 t=46.2s remaining=1938
    iter=63 E=-1.6398615502 nfev=67 t=46.9s remaining=1937
    iter=64 E=-1.6403793001 nfev=68 t=47.5s remaining=1936
    iter=65 E=-1.6408260993 nfev=69 t=48.2s remaining=1935
    iter=66 E=-1.6409897884 nfev=70 t=48.9s remaining=1934
    iter=67 E=-1.6412211987 nfev=71 t=49.6s remaining=1933
    iter=68 E=-1.6413876737 nfev=72 t=50.3s remaining=1932
    iter=69 E=-1.6414201662 nfev=73 t=50.9s remaining=1931
    iter=70 E=-1.6414767863 nfev=74 t=51.6s remaining=1930
    iter=71 E=-1.6415514049 nfev=75 t=52.3s remaining=1929
    iter=72 E=-1.6415819031 nfev=77 t=53.6s remaining=1928
    iter=73 E=-1.6415843261 nfev=78 t=54.3s remaining=1927
    iter=74 E=-1.6415886723 nfev=79 t=55.0s remaining=1926
    iter=75 E=-1.6415958036 nfev=80 t=55.7s remaining=1925
    iter=76 E=-1.6416052030 nfev=81 t=56.4s remaining=1924
    iter=77 E=-1.6416099333 nfev=82 t=57.1s remaining=1923
    iter=78 E=-1.6416145833 nfev=83 t=57.7s remaining=1922
    iter=79 E=-1.6416199200 nfev=84 t=58.4s remaining=1921
    iter=80 E=-1.6416272741 nfev=85 t=59.2s remaining=1920
    iter=81 E=-1.6416367550 nfev=86 t=59.9s remaining=1919
    iter=82 E=-1.6416486903 nfev=87 t=60.6s remaining=1918
    iter=83 E=-1.6416665527 nfev=88 t=61.3s remaining=1917
    iter=84 E=-1.6416954689 nfev=89 t=62.1s remaining=1916
    iter=85 E=-1.6417395476 nfev=90 t=62.8s remaining=1915
    iter=86 E=-1.6417925615 nfev=91 t=63.4s remaining=1914
    iter=87 E=-1.6418367826 nfev=92 t=64.2s remaining=1913
    iter=88 E=-1.6418766386 nfev=93 t=64.9s remaining=1912
    iter=89 E=-1.6418999067 nfev=94 t=65.6s remaining=1911
    iter=90 E=-1.6419156916 nfev=95 t=66.2s remaining=1910
    iter=91 E=-1.6419297466 nfev=96 t=66.9s remaining=1909
    iter=92 E=-1.6419409541 nfev=97 t=67.6s remaining=1908
    iter=93 E=-1.6419492518 nfev=98 t=68.3s remaining=1907
    iter=94 E=-1.6419563237 nfev=99 t=69.0s remaining=1906
    iter=95 E=-1.6419630006 nfev=100 t=69.6s remaining=1905
    iter=96 E=-1.6419704537 nfev=101 t=70.3s remaining=1904
    iter=97 E=-1.6419793019 nfev=102 t=71.0s remaining=1903
    iter=98 E=-1.6419903032 nfev=103 t=71.7s remaining=1902
    iter=99 E=-1.6420075196 nfev=104 t=72.5s remaining=1901
    iter=100 E=-1.6420352067 nfev=105 t=73.1s remaining=1900
    iter=101 E=-1.6420800549 nfev=106 t=73.8s remaining=1899
    iter=102 E=-1.6421482921 nfev=107 t=74.5s remaining=1898
    iter=103 E=-1.6422366279 nfev=108 t=75.2s remaining=1897
    iter=104 E=-1.6423351036 nfev=109 t=75.9s remaining=1896
    iter=105 E=-1.6423688098 nfev=110 t=76.6s remaining=1895
    iter=106 E=-1.6424213763 nfev=111 t=77.4s remaining=1894
    iter=107 E=-1.6424759462 nfev=112 t=78.0s remaining=1893
    iter=108 E=-1.6424991588 nfev=113 t=78.7s remaining=1892
    iter=109 E=-1.6425215072 nfev=114 t=79.4s remaining=1891
    iter=110 E=-1.6425452290 nfev=115 t=80.1s remaining=1890
    iter=111 E=-1.6425547383 nfev=116 t=80.8s remaining=1889
    iter=112 E=-1.6425699679 nfev=117 t=81.5s remaining=1888
    iter=113 E=-1.6425923946 nfev=118 t=82.1s remaining=1887
    iter=114 E=-1.6426181013 nfev=119 t=82.8s remaining=1886
    iter=115 E=-1.6426479623 nfev=120 t=83.6s remaining=1885
    iter=116 E=-1.6426927629 nfev=121 t=84.3s remaining=1884
    iter=117 E=-1.6427521926 nfev=122 t=85.0s remaining=1883
    iter=118 E=-1.6428038751 nfev=123 t=85.6s remaining=1882
    iter=119 E=-1.6428465695 nfev=124 t=86.4s remaining=1881
    iter=120 E=-1.6428713488 nfev=125 t=87.0s remaining=1880
    iter=121 E=-1.6428923791 nfev=126 t=87.7s remaining=1879
    iter=122 E=-1.6429054191 nfev=127 t=88.4s remaining=1878
    iter=123 E=-1.6429204964 nfev=128 t=89.1s remaining=1877
    iter=124 E=-1.6429384010 nfev=129 t=89.7s remaining=1876
    iter=125 E=-1.6429666781 nfev=130 t=90.4s remaining=1875
    iter=126 E=-1.6430081411 nfev=131 t=91.1s remaining=1874
    iter=127 E=-1.6430615603 nfev=132 t=91.8s remaining=1873
    iter=128 E=-1.6431301440 nfev=133 t=92.4s remaining=1872
    iter=129 E=-1.6432261491 nfev=134 t=93.1s remaining=1871
    iter=130 E=-1.6433097774 nfev=135 t=93.8s remaining=1870
    iter=131 E=-1.6433542990 nfev=136 t=94.4s remaining=1869
    iter=132 E=-1.6433845557 nfev=137 t=95.2s remaining=1868
    iter=133 E=-1.6434009754 nfev=138 t=95.9s remaining=1867
    iter=134 E=-1.6434174643 nfev=139 t=96.5s remaining=1866
    iter=135 E=-1.6434325228 nfev=140 t=97.2s remaining=1865
    iter=136 E=-1.6434465219 nfev=141 t=97.8s remaining=1864
    iter=137 E=-1.6434692340 nfev=142 t=98.5s remaining=1863
    iter=138 E=-1.6435047474 nfev=143 t=99.2s remaining=1862
    iter=139 E=-1.6435518861 nfev=144 t=99.8s remaining=1861
    iter=140 E=-1.6435893602 nfev=145 t=100.5s remaining=1860
    iter=141 E=-1.6436072061 nfev=147 t=101.9s remaining=1859
    iter=142 E=-1.6436314579 nfev=148 t=102.6s remaining=1858
    iter=143 E=-1.6436583295 nfev=149 t=103.3s remaining=1857
    iter=144 E=-1.6436782338 nfev=150 t=104.0s remaining=1856
    iter=145 E=-1.6437004311 nfev=151 t=104.7s remaining=1855
    iter=146 E=-1.6437318957 nfev=152 t=105.4s remaining=1854
    iter=147 E=-1.6437603734 nfev=153 t=106.0s remaining=1853
    iter=148 E=-1.6437801320 nfev=154 t=106.7s remaining=1852
    iter=149 E=-1.6437997149 nfev=155 t=107.4s remaining=1851
    iter=150 E=-1.6438145461 nfev=156 t=108.2s remaining=1850
    iter=151 E=-1.6438301903 nfev=157 t=108.9s remaining=1849
    iter=152 E=-1.6438483815 nfev=158 t=109.7s remaining=1848
    iter=153 E=-1.6438627359 nfev=159 t=110.5s remaining=1847
    iter=154 E=-1.6438741423 nfev=160 t=111.2s remaining=1846
    iter=155 E=-1.6438860654 nfev=161 t=111.9s remaining=1845
    iter=156 E=-1.6439026408 nfev=162 t=112.6s remaining=1844
    iter=157 E=-1.6439250881 nfev=163 t=113.3s remaining=1843
    iter=158 E=-1.6439532261 nfev=164 t=114.0s remaining=1842
    iter=159 E=-1.6439830246 nfev=165 t=114.7s remaining=1841
    iter=160 E=-1.6440143107 nfev=166 t=115.4s remaining=1840
    iter=161 E=-1.6440484599 nfev=167 t=116.1s remaining=1839
    iter=162 E=-1.6440778869 nfev=168 t=116.8s remaining=1838
    iter=163 E=-1.6441036828 nfev=169 t=117.5s remaining=1837
    iter=164 E=-1.6441226051 nfev=170 t=118.2s remaining=1836
    iter=165 E=-1.6441429680 nfev=171 t=118.9s remaining=1835
    iter=166 E=-1.6441542752 nfev=172 t=119.7s remaining=1834
    iter=167 E=-1.6441645777 nfev=173 t=120.5s remaining=1833
    iter=168 E=-1.6441780607 nfev=174 t=121.1s remaining=1832
    iter=169 E=-1.6441939360 nfev=175 t=121.8s remaining=1831
    iter=170 E=-1.6442167701 nfev=176 t=122.5s remaining=1830
    iter=171 E=-1.6442479448 nfev=177 t=123.2s remaining=1829
    iter=172 E=-1.6442782954 nfev=178 t=124.0s remaining=1828
    iter=173 E=-1.6443075979 nfev=179 t=124.7s remaining=1827
    iter=174 E=-1.6443481350 nfev=180 t=125.4s remaining=1826
    iter=175 E=-1.6444095321 nfev=181 t=126.0s remaining=1825
    iter=176 E=-1.6444864644 nfev=182 t=126.7s remaining=1824
    iter=177 E=-1.6445452282 nfev=183 t=127.4s remaining=1823
    iter=178 E=-1.6445960620 nfev=184 t=128.1s remaining=1822
    iter=179 E=-1.6446256527 nfev=185 t=128.8s remaining=1821
    iter=180 E=-1.6446409445 nfev=186 t=129.5s remaining=1820
    iter=181 E=-1.6446567906 nfev=187 t=130.1s remaining=1819
    iter=182 E=-1.6446688900 nfev=188 t=130.9s remaining=1818
    iter=183 E=-1.6446839195 nfev=189 t=131.6s remaining=1817
    iter=184 E=-1.6446969811 nfev=190 t=132.3s remaining=1816
    iter=185 E=-1.6447069529 nfev=191 t=133.1s remaining=1815
    iter=186 E=-1.6447176774 nfev=192 t=133.8s remaining=1814
    iter=187 E=-1.6447297763 nfev=193 t=134.5s remaining=1813
    iter=188 E=-1.6447440420 nfev=194 t=135.2s remaining=1812
    iter=189 E=-1.6447638254 nfev=195 t=135.9s remaining=1811
    iter=190 E=-1.6447915668 nfev=196 t=136.6s remaining=1810
    iter=191 E=-1.6448274020 nfev=197 t=137.3s remaining=1809
    iter=192 E=-1.6448605738 nfev=198 t=137.9s remaining=1808
    iter=193 E=-1.6448838525 nfev=199 t=138.6s remaining=1807
    iter=194 E=-1.6448959246 nfev=200 t=139.2s remaining=1806
    iter=195 E=-1.6449045326 nfev=201 t=139.8s remaining=1805
    iter=196 E=-1.6449115920 nfev=202 t=140.5s remaining=1804
    iter=197 E=-1.6449198958 nfev=203 t=141.1s remaining=1803
    iter=198 E=-1.6449303417 nfev=204 t=141.8s remaining=1802
    iter=199 E=-1.6449473625 nfev=205 t=142.4s remaining=1801
    iter=200 E=-1.6449761719 nfev=206 t=143.1s remaining=1800
    iter=201 E=-1.6450226585 nfev=207 t=143.8s remaining=1799
    iter=202 E=-1.6450858669 nfev=208 t=144.4s remaining=1798
    iter=203 E=-1.6451210585 nfev=209 t=145.1s remaining=1797
    iter=204 E=-1.6451702500 nfev=210 t=145.7s remaining=1796
    iter=205 E=-1.6452135100 nfev=211 t=146.4s remaining=1795
    iter=206 E=-1.6452354787 nfev=212 t=147.1s remaining=1794
    iter=207 E=-1.6452575920 nfev=213 t=147.8s remaining=1793
    iter=208 E=-1.6452759188 nfev=214 t=148.4s remaining=1792
    iter=209 E=-1.6452962089 nfev=215 t=149.1s remaining=1791
    iter=210 E=-1.6453124899 nfev=216 t=149.8s remaining=1790
    iter=211 E=-1.6453192630 nfev=217 t=150.4s remaining=1789
    iter=212 E=-1.6453281105 nfev=218 t=151.1s remaining=1788
    iter=213 E=-1.6453391336 nfev=219 t=151.8s remaining=1787
    iter=214 E=-1.6453523740 nfev=220 t=152.4s remaining=1786
    iter=215 E=-1.6453729116 nfev=221 t=153.1s remaining=1785
    iter=216 E=-1.6453985650 nfev=222 t=153.8s remaining=1784
    iter=217 E=-1.6454137602 nfev=223 t=154.5s remaining=1783
    iter=218 E=-1.6454277155 nfev=224 t=155.1s remaining=1782
    iter=219 E=-1.6454372973 nfev=225 t=155.9s remaining=1781
    iter=220 E=-1.6454463697 nfev=226 t=156.6s remaining=1780
    iter=221 E=-1.6454587877 nfev=227 t=157.3s remaining=1779
    iter=222 E=-1.6454743484 nfev=228 t=158.0s remaining=1778
    iter=223 E=-1.6454933043 nfev=229 t=158.7s remaining=1777
    iter=224 E=-1.6455194555 nfev=230 t=159.3s remaining=1776
    iter=225 E=-1.6455518748 nfev=231 t=160.0s remaining=1775
    iter=226 E=-1.6455822352 nfev=232 t=160.7s remaining=1774
    iter=227 E=-1.6456130088 nfev=233 t=161.4s remaining=1773
    iter=228 E=-1.6456422344 nfev=234 t=162.1s remaining=1772
    iter=229 E=-1.6456766740 nfev=235 t=162.8s remaining=1771
    iter=230 E=-1.6457019182 nfev=236 t=163.5s remaining=1770
    iter=231 E=-1.6457216755 nfev=237 t=164.2s remaining=1769
    iter=232 E=-1.6457350956 nfev=238 t=164.8s remaining=1768
    iter=233 E=-1.6457466156 nfev=239 t=165.5s remaining=1767
    iter=234 E=-1.6457631529 nfev=240 t=166.2s remaining=1766
    iter=235 E=-1.6457827731 nfev=241 t=166.9s remaining=1765
    iter=236 E=-1.6457965094 nfev=242 t=167.5s remaining=1764
    iter=237 E=-1.6458121450 nfev=243 t=168.2s remaining=1763
    iter=238 E=-1.6458340049 nfev=244 t=168.8s remaining=1762
    iter=239 E=-1.6458623798 nfev=245 t=169.6s remaining=1761
    iter=240 E=-1.6459004405 nfev=246 t=170.2s remaining=1760
    iter=241 E=-1.6459290092 nfev=247 t=170.9s remaining=1759
    iter=242 E=-1.6459527146 nfev=248 t=171.5s remaining=1758
    iter=243 E=-1.6459602425 nfev=249 t=172.2s remaining=1757
    iter=244 E=-1.6459717936 nfev=250 t=172.9s remaining=1756
    iter=245 E=-1.6459868372 nfev=251 t=173.6s remaining=1755
    iter=246 E=-1.6459977175 nfev=252 t=174.2s remaining=1754
    iter=247 E=-1.6460061801 nfev=253 t=174.9s remaining=1753
    iter=248 E=-1.6460134654 nfev=254 t=175.6s remaining=1752
    iter=249 E=-1.6460207848 nfev=255 t=176.3s remaining=1751
    iter=250 E=-1.6460279351 nfev=256 t=177.0s remaining=1750
    iter=251 E=-1.6460375259 nfev=257 t=177.7s remaining=1749
    iter=252 E=-1.6460493496 nfev=258 t=178.4s remaining=1748
    iter=253 E=-1.6460597560 nfev=259 t=179.1s remaining=1747
    iter=254 E=-1.6460696998 nfev=260 t=179.8s remaining=1746
    iter=255 E=-1.6460846956 nfev=261 t=180.5s remaining=1745
    iter=256 E=-1.6461071748 nfev=262 t=181.2s remaining=1744
    iter=257 E=-1.6461368699 nfev=263 t=181.9s remaining=1743
    iter=258 E=-1.6461542607 nfev=264 t=182.6s remaining=1742
    iter=259 E=-1.6461816276 nfev=265 t=183.3s remaining=1741
    iter=260 E=-1.6462188661 nfev=266 t=183.9s remaining=1740
    iter=261 E=-1.6462585039 nfev=267 t=184.6s remaining=1739
    iter=262 E=-1.6463054675 nfev=268 t=185.3s remaining=1738
    iter=263 E=-1.6463499938 nfev=269 t=186.0s remaining=1737
    iter=264 E=-1.6463695695 nfev=270 t=186.7s remaining=1736
    iter=265 E=-1.6463949190 nfev=271 t=187.4s remaining=1735
    iter=266 E=-1.6464107860 nfev=272 t=188.1s remaining=1734
    iter=267 E=-1.6464296304 nfev=273 t=188.9s remaining=1733
    iter=268 E=-1.6464509228 nfev=274 t=189.6s remaining=1732
    iter=269 E=-1.6464752785 nfev=275 t=190.3s remaining=1731
    iter=270 E=-1.6465035885 nfev=276 t=190.9s remaining=1730
    iter=271 E=-1.6465231084 nfev=277 t=191.6s remaining=1729
    iter=272 E=-1.6465406601 nfev=278 t=192.3s remaining=1728
    iter=273 E=-1.6465524890 nfev=279 t=193.0s remaining=1727
    iter=274 E=-1.6465675164 nfev=280 t=193.7s remaining=1726
    iter=275 E=-1.6465776151 nfev=281 t=194.4s remaining=1725
    iter=276 E=-1.6465896980 nfev=282 t=195.2s remaining=1724
    iter=277 E=-1.6466011532 nfev=283 t=195.9s remaining=1723
    iter=278 E=-1.6466120463 nfev=284 t=196.6s remaining=1722
    iter=279 E=-1.6466219348 nfev=285 t=197.3s remaining=1721
    iter=280 E=-1.6466313147 nfev=286 t=198.0s remaining=1720
    iter=281 E=-1.6466411341 nfev=287 t=198.7s remaining=1719
    iter=282 E=-1.6466532359 nfev=288 t=199.4s remaining=1718
    iter=283 E=-1.6466670509 nfev=289 t=200.1s remaining=1717
    iter=284 E=-1.6466805616 nfev=290 t=200.8s remaining=1716
    iter=285 E=-1.6466936909 nfev=291 t=201.5s remaining=1715
    iter=286 E=-1.6467108365 nfev=292 t=202.2s remaining=1714
    iter=287 E=-1.6467331467 nfev=293 t=202.8s remaining=1713
    iter=288 E=-1.6467545448 nfev=294 t=203.6s remaining=1712
    iter=289 E=-1.6467775921 nfev=295 t=204.3s remaining=1711
    iter=290 E=-1.6468057089 nfev=296 t=205.0s remaining=1710
    iter=291 E=-1.6468384549 nfev=297 t=205.7s remaining=1709
    iter=292 E=-1.6468545321 nfev=298 t=206.4s remaining=1708
    iter=293 E=-1.6468727920 nfev=299 t=207.0s remaining=1707
    iter=294 E=-1.6468830903 nfev=300 t=207.7s remaining=1706
    iter=295 E=-1.6468975415 nfev=301 t=208.4s remaining=1705
    iter=296 E=-1.6469115454 nfev=302 t=209.1s remaining=1704
    iter=297 E=-1.6469131465 nfev=303 t=209.8s remaining=1703
    iter=298 E=-1.6469161530 nfev=304 t=210.4s remaining=1702
    iter=299 E=-1.6469216209 nfev=305 t=211.1s remaining=1701
    iter=300 E=-1.6469308862 nfev=306 t=211.7s remaining=1700
    iter=301 E=-1.6469430834 nfev=307 t=212.4s remaining=1699
    iter=302 E=-1.6469484862 nfev=308 t=213.1s remaining=1698
    iter=303 E=-1.6469537962 nfev=309 t=213.8s remaining=1697
    iter=304 E=-1.6469608707 nfev=310 t=214.4s remaining=1696
    iter=305 E=-1.6469718200 nfev=311 t=215.1s remaining=1695
    iter=306 E=-1.6469866168 nfev=312 t=215.9s remaining=1694
    iter=307 E=-1.6470025021 nfev=313 t=216.6s remaining=1693
    iter=308 E=-1.6470170447 nfev=314 t=217.3s remaining=1692
    iter=309 E=-1.6470387624 nfev=315 t=218.1s remaining=1691
    iter=310 E=-1.6470703990 nfev=316 t=218.8s remaining=1690
    iter=311 E=-1.6470990143 nfev=317 t=219.6s remaining=1689
    iter=312 E=-1.6471089968 nfev=318 t=220.3s remaining=1688
    iter=313 E=-1.6471243603 nfev=319 t=221.0s remaining=1687
    iter=314 E=-1.6471434380 nfev=320 t=221.7s remaining=1686
    iter=315 E=-1.6471567701 nfev=321 t=222.4s remaining=1685
    iter=316 E=-1.6471701481 nfev=322 t=223.1s remaining=1684
    iter=317 E=-1.6471848338 nfev=323 t=223.8s remaining=1683
    iter=318 E=-1.6471980945 nfev=324 t=224.5s remaining=1682
    iter=319 E=-1.6472107957 nfev=325 t=225.2s remaining=1681
    iter=320 E=-1.6472239928 nfev=326 t=225.9s remaining=1680
    iter=321 E=-1.6472357437 nfev=327 t=226.6s remaining=1679
    iter=322 E=-1.6472440090 nfev=328 t=227.2s remaining=1678
    iter=323 E=-1.6472534594 nfev=329 t=227.9s remaining=1677
    iter=324 E=-1.6472652898 nfev=330 t=228.6s remaining=1676
    iter=325 E=-1.6472757127 nfev=331 t=229.2s remaining=1675
    iter=326 E=-1.6472893290 nfev=332 t=229.9s remaining=1674
    iter=327 E=-1.6473080932 nfev=333 t=230.6s remaining=1673
    iter=328 E=-1.6473246135 nfev=334 t=231.3s remaining=1672
    iter=329 E=-1.6473393163 nfev=335 t=232.1s remaining=1671
    iter=330 E=-1.6473503762 nfev=336 t=232.8s remaining=1670
    iter=331 E=-1.6473645283 nfev=337 t=233.5s remaining=1669
    iter=332 E=-1.6473780588 nfev=338 t=234.2s remaining=1668
    iter=333 E=-1.6473846660 nfev=339 t=234.9s remaining=1667
    iter=334 E=-1.6473919668 nfev=340 t=235.5s remaining=1666
    iter=335 E=-1.6473965327 nfev=341 t=236.2s remaining=1665
    iter=336 E=-1.6474012917 nfev=342 t=236.9s remaining=1664
    iter=337 E=-1.6474079006 nfev=343 t=237.6s remaining=1663
    iter=338 E=-1.6474175260 nfev=344 t=238.3s remaining=1662
    iter=339 E=-1.6474297494 nfev=345 t=239.0s remaining=1661
    iter=340 E=-1.6474431531 nfev=346 t=239.7s remaining=1660
    iter=341 E=-1.6474566414 nfev=347 t=240.4s remaining=1659
    iter=342 E=-1.6474716699 nfev=348 t=241.1s remaining=1658
    iter=343 E=-1.6474840989 nfev=349 t=241.8s remaining=1657
    iter=344 E=-1.6474949644 nfev=350 t=242.5s remaining=1656
    iter=345 E=-1.6475038493 nfev=351 t=243.2s remaining=1655
    iter=346 E=-1.6475113758 nfev=352 t=243.9s remaining=1654
    iter=347 E=-1.6475196139 nfev=353 t=244.6s remaining=1653
    iter=348 E=-1.6475295450 nfev=354 t=245.3s remaining=1652
    iter=349 E=-1.6475390260 nfev=355 t=246.0s remaining=1651
    iter=350 E=-1.6475496593 nfev=356 t=246.7s remaining=1650
    iter=351 E=-1.6475601402 nfev=357 t=247.4s remaining=1649
    iter=352 E=-1.6475683956 nfev=358 t=248.2s remaining=1648
    iter=353 E=-1.6475769898 nfev=359 t=249.2s remaining=1647
    iter=354 E=-1.6475834164 nfev=360 t=249.8s remaining=1646
    iter=355 E=-1.6475894848 nfev=361 t=250.5s remaining=1645
    iter=356 E=-1.6475968946 nfev=362 t=251.2s remaining=1644
    iter=357 E=-1.6476064954 nfev=363 t=251.9s remaining=1643
    iter=358 E=-1.6476169559 nfev=364 t=252.6s remaining=1642
    iter=359 E=-1.6476282835 nfev=365 t=253.3s remaining=1641
    iter=360 E=-1.6476403148 nfev=366 t=254.0s remaining=1640
    iter=361 E=-1.6476514352 nfev=367 t=254.6s remaining=1639
    iter=362 E=-1.6476655771 nfev=368 t=255.3s remaining=1638
    iter=363 E=-1.6476813079 nfev=369 t=256.1s remaining=1637
    iter=364 E=-1.6476990508 nfev=370 t=256.9s remaining=1636
    iter=365 E=-1.6477200175 nfev=371 t=257.5s remaining=1635
    iter=366 E=-1.6477358900 nfev=372 t=258.2s remaining=1634
    iter=367 E=-1.6477432780 nfev=373 t=258.9s remaining=1633
    iter=368 E=-1.6477539100 nfev=374 t=259.6s remaining=1632
    iter=369 E=-1.6477633602 nfev=375 t=260.2s remaining=1631
    iter=370 E=-1.6477703132 nfev=376 t=260.9s remaining=1630
    iter=371 E=-1.6477767260 nfev=377 t=261.7s remaining=1629
    iter=372 E=-1.6477817782 nfev=378 t=262.3s remaining=1628
    iter=373 E=-1.6477843366 nfev=379 t=263.0s remaining=1627
    iter=374 E=-1.6477873692 nfev=380 t=263.8s remaining=1626
    iter=375 E=-1.6477902443 nfev=381 t=264.4s remaining=1625
    iter=376 E=-1.6477946689 nfev=382 t=265.1s remaining=1624
    iter=377 E=-1.6478009118 nfev=383 t=265.8s remaining=1623
    iter=378 E=-1.6478069694 nfev=384 t=266.6s remaining=1622
    iter=379 E=-1.6478107167 nfev=385 t=267.2s remaining=1621
    iter=380 E=-1.6478165968 nfev=386 t=267.9s remaining=1620
    iter=381 E=-1.6478263529 nfev=387 t=268.6s remaining=1619
    iter=382 E=-1.6478415910 nfev=388 t=269.2s remaining=1618
    iter=383 E=-1.6478608891 nfev=389 t=269.9s remaining=1617
    iter=384 E=-1.6478711119 nfev=390 t=270.6s remaining=1616
    iter=385 E=-1.6478828605 nfev=391 t=271.2s remaining=1615
    iter=386 E=-1.6478970978 nfev=392 t=271.9s remaining=1614
    iter=387 E=-1.6479137847 nfev=393 t=272.6s remaining=1613
    iter=388 E=-1.6479309103 nfev=394 t=273.2s remaining=1612
    iter=389 E=-1.6479354300 nfev=395 t=273.9s remaining=1611
    iter=390 E=-1.6479409566 nfev=396 t=274.6s remaining=1610
    iter=391 E=-1.6479448886 nfev=397 t=275.3s remaining=1609
    iter=392 E=-1.6479487629 nfev=398 t=276.0s remaining=1608
    iter=393 E=-1.6479529377 nfev=399 t=276.7s remaining=1607
    iter=394 E=-1.6479579267 nfev=400 t=277.3s remaining=1606
    iter=395 E=-1.6479639519 nfev=401 t=278.0s remaining=1605
    iter=396 E=-1.6479696799 nfev=402 t=278.6s remaining=1604
    iter=397 E=-1.6479748685 nfev=403 t=279.4s remaining=1603
    iter=398 E=-1.6479800287 nfev=404 t=280.1s remaining=1602
    iter=399 E=-1.6479853246 nfev=405 t=280.8s remaining=1601
    iter=400 E=-1.6479921349 nfev=406 t=281.5s remaining=1600
    iter=401 E=-1.6480024728 nfev=407 t=282.2s remaining=1599
    iter=402 E=-1.6480188901 nfev=408 t=282.9s remaining=1598
    iter=403 E=-1.6480428635 nfev=409 t=283.6s remaining=1597
    iter=404 E=-1.6480678528 nfev=410 t=284.3s remaining=1596
    iter=405 E=-1.6480808622 nfev=411 t=285.0s remaining=1595
    iter=406 E=-1.6480944795 nfev=412 t=285.6s remaining=1594
    iter=407 E=-1.6481027963 nfev=413 t=286.4s remaining=1593
    iter=408 E=-1.6481090058 nfev=414 t=287.1s remaining=1592
    iter=409 E=-1.6481163958 nfev=415 t=287.8s remaining=1591
    iter=410 E=-1.6481221515 nfev=416 t=288.4s remaining=1590
    iter=411 E=-1.6481285670 nfev=417 t=289.1s remaining=1589
    iter=412 E=-1.6481330407 nfev=418 t=289.8s remaining=1588
    iter=413 E=-1.6481398112 nfev=419 t=290.5s remaining=1587
    iter=414 E=-1.6481496516 nfev=420 t=291.1s remaining=1586
    iter=415 E=-1.6481599660 nfev=421 t=291.8s remaining=1585
    iter=416 E=-1.6481693951 nfev=422 t=292.5s remaining=1584
    iter=417 E=-1.6481775338 nfev=423 t=293.1s remaining=1583
    iter=418 E=-1.6481841451 nfev=424 t=293.8s remaining=1582
    iter=419 E=-1.6481884975 nfev=425 t=294.4s remaining=1581
    iter=420 E=-1.6481946459 nfev=426 t=295.1s remaining=1580
    iter=421 E=-1.6482025028 nfev=427 t=295.8s remaining=1579
    iter=422 E=-1.6482093681 nfev=428 t=296.5s remaining=1578
    iter=423 E=-1.6482175778 nfev=429 t=297.1s remaining=1577
    iter=424 E=-1.6482264761 nfev=430 t=297.8s remaining=1576
    iter=425 E=-1.6482378626 nfev=431 t=298.5s remaining=1575
    iter=426 E=-1.6482532830 nfev=432 t=299.2s remaining=1574
    iter=427 E=-1.6482726562 nfev=433 t=300.0s remaining=1573
    iter=428 E=-1.6482859465 nfev=434 t=300.7s remaining=1572
    iter=429 E=-1.6482908334 nfev=435 t=301.4s remaining=1571
    iter=430 E=-1.6482983688 nfev=436 t=302.1s remaining=1570
    iter=431 E=-1.6483084499 nfev=437 t=302.8s remaining=1569
    iter=432 E=-1.6483160728 nfev=438 t=303.5s remaining=1568
    iter=433 E=-1.6483202349 nfev=439 t=304.2s remaining=1567
    iter=434 E=-1.6483242662 nfev=440 t=304.9s remaining=1566
    iter=435 E=-1.6483290044 nfev=441 t=305.7s remaining=1565
    iter=436 E=-1.6483329695 nfev=442 t=306.4s remaining=1564
    iter=437 E=-1.6483365329 nfev=443 t=307.1s remaining=1563
    iter=438 E=-1.6483400482 nfev=444 t=307.8s remaining=1562
    iter=439 E=-1.6483440630 nfev=445 t=308.5s remaining=1561
    iter=440 E=-1.6483493887 nfev=446 t=309.2s remaining=1560
    iter=441 E=-1.6483557070 nfev=447 t=309.9s remaining=1559
    iter=442 E=-1.6483613486 nfev=448 t=310.6s remaining=1558
    iter=443 E=-1.6483669957 nfev=449 t=311.3s remaining=1557
    iter=444 E=-1.6483719202 nfev=450 t=312.0s remaining=1556
    iter=445 E=-1.6483744914 nfev=451 t=312.8s remaining=1555
    iter=446 E=-1.6483773227 nfev=452 t=313.4s remaining=1554
    iter=447 E=-1.6483806719 nfev=453 t=314.2s remaining=1553
    iter=448 E=-1.6483857252 nfev=454 t=314.8s remaining=1552
    iter=449 E=-1.6483937769 nfev=455 t=315.5s remaining=1551
    iter=450 E=-1.6484049935 nfev=456 t=316.2s remaining=1550
    iter=451 E=-1.6484135859 nfev=457 t=316.9s remaining=1549
    iter=452 E=-1.6484200546 nfev=458 t=317.6s remaining=1548
    iter=453 E=-1.6484262121 nfev=459 t=318.3s remaining=1547
    iter=454 E=-1.6484343019 nfev=460 t=319.0s remaining=1546
    iter=455 E=-1.6484432561 nfev=461 t=319.7s remaining=1545
    iter=456 E=-1.6484525303 nfev=462 t=320.4s remaining=1544
    iter=457 E=-1.6484601929 nfev=463 t=321.1s remaining=1543
    iter=458 E=-1.6484635189 nfev=464 t=321.8s remaining=1542
    iter=459 E=-1.6484678106 nfev=465 t=322.5s remaining=1541
    iter=460 E=-1.6484720682 nfev=466 t=323.2s remaining=1540
    iter=461 E=-1.6484793872 nfev=467 t=323.9s remaining=1539
    iter=462 E=-1.6484918740 nfev=468 t=324.7s remaining=1538
    iter=463 E=-1.6485077739 nfev=469 t=325.4s remaining=1537
    iter=464 E=-1.6485184353 nfev=470 t=326.1s remaining=1536
    iter=465 E=-1.6485283185 nfev=471 t=326.8s remaining=1535
    iter=466 E=-1.6485339318 nfev=472 t=327.5s remaining=1534
    iter=467 E=-1.6485402586 nfev=473 t=328.2s remaining=1533
    iter=468 E=-1.6485446646 nfev=474 t=328.8s remaining=1532
    iter=469 E=-1.6485491593 nfev=475 t=329.5s remaining=1531
    iter=470 E=-1.6485539031 nfev=476 t=330.2s remaining=1530
    iter=471 E=-1.6485600890 nfev=477 t=330.9s remaining=1529
    iter=472 E=-1.6485654104 nfev=478 t=331.6s remaining=1528
    iter=473 E=-1.6485710727 nfev=479 t=332.3s remaining=1527
    iter=474 E=-1.6485764510 nfev=480 t=333.0s remaining=1526
    iter=475 E=-1.6485820560 nfev=481 t=333.7s remaining=1525
    iter=476 E=-1.6485885840 nfev=482 t=334.4s remaining=1524
    iter=477 E=-1.6485954638 nfev=483 t=335.2s remaining=1523
    iter=478 E=-1.6486034690 nfev=484 t=335.9s remaining=1522
    iter=479 E=-1.6486121128 nfev=485 t=336.6s remaining=1521
    iter=480 E=-1.6486219321 nfev=486 t=337.3s remaining=1520
    iter=481 E=-1.6486324284 nfev=487 t=338.1s remaining=1519
    iter=482 E=-1.6486415890 nfev=488 t=338.9s remaining=1518
    iter=483 E=-1.6486503285 nfev=489 t=339.6s remaining=1517
    iter=484 E=-1.6486552976 nfev=490 t=340.4s remaining=1516
    iter=485 E=-1.6486580743 nfev=491 t=341.1s remaining=1515
    iter=486 E=-1.6486614516 nfev=492 t=341.8s remaining=1514
    iter=487 E=-1.6486655009 nfev=493 t=342.6s remaining=1513
    iter=488 E=-1.6486708389 nfev=494 t=343.3s remaining=1512
    iter=489 E=-1.6486780376 nfev=495 t=344.0s remaining=1511
    iter=490 E=-1.6486858815 nfev=496 t=344.7s remaining=1510
    iter=491 E=-1.6486892626 nfev=497 t=345.5s remaining=1509
    iter=492 E=-1.6486947887 nfev=498 t=346.2s remaining=1508
    iter=493 E=-1.6487017495 nfev=499 t=347.0s remaining=1507
    iter=494 E=-1.6487064556 nfev=500 t=347.7s remaining=1506
    iter=495 E=-1.6487126953 nfev=501 t=348.4s remaining=1505
    iter=496 E=-1.6487229151 nfev=502 t=349.1s remaining=1504
    iter=497 E=-1.6487373397 nfev=503 t=349.9s remaining=1503
    iter=498 E=-1.6487487392 nfev=504 t=350.7s remaining=1502
    iter=499 E=-1.6487565646 nfev=505 t=351.4s remaining=1501
    iter=500 E=-1.6487636411 nfev=506 t=352.1s remaining=1500
    iter=501 E=-1.6487692199 nfev=507 t=352.8s remaining=1499
    iter=502 E=-1.6487735096 nfev=508 t=353.5s remaining=1498
    iter=503 E=-1.6487780035 nfev=509 t=354.2s remaining=1497
    iter=504 E=-1.6487830303 nfev=510 t=355.0s remaining=1496
    iter=505 E=-1.6487883932 nfev=511 t=355.7s remaining=1495
    iter=506 E=-1.6487948267 nfev=512 t=356.5s remaining=1494
    iter=507 E=-1.6488000730 nfev=513 t=357.1s remaining=1493
    iter=508 E=-1.6488056041 nfev=514 t=357.8s remaining=1492
    iter=509 E=-1.6488103038 nfev=515 t=358.6s remaining=1491
    iter=510 E=-1.6488164426 nfev=516 t=359.3s remaining=1490
    iter=511 E=-1.6488235775 nfev=517 t=360.0s remaining=1489
    iter=512 E=-1.6488307884 nfev=518 t=360.7s remaining=1488
    iter=513 E=-1.6488400133 nfev=519 t=361.4s remaining=1487
    iter=514 E=-1.6488509750 nfev=520 t=362.0s remaining=1486
    iter=515 E=-1.6488572926 nfev=521 t=362.7s remaining=1485
    iter=516 E=-1.6488653182 nfev=522 t=363.4s remaining=1484
    iter=517 E=-1.6488723706 nfev=523 t=364.1s remaining=1483
    iter=518 E=-1.6488756662 nfev=524 t=364.8s remaining=1482
    iter=519 E=-1.6488790475 nfev=525 t=365.5s remaining=1481
    iter=520 E=-1.6488818669 nfev=526 t=366.2s remaining=1480
    iter=521 E=-1.6488847463 nfev=527 t=366.9s remaining=1479
    iter=522 E=-1.6488876431 nfev=528 t=367.6s remaining=1478
    iter=523 E=-1.6488921589 nfev=529 t=368.2s remaining=1477
    iter=524 E=-1.6488989608 nfev=530 t=368.9s remaining=1476
    iter=525 E=-1.6489058271 nfev=531 t=369.6s remaining=1475
    iter=526 E=-1.6489103776 nfev=532 t=370.2s remaining=1474
    iter=527 E=-1.6489140462 nfev=533 t=370.9s remaining=1473
    iter=528 E=-1.6489184429 nfev=534 t=371.6s remaining=1472
    iter=529 E=-1.6489224083 nfev=535 t=372.3s remaining=1471
    iter=530 E=-1.6489269417 nfev=536 t=373.1s remaining=1470
    iter=531 E=-1.6489318425 nfev=537 t=373.7s remaining=1469
    iter=532 E=-1.6489371139 nfev=538 t=374.4s remaining=1468
    iter=533 E=-1.6489439345 nfev=539 t=375.1s remaining=1467
    iter=534 E=-1.6489533835 nfev=540 t=375.8s remaining=1466
    iter=535 E=-1.6489643930 nfev=541 t=376.5s remaining=1465
    iter=536 E=-1.6489739695 nfev=542 t=377.2s remaining=1464
    iter=537 E=-1.6489827784 nfev=543 t=377.9s remaining=1463
    iter=538 E=-1.6489881207 nfev=544 t=378.5s remaining=1462
    iter=539 E=-1.6489927399 nfev=545 t=379.2s remaining=1461
    iter=540 E=-1.6489975731 nfev=546 t=379.9s remaining=1460
    iter=541 E=-1.6490030703 nfev=547 t=380.6s remaining=1459
    iter=542 E=-1.6490087640 nfev=548 t=381.2s remaining=1458
    iter=543 E=-1.6490153064 nfev=549 t=381.9s remaining=1457
    iter=544 E=-1.6490227448 nfev=550 t=382.5s remaining=1456
    iter=545 E=-1.6490297506 nfev=551 t=383.2s remaining=1455
    iter=546 E=-1.6490363145 nfev=552 t=383.8s remaining=1454
    iter=547 E=-1.6490426086 nfev=553 t=384.5s remaining=1453
    iter=548 E=-1.6490469515 nfev=554 t=385.2s remaining=1452
    iter=549 E=-1.6490514358 nfev=555 t=385.9s remaining=1451
    iter=550 E=-1.6490540931 nfev=556 t=386.5s remaining=1450
    iter=551 E=-1.6490579732 nfev=557 t=387.2s remaining=1449
    iter=552 E=-1.6490624341 nfev=558 t=387.9s remaining=1448
    iter=553 E=-1.6490665293 nfev=559 t=388.6s remaining=1447
    iter=554 E=-1.6490711622 nfev=560 t=389.3s remaining=1446
    iter=555 E=-1.6490752818 nfev=561 t=390.0s remaining=1445
    iter=556 E=-1.6490797724 nfev=562 t=390.7s remaining=1444
    iter=557 E=-1.6490854948 nfev=563 t=391.4s remaining=1443
    iter=558 E=-1.6490939993 nfev=564 t=392.1s remaining=1442
    iter=559 E=-1.6491060922 nfev=565 t=392.8s remaining=1441
    iter=560 E=-1.6491173051 nfev=566 t=393.4s remaining=1440
    iter=561 E=-1.6491260664 nfev=567 t=394.1s remaining=1439
    iter=562 E=-1.6491355439 nfev=568 t=394.8s remaining=1438
    iter=563 E=-1.6491435267 nfev=569 t=395.5s remaining=1437
    iter=564 E=-1.6491515856 nfev=570 t=396.2s remaining=1436
    iter=565 E=-1.6491585759 nfev=571 t=396.9s remaining=1435
    iter=566 E=-1.6491666358 nfev=572 t=397.6s remaining=1434
    iter=567 E=-1.6491758606 nfev=573 t=398.3s remaining=1433
    iter=568 E=-1.6491843302 nfev=574 t=399.0s remaining=1432
    iter=569 E=-1.6491911539 nfev=575 t=399.7s remaining=1431
    iter=570 E=-1.6491984769 nfev=576 t=400.3s remaining=1430
    iter=571 E=-1.6492038420 nfev=577 t=401.0s remaining=1429
    iter=572 E=-1.6492075870 nfev=578 t=401.8s remaining=1428
    iter=573 E=-1.6492107783 nfev=579 t=402.5s remaining=1427
    iter=574 E=-1.6492132552 nfev=580 t=403.1s remaining=1426
    iter=575 E=-1.6492162109 nfev=581 t=403.8s remaining=1425
    iter=576 E=-1.6492204795 nfev=582 t=404.5s remaining=1424
    iter=577 E=-1.6492259737 nfev=583 t=405.2s remaining=1423
    iter=578 E=-1.6492335459 nfev=584 t=405.8s remaining=1422
    iter=579 E=-1.6492422332 nfev=585 t=406.5s remaining=1421
    iter=580 E=-1.6492506479 nfev=586 t=407.2s remaining=1420
    iter=581 E=-1.6492553023 nfev=587 t=407.8s remaining=1419
    iter=582 E=-1.6492603111 nfev=588 t=408.5s remaining=1418
    iter=583 E=-1.6492659030 nfev=589 t=409.2s remaining=1417
    iter=584 E=-1.6492714921 nfev=590 t=409.9s remaining=1416
    iter=585 E=-1.6492767596 nfev=591 t=410.6s remaining=1415
    iter=586 E=-1.6492807913 nfev=592 t=411.3s remaining=1414
    iter=587 E=-1.6492860488 nfev=593 t=412.0s remaining=1413
    iter=588 E=-1.6492913388 nfev=594 t=412.7s remaining=1412
    iter=589 E=-1.6492967898 nfev=595 t=413.3s remaining=1411
    iter=590 E=-1.6493044921 nfev=596 t=414.0s remaining=1410
    iter=591 E=-1.6493132905 nfev=597 t=414.7s remaining=1409
    iter=592 E=-1.6493198916 nfev=598 t=415.4s remaining=1408
    iter=593 E=-1.6493254899 nfev=599 t=416.0s remaining=1407
    iter=594 E=-1.6493306941 nfev=600 t=416.7s remaining=1406
    iter=595 E=-1.6493333055 nfev=601 t=417.4s remaining=1405
    iter=596 E=-1.6493369367 nfev=602 t=418.1s remaining=1404
    iter=597 E=-1.6493406962 nfev=603 t=418.9s remaining=1403
    iter=598 E=-1.6493422113 nfev=604 t=419.6s remaining=1402
    iter=599 E=-1.6493438664 nfev=605 t=420.3s remaining=1401
    iter=600 E=-1.6493461178 nfev=606 t=421.0s remaining=1400
    iter=601 E=-1.6493490054 nfev=607 t=421.7s remaining=1399
    iter=602 E=-1.6493529260 nfev=608 t=422.4s remaining=1398
    iter=603 E=-1.6493586217 nfev=609 t=423.1s remaining=1397
    iter=604 E=-1.6493658798 nfev=610 t=423.8s remaining=1396
    iter=605 E=-1.6493707657 nfev=611 t=424.5s remaining=1395
    iter=606 E=-1.6493753326 nfev=612 t=425.2s remaining=1394
    iter=607 E=-1.6493814807 nfev=613 t=426.0s remaining=1393
    iter=608 E=-1.6493887741 nfev=614 t=426.7s remaining=1392
    iter=609 E=-1.6493959019 nfev=615 t=427.4s remaining=1391
    iter=610 E=-1.6494019267 nfev=616 t=428.2s remaining=1390
    iter=611 E=-1.6494082295 nfev=617 t=428.9s remaining=1389
    iter=612 E=-1.6494160149 nfev=618 t=429.6s remaining=1388
    iter=613 E=-1.6494231187 nfev=619 t=430.3s remaining=1387
    iter=614 E=-1.6494302462 nfev=620 t=431.0s remaining=1386
    iter=615 E=-1.6494347296 nfev=621 t=431.7s remaining=1385
    iter=616 E=-1.6494388342 nfev=622 t=432.4s remaining=1384
    iter=617 E=-1.6494428994 nfev=623 t=433.2s remaining=1383
    iter=618 E=-1.6494480359 nfev=624 t=433.9s remaining=1382
    iter=619 E=-1.6494553583 nfev=625 t=434.5s remaining=1381
    iter=620 E=-1.6494613112 nfev=626 t=435.2s remaining=1380
    iter=621 E=-1.6494637573 nfev=627 t=435.9s remaining=1379
    iter=622 E=-1.6494649932 nfev=628 t=436.6s remaining=1378
    iter=623 E=-1.6494665562 nfev=629 t=437.3s remaining=1377
    iter=624 E=-1.6494681389 nfev=630 t=438.0s remaining=1376
    iter=625 E=-1.6494703904 nfev=631 t=438.7s remaining=1375
    iter=626 E=-1.6494740312 nfev=632 t=439.4s remaining=1374
    iter=627 E=-1.6494777238 nfev=633 t=440.0s remaining=1373
    iter=628 E=-1.6494809880 nfev=634 t=440.7s remaining=1372
    iter=629 E=-1.6494852773 nfev=635 t=441.4s remaining=1371
    iter=630 E=-1.6494902123 nfev=636 t=442.1s remaining=1370
    iter=631 E=-1.6494935058 nfev=637 t=442.8s remaining=1369
    iter=632 E=-1.6494974359 nfev=638 t=443.5s remaining=1368
    iter=633 E=-1.6495036186 nfev=639 t=444.2s remaining=1367
    iter=634 E=-1.6495120771 nfev=640 t=444.9s remaining=1366
    iter=635 E=-1.6495177909 nfev=641 t=445.6s remaining=1365
    iter=636 E=-1.6495227622 nfev=642 t=446.3s remaining=1364
    iter=637 E=-1.6495272056 nfev=643 t=447.0s remaining=1363
    iter=638 E=-1.6495323107 nfev=644 t=447.7s remaining=1362
    iter=639 E=-1.6495373311 nfev=645 t=448.4s remaining=1361
    iter=640 E=-1.6495406584 nfev=646 t=449.1s remaining=1360
    iter=641 E=-1.6495435193 nfev=647 t=449.8s remaining=1359
    iter=642 E=-1.6495468874 nfev=648 t=450.5s remaining=1358
    iter=643 E=-1.6495501023 nfev=649 t=451.3s remaining=1357
    iter=644 E=-1.6495533276 nfev=650 t=452.0s remaining=1356
    iter=645 E=-1.6495564126 nfev=651 t=452.7s remaining=1355
    iter=646 E=-1.6495587333 nfev=652 t=453.4s remaining=1354
    iter=647 E=-1.6495609986 nfev=653 t=454.1s remaining=1353
    iter=648 E=-1.6495633444 nfev=654 t=454.8s remaining=1352
    iter=649 E=-1.6495657815 nfev=655 t=455.5s remaining=1351
    iter=650 E=-1.6495679697 nfev=656 t=456.3s remaining=1350
    iter=651 E=-1.6495703505 nfev=657 t=457.0s remaining=1349
    iter=652 E=-1.6495738492 nfev=658 t=457.7s remaining=1348
    iter=653 E=-1.6495775638 nfev=659 t=458.4s remaining=1347
    iter=654 E=-1.6495825066 nfev=660 t=459.1s remaining=1346
    iter=655 E=-1.6495880411 nfev=661 t=459.8s remaining=1345
    iter=656 E=-1.6495929218 nfev=662 t=460.5s remaining=1344
    iter=657 E=-1.6495956864 nfev=663 t=461.3s remaining=1343
    iter=658 E=-1.6496002073 nfev=664 t=462.1s remaining=1342
    iter=659 E=-1.6496074715 nfev=665 t=462.8s remaining=1341
    iter=660 E=-1.6496171622 nfev=666 t=463.5s remaining=1340
    iter=661 E=-1.6496223466 nfev=667 t=464.2s remaining=1339
    iter=662 E=-1.6496283792 nfev=668 t=464.9s remaining=1338
    iter=663 E=-1.6496325338 nfev=669 t=465.6s remaining=1337
    iter=664 E=-1.6496351912 nfev=670 t=466.3s remaining=1336
    iter=665 E=-1.6496367613 nfev=671 t=467.0s remaining=1335
    iter=666 E=-1.6496392315 nfev=672 t=467.7s remaining=1334
    iter=667 E=-1.6496429292 nfev=673 t=468.5s remaining=1333
    iter=668 E=-1.6496477383 nfev=674 t=469.2s remaining=1332
    iter=669 E=-1.6496515852 nfev=675 t=470.0s remaining=1331
    iter=670 E=-1.6496570986 nfev=676 t=470.7s remaining=1330
    iter=671 E=-1.6496631382 nfev=677 t=471.4s remaining=1329
    iter=672 E=-1.6496663817 nfev=678 t=472.1s remaining=1328
    iter=673 E=-1.6496707513 nfev=679 t=472.9s remaining=1327
    iter=674 E=-1.6496754618 nfev=680 t=473.6s remaining=1326
    iter=675 E=-1.6496786936 nfev=681 t=474.3s remaining=1325
    iter=676 E=-1.6496810779 nfev=682 t=475.0s remaining=1324
    iter=677 E=-1.6496835833 nfev=683 t=475.7s remaining=1323
    iter=678 E=-1.6496861579 nfev=684 t=476.4s remaining=1322
    iter=679 E=-1.6496891858 nfev=685 t=477.2s remaining=1321
    iter=680 E=-1.6496932190 nfev=686 t=477.9s remaining=1320
    iter=681 E=-1.6496974811 nfev=687 t=478.7s remaining=1319
    iter=682 E=-1.6497030336 nfev=688 t=479.4s remaining=1318
    iter=683 E=-1.6497089982 nfev=689 t=480.1s remaining=1317
    iter=684 E=-1.6497139741 nfev=690 t=480.8s remaining=1316
    iter=685 E=-1.6497172939 nfev=691 t=481.5s remaining=1315
    iter=686 E=-1.6497192786 nfev=692 t=482.2s remaining=1314
    iter=687 E=-1.6497207116 nfev=693 t=482.9s remaining=1313
    iter=688 E=-1.6497227142 nfev=694 t=483.6s remaining=1312
    iter=689 E=-1.6497256834 nfev=695 t=484.2s remaining=1311
    iter=690 E=-1.6497293744 nfev=696 t=484.9s remaining=1310
    iter=691 E=-1.6497325457 nfev=697 t=485.6s remaining=1309
    iter=692 E=-1.6497361711 nfev=698 t=486.3s remaining=1308
    iter=693 E=-1.6497407873 nfev=699 t=487.1s remaining=1307
    iter=694 E=-1.6497465997 nfev=700 t=487.8s remaining=1306
    iter=695 E=-1.6497531725 nfev=701 t=488.5s remaining=1305
    iter=696 E=-1.6497579890 nfev=702 t=489.2s remaining=1304
    iter=697 E=-1.6497614758 nfev=703 t=489.9s remaining=1303
    iter=698 E=-1.6497649329 nfev=704 t=490.6s remaining=1302
    iter=699 E=-1.6497691794 nfev=705 t=491.2s remaining=1301
    iter=700 E=-1.6497728702 nfev=706 t=491.9s remaining=1300
    iter=701 E=-1.6497758799 nfev=707 t=492.6s remaining=1299
    iter=702 E=-1.6497785362 nfev=708 t=493.3s remaining=1298
    iter=703 E=-1.6497812409 nfev=709 t=494.0s remaining=1297
    iter=704 E=-1.6497833281 nfev=710 t=494.7s remaining=1296
    iter=705 E=-1.6497851700 nfev=711 t=495.5s remaining=1295
    iter=706 E=-1.6497872628 nfev=712 t=496.1s remaining=1294
    iter=707 E=-1.6497902448 nfev=713 t=496.9s remaining=1293
    iter=708 E=-1.6497946924 nfev=714 t=497.7s remaining=1292
    iter=709 E=-1.6498009846 nfev=715 t=498.4s remaining=1291
    iter=710 E=-1.6498069598 nfev=716 t=499.1s remaining=1290
    iter=711 E=-1.6498119795 nfev=717 t=499.9s remaining=1289
    iter=712 E=-1.6498175513 nfev=718 t=500.6s remaining=1288
    iter=713 E=-1.6498228915 nfev=719 t=501.3s remaining=1287
    iter=714 E=-1.6498289199 nfev=720 t=502.1s remaining=1286
    iter=715 E=-1.6498333068 nfev=721 t=502.8s remaining=1285
    iter=716 E=-1.6498379593 nfev=722 t=503.5s remaining=1284
    iter=717 E=-1.6498411163 nfev=723 t=504.3s remaining=1283
    iter=718 E=-1.6498447007 nfev=724 t=505.0s remaining=1282
    iter=719 E=-1.6498477284 nfev=725 t=505.7s remaining=1281
    iter=720 E=-1.6498512726 nfev=726 t=506.4s remaining=1280
    iter=721 E=-1.6498561821 nfev=727 t=507.1s remaining=1279
    iter=722 E=-1.6498620594 nfev=728 t=507.8s remaining=1278
    iter=723 E=-1.6498674680 nfev=729 t=508.5s remaining=1277
    iter=724 E=-1.6498725340 nfev=730 t=509.2s remaining=1276
    iter=725 E=-1.6498782804 nfev=731 t=509.9s remaining=1275
    iter=726 E=-1.6498844726 nfev=732 t=510.5s remaining=1274
    iter=727 E=-1.6498901622 nfev=733 t=511.2s remaining=1273
    iter=728 E=-1.6498944617 nfev=734 t=511.9s remaining=1272
    iter=729 E=-1.6498966596 nfev=735 t=512.6s remaining=1271
    iter=730 E=-1.6498986836 nfev=736 t=513.3s remaining=1270
    iter=731 E=-1.6499017990 nfev=737 t=514.0s remaining=1269
    iter=732 E=-1.6499064518 nfev=738 t=514.7s remaining=1268
    iter=733 E=-1.6499118836 nfev=739 t=515.5s remaining=1267
    iter=734 E=-1.6499152697 nfev=740 t=516.1s remaining=1266
    iter=735 E=-1.6499175446 nfev=741 t=516.8s remaining=1265
    iter=736 E=-1.6499206745 nfev=742 t=517.5s remaining=1264
    iter=737 E=-1.6499241640 nfev=743 t=518.2s remaining=1263
    iter=738 E=-1.6499267585 nfev=744 t=518.9s remaining=1262
    iter=739 E=-1.6499301067 nfev=745 t=519.8s remaining=1261
    iter=740 E=-1.6499351207 nfev=746 t=520.4s remaining=1260
    iter=741 E=-1.6499410478 nfev=747 t=521.2s remaining=1259
    iter=742 E=-1.6499459267 nfev=748 t=521.9s remaining=1258
    iter=743 E=-1.6499507754 nfev=749 t=522.6s remaining=1257
    iter=744 E=-1.6499544610 nfev=750 t=523.4s remaining=1256
    iter=745 E=-1.6499576572 nfev=751 t=524.1s remaining=1255
    iter=746 E=-1.6499602689 nfev=752 t=524.8s remaining=1254
    iter=747 E=-1.6499639387 nfev=753 t=525.4s remaining=1253
    iter=748 E=-1.6499681352 nfev=754 t=526.2s remaining=1252
    iter=749 E=-1.6499722049 nfev=755 t=526.9s remaining=1251
    iter=750 E=-1.6499759046 nfev=756 t=527.5s remaining=1250
    iter=751 E=-1.6499791542 nfev=757 t=528.2s remaining=1249
    iter=752 E=-1.6499818896 nfev=758 t=528.9s remaining=1248
    iter=753 E=-1.6499849260 nfev=759 t=529.7s remaining=1247
    iter=754 E=-1.6499867793 nfev=760 t=530.4s remaining=1246
    iter=755 E=-1.6499892054 nfev=761 t=531.3s remaining=1245
    iter=756 E=-1.6499921980 nfev=762 t=532.0s remaining=1244
    iter=757 E=-1.6499951925 nfev=763 t=532.7s remaining=1243
    iter=758 E=-1.6499990530 nfev=764 t=533.4s remaining=1242
    iter=759 E=-1.6500040772 nfev=765 t=534.0s remaining=1241
    iter=760 E=-1.6500090482 nfev=766 t=534.7s remaining=1240
    iter=761 E=-1.6500109033 nfev=767 t=535.4s remaining=1239
    iter=762 E=-1.6500138597 nfev=768 t=536.1s remaining=1238
    iter=763 E=-1.6500174922 nfev=769 t=536.8s remaining=1237
    iter=764 E=-1.6500198399 nfev=770 t=537.6s remaining=1236
    iter=765 E=-1.6500234084 nfev=771 t=538.3s remaining=1235
    iter=766 E=-1.6500272350 nfev=772 t=539.0s remaining=1234
    iter=767 E=-1.6500295900 nfev=773 t=539.7s remaining=1233
    iter=768 E=-1.6500330243 nfev=774 t=540.3s remaining=1232
    iter=769 E=-1.6500378627 nfev=775 t=541.0s remaining=1231
    iter=770 E=-1.6500435344 nfev=776 t=541.7s remaining=1230
    iter=771 E=-1.6500487305 nfev=777 t=542.4s remaining=1229
    iter=772 E=-1.6500532718 nfev=778 t=543.1s remaining=1228
    iter=773 E=-1.6500578320 nfev=779 t=543.8s remaining=1227
    iter=774 E=-1.6500607283 nfev=780 t=544.5s remaining=1226
    iter=775 E=-1.6500637261 nfev=781 t=545.2s remaining=1225
    iter=776 E=-1.6500665800 nfev=782 t=545.9s remaining=1224
    iter=777 E=-1.6500687373 nfev=783 t=546.7s remaining=1223
    iter=778 E=-1.6500711077 nfev=784 t=547.4s remaining=1222
    iter=779 E=-1.6500733678 nfev=785 t=548.1s remaining=1221
    iter=780 E=-1.6500756642 nfev=786 t=548.7s remaining=1220
    iter=781 E=-1.6500784539 nfev=787 t=549.5s remaining=1219
    iter=782 E=-1.6500816310 nfev=788 t=550.2s remaining=1218
    iter=783 E=-1.6500846606 nfev=789 t=550.9s remaining=1217
    iter=784 E=-1.6500876401 nfev=790 t=551.7s remaining=1216
    iter=785 E=-1.6500909387 nfev=791 t=552.5s remaining=1215
    iter=786 E=-1.6500944641 nfev=792 t=553.3s remaining=1214
    iter=787 E=-1.6500993591 nfev=793 t=554.1s remaining=1213
    iter=788 E=-1.6501043021 nfev=794 t=554.8s remaining=1212
    iter=789 E=-1.6501090677 nfev=795 t=555.5s remaining=1211
    iter=790 E=-1.6501134104 nfev=796 t=556.2s remaining=1210
    iter=791 E=-1.6501160096 nfev=797 t=557.0s remaining=1209
    iter=792 E=-1.6501183127 nfev=798 t=557.8s remaining=1208
    iter=793 E=-1.6501199679 nfev=799 t=558.5s remaining=1207
    iter=794 E=-1.6501215537 nfev=800 t=559.3s remaining=1206
    iter=795 E=-1.6501227325 nfev=801 t=560.0s remaining=1205
    iter=796 E=-1.6501241862 nfev=802 t=560.7s remaining=1204
    iter=797 E=-1.6501262010 nfev=803 t=561.4s remaining=1203
    iter=798 E=-1.6501289351 nfev=804 t=562.1s remaining=1202
    iter=799 E=-1.6501316773 nfev=805 t=562.9s remaining=1201
    iter=800 E=-1.6501330818 nfev=806 t=563.7s remaining=1200
    iter=801 E=-1.6501343814 nfev=807 t=564.6s remaining=1199
    iter=802 E=-1.6501354544 nfev=808 t=565.4s remaining=1198
    iter=803 E=-1.6501367056 nfev=809 t=566.3s remaining=1197
    iter=804 E=-1.6501385219 nfev=810 t=567.2s remaining=1196
    iter=805 E=-1.6501412311 nfev=811 t=568.1s remaining=1195
    iter=806 E=-1.6501444351 nfev=812 t=569.1s remaining=1194
    iter=807 E=-1.6501470563 nfev=813 t=570.0s remaining=1193
    iter=808 E=-1.6501500142 nfev=814 t=571.0s remaining=1192
    iter=809 E=-1.6501545503 nfev=815 t=571.9s remaining=1191
    iter=810 E=-1.6501607869 nfev=816 t=572.8s remaining=1190
    iter=811 E=-1.6501641454 nfev=817 t=573.7s remaining=1189
    iter=812 E=-1.6501674293 nfev=818 t=574.6s remaining=1188
    iter=813 E=-1.6501697532 nfev=819 t=575.5s remaining=1187
    iter=814 E=-1.6501721883 nfev=820 t=576.5s remaining=1186
    iter=815 E=-1.6501742653 nfev=821 t=577.4s remaining=1185
    iter=816 E=-1.6501756884 nfev=822 t=578.3s remaining=1184
    iter=817 E=-1.6501773163 nfev=823 t=579.2s remaining=1183
    iter=818 E=-1.6501792194 nfev=824 t=579.9s remaining=1182
    iter=819 E=-1.6501815632 nfev=825 t=580.5s remaining=1181
    iter=820 E=-1.6501844665 nfev=826 t=581.3s remaining=1180
    iter=821 E=-1.6501867546 nfev=827 t=582.0s remaining=1179
    iter=822 E=-1.6501888777 nfev=828 t=582.7s remaining=1178
    iter=823 E=-1.6501915307 nfev=829 t=583.4s remaining=1177
    iter=824 E=-1.6501944878 nfev=830 t=584.2s remaining=1176
    iter=825 E=-1.6501977133 nfev=831 t=584.9s remaining=1175
    iter=826 E=-1.6502012690 nfev=832 t=585.6s remaining=1174
    iter=827 E=-1.6502043864 nfev=833 t=586.3s remaining=1173
    iter=828 E=-1.6502079163 nfev=834 t=587.0s remaining=1172
    iter=829 E=-1.6502124445 nfev=835 t=587.7s remaining=1171
    iter=830 E=-1.6502190950 nfev=836 t=588.4s remaining=1170
    iter=831 E=-1.6502275735 nfev=837 t=589.1s remaining=1169
    iter=832 E=-1.6502357923 nfev=838 t=589.9s remaining=1168
    iter=833 E=-1.6502390041 nfev=839 t=590.7s remaining=1167
    iter=834 E=-1.6502436668 nfev=840 t=591.3s remaining=1166
    iter=835 E=-1.6502467159 nfev=841 t=592.0s remaining=1165
    iter=836 E=-1.6502493266 nfev=842 t=592.8s remaining=1164
    iter=837 E=-1.6502510229 nfev=843 t=593.5s remaining=1163
    iter=838 E=-1.6502523115 nfev=844 t=594.3s remaining=1162
    iter=839 E=-1.6502536723 nfev=845 t=595.0s remaining=1161
    iter=840 E=-1.6502549709 nfev=846 t=595.7s remaining=1160
    iter=841 E=-1.6502563778 nfev=847 t=596.4s remaining=1159
    iter=842 E=-1.6502576248 nfev=848 t=597.1s remaining=1158
    iter=843 E=-1.6502593557 nfev=849 t=598.0s remaining=1157
    iter=844 E=-1.6502620183 nfev=850 t=598.7s remaining=1156
    iter=845 E=-1.6502662954 nfev=851 t=599.6s remaining=1155
    iter=846 E=-1.6502728254 nfev=852 t=600.3s remaining=1154
    iter=847 E=-1.6502806098 nfev=853 t=601.1s remaining=1153
    iter=848 E=-1.6502858734 nfev=854 t=601.8s remaining=1152
    iter=849 E=-1.6502925645 nfev=855 t=602.5s remaining=1151
    iter=850 E=-1.6502982504 nfev=856 t=603.2s remaining=1150
    iter=851 E=-1.6503019253 nfev=857 t=603.9s remaining=1149
    iter=852 E=-1.6503062422 nfev=858 t=604.6s remaining=1148
    iter=853 E=-1.6503093282 nfev=859 t=605.3s remaining=1147
    iter=854 E=-1.6503121352 nfev=860 t=605.9s remaining=1146
    iter=855 E=-1.6503144560 nfev=861 t=606.6s remaining=1145
    iter=856 E=-1.6503170759 nfev=862 t=607.3s remaining=1144
    iter=857 E=-1.6503204357 nfev=863 t=608.0s remaining=1143
    iter=858 E=-1.6503223917 nfev=864 t=608.7s remaining=1142
    iter=859 E=-1.6503242129 nfev=865 t=609.4s remaining=1141
    iter=860 E=-1.6503260810 nfev=866 t=610.0s remaining=1140
    iter=861 E=-1.6503280354 nfev=867 t=610.7s remaining=1139
    iter=862 E=-1.6503304115 nfev=868 t=611.4s remaining=1138
    iter=863 E=-1.6503330344 nfev=869 t=612.1s remaining=1137
    iter=864 E=-1.6503351739 nfev=870 t=612.8s remaining=1136
    iter=865 E=-1.6503381055 nfev=871 t=613.5s remaining=1135
    iter=866 E=-1.6503417848 nfev=872 t=614.1s remaining=1134
    iter=867 E=-1.6503452904 nfev=873 t=614.8s remaining=1133
    iter=868 E=-1.6503500637 nfev=874 t=615.4s remaining=1132
    iter=869 E=-1.6503564445 nfev=875 t=616.1s remaining=1131
    iter=870 E=-1.6503624688 nfev=876 t=616.8s remaining=1130
    iter=871 E=-1.6503674214 nfev=877 t=617.5s remaining=1129
    iter=872 E=-1.6503701970 nfev=878 t=618.1s remaining=1128
    iter=873 E=-1.6503740856 nfev=879 t=618.8s remaining=1127
    iter=874 E=-1.6503785029 nfev=880 t=619.5s remaining=1126
    iter=875 E=-1.6503806947 nfev=881 t=620.2s remaining=1125
    iter=876 E=-1.6503839659 nfev=882 t=620.9s remaining=1124
    iter=877 E=-1.6503879636 nfev=883 t=621.5s remaining=1123
    iter=878 E=-1.6503907790 nfev=884 t=622.2s remaining=1122
    iter=879 E=-1.6503948368 nfev=885 t=622.9s remaining=1121
    iter=880 E=-1.6503992088 nfev=886 t=623.6s remaining=1120
    iter=881 E=-1.6504034214 nfev=887 t=624.3s remaining=1119
    iter=882 E=-1.6504073303 nfev=888 t=624.9s remaining=1118
    iter=883 E=-1.6504128032 nfev=889 t=625.6s remaining=1117
    iter=884 E=-1.6504179505 nfev=890 t=626.4s remaining=1116
    iter=885 E=-1.6504222665 nfev=891 t=627.1s remaining=1115
    iter=886 E=-1.6504256493 nfev=892 t=627.7s remaining=1114
    iter=887 E=-1.6504287699 nfev=893 t=628.4s remaining=1113
    iter=888 E=-1.6504319302 nfev=894 t=629.0s remaining=1112
    iter=889 E=-1.6504346754 nfev=895 t=629.8s remaining=1111
    iter=890 E=-1.6504378223 nfev=896 t=630.7s remaining=1110
    iter=891 E=-1.6504409840 nfev=897 t=631.6s remaining=1109
    iter=892 E=-1.6504440491 nfev=898 t=632.4s remaining=1108
    iter=893 E=-1.6504460867 nfev=899 t=633.3s remaining=1107
    iter=894 E=-1.6504486718 nfev=900 t=634.2s remaining=1106
    iter=895 E=-1.6504512066 nfev=901 t=635.1s remaining=1105
    iter=896 E=-1.6504524815 nfev=902 t=636.0s remaining=1104
    iter=897 E=-1.6504539130 nfev=903 t=636.9s remaining=1103
    iter=898 E=-1.6504553346 nfev=904 t=637.7s remaining=1102
    iter=899 E=-1.6504570183 nfev=905 t=638.6s remaining=1101
    iter=900 E=-1.6504592883 nfev=906 t=639.5s remaining=1100
    iter=901 E=-1.6504625246 nfev=907 t=640.4s remaining=1099
    iter=902 E=-1.6504666465 nfev=908 t=641.2s remaining=1098
    iter=903 E=-1.6504711046 nfev=909 t=642.1s remaining=1097
    iter=904 E=-1.6504751987 nfev=910 t=643.0s remaining=1096
    iter=905 E=-1.6504796497 nfev=911 t=643.8s remaining=1095
    iter=906 E=-1.6504832291 nfev=912 t=644.7s remaining=1094
    iter=907 E=-1.6504865750 nfev=913 t=645.6s remaining=1093
    iter=908 E=-1.6504910972 nfev=914 t=646.4s remaining=1092
    iter=909 E=-1.6504961874 nfev=915 t=647.3s remaining=1091
    iter=910 E=-1.6505000127 nfev=916 t=648.2s remaining=1090
    iter=911 E=-1.6505045502 nfev=917 t=649.0s remaining=1089
    iter=912 E=-1.6505085991 nfev=918 t=649.9s remaining=1088
    iter=913 E=-1.6505120690 nfev=919 t=650.8s remaining=1087
    iter=914 E=-1.6505153813 nfev=920 t=651.7s remaining=1086
    iter=915 E=-1.6505190754 nfev=921 t=652.5s remaining=1085
    iter=916 E=-1.6505214346 nfev=922 t=653.4s remaining=1084
    iter=917 E=-1.6505230118 nfev=923 t=654.3s remaining=1083
    iter=918 E=-1.6505243482 nfev=924 t=655.1s remaining=1082
    iter=919 E=-1.6505255642 nfev=925 t=656.0s remaining=1081
    iter=920 E=-1.6505272739 nfev=926 t=656.9s remaining=1080
    iter=921 E=-1.6505298018 nfev=927 t=657.7s remaining=1079
    iter=922 E=-1.6505323727 nfev=928 t=658.6s remaining=1078
    iter=923 E=-1.6505348038 nfev=929 t=659.3s remaining=1077
    iter=924 E=-1.6505373471 nfev=930 t=660.0s remaining=1076
    iter=925 E=-1.6505399320 nfev=931 t=660.7s remaining=1075
    iter=926 E=-1.6505432616 nfev=932 t=661.3s remaining=1074
    iter=927 E=-1.6505468313 nfev=933 t=662.0s remaining=1073
    iter=928 E=-1.6505511360 nfev=934 t=662.8s remaining=1072
    iter=929 E=-1.6505558551 nfev=935 t=663.5s remaining=1071
    iter=930 E=-1.6505602710 nfev=936 t=664.2s remaining=1070
    iter=931 E=-1.6505643165 nfev=937 t=664.9s remaining=1069
    iter=932 E=-1.6505685188 nfev=938 t=665.5s remaining=1068
    iter=933 E=-1.6505729111 nfev=939 t=666.2s remaining=1067
    iter=934 E=-1.6505757467 nfev=940 t=666.9s remaining=1066
    iter=935 E=-1.6505791672 nfev=941 t=667.6s remaining=1065
    iter=936 E=-1.6505826002 nfev=942 t=668.4s remaining=1064
    iter=937 E=-1.6505860712 nfev=943 t=669.1s remaining=1063
    iter=938 E=-1.6505900867 nfev=944 t=669.8s remaining=1062
    iter=939 E=-1.6505943453 nfev=945 t=670.5s remaining=1061
    iter=940 E=-1.6505978016 nfev=946 t=671.2s remaining=1060
    iter=941 E=-1.6506022126 nfev=947 t=672.2s remaining=1059
    iter=942 E=-1.6506069455 nfev=948 t=672.9s remaining=1058
    iter=943 E=-1.6506114867 nfev=949 t=673.5s remaining=1057
    iter=944 E=-1.6506143920 nfev=950 t=674.2s remaining=1056
    iter=945 E=-1.6506169597 nfev=951 t=674.9s remaining=1055
    iter=946 E=-1.6506186605 nfev=952 t=675.6s remaining=1054
    iter=947 E=-1.6506202319 nfev=953 t=676.3s remaining=1053
    iter=948 E=-1.6506215521 nfev=954 t=677.0s remaining=1052
    iter=949 E=-1.6506230945 nfev=955 t=677.6s remaining=1051
    iter=950 E=-1.6506247936 nfev=956 t=678.3s remaining=1050
    iter=951 E=-1.6506272388 nfev=957 t=678.9s remaining=1049
    iter=952 E=-1.6506297151 nfev=958 t=679.6s remaining=1048
    iter=953 E=-1.6506308542 nfev=959 t=680.3s remaining=1047
    iter=954 E=-1.6506322383 nfev=960 t=681.0s remaining=1046
    iter=955 E=-1.6506336580 nfev=961 t=681.6s remaining=1045
    iter=956 E=-1.6506353943 nfev=962 t=682.3s remaining=1044
    iter=957 E=-1.6506375785 nfev=963 t=683.0s remaining=1043
    iter=958 E=-1.6506399349 nfev=964 t=683.7s remaining=1042
    iter=959 E=-1.6506420059 nfev=965 t=684.4s remaining=1041
    iter=960 E=-1.6506438939 nfev=966 t=685.1s remaining=1040
    iter=961 E=-1.6506462866 nfev=967 t=685.7s remaining=1039
    iter=962 E=-1.6506490784 nfev=968 t=686.4s remaining=1038
    iter=963 E=-1.6506518190 nfev=969 t=687.1s remaining=1037
    iter=964 E=-1.6506542501 nfev=970 t=687.7s remaining=1036
    iter=965 E=-1.6506569219 nfev=971 t=688.4s remaining=1035
    iter=966 E=-1.6506593615 nfev=972 t=689.1s remaining=1034
    iter=967 E=-1.6506618841 nfev=973 t=689.7s remaining=1033
    iter=968 E=-1.6506645343 nfev=974 t=690.4s remaining=1032
    iter=969 E=-1.6506667758 nfev=975 t=691.0s remaining=1031
    iter=970 E=-1.6506688120 nfev=976 t=691.7s remaining=1030
    iter=971 E=-1.6506709023 nfev=977 t=692.4s remaining=1029
    iter=972 E=-1.6506733937 nfev=978 t=693.0s remaining=1028
    iter=973 E=-1.6506755439 nfev=979 t=693.7s remaining=1027
    iter=974 E=-1.6506781651 nfev=980 t=694.4s remaining=1026
    iter=975 E=-1.6506804912 nfev=981 t=695.0s remaining=1025
    iter=976 E=-1.6506822662 nfev=982 t=695.7s remaining=1024
    iter=977 E=-1.6506839718 nfev=983 t=696.4s remaining=1023
    iter=978 E=-1.6506860113 nfev=984 t=697.1s remaining=1022
    iter=979 E=-1.6506878318 nfev=985 t=697.8s remaining=1021
    iter=980 E=-1.6506896992 nfev=986 t=698.5s remaining=1020
    iter=981 E=-1.6506916817 nfev=987 t=699.2s remaining=1019
    iter=982 E=-1.6506945127 nfev=988 t=699.8s remaining=1018
    iter=983 E=-1.6506988471 nfev=989 t=700.5s remaining=1017
    iter=984 E=-1.6507051657 nfev=990 t=701.3s remaining=1016
    iter=985 E=-1.6507109244 nfev=991 t=702.0s remaining=1015
    iter=986 E=-1.6507159957 nfev=992 t=702.7s remaining=1014
    iter=987 E=-1.6507199281 nfev=993 t=703.4s remaining=1013
    iter=988 E=-1.6507219830 nfev=994 t=704.1s remaining=1012
    iter=989 E=-1.6507231892 nfev=995 t=704.8s remaining=1011
    iter=990 E=-1.6507249595 nfev=996 t=705.4s remaining=1010
    iter=991 E=-1.6507269511 nfev=997 t=706.1s remaining=1009
    iter=992 E=-1.6507286334 nfev=998 t=706.8s remaining=1008
    iter=993 E=-1.6507308144 nfev=999 t=707.5s remaining=1007
    iter=994 E=-1.6507329032 nfev=1000 t=708.2s remaining=1006
    iter=995 E=-1.6507346223 nfev=1001 t=708.9s remaining=1005
    iter=996 E=-1.6507366334 nfev=1002 t=709.6s remaining=1004
    iter=997 E=-1.6507390181 nfev=1003 t=710.3s remaining=1003
    iter=998 E=-1.6507408814 nfev=1004 t=711.0s remaining=1002
    iter=999 E=-1.6507432090 nfev=1005 t=711.7s remaining=1001
    iter=1000 E=-1.6507462010 nfev=1006 t=712.4s remaining=1000
    iter=1001 E=-1.6507486614 nfev=1007 t=713.0s remaining=999
    iter=1002 E=-1.6507517033 nfev=1008 t=713.8s remaining=998
    iter=1003 E=-1.6507542777 nfev=1009 t=714.5s remaining=997
    iter=1004 E=-1.6507567799 nfev=1010 t=715.2s remaining=996
    iter=1005 E=-1.6507588215 nfev=1011 t=715.9s remaining=995
    iter=1006 E=-1.6507606410 nfev=1012 t=716.6s remaining=994
    iter=1007 E=-1.6507621457 nfev=1013 t=717.3s remaining=993
    iter=1008 E=-1.6507637258 nfev=1014 t=718.0s remaining=992
    iter=1009 E=-1.6507656583 nfev=1015 t=718.7s remaining=991
    iter=1010 E=-1.6507683337 nfev=1016 t=719.4s remaining=990
    iter=1011 E=-1.6507707670 nfev=1017 t=720.1s remaining=989
    iter=1012 E=-1.6507732740 nfev=1018 t=720.7s remaining=988
    iter=1013 E=-1.6507752703 nfev=1019 t=721.5s remaining=987
    iter=1014 E=-1.6507773952 nfev=1020 t=722.3s remaining=986
    iter=1015 E=-1.6507799505 nfev=1021 t=723.1s remaining=985
    iter=1016 E=-1.6507826596 nfev=1022 t=723.9s remaining=984
    iter=1017 E=-1.6507849197 nfev=1023 t=724.7s remaining=983
    iter=1018 E=-1.6507865714 nfev=1024 t=725.6s remaining=982
    iter=1019 E=-1.6507877653 nfev=1025 t=726.4s remaining=981
    iter=1020 E=-1.6507893367 nfev=1026 t=727.1s remaining=980
    iter=1021 E=-1.6507905493 nfev=1027 t=727.8s remaining=979
    iter=1022 E=-1.6507923440 nfev=1028 t=728.6s remaining=978
    iter=1023 E=-1.6507948929 nfev=1029 t=729.4s remaining=977
    iter=1024 E=-1.6507975764 nfev=1030 t=730.2s remaining=976
    iter=1025 E=-1.6507999487 nfev=1031 t=731.0s remaining=975
    iter=1026 E=-1.6508018721 nfev=1032 t=731.8s remaining=974
    iter=1027 E=-1.6508040192 nfev=1033 t=732.7s remaining=973
    iter=1028 E=-1.6508069642 nfev=1034 t=733.4s remaining=972
    iter=1029 E=-1.6508105670 nfev=1035 t=734.1s remaining=971
    iter=1030 E=-1.6508135274 nfev=1036 t=734.8s remaining=970
    iter=1031 E=-1.6508165744 nfev=1037 t=735.6s remaining=969
    iter=1032 E=-1.6508185026 nfev=1038 t=736.3s remaining=968
    iter=1033 E=-1.6508211874 nfev=1039 t=737.0s remaining=967
    iter=1034 E=-1.6508246060 nfev=1040 t=737.7s remaining=966
    iter=1035 E=-1.6508277379 nfev=1041 t=738.3s remaining=965
    iter=1036 E=-1.6508308347 nfev=1042 t=739.1s remaining=964
    iter=1037 E=-1.6508340611 nfev=1043 t=739.9s remaining=963
    iter=1038 E=-1.6508377812 nfev=1044 t=740.6s remaining=962
    iter=1039 E=-1.6508402355 nfev=1045 t=741.2s remaining=961
    iter=1040 E=-1.6508426188 nfev=1046 t=741.9s remaining=960
    iter=1041 E=-1.6508444285 nfev=1047 t=742.6s remaining=959
    iter=1042 E=-1.6508455357 nfev=1048 t=743.3s remaining=958
    iter=1043 E=-1.6508468287 nfev=1049 t=744.0s remaining=957
    iter=1044 E=-1.6508481294 nfev=1050 t=744.7s remaining=956
    iter=1045 E=-1.6508497165 nfev=1051 t=745.3s remaining=955
    iter=1046 E=-1.6508518747 nfev=1052 t=746.0s remaining=954
    iter=1047 E=-1.6508544336 nfev=1053 t=746.7s remaining=953
    iter=1048 E=-1.6508562973 nfev=1054 t=747.4s remaining=952
    iter=1049 E=-1.6508581857 nfev=1055 t=748.1s remaining=951
    iter=1050 E=-1.6508598052 nfev=1056 t=748.8s remaining=950
    iter=1051 E=-1.6508613031 nfev=1057 t=749.4s remaining=949
    iter=1052 E=-1.6508622876 nfev=1058 t=750.1s remaining=948
    iter=1053 E=-1.6508635872 nfev=1059 t=750.8s remaining=947
    iter=1054 E=-1.6508650062 nfev=1060 t=751.5s remaining=946
    iter=1055 E=-1.6508666391 nfev=1061 t=752.3s remaining=945
    iter=1056 E=-1.6508678397 nfev=1062 t=753.0s remaining=944
    iter=1057 E=-1.6508693557 nfev=1063 t=753.6s remaining=943
    iter=1058 E=-1.6508705793 nfev=1064 t=754.3s remaining=942
    iter=1059 E=-1.6508716393 nfev=1065 t=755.0s remaining=941
    iter=1060 E=-1.6508723086 nfev=1066 t=755.6s remaining=940
    iter=1061 E=-1.6508733742 nfev=1067 t=756.3s remaining=939
    iter=1062 E=-1.6508745974 nfev=1068 t=756.9s remaining=938
    iter=1063 E=-1.6508756773 nfev=1069 t=757.6s remaining=937
    iter=1064 E=-1.6508772026 nfev=1070 t=758.3s remaining=936
    iter=1065 E=-1.6508795829 nfev=1071 t=759.0s remaining=935
    iter=1066 E=-1.6508826383 nfev=1072 t=759.7s remaining=934
    iter=1067 E=-1.6508851243 nfev=1073 t=760.5s remaining=933
    iter=1068 E=-1.6508871035 nfev=1074 t=761.2s remaining=932
    iter=1069 E=-1.6508894917 nfev=1075 t=762.0s remaining=931
    iter=1070 E=-1.6508909820 nfev=1076 t=762.7s remaining=930
    iter=1071 E=-1.6508921431 nfev=1077 t=763.4s remaining=929
    iter=1072 E=-1.6508933916 nfev=1078 t=764.1s remaining=928
    iter=1073 E=-1.6508936802 nfev=1079 t=764.8s remaining=927
    iter=1074 E=-1.6508941617 nfev=1080 t=765.4s remaining=926
    iter=1075 E=-1.6508947865 nfev=1081 t=766.1s remaining=925
    iter=1076 E=-1.6508952467 nfev=1082 t=766.8s remaining=924
    iter=1077 E=-1.6508957684 nfev=1083 t=767.5s remaining=923
    iter=1078 E=-1.6508964321 nfev=1084 t=768.2s remaining=922
    iter=1079 E=-1.6508971332 nfev=1085 t=768.9s remaining=921
    iter=1080 E=-1.6508980298 nfev=1086 t=769.6s remaining=920
    iter=1081 E=-1.6508991372 nfev=1087 t=770.3s remaining=919
    iter=1082 E=-1.6509007395 nfev=1088 t=771.0s remaining=918
    iter=1083 E=-1.6509028994 nfev=1089 t=771.7s remaining=917
    iter=1084 E=-1.6509049065 nfev=1090 t=772.4s remaining=916
    iter=1085 E=-1.6509068350 nfev=1091 t=773.1s remaining=915
    iter=1086 E=-1.6509083951 nfev=1092 t=773.8s remaining=914
    iter=1087 E=-1.6509097072 nfev=1093 t=774.5s remaining=913
    iter=1088 E=-1.6509111302 nfev=1094 t=775.2s remaining=912
    iter=1089 E=-1.6509125764 nfev=1095 t=775.9s remaining=911
    iter=1090 E=-1.6509140471 nfev=1096 t=776.6s remaining=910
    iter=1091 E=-1.6509149694 nfev=1097 t=777.3s remaining=909
    iter=1092 E=-1.6509159205 nfev=1098 t=777.9s remaining=908
    iter=1093 E=-1.6509168526 nfev=1099 t=778.6s remaining=907
    iter=1094 E=-1.6509175034 nfev=1100 t=779.3s remaining=906
    iter=1095 E=-1.6509183881 nfev=1101 t=780.0s remaining=905
    iter=1096 E=-1.6509195052 nfev=1102 t=780.7s remaining=904
    iter=1097 E=-1.6509210743 nfev=1103 t=781.3s remaining=903
    iter=1098 E=-1.6509231894 nfev=1104 t=782.0s remaining=902
    iter=1099 E=-1.6509251020 nfev=1105 t=782.7s remaining=901
    iter=1100 E=-1.6509265409 nfev=1106 t=783.4s remaining=900
    iter=1101 E=-1.6509279479 nfev=1107 t=784.1s remaining=899
    iter=1102 E=-1.6509294992 nfev=1108 t=784.8s remaining=898
    iter=1103 E=-1.6509310732 nfev=1109 t=785.5s remaining=897
    iter=1104 E=-1.6509325831 nfev=1110 t=786.2s remaining=896
    iter=1105 E=-1.6509335517 nfev=1111 t=786.8s remaining=895
    iter=1106 E=-1.6509343519 nfev=1112 t=787.5s remaining=894
    iter=1107 E=-1.6509353987 nfev=1113 t=788.2s remaining=893
    iter=1108 E=-1.6509366271 nfev=1114 t=788.9s remaining=892
    iter=1109 E=-1.6509377007 nfev=1115 t=789.6s remaining=891
    iter=1110 E=-1.6509388068 nfev=1116 t=790.2s remaining=890
    iter=1111 E=-1.6509398726 nfev=1117 t=790.9s remaining=889
    iter=1112 E=-1.6509404377 nfev=1118 t=791.6s remaining=888
    iter=1113 E=-1.6509410795 nfev=1119 t=792.3s remaining=887
    iter=1114 E=-1.6509417023 nfev=1120 t=793.0s remaining=886
    iter=1115 E=-1.6509421851 nfev=1121 t=793.7s remaining=885
    iter=1116 E=-1.6509429523 nfev=1122 t=794.4s remaining=884
    iter=1117 E=-1.6509439706 nfev=1123 t=795.0s remaining=883
    iter=1118 E=-1.6509450408 nfev=1124 t=795.8s remaining=882
    iter=1119 E=-1.6509464655 nfev=1125 t=796.5s remaining=881
    iter=1120 E=-1.6509479645 nfev=1126 t=797.3s remaining=880
    iter=1121 E=-1.6509496569 nfev=1127 t=798.0s remaining=879
    iter=1122 E=-1.6509518408 nfev=1128 t=798.7s remaining=878
    iter=1123 E=-1.6509539502 nfev=1129 t=799.3s remaining=877
    iter=1124 E=-1.6509559876 nfev=1130 t=800.0s remaining=876
    iter=1125 E=-1.6509584225 nfev=1131 t=800.7s remaining=875
    iter=1126 E=-1.6509609686 nfev=1132 t=801.4s remaining=874
    iter=1127 E=-1.6509635895 nfev=1133 t=802.1s remaining=873
    iter=1128 E=-1.6509648707 nfev=1134 t=802.8s remaining=872
    iter=1129 E=-1.6509664152 nfev=1135 t=803.5s remaining=871
    iter=1130 E=-1.6509681286 nfev=1136 t=804.2s remaining=870
    iter=1131 E=-1.6509693445 nfev=1137 t=804.9s remaining=869
    iter=1132 E=-1.6509705859 nfev=1138 t=805.6s remaining=868
    iter=1133 E=-1.6509718106 nfev=1139 t=806.3s remaining=867
    iter=1134 E=-1.6509728352 nfev=1140 t=807.0s remaining=866
    iter=1135 E=-1.6509736513 nfev=1141 t=807.7s remaining=865
    iter=1136 E=-1.6509741394 nfev=1142 t=808.4s remaining=864
    iter=1137 E=-1.6509745443 nfev=1143 t=809.1s remaining=863
    iter=1138 E=-1.6509747889 nfev=1144 t=809.8s remaining=862
    iter=1139 E=-1.6509750703 nfev=1145 t=810.5s remaining=861
    iter=1140 E=-1.6509753412 nfev=1146 t=811.2s remaining=860
    iter=1141 E=-1.6509756676 nfev=1147 t=811.9s remaining=859
    iter=1142 E=-1.6509760192 nfev=1148 t=812.5s remaining=858
    iter=1143 E=-1.6509763217 nfev=1149 t=813.2s remaining=857
    iter=1144 E=-1.6509767012 nfev=1150 t=813.9s remaining=856
    iter=1145 E=-1.6509772706 nfev=1151 t=814.6s remaining=855
    iter=1146 E=-1.6509780794 nfev=1152 t=815.5s remaining=854
    iter=1147 E=-1.6509791689 nfev=1153 t=816.2s remaining=853
    iter=1148 E=-1.6509803936 nfev=1154 t=816.9s remaining=852
    iter=1149 E=-1.6509817626 nfev=1155 t=817.6s remaining=851
    iter=1150 E=-1.6509831182 nfev=1156 t=818.3s remaining=850
    iter=1151 E=-1.6509850785 nfev=1157 t=819.1s remaining=849
    iter=1152 E=-1.6509868416 nfev=1158 t=819.9s remaining=848
    iter=1153 E=-1.6509878059 nfev=1159 t=820.6s remaining=847
    iter=1154 E=-1.6509890458 nfev=1160 t=821.4s remaining=846
    iter=1155 E=-1.6509902908 nfev=1161 t=822.1s remaining=845
    iter=1156 E=-1.6509911884 nfev=1162 t=822.9s remaining=844
    iter=1157 E=-1.6509923974 nfev=1163 t=823.7s remaining=843
    iter=1158 E=-1.6509939205 nfev=1164 t=824.4s remaining=842
    iter=1159 E=-1.6509950237 nfev=1165 t=825.2s remaining=841
    iter=1160 E=-1.6509958042 nfev=1166 t=825.9s remaining=840
    iter=1161 E=-1.6509964131 nfev=1167 t=826.6s remaining=839
    iter=1162 E=-1.6509969049 nfev=1168 t=827.3s remaining=838
    iter=1163 E=-1.6509972405 nfev=1169 t=828.0s remaining=837
    iter=1164 E=-1.6509975293 nfev=1170 t=828.7s remaining=836
    iter=1165 E=-1.6509977913 nfev=1171 t=829.4s remaining=835
    iter=1166 E=-1.6509980629 nfev=1172 t=830.2s remaining=834
    iter=1167 E=-1.6509984048 nfev=1173 t=830.9s remaining=833
    iter=1168 E=-1.6509988742 nfev=1174 t=831.6s remaining=832
    iter=1169 E=-1.6509994866 nfev=1175 t=832.4s remaining=831
    iter=1170 E=-1.6510002033 nfev=1176 t=833.1s remaining=830
    iter=1171 E=-1.6510008430 nfev=1177 t=833.8s remaining=829
    iter=1172 E=-1.6510014813 nfev=1178 t=834.6s remaining=828
    iter=1173 E=-1.6510024154 nfev=1179 t=835.4s remaining=827
    iter=1174 E=-1.6510036820 nfev=1180 t=836.1s remaining=826
    iter=1175 E=-1.6510047101 nfev=1181 t=836.8s remaining=825
    iter=1176 E=-1.6510060311 nfev=1182 t=837.5s remaining=824
    iter=1177 E=-1.6510074419 nfev=1183 t=838.2s remaining=823
    iter=1178 E=-1.6510083534 nfev=1184 t=838.9s remaining=822
    iter=1179 E=-1.6510092875 nfev=1185 t=839.6s remaining=821
    iter=1180 E=-1.6510103456 nfev=1186 t=840.4s remaining=820
    iter=1181 E=-1.6510113317 nfev=1187 t=841.2s remaining=819
    iter=1182 E=-1.6510121682 nfev=1188 t=841.8s remaining=818
    iter=1183 E=-1.6510131607 nfev=1189 t=842.6s remaining=817
    iter=1184 E=-1.6510143669 nfev=1190 t=843.3s remaining=816
    iter=1185 E=-1.6510154250 nfev=1191 t=844.0s remaining=815
    iter=1186 E=-1.6510165481 nfev=1192 t=844.6s remaining=814
    iter=1187 E=-1.6510176994 nfev=1193 t=845.3s remaining=813
    iter=1188 E=-1.6510187023 nfev=1194 t=846.0s remaining=812
    iter=1189 E=-1.6510195561 nfev=1195 t=846.7s remaining=811
    iter=1190 E=-1.6510206343 nfev=1196 t=847.4s remaining=810
    iter=1191 E=-1.6510216780 nfev=1197 t=848.1s remaining=809
    iter=1192 E=-1.6510224531 nfev=1198 t=848.9s remaining=808
    iter=1193 E=-1.6510230200 nfev=1199 t=849.7s remaining=807
    iter=1194 E=-1.6510234173 nfev=1200 t=850.4s remaining=806
    iter=1195 E=-1.6510237988 nfev=1201 t=851.1s remaining=805
    iter=1196 E=-1.6510241400 nfev=1202 t=851.9s remaining=804
    iter=1197 E=-1.6510245966 nfev=1203 t=852.6s remaining=803
    iter=1198 E=-1.6510251984 nfev=1204 t=853.3s remaining=802
    iter=1199 E=-1.6510258655 nfev=1205 t=854.1s remaining=801
    iter=1200 E=-1.6510264197 nfev=1206 t=854.8s remaining=800
    iter=1201 E=-1.6510269079 nfev=1207 t=855.6s remaining=799
    iter=1202 E=-1.6510273810 nfev=1208 t=856.4s remaining=798
    iter=1203 E=-1.6510280118 nfev=1209 t=857.3s remaining=797
    iter=1204 E=-1.6510286418 nfev=1210 t=858.0s remaining=796
    iter=1205 E=-1.6510291636 nfev=1211 t=858.7s remaining=795
    iter=1206 E=-1.6510298022 nfev=1212 t=859.4s remaining=794
    iter=1207 E=-1.6510303381 nfev=1213 t=860.1s remaining=793
    iter=1208 E=-1.6510308748 nfev=1214 t=860.8s remaining=792
    iter=1209 E=-1.6510315806 nfev=1215 t=861.5s remaining=791
    iter=1210 E=-1.6510326234 nfev=1216 t=862.3s remaining=790
    iter=1211 E=-1.6510339277 nfev=1217 t=863.1s remaining=789
    iter=1212 E=-1.6510355789 nfev=1218 t=863.8s remaining=788
    iter=1213 E=-1.6510373639 nfev=1219 t=864.5s remaining=787
    iter=1214 E=-1.6510392448 nfev=1220 t=865.2s remaining=786
    iter=1215 E=-1.6510404335 nfev=1221 t=866.0s remaining=785
    iter=1216 E=-1.6510415958 nfev=1222 t=866.7s remaining=784
    iter=1217 E=-1.6510421359 nfev=1223 t=867.4s remaining=783
    iter=1218 E=-1.6510426630 nfev=1224 t=868.1s remaining=782
    iter=1219 E=-1.6510431704 nfev=1225 t=868.8s remaining=781
    iter=1220 E=-1.6510434735 nfev=1226 t=869.5s remaining=780
    iter=1221 E=-1.6510439284 nfev=1227 t=870.2s remaining=779
    iter=1222 E=-1.6510446284 nfev=1228 t=870.8s remaining=778
    iter=1223 E=-1.6510454994 nfev=1229 t=871.5s remaining=777
    iter=1224 E=-1.6510461244 nfev=1230 t=872.2s remaining=776
    iter=1225 E=-1.6510470657 nfev=1231 t=872.9s remaining=775
    iter=1226 E=-1.6510484547 nfev=1232 t=873.6s remaining=774
    iter=1227 E=-1.6510490557 nfev=1233 t=874.3s remaining=773
    iter=1228 E=-1.6510496885 nfev=1234 t=875.0s remaining=772
    iter=1229 E=-1.6510502488 nfev=1235 t=875.7s remaining=771
    iter=1230 E=-1.6510506886 nfev=1236 t=876.4s remaining=770
    iter=1231 E=-1.6510511290 nfev=1237 t=877.1s remaining=769
    iter=1232 E=-1.6510516661 nfev=1238 t=877.8s remaining=768
    iter=1233 E=-1.6510522894 nfev=1239 t=878.6s remaining=767
    iter=1234 E=-1.6510529880 nfev=1240 t=879.3s remaining=766
    iter=1235 E=-1.6510538326 nfev=1241 t=879.9s remaining=765
    iter=1236 E=-1.6510551084 nfev=1242 t=880.6s remaining=764
    iter=1237 E=-1.6510571621 nfev=1243 t=881.3s remaining=763
    iter=1238 E=-1.6510592228 nfev=1244 t=882.0s remaining=762
    iter=1239 E=-1.6510613643 nfev=1245 t=882.8s remaining=761
    iter=1240 E=-1.6510636446 nfev=1246 t=883.5s remaining=760
    iter=1241 E=-1.6510656463 nfev=1247 t=884.2s remaining=759
    iter=1242 E=-1.6510666864 nfev=1248 t=885.0s remaining=758
    iter=1243 E=-1.6510679193 nfev=1249 t=885.7s remaining=757
    iter=1244 E=-1.6510687565 nfev=1250 t=886.4s remaining=756
    iter=1245 E=-1.6510694335 nfev=1251 t=887.1s remaining=755
    iter=1246 E=-1.6510699851 nfev=1252 t=887.8s remaining=754
    iter=1247 E=-1.6510704351 nfev=1253 t=888.5s remaining=753
    iter=1248 E=-1.6510708356 nfev=1254 t=889.2s remaining=752
    iter=1249 E=-1.6510711408 nfev=1255 t=889.9s remaining=751
    iter=1250 E=-1.6510714170 nfev=1256 t=890.7s remaining=750
    iter=1251 E=-1.6510717155 nfev=1257 t=891.4s remaining=749
    iter=1252 E=-1.6510720694 nfev=1258 t=892.1s remaining=748
    iter=1253 E=-1.6510724245 nfev=1259 t=892.8s remaining=747
    iter=1254 E=-1.6510728564 nfev=1260 t=893.5s remaining=746
    iter=1255 E=-1.6510733880 nfev=1261 t=894.2s remaining=745
    iter=1256 E=-1.6510740097 nfev=1262 t=895.0s remaining=744
    iter=1257 E=-1.6510747613 nfev=1263 t=895.7s remaining=743
    iter=1258 E=-1.6510755154 nfev=1264 t=896.3s remaining=742
    iter=1259 E=-1.6510763000 nfev=1265 t=897.0s remaining=741
    iter=1260 E=-1.6510772698 nfev=1266 t=897.7s remaining=740
    iter=1261 E=-1.6510780263 nfev=1267 t=898.4s remaining=739
    iter=1262 E=-1.6510786813 nfev=1268 t=899.1s remaining=738
    iter=1263 E=-1.6510795170 nfev=1269 t=899.8s remaining=737
    iter=1264 E=-1.6510805532 nfev=1270 t=900.6s remaining=736
    iter=1265 E=-1.6510815789 nfev=1271 t=901.3s remaining=735
    iter=1266 E=-1.6510821571 nfev=1272 t=902.0s remaining=734
    iter=1267 E=-1.6510830187 nfev=1273 t=902.8s remaining=733
    iter=1268 E=-1.6510840485 nfev=1274 t=903.5s remaining=732
    iter=1269 E=-1.6510849249 nfev=1275 t=904.3s remaining=731
    iter=1270 E=-1.6510856629 nfev=1276 t=905.0s remaining=730
    iter=1271 E=-1.6510864739 nfev=1277 t=905.8s remaining=729
    iter=1272 E=-1.6510874150 nfev=1278 t=906.5s remaining=728
    iter=1273 E=-1.6510879560 nfev=1279 t=907.2s remaining=727
    iter=1274 E=-1.6510885374 nfev=1280 t=908.0s remaining=726
    iter=1275 E=-1.6510889864 nfev=1281 t=908.7s remaining=725
    iter=1276 E=-1.6510893671 nfev=1282 t=909.4s remaining=724
    iter=1277 E=-1.6510897779 nfev=1283 t=910.1s remaining=723
    iter=1278 E=-1.6510904277 nfev=1284 t=910.9s remaining=722
    iter=1279 E=-1.6510913264 nfev=1285 t=911.7s remaining=721
    iter=1280 E=-1.6510921339 nfev=1286 t=912.4s remaining=720
    iter=1281 E=-1.6510931744 nfev=1287 t=913.1s remaining=719
    iter=1282 E=-1.6510942297 nfev=1288 t=913.8s remaining=718
    iter=1283 E=-1.6510951884 nfev=1289 t=914.6s remaining=717
    iter=1284 E=-1.6510959114 nfev=1290 t=915.3s remaining=716
    iter=1285 E=-1.6510967641 nfev=1291 t=916.0s remaining=715
    iter=1286 E=-1.6510974875 nfev=1292 t=916.7s remaining=714
    iter=1287 E=-1.6510983894 nfev=1293 t=917.5s remaining=713
    iter=1288 E=-1.6510991534 nfev=1294 t=918.2s remaining=712
    iter=1289 E=-1.6510999238 nfev=1295 t=918.9s remaining=711
    iter=1290 E=-1.6511004860 nfev=1296 t=919.7s remaining=710
    iter=1291 E=-1.6511009567 nfev=1297 t=920.5s remaining=709
    iter=1292 E=-1.6511012909 nfev=1298 t=921.2s remaining=708
    iter=1293 E=-1.6511016418 nfev=1299 t=921.9s remaining=707
    iter=1294 E=-1.6511019592 nfev=1300 t=922.6s remaining=706
    iter=1295 E=-1.6511022859 nfev=1301 t=923.3s remaining=705
    iter=1296 E=-1.6511028005 nfev=1302 t=924.0s remaining=704
    iter=1297 E=-1.6511034638 nfev=1303 t=924.7s remaining=703
    iter=1298 E=-1.6511040916 nfev=1304 t=925.4s remaining=702
    iter=1299 E=-1.6511047874 nfev=1305 t=926.1s remaining=701
    iter=1300 E=-1.6511056048 nfev=1306 t=926.8s remaining=700
    iter=1301 E=-1.6511064653 nfev=1307 t=927.5s remaining=699
    iter=1302 E=-1.6511073658 nfev=1308 t=928.2s remaining=698
    iter=1303 E=-1.6511083393 nfev=1309 t=928.9s remaining=697
    iter=1304 E=-1.6511092493 nfev=1310 t=929.6s remaining=696
    iter=1305 E=-1.6511101497 nfev=1311 t=930.3s remaining=695
    iter=1306 E=-1.6511108558 nfev=1312 t=931.0s remaining=694
    iter=1307 E=-1.6511115577 nfev=1313 t=931.8s remaining=693
    iter=1308 E=-1.6511124046 nfev=1314 t=932.4s remaining=692
    iter=1309 E=-1.6511132805 nfev=1315 t=933.1s remaining=691
    iter=1310 E=-1.6511144622 nfev=1316 t=933.9s remaining=690
    iter=1311 E=-1.6511155797 nfev=1317 t=934.5s remaining=689
    iter=1312 E=-1.6511165702 nfev=1318 t=935.3s remaining=688
    iter=1313 E=-1.6511177111 nfev=1319 t=936.0s remaining=687
    iter=1314 E=-1.6511184550 nfev=1320 t=936.8s remaining=686
    iter=1315 E=-1.6511190486 nfev=1321 t=937.5s remaining=685
    iter=1316 E=-1.6511195815 nfev=1322 t=938.2s remaining=684
    iter=1317 E=-1.6511201576 nfev=1323 t=938.9s remaining=683
    iter=1318 E=-1.6511205395 nfev=1324 t=939.6s remaining=682
    iter=1319 E=-1.6511210117 nfev=1325 t=940.3s remaining=681
    iter=1320 E=-1.6511215008 nfev=1326 t=941.0s remaining=680
    iter=1321 E=-1.6511218657 nfev=1327 t=941.8s remaining=679
    iter=1322 E=-1.6511223056 nfev=1328 t=942.5s remaining=678
    iter=1323 E=-1.6511226107 nfev=1329 t=943.2s remaining=677
    iter=1324 E=-1.6511228852 nfev=1330 t=943.9s remaining=676
    iter=1325 E=-1.6511232296 nfev=1331 t=944.7s remaining=675
    iter=1326 E=-1.6511237142 nfev=1332 t=945.4s remaining=674
    iter=1327 E=-1.6511240844 nfev=1333 t=946.1s remaining=673
    iter=1328 E=-1.6511245964 nfev=1334 t=946.8s remaining=672
    iter=1329 E=-1.6511250372 nfev=1335 t=947.5s remaining=671
    iter=1330 E=-1.6511254954 nfev=1336 t=948.2s remaining=670
    iter=1331 E=-1.6511260083 nfev=1337 t=948.9s remaining=669
    iter=1332 E=-1.6511266290 nfev=1338 t=949.6s remaining=668
    iter=1333 E=-1.6511274875 nfev=1339 t=950.3s remaining=667
    iter=1334 E=-1.6511286106 nfev=1340 t=951.0s remaining=666
    iter=1335 E=-1.6511292563 nfev=1341 t=951.7s remaining=665
    iter=1336 E=-1.6511301059 nfev=1342 t=952.4s remaining=664
    iter=1337 E=-1.6511308638 nfev=1343 t=953.1s remaining=663
    iter=1338 E=-1.6511315069 nfev=1344 t=953.8s remaining=662
    iter=1339 E=-1.6511319940 nfev=1345 t=954.5s remaining=661
    iter=1340 E=-1.6511324041 nfev=1346 t=955.2s remaining=660
    iter=1341 E=-1.6511329214 nfev=1347 t=955.9s remaining=659
    iter=1342 E=-1.6511333718 nfev=1348 t=956.6s remaining=658
    iter=1343 E=-1.6511337337 nfev=1349 t=957.3s remaining=657
    iter=1344 E=-1.6511342209 nfev=1350 t=958.0s remaining=656
    iter=1345 E=-1.6511345348 nfev=1351 t=958.7s remaining=655
    iter=1346 E=-1.6511349243 nfev=1352 t=959.4s remaining=654
    iter=1347 E=-1.6511353132 nfev=1353 t=960.2s remaining=653
    iter=1348 E=-1.6511356489 nfev=1354 t=960.9s remaining=652
    iter=1349 E=-1.6511358932 nfev=1355 t=961.6s remaining=651
    iter=1350 E=-1.6511361804 nfev=1356 t=962.3s remaining=650
    iter=1351 E=-1.6511366318 nfev=1357 t=963.0s remaining=649
    iter=1352 E=-1.6511373545 nfev=1358 t=963.7s remaining=648
    iter=1353 E=-1.6511383788 nfev=1359 t=964.4s remaining=647
    iter=1354 E=-1.6511395084 nfev=1360 t=965.1s remaining=646
    iter=1355 E=-1.6511404948 nfev=1361 t=965.9s remaining=645
    iter=1356 E=-1.6511416294 nfev=1362 t=966.5s remaining=644
    iter=1357 E=-1.6511424751 nfev=1363 t=967.2s remaining=643
    iter=1358 E=-1.6511433901 nfev=1364 t=967.9s remaining=642
    iter=1359 E=-1.6511445659 nfev=1365 t=968.6s remaining=641
    iter=1360 E=-1.6511454420 nfev=1366 t=969.4s remaining=640
    iter=1361 E=-1.6511462856 nfev=1367 t=970.1s remaining=639
    iter=1362 E=-1.6511469590 nfev=1368 t=970.8s remaining=638
    iter=1363 E=-1.6511475428 nfev=1369 t=971.6s remaining=637
    iter=1364 E=-1.6511478584 nfev=1370 t=972.3s remaining=636
    iter=1365 E=-1.6511482448 nfev=1371 t=973.1s remaining=635
    iter=1366 E=-1.6511486620 nfev=1372 t=973.9s remaining=634
    iter=1367 E=-1.6511490945 nfev=1373 t=974.6s remaining=633
    iter=1368 E=-1.6511497484 nfev=1374 t=975.3s remaining=632
    iter=1369 E=-1.6511504755 nfev=1375 t=976.0s remaining=631
    iter=1370 E=-1.6511513978 nfev=1376 t=976.7s remaining=630
    iter=1371 E=-1.6511523314 nfev=1377 t=977.4s remaining=629
    iter=1372 E=-1.6511531162 nfev=1378 t=978.3s remaining=628
    iter=1373 E=-1.6511536732 nfev=1379 t=979.1s remaining=627
    iter=1374 E=-1.6511540820 nfev=1380 t=979.8s remaining=626
    iter=1375 E=-1.6511543140 nfev=1381 t=980.5s remaining=625
    iter=1376 E=-1.6511545150 nfev=1382 t=981.2s remaining=624
    iter=1377 E=-1.6511546974 nfev=1383 t=981.9s remaining=623
    iter=1378 E=-1.6511548239 nfev=1384 t=982.6s remaining=622
    iter=1379 E=-1.6511550079 nfev=1385 t=983.4s remaining=621
    iter=1380 E=-1.6511552652 nfev=1386 t=984.2s remaining=620
    iter=1381 E=-1.6511556900 nfev=1387 t=984.9s remaining=619
    iter=1382 E=-1.6511563180 nfev=1388 t=985.6s remaining=618
    iter=1383 E=-1.6511572321 nfev=1389 t=986.3s remaining=617
    iter=1384 E=-1.6511586170 nfev=1390 t=987.0s remaining=616
    iter=1385 E=-1.6511604685 nfev=1391 t=987.7s remaining=615
    iter=1386 E=-1.6511617630 nfev=1392 t=988.4s remaining=614
    iter=1387 E=-1.6511627590 nfev=1393 t=989.1s remaining=613
    iter=1388 E=-1.6511635802 nfev=1394 t=989.8s remaining=612
    iter=1389 E=-1.6511640408 nfev=1395 t=990.5s remaining=611
    iter=1390 E=-1.6511644823 nfev=1396 t=991.2s remaining=610
    iter=1391 E=-1.6511648382 nfev=1397 t=991.9s remaining=609
    iter=1392 E=-1.6511651525 nfev=1398 t=992.5s remaining=608
    iter=1393 E=-1.6511653563 nfev=1399 t=993.2s remaining=607
    iter=1394 E=-1.6511655145 nfev=1400 t=993.9s remaining=606
    iter=1395 E=-1.6511656840 nfev=1401 t=994.6s remaining=605
    iter=1396 E=-1.6511658954 nfev=1402 t=995.3s remaining=604
    iter=1397 E=-1.6511661792 nfev=1403 t=996.0s remaining=603
    iter=1398 E=-1.6511665141 nfev=1404 t=996.7s remaining=602
    iter=1399 E=-1.6511668427 nfev=1405 t=997.4s remaining=601
    iter=1400 E=-1.6511671734 nfev=1406 t=998.0s remaining=600
    iter=1401 E=-1.6511675228 nfev=1407 t=998.7s remaining=599
    iter=1402 E=-1.6511678352 nfev=1408 t=999.5s remaining=598
    iter=1403 E=-1.6511681144 nfev=1409 t=1000.1s remaining=597
    iter=1404 E=-1.6511684291 nfev=1410 t=1000.8s remaining=596
    iter=1405 E=-1.6511688540 nfev=1411 t=1001.5s remaining=595
    iter=1406 E=-1.6511692595 nfev=1412 t=1002.2s remaining=594
    iter=1407 E=-1.6511696225 nfev=1413 t=1002.8s remaining=593
    iter=1408 E=-1.6511702130 nfev=1414 t=1003.5s remaining=592
    iter=1409 E=-1.6511710894 nfev=1415 t=1004.2s remaining=591
    iter=1410 E=-1.6511719742 nfev=1416 t=1004.9s remaining=590
    iter=1411 E=-1.6511727473 nfev=1417 t=1005.5s remaining=589
    iter=1412 E=-1.6511735887 nfev=1418 t=1006.2s remaining=588
    iter=1413 E=-1.6511746070 nfev=1419 t=1006.9s remaining=587
    iter=1414 E=-1.6511750141 nfev=1420 t=1007.5s remaining=586
    iter=1415 E=-1.6511755361 nfev=1421 t=1008.2s remaining=585
    iter=1416 E=-1.6511759356 nfev=1422 t=1008.9s remaining=584
    iter=1417 E=-1.6511764485 nfev=1423 t=1009.5s remaining=583
    iter=1418 E=-1.6511769684 nfev=1424 t=1010.2s remaining=582
    iter=1419 E=-1.6511773876 nfev=1425 t=1010.9s remaining=581
    iter=1420 E=-1.6511776839 nfev=1426 t=1011.6s remaining=580
    iter=1421 E=-1.6511778844 nfev=1427 t=1012.3s remaining=579
    iter=1422 E=-1.6511780981 nfev=1428 t=1012.9s remaining=578
    iter=1423 E=-1.6511783094 nfev=1429 t=1013.6s remaining=577
    iter=1424 E=-1.6511784719 nfev=1430 t=1014.3s remaining=576
    iter=1425 E=-1.6511786740 nfev=1431 t=1015.0s remaining=575
    iter=1426 E=-1.6511789227 nfev=1432 t=1015.7s remaining=574
    iter=1427 E=-1.6511792158 nfev=1433 t=1016.4s remaining=573
    iter=1428 E=-1.6511795715 nfev=1434 t=1017.2s remaining=572
    iter=1429 E=-1.6511800174 nfev=1435 t=1017.9s remaining=571
    iter=1430 E=-1.6511804863 nfev=1436 t=1018.6s remaining=570
    iter=1431 E=-1.6511809234 nfev=1437 t=1019.4s remaining=569
    iter=1432 E=-1.6511814384 nfev=1438 t=1020.1s remaining=568
    iter=1433 E=-1.6511820494 nfev=1439 t=1020.8s remaining=567
    iter=1434 E=-1.6511828313 nfev=1440 t=1021.5s remaining=566
    iter=1435 E=-1.6511838180 nfev=1441 t=1022.2s remaining=565
    iter=1436 E=-1.6511850055 nfev=1442 t=1022.9s remaining=564
    iter=1437 E=-1.6511862242 nfev=1443 t=1023.6s remaining=563
    iter=1438 E=-1.6511870590 nfev=1444 t=1024.3s remaining=562
    iter=1439 E=-1.6511877455 nfev=1445 t=1025.0s remaining=561
    iter=1440 E=-1.6511882462 nfev=1446 t=1025.7s remaining=560
    iter=1441 E=-1.6511888721 nfev=1447 t=1026.4s remaining=559
    iter=1442 E=-1.6511891157 nfev=1448 t=1027.1s remaining=558
    iter=1443 E=-1.6511894099 nfev=1449 t=1027.8s remaining=557
    iter=1444 E=-1.6511896341 nfev=1450 t=1028.5s remaining=556
    iter=1445 E=-1.6511897793 nfev=1451 t=1029.2s remaining=555
    iter=1446 E=-1.6511900055 nfev=1452 t=1029.8s remaining=554
    iter=1447 E=-1.6511902438 nfev=1453 t=1030.5s remaining=553
    iter=1448 E=-1.6511904567 nfev=1454 t=1031.2s remaining=552
    iter=1449 E=-1.6511907164 nfev=1455 t=1031.9s remaining=551
    iter=1450 E=-1.6511910305 nfev=1456 t=1032.6s remaining=550
    iter=1451 E=-1.6511914152 nfev=1457 t=1033.2s remaining=549
    iter=1452 E=-1.6511918764 nfev=1458 t=1033.9s remaining=548
    iter=1453 E=-1.6511925520 nfev=1459 t=1034.6s remaining=547
    iter=1454 E=-1.6511934809 nfev=1460 t=1035.2s remaining=546
    iter=1455 E=-1.6511943678 nfev=1461 t=1035.9s remaining=545
    iter=1456 E=-1.6511948470 nfev=1462 t=1036.6s remaining=544
    iter=1457 E=-1.6511955319 nfev=1463 t=1037.3s remaining=543
    iter=1458 E=-1.6511962236 nfev=1464 t=1037.9s remaining=542
    iter=1459 E=-1.6511967192 nfev=1465 t=1038.6s remaining=541
    iter=1460 E=-1.6511972488 nfev=1466 t=1039.3s remaining=540
    iter=1461 E=-1.6511978235 nfev=1467 t=1040.0s remaining=539
    iter=1462 E=-1.6511983402 nfev=1468 t=1040.7s remaining=538
    iter=1463 E=-1.6511987996 nfev=1469 t=1041.4s remaining=537
    iter=1464 E=-1.6511992648 nfev=1470 t=1042.1s remaining=536
    iter=1465 E=-1.6511999082 nfev=1471 t=1042.8s remaining=535
    iter=1466 E=-1.6512004304 nfev=1472 t=1043.5s remaining=534
    iter=1467 E=-1.6512011185 nfev=1473 t=1044.2s remaining=533
    iter=1468 E=-1.6512019980 nfev=1474 t=1045.1s remaining=532
    iter=1469 E=-1.6512030545 nfev=1475 t=1045.8s remaining=531
    iter=1470 E=-1.6512041193 nfev=1476 t=1046.5s remaining=530
    iter=1471 E=-1.6512048659 nfev=1477 t=1047.2s remaining=529
    iter=1472 E=-1.6512059666 nfev=1478 t=1047.9s remaining=528
    iter=1473 E=-1.6512073992 nfev=1479 t=1048.6s remaining=527
    iter=1474 E=-1.6512080929 nfev=1480 t=1049.3s remaining=526
    iter=1475 E=-1.6512087589 nfev=1481 t=1049.9s remaining=525
    iter=1476 E=-1.6512092269 nfev=1482 t=1050.6s remaining=524
    iter=1477 E=-1.6512096769 nfev=1483 t=1051.3s remaining=523
    iter=1478 E=-1.6512101670 nfev=1484 t=1052.0s remaining=522
    iter=1479 E=-1.6512105044 nfev=1485 t=1052.7s remaining=521
    iter=1480 E=-1.6512109327 nfev=1486 t=1053.5s remaining=520
    iter=1481 E=-1.6512113632 nfev=1487 t=1054.2s remaining=519
    iter=1482 E=-1.6512116678 nfev=1488 t=1054.8s remaining=518
    iter=1483 E=-1.6512118706 nfev=1489 t=1055.6s remaining=517
    iter=1484 E=-1.6512121644 nfev=1490 t=1056.2s remaining=516
    iter=1485 E=-1.6512124405 nfev=1491 t=1056.9s remaining=515
    iter=1486 E=-1.6512127479 nfev=1492 t=1057.6s remaining=514
    iter=1487 E=-1.6512130776 nfev=1493 t=1058.3s remaining=513
    iter=1488 E=-1.6512135717 nfev=1494 t=1059.0s remaining=512
    iter=1489 E=-1.6512141688 nfev=1495 t=1059.7s remaining=511
    iter=1490 E=-1.6512149586 nfev=1496 t=1060.4s remaining=510
    iter=1491 E=-1.6512156193 nfev=1497 t=1061.1s remaining=509
    iter=1492 E=-1.6512164242 nfev=1498 t=1061.9s remaining=508
    iter=1493 E=-1.6512172765 nfev=1499 t=1062.8s remaining=507
    iter=1494 E=-1.6512180403 nfev=1500 t=1063.6s remaining=506
    iter=1495 E=-1.6512187711 nfev=1501 t=1064.4s remaining=505
    iter=1496 E=-1.6512196848 nfev=1502 t=1065.2s remaining=504
    iter=1497 E=-1.6512204191 nfev=1503 t=1065.9s remaining=503
    iter=1498 E=-1.6512211254 nfev=1504 t=1066.7s remaining=502
    iter=1499 E=-1.6512220761 nfev=1505 t=1067.4s remaining=501
    iter=1500 E=-1.6512231870 nfev=1506 t=1068.1s remaining=500
    iter=1501 E=-1.6512237856 nfev=1507 t=1068.8s remaining=499
    iter=1502 E=-1.6512242572 nfev=1508 t=1069.5s remaining=498
    iter=1503 E=-1.6512247638 nfev=1509 t=1070.3s remaining=497
    iter=1504 E=-1.6512251457 nfev=1510 t=1071.0s remaining=496
    iter=1505 E=-1.6512254657 nfev=1511 t=1071.7s remaining=495
    iter=1506 E=-1.6512258835 nfev=1512 t=1072.4s remaining=494
    iter=1507 E=-1.6512262376 nfev=1513 t=1073.1s remaining=493
    iter=1508 E=-1.6512266809 nfev=1514 t=1073.8s remaining=492
    iter=1509 E=-1.6512271381 nfev=1515 t=1074.6s remaining=491
    iter=1510 E=-1.6512275656 nfev=1516 t=1075.3s remaining=490
    iter=1511 E=-1.6512281725 nfev=1517 t=1076.0s remaining=489
    iter=1512 E=-1.6512288848 nfev=1518 t=1076.8s remaining=488
    iter=1513 E=-1.6512295535 nfev=1519 t=1077.5s remaining=487
    iter=1514 E=-1.6512302770 nfev=1520 t=1078.2s remaining=486
    iter=1515 E=-1.6512309633 nfev=1521 t=1078.9s remaining=485
    iter=1516 E=-1.6512315028 nfev=1522 t=1079.6s remaining=484
    iter=1517 E=-1.6512321464 nfev=1523 t=1080.3s remaining=483
    iter=1518 E=-1.6512326207 nfev=1524 t=1080.9s remaining=482
    iter=1519 E=-1.6512331209 nfev=1525 t=1081.6s remaining=481
    iter=1520 E=-1.6512335491 nfev=1526 t=1082.3s remaining=480
    iter=1521 E=-1.6512340282 nfev=1527 t=1083.0s remaining=479
    iter=1522 E=-1.6512346537 nfev=1528 t=1083.6s remaining=478
    iter=1523 E=-1.6512350837 nfev=1529 t=1084.4s remaining=477
    iter=1524 E=-1.6512355541 nfev=1530 t=1085.1s remaining=476
    iter=1525 E=-1.6512360605 nfev=1531 t=1085.7s remaining=475
    iter=1526 E=-1.6512366746 nfev=1532 t=1086.5s remaining=474
    iter=1527 E=-1.6512372814 nfev=1533 t=1087.1s remaining=473
    iter=1528 E=-1.6512377607 nfev=1534 t=1087.8s remaining=472
    iter=1529 E=-1.6512382165 nfev=1535 t=1088.5s remaining=471
    iter=1530 E=-1.6512388611 nfev=1536 t=1089.2s remaining=470
    iter=1531 E=-1.6512395573 nfev=1537 t=1089.9s remaining=469
    iter=1532 E=-1.6512400431 nfev=1538 t=1090.6s remaining=468
    iter=1533 E=-1.6512405627 nfev=1539 t=1091.3s remaining=467
    iter=1534 E=-1.6512411145 nfev=1540 t=1092.0s remaining=466
    iter=1535 E=-1.6512416201 nfev=1541 t=1092.7s remaining=465
    iter=1536 E=-1.6512420596 nfev=1542 t=1093.4s remaining=464
    iter=1537 E=-1.6512424839 nfev=1543 t=1094.0s remaining=463
    iter=1538 E=-1.6512429270 nfev=1544 t=1094.7s remaining=462
    iter=1539 E=-1.6512432636 nfev=1545 t=1095.3s remaining=461
    iter=1540 E=-1.6512435685 nfev=1546 t=1096.0s remaining=460
    iter=1541 E=-1.6512438896 nfev=1547 t=1096.6s remaining=459
    iter=1542 E=-1.6512441877 nfev=1548 t=1097.3s remaining=458
    iter=1543 E=-1.6512445690 nfev=1549 t=1098.0s remaining=457
    iter=1544 E=-1.6512450297 nfev=1550 t=1098.7s remaining=456
    iter=1545 E=-1.6512456025 nfev=1551 t=1099.4s remaining=455
    iter=1546 E=-1.6512462377 nfev=1552 t=1100.3s remaining=454
    iter=1547 E=-1.6512471086 nfev=1553 t=1101.0s remaining=453
    iter=1548 E=-1.6512478520 nfev=1554 t=1101.7s remaining=452
    iter=1549 E=-1.6512486791 nfev=1555 t=1102.4s remaining=451
    iter=1550 E=-1.6512495992 nfev=1556 t=1103.1s remaining=450
    iter=1551 E=-1.6512509188 nfev=1557 t=1103.9s remaining=449
    iter=1552 E=-1.6512524211 nfev=1558 t=1104.6s remaining=448
    iter=1553 E=-1.6512537397 nfev=1559 t=1105.3s remaining=447
    iter=1554 E=-1.6512547099 nfev=1560 t=1106.0s remaining=446
    iter=1555 E=-1.6512556233 nfev=1561 t=1106.7s remaining=445
    iter=1556 E=-1.6512562797 nfev=1562 t=1107.4s remaining=444
    iter=1557 E=-1.6512567660 nfev=1563 t=1108.1s remaining=443
    iter=1558 E=-1.6512572166 nfev=1564 t=1108.8s remaining=442
    iter=1559 E=-1.6512574966 nfev=1565 t=1109.5s remaining=441
    iter=1560 E=-1.6512577026 nfev=1566 t=1110.2s remaining=440
    iter=1561 E=-1.6512579074 nfev=1567 t=1110.9s remaining=439
    iter=1562 E=-1.6512581546 nfev=1568 t=1111.6s remaining=438
    iter=1563 E=-1.6512585312 nfev=1569 t=1112.3s remaining=437
    iter=1564 E=-1.6512589953 nfev=1570 t=1113.0s remaining=436
    iter=1565 E=-1.6512594632 nfev=1571 t=1113.7s remaining=435
    iter=1566 E=-1.6512599124 nfev=1572 t=1114.4s remaining=434
    iter=1567 E=-1.6512604886 nfev=1573 t=1115.1s remaining=433
    iter=1568 E=-1.6512611119 nfev=1574 t=1115.8s remaining=432
    iter=1569 E=-1.6512617941 nfev=1575 t=1116.5s remaining=431
    iter=1570 E=-1.6512623569 nfev=1576 t=1117.2s remaining=430
    iter=1571 E=-1.6512629519 nfev=1577 t=1117.9s remaining=429
    iter=1572 E=-1.6512637648 nfev=1578 t=1118.7s remaining=428
    iter=1573 E=-1.6512648936 nfev=1579 t=1119.4s remaining=427
    iter=1574 E=-1.6512664756 nfev=1580 t=1120.1s remaining=426
    iter=1575 E=-1.6512682315 nfev=1581 t=1120.7s remaining=425
    iter=1576 E=-1.6512696614 nfev=1582 t=1121.4s remaining=424
    iter=1577 E=-1.6512704317 nfev=1583 t=1122.1s remaining=423
    iter=1578 E=-1.6512708658 nfev=1584 t=1122.8s remaining=422
    iter=1579 E=-1.6512713667 nfev=1585 t=1123.5s remaining=421
    iter=1580 E=-1.6512717200 nfev=1586 t=1124.3s remaining=420
    iter=1581 E=-1.6512720208 nfev=1587 t=1124.9s remaining=419
    iter=1582 E=-1.6512723990 nfev=1588 t=1125.6s remaining=418
    iter=1583 E=-1.6512727912 nfev=1589 t=1126.3s remaining=417
    iter=1584 E=-1.6512730785 nfev=1590 t=1127.0s remaining=416
    iter=1585 E=-1.6512733164 nfev=1591 t=1127.7s remaining=415
    iter=1586 E=-1.6512735912 nfev=1592 t=1128.4s remaining=414
    iter=1587 E=-1.6512739405 nfev=1593 t=1129.1s remaining=413
    iter=1588 E=-1.6512743252 nfev=1594 t=1129.8s remaining=412
    iter=1589 E=-1.6512747882 nfev=1595 t=1130.5s remaining=411
    iter=1590 E=-1.6512753886 nfev=1596 t=1131.2s remaining=410
    iter=1591 E=-1.6512761014 nfev=1597 t=1131.8s remaining=409
    iter=1592 E=-1.6512767916 nfev=1598 t=1132.6s remaining=408
    iter=1593 E=-1.6512775610 nfev=1599 t=1133.3s remaining=407
    iter=1594 E=-1.6512783367 nfev=1600 t=1134.0s remaining=406
    iter=1595 E=-1.6512792293 nfev=1601 t=1134.7s remaining=405
    iter=1596 E=-1.6512799599 nfev=1602 t=1135.4s remaining=404
    iter=1597 E=-1.6512807321 nfev=1603 t=1136.0s remaining=403
    iter=1598 E=-1.6512814782 nfev=1604 t=1136.7s remaining=402
    iter=1599 E=-1.6512823343 nfev=1605 t=1137.4s remaining=401
    iter=1600 E=-1.6512831791 nfev=1606 t=1138.0s remaining=400
    iter=1601 E=-1.6512838664 nfev=1607 t=1138.7s remaining=399
    iter=1602 E=-1.6512845438 nfev=1608 t=1139.3s remaining=398
    iter=1603 E=-1.6512851500 nfev=1609 t=1140.0s remaining=397
    iter=1604 E=-1.6512855393 nfev=1610 t=1140.7s remaining=396
    iter=1605 E=-1.6512859774 nfev=1611 t=1141.3s remaining=395
    iter=1606 E=-1.6512865900 nfev=1612 t=1142.0s remaining=394
    iter=1607 E=-1.6512873215 nfev=1613 t=1142.7s remaining=393
    iter=1608 E=-1.6512880456 nfev=1614 t=1143.4s remaining=392
    iter=1609 E=-1.6512888173 nfev=1615 t=1144.0s remaining=391
    iter=1610 E=-1.6512893631 nfev=1616 t=1144.7s remaining=390
    iter=1611 E=-1.6512898650 nfev=1617 t=1145.4s remaining=389
    iter=1612 E=-1.6512905280 nfev=1618 t=1146.0s remaining=388
    iter=1613 E=-1.6512914122 nfev=1619 t=1146.7s remaining=387
    iter=1614 E=-1.6512922990 nfev=1620 t=1147.3s remaining=386
    iter=1615 E=-1.6512930429 nfev=1621 t=1148.0s remaining=385
    iter=1616 E=-1.6512937285 nfev=1622 t=1148.7s remaining=384
    iter=1617 E=-1.6512943430 nfev=1623 t=1149.3s remaining=383
    iter=1618 E=-1.6512948738 nfev=1624 t=1150.0s remaining=382
    iter=1619 E=-1.6512955346 nfev=1625 t=1150.7s remaining=381
    iter=1620 E=-1.6512963838 nfev=1626 t=1151.4s remaining=380
    iter=1621 E=-1.6512971242 nfev=1627 t=1152.2s remaining=379
    iter=1622 E=-1.6512979743 nfev=1628 t=1152.9s remaining=378
    iter=1623 E=-1.6512988267 nfev=1629 t=1153.5s remaining=377
    iter=1624 E=-1.6512993563 nfev=1630 t=1154.2s remaining=376
    iter=1625 E=-1.6512997323 nfev=1631 t=1154.9s remaining=375
    iter=1626 E=-1.6513001244 nfev=1632 t=1155.7s remaining=374
    iter=1627 E=-1.6513004143 nfev=1633 t=1156.4s remaining=373
    iter=1628 E=-1.6513006440 nfev=1634 t=1157.1s remaining=372
    iter=1629 E=-1.6513009649 nfev=1635 t=1157.7s remaining=371
    iter=1630 E=-1.6513011934 nfev=1636 t=1158.4s remaining=370
    iter=1631 E=-1.6513014665 nfev=1637 t=1159.1s remaining=369
    iter=1632 E=-1.6513017898 nfev=1638 t=1159.8s remaining=368
    iter=1633 E=-1.6513022041 nfev=1639 t=1160.5s remaining=367
    iter=1634 E=-1.6513025091 nfev=1640 t=1161.1s remaining=366
    iter=1635 E=-1.6513027768 nfev=1641 t=1161.8s remaining=365
    iter=1636 E=-1.6513031638 nfev=1642 t=1162.5s remaining=364
    iter=1637 E=-1.6513036106 nfev=1643 t=1163.2s remaining=363
    iter=1638 E=-1.6513042030 nfev=1644 t=1163.9s remaining=362
    iter=1639 E=-1.6513051581 nfev=1645 t=1164.6s remaining=361
    iter=1640 E=-1.6513064127 nfev=1646 t=1165.3s remaining=360
    iter=1641 E=-1.6513074776 nfev=1647 t=1166.0s remaining=359
    iter=1642 E=-1.6513086859 nfev=1648 t=1166.7s remaining=358
    iter=1643 E=-1.6513100908 nfev=1649 t=1167.4s remaining=357
    iter=1644 E=-1.6513111257 nfev=1650 t=1168.1s remaining=356
    iter=1645 E=-1.6513121322 nfev=1651 t=1168.8s remaining=355
    iter=1646 E=-1.6513127688 nfev=1652 t=1169.5s remaining=354
    iter=1647 E=-1.6513131375 nfev=1653 t=1170.2s remaining=353
    iter=1648 E=-1.6513134597 nfev=1654 t=1170.9s remaining=352
    iter=1649 E=-1.6513137772 nfev=1655 t=1171.6s remaining=351
    iter=1650 E=-1.6513140499 nfev=1656 t=1172.3s remaining=350
    iter=1651 E=-1.6513142881 nfev=1657 t=1173.0s remaining=349
    iter=1652 E=-1.6513145411 nfev=1658 t=1173.7s remaining=348
    iter=1653 E=-1.6513149055 nfev=1659 t=1174.3s remaining=347
    iter=1654 E=-1.6513153511 nfev=1660 t=1175.0s remaining=346
    iter=1655 E=-1.6513157820 nfev=1661 t=1175.8s remaining=345
    iter=1656 E=-1.6513161365 nfev=1662 t=1176.5s remaining=344
    iter=1657 E=-1.6513164829 nfev=1663 t=1177.2s remaining=343
    iter=1658 E=-1.6513168654 nfev=1664 t=1177.9s remaining=342
    iter=1659 E=-1.6513171208 nfev=1665 t=1178.6s remaining=341
    iter=1660 E=-1.6513173924 nfev=1666 t=1179.3s remaining=340
    iter=1661 E=-1.6513177160 nfev=1667 t=1180.0s remaining=339
    iter=1662 E=-1.6513179287 nfev=1668 t=1180.7s remaining=338
    iter=1663 E=-1.6513181701 nfev=1669 t=1181.4s remaining=337
    iter=1664 E=-1.6513183955 nfev=1670 t=1182.1s remaining=336
    iter=1665 E=-1.6513186309 nfev=1671 t=1182.8s remaining=335
    iter=1666 E=-1.6513188354 nfev=1672 t=1183.5s remaining=334
    iter=1667 E=-1.6513191312 nfev=1673 t=1184.2s remaining=333
    iter=1668 E=-1.6513194156 nfev=1674 t=1184.9s remaining=332
    iter=1669 E=-1.6513197467 nfev=1675 t=1185.6s remaining=331
    iter=1670 E=-1.6513202226 nfev=1676 t=1186.3s remaining=330
    iter=1671 E=-1.6513207136 nfev=1677 t=1187.0s remaining=329
    iter=1672 E=-1.6513211725 nfev=1678 t=1187.7s remaining=328
    iter=1673 E=-1.6513218036 nfev=1679 t=1188.4s remaining=327
    iter=1674 E=-1.6513225692 nfev=1680 t=1189.1s remaining=326
    iter=1675 E=-1.6513230773 nfev=1681 t=1189.8s remaining=325
    iter=1676 E=-1.6513237934 nfev=1682 t=1190.5s remaining=324
    iter=1677 E=-1.6513245791 nfev=1683 t=1191.2s remaining=323
    iter=1678 E=-1.6513256399 nfev=1684 t=1191.9s remaining=322
    iter=1679 E=-1.6513270209 nfev=1685 t=1192.6s remaining=321
    iter=1680 E=-1.6513280751 nfev=1686 t=1193.3s remaining=320
    iter=1681 E=-1.6513291175 nfev=1687 t=1194.0s remaining=319
    iter=1682 E=-1.6513297026 nfev=1688 t=1194.7s remaining=318
    iter=1683 E=-1.6513301173 nfev=1689 t=1195.4s remaining=317
    iter=1684 E=-1.6513304430 nfev=1690 t=1196.1s remaining=316
    iter=1685 E=-1.6513307003 nfev=1691 t=1196.8s remaining=315
    iter=1686 E=-1.6513309982 nfev=1692 t=1197.5s remaining=314
    iter=1687 E=-1.6513312169 nfev=1693 t=1198.1s remaining=313
    iter=1688 E=-1.6513314681 nfev=1694 t=1198.8s remaining=312
    iter=1689 E=-1.6513317301 nfev=1695 t=1199.5s remaining=311
    iter=1690 E=-1.6513319543 nfev=1696 t=1200.2s remaining=310
    iter=1691 E=-1.6513322006 nfev=1697 t=1200.8s remaining=309
    iter=1692 E=-1.6513324221 nfev=1698 t=1201.5s remaining=308
    iter=1693 E=-1.6513325995 nfev=1699 t=1202.3s remaining=307
    iter=1694 E=-1.6513328482 nfev=1700 t=1202.9s remaining=306
    iter=1695 E=-1.6513331722 nfev=1701 t=1203.6s remaining=305
    iter=1696 E=-1.6513336140 nfev=1702 t=1204.3s remaining=304
    iter=1697 E=-1.6513340863 nfev=1703 t=1205.0s remaining=303
    iter=1698 E=-1.6513344387 nfev=1704 t=1205.7s remaining=302
    iter=1699 E=-1.6513348318 nfev=1705 t=1206.4s remaining=301
    iter=1700 E=-1.6513352918 nfev=1706 t=1207.0s remaining=300
    iter=1701 E=-1.6513358067 nfev=1707 t=1207.7s remaining=299
    iter=1702 E=-1.6513363162 nfev=1708 t=1208.5s remaining=298
    iter=1703 E=-1.6513367815 nfev=1709 t=1209.1s remaining=297
    iter=1704 E=-1.6513373297 nfev=1710 t=1209.8s remaining=296
    iter=1705 E=-1.6513379401 nfev=1711 t=1210.5s remaining=295
    iter=1706 E=-1.6513385315 nfev=1712 t=1211.2s remaining=294
    iter=1707 E=-1.6513393087 nfev=1713 t=1211.9s remaining=293
    iter=1708 E=-1.6513397982 nfev=1714 t=1212.6s remaining=292
    iter=1709 E=-1.6513403620 nfev=1715 t=1213.3s remaining=291
    iter=1710 E=-1.6513408272 nfev=1716 t=1213.9s remaining=290
    iter=1711 E=-1.6513413859 nfev=1717 t=1214.7s remaining=289
    iter=1712 E=-1.6513419502 nfev=1718 t=1215.4s remaining=288
    iter=1713 E=-1.6513429065 nfev=1719 t=1216.1s remaining=287
    iter=1714 E=-1.6513439720 nfev=1720 t=1216.7s remaining=286
    iter=1715 E=-1.6513451617 nfev=1721 t=1217.7s remaining=285
    iter=1716 E=-1.6513462332 nfev=1722 t=1218.4s remaining=284
    iter=1717 E=-1.6513468881 nfev=1723 t=1219.1s remaining=283
    iter=1718 E=-1.6513474635 nfev=1724 t=1219.8s remaining=282
    iter=1719 E=-1.6513478724 nfev=1725 t=1220.5s remaining=281
    iter=1720 E=-1.6513483014 nfev=1726 t=1221.4s remaining=280
    iter=1721 E=-1.6513488619 nfev=1727 t=1222.4s remaining=279
    iter=1722 E=-1.6513494189 nfev=1728 t=1224.1s remaining=278
    iter=1723 E=-1.6513497070 nfev=1729 t=1225.1s remaining=277
    iter=1724 E=-1.6513500109 nfev=1730 t=1225.9s remaining=276
    iter=1725 E=-1.6513502845 nfev=1731 t=1227.1s remaining=275
    iter=1726 E=-1.6513503989 nfev=1732 t=1228.7s remaining=274
    iter=1727 E=-1.6513505524 nfev=1733 t=1229.9s remaining=273
    iter=1728 E=-1.6513507763 nfev=1734 t=1231.4s remaining=272
    iter=1729 E=-1.6513510731 nfev=1735 t=1232.6s remaining=271
    iter=1730 E=-1.6513514031 nfev=1736 t=1233.3s remaining=270
    iter=1731 E=-1.6513517179 nfev=1737 t=1234.5s remaining=269
    iter=1732 E=-1.6513521502 nfev=1738 t=1235.3s remaining=268
    iter=1733 E=-1.6513526243 nfev=1739 t=1236.2s remaining=267
    iter=1734 E=-1.6513530782 nfev=1740 t=1237.1s remaining=266
    iter=1735 E=-1.6513536393 nfev=1741 t=1237.9s remaining=265
    iter=1736 E=-1.6513542941 nfev=1742 t=1238.8s remaining=264
    iter=1737 E=-1.6513546839 nfev=1743 t=1239.6s remaining=263
    iter=1738 E=-1.6513551846 nfev=1744 t=1240.6s remaining=262
    iter=1739 E=-1.6513558041 nfev=1745 t=1241.5s remaining=261
    iter=1740 E=-1.6513564762 nfev=1746 t=1242.2s remaining=260
    iter=1741 E=-1.6513570159 nfev=1747 t=1242.9s remaining=259
    iter=1742 E=-1.6513575217 nfev=1748 t=1243.6s remaining=258
    iter=1743 E=-1.6513580439 nfev=1749 t=1244.4s remaining=257
    iter=1744 E=-1.6513585684 nfev=1750 t=1245.2s remaining=256
    iter=1745 E=-1.6513590184 nfev=1751 t=1245.9s remaining=255
    iter=1746 E=-1.6513595669 nfev=1752 t=1246.6s remaining=254
    iter=1747 E=-1.6513601153 nfev=1753 t=1247.3s remaining=253
    iter=1748 E=-1.6513606933 nfev=1754 t=1248.0s remaining=252
    iter=1749 E=-1.6513612658 nfev=1755 t=1248.7s remaining=251
    iter=1750 E=-1.6513617518 nfev=1756 t=1249.4s remaining=250
    iter=1751 E=-1.6513620578 nfev=1757 t=1250.1s remaining=249
    iter=1752 E=-1.6513623177 nfev=1758 t=1250.8s remaining=248
    iter=1753 E=-1.6513625800 nfev=1759 t=1251.4s remaining=247
    iter=1754 E=-1.6513628971 nfev=1760 t=1252.1s remaining=246
    iter=1755 E=-1.6513632566 nfev=1761 t=1252.8s remaining=245
    iter=1756 E=-1.6513636828 nfev=1762 t=1253.5s remaining=244
    iter=1757 E=-1.6513642762 nfev=1763 t=1254.2s remaining=243
    iter=1758 E=-1.6513646703 nfev=1764 t=1254.9s remaining=242
    iter=1759 E=-1.6513650849 nfev=1765 t=1255.6s remaining=241
    iter=1760 E=-1.6513653374 nfev=1766 t=1256.3s remaining=240
    iter=1761 E=-1.6513655680 nfev=1767 t=1257.0s remaining=239
    iter=1762 E=-1.6513658814 nfev=1768 t=1257.6s remaining=238
    iter=1763 E=-1.6513663066 nfev=1769 t=1258.3s remaining=237
    iter=1764 E=-1.6513667296 nfev=1770 t=1259.0s remaining=236
    iter=1765 E=-1.6513670182 nfev=1771 t=1259.6s remaining=235
    iter=1766 E=-1.6513674401 nfev=1772 t=1260.3s remaining=234
    iter=1767 E=-1.6513678364 nfev=1773 t=1261.0s remaining=233
    iter=1768 E=-1.6513681918 nfev=1774 t=1261.6s remaining=232
    iter=1769 E=-1.6513684653 nfev=1775 t=1262.3s remaining=231
    iter=1770 E=-1.6513688100 nfev=1776 t=1263.0s remaining=230
    iter=1771 E=-1.6513692696 nfev=1777 t=1263.6s remaining=229
    iter=1772 E=-1.6513698866 nfev=1778 t=1264.3s remaining=228
    iter=1773 E=-1.6513705343 nfev=1779 t=1265.0s remaining=227
    iter=1774 E=-1.6513711460 nfev=1780 t=1265.7s remaining=226
    iter=1775 E=-1.6513716681 nfev=1781 t=1266.3s remaining=225
    iter=1776 E=-1.6513720713 nfev=1782 t=1267.0s remaining=224
    iter=1777 E=-1.6513725342 nfev=1783 t=1267.7s remaining=223
    iter=1778 E=-1.6513729436 nfev=1784 t=1268.4s remaining=222
    iter=1779 E=-1.6513732574 nfev=1785 t=1269.1s remaining=221
    iter=1780 E=-1.6513736842 nfev=1786 t=1269.8s remaining=220
    iter=1781 E=-1.6513742583 nfev=1787 t=1270.5s remaining=219
    iter=1782 E=-1.6513747754 nfev=1788 t=1271.2s remaining=218
    iter=1783 E=-1.6513751413 nfev=1789 t=1271.9s remaining=217
    iter=1784 E=-1.6513754638 nfev=1790 t=1272.6s remaining=216
    iter=1785 E=-1.6513756642 nfev=1791 t=1273.3s remaining=215
    iter=1786 E=-1.6513758702 nfev=1792 t=1274.0s remaining=214
    iter=1787 E=-1.6513761255 nfev=1793 t=1274.7s remaining=213
    iter=1788 E=-1.6513763681 nfev=1794 t=1275.3s remaining=212
    iter=1789 E=-1.6513766873 nfev=1795 t=1276.0s remaining=211
    iter=1790 E=-1.6513770895 nfev=1796 t=1276.8s remaining=210
    iter=1791 E=-1.6513776479 nfev=1797 t=1277.4s remaining=209
    iter=1792 E=-1.6513781922 nfev=1798 t=1278.1s remaining=208
    iter=1793 E=-1.6513789220 nfev=1799 t=1278.8s remaining=207
    iter=1794 E=-1.6513796088 nfev=1800 t=1279.5s remaining=206
    iter=1795 E=-1.6513800985 nfev=1801 t=1280.1s remaining=205
    iter=1796 E=-1.6513805185 nfev=1802 t=1280.8s remaining=204
    iter=1797 E=-1.6513809272 nfev=1803 t=1281.5s remaining=203
    iter=1798 E=-1.6513812896 nfev=1804 t=1282.2s remaining=202
    iter=1799 E=-1.6513816160 nfev=1805 t=1282.8s remaining=201
    iter=1800 E=-1.6513820325 nfev=1806 t=1283.5s remaining=200
    iter=1801 E=-1.6513826310 nfev=1807 t=1284.2s remaining=199
    iter=1802 E=-1.6513832936 nfev=1808 t=1284.8s remaining=198
    iter=1803 E=-1.6513843388 nfev=1809 t=1285.5s remaining=197
    iter=1804 E=-1.6513855915 nfev=1810 t=1286.2s remaining=196
    iter=1805 E=-1.6513864161 nfev=1811 t=1286.9s remaining=195
    iter=1806 E=-1.6513873952 nfev=1812 t=1287.5s remaining=194
    iter=1807 E=-1.6513878929 nfev=1813 t=1288.2s remaining=193
    iter=1808 E=-1.6513886026 nfev=1814 t=1288.9s remaining=192
    iter=1809 E=-1.6513891591 nfev=1815 t=1289.6s remaining=191
    iter=1810 E=-1.6513895437 nfev=1816 t=1290.3s remaining=190
    iter=1811 E=-1.6513899847 nfev=1817 t=1291.0s remaining=189
    iter=1812 E=-1.6513903046 nfev=1818 t=1291.7s remaining=188
    iter=1813 E=-1.6513906227 nfev=1819 t=1292.3s remaining=187
    iter=1814 E=-1.6513908948 nfev=1820 t=1293.0s remaining=186
    iter=1815 E=-1.6513910336 nfev=1821 t=1293.6s remaining=185
    iter=1816 E=-1.6513912214 nfev=1822 t=1294.3s remaining=184
    iter=1817 E=-1.6513914807 nfev=1823 t=1295.0s remaining=183
    iter=1818 E=-1.6513916463 nfev=1824 t=1295.7s remaining=182
    iter=1819 E=-1.6513918340 nfev=1825 t=1296.4s remaining=181
    iter=1820 E=-1.6513921074 nfev=1826 t=1297.1s remaining=180
    iter=1821 E=-1.6513924194 nfev=1827 t=1297.8s remaining=179
    iter=1822 E=-1.6513926240 nfev=1828 t=1298.5s remaining=178
    iter=1823 E=-1.6513928955 nfev=1829 t=1299.2s remaining=177
    iter=1824 E=-1.6513932815 nfev=1830 t=1299.8s remaining=176
    iter=1825 E=-1.6513938419 nfev=1831 t=1300.6s remaining=175
    iter=1826 E=-1.6513945221 nfev=1832 t=1301.2s remaining=174
    iter=1827 E=-1.6513952210 nfev=1833 t=1301.9s remaining=173
    iter=1828 E=-1.6513959346 nfev=1834 t=1302.6s remaining=172
    iter=1829 E=-1.6513963695 nfev=1835 t=1303.3s remaining=171
    iter=1830 E=-1.6513966558 nfev=1836 t=1303.9s remaining=170
    iter=1831 E=-1.6513970101 nfev=1837 t=1304.6s remaining=169
    iter=1832 E=-1.6513974076 nfev=1838 t=1305.2s remaining=168
    iter=1833 E=-1.6513977017 nfev=1839 t=1305.9s remaining=167
    iter=1834 E=-1.6513979304 nfev=1840 t=1306.6s remaining=166
    iter=1835 E=-1.6513981364 nfev=1841 t=1307.2s remaining=165
    iter=1836 E=-1.6513982788 nfev=1842 t=1307.9s remaining=164
    iter=1837 E=-1.6513984566 nfev=1843 t=1308.5s remaining=163
    iter=1838 E=-1.6513987154 nfev=1844 t=1309.2s remaining=162
    iter=1839 E=-1.6513989399 nfev=1845 t=1309.8s remaining=161
    iter=1840 E=-1.6513991762 nfev=1846 t=1310.5s remaining=160
    iter=1841 E=-1.6513994911 nfev=1847 t=1311.1s remaining=159
    iter=1842 E=-1.6513998120 nfev=1848 t=1311.8s remaining=158
    iter=1843 E=-1.6514001969 nfev=1849 t=1312.5s remaining=157
    iter=1844 E=-1.6514005747 nfev=1850 t=1313.2s remaining=156
    iter=1845 E=-1.6514008745 nfev=1851 t=1313.9s remaining=155
    iter=1846 E=-1.6514012141 nfev=1852 t=1314.6s remaining=154
    iter=1847 E=-1.6514015805 nfev=1853 t=1315.2s remaining=153
    iter=1848 E=-1.6514020239 nfev=1854 t=1315.9s remaining=152
    iter=1849 E=-1.6514026276 nfev=1855 t=1316.6s remaining=151
    iter=1850 E=-1.6514034792 nfev=1856 t=1317.2s remaining=150
    iter=1851 E=-1.6514041612 nfev=1857 t=1317.9s remaining=149
    iter=1852 E=-1.6514047020 nfev=1858 t=1318.5s remaining=148
    iter=1853 E=-1.6514051917 nfev=1859 t=1319.2s remaining=147
    iter=1854 E=-1.6514057298 nfev=1860 t=1319.9s remaining=146
    iter=1855 E=-1.6514061550 nfev=1861 t=1320.6s remaining=145
    iter=1856 E=-1.6514067552 nfev=1862 t=1321.3s remaining=144
    iter=1857 E=-1.6514073329 nfev=1863 t=1322.0s remaining=143
    iter=1858 E=-1.6514078444 nfev=1864 t=1322.7s remaining=142
    iter=1859 E=-1.6514081345 nfev=1865 t=1323.4s remaining=141
    iter=1860 E=-1.6514083050 nfev=1866 t=1324.1s remaining=140
    iter=1861 E=-1.6514084307 nfev=1867 t=1324.8s remaining=139
    iter=1862 E=-1.6514085734 nfev=1868 t=1325.5s remaining=138
    iter=1863 E=-1.6514087094 nfev=1869 t=1326.2s remaining=137
    iter=1864 E=-1.6514087844 nfev=1870 t=1327.0s remaining=136
    iter=1865 E=-1.6514088380 nfev=1871 t=1327.7s remaining=135
    iter=1866 E=-1.6514089161 nfev=1872 t=1328.6s remaining=134
    iter=1867 E=-1.6514090195 nfev=1873 t=1329.3s remaining=133
    iter=1868 E=-1.6514091777 nfev=1874 t=1330.0s remaining=132
    iter=1869 E=-1.6514094051 nfev=1875 t=1330.8s remaining=131
    iter=1870 E=-1.6514096871 nfev=1876 t=1331.5s remaining=130
    iter=1871 E=-1.6514101055 nfev=1877 t=1332.2s remaining=129
    iter=1872 E=-1.6514107237 nfev=1878 t=1332.9s remaining=128
    iter=1873 E=-1.6514117153 nfev=1879 t=1333.7s remaining=127
    iter=1874 E=-1.6514130606 nfev=1880 t=1334.3s remaining=126
    iter=1875 E=-1.6514140700 nfev=1881 t=1335.0s remaining=125
    iter=1876 E=-1.6514149579 nfev=1882 t=1335.7s remaining=124
    iter=1877 E=-1.6514158700 nfev=1883 t=1336.4s remaining=123
    iter=1878 E=-1.6514167450 nfev=1884 t=1337.1s remaining=122
    iter=1879 E=-1.6514174935 nfev=1885 t=1337.9s remaining=121
    iter=1880 E=-1.6514178938 nfev=1886 t=1338.6s remaining=120
    iter=1881 E=-1.6514183584 nfev=1887 t=1339.3s remaining=119
    iter=1882 E=-1.6514185476 nfev=1888 t=1340.1s remaining=118
    iter=1883 E=-1.6514187711 nfev=1889 t=1340.8s remaining=117
    iter=1884 E=-1.6514188804 nfev=1890 t=1341.7s remaining=116
    iter=1885 E=-1.6514189638 nfev=1891 t=1342.6s remaining=115
    iter=1886 E=-1.6514190664 nfev=1892 t=1343.3s remaining=114
    iter=1887 E=-1.6514191821 nfev=1893 t=1344.0s remaining=113
    iter=1888 E=-1.6514193073 nfev=1894 t=1344.8s remaining=112
    iter=1889 E=-1.6514194483 nfev=1895 t=1345.6s remaining=111
    iter=1890 E=-1.6514195940 nfev=1896 t=1346.4s remaining=110
    iter=1891 E=-1.6514197528 nfev=1897 t=1347.1s remaining=109
    iter=1892 E=-1.6514199833 nfev=1898 t=1347.9s remaining=108
    iter=1893 E=-1.6514203072 nfev=1899 t=1348.7s remaining=107
    iter=1894 E=-1.6514206794 nfev=1900 t=1349.6s remaining=106
    iter=1895 E=-1.6514210216 nfev=1901 t=1350.3s remaining=105
    iter=1896 E=-1.6514213683 nfev=1902 t=1351.0s remaining=104
    iter=1897 E=-1.6514217237 nfev=1903 t=1351.7s remaining=103
    iter=1898 E=-1.6514220639 nfev=1904 t=1352.4s remaining=102
    iter=1899 E=-1.6514224748 nfev=1905 t=1353.1s remaining=101
    iter=1900 E=-1.6514229998 nfev=1906 t=1353.8s remaining=100
    iter=1901 E=-1.6514235738 nfev=1907 t=1354.6s remaining=99
    iter=1902 E=-1.6514241807 nfev=1908 t=1355.3s remaining=98
    iter=1903 E=-1.6514250292 nfev=1909 t=1356.0s remaining=97
    iter=1904 E=-1.6514259913 nfev=1910 t=1356.6s remaining=96
    iter=1905 E=-1.6514268387 nfev=1911 t=1357.4s remaining=95
    iter=1906 E=-1.6514275270 nfev=1912 t=1358.0s remaining=94
    iter=1907 E=-1.6514279343 nfev=1913 t=1358.7s remaining=93
    iter=1908 E=-1.6514284422 nfev=1914 t=1359.4s remaining=92
    iter=1909 E=-1.6514288383 nfev=1915 t=1360.1s remaining=91
    iter=1910 E=-1.6514292337 nfev=1916 t=1360.8s remaining=90
    iter=1911 E=-1.6514297075 nfev=1917 t=1361.6s remaining=89
    iter=1912 E=-1.6514300364 nfev=1918 t=1362.4s remaining=88
    iter=1913 E=-1.6514304456 nfev=1919 t=1363.2s remaining=87
    iter=1914 E=-1.6514307544 nfev=1920 t=1364.0s remaining=86
    iter=1915 E=-1.6514310183 nfev=1921 t=1364.7s remaining=85
    iter=1916 E=-1.6514312241 nfev=1922 t=1365.4s remaining=84
    iter=1917 E=-1.6514314952 nfev=1923 t=1366.1s remaining=83
    iter=1918 E=-1.6514317282 nfev=1924 t=1366.8s remaining=82
    iter=1919 E=-1.6514320090 nfev=1925 t=1367.5s remaining=81
    iter=1920 E=-1.6514323422 nfev=1926 t=1368.2s remaining=80
    iter=1921 E=-1.6514327108 nfev=1927 t=1368.8s remaining=79
    iter=1922 E=-1.6514330128 nfev=1928 t=1369.6s remaining=78
    iter=1923 E=-1.6514333404 nfev=1929 t=1370.3s remaining=77
    iter=1924 E=-1.6514335781 nfev=1930 t=1370.9s remaining=76
    iter=1925 E=-1.6514338610 nfev=1931 t=1371.7s remaining=75
    iter=1926 E=-1.6514342129 nfev=1932 t=1372.4s remaining=74
    iter=1927 E=-1.6514346908 nfev=1933 t=1373.2s remaining=73
    iter=1928 E=-1.6514351891 nfev=1934 t=1373.9s remaining=72
    iter=1929 E=-1.6514355458 nfev=1935 t=1374.6s remaining=71
    iter=1930 E=-1.6514358214 nfev=1936 t=1375.4s remaining=70
    iter=1931 E=-1.6514361865 nfev=1937 t=1376.1s remaining=69
    iter=1932 E=-1.6514365647 nfev=1938 t=1376.8s remaining=68
    iter=1933 E=-1.6514369821 nfev=1939 t=1377.5s remaining=67
    iter=1934 E=-1.6514372269 nfev=1940 t=1378.2s remaining=66
    iter=1935 E=-1.6514375681 nfev=1941 t=1378.9s remaining=65
    iter=1936 E=-1.6514378613 nfev=1942 t=1379.7s remaining=64
    iter=1937 E=-1.6514380443 nfev=1943 t=1380.4s remaining=63
    iter=1938 E=-1.6514382541 nfev=1944 t=1381.1s remaining=62
    iter=1939 E=-1.6514384871 nfev=1945 t=1381.8s remaining=61
    iter=1940 E=-1.6514386958 nfev=1946 t=1382.5s remaining=60
    iter=1941 E=-1.6514389619 nfev=1947 t=1383.1s remaining=59
    iter=1942 E=-1.6514392338 nfev=1948 t=1383.8s remaining=58
    iter=1943 E=-1.6514395076 nfev=1949 t=1384.5s remaining=57
    iter=1944 E=-1.6514398882 nfev=1950 t=1385.2s remaining=56
    iter=1945 E=-1.6514403764 nfev=1951 t=1385.9s remaining=55
    iter=1946 E=-1.6514407891 nfev=1952 t=1386.6s remaining=54
    iter=1947 E=-1.6514412740 nfev=1953 t=1387.2s remaining=53
    iter=1948 E=-1.6514417890 nfev=1954 t=1387.9s remaining=52
    iter=1949 E=-1.6514422741 nfev=1955 t=1388.6s remaining=51
    iter=1950 E=-1.6514427736 nfev=1956 t=1389.3s remaining=50
    iter=1951 E=-1.6514432030 nfev=1957 t=1390.0s remaining=49
    iter=1952 E=-1.6514434758 nfev=1958 t=1390.6s remaining=48
    iter=1953 E=-1.6514437437 nfev=1959 t=1391.5s remaining=47
    iter=1954 E=-1.6514440028 nfev=1960 t=1392.2s remaining=46
    iter=1955 E=-1.6514441921 nfev=1961 t=1393.0s remaining=45
    iter=1956 E=-1.6514444005 nfev=1962 t=1393.7s remaining=44
    iter=1957 E=-1.6514446694 nfev=1963 t=1394.5s remaining=43
    iter=1958 E=-1.6514448487 nfev=1964 t=1395.2s remaining=42
    iter=1959 E=-1.6514450785 nfev=1965 t=1395.9s remaining=41
    iter=1960 E=-1.6514453012 nfev=1966 t=1396.7s remaining=40
    iter=1961 E=-1.6514454597 nfev=1967 t=1397.4s remaining=39
    iter=1962 E=-1.6514456952 nfev=1968 t=1398.1s remaining=38
    iter=1963 E=-1.6514459546 nfev=1969 t=1398.8s remaining=37
    iter=1964 E=-1.6514462722 nfev=1970 t=1399.5s remaining=36
    iter=1965 E=-1.6514465631 nfev=1971 t=1400.2s remaining=35
    iter=1966 E=-1.6514468459 nfev=1972 t=1400.9s remaining=34
    iter=1967 E=-1.6514472046 nfev=1973 t=1401.6s remaining=33
    iter=1968 E=-1.6514477160 nfev=1974 t=1402.3s remaining=32
    iter=1969 E=-1.6514483545 nfev=1975 t=1403.0s remaining=31
    iter=1970 E=-1.6514493954 nfev=1976 t=1403.8s remaining=30
    iter=1971 E=-1.6514506566 nfev=1977 t=1404.5s remaining=29
    iter=1972 E=-1.6514518172 nfev=1978 t=1405.2s remaining=28
    iter=1973 E=-1.6514524414 nfev=1979 t=1406.0s remaining=27
    iter=1974 E=-1.6514531257 nfev=1980 t=1406.7s remaining=26
    iter=1975 E=-1.6514533912 nfev=1981 t=1407.4s remaining=25
    iter=1976 E=-1.6514536788 nfev=1982 t=1408.1s remaining=24
    iter=1977 E=-1.6514540067 nfev=1983 t=1408.8s remaining=23
    iter=1978 E=-1.6514542361 nfev=1984 t=1409.5s remaining=22
    iter=1979 E=-1.6514544367 nfev=1985 t=1410.2s remaining=21
    iter=1980 E=-1.6514545422 nfev=1986 t=1410.9s remaining=20
    iter=1981 E=-1.6514546579 nfev=1987 t=1411.6s remaining=19
    iter=1982 E=-1.6514547805 nfev=1988 t=1412.4s remaining=18
    iter=1983 E=-1.6514549369 nfev=1989 t=1413.2s remaining=17
    iter=1984 E=-1.6514550807 nfev=1990 t=1413.9s remaining=16
    iter=1985 E=-1.6514552197 nfev=1991 t=1414.7s remaining=15
    iter=1986 E=-1.6514553745 nfev=1992 t=1415.4s remaining=14
    iter=1987 E=-1.6514555527 nfev=1993 t=1416.1s remaining=13
    iter=1988 E=-1.6514558803 nfev=1994 t=1416.9s remaining=12
    iter=1989 E=-1.6514562676 nfev=1995 t=1417.6s remaining=11
    iter=1990 E=-1.6514566728 nfev=1996 t=1418.3s remaining=10
    iter=1991 E=-1.6514571613 nfev=1997 t=1419.0s remaining=9
    iter=1992 E=-1.6514579243 nfev=1998 t=1419.7s remaining=8
    iter=1993 E=-1.6514590177 nfev=1999 t=1420.4s remaining=7
    iter=1994 E=-1.6514602726 nfev=2000 t=1421.1s remaining=6
    iter=1995 E=-1.6514616590 nfev=2001 t=1421.9s remaining=5
    iter=1996 E=-1.6514621459 nfev=2002 t=1422.6s remaining=4
    iter=1997 E=-1.6514629837 nfev=2003 t=1423.3s remaining=3
    iter=1998 E=-1.6514640759 nfev=2004 t=1424.0s remaining=2
    iter=1999 E=-1.6514645090 nfev=2005 t=1424.8s remaining=1
    iter=2000 E=-1.6514651264 nfev=2006 t=1425.5s remaining=0
    iter=2000 E=-1.6514651264 nfev=2006 t=1425.5s remaining=0
    seed=0 E=-1.6514651264 dE=+1.652e-03 nit=2000 ok=False t=1425.5s
  r=0.50  L=6   npar=260   E=-1.6514651264  |E-FCI|=1.652e-03  FCI=no   chem=no

=== summary (best seed per layer) ===
  bond   L ansatz                 npar              E     |E-FCI|  FCI? chem?
  0.50   6 (ECD+SNAP)^6 + ECD      260  -1.6514651264   1.652e-03    no    no

wrote data/results/h4_hybrid_L6_nobs_r0050.json
