self-check ok (nfock=4, use_bs=False, worst FD rel err 0.00e+00)
per-iter log: data/results/h4_hybrid_L7_nobs_r0070_iters.jsonl
live snapshot: data/results/h4_hybrid_L7_nobs_r0070_live.json

=== build H4 JWT Hamiltonian at R=0.70 Å ===
=== r=0.70 Å   FCI(pyscf)=-2.1069969151  eig=-2.1069969151  paper_fci=-2.10699692  paper_SNAP_D20=-2.1069969178094183 ===
-- r=0.70  (ECD+SNAP)^7 + ECD   npar=302 --
    iter=1 E=0.7267341178 nfev=3 t=2.8s remaining=1999
    iter=2 E=0.6030928541 nfev=4 t=3.6s remaining=1998
    iter=3 E=0.4380587192 nfev=5 t=4.5s remaining=1997
    iter=4 E=0.3192324381 nfev=6 t=5.4s remaining=1996
    iter=5 E=0.2502180474 nfev=7 t=6.3s remaining=1995
    iter=6 E=0.1614586818 nfev=8 t=7.2s remaining=1994
    iter=7 E=0.0535978466 nfev=9 t=8.1s remaining=1993
    iter=8 E=-0.0367141567 nfev=10 t=9.0s remaining=1992
    iter=9 E=-0.1168244557 nfev=11 t=9.8s remaining=1991
    iter=10 E=-0.1817398777 nfev=12 t=10.8s remaining=1990
    iter=11 E=-0.2607039423 nfev=13 t=11.7s remaining=1989
    iter=12 E=-0.3652075579 nfev=14 t=12.5s remaining=1988
    iter=13 E=-0.4600313730 nfev=15 t=13.4s remaining=1987
    iter=14 E=-0.5770603148 nfev=16 t=14.2s remaining=1986
    iter=15 E=-0.6724331642 nfev=17 t=15.0s remaining=1985
    iter=16 E=-0.7427945934 nfev=18 t=15.9s remaining=1984
    iter=17 E=-0.8236074827 nfev=19 t=16.9s remaining=1983
    iter=18 E=-0.9112223179 nfev=20 t=17.7s remaining=1982
    iter=19 E=-0.9503346418 nfev=21 t=18.8s remaining=1981
    iter=20 E=-1.0168287487 nfev=22 t=19.8s remaining=1980
    iter=21 E=-1.1257265518 nfev=23 t=20.8s remaining=1979
    iter=22 E=-1.2765294699 nfev=24 t=21.8s remaining=1978
    iter=23 E=-1.3316638027 nfev=25 t=22.7s remaining=1977
    iter=24 E=-1.4002788034 nfev=26 t=23.6s remaining=1976
    iter=25 E=-1.4945855987 nfev=27 t=24.6s remaining=1975
    iter=26 E=-1.5667136992 nfev=28 t=25.6s remaining=1974
    iter=27 E=-1.6368997871 nfev=29 t=26.5s remaining=1973
    iter=28 E=-1.7120556022 nfev=30 t=27.4s remaining=1972
    iter=29 E=-1.7766027064 nfev=31 t=28.3s remaining=1971
    iter=30 E=-1.8270558679 nfev=32 t=29.3s remaining=1970
    iter=31 E=-1.8535618700 nfev=33 t=30.3s remaining=1969
    iter=32 E=-1.8896067307 nfev=34 t=31.2s remaining=1968
    iter=33 E=-1.9149926244 nfev=35 t=32.2s remaining=1967
    iter=34 E=-1.9431758152 nfev=36 t=33.2s remaining=1966
    iter=35 E=-1.9640405961 nfev=37 t=34.2s remaining=1965
    iter=36 E=-1.9780803945 nfev=38 t=35.2s remaining=1964
    iter=37 E=-1.9961200251 nfev=39 t=36.1s remaining=1963
    iter=38 E=-2.0138910626 nfev=40 t=37.1s remaining=1962
    iter=39 E=-2.0200756207 nfev=41 t=38.1s remaining=1961
    iter=40 E=-2.0293455890 nfev=42 t=38.9s remaining=1960
    iter=41 E=-2.0409985504 nfev=43 t=39.8s remaining=1959
    iter=42 E=-2.0478129474 nfev=44 t=40.6s remaining=1958
    iter=43 E=-2.0573272010 nfev=45 t=41.4s remaining=1957
    iter=44 E=-2.0622475462 nfev=47 t=43.1s remaining=1956
    iter=45 E=-2.0673051261 nfev=48 t=44.1s remaining=1955
    iter=46 E=-2.0715868684 nfev=49 t=44.9s remaining=1954
    iter=47 E=-2.0744854270 nfev=50 t=45.8s remaining=1953
    iter=48 E=-2.0774900138 nfev=51 t=46.8s remaining=1952
    iter=49 E=-2.0805030829 nfev=52 t=47.8s remaining=1951
    iter=50 E=-2.0823851118 nfev=53 t=48.8s remaining=1950
    iter=51 E=-2.0836972775 nfev=54 t=49.7s remaining=1949
    iter=52 E=-2.0849766960 nfev=55 t=50.5s remaining=1948
    iter=53 E=-2.0855570455 nfev=56 t=51.3s remaining=1947
    iter=54 E=-2.0862650983 nfev=57 t=52.1s remaining=1946
    iter=55 E=-2.0865085532 nfev=58 t=52.9s remaining=1945
    iter=56 E=-2.0868897304 nfev=59 t=53.7s remaining=1944
    iter=57 E=-2.0872963124 nfev=60 t=54.6s remaining=1943
    iter=58 E=-2.0875608990 nfev=61 t=55.6s remaining=1942
    iter=59 E=-2.0877555455 nfev=62 t=56.5s remaining=1941
    iter=60 E=-2.0878763729 nfev=63 t=57.4s remaining=1940
    iter=61 E=-2.0879926243 nfev=64 t=58.2s remaining=1939
    iter=62 E=-2.0880529128 nfev=65 t=59.1s remaining=1938
    iter=63 E=-2.0881059329 nfev=66 t=60.0s remaining=1937
    iter=64 E=-2.0881438766 nfev=67 t=60.8s remaining=1936
    iter=65 E=-2.0881681930 nfev=68 t=61.8s remaining=1935
    iter=66 E=-2.0881911746 nfev=69 t=62.7s remaining=1934
    iter=67 E=-2.0882139308 nfev=70 t=63.5s remaining=1933
    iter=68 E=-2.0882313272 nfev=71 t=64.4s remaining=1932
    iter=69 E=-2.0882568948 nfev=72 t=65.3s remaining=1931
    iter=70 E=-2.0882950750 nfev=73 t=66.4s remaining=1930
    iter=71 E=-2.0883504094 nfev=74 t=67.3s remaining=1929
    iter=72 E=-2.0884176534 nfev=75 t=68.2s remaining=1928
    iter=73 E=-2.0885013773 nfev=76 t=69.1s remaining=1927
    iter=74 E=-2.0885890770 nfev=77 t=70.1s remaining=1926
    iter=75 E=-2.0886679906 nfev=78 t=71.0s remaining=1925
    iter=76 E=-2.0887257772 nfev=79 t=71.8s remaining=1924
    iter=77 E=-2.0887793550 nfev=80 t=72.6s remaining=1923
    iter=78 E=-2.0888261916 nfev=81 t=73.4s remaining=1922
    iter=79 E=-2.0888697952 nfev=82 t=74.2s remaining=1921
    iter=80 E=-2.0889120494 nfev=83 t=75.0s remaining=1920
    iter=81 E=-2.0889655712 nfev=84 t=75.8s remaining=1919
    iter=82 E=-2.0890255862 nfev=85 t=76.7s remaining=1918
    iter=83 E=-2.0891056578 nfev=86 t=77.8s remaining=1917
    iter=84 E=-2.0892090685 nfev=87 t=78.6s remaining=1916
    iter=85 E=-2.0892979778 nfev=88 t=79.4s remaining=1915
    iter=86 E=-2.0893715505 nfev=89 t=80.3s remaining=1914
    iter=87 E=-2.0894447294 nfev=90 t=81.2s remaining=1913
    iter=88 E=-2.0895437067 nfev=91 t=82.1s remaining=1912
    iter=89 E=-2.0896130408 nfev=92 t=82.9s remaining=1911
    iter=90 E=-2.0897147899 nfev=93 t=83.7s remaining=1910
    iter=91 E=-2.0898343802 nfev=94 t=84.6s remaining=1909
    iter=92 E=-2.0899895558 nfev=95 t=85.7s remaining=1908
    iter=93 E=-2.0901582720 nfev=96 t=86.8s remaining=1907
    iter=94 E=-2.0903030187 nfev=97 t=87.7s remaining=1906
    iter=95 E=-2.0904432466 nfev=98 t=88.6s remaining=1905
    iter=96 E=-2.0905806491 nfev=99 t=89.4s remaining=1904
    iter=97 E=-2.0906929127 nfev=100 t=90.2s remaining=1903
    iter=98 E=-2.0907748483 nfev=101 t=91.1s remaining=1902
    iter=99 E=-2.0908606529 nfev=102 t=91.9s remaining=1901
    iter=100 E=-2.0909443767 nfev=103 t=92.8s remaining=1900
    iter=101 E=-2.0910514648 nfev=104 t=93.6s remaining=1899
    iter=102 E=-2.0911824856 nfev=105 t=94.4s remaining=1898
    iter=103 E=-2.0913391554 nfev=106 t=95.3s remaining=1897
    iter=104 E=-2.0915054615 nfev=107 t=96.1s remaining=1896
    iter=105 E=-2.0916834951 nfev=108 t=97.0s remaining=1895
    iter=106 E=-2.0918264837 nfev=109 t=97.9s remaining=1894
    iter=107 E=-2.0919424379 nfev=110 t=98.7s remaining=1893
    iter=108 E=-2.0920326545 nfev=111 t=99.5s remaining=1892
    iter=109 E=-2.0921328170 nfev=112 t=100.3s remaining=1891
    iter=110 E=-2.0922344275 nfev=113 t=101.3s remaining=1890
    iter=111 E=-2.0923610608 nfev=114 t=102.2s remaining=1889
    iter=112 E=-2.0924523696 nfev=115 t=103.1s remaining=1888
    iter=113 E=-2.0925538454 nfev=116 t=104.0s remaining=1887
    iter=114 E=-2.0926835327 nfev=117 t=104.8s remaining=1886
    iter=115 E=-2.0928585837 nfev=118 t=105.7s remaining=1885
    iter=116 E=-2.0929735928 nfev=119 t=106.5s remaining=1884
    iter=117 E=-2.0930833724 nfev=120 t=107.5s remaining=1883
    iter=118 E=-2.0931863086 nfev=121 t=108.3s remaining=1882
    iter=119 E=-2.0932697585 nfev=122 t=109.2s remaining=1881
    iter=120 E=-2.0933412900 nfev=123 t=110.1s remaining=1880
    iter=121 E=-2.0934183824 nfev=124 t=110.9s remaining=1879
    iter=122 E=-2.0934932543 nfev=125 t=111.8s remaining=1878
    iter=123 E=-2.0935525708 nfev=126 t=112.6s remaining=1877
    iter=124 E=-2.0935967006 nfev=127 t=113.5s remaining=1876
    iter=125 E=-2.0936502128 nfev=128 t=114.4s remaining=1875
    iter=126 E=-2.0937187889 nfev=129 t=115.3s remaining=1874
    iter=127 E=-2.0937935511 nfev=130 t=116.2s remaining=1873
    iter=128 E=-2.0938624859 nfev=131 t=117.2s remaining=1872
    iter=129 E=-2.0939208682 nfev=132 t=118.1s remaining=1871
    iter=130 E=-2.0940076381 nfev=133 t=118.9s remaining=1870
    iter=131 E=-2.0941120759 nfev=134 t=119.7s remaining=1869
    iter=132 E=-2.0942024848 nfev=135 t=120.5s remaining=1868
    iter=133 E=-2.0942998685 nfev=136 t=121.4s remaining=1867
    iter=134 E=-2.0943798560 nfev=137 t=122.6s remaining=1866
    iter=135 E=-2.0944738500 nfev=138 t=123.4s remaining=1865
    iter=136 E=-2.0945563935 nfev=139 t=124.2s remaining=1864
    iter=137 E=-2.0946215361 nfev=140 t=125.1s remaining=1863
    iter=138 E=-2.0946663237 nfev=141 t=125.9s remaining=1862
    iter=139 E=-2.0947069018 nfev=142 t=126.7s remaining=1861
    iter=140 E=-2.0947463272 nfev=143 t=127.8s remaining=1860
    iter=141 E=-2.0947867192 nfev=144 t=128.7s remaining=1859
    iter=142 E=-2.0948263312 nfev=145 t=129.5s remaining=1858
    iter=143 E=-2.0948659768 nfev=146 t=130.4s remaining=1857
    iter=144 E=-2.0949034326 nfev=147 t=131.2s remaining=1856
    iter=145 E=-2.0949422850 nfev=148 t=132.0s remaining=1855
    iter=146 E=-2.0949903756 nfev=149 t=133.0s remaining=1854
    iter=147 E=-2.0950392932 nfev=150 t=134.0s remaining=1853
    iter=148 E=-2.0950876599 nfev=151 t=134.8s remaining=1852
    iter=149 E=-2.0951330514 nfev=152 t=135.6s remaining=1851
    iter=150 E=-2.0951773392 nfev=153 t=136.4s remaining=1850
    iter=151 E=-2.0952236011 nfev=154 t=137.2s remaining=1849
    iter=152 E=-2.0952734098 nfev=155 t=138.1s remaining=1848
    iter=153 E=-2.0953269868 nfev=156 t=138.9s remaining=1847
    iter=154 E=-2.0953953249 nfev=157 t=139.7s remaining=1846
    iter=155 E=-2.0954593182 nfev=158 t=140.5s remaining=1845
    iter=156 E=-2.0955099337 nfev=159 t=141.3s remaining=1844
    iter=157 E=-2.0955615306 nfev=160 t=142.2s remaining=1843
    iter=158 E=-2.0956269299 nfev=161 t=143.1s remaining=1842
    iter=159 E=-2.0956796933 nfev=162 t=143.9s remaining=1841
    iter=160 E=-2.0957267566 nfev=163 t=144.8s remaining=1840
    iter=161 E=-2.0957701307 nfev=164 t=145.7s remaining=1839
    iter=162 E=-2.0958118025 nfev=165 t=146.7s remaining=1838
    iter=163 E=-2.0958476395 nfev=166 t=147.7s remaining=1837
    iter=164 E=-2.0958854727 nfev=167 t=148.5s remaining=1836
    iter=165 E=-2.0959317635 nfev=168 t=149.3s remaining=1835
    iter=166 E=-2.0959979888 nfev=169 t=150.2s remaining=1834
    iter=167 E=-2.0960724964 nfev=170 t=151.0s remaining=1833
    iter=168 E=-2.0961317311 nfev=171 t=151.8s remaining=1832
    iter=169 E=-2.0961882639 nfev=172 t=152.7s remaining=1831
    iter=170 E=-2.0962363680 nfev=173 t=153.5s remaining=1830
    iter=171 E=-2.0962881796 nfev=174 t=154.4s remaining=1829
    iter=172 E=-2.0963404198 nfev=175 t=155.2s remaining=1828
    iter=173 E=-2.0963893966 nfev=176 t=156.1s remaining=1827
    iter=174 E=-2.0964319209 nfev=177 t=157.0s remaining=1826
    iter=175 E=-2.0964863329 nfev=178 t=157.8s remaining=1825
    iter=176 E=-2.0965363556 nfev=179 t=158.7s remaining=1824
    iter=177 E=-2.0965830983 nfev=180 t=159.6s remaining=1823
    iter=178 E=-2.0966375436 nfev=181 t=160.6s remaining=1822
    iter=179 E=-2.0966958668 nfev=182 t=161.6s remaining=1821
    iter=180 E=-2.0967551345 nfev=183 t=162.6s remaining=1820
    iter=181 E=-2.0968096331 nfev=184 t=163.5s remaining=1819
    iter=182 E=-2.0968584558 nfev=185 t=164.4s remaining=1818
    iter=183 E=-2.0969070291 nfev=186 t=165.3s remaining=1817
    iter=184 E=-2.0969653099 nfev=187 t=166.3s remaining=1816
    iter=185 E=-2.0970299753 nfev=188 t=167.3s remaining=1815
    iter=186 E=-2.0970872648 nfev=189 t=168.2s remaining=1814
    iter=187 E=-2.0971448797 nfev=190 t=169.2s remaining=1813
    iter=188 E=-2.0971993358 nfev=191 t=170.1s remaining=1812
    iter=189 E=-2.0972495542 nfev=192 t=171.0s remaining=1811
    iter=190 E=-2.0972924386 nfev=193 t=172.0s remaining=1810
    iter=191 E=-2.0973317606 nfev=194 t=172.9s remaining=1809
    iter=192 E=-2.0973716262 nfev=195 t=173.8s remaining=1808
    iter=193 E=-2.0974138859 nfev=196 t=174.8s remaining=1807
    iter=194 E=-2.0974597440 nfev=197 t=175.7s remaining=1806
    iter=195 E=-2.0975090623 nfev=198 t=176.6s remaining=1805
    iter=196 E=-2.0975728132 nfev=199 t=177.6s remaining=1804
    iter=197 E=-2.0976500801 nfev=200 t=178.6s remaining=1803
    iter=198 E=-2.0977313164 nfev=201 t=179.5s remaining=1802
    iter=199 E=-2.0978105377 nfev=202 t=180.5s remaining=1801
    iter=200 E=-2.0978802606 nfev=203 t=181.4s remaining=1800
    iter=201 E=-2.0979277061 nfev=204 t=182.3s remaining=1799
    iter=202 E=-2.0979739352 nfev=205 t=183.3s remaining=1798
    iter=203 E=-2.0980142080 nfev=206 t=184.2s remaining=1797
    iter=204 E=-2.0980444627 nfev=207 t=185.1s remaining=1796
    iter=205 E=-2.0980795187 nfev=208 t=186.0s remaining=1795
    iter=206 E=-2.0981130100 nfev=209 t=186.9s remaining=1794
    iter=207 E=-2.0981550322 nfev=210 t=187.9s remaining=1793
    iter=208 E=-2.0982008075 nfev=211 t=188.8s remaining=1792
    iter=209 E=-2.0982643990 nfev=212 t=189.7s remaining=1791
    iter=210 E=-2.0983263916 nfev=213 t=190.7s remaining=1790
    iter=211 E=-2.0983690254 nfev=214 t=191.7s remaining=1789
    iter=212 E=-2.0984121546 nfev=215 t=192.6s remaining=1788
    iter=213 E=-2.0984476854 nfev=216 t=193.7s remaining=1787
    iter=214 E=-2.0984850952 nfev=217 t=194.7s remaining=1786
    iter=215 E=-2.0985317896 nfev=218 t=195.7s remaining=1785
    iter=216 E=-2.0985718990 nfev=219 t=196.7s remaining=1784
    iter=217 E=-2.0986220796 nfev=220 t=197.8s remaining=1783
    iter=218 E=-2.0986715370 nfev=221 t=198.7s remaining=1782
    iter=219 E=-2.0987141489 nfev=222 t=199.5s remaining=1781
    iter=220 E=-2.0987604645 nfev=223 t=200.4s remaining=1780
    iter=221 E=-2.0988073308 nfev=224 t=201.3s remaining=1779
    iter=222 E=-2.0988490432 nfev=225 t=202.3s remaining=1778
    iter=223 E=-2.0988790414 nfev=226 t=203.3s remaining=1777
    iter=224 E=-2.0988964504 nfev=227 t=204.2s remaining=1776
    iter=225 E=-2.0989188093 nfev=228 t=205.1s remaining=1775
    iter=226 E=-2.0989441451 nfev=229 t=206.0s remaining=1774
    iter=227 E=-2.0989666588 nfev=230 t=206.8s remaining=1773
    iter=228 E=-2.0989903893 nfev=231 t=207.6s remaining=1772
    iter=229 E=-2.0990201140 nfev=232 t=208.5s remaining=1771
    iter=230 E=-2.0990574235 nfev=233 t=209.3s remaining=1770
    iter=231 E=-2.0991001620 nfev=234 t=210.1s remaining=1769
    iter=232 E=-2.0991472837 nfev=235 t=210.9s remaining=1768
    iter=233 E=-2.0991884829 nfev=236 t=211.9s remaining=1767
    iter=234 E=-2.0992197065 nfev=237 t=213.0s remaining=1766
    iter=235 E=-2.0992473678 nfev=238 t=213.9s remaining=1765
    iter=236 E=-2.0992688427 nfev=239 t=214.8s remaining=1764
    iter=237 E=-2.0992869533 nfev=240 t=215.8s remaining=1763
    iter=238 E=-2.0993103458 nfev=241 t=216.7s remaining=1762
    iter=239 E=-2.0993419102 nfev=242 t=217.5s remaining=1761
    iter=240 E=-2.0993717034 nfev=243 t=218.5s remaining=1760
    iter=241 E=-2.0994016813 nfev=244 t=219.3s remaining=1759
    iter=242 E=-2.0994306067 nfev=245 t=220.2s remaining=1758
    iter=243 E=-2.0994622623 nfev=246 t=221.2s remaining=1757
    iter=244 E=-2.0994918559 nfev=247 t=222.0s remaining=1756
    iter=245 E=-2.0995157455 nfev=248 t=222.8s remaining=1755
    iter=246 E=-2.0995366352 nfev=249 t=223.7s remaining=1754
    iter=247 E=-2.0995549198 nfev=250 t=224.5s remaining=1753
    iter=248 E=-2.0995714399 nfev=251 t=225.4s remaining=1752
    iter=249 E=-2.0995930300 nfev=252 t=226.3s remaining=1751
    iter=250 E=-2.0996229008 nfev=253 t=227.1s remaining=1750
    iter=251 E=-2.0996556938 nfev=254 t=228.0s remaining=1749
    iter=252 E=-2.0996816743 nfev=255 t=229.0s remaining=1748
    iter=253 E=-2.0997048353 nfev=256 t=229.9s remaining=1747
    iter=254 E=-2.0997241634 nfev=257 t=230.8s remaining=1746
    iter=255 E=-2.0997421661 nfev=258 t=231.7s remaining=1745
    iter=256 E=-2.0997608173 nfev=259 t=232.5s remaining=1744
    iter=257 E=-2.0997778867 nfev=260 t=233.4s remaining=1743
    iter=258 E=-2.0997983940 nfev=261 t=234.2s remaining=1742
    iter=259 E=-2.0998211236 nfev=262 t=235.1s remaining=1741
    iter=260 E=-2.0998476429 nfev=263 t=235.9s remaining=1740
    iter=261 E=-2.0998684669 nfev=264 t=236.7s remaining=1739
    iter=262 E=-2.0998876992 nfev=265 t=237.5s remaining=1738
    iter=263 E=-2.0999063419 nfev=266 t=238.4s remaining=1737
    iter=264 E=-2.0999242168 nfev=267 t=239.3s remaining=1736
    iter=265 E=-2.0999434555 nfev=268 t=240.1s remaining=1735
    iter=266 E=-2.0999663584 nfev=269 t=240.9s remaining=1734
    iter=267 E=-2.0999946932 nfev=270 t=241.7s remaining=1733
    iter=268 E=-2.1000252921 nfev=271 t=242.6s remaining=1732
    iter=269 E=-2.1000487458 nfev=272 t=243.6s remaining=1731
    iter=270 E=-2.1000671606 nfev=273 t=244.6s remaining=1730
    iter=271 E=-2.1000838727 nfev=274 t=245.5s remaining=1729
    iter=272 E=-2.1001013404 nfev=275 t=246.5s remaining=1728
    iter=273 E=-2.1001188181 nfev=276 t=247.3s remaining=1727
    iter=274 E=-2.1001373800 nfev=277 t=248.2s remaining=1726
    iter=275 E=-2.1001578279 nfev=278 t=249.1s remaining=1725
    iter=276 E=-2.1001794665 nfev=279 t=249.9s remaining=1724
    iter=277 E=-2.1002024542 nfev=280 t=250.9s remaining=1723
    iter=278 E=-2.1002217066 nfev=281 t=251.9s remaining=1722
    iter=279 E=-2.1002372535 nfev=282 t=252.7s remaining=1721
    iter=280 E=-2.1002534754 nfev=283 t=253.5s remaining=1720
    iter=281 E=-2.1002706673 nfev=284 t=254.4s remaining=1719
    iter=282 E=-2.1002857213 nfev=285 t=255.2s remaining=1718
    iter=283 E=-2.1003002656 nfev=286 t=256.1s remaining=1717
    iter=284 E=-2.1003179453 nfev=287 t=257.0s remaining=1716
    iter=285 E=-2.1003397185 nfev=288 t=257.9s remaining=1715
    iter=286 E=-2.1003646371 nfev=289 t=258.7s remaining=1714
    iter=287 E=-2.1003917799 nfev=290 t=260.0s remaining=1713
    iter=288 E=-2.1004151165 nfev=291 t=261.1s remaining=1712
    iter=289 E=-2.1004297696 nfev=292 t=261.9s remaining=1711
    iter=290 E=-2.1004433351 nfev=293 t=262.8s remaining=1710
    iter=291 E=-2.1004579175 nfev=294 t=263.7s remaining=1709
    iter=292 E=-2.1004712001 nfev=295 t=264.6s remaining=1708
    iter=293 E=-2.1004851054 nfev=296 t=265.5s remaining=1707
    iter=294 E=-2.1005023242 nfev=297 t=266.4s remaining=1706
    iter=295 E=-2.1005228902 nfev=298 t=267.2s remaining=1705
    iter=296 E=-2.1005433137 nfev=299 t=268.1s remaining=1704
    iter=297 E=-2.1005623373 nfev=300 t=268.9s remaining=1703
    iter=298 E=-2.1005799256 nfev=301 t=269.8s remaining=1702
    iter=299 E=-2.1005964859 nfev=302 t=270.6s remaining=1701
    iter=300 E=-2.1006109984 nfev=303 t=271.4s remaining=1700
    iter=301 E=-2.1006248865 nfev=304 t=272.3s remaining=1699
    iter=302 E=-2.1006391874 nfev=305 t=273.2s remaining=1698
    iter=303 E=-2.1006552961 nfev=306 t=274.0s remaining=1697
    iter=304 E=-2.1006727111 nfev=307 t=274.8s remaining=1696
    iter=305 E=-2.1006974609 nfev=308 t=275.6s remaining=1695
    iter=306 E=-2.1007186240 nfev=309 t=276.6s remaining=1694
    iter=307 E=-2.1007348587 nfev=310 t=277.6s remaining=1693
    iter=308 E=-2.1007490521 nfev=311 t=278.6s remaining=1692
    iter=309 E=-2.1007600821 nfev=312 t=279.4s remaining=1691
    iter=310 E=-2.1007678036 nfev=313 t=280.3s remaining=1690
    iter=311 E=-2.1007745940 nfev=314 t=281.1s remaining=1689
    iter=312 E=-2.1007820180 nfev=315 t=281.9s remaining=1688
    iter=313 E=-2.1007892772 nfev=316 t=282.8s remaining=1687
    iter=314 E=-2.1007980913 nfev=317 t=283.7s remaining=1686
    iter=315 E=-2.1008082486 nfev=318 t=284.6s remaining=1685
    iter=316 E=-2.1008205725 nfev=319 t=285.3s remaining=1684
    iter=317 E=-2.1008375866 nfev=320 t=286.2s remaining=1683
    iter=318 E=-2.1008613595 nfev=321 t=287.1s remaining=1682
    iter=319 E=-2.1008822440 nfev=322 t=287.9s remaining=1681
    iter=320 E=-2.1008973302 nfev=323 t=288.7s remaining=1680
    iter=321 E=-2.1009097755 nfev=324 t=289.6s remaining=1679
    iter=322 E=-2.1009187883 nfev=325 t=290.4s remaining=1678
    iter=323 E=-2.1009282395 nfev=326 t=291.3s remaining=1677
    iter=324 E=-2.1009413664 nfev=327 t=292.2s remaining=1676
    iter=325 E=-2.1009569938 nfev=328 t=293.0s remaining=1675
    iter=326 E=-2.1009755664 nfev=329 t=293.8s remaining=1674
    iter=327 E=-2.1009898600 nfev=330 t=294.7s remaining=1673
    iter=328 E=-2.1009993894 nfev=331 t=295.5s remaining=1672
    iter=329 E=-2.1010078449 nfev=332 t=296.3s remaining=1671
    iter=330 E=-2.1010184346 nfev=333 t=297.1s remaining=1670
    iter=331 E=-2.1010316604 nfev=334 t=298.1s remaining=1669
    iter=332 E=-2.1010457131 nfev=335 t=298.9s remaining=1668
    iter=333 E=-2.1010554230 nfev=336 t=299.7s remaining=1667
    iter=334 E=-2.1010664911 nfev=337 t=300.5s remaining=1666
    iter=335 E=-2.1010802553 nfev=338 t=301.4s remaining=1665
    iter=336 E=-2.1010940880 nfev=339 t=302.2s remaining=1664
    iter=337 E=-2.1011068265 nfev=340 t=303.1s remaining=1663
    iter=338 E=-2.1011163628 nfev=341 t=304.0s remaining=1662
    iter=339 E=-2.1011246734 nfev=342 t=304.9s remaining=1661
    iter=340 E=-2.1011344851 nfev=343 t=305.8s remaining=1660
    iter=341 E=-2.1011454612 nfev=344 t=306.6s remaining=1659
    iter=342 E=-2.1011559078 nfev=345 t=307.5s remaining=1658
    iter=343 E=-2.1011635451 nfev=346 t=308.4s remaining=1657
    iter=344 E=-2.1011689244 nfev=347 t=309.4s remaining=1656
    iter=345 E=-2.1011753310 nfev=348 t=310.6s remaining=1655
    iter=346 E=-2.1011833159 nfev=349 t=311.8s remaining=1654
    iter=347 E=-2.1011936764 nfev=350 t=312.9s remaining=1653
    iter=348 E=-2.1012029794 nfev=351 t=313.7s remaining=1652
    iter=349 E=-2.1012163766 nfev=352 t=314.5s remaining=1651
    iter=350 E=-2.1012349118 nfev=353 t=315.4s remaining=1650
    iter=351 E=-2.1012549224 nfev=354 t=316.2s remaining=1649
    iter=352 E=-2.1012726354 nfev=355 t=317.0s remaining=1648
    iter=353 E=-2.1012858944 nfev=356 t=317.8s remaining=1647
    iter=354 E=-2.1012955157 nfev=357 t=318.6s remaining=1646
    iter=355 E=-2.1013037084 nfev=358 t=319.6s remaining=1645
    iter=356 E=-2.1013116585 nfev=359 t=320.5s remaining=1644
    iter=357 E=-2.1013194403 nfev=360 t=321.5s remaining=1643
    iter=358 E=-2.1013268858 nfev=361 t=322.5s remaining=1642
    iter=359 E=-2.1013362492 nfev=362 t=323.5s remaining=1641
    iter=360 E=-2.1013484795 nfev=363 t=324.5s remaining=1640
    iter=361 E=-2.1013637181 nfev=364 t=325.4s remaining=1639
    iter=362 E=-2.1013792397 nfev=365 t=326.2s remaining=1638
    iter=363 E=-2.1013926900 nfev=366 t=327.0s remaining=1637
    iter=364 E=-2.1014053251 nfev=367 t=327.8s remaining=1636
    iter=365 E=-2.1014188213 nfev=368 t=328.6s remaining=1635
    iter=366 E=-2.1014313537 nfev=369 t=329.4s remaining=1634
    iter=367 E=-2.1014439522 nfev=370 t=330.3s remaining=1633
    iter=368 E=-2.1014578562 nfev=371 t=331.1s remaining=1632
    iter=369 E=-2.1014706520 nfev=372 t=331.9s remaining=1631
    iter=370 E=-2.1014827332 nfev=373 t=332.7s remaining=1630
    iter=371 E=-2.1014940719 nfev=374 t=333.5s remaining=1629
    iter=372 E=-2.1015043182 nfev=375 t=334.4s remaining=1628
    iter=373 E=-2.1015134672 nfev=376 t=335.3s remaining=1627
    iter=374 E=-2.1015239068 nfev=377 t=336.2s remaining=1626
    iter=375 E=-2.1015318423 nfev=378 t=337.1s remaining=1625
    iter=376 E=-2.1015383864 nfev=379 t=338.0s remaining=1624
    iter=377 E=-2.1015445590 nfev=380 t=339.0s remaining=1623
    iter=378 E=-2.1015516944 nfev=381 t=339.9s remaining=1622
    iter=379 E=-2.1015601812 nfev=382 t=340.8s remaining=1621
    iter=380 E=-2.1015716365 nfev=383 t=341.7s remaining=1620
    iter=381 E=-2.1015837054 nfev=384 t=342.7s remaining=1619
    iter=382 E=-2.1015916279 nfev=385 t=343.6s remaining=1618
    iter=383 E=-2.1015981712 nfev=386 t=344.5s remaining=1617
    iter=384 E=-2.1016038335 nfev=387 t=345.4s remaining=1616
    iter=385 E=-2.1016098370 nfev=388 t=346.4s remaining=1615
    iter=386 E=-2.1016169946 nfev=389 t=347.2s remaining=1614
    iter=387 E=-2.1016265385 nfev=390 t=348.0s remaining=1613
    iter=388 E=-2.1016383047 nfev=391 t=348.9s remaining=1612
    iter=389 E=-2.1016514006 nfev=392 t=349.7s remaining=1611
    iter=390 E=-2.1016655266 nfev=393 t=350.5s remaining=1610
    iter=391 E=-2.1016788174 nfev=394 t=351.3s remaining=1609
    iter=392 E=-2.1016897841 nfev=395 t=352.1s remaining=1608
    iter=393 E=-2.1016984476 nfev=396 t=353.0s remaining=1607
    iter=394 E=-2.1017076425 nfev=397 t=353.9s remaining=1606
    iter=395 E=-2.1017134610 nfev=398 t=354.9s remaining=1605
    iter=396 E=-2.1017183234 nfev=399 t=355.8s remaining=1604
    iter=397 E=-2.1017241057 nfev=400 t=356.6s remaining=1603
    iter=398 E=-2.1017327205 nfev=401 t=357.6s remaining=1602
    iter=399 E=-2.1017425754 nfev=402 t=358.6s remaining=1601
    iter=400 E=-2.1017516856 nfev=403 t=359.4s remaining=1600
    iter=401 E=-2.1017629609 nfev=404 t=360.3s remaining=1599
    iter=402 E=-2.1017731352 nfev=405 t=361.2s remaining=1598
    iter=403 E=-2.1017819883 nfev=406 t=362.1s remaining=1597
    iter=404 E=-2.1017915403 nfev=407 t=363.1s remaining=1596
    iter=405 E=-2.1018036535 nfev=408 t=364.1s remaining=1595
    iter=406 E=-2.1018174350 nfev=409 t=364.9s remaining=1594
    iter=407 E=-2.1018332380 nfev=410 t=365.9s remaining=1593
    iter=408 E=-2.1018502026 nfev=411 t=366.9s remaining=1592
    iter=409 E=-2.1018630077 nfev=412 t=367.9s remaining=1591
    iter=410 E=-2.1018725446 nfev=413 t=368.7s remaining=1590
    iter=411 E=-2.1018802305 nfev=414 t=369.6s remaining=1589
    iter=412 E=-2.1018882456 nfev=415 t=370.4s remaining=1588
    iter=413 E=-2.1018971853 nfev=416 t=371.2s remaining=1587
    iter=414 E=-2.1019051858 nfev=417 t=372.0s remaining=1586
    iter=415 E=-2.1019138467 nfev=418 t=373.0s remaining=1585
    iter=416 E=-2.1019253093 nfev=419 t=373.9s remaining=1584
    iter=417 E=-2.1019402887 nfev=420 t=374.8s remaining=1583
    iter=418 E=-2.1019572794 nfev=421 t=375.7s remaining=1582
    iter=419 E=-2.1019702263 nfev=422 t=376.6s remaining=1581
    iter=420 E=-2.1019825718 nfev=423 t=377.4s remaining=1580
    iter=421 E=-2.1019955567 nfev=424 t=378.3s remaining=1579
    iter=422 E=-2.1020064511 nfev=425 t=379.2s remaining=1578
    iter=423 E=-2.1020162199 nfev=426 t=380.0s remaining=1577
    iter=424 E=-2.1020251974 nfev=427 t=380.9s remaining=1576
    iter=425 E=-2.1020358559 nfev=428 t=381.9s remaining=1575
    iter=426 E=-2.1020447394 nfev=429 t=382.7s remaining=1574
    iter=427 E=-2.1020562185 nfev=430 t=383.6s remaining=1573
    iter=428 E=-2.1020697809 nfev=431 t=384.4s remaining=1572
    iter=429 E=-2.1020802669 nfev=432 t=385.5s remaining=1571
    iter=430 E=-2.1020928102 nfev=433 t=386.3s remaining=1570
    iter=431 E=-2.1021074069 nfev=434 t=387.2s remaining=1569
    iter=432 E=-2.1021216434 nfev=435 t=388.0s remaining=1568
    iter=433 E=-2.1021391683 nfev=436 t=388.9s remaining=1567
    iter=434 E=-2.1021558399 nfev=437 t=389.8s remaining=1566
    iter=435 E=-2.1021753418 nfev=438 t=390.7s remaining=1565
    iter=436 E=-2.1021950264 nfev=439 t=391.6s remaining=1564
    iter=437 E=-2.1022091629 nfev=440 t=392.5s remaining=1563
    iter=438 E=-2.1022231248 nfev=441 t=393.4s remaining=1562
    iter=439 E=-2.1022393110 nfev=442 t=394.2s remaining=1561
    iter=440 E=-2.1022511187 nfev=443 t=395.0s remaining=1560
    iter=441 E=-2.1022618822 nfev=444 t=395.9s remaining=1559
    iter=442 E=-2.1022728327 nfev=445 t=396.9s remaining=1558
    iter=443 E=-2.1022865096 nfev=446 t=397.7s remaining=1557
    iter=444 E=-2.1022978473 nfev=447 t=398.6s remaining=1556
    iter=445 E=-2.1023110550 nfev=448 t=399.5s remaining=1555
    iter=446 E=-2.1023257251 nfev=449 t=400.5s remaining=1554
    iter=447 E=-2.1023368639 nfev=450 t=401.4s remaining=1553
    iter=448 E=-2.1023461270 nfev=451 t=402.2s remaining=1552
    iter=449 E=-2.1023544566 nfev=452 t=403.1s remaining=1551
    iter=450 E=-2.1023644437 nfev=453 t=404.0s remaining=1550
    iter=451 E=-2.1023778537 nfev=454 t=404.8s remaining=1549
    iter=452 E=-2.1023965906 nfev=455 t=405.6s remaining=1548
    iter=453 E=-2.1024223428 nfev=456 t=406.6s remaining=1547
    iter=454 E=-2.1024494036 nfev=457 t=407.5s remaining=1546
    iter=455 E=-2.1024729549 nfev=458 t=408.4s remaining=1545
    iter=456 E=-2.1024919913 nfev=459 t=409.5s remaining=1544
    iter=457 E=-2.1025075699 nfev=460 t=410.5s remaining=1543
    iter=458 E=-2.1025153361 nfev=461 t=411.3s remaining=1542
    iter=459 E=-2.1025229122 nfev=462 t=412.2s remaining=1541
    iter=460 E=-2.1025308201 nfev=463 t=413.1s remaining=1540
    iter=461 E=-2.1025392705 nfev=464 t=413.9s remaining=1539
    iter=462 E=-2.1025512448 nfev=465 t=414.7s remaining=1538
    iter=463 E=-2.1025657824 nfev=466 t=415.6s remaining=1537
    iter=464 E=-2.1025793222 nfev=467 t=416.5s remaining=1536
    iter=465 E=-2.1025967787 nfev=468 t=417.3s remaining=1535
    iter=466 E=-2.1026105216 nfev=469 t=418.3s remaining=1534
    iter=467 E=-2.1026240440 nfev=470 t=419.2s remaining=1533
    iter=468 E=-2.1026389994 nfev=471 t=420.0s remaining=1532
    iter=469 E=-2.1026520432 nfev=472 t=420.9s remaining=1531
    iter=470 E=-2.1026641150 nfev=473 t=421.7s remaining=1530
    iter=471 E=-2.1026767573 nfev=474 t=422.7s remaining=1529
    iter=472 E=-2.1026895205 nfev=475 t=423.5s remaining=1528
    iter=473 E=-2.1027005003 nfev=476 t=424.4s remaining=1527
    iter=474 E=-2.1027118871 nfev=477 t=425.2s remaining=1526
    iter=475 E=-2.1027255271 nfev=478 t=426.0s remaining=1525
    iter=476 E=-2.1027441919 nfev=479 t=427.0s remaining=1524
    iter=477 E=-2.1027606879 nfev=480 t=427.9s remaining=1523
    iter=478 E=-2.1027753887 nfev=481 t=428.7s remaining=1522
    iter=479 E=-2.1027853366 nfev=482 t=429.6s remaining=1521
    iter=480 E=-2.1027926926 nfev=483 t=430.6s remaining=1520
    iter=481 E=-2.1027971161 nfev=484 t=431.4s remaining=1519
    iter=482 E=-2.1028036674 nfev=485 t=432.3s remaining=1518
    iter=483 E=-2.1028132815 nfev=486 t=433.1s remaining=1517
    iter=484 E=-2.1028257944 nfev=487 t=434.0s remaining=1516
    iter=485 E=-2.1028381742 nfev=488 t=434.8s remaining=1515
    iter=486 E=-2.1028500789 nfev=489 t=435.6s remaining=1514
    iter=487 E=-2.1028598175 nfev=490 t=436.6s remaining=1513
    iter=488 E=-2.1028663172 nfev=491 t=437.5s remaining=1512
    iter=489 E=-2.1028717588 nfev=492 t=438.3s remaining=1511
    iter=490 E=-2.1028763158 nfev=493 t=439.2s remaining=1510
    iter=491 E=-2.1028803476 nfev=494 t=440.1s remaining=1509
    iter=492 E=-2.1028862457 nfev=495 t=441.0s remaining=1508
    iter=493 E=-2.1028950785 nfev=496 t=441.8s remaining=1507
    iter=494 E=-2.1029072128 nfev=497 t=442.6s remaining=1506
    iter=495 E=-2.1029201000 nfev=498 t=443.4s remaining=1505
    iter=496 E=-2.1029332460 nfev=499 t=444.3s remaining=1504
    iter=497 E=-2.1029457794 nfev=500 t=445.2s remaining=1503
    iter=498 E=-2.1029543647 nfev=501 t=446.1s remaining=1502
    iter=499 E=-2.1029617967 nfev=502 t=447.0s remaining=1501
    iter=500 E=-2.1029703780 nfev=503 t=447.8s remaining=1500
    iter=501 E=-2.1029798805 nfev=504 t=448.7s remaining=1499
    iter=502 E=-2.1029889560 nfev=505 t=449.6s remaining=1498
    iter=503 E=-2.1029985447 nfev=506 t=450.6s remaining=1497
    iter=504 E=-2.1030061810 nfev=507 t=451.4s remaining=1496
    iter=505 E=-2.1030131334 nfev=508 t=452.3s remaining=1495
    iter=506 E=-2.1030193529 nfev=509 t=453.3s remaining=1494
    iter=507 E=-2.1030235806 nfev=510 t=454.2s remaining=1493
    iter=508 E=-2.1030280931 nfev=511 t=455.1s remaining=1492
    iter=509 E=-2.1030349545 nfev=512 t=456.2s remaining=1491
    iter=510 E=-2.1030453438 nfev=513 t=457.2s remaining=1490
    iter=511 E=-2.1030581672 nfev=514 t=458.3s remaining=1489
    iter=512 E=-2.1030688127 nfev=515 t=459.1s remaining=1488
    iter=513 E=-2.1030806082 nfev=516 t=460.0s remaining=1487
    iter=514 E=-2.1030925227 nfev=517 t=460.8s remaining=1486
    iter=515 E=-2.1031001955 nfev=518 t=461.7s remaining=1485
    iter=516 E=-2.1031051074 nfev=519 t=462.9s remaining=1484
    iter=517 E=-2.1031092237 nfev=520 t=463.9s remaining=1483
    iter=518 E=-2.1031131610 nfev=521 t=464.8s remaining=1482
    iter=519 E=-2.1031179411 nfev=522 t=465.6s remaining=1481
    iter=520 E=-2.1031233857 nfev=523 t=466.5s remaining=1480
    iter=521 E=-2.1031297272 nfev=524 t=467.4s remaining=1479
    iter=522 E=-2.1031351802 nfev=525 t=468.3s remaining=1478
    iter=523 E=-2.1031404008 nfev=526 t=469.2s remaining=1477
    iter=524 E=-2.1031468643 nfev=527 t=470.0s remaining=1476
    iter=525 E=-2.1031544448 nfev=528 t=470.8s remaining=1475
    iter=526 E=-2.1031641921 nfev=529 t=471.6s remaining=1474
    iter=527 E=-2.1031781658 nfev=530 t=472.5s remaining=1473
    iter=528 E=-2.1031911654 nfev=531 t=473.4s remaining=1472
    iter=529 E=-2.1032008595 nfev=532 t=474.4s remaining=1471
    iter=530 E=-2.1032076528 nfev=533 t=475.5s remaining=1470
    iter=531 E=-2.1032148560 nfev=534 t=476.4s remaining=1469
    iter=532 E=-2.1032197568 nfev=535 t=477.5s remaining=1468
    iter=533 E=-2.1032258992 nfev=536 t=478.5s remaining=1467
    iter=534 E=-2.1032307926 nfev=537 t=479.3s remaining=1466
    iter=535 E=-2.1032344642 nfev=538 t=480.1s remaining=1465
    iter=536 E=-2.1032380086 nfev=539 t=480.9s remaining=1464
    iter=537 E=-2.1032428842 nfev=540 t=481.8s remaining=1463
    iter=538 E=-2.1032498056 nfev=541 t=482.6s remaining=1462
    iter=539 E=-2.1032602138 nfev=542 t=483.5s remaining=1461
    iter=540 E=-2.1032743042 nfev=543 t=484.3s remaining=1460
    iter=541 E=-2.1032846638 nfev=544 t=485.1s remaining=1459
    iter=542 E=-2.1032921277 nfev=545 t=486.0s remaining=1458
    iter=543 E=-2.1032981415 nfev=546 t=486.9s remaining=1457
    iter=544 E=-2.1033030279 nfev=547 t=487.8s remaining=1456
    iter=545 E=-2.1033066867 nfev=548 t=488.7s remaining=1455
    iter=546 E=-2.1033110515 nfev=549 t=489.8s remaining=1454
    iter=547 E=-2.1033149160 nfev=550 t=490.9s remaining=1453
    iter=548 E=-2.1033200405 nfev=551 t=492.0s remaining=1452
    iter=549 E=-2.1033268968 nfev=552 t=493.1s remaining=1451
    iter=550 E=-2.1033360697 nfev=553 t=494.0s remaining=1450
    iter=551 E=-2.1033484967 nfev=554 t=495.0s remaining=1449
    iter=552 E=-2.1033661703 nfev=555 t=495.9s remaining=1448
    iter=553 E=-2.1033830060 nfev=556 t=497.0s remaining=1447
    iter=554 E=-2.1033931192 nfev=557 t=497.9s remaining=1446
    iter=555 E=-2.1033995479 nfev=558 t=498.9s remaining=1445
    iter=556 E=-2.1034032368 nfev=559 t=499.9s remaining=1444
    iter=557 E=-2.1034055149 nfev=560 t=500.8s remaining=1443
    iter=558 E=-2.1034079751 nfev=561 t=501.8s remaining=1442
    iter=559 E=-2.1034112304 nfev=562 t=502.8s remaining=1441
    iter=560 E=-2.1034150275 nfev=563 t=503.7s remaining=1440
    iter=561 E=-2.1034201898 nfev=564 t=504.8s remaining=1439
    iter=562 E=-2.1034283232 nfev=565 t=505.7s remaining=1438
    iter=563 E=-2.1034399158 nfev=566 t=506.6s remaining=1437
    iter=564 E=-2.1034511886 nfev=567 t=507.6s remaining=1436
    iter=565 E=-2.1034608193 nfev=568 t=508.5s remaining=1435
    iter=566 E=-2.1034678743 nfev=569 t=509.3s remaining=1434
    iter=567 E=-2.1034711773 nfev=570 t=510.1s remaining=1433
    iter=568 E=-2.1034734332 nfev=571 t=511.0s remaining=1432
    iter=569 E=-2.1034757301 nfev=572 t=511.8s remaining=1431
    iter=570 E=-2.1034779697 nfev=573 t=512.7s remaining=1430
    iter=571 E=-2.1034809766 nfev=574 t=513.5s remaining=1429
    iter=572 E=-2.1034855531 nfev=575 t=514.4s remaining=1428
    iter=573 E=-2.1034920259 nfev=576 t=515.2s remaining=1427
    iter=574 E=-2.1034986301 nfev=577 t=516.0s remaining=1426
    iter=575 E=-2.1035049718 nfev=578 t=516.9s remaining=1425
    iter=576 E=-2.1035123521 nfev=579 t=518.0s remaining=1424
    iter=577 E=-2.1035199397 nfev=580 t=519.0s remaining=1423
    iter=578 E=-2.1035256734 nfev=581 t=520.0s remaining=1422
    iter=579 E=-2.1035313536 nfev=582 t=521.0s remaining=1421
    iter=580 E=-2.1035363686 nfev=583 t=521.9s remaining=1420
    iter=581 E=-2.1035425013 nfev=584 t=522.8s remaining=1419
    iter=582 E=-2.1035499919 nfev=585 t=523.7s remaining=1418
    iter=583 E=-2.1035566752 nfev=586 t=524.9s remaining=1417
    iter=584 E=-2.1035605399 nfev=587 t=525.9s remaining=1416
    iter=585 E=-2.1035637908 nfev=588 t=526.9s remaining=1415
    iter=586 E=-2.1035667352 nfev=589 t=527.8s remaining=1414
    iter=587 E=-2.1035694416 nfev=590 t=528.7s remaining=1413
    iter=588 E=-2.1035716941 nfev=591 t=529.6s remaining=1412
    iter=589 E=-2.1035743722 nfev=592 t=530.6s remaining=1411
    iter=590 E=-2.1035783677 nfev=593 t=531.5s remaining=1410
    iter=591 E=-2.1035842738 nfev=594 t=532.4s remaining=1409
    iter=592 E=-2.1035935313 nfev=595 t=533.2s remaining=1408
    iter=593 E=-2.1036081456 nfev=596 t=534.1s remaining=1407
    iter=594 E=-2.1036278543 nfev=597 t=535.0s remaining=1406
    iter=595 E=-2.1036402893 nfev=598 t=535.8s remaining=1405
    iter=596 E=-2.1036501018 nfev=599 t=536.7s remaining=1404
    iter=597 E=-2.1036570145 nfev=600 t=537.5s remaining=1403
    iter=598 E=-2.1036628793 nfev=601 t=538.8s remaining=1402
    iter=599 E=-2.1036668812 nfev=602 t=539.6s remaining=1401
    iter=600 E=-2.1036715018 nfev=603 t=540.5s remaining=1400
    iter=601 E=-2.1036753829 nfev=604 t=541.7s remaining=1399
    iter=602 E=-2.1036790109 nfev=605 t=542.8s remaining=1398
    iter=603 E=-2.1036843913 nfev=606 t=543.9s remaining=1397
    iter=604 E=-2.1036927086 nfev=607 t=544.9s remaining=1396
    iter=605 E=-2.1037037533 nfev=608 t=545.9s remaining=1395
    iter=606 E=-2.1037125766 nfev=609 t=546.9s remaining=1394
    iter=607 E=-2.1037226119 nfev=610 t=547.9s remaining=1393
    iter=608 E=-2.1037303210 nfev=611 t=549.0s remaining=1392
    iter=609 E=-2.1037341651 nfev=612 t=549.9s remaining=1391
    iter=610 E=-2.1037370178 nfev=613 t=550.9s remaining=1390
    iter=611 E=-2.1037400307 nfev=614 t=551.8s remaining=1389
    iter=612 E=-2.1037439022 nfev=615 t=552.7s remaining=1388
    iter=613 E=-2.1037484645 nfev=616 t=553.7s remaining=1387
    iter=614 E=-2.1037524907 nfev=617 t=554.7s remaining=1386
    iter=615 E=-2.1037580807 nfev=618 t=555.6s remaining=1385
    iter=616 E=-2.1037651941 nfev=619 t=556.4s remaining=1384
    iter=617 E=-2.1037715537 nfev=620 t=557.3s remaining=1383
    iter=618 E=-2.1037780791 nfev=621 t=558.2s remaining=1382
    iter=619 E=-2.1037859975 nfev=622 t=559.1s remaining=1381
    iter=620 E=-2.1037944711 nfev=623 t=560.0s remaining=1380
    iter=621 E=-2.1038039019 nfev=624 t=560.8s remaining=1379
    iter=622 E=-2.1038130870 nfev=625 t=561.7s remaining=1378
    iter=623 E=-2.1038222680 nfev=626 t=562.7s remaining=1377
    iter=624 E=-2.1038320330 nfev=627 t=563.5s remaining=1376
    iter=625 E=-2.1038389648 nfev=628 t=564.4s remaining=1375
    iter=626 E=-2.1038429517 nfev=629 t=565.2s remaining=1374
    iter=627 E=-2.1038487027 nfev=630 t=566.1s remaining=1373
    iter=628 E=-2.1038540720 nfev=631 t=567.0s remaining=1372
    iter=629 E=-2.1038586826 nfev=632 t=567.9s remaining=1371
    iter=630 E=-2.1038644683 nfev=633 t=568.7s remaining=1370
    iter=631 E=-2.1038710328 nfev=634 t=569.5s remaining=1369
    iter=632 E=-2.1038748397 nfev=635 t=570.4s remaining=1368
    iter=633 E=-2.1038808100 nfev=636 t=571.2s remaining=1367
    iter=634 E=-2.1038889950 nfev=637 t=572.0s remaining=1366
    iter=635 E=-2.1038966134 nfev=638 t=572.9s remaining=1365
    iter=636 E=-2.1039062317 nfev=639 t=573.8s remaining=1364
    iter=637 E=-2.1039188067 nfev=640 t=574.7s remaining=1363
    iter=638 E=-2.1039280446 nfev=641 t=575.5s remaining=1362
    iter=639 E=-2.1039343051 nfev=642 t=576.3s remaining=1361
    iter=640 E=-2.1039401245 nfev=643 t=577.2s remaining=1360
    iter=641 E=-2.1039448665 nfev=644 t=578.0s remaining=1359
    iter=642 E=-2.1039504104 nfev=645 t=578.8s remaining=1358
    iter=643 E=-2.1039546179 nfev=646 t=579.7s remaining=1357
    iter=644 E=-2.1039594896 nfev=647 t=580.5s remaining=1356
    iter=645 E=-2.1039645845 nfev=648 t=581.4s remaining=1355
    iter=646 E=-2.1039698983 nfev=649 t=582.3s remaining=1354
    iter=647 E=-2.1039771389 nfev=650 t=583.1s remaining=1353
    iter=648 E=-2.1039857830 nfev=651 t=584.2s remaining=1352
    iter=649 E=-2.1039952786 nfev=652 t=585.2s remaining=1351
    iter=650 E=-2.1040046737 nfev=653 t=586.2s remaining=1350
    iter=651 E=-2.1040121261 nfev=654 t=587.1s remaining=1349
    iter=652 E=-2.1040196926 nfev=655 t=587.9s remaining=1348
    iter=653 E=-2.1040274771 nfev=656 t=588.8s remaining=1347
    iter=654 E=-2.1040344602 nfev=657 t=589.8s remaining=1346
    iter=655 E=-2.1040402400 nfev=658 t=590.6s remaining=1345
    iter=656 E=-2.1040460615 nfev=659 t=591.5s remaining=1344
    iter=657 E=-2.1040518389 nfev=660 t=592.4s remaining=1343
    iter=658 E=-2.1040575447 nfev=661 t=593.2s remaining=1342
    iter=659 E=-2.1040638053 nfev=662 t=594.1s remaining=1341
    iter=660 E=-2.1040686189 nfev=663 t=595.0s remaining=1340
    iter=661 E=-2.1040725649 nfev=664 t=595.9s remaining=1339
    iter=662 E=-2.1040759377 nfev=665 t=596.8s remaining=1338
    iter=663 E=-2.1040796457 nfev=666 t=597.6s remaining=1337
    iter=664 E=-2.1040835105 nfev=667 t=598.6s remaining=1336
    iter=665 E=-2.1040872647 nfev=668 t=599.4s remaining=1335
    iter=666 E=-2.1040920730 nfev=669 t=600.3s remaining=1334
    iter=667 E=-2.1040985774 nfev=670 t=601.3s remaining=1333
    iter=668 E=-2.1041071784 nfev=671 t=602.2s remaining=1332
    iter=669 E=-2.1041161322 nfev=672 t=603.1s remaining=1331
    iter=670 E=-2.1041239873 nfev=673 t=603.9s remaining=1330
    iter=671 E=-2.1041296520 nfev=674 t=604.8s remaining=1329
    iter=672 E=-2.1041346092 nfev=675 t=605.7s remaining=1328
    iter=673 E=-2.1041396252 nfev=676 t=606.5s remaining=1327
    iter=674 E=-2.1041449521 nfev=677 t=607.5s remaining=1326
    iter=675 E=-2.1041504057 nfev=678 t=608.6s remaining=1325
    iter=676 E=-2.1041543418 nfev=679 t=609.7s remaining=1324
    iter=677 E=-2.1041584259 nfev=680 t=610.9s remaining=1323
    iter=678 E=-2.1041634038 nfev=681 t=611.9s remaining=1322
    iter=679 E=-2.1041702261 nfev=682 t=612.7s remaining=1321
    iter=680 E=-2.1041759810 nfev=683 t=613.5s remaining=1320
    iter=681 E=-2.1041803618 nfev=684 t=614.4s remaining=1319
    iter=682 E=-2.1041841286 nfev=685 t=615.2s remaining=1318
    iter=683 E=-2.1041879887 nfev=686 t=616.1s remaining=1317
    iter=684 E=-2.1041932005 nfev=687 t=617.0s remaining=1316
    iter=685 E=-2.1041998650 nfev=688 t=617.9s remaining=1315
    iter=686 E=-2.1042048078 nfev=689 t=619.0s remaining=1314
    iter=687 E=-2.1042097510 nfev=690 t=619.9s remaining=1313
    iter=688 E=-2.1042158075 nfev=691 t=620.7s remaining=1312
    iter=689 E=-2.1042221872 nfev=692 t=621.7s remaining=1311
    iter=690 E=-2.1042296401 nfev=693 t=622.7s remaining=1310
    iter=691 E=-2.1042373146 nfev=694 t=623.6s remaining=1309
    iter=692 E=-2.1042436971 nfev=695 t=624.5s remaining=1308
    iter=693 E=-2.1042481988 nfev=696 t=625.4s remaining=1307
    iter=694 E=-2.1042521135 nfev=697 t=626.3s remaining=1306
    iter=695 E=-2.1042557495 nfev=698 t=627.2s remaining=1305
    iter=696 E=-2.1042593158 nfev=699 t=628.1s remaining=1304
    iter=697 E=-2.1042637639 nfev=700 t=628.9s remaining=1303
    iter=698 E=-2.1042689501 nfev=701 t=629.8s remaining=1302
    iter=699 E=-2.1042740656 nfev=702 t=630.8s remaining=1301
    iter=700 E=-2.1042795541 nfev=703 t=631.8s remaining=1300
    iter=701 E=-2.1042861552 nfev=704 t=632.8s remaining=1299
    iter=702 E=-2.1042938764 nfev=705 t=633.8s remaining=1298
    iter=703 E=-2.1043027369 nfev=706 t=635.4s remaining=1297
    iter=704 E=-2.1043134951 nfev=707 t=636.3s remaining=1296
    iter=705 E=-2.1043228818 nfev=708 t=637.3s remaining=1295
    iter=706 E=-2.1043305292 nfev=709 t=638.2s remaining=1294
    iter=707 E=-2.1043357454 nfev=710 t=639.1s remaining=1293
    iter=708 E=-2.1043395207 nfev=711 t=639.9s remaining=1292
    iter=709 E=-2.1043431275 nfev=712 t=640.8s remaining=1291
    iter=710 E=-2.1043464520 nfev=713 t=641.6s remaining=1290
    iter=711 E=-2.1043493639 nfev=714 t=642.4s remaining=1289
    iter=712 E=-2.1043522803 nfev=715 t=643.3s remaining=1288
    iter=713 E=-2.1043553177 nfev=716 t=644.2s remaining=1287
    iter=714 E=-2.1043581542 nfev=717 t=645.0s remaining=1286
    iter=715 E=-2.1043612032 nfev=718 t=645.9s remaining=1285
    iter=716 E=-2.1043650797 nfev=719 t=646.8s remaining=1284
    iter=717 E=-2.1043694005 nfev=720 t=647.6s remaining=1283
    iter=718 E=-2.1043752356 nfev=721 t=648.5s remaining=1282
    iter=719 E=-2.1043820185 nfev=722 t=649.6s remaining=1281
    iter=720 E=-2.1043884705 nfev=723 t=650.5s remaining=1280
    iter=721 E=-2.1043945089 nfev=724 t=651.4s remaining=1279
    iter=722 E=-2.1044001656 nfev=725 t=652.2s remaining=1278
    iter=723 E=-2.1044052964 nfev=726 t=653.0s remaining=1277
    iter=724 E=-2.1044105559 nfev=727 t=653.8s remaining=1276
    iter=725 E=-2.1044151770 nfev=728 t=654.7s remaining=1275
    iter=726 E=-2.1044197038 nfev=729 t=655.5s remaining=1274
    iter=727 E=-2.1044237492 nfev=730 t=656.4s remaining=1273
    iter=728 E=-2.1044282250 nfev=731 t=657.2s remaining=1272
    iter=729 E=-2.1044333473 nfev=732 t=658.1s remaining=1271
    iter=730 E=-2.1044380107 nfev=733 t=658.9s remaining=1270
    iter=731 E=-2.1044415770 nfev=734 t=659.8s remaining=1269
    iter=732 E=-2.1044450788 nfev=735 t=660.6s remaining=1268
    iter=733 E=-2.1044492602 nfev=736 t=661.8s remaining=1267
    iter=734 E=-2.1044536310 nfev=737 t=663.0s remaining=1266
    iter=735 E=-2.1044574800 nfev=738 t=664.2s remaining=1265
    iter=736 E=-2.1044613073 nfev=739 t=665.4s remaining=1264
    iter=737 E=-2.1044654689 nfev=740 t=666.5s remaining=1263
    iter=738 E=-2.1044698036 nfev=741 t=667.7s remaining=1262
    iter=739 E=-2.1044742881 nfev=742 t=668.8s remaining=1261
    iter=740 E=-2.1044796315 nfev=743 t=670.0s remaining=1260
    iter=741 E=-2.1044853782 nfev=744 t=671.1s remaining=1259
    iter=742 E=-2.1044914405 nfev=745 t=672.3s remaining=1258
    iter=743 E=-2.1044967132 nfev=746 t=673.5s remaining=1257
    iter=744 E=-2.1045006696 nfev=747 t=674.4s remaining=1256
    iter=745 E=-2.1045047800 nfev=748 t=675.2s remaining=1255
    iter=746 E=-2.1045085022 nfev=749 t=676.1s remaining=1254
    iter=747 E=-2.1045115837 nfev=750 t=676.9s remaining=1253
    iter=748 E=-2.1045147023 nfev=751 t=677.8s remaining=1252
    iter=749 E=-2.1045172771 nfev=752 t=678.6s remaining=1251
    iter=750 E=-2.1045194347 nfev=753 t=679.5s remaining=1250
    iter=751 E=-2.1045219676 nfev=754 t=680.4s remaining=1249
    iter=752 E=-2.1045252809 nfev=755 t=681.3s remaining=1248
    iter=753 E=-2.1045287686 nfev=756 t=682.3s remaining=1247
    iter=754 E=-2.1045328913 nfev=757 t=683.2s remaining=1246
    iter=755 E=-2.1045379591 nfev=758 t=684.1s remaining=1245
    iter=756 E=-2.1045434232 nfev=759 t=685.0s remaining=1244
    iter=757 E=-2.1045495847 nfev=760 t=685.9s remaining=1243
    iter=758 E=-2.1045558828 nfev=761 t=686.9s remaining=1242
    iter=759 E=-2.1045602588 nfev=762 t=687.7s remaining=1241
    iter=760 E=-2.1045656760 nfev=763 t=688.6s remaining=1240
    iter=761 E=-2.1045693736 nfev=764 t=689.5s remaining=1239
    iter=762 E=-2.1045718633 nfev=765 t=690.3s remaining=1238
    iter=763 E=-2.1045739197 nfev=766 t=691.2s remaining=1237
    iter=764 E=-2.1045759069 nfev=767 t=692.2s remaining=1236
    iter=765 E=-2.1045776194 nfev=768 t=693.1s remaining=1235
    iter=766 E=-2.1045796096 nfev=769 t=693.9s remaining=1234
    iter=767 E=-2.1045814110 nfev=770 t=694.8s remaining=1233
    iter=768 E=-2.1045829171 nfev=771 t=695.7s remaining=1232
    iter=769 E=-2.1045846381 nfev=772 t=696.6s remaining=1231
    iter=770 E=-2.1045872199 nfev=773 t=697.4s remaining=1230
    iter=771 E=-2.1045909177 nfev=774 t=698.3s remaining=1229
    iter=772 E=-2.1045954907 nfev=775 t=699.2s remaining=1228
    iter=773 E=-2.1046010913 nfev=776 t=700.2s remaining=1227
    iter=774 E=-2.1046056918 nfev=777 t=701.1s remaining=1226
    iter=775 E=-2.1046091930 nfev=778 t=702.0s remaining=1225
    iter=776 E=-2.1046119014 nfev=779 t=702.9s remaining=1224
    iter=777 E=-2.1046141209 nfev=780 t=703.9s remaining=1223
    iter=778 E=-2.1046159966 nfev=781 t=705.1s remaining=1222
    iter=779 E=-2.1046177332 nfev=782 t=706.0s remaining=1221
    iter=780 E=-2.1046191721 nfev=783 t=706.8s remaining=1220
    iter=781 E=-2.1046201504 nfev=784 t=707.7s remaining=1219
    iter=782 E=-2.1046212776 nfev=785 t=708.6s remaining=1218
    iter=783 E=-2.1046222972 nfev=786 t=709.4s remaining=1217
    iter=784 E=-2.1046233018 nfev=787 t=710.2s remaining=1216
    iter=785 E=-2.1046245503 nfev=788 t=711.1s remaining=1215
    iter=786 E=-2.1046260027 nfev=789 t=712.0s remaining=1214
    iter=787 E=-2.1046278060 nfev=790 t=712.8s remaining=1213
    iter=788 E=-2.1046298082 nfev=791 t=713.6s remaining=1212
    iter=789 E=-2.1046319429 nfev=792 t=714.5s remaining=1211
    iter=790 E=-2.1046344931 nfev=793 t=715.3s remaining=1210
    iter=791 E=-2.1046374589 nfev=794 t=716.1s remaining=1209
    iter=792 E=-2.1046405044 nfev=795 t=717.0s remaining=1208
    iter=793 E=-2.1046439057 nfev=796 t=717.9s remaining=1207
    iter=794 E=-2.1046463362 nfev=797 t=719.0s remaining=1206
    iter=795 E=-2.1046483883 nfev=798 t=719.9s remaining=1205
    iter=796 E=-2.1046507555 nfev=799 t=720.7s remaining=1204
    iter=797 E=-2.1046529802 nfev=800 t=721.6s remaining=1203
    iter=798 E=-2.1046543866 nfev=801 t=722.4s remaining=1202
    iter=799 E=-2.1046553317 nfev=802 t=723.3s remaining=1201
    iter=800 E=-2.1046562014 nfev=803 t=724.2s remaining=1200
    iter=801 E=-2.1046572630 nfev=804 t=725.0s remaining=1199
    iter=802 E=-2.1046586130 nfev=805 t=725.9s remaining=1198
    iter=803 E=-2.1046601906 nfev=806 t=726.7s remaining=1197
    iter=804 E=-2.1046620195 nfev=807 t=727.7s remaining=1196
    iter=805 E=-2.1046642135 nfev=808 t=728.7s remaining=1195
    iter=806 E=-2.1046668984 nfev=809 t=729.8s remaining=1194
    iter=807 E=-2.1046699534 nfev=810 t=730.7s remaining=1193
    iter=808 E=-2.1046734756 nfev=811 t=731.7s remaining=1192
    iter=809 E=-2.1046769066 nfev=812 t=732.8s remaining=1191
    iter=810 E=-2.1046798828 nfev=813 t=733.8s remaining=1190
    iter=811 E=-2.1046821917 nfev=814 t=734.7s remaining=1189
    iter=812 E=-2.1046838895 nfev=815 t=735.5s remaining=1188
    iter=813 E=-2.1046852085 nfev=816 t=736.4s remaining=1187
    iter=814 E=-2.1046865280 nfev=817 t=737.2s remaining=1186
    iter=815 E=-2.1046875510 nfev=818 t=738.1s remaining=1185
    iter=816 E=-2.1046884152 nfev=819 t=738.9s remaining=1184
    iter=817 E=-2.1046891676 nfev=820 t=739.8s remaining=1183
    iter=818 E=-2.1046899592 nfev=821 t=740.6s remaining=1182
    iter=819 E=-2.1046909112 nfev=822 t=741.4s remaining=1181
    iter=820 E=-2.1046922008 nfev=823 t=742.2s remaining=1180
    iter=821 E=-2.1046941121 nfev=824 t=743.2s remaining=1179
    iter=822 E=-2.1046970018 nfev=825 t=744.1s remaining=1178
    iter=823 E=-2.1047007782 nfev=826 t=745.2s remaining=1177
    iter=824 E=-2.1047047057 nfev=827 t=746.2s remaining=1176
    iter=825 E=-2.1047092166 nfev=828 t=747.1s remaining=1175
    iter=826 E=-2.1047125260 nfev=829 t=748.0s remaining=1174
    iter=827 E=-2.1047143812 nfev=830 t=748.9s remaining=1173
    iter=828 E=-2.1047153562 nfev=831 t=749.9s remaining=1172
    iter=829 E=-2.1047161522 nfev=832 t=750.9s remaining=1171
    iter=830 E=-2.1047170201 nfev=833 t=751.8s remaining=1170
    iter=831 E=-2.1047179980 nfev=834 t=752.8s remaining=1169
    iter=832 E=-2.1047188867 nfev=835 t=753.7s remaining=1168
    iter=833 E=-2.1047200846 nfev=836 t=754.6s remaining=1167
    iter=834 E=-2.1047216841 nfev=837 t=755.5s remaining=1166
    iter=835 E=-2.1047240994 nfev=838 t=756.3s remaining=1165
    iter=836 E=-2.1047273999 nfev=839 t=757.2s remaining=1164
    iter=837 E=-2.1047320058 nfev=840 t=758.1s remaining=1163
    iter=838 E=-2.1047386667 nfev=841 t=758.9s remaining=1162
    iter=839 E=-2.1047459803 nfev=842 t=759.8s remaining=1161
    iter=840 E=-2.1047500944 nfev=843 t=760.8s remaining=1160
    iter=841 E=-2.1047519653 nfev=844 t=761.7s remaining=1159
    iter=842 E=-2.1047535215 nfev=845 t=762.5s remaining=1158
    iter=843 E=-2.1047545452 nfev=846 t=763.4s remaining=1157
    iter=844 E=-2.1047551824 nfev=847 t=764.2s remaining=1156
    iter=845 E=-2.1047560486 nfev=848 t=765.1s remaining=1155
    iter=846 E=-2.1047568306 nfev=849 t=765.9s remaining=1154
    iter=847 E=-2.1047575514 nfev=850 t=766.7s remaining=1153
    iter=848 E=-2.1047584479 nfev=851 t=767.8s remaining=1152
    iter=849 E=-2.1047593312 nfev=852 t=768.6s remaining=1151
    iter=850 E=-2.1047605214 nfev=853 t=769.7s remaining=1150
    iter=851 E=-2.1047622427 nfev=854 t=770.6s remaining=1149
    iter=852 E=-2.1047647110 nfev=855 t=771.5s remaining=1148
    iter=853 E=-2.1047681867 nfev=856 t=772.3s remaining=1147
    iter=854 E=-2.1047729618 nfev=857 t=773.2s remaining=1146
    iter=855 E=-2.1047783726 nfev=858 t=774.1s remaining=1145
    iter=856 E=-2.1047836770 nfev=859 t=775.0s remaining=1144
    iter=857 E=-2.1047884420 nfev=860 t=776.0s remaining=1143
    iter=858 E=-2.1047920903 nfev=861 t=776.9s remaining=1142
    iter=859 E=-2.1047951428 nfev=862 t=777.9s remaining=1141
    iter=860 E=-2.1047968405 nfev=863 t=778.9s remaining=1140
    iter=861 E=-2.1047984450 nfev=864 t=780.0s remaining=1139
    iter=862 E=-2.1047998300 nfev=865 t=781.0s remaining=1138
    iter=863 E=-2.1048009381 nfev=866 t=782.1s remaining=1137
    iter=864 E=-2.1048018099 nfev=867 t=783.1s remaining=1136
    iter=865 E=-2.1048025479 nfev=868 t=784.0s remaining=1135
    iter=866 E=-2.1048035467 nfev=869 t=784.9s remaining=1134
    iter=867 E=-2.1048046664 nfev=870 t=785.8s remaining=1133
    iter=868 E=-2.1048062554 nfev=871 t=786.7s remaining=1132
    iter=869 E=-2.1048086667 nfev=872 t=787.7s remaining=1131
    iter=870 E=-2.1048119403 nfev=873 t=788.6s remaining=1130
    iter=871 E=-2.1048152185 nfev=874 t=789.5s remaining=1129
    iter=872 E=-2.1048190446 nfev=875 t=790.5s remaining=1128
    iter=873 E=-2.1048229233 nfev=876 t=791.3s remaining=1127
    iter=874 E=-2.1048252036 nfev=877 t=792.2s remaining=1126
    iter=875 E=-2.1048276661 nfev=878 t=793.2s remaining=1125
    iter=876 E=-2.1048298037 nfev=879 t=794.1s remaining=1124
    iter=877 E=-2.1048324300 nfev=880 t=795.2s remaining=1123
    iter=878 E=-2.1048352872 nfev=881 t=796.4s remaining=1122
    iter=879 E=-2.1048369060 nfev=882 t=797.4s remaining=1121
    iter=880 E=-2.1048383229 nfev=883 t=798.3s remaining=1120
    iter=881 E=-2.1048396391 nfev=884 t=799.3s remaining=1119
    iter=882 E=-2.1048410309 nfev=885 t=800.2s remaining=1118
    iter=883 E=-2.1048428157 nfev=886 t=801.1s remaining=1117
    iter=884 E=-2.1048451144 nfev=887 t=802.2s remaining=1116
    iter=885 E=-2.1048469685 nfev=888 t=803.2s remaining=1115
    iter=886 E=-2.1048481231 nfev=889 t=804.2s remaining=1114
    iter=887 E=-2.1048491627 nfev=890 t=805.1s remaining=1113
    iter=888 E=-2.1048505932 nfev=891 t=806.0s remaining=1112
    iter=889 E=-2.1048523923 nfev=892 t=806.9s remaining=1111
    iter=890 E=-2.1048545435 nfev=893 t=807.8s remaining=1110
    iter=891 E=-2.1048576013 nfev=894 t=808.8s remaining=1109
    iter=892 E=-2.1048615454 nfev=895 t=809.7s remaining=1108
    iter=893 E=-2.1048662371 nfev=896 t=810.6s remaining=1107
    iter=894 E=-2.1048715832 nfev=897 t=811.5s remaining=1106
    iter=895 E=-2.1048758229 nfev=898 t=812.5s remaining=1105
    iter=896 E=-2.1048788287 nfev=899 t=813.5s remaining=1104
    iter=897 E=-2.1048817683 nfev=900 t=814.5s remaining=1103
    iter=898 E=-2.1048850682 nfev=901 t=815.5s remaining=1102
    iter=899 E=-2.1048871758 nfev=902 t=816.5s remaining=1101
    iter=900 E=-2.1048886451 nfev=903 t=817.6s remaining=1100
    iter=901 E=-2.1048895253 nfev=904 t=818.8s remaining=1099
    iter=902 E=-2.1048904418 nfev=905 t=819.7s remaining=1098
    iter=903 E=-2.1048915225 nfev=906 t=820.8s remaining=1097
    iter=904 E=-2.1048926603 nfev=907 t=821.9s remaining=1096
    iter=905 E=-2.1048944391 nfev=908 t=823.0s remaining=1095
    iter=906 E=-2.1048972394 nfev=909 t=824.1s remaining=1094
    iter=907 E=-2.1049013108 nfev=910 t=825.2s remaining=1093
    iter=908 E=-2.1049066331 nfev=911 t=826.3s remaining=1092
    iter=909 E=-2.1049130153 nfev=912 t=827.3s remaining=1091
    iter=910 E=-2.1049202781 nfev=913 t=828.3s remaining=1090
    iter=911 E=-2.1049253675 nfev=914 t=829.3s remaining=1089
    iter=912 E=-2.1049282803 nfev=915 t=830.3s remaining=1088
    iter=913 E=-2.1049300735 nfev=916 t=831.5s remaining=1087
    iter=914 E=-2.1049323296 nfev=917 t=832.6s remaining=1086
    iter=915 E=-2.1049343524 nfev=918 t=833.6s remaining=1085
    iter=916 E=-2.1049358403 nfev=919 t=834.6s remaining=1084
    iter=917 E=-2.1049371081 nfev=920 t=835.7s remaining=1083
    iter=918 E=-2.1049379807 nfev=921 t=836.8s remaining=1082
    iter=919 E=-2.1049389789 nfev=922 t=837.8s remaining=1081
    iter=920 E=-2.1049400467 nfev=923 t=838.6s remaining=1080
    iter=921 E=-2.1049409442 nfev=924 t=839.5s remaining=1079
    iter=922 E=-2.1049420230 nfev=925 t=840.3s remaining=1078
    iter=923 E=-2.1049435558 nfev=926 t=841.2s remaining=1077
    iter=924 E=-2.1049455527 nfev=927 t=842.0s remaining=1076
    iter=925 E=-2.1049474864 nfev=928 t=843.1s remaining=1075
    iter=926 E=-2.1049495525 nfev=929 t=844.1s remaining=1074
    iter=927 E=-2.1049518144 nfev=930 t=845.1s remaining=1073
    iter=928 E=-2.1049539690 nfev=931 t=845.9s remaining=1072
    iter=929 E=-2.1049566809 nfev=932 t=846.9s remaining=1071
    iter=930 E=-2.1049600447 nfev=933 t=847.7s remaining=1070
    iter=931 E=-2.1049633991 nfev=934 t=848.5s remaining=1069
    iter=932 E=-2.1049668033 nfev=935 t=849.3s remaining=1068
    iter=933 E=-2.1049699837 nfev=936 t=850.2s remaining=1067
    iter=934 E=-2.1049725447 nfev=937 t=851.0s remaining=1066
    iter=935 E=-2.1049737866 nfev=938 t=851.9s remaining=1065
    iter=936 E=-2.1049748066 nfev=939 t=852.7s remaining=1064
    iter=937 E=-2.1049757565 nfev=940 t=853.6s remaining=1063
    iter=938 E=-2.1049765697 nfev=941 t=854.4s remaining=1062
    iter=939 E=-2.1049772729 nfev=942 t=855.3s remaining=1061
    iter=940 E=-2.1049782353 nfev=943 t=856.1s remaining=1060
    iter=941 E=-2.1049795795 nfev=944 t=857.0s remaining=1059
    iter=942 E=-2.1049814436 nfev=945 t=857.8s remaining=1058
    iter=943 E=-2.1049838421 nfev=946 t=858.7s remaining=1057
    iter=944 E=-2.1049867736 nfev=947 t=859.6s remaining=1056
    iter=945 E=-2.1049902971 nfev=948 t=860.5s remaining=1055
    iter=946 E=-2.1049940142 nfev=949 t=861.3s remaining=1054
    iter=947 E=-2.1049970539 nfev=950 t=862.2s remaining=1053
    iter=948 E=-2.1049990296 nfev=951 t=863.1s remaining=1052
    iter=949 E=-2.1050003042 nfev=952 t=863.9s remaining=1051
    iter=950 E=-2.1050011063 nfev=953 t=864.7s remaining=1050
    iter=951 E=-2.1050017489 nfev=954 t=865.5s remaining=1049
    iter=952 E=-2.1050023299 nfev=955 t=866.5s remaining=1048
    iter=953 E=-2.1050029839 nfev=956 t=867.5s remaining=1047
    iter=954 E=-2.1050035980 nfev=957 t=868.5s remaining=1046
    iter=955 E=-2.1050043093 nfev=958 t=869.4s remaining=1045
    iter=956 E=-2.1050052020 nfev=959 t=870.4s remaining=1044
    iter=957 E=-2.1050062563 nfev=960 t=871.3s remaining=1043
    iter=958 E=-2.1050076498 nfev=961 t=872.1s remaining=1042
    iter=959 E=-2.1050095661 nfev=962 t=873.0s remaining=1041
    iter=960 E=-2.1050119805 nfev=963 t=873.8s remaining=1040
    iter=961 E=-2.1050145845 nfev=964 t=874.7s remaining=1039
    iter=962 E=-2.1050172075 nfev=965 t=875.7s remaining=1038
    iter=963 E=-2.1050196784 nfev=966 t=876.5s remaining=1037
    iter=964 E=-2.1050214787 nfev=967 t=877.4s remaining=1036
    iter=965 E=-2.1050232437 nfev=968 t=878.2s remaining=1035
    iter=966 E=-2.1050248746 nfev=969 t=879.0s remaining=1034
    iter=967 E=-2.1050259688 nfev=970 t=880.0s remaining=1033
    iter=968 E=-2.1050267978 nfev=971 t=881.0s remaining=1032
    iter=969 E=-2.1050275337 nfev=972 t=882.1s remaining=1031
    iter=970 E=-2.1050280207 nfev=973 t=883.0s remaining=1030
    iter=971 E=-2.1050285744 nfev=974 t=883.8s remaining=1029
    iter=972 E=-2.1050292877 nfev=975 t=884.6s remaining=1028
    iter=973 E=-2.1050301714 nfev=976 t=885.4s remaining=1027
    iter=974 E=-2.1050310755 nfev=977 t=886.2s remaining=1026
    iter=975 E=-2.1050319846 nfev=978 t=887.0s remaining=1025
    iter=976 E=-2.1050329885 nfev=979 t=887.8s remaining=1024
    iter=977 E=-2.1050341477 nfev=980 t=888.7s remaining=1023
    iter=978 E=-2.1050354861 nfev=981 t=889.6s remaining=1022
    iter=979 E=-2.1050371159 nfev=982 t=890.4s remaining=1021
    iter=980 E=-2.1050390825 nfev=983 t=891.2s remaining=1020
    iter=981 E=-2.1050415299 nfev=984 t=892.1s remaining=1019
    iter=982 E=-2.1050438642 nfev=985 t=892.9s remaining=1018
    iter=983 E=-2.1050456596 nfev=986 t=893.8s remaining=1017
    iter=984 E=-2.1050466667 nfev=987 t=894.6s remaining=1016
    iter=985 E=-2.1050471339 nfev=988 t=895.5s remaining=1015
    iter=986 E=-2.1050474927 nfev=989 t=896.3s remaining=1014
    iter=987 E=-2.1050478937 nfev=990 t=897.2s remaining=1013
    iter=988 E=-2.1050483359 nfev=991 t=898.1s remaining=1012
    iter=989 E=-2.1050488188 nfev=992 t=899.0s remaining=1011
    iter=990 E=-2.1050493568 nfev=993 t=900.0s remaining=1010
    iter=991 E=-2.1050499091 nfev=994 t=901.1s remaining=1009
    iter=992 E=-2.1050505678 nfev=995 t=902.0s remaining=1008
    iter=993 E=-2.1050513401 nfev=996 t=902.9s remaining=1007
    iter=994 E=-2.1050522718 nfev=997 t=903.7s remaining=1006
    iter=995 E=-2.1050535988 nfev=998 t=904.6s remaining=1005
    iter=996 E=-2.1050553975 nfev=999 t=905.5s remaining=1004
    iter=997 E=-2.1050574425 nfev=1000 t=906.4s remaining=1003
    iter=998 E=-2.1050594538 nfev=1001 t=907.2s remaining=1002
    iter=999 E=-2.1050611895 nfev=1002 t=908.2s remaining=1001
    iter=1000 E=-2.1050625968 nfev=1003 t=909.2s remaining=1000
    iter=1001 E=-2.1050635170 nfev=1004 t=910.0s remaining=999
    iter=1002 E=-2.1050643529 nfev=1005 t=910.9s remaining=998
    iter=1003 E=-2.1050650054 nfev=1006 t=911.7s remaining=997
    iter=1004 E=-2.1050655738 nfev=1007 t=912.5s remaining=996
    iter=1005 E=-2.1050661474 nfev=1008 t=913.3s remaining=995
    iter=1006 E=-2.1050666099 nfev=1009 t=914.3s remaining=994
    iter=1007 E=-2.1050670566 nfev=1010 t=915.2s remaining=993
    iter=1008 E=-2.1050676061 nfev=1011 t=916.1s remaining=992
    iter=1009 E=-2.1050683355 nfev=1012 t=916.9s remaining=991
    iter=1010 E=-2.1050693916 nfev=1013 t=917.8s remaining=990
    iter=1011 E=-2.1050710492 nfev=1014 t=918.6s remaining=989
    iter=1012 E=-2.1050733794 nfev=1015 t=919.5s remaining=988
    iter=1013 E=-2.1050755989 nfev=1016 t=920.5s remaining=987
    iter=1014 E=-2.1050781612 nfev=1017 t=921.4s remaining=986
    iter=1015 E=-2.1050802433 nfev=1018 t=922.3s remaining=985
    iter=1016 E=-2.1050817735 nfev=1019 t=923.2s remaining=984
    iter=1017 E=-2.1050829065 nfev=1020 t=924.1s remaining=983
    iter=1018 E=-2.1050838666 nfev=1021 t=925.0s remaining=982
    iter=1019 E=-2.1050847952 nfev=1022 t=925.9s remaining=981
    iter=1020 E=-2.1050857299 nfev=1023 t=926.8s remaining=980
    iter=1021 E=-2.1050867309 nfev=1024 t=927.8s remaining=979
    iter=1022 E=-2.1050875922 nfev=1025 t=928.7s remaining=978
    iter=1023 E=-2.1050880050 nfev=1026 t=929.7s remaining=977
    iter=1024 E=-2.1050883173 nfev=1027 t=930.6s remaining=976
    iter=1025 E=-2.1050886116 nfev=1028 t=931.5s remaining=975
    iter=1026 E=-2.1050890001 nfev=1029 t=932.4s remaining=974
    iter=1027 E=-2.1050896001 nfev=1030 t=933.3s remaining=973
    iter=1028 E=-2.1050905257 nfev=1031 t=934.3s remaining=972
    iter=1029 E=-2.1050918078 nfev=1032 t=935.1s remaining=971
    iter=1030 E=-2.1050929704 nfev=1033 t=936.0s remaining=970
    iter=1031 E=-2.1050944197 nfev=1034 t=936.9s remaining=969
    iter=1032 E=-2.1050959739 nfev=1035 t=937.8s remaining=968
    iter=1033 E=-2.1050973763 nfev=1036 t=938.7s remaining=967
    iter=1034 E=-2.1050983847 nfev=1037 t=939.6s remaining=966
    iter=1035 E=-2.1050991901 nfev=1038 t=940.5s remaining=965
    iter=1036 E=-2.1051000275 nfev=1039 t=941.5s remaining=964
    iter=1037 E=-2.1051009572 nfev=1040 t=942.4s remaining=963
    iter=1038 E=-2.1051017261 nfev=1041 t=943.4s remaining=962
    iter=1039 E=-2.1051022076 nfev=1042 t=944.4s remaining=961
    iter=1040 E=-2.1051025526 nfev=1043 t=945.5s remaining=960
    iter=1041 E=-2.1051029580 nfev=1044 t=946.5s remaining=959
    iter=1042 E=-2.1051035011 nfev=1045 t=947.7s remaining=958
    iter=1043 E=-2.1051040687 nfev=1046 t=948.7s remaining=957
    iter=1044 E=-2.1051045901 nfev=1047 t=949.8s remaining=956
    iter=1045 E=-2.1051050222 nfev=1048 t=950.7s remaining=955
    iter=1046 E=-2.1051055302 nfev=1049 t=951.7s remaining=954
    iter=1047 E=-2.1051062856 nfev=1050 t=952.7s remaining=953
    iter=1048 E=-2.1051074566 nfev=1051 t=953.7s remaining=952
    iter=1049 E=-2.1051092020 nfev=1052 t=954.7s remaining=951
    iter=1050 E=-2.1051115391 nfev=1053 t=955.7s remaining=950
    iter=1051 E=-2.1051135787 nfev=1054 t=956.6s remaining=949
    iter=1052 E=-2.1051153411 nfev=1055 t=957.6s remaining=948
    iter=1053 E=-2.1051166867 nfev=1056 t=958.4s remaining=947
    iter=1054 E=-2.1051175381 nfev=1057 t=959.4s remaining=946
    iter=1055 E=-2.1051182316 nfev=1058 t=960.3s remaining=945
    iter=1056 E=-2.1051188515 nfev=1059 t=961.2s remaining=944
    iter=1057 E=-2.1051193650 nfev=1060 t=962.3s remaining=943
    iter=1058 E=-2.1051198100 nfev=1061 t=963.3s remaining=942
    iter=1059 E=-2.1051201876 nfev=1062 t=964.2s remaining=941
    iter=1060 E=-2.1051205496 nfev=1063 t=965.1s remaining=940
    iter=1061 E=-2.1051208442 nfev=1064 t=966.1s remaining=939
    iter=1062 E=-2.1051212100 nfev=1065 t=967.0s remaining=938
    iter=1063 E=-2.1051217263 nfev=1066 t=968.4s remaining=937
    iter=1064 E=-2.1051224669 nfev=1067 t=969.3s remaining=936
    iter=1065 E=-2.1051236039 nfev=1068 t=970.3s remaining=935
    iter=1066 E=-2.1051254035 nfev=1069 t=971.4s remaining=934
    iter=1067 E=-2.1051280767 nfev=1070 t=972.4s remaining=933
    iter=1068 E=-2.1051307415 nfev=1071 t=973.3s remaining=932
    iter=1069 E=-2.1051325572 nfev=1072 t=974.3s remaining=931
    iter=1070 E=-2.1051341225 nfev=1073 t=975.3s remaining=930
    iter=1071 E=-2.1051352323 nfev=1074 t=976.3s remaining=929
    iter=1072 E=-2.1051361798 nfev=1075 t=977.2s remaining=928
    iter=1073 E=-2.1051369793 nfev=1076 t=978.1s remaining=927
    iter=1074 E=-2.1051376561 nfev=1077 t=979.1s remaining=926
    iter=1075 E=-2.1051381741 nfev=1078 t=980.0s remaining=925
    iter=1076 E=-2.1051385974 nfev=1079 t=981.0s remaining=924
    iter=1077 E=-2.1051390589 nfev=1080 t=981.9s remaining=923
    iter=1078 E=-2.1051395236 nfev=1081 t=982.9s remaining=922
    iter=1079 E=-2.1051399565 nfev=1082 t=983.7s remaining=921
    iter=1080 E=-2.1051404143 nfev=1083 t=984.6s remaining=920
    iter=1081 E=-2.1051409813 nfev=1084 t=985.5s remaining=919
    iter=1082 E=-2.1051415485 nfev=1085 t=986.4s remaining=918
    iter=1083 E=-2.1051422069 nfev=1086 t=987.4s remaining=917
    iter=1084 E=-2.1051431465 nfev=1087 t=988.3s remaining=916
    iter=1085 E=-2.1051444900 nfev=1088 t=989.3s remaining=915
    iter=1086 E=-2.1051463771 nfev=1089 t=990.3s remaining=914
    iter=1087 E=-2.1051486540 nfev=1090 t=991.1s remaining=913
    iter=1088 E=-2.1051509270 nfev=1091 t=992.0s remaining=912
    iter=1089 E=-2.1051528712 nfev=1092 t=992.9s remaining=911
    iter=1090 E=-2.1051544217 nfev=1093 t=993.7s remaining=910
    iter=1091 E=-2.1051557863 nfev=1094 t=994.6s remaining=909
    iter=1092 E=-2.1051568864 nfev=1095 t=995.5s remaining=908
    iter=1093 E=-2.1051577076 nfev=1096 t=996.4s remaining=907
    iter=1094 E=-2.1051584971 nfev=1097 t=997.3s remaining=906
    iter=1095 E=-2.1051589756 nfev=1098 t=998.1s remaining=905
    iter=1096 E=-2.1051593163 nfev=1099 t=999.3s remaining=904
    iter=1097 E=-2.1051596405 nfev=1100 t=1000.1s remaining=903
    iter=1098 E=-2.1051599420 nfev=1101 t=1001.1s remaining=902
    iter=1099 E=-2.1051603652 nfev=1102 t=1002.0s remaining=901
    iter=1100 E=-2.1051609932 nfev=1103 t=1002.8s remaining=900
    iter=1101 E=-2.1051618969 nfev=1104 t=1003.7s remaining=899
    iter=1102 E=-2.1051632352 nfev=1105 t=1004.6s remaining=898
    iter=1103 E=-2.1051651871 nfev=1106 t=1005.5s remaining=897
    iter=1104 E=-2.1051677566 nfev=1107 t=1006.4s remaining=896
    iter=1105 E=-2.1051701948 nfev=1108 t=1007.2s remaining=895
    iter=1106 E=-2.1051725525 nfev=1109 t=1008.1s remaining=894
    iter=1107 E=-2.1051745106 nfev=1110 t=1009.0s remaining=893
    iter=1108 E=-2.1051759051 nfev=1111 t=1009.8s remaining=892
    iter=1109 E=-2.1051768285 nfev=1112 t=1010.7s remaining=891
    iter=1110 E=-2.1051775149 nfev=1113 t=1011.5s remaining=890
    iter=1111 E=-2.1051779713 nfev=1114 t=1012.4s remaining=889
    iter=1112 E=-2.1051785219 nfev=1115 t=1013.2s remaining=888
    iter=1113 E=-2.1051790244 nfev=1116 t=1014.1s remaining=887
    iter=1114 E=-2.1051796083 nfev=1117 t=1015.0s remaining=886
    iter=1115 E=-2.1051799791 nfev=1118 t=1015.9s remaining=885
    iter=1116 E=-2.1051803228 nfev=1119 t=1016.8s remaining=884
    iter=1117 E=-2.1051806855 nfev=1120 t=1017.8s remaining=883
    iter=1118 E=-2.1051811402 nfev=1121 t=1018.7s remaining=882
    iter=1119 E=-2.1051817262 nfev=1122 t=1019.6s remaining=881
    iter=1120 E=-2.1051826031 nfev=1123 t=1020.6s remaining=880
    iter=1121 E=-2.1051838196 nfev=1124 t=1021.5s remaining=879
    iter=1122 E=-2.1051853686 nfev=1125 t=1022.4s remaining=878
    iter=1123 E=-2.1051876589 nfev=1126 t=1023.3s remaining=877
    iter=1124 E=-2.1051908036 nfev=1127 t=1024.2s remaining=876
    iter=1125 E=-2.1051933467 nfev=1128 t=1025.1s remaining=875
    iter=1126 E=-2.1051947069 nfev=1129 t=1026.0s remaining=874
    iter=1127 E=-2.1051960028 nfev=1130 t=1027.0s remaining=873
    iter=1128 E=-2.1051968526 nfev=1131 t=1027.9s remaining=872
    iter=1129 E=-2.1051973578 nfev=1132 t=1028.8s remaining=871
    iter=1130 E=-2.1051977845 nfev=1133 t=1029.8s remaining=870
    iter=1131 E=-2.1051980673 nfev=1134 t=1030.8s remaining=869
    iter=1132 E=-2.1051984116 nfev=1135 t=1031.9s remaining=868
    iter=1133 E=-2.1051988871 nfev=1136 t=1032.8s remaining=867
    iter=1134 E=-2.1051995422 nfev=1137 t=1033.8s remaining=866
    iter=1135 E=-2.1052004291 nfev=1138 t=1034.7s remaining=865
    iter=1136 E=-2.1052016575 nfev=1139 t=1035.6s remaining=864
    iter=1137 E=-2.1052031391 nfev=1140 t=1036.6s remaining=863
    iter=1138 E=-2.1052050485 nfev=1141 t=1037.5s remaining=862
    iter=1139 E=-2.1052076900 nfev=1142 t=1038.5s remaining=861
    iter=1140 E=-2.1052100036 nfev=1143 t=1039.4s remaining=860
    iter=1141 E=-2.1052115532 nfev=1144 t=1040.4s remaining=859
    iter=1142 E=-2.1052126343 nfev=1145 t=1041.3s remaining=858
    iter=1143 E=-2.1052136770 nfev=1146 t=1042.1s remaining=857
    iter=1144 E=-2.1052143143 nfev=1147 t=1042.9s remaining=856
    iter=1145 E=-2.1052148313 nfev=1148 t=1043.8s remaining=855
    iter=1146 E=-2.1052152997 nfev=1149 t=1044.6s remaining=854
    iter=1147 E=-2.1052156010 nfev=1150 t=1045.7s remaining=853
    iter=1148 E=-2.1052158798 nfev=1151 t=1046.8s remaining=852
    iter=1149 E=-2.1052161910 nfev=1152 t=1048.0s remaining=851
    iter=1150 E=-2.1052166467 nfev=1153 t=1049.1s remaining=850
    iter=1151 E=-2.1052173146 nfev=1154 t=1050.2s remaining=849
    iter=1152 E=-2.1052182202 nfev=1155 t=1051.3s remaining=848
    iter=1153 E=-2.1052192168 nfev=1156 t=1052.4s remaining=847
    iter=1154 E=-2.1052206019 nfev=1157 t=1053.5s remaining=846
    iter=1155 E=-2.1052225444 nfev=1158 t=1054.5s remaining=845
    iter=1156 E=-2.1052247370 nfev=1159 t=1055.4s remaining=844
    iter=1157 E=-2.1052266829 nfev=1160 t=1056.3s remaining=843
    iter=1158 E=-2.1052283501 nfev=1161 t=1057.1s remaining=842
    iter=1159 E=-2.1052294435 nfev=1162 t=1058.0s remaining=841
    iter=1160 E=-2.1052301889 nfev=1163 t=1058.8s remaining=840
    iter=1161 E=-2.1052308021 nfev=1164 t=1059.7s remaining=839
    iter=1162 E=-2.1052313765 nfev=1165 t=1060.6s remaining=838
    iter=1163 E=-2.1052318166 nfev=1166 t=1061.5s remaining=837
    iter=1164 E=-2.1052323593 nfev=1167 t=1062.3s remaining=836
    iter=1165 E=-2.1052328755 nfev=1168 t=1063.2s remaining=835
    iter=1166 E=-2.1052333158 nfev=1169 t=1064.0s remaining=834
    iter=1167 E=-2.1052337696 nfev=1170 t=1064.8s remaining=833
    iter=1168 E=-2.1052343280 nfev=1171 t=1065.8s remaining=832
    iter=1169 E=-2.1052349171 nfev=1172 t=1066.7s remaining=831
    iter=1170 E=-2.1052356032 nfev=1173 t=1067.5s remaining=830
    iter=1171 E=-2.1052365007 nfev=1174 t=1068.4s remaining=829
    iter=1172 E=-2.1052377496 nfev=1175 t=1069.2s remaining=828
    iter=1173 E=-2.1052393905 nfev=1176 t=1070.1s remaining=827
    iter=1174 E=-2.1052411495 nfev=1177 t=1070.9s remaining=826
    iter=1175 E=-2.1052428210 nfev=1178 t=1071.9s remaining=825
    iter=1176 E=-2.1052441363 nfev=1179 t=1072.7s remaining=824
    iter=1177 E=-2.1052449930 nfev=1180 t=1073.6s remaining=823
    iter=1178 E=-2.1052457032 nfev=1181 t=1074.5s remaining=822
    iter=1179 E=-2.1052462159 nfev=1182 t=1075.5s remaining=821
    iter=1180 E=-2.1052464847 nfev=1183 t=1076.3s remaining=820
    iter=1181 E=-2.1052467429 nfev=1184 t=1077.2s remaining=819
    iter=1182 E=-2.1052470687 nfev=1185 t=1078.0s remaining=818
    iter=1183 E=-2.1052473664 nfev=1186 t=1078.9s remaining=817
    iter=1184 E=-2.1052477638 nfev=1187 t=1079.8s remaining=816
    iter=1185 E=-2.1052483397 nfev=1188 t=1080.8s remaining=815
    iter=1186 E=-2.1052492313 nfev=1189 t=1081.7s remaining=814
    iter=1187 E=-2.1052506113 nfev=1190 t=1082.5s remaining=813
    iter=1188 E=-2.1052526258 nfev=1191 t=1083.3s remaining=812
    iter=1189 E=-2.1052549467 nfev=1192 t=1084.1s remaining=811
    iter=1190 E=-2.1052571357 nfev=1193 t=1085.0s remaining=810
    iter=1191 E=-2.1052589418 nfev=1194 t=1085.8s remaining=809
    iter=1192 E=-2.1052599814 nfev=1195 t=1086.6s remaining=808
    iter=1193 E=-2.1052605152 nfev=1196 t=1087.5s remaining=807
    iter=1194 E=-2.1052607712 nfev=1197 t=1088.3s remaining=806
    iter=1195 E=-2.1052609434 nfev=1198 t=1089.1s remaining=805
    iter=1196 E=-2.1052611334 nfev=1199 t=1090.0s remaining=804
    iter=1197 E=-2.1052613490 nfev=1200 t=1090.8s remaining=803
    iter=1198 E=-2.1052616882 nfev=1201 t=1091.7s remaining=802
    iter=1199 E=-2.1052622157 nfev=1202 t=1092.7s remaining=801
    iter=1200 E=-2.1052630093 nfev=1203 t=1093.7s remaining=800
    iter=1201 E=-2.1052641502 nfev=1204 t=1094.6s remaining=799
    iter=1202 E=-2.1052658191 nfev=1205 t=1095.5s remaining=798
    iter=1203 E=-2.1052682084 nfev=1206 t=1096.7s remaining=797
    iter=1204 E=-2.1052708224 nfev=1207 t=1097.5s remaining=796
    iter=1205 E=-2.1052731276 nfev=1208 t=1098.4s remaining=795
    iter=1206 E=-2.1052752623 nfev=1209 t=1099.2s remaining=794
    iter=1207 E=-2.1052767264 nfev=1210 t=1100.1s remaining=793
    iter=1208 E=-2.1052773643 nfev=1211 t=1100.9s remaining=792
    iter=1209 E=-2.1052776557 nfev=1212 t=1101.8s remaining=791
    iter=1210 E=-2.1052779058 nfev=1213 t=1102.6s remaining=790
    iter=1211 E=-2.1052780643 nfev=1214 t=1103.4s remaining=789
    iter=1212 E=-2.1052782493 nfev=1215 t=1104.4s remaining=788
    iter=1213 E=-2.1052784349 nfev=1216 t=1105.3s remaining=787
    iter=1214 E=-2.1052786376 nfev=1217 t=1106.2s remaining=786
    iter=1215 E=-2.1052789693 nfev=1218 t=1107.0s remaining=785
    iter=1216 E=-2.1052794951 nfev=1219 t=1107.8s remaining=784
    iter=1217 E=-2.1052801878 nfev=1220 t=1108.7s remaining=783
    iter=1218 E=-2.1052808870 nfev=1221 t=1109.5s remaining=782
    iter=1219 E=-2.1052818465 nfev=1222 t=1110.3s remaining=781
    iter=1220 E=-2.1052833019 nfev=1223 t=1111.4s remaining=780
    iter=1221 E=-2.1052852813 nfev=1224 t=1112.5s remaining=779
    iter=1222 E=-2.1052870347 nfev=1225 t=1113.4s remaining=778
    iter=1223 E=-2.1052888490 nfev=1226 t=1114.2s remaining=777
    iter=1224 E=-2.1052901932 nfev=1227 t=1115.1s remaining=776
    iter=1225 E=-2.1052907673 nfev=1228 t=1115.9s remaining=775
    iter=1226 E=-2.1052910777 nfev=1229 t=1116.7s remaining=774
    iter=1227 E=-2.1052913834 nfev=1230 t=1117.6s remaining=773
    iter=1228 E=-2.1052916853 nfev=1231 t=1118.4s remaining=772
    iter=1229 E=-2.1052919723 nfev=1232 t=1119.2s remaining=771
    iter=1230 E=-2.1052923257 nfev=1233 t=1120.0s remaining=770
    iter=1231 E=-2.1052927807 nfev=1234 t=1120.8s remaining=769
    iter=1232 E=-2.1052933969 nfev=1235 t=1121.6s remaining=768
    iter=1233 E=-2.1052943483 nfev=1236 t=1122.4s remaining=767
    iter=1234 E=-2.1052958330 nfev=1237 t=1123.3s remaining=766
    iter=1235 E=-2.1052980998 nfev=1238 t=1124.1s remaining=765
    iter=1236 E=-2.1053012476 nfev=1239 t=1124.9s remaining=764
    iter=1237 E=-2.1053040061 nfev=1240 t=1125.7s remaining=763
    iter=1238 E=-2.1053061398 nfev=1241 t=1126.6s remaining=762
    iter=1239 E=-2.1053074445 nfev=1242 t=1127.5s remaining=761
    iter=1240 E=-2.1053084275 nfev=1243 t=1128.3s remaining=760
    iter=1241 E=-2.1053090398 nfev=1244 t=1129.1s remaining=759
    iter=1242 E=-2.1053095161 nfev=1245 t=1130.0s remaining=758
    iter=1243 E=-2.1053098603 nfev=1246 t=1131.1s remaining=757
    iter=1244 E=-2.1053101993 nfev=1247 t=1131.9s remaining=756
    iter=1245 E=-2.1053106833 nfev=1248 t=1132.8s remaining=755
    iter=1246 E=-2.1053113560 nfev=1249 t=1133.7s remaining=754
    iter=1247 E=-2.1053121958 nfev=1250 t=1134.6s remaining=753
    iter=1248 E=-2.1053131639 nfev=1251 t=1135.4s remaining=752
    iter=1249 E=-2.1053144415 nfev=1252 t=1136.3s remaining=751
    iter=1250 E=-2.1053162309 nfev=1253 t=1137.1s remaining=750
    iter=1251 E=-2.1053185457 nfev=1254 t=1138.0s remaining=749
    iter=1252 E=-2.1053206431 nfev=1255 t=1139.1s remaining=748
    iter=1253 E=-2.1053223988 nfev=1256 t=1139.9s remaining=747
    iter=1254 E=-2.1053239217 nfev=1257 t=1140.8s remaining=746
    iter=1255 E=-2.1053247662 nfev=1258 t=1141.8s remaining=745
    iter=1256 E=-2.1053255089 nfev=1259 t=1142.7s remaining=744
    iter=1257 E=-2.1053261007 nfev=1260 t=1143.6s remaining=743
    iter=1258 E=-2.1053265995 nfev=1261 t=1144.5s remaining=742
    iter=1259 E=-2.1053269935 nfev=1262 t=1145.3s remaining=741
    iter=1260 E=-2.1053274100 nfev=1263 t=1146.2s remaining=740
    iter=1261 E=-2.1053278356 nfev=1264 t=1147.0s remaining=739
    iter=1262 E=-2.1053282626 nfev=1265 t=1148.0s remaining=738
    iter=1263 E=-2.1053287872 nfev=1266 t=1148.8s remaining=737
    iter=1264 E=-2.1053292861 nfev=1267 t=1149.6s remaining=736
    iter=1265 E=-2.1053296984 nfev=1268 t=1150.4s remaining=735
    iter=1266 E=-2.1053302637 nfev=1269 t=1151.3s remaining=734
    iter=1267 E=-2.1053311061 nfev=1270 t=1152.1s remaining=733
    iter=1268 E=-2.1053323029 nfev=1271 t=1152.9s remaining=732
    iter=1269 E=-2.1053339895 nfev=1272 t=1153.8s remaining=731
    iter=1270 E=-2.1053361976 nfev=1273 t=1154.7s remaining=730
    iter=1271 E=-2.1053388228 nfev=1274 t=1155.6s remaining=729
    iter=1272 E=-2.1053417254 nfev=1275 t=1156.5s remaining=728
    iter=1273 E=-2.1053446688 nfev=1276 t=1157.3s remaining=727
    iter=1274 E=-2.1053466610 nfev=1277 t=1158.1s remaining=726
    iter=1275 E=-2.1053481062 nfev=1278 t=1159.0s remaining=725
    iter=1276 E=-2.1053491154 nfev=1279 t=1159.8s remaining=724
    iter=1277 E=-2.1053498394 nfev=1280 t=1160.6s remaining=723
    iter=1278 E=-2.1053504826 nfev=1281 t=1161.4s remaining=722
    iter=1279 E=-2.1053510797 nfev=1282 t=1162.3s remaining=721
    iter=1280 E=-2.1053515602 nfev=1283 t=1163.1s remaining=720
    iter=1281 E=-2.1053519516 nfev=1284 t=1163.9s remaining=719
    iter=1282 E=-2.1053522464 nfev=1285 t=1164.8s remaining=718
    iter=1283 E=-2.1053525567 nfev=1286 t=1165.8s remaining=717
    iter=1284 E=-2.1053529745 nfev=1287 t=1166.7s remaining=716
    iter=1285 E=-2.1053535993 nfev=1288 t=1167.7s remaining=715
    iter=1286 E=-2.1053545373 nfev=1289 t=1168.6s remaining=714
    iter=1287 E=-2.1053558770 nfev=1290 t=1169.5s remaining=713
    iter=1288 E=-2.1053576396 nfev=1291 t=1170.4s remaining=712
    iter=1289 E=-2.1053595257 nfev=1292 t=1171.2s remaining=711
    iter=1290 E=-2.1053613398 nfev=1293 t=1172.1s remaining=710
    iter=1291 E=-2.1053628957 nfev=1294 t=1172.9s remaining=709
    iter=1292 E=-2.1053644017 nfev=1295 t=1173.8s remaining=708
    iter=1293 E=-2.1053656313 nfev=1296 t=1174.6s remaining=707
    iter=1294 E=-2.1053672145 nfev=1297 t=1175.5s remaining=706
    iter=1295 E=-2.1053687049 nfev=1298 t=1176.3s remaining=705
    iter=1296 E=-2.1053698223 nfev=1299 t=1177.2s remaining=704
    iter=1297 E=-2.1053707576 nfev=1300 t=1178.0s remaining=703
    iter=1298 E=-2.1053713190 nfev=1301 t=1178.8s remaining=702
    iter=1299 E=-2.1053717394 nfev=1302 t=1179.7s remaining=701
    iter=1300 E=-2.1053720652 nfev=1303 t=1180.6s remaining=700
    iter=1301 E=-2.1053723670 nfev=1304 t=1181.5s remaining=699
    iter=1302 E=-2.1053726879 nfev=1305 t=1182.4s remaining=698
    iter=1303 E=-2.1053731322 nfev=1306 t=1183.3s remaining=697
    iter=1304 E=-2.1053737580 nfev=1307 t=1184.3s remaining=696
    iter=1305 E=-2.1053746815 nfev=1308 t=1185.1s remaining=695
    iter=1306 E=-2.1053760528 nfev=1309 t=1186.0s remaining=694
    iter=1307 E=-2.1053779158 nfev=1310 t=1186.8s remaining=693
    iter=1308 E=-2.1053798357 nfev=1311 t=1187.6s remaining=692
    iter=1309 E=-2.1053815562 nfev=1312 t=1188.5s remaining=691
    iter=1310 E=-2.1053829777 nfev=1313 t=1189.3s remaining=690
    iter=1311 E=-2.1053839100 nfev=1314 t=1190.2s remaining=689
    iter=1312 E=-2.1053847372 nfev=1315 t=1191.1s remaining=688
    iter=1313 E=-2.1053855869 nfev=1316 t=1192.0s remaining=687
    iter=1314 E=-2.1053862989 nfev=1317 t=1192.9s remaining=686
    iter=1315 E=-2.1053868605 nfev=1318 t=1193.8s remaining=685
    iter=1316 E=-2.1053874001 nfev=1319 t=1194.7s remaining=684
    iter=1317 E=-2.1053878368 nfev=1320 t=1195.7s remaining=683
    iter=1318 E=-2.1053881187 nfev=1321 t=1196.6s remaining=682
    iter=1319 E=-2.1053884195 nfev=1322 t=1197.7s remaining=681
    iter=1320 E=-2.1053887813 nfev=1323 t=1198.7s remaining=680
    iter=1321 E=-2.1053891112 nfev=1324 t=1199.7s remaining=679
    iter=1322 E=-2.1053895596 nfev=1325 t=1200.8s remaining=678
    iter=1323 E=-2.1053901548 nfev=1326 t=1201.7s remaining=677
    iter=1324 E=-2.1053907808 nfev=1327 t=1202.6s remaining=676
    iter=1325 E=-2.1053915018 nfev=1328 t=1203.4s remaining=675
    iter=1326 E=-2.1053923017 nfev=1329 t=1204.2s remaining=674
    iter=1327 E=-2.1053933935 nfev=1330 t=1205.0s remaining=673
    iter=1328 E=-2.1053947738 nfev=1331 t=1205.8s remaining=672
    iter=1329 E=-2.1053960005 nfev=1332 t=1206.6s remaining=671
    iter=1330 E=-2.1053968590 nfev=1333 t=1207.4s remaining=670
    iter=1331 E=-2.1053974387 nfev=1334 t=1208.2s remaining=669
    iter=1332 E=-2.1053979325 nfev=1335 t=1209.1s remaining=668
    iter=1333 E=-2.1053983339 nfev=1336 t=1209.9s remaining=667
    iter=1334 E=-2.1053986164 nfev=1337 t=1210.7s remaining=666
    iter=1335 E=-2.1053988201 nfev=1338 t=1211.5s remaining=665
    iter=1336 E=-2.1053990139 nfev=1339 t=1212.3s remaining=664
    iter=1337 E=-2.1053991756 nfev=1340 t=1213.2s remaining=663
    iter=1338 E=-2.1053993732 nfev=1341 t=1214.2s remaining=662
    iter=1339 E=-2.1053996193 nfev=1342 t=1215.0s remaining=661
    iter=1340 E=-2.1053999861 nfev=1343 t=1215.8s remaining=660
    iter=1341 E=-2.1054005220 nfev=1344 t=1216.6s remaining=659
    iter=1342 E=-2.1054012792 nfev=1345 t=1217.4s remaining=658
    iter=1343 E=-2.1054022450 nfev=1346 t=1218.2s remaining=657
    iter=1344 E=-2.1054033094 nfev=1347 t=1219.0s remaining=656
    iter=1345 E=-2.1054045341 nfev=1348 t=1219.8s remaining=655
    iter=1346 E=-2.1054058911 nfev=1349 t=1220.7s remaining=654
    iter=1347 E=-2.1054072326 nfev=1350 t=1221.4s remaining=653
    iter=1348 E=-2.1054082415 nfev=1351 t=1222.2s remaining=652
    iter=1349 E=-2.1054087739 nfev=1352 t=1223.2s remaining=651
    iter=1350 E=-2.1054090787 nfev=1353 t=1224.0s remaining=650
    iter=1351 E=-2.1054092905 nfev=1354 t=1224.8s remaining=649
    iter=1352 E=-2.1054094591 nfev=1355 t=1225.8s remaining=648
    iter=1353 E=-2.1054096071 nfev=1356 t=1226.8s remaining=647
    iter=1354 E=-2.1054097527 nfev=1357 t=1227.8s remaining=646
    iter=1355 E=-2.1054099237 nfev=1358 t=1228.9s remaining=645
    iter=1356 E=-2.1054101456 nfev=1359 t=1229.9s remaining=644
    iter=1357 E=-2.1054104920 nfev=1360 t=1230.8s remaining=643
    iter=1358 E=-2.1054110296 nfev=1361 t=1231.7s remaining=642
    iter=1359 E=-2.1054118371 nfev=1362 t=1232.7s remaining=641
    iter=1360 E=-2.1054129968 nfev=1363 t=1233.5s remaining=640
    iter=1361 E=-2.1054143586 nfev=1364 t=1234.4s remaining=639
    iter=1362 E=-2.1054158271 nfev=1365 t=1235.3s remaining=638
    iter=1363 E=-2.1054172849 nfev=1366 t=1236.6s remaining=637
    iter=1364 E=-2.1054188264 nfev=1367 t=1237.6s remaining=636
    iter=1365 E=-2.1054203050 nfev=1368 t=1238.4s remaining=635
    iter=1366 E=-2.1054215126 nfev=1369 t=1239.3s remaining=634
    iter=1367 E=-2.1054223730 nfev=1370 t=1240.3s remaining=633
    iter=1368 E=-2.1054229877 nfev=1371 t=1241.1s remaining=632
    iter=1369 E=-2.1054234402 nfev=1372 t=1241.9s remaining=631
    iter=1370 E=-2.1054239355 nfev=1373 t=1242.7s remaining=630
    iter=1371 E=-2.1054243408 nfev=1374 t=1243.6s remaining=629
    iter=1372 E=-2.1054246156 nfev=1375 t=1244.5s remaining=628
    iter=1373 E=-2.1054248963 nfev=1376 t=1245.4s remaining=627
    iter=1374 E=-2.1054251574 nfev=1377 t=1246.2s remaining=626
    iter=1375 E=-2.1054254627 nfev=1378 t=1247.0s remaining=625
    iter=1376 E=-2.1054258203 nfev=1379 t=1248.0s remaining=624
    iter=1377 E=-2.1054263303 nfev=1380 t=1249.0s remaining=623
    iter=1378 E=-2.1054270241 nfev=1381 t=1250.0s remaining=622
    iter=1379 E=-2.1054279946 nfev=1382 t=1250.9s remaining=621
    iter=1380 E=-2.1054290860 nfev=1383 t=1251.7s remaining=620
    iter=1381 E=-2.1054303071 nfev=1384 t=1252.6s remaining=619
    iter=1382 E=-2.1054318825 nfev=1385 t=1253.5s remaining=618
    iter=1383 E=-2.1054341298 nfev=1386 t=1254.3s remaining=617
    iter=1384 E=-2.1054369034 nfev=1387 t=1255.3s remaining=616
    iter=1385 E=-2.1054399326 nfev=1388 t=1256.3s remaining=615
    iter=1386 E=-2.1054425331 nfev=1389 t=1257.1s remaining=614
    iter=1387 E=-2.1054444877 nfev=1390 t=1258.2s remaining=613
    iter=1388 E=-2.1054458692 nfev=1391 t=1259.0s remaining=612
    iter=1389 E=-2.1054468829 nfev=1392 t=1259.8s remaining=611
    iter=1390 E=-2.1054473669 nfev=1393 t=1260.7s remaining=610
    iter=1391 E=-2.1054478825 nfev=1394 t=1261.5s remaining=609
    iter=1392 E=-2.1054481727 nfev=1395 t=1262.3s remaining=608
    iter=1393 E=-2.1054484571 nfev=1396 t=1263.1s remaining=607
    iter=1394 E=-2.1054486554 nfev=1397 t=1264.0s remaining=606
    iter=1395 E=-2.1054488611 nfev=1398 t=1264.9s remaining=605
    iter=1396 E=-2.1054491157 nfev=1399 t=1265.8s remaining=604
    iter=1397 E=-2.1054493932 nfev=1400 t=1266.6s remaining=603
    iter=1398 E=-2.1054496826 nfev=1401 t=1267.4s remaining=602
    iter=1399 E=-2.1054500300 nfev=1402 t=1268.4s remaining=601
    iter=1400 E=-2.1054504485 nfev=1403 t=1269.4s remaining=600
    iter=1401 E=-2.1054510089 nfev=1404 t=1270.2s remaining=599
    iter=1402 E=-2.1054518081 nfev=1405 t=1271.0s remaining=598
    iter=1403 E=-2.1054529745 nfev=1406 t=1271.8s remaining=597
    iter=1404 E=-2.1054546504 nfev=1407 t=1272.6s remaining=596
    iter=1405 E=-2.1054567469 nfev=1408 t=1273.4s remaining=595
    iter=1406 E=-2.1054584925 nfev=1409 t=1274.2s remaining=594
    iter=1407 E=-2.1054600505 nfev=1410 t=1275.1s remaining=593
    iter=1408 E=-2.1054609052 nfev=1411 t=1275.9s remaining=592
    iter=1409 E=-2.1054614926 nfev=1412 t=1276.8s remaining=591
    iter=1410 E=-2.1054619823 nfev=1413 t=1277.7s remaining=590
    iter=1411 E=-2.1054623531 nfev=1414 t=1278.6s remaining=589
    iter=1412 E=-2.1054626141 nfev=1415 t=1279.4s remaining=588
    iter=1413 E=-2.1054628916 nfev=1416 t=1280.3s remaining=587
    iter=1414 E=-2.1054631847 nfev=1417 t=1281.2s remaining=586
    iter=1415 E=-2.1054633962 nfev=1418 t=1282.1s remaining=585
    iter=1416 E=-2.1054636621 nfev=1419 t=1282.9s remaining=584
    iter=1417 E=-2.1054640101 nfev=1420 t=1283.8s remaining=583
    iter=1418 E=-2.1054643359 nfev=1421 t=1284.7s remaining=582
    iter=1419 E=-2.1054647338 nfev=1422 t=1285.6s remaining=581
    iter=1420 E=-2.1054652609 nfev=1423 t=1286.6s remaining=580
    iter=1421 E=-2.1054659194 nfev=1424 t=1287.6s remaining=579
    iter=1422 E=-2.1054666985 nfev=1425 t=1288.5s remaining=578
    iter=1423 E=-2.1054676798 nfev=1426 t=1289.3s remaining=577
    iter=1424 E=-2.1054685788 nfev=1427 t=1290.2s remaining=576
    iter=1425 E=-2.1054696204 nfev=1428 t=1291.1s remaining=575
    iter=1426 E=-2.1054709600 nfev=1429 t=1292.0s remaining=574
    iter=1427 E=-2.1054723874 nfev=1430 t=1293.0s remaining=573
    iter=1428 E=-2.1054739261 nfev=1431 t=1293.9s remaining=572
    iter=1429 E=-2.1054753589 nfev=1432 t=1294.8s remaining=571
    iter=1430 E=-2.1054764368 nfev=1433 t=1295.7s remaining=570
    iter=1431 E=-2.1054773017 nfev=1434 t=1296.7s remaining=569
    iter=1432 E=-2.1054781235 nfev=1435 t=1297.7s remaining=568
    iter=1433 E=-2.1054787784 nfev=1436 t=1298.5s remaining=567
    iter=1434 E=-2.1054793024 nfev=1437 t=1299.4s remaining=566
    iter=1435 E=-2.1054796560 nfev=1438 t=1300.3s remaining=565
    iter=1436 E=-2.1054799074 nfev=1439 t=1301.1s remaining=564
    iter=1437 E=-2.1054801053 nfev=1440 t=1302.0s remaining=563
    iter=1438 E=-2.1054802659 nfev=1441 t=1302.8s remaining=562
    iter=1439 E=-2.1054804528 nfev=1442 t=1303.7s remaining=561
    iter=1440 E=-2.1054807068 nfev=1443 t=1304.5s remaining=560
    iter=1441 E=-2.1054810830 nfev=1444 t=1305.8s remaining=559
    iter=1442 E=-2.1054816315 nfev=1445 t=1306.7s remaining=558
    iter=1443 E=-2.1054823607 nfev=1446 t=1307.5s remaining=557
    iter=1444 E=-2.1054833139 nfev=1447 t=1308.4s remaining=556
    iter=1445 E=-2.1054843829 nfev=1448 t=1309.3s remaining=555
    iter=1446 E=-2.1054855048 nfev=1449 t=1310.3s remaining=554
    iter=1447 E=-2.1054865841 nfev=1450 t=1311.2s remaining=553
    iter=1448 E=-2.1054877733 nfev=1451 t=1312.0s remaining=552
    iter=1449 E=-2.1054889521 nfev=1452 t=1312.9s remaining=551
    iter=1450 E=-2.1054897891 nfev=1453 t=1313.8s remaining=550
    iter=1451 E=-2.1054903919 nfev=1454 t=1314.6s remaining=549
    iter=1452 E=-2.1054908733 nfev=1455 t=1315.4s remaining=548
    iter=1453 E=-2.1054913694 nfev=1456 t=1316.4s remaining=547
    iter=1454 E=-2.1054918239 nfev=1457 t=1317.3s remaining=546
    iter=1455 E=-2.1054923240 nfev=1458 t=1318.4s remaining=545
    iter=1456 E=-2.1054927042 nfev=1459 t=1319.4s remaining=544
    iter=1457 E=-2.1054929712 nfev=1460 t=1320.5s remaining=543
    iter=1458 E=-2.1054931914 nfev=1461 t=1321.5s remaining=542
    iter=1459 E=-2.1054934173 nfev=1462 t=1322.5s remaining=541
    iter=1460 E=-2.1054936616 nfev=1463 t=1323.4s remaining=540
    iter=1461 E=-2.1054940033 nfev=1464 t=1324.4s remaining=539
    iter=1462 E=-2.1054944770 nfev=1465 t=1325.2s remaining=538
    iter=1463 E=-2.1054951551 nfev=1466 t=1326.1s remaining=537
    iter=1464 E=-2.1054961494 nfev=1467 t=1326.9s remaining=536
    iter=1465 E=-2.1054974277 nfev=1468 t=1327.7s remaining=535
    iter=1466 E=-2.1054985136 nfev=1469 t=1328.5s remaining=534
    iter=1467 E=-2.1054999086 nfev=1470 t=1329.4s remaining=533
    iter=1468 E=-2.1055017977 nfev=1471 t=1330.2s remaining=532
    iter=1469 E=-2.1055037512 nfev=1472 t=1331.1s remaining=531
    iter=1470 E=-2.1055048788 nfev=1473 t=1332.0s remaining=530
    iter=1471 E=-2.1055058026 nfev=1474 t=1333.0s remaining=529
    iter=1472 E=-2.1055064555 nfev=1475 t=1334.0s remaining=528
    iter=1473 E=-2.1055069722 nfev=1476 t=1334.8s remaining=527
    iter=1474 E=-2.1055074126 nfev=1477 t=1335.7s remaining=526
    iter=1475 E=-2.1055079375 nfev=1478 t=1336.5s remaining=525
    iter=1476 E=-2.1055083156 nfev=1479 t=1337.4s remaining=524
    iter=1477 E=-2.1055085719 nfev=1480 t=1338.2s remaining=523
    iter=1478 E=-2.1055088874 nfev=1481 t=1339.0s remaining=522
    iter=1479 E=-2.1055092675 nfev=1482 t=1339.9s remaining=521
    iter=1480 E=-2.1055097024 nfev=1483 t=1340.8s remaining=520
    iter=1481 E=-2.1055102024 nfev=1484 t=1341.8s remaining=519
    iter=1482 E=-2.1055108263 nfev=1485 t=1342.7s remaining=518
    iter=1483 E=-2.1055116399 nfev=1486 t=1343.6s remaining=517
    iter=1484 E=-2.1055126883 nfev=1487 t=1344.4s remaining=516
    iter=1485 E=-2.1055138780 nfev=1488 t=1345.3s remaining=515
    iter=1486 E=-2.1055152105 nfev=1489 t=1346.2s remaining=514
    iter=1487 E=-2.1055163830 nfev=1490 t=1347.0s remaining=513
    iter=1488 E=-2.1055176719 nfev=1491 t=1347.8s remaining=512
    iter=1489 E=-2.1055191092 nfev=1492 t=1348.7s remaining=511
    iter=1490 E=-2.1055203788 nfev=1493 t=1349.7s remaining=510
    iter=1491 E=-2.1055213096 nfev=1494 t=1350.7s remaining=509
    iter=1492 E=-2.1055218097 nfev=1495 t=1351.6s remaining=508
    iter=1493 E=-2.1055223407 nfev=1496 t=1352.5s remaining=507
    iter=1494 E=-2.1055227998 nfev=1497 t=1353.4s remaining=506
    iter=1495 E=-2.1055230915 nfev=1498 t=1354.3s remaining=505
    iter=1496 E=-2.1055233462 nfev=1499 t=1355.3s remaining=504
    iter=1497 E=-2.1055235644 nfev=1500 t=1356.3s remaining=503
    iter=1498 E=-2.1055237669 nfev=1501 t=1357.3s remaining=502
    iter=1499 E=-2.1055239955 nfev=1502 t=1358.1s remaining=501
    iter=1500 E=-2.1055242976 nfev=1503 t=1358.9s remaining=500
    iter=1501 E=-2.1055246944 nfev=1504 t=1359.7s remaining=499
    iter=1502 E=-2.1055251455 nfev=1505 t=1360.6s remaining=498
    iter=1503 E=-2.1055257789 nfev=1506 t=1361.5s remaining=497
    iter=1504 E=-2.1055266769 nfev=1507 t=1362.5s remaining=496
    iter=1505 E=-2.1055278759 nfev=1508 t=1363.5s remaining=495
    iter=1506 E=-2.1055293217 nfev=1509 t=1364.5s remaining=494
    iter=1507 E=-2.1055310495 nfev=1510 t=1365.6s remaining=493
    iter=1508 E=-2.1055327680 nfev=1511 t=1366.6s remaining=492
    iter=1509 E=-2.1055340707 nfev=1512 t=1367.5s remaining=491
    iter=1510 E=-2.1055350485 nfev=1513 t=1368.3s remaining=490
    iter=1511 E=-2.1055358965 nfev=1514 t=1369.2s remaining=489
    iter=1512 E=-2.1055364838 nfev=1515 t=1370.1s remaining=488
    iter=1513 E=-2.1055370127 nfev=1516 t=1371.1s remaining=487
    iter=1514 E=-2.1055373451 nfev=1517 t=1372.1s remaining=486
    iter=1515 E=-2.1055376227 nfev=1518 t=1372.9s remaining=485
    iter=1516 E=-2.1055378288 nfev=1519 t=1373.8s remaining=484
    iter=1517 E=-2.1055380224 nfev=1520 t=1374.6s remaining=483
    iter=1518 E=-2.1055382331 nfev=1521 t=1375.5s remaining=482
    iter=1519 E=-2.1055384480 nfev=1522 t=1376.3s remaining=481
    iter=1520 E=-2.1055387167 nfev=1523 t=1377.1s remaining=480
    iter=1521 E=-2.1055390574 nfev=1524 t=1378.0s remaining=479
    iter=1522 E=-2.1055394021 nfev=1525 t=1378.9s remaining=478
    iter=1523 E=-2.1055397658 nfev=1526 t=1379.7s remaining=477
    iter=1524 E=-2.1055401906 nfev=1527 t=1380.5s remaining=476
    iter=1525 E=-2.1055406552 nfev=1528 t=1381.3s remaining=475
    iter=1526 E=-2.1055411609 nfev=1529 t=1382.1s remaining=474
    iter=1527 E=-2.1055417499 nfev=1530 t=1382.9s remaining=473
    iter=1528 E=-2.1055424206 nfev=1531 t=1383.8s remaining=472
    iter=1529 E=-2.1055432628 nfev=1532 t=1384.6s remaining=471
    iter=1530 E=-2.1055440210 nfev=1533 t=1385.4s remaining=470
    iter=1531 E=-2.1055448487 nfev=1534 t=1386.2s remaining=469
    iter=1532 E=-2.1055456889 nfev=1535 t=1387.1s remaining=468
    iter=1533 E=-2.1055465036 nfev=1536 t=1387.9s remaining=467
    iter=1534 E=-2.1055474063 nfev=1537 t=1388.8s remaining=466
    iter=1535 E=-2.1055483294 nfev=1538 t=1389.6s remaining=465
    iter=1536 E=-2.1055491672 nfev=1539 t=1390.4s remaining=464
    iter=1537 E=-2.1055500482 nfev=1540 t=1391.3s remaining=463
    iter=1538 E=-2.1055508762 nfev=1541 t=1392.2s remaining=462
    iter=1539 E=-2.1055515871 nfev=1542 t=1393.2s remaining=461
    iter=1540 E=-2.1055521519 nfev=1543 t=1394.2s remaining=460
    iter=1541 E=-2.1055524875 nfev=1544 t=1395.3s remaining=459
    iter=1542 E=-2.1055527186 nfev=1545 t=1396.2s remaining=458
    iter=1543 E=-2.1055529156 nfev=1546 t=1397.1s remaining=457
    iter=1544 E=-2.1055530974 nfev=1547 t=1397.9s remaining=456
    iter=1545 E=-2.1055532812 nfev=1548 t=1399.0s remaining=455
    iter=1546 E=-2.1055534663 nfev=1549 t=1400.0s remaining=454
    iter=1547 E=-2.1055536603 nfev=1550 t=1400.9s remaining=453
    iter=1548 E=-2.1055538204 nfev=1551 t=1401.8s remaining=452
    iter=1549 E=-2.1055540116 nfev=1552 t=1402.6s remaining=451
    iter=1550 E=-2.1055542801 nfev=1553 t=1403.4s remaining=450
    iter=1551 E=-2.1055546567 nfev=1554 t=1404.2s remaining=449
    iter=1552 E=-2.1055551939 nfev=1555 t=1405.1s remaining=448
    iter=1553 E=-2.1055559238 nfev=1556 t=1405.9s remaining=447
    iter=1554 E=-2.1055566245 nfev=1557 t=1406.8s remaining=446
    iter=1555 E=-2.1055572889 nfev=1558 t=1407.6s remaining=445
    iter=1556 E=-2.1055579754 nfev=1559 t=1408.4s remaining=444
    iter=1557 E=-2.1055588186 nfev=1560 t=1409.2s remaining=443
    iter=1558 E=-2.1055597413 nfev=1561 t=1410.1s remaining=442
    iter=1559 E=-2.1055604962 nfev=1562 t=1410.9s remaining=441
    iter=1560 E=-2.1055609779 nfev=1563 t=1411.8s remaining=440
    iter=1561 E=-2.1055613322 nfev=1564 t=1412.6s remaining=439
    iter=1562 E=-2.1055616772 nfev=1565 t=1413.4s remaining=438
    iter=1563 E=-2.1055619819 nfev=1566 t=1414.2s remaining=437
    iter=1564 E=-2.1055623074 nfev=1567 t=1415.1s remaining=436
    iter=1565 E=-2.1055626594 nfev=1568 t=1415.9s remaining=435
    iter=1566 E=-2.1055630012 nfev=1569 t=1416.7s remaining=434
    iter=1567 E=-2.1055633327 nfev=1570 t=1417.6s remaining=433
    iter=1568 E=-2.1055636863 nfev=1571 t=1418.5s remaining=432
    iter=1569 E=-2.1055639551 nfev=1572 t=1419.3s remaining=431
    iter=1570 E=-2.1055641813 nfev=1573 t=1420.1s remaining=430
    iter=1571 E=-2.1055644202 nfev=1574 t=1421.1s remaining=429
    iter=1572 E=-2.1055646516 nfev=1575 t=1422.1s remaining=428
    iter=1573 E=-2.1055648983 nfev=1576 t=1423.1s remaining=427
    iter=1574 E=-2.1055651731 nfev=1577 t=1424.1s remaining=426
    iter=1575 E=-2.1055654657 nfev=1578 t=1425.1s remaining=425
    iter=1576 E=-2.1055658165 nfev=1579 t=1425.9s remaining=424
    iter=1577 E=-2.1055663063 nfev=1580 t=1426.8s remaining=423
    iter=1578 E=-2.1055669902 nfev=1581 t=1427.8s remaining=422
    iter=1579 E=-2.1055679247 nfev=1582 t=1428.6s remaining=421
    iter=1580 E=-2.1055691494 nfev=1583 t=1429.4s remaining=420
    iter=1581 E=-2.1055704083 nfev=1584 t=1430.2s remaining=419
    iter=1582 E=-2.1055711699 nfev=1585 t=1431.1s remaining=418
    iter=1583 E=-2.1055717322 nfev=1586 t=1432.0s remaining=417
    iter=1584 E=-2.1055722724 nfev=1587 t=1432.9s remaining=416
    iter=1585 E=-2.1055728607 nfev=1588 t=1433.9s remaining=415
    iter=1586 E=-2.1055734007 nfev=1589 t=1434.8s remaining=414
    iter=1587 E=-2.1055738784 nfev=1590 t=1435.6s remaining=413
    iter=1588 E=-2.1055743108 nfev=1591 t=1436.5s remaining=412
    iter=1589 E=-2.1055747057 nfev=1592 t=1437.4s remaining=411
    iter=1590 E=-2.1055750605 nfev=1593 t=1438.3s remaining=410
    iter=1591 E=-2.1055753965 nfev=1594 t=1439.2s remaining=409
    iter=1592 E=-2.1055756428 nfev=1595 t=1440.1s remaining=408
    iter=1593 E=-2.1055758810 nfev=1596 t=1441.0s remaining=407
    iter=1594 E=-2.1055761407 nfev=1597 t=1442.2s remaining=406
    iter=1595 E=-2.1055763723 nfev=1598 t=1443.0s remaining=405
    iter=1596 E=-2.1055766837 nfev=1599 t=1443.8s remaining=404
    iter=1597 E=-2.1055771177 nfev=1600 t=1444.6s remaining=403
    iter=1598 E=-2.1055776907 nfev=1601 t=1445.4s remaining=402
    iter=1599 E=-2.1055784260 nfev=1602 t=1446.3s remaining=401
    iter=1600 E=-2.1055794172 nfev=1603 t=1447.1s remaining=400
    iter=1601 E=-2.1055807661 nfev=1604 t=1447.9s remaining=399
    iter=1602 E=-2.1055822152 nfev=1605 t=1449.0s remaining=398
    iter=1603 E=-2.1055836310 nfev=1606 t=1450.0s remaining=397
    iter=1604 E=-2.1055848258 nfev=1607 t=1451.0s remaining=396
    iter=1605 E=-2.1055857093 nfev=1608 t=1452.0s remaining=395
    iter=1606 E=-2.1055865770 nfev=1609 t=1453.0s remaining=394
    iter=1607 E=-2.1055872195 nfev=1610 t=1454.1s remaining=393
    iter=1608 E=-2.1055876641 nfev=1611 t=1455.1s remaining=392
    iter=1609 E=-2.1055880004 nfev=1612 t=1456.0s remaining=391
    iter=1610 E=-2.1055882330 nfev=1613 t=1456.8s remaining=390
    iter=1611 E=-2.1055883986 nfev=1614 t=1457.6s remaining=389
    iter=1612 E=-2.1055885330 nfev=1615 t=1458.4s remaining=388
    iter=1613 E=-2.1055886871 nfev=1616 t=1459.2s remaining=387
    iter=1614 E=-2.1055888388 nfev=1617 t=1460.1s remaining=386
    iter=1615 E=-2.1055889847 nfev=1618 t=1460.9s remaining=385
    iter=1616 E=-2.1055891825 nfev=1619 t=1461.7s remaining=384
    iter=1617 E=-2.1055894098 nfev=1620 t=1462.7s remaining=383
    iter=1618 E=-2.1055896316 nfev=1621 t=1463.6s remaining=382
    iter=1619 E=-2.1055899146 nfev=1622 t=1464.4s remaining=381
    iter=1620 E=-2.1055902350 nfev=1623 t=1465.2s remaining=380
    iter=1621 E=-2.1055905229 nfev=1624 t=1466.2s remaining=379
    iter=1622 E=-2.1055909196 nfev=1625 t=1467.2s remaining=378
    iter=1623 E=-2.1055913722 nfev=1626 t=1468.1s remaining=377
    iter=1624 E=-2.1055919043 nfev=1627 t=1468.9s remaining=376
    iter=1625 E=-2.1055925897 nfev=1628 t=1469.8s remaining=375
    iter=1626 E=-2.1055934396 nfev=1629 t=1470.6s remaining=374
    iter=1627 E=-2.1055945560 nfev=1630 t=1471.5s remaining=373
    iter=1628 E=-2.1055957799 nfev=1631 t=1472.4s remaining=372
    iter=1629 E=-2.1055966575 nfev=1632 t=1473.3s remaining=371
    iter=1630 E=-2.1055974029 nfev=1633 t=1474.2s remaining=370
    iter=1631 E=-2.1055979826 nfev=1634 t=1475.0s remaining=369
    iter=1632 E=-2.1055982708 nfev=1635 t=1475.8s remaining=368
    iter=1633 E=-2.1055984634 nfev=1636 t=1476.7s remaining=367
    iter=1634 E=-2.1055986687 nfev=1637 t=1478.0s remaining=366
    iter=1635 E=-2.1055989268 nfev=1638 t=1479.0s remaining=365
    iter=1636 E=-2.1055992828 nfev=1639 t=1480.1s remaining=364
    iter=1637 E=-2.1055995498 nfev=1640 t=1481.0s remaining=363
    iter=1638 E=-2.1055997882 nfev=1641 t=1481.9s remaining=362
    iter=1639 E=-2.1056000617 nfev=1642 t=1482.7s remaining=361
    iter=1640 E=-2.1056004100 nfev=1643 t=1483.7s remaining=360
    iter=1641 E=-2.1056007375 nfev=1644 t=1484.6s remaining=359
    iter=1642 E=-2.1056010703 nfev=1645 t=1485.5s remaining=358
    iter=1643 E=-2.1056014408 nfev=1646 t=1486.5s remaining=357
    iter=1644 E=-2.1056019133 nfev=1647 t=1487.4s remaining=356
    iter=1645 E=-2.1056024970 nfev=1648 t=1488.2s remaining=355
    iter=1646 E=-2.1056033090 nfev=1649 t=1489.1s remaining=354
    iter=1647 E=-2.1056041108 nfev=1650 t=1490.1s remaining=353
    iter=1648 E=-2.1056049637 nfev=1651 t=1491.1s remaining=352
    iter=1649 E=-2.1056060177 nfev=1652 t=1492.1s remaining=351
    iter=1650 E=-2.1056072755 nfev=1653 t=1493.1s remaining=350
    iter=1651 E=-2.1056083558 nfev=1654 t=1493.9s remaining=349
    iter=1652 E=-2.1056092827 nfev=1655 t=1494.7s remaining=348
    iter=1653 E=-2.1056099660 nfev=1656 t=1495.6s remaining=347
    iter=1654 E=-2.1056106604 nfev=1657 t=1496.5s remaining=346
    iter=1655 E=-2.1056113864 nfev=1658 t=1497.3s remaining=345
    iter=1656 E=-2.1056120966 nfev=1659 t=1498.2s remaining=344
    iter=1657 E=-2.1056126490 nfev=1660 t=1499.3s remaining=343
    iter=1658 E=-2.1056130323 nfev=1661 t=1500.3s remaining=342
    iter=1659 E=-2.1056133190 nfev=1662 t=1501.2s remaining=341
    iter=1660 E=-2.1056134815 nfev=1663 t=1502.1s remaining=340
    iter=1661 E=-2.1056135959 nfev=1664 t=1503.0s remaining=339
    iter=1662 E=-2.1056137031 nfev=1665 t=1503.9s remaining=338
    iter=1663 E=-2.1056138403 nfev=1666 t=1504.8s remaining=337
    iter=1664 E=-2.1056140454 nfev=1667 t=1505.6s remaining=336
    iter=1665 E=-2.1056143590 nfev=1668 t=1506.5s remaining=335
    iter=1666 E=-2.1056148332 nfev=1669 t=1507.4s remaining=334
    iter=1667 E=-2.1056154994 nfev=1670 t=1508.3s remaining=333
    iter=1668 E=-2.1056161896 nfev=1671 t=1509.2s remaining=332
    iter=1669 E=-2.1056168798 nfev=1672 t=1510.1s remaining=331
    iter=1670 E=-2.1056175021 nfev=1673 t=1511.0s remaining=330
    iter=1671 E=-2.1056180687 nfev=1674 t=1511.9s remaining=329
    iter=1672 E=-2.1056185814 nfev=1675 t=1512.8s remaining=328
    iter=1673 E=-2.1056191256 nfev=1676 t=1513.7s remaining=327
    iter=1674 E=-2.1056197307 nfev=1677 t=1514.6s remaining=326
    iter=1675 E=-2.1056204456 nfev=1678 t=1515.6s remaining=325
    iter=1676 E=-2.1056210956 nfev=1679 t=1516.4s remaining=324
    iter=1677 E=-2.1056218871 nfev=1680 t=1517.4s remaining=323
    iter=1678 E=-2.1056227752 nfev=1681 t=1518.4s remaining=322
    iter=1679 E=-2.1056236778 nfev=1682 t=1519.3s remaining=321
    iter=1680 E=-2.1056245991 nfev=1683 t=1520.2s remaining=320
    iter=1681 E=-2.1056253007 nfev=1684 t=1521.1s remaining=319
    iter=1682 E=-2.1056257466 nfev=1685 t=1521.9s remaining=318
    iter=1683 E=-2.1056261452 nfev=1686 t=1522.7s remaining=317
    iter=1684 E=-2.1056264904 nfev=1687 t=1523.6s remaining=316
    iter=1685 E=-2.1056267054 nfev=1688 t=1524.5s remaining=315
    iter=1686 E=-2.1056269267 nfev=1689 t=1525.5s remaining=314
    iter=1687 E=-2.1056272232 nfev=1690 t=1526.4s remaining=313
    iter=1688 E=-2.1056274738 nfev=1691 t=1527.2s remaining=312
    iter=1689 E=-2.1056277610 nfev=1692 t=1528.1s remaining=311
    iter=1690 E=-2.1056281236 nfev=1693 t=1528.9s remaining=310
    iter=1691 E=-2.1056286052 nfev=1694 t=1529.8s remaining=309
    iter=1692 E=-2.1056292999 nfev=1695 t=1530.6s remaining=308
    iter=1693 E=-2.1056302711 nfev=1696 t=1531.6s remaining=307
    iter=1694 E=-2.1056316335 nfev=1697 t=1532.6s remaining=306
    iter=1695 E=-2.1056331578 nfev=1698 t=1533.4s remaining=305
    iter=1696 E=-2.1056345145 nfev=1699 t=1534.4s remaining=304
    iter=1697 E=-2.1056354254 nfev=1700 t=1535.2s remaining=303
    iter=1698 E=-2.1056363182 nfev=1701 t=1536.2s remaining=302
    iter=1699 E=-2.1056370768 nfev=1702 t=1537.3s remaining=301
    iter=1700 E=-2.1056377772 nfev=1703 t=1538.5s remaining=300
    iter=1701 E=-2.1056385299 nfev=1704 t=1539.5s remaining=299
    iter=1702 E=-2.1056393038 nfev=1705 t=1540.4s remaining=298
    iter=1703 E=-2.1056402020 nfev=1706 t=1541.3s remaining=297
    iter=1704 E=-2.1056408887 nfev=1707 t=1542.2s remaining=296
    iter=1705 E=-2.1056414137 nfev=1708 t=1543.1s remaining=295
    iter=1706 E=-2.1056417880 nfev=1709 t=1543.9s remaining=294
    iter=1707 E=-2.1056421052 nfev=1710 t=1544.8s remaining=293
    iter=1708 E=-2.1056423236 nfev=1711 t=1545.7s remaining=292
    iter=1709 E=-2.1056425467 nfev=1712 t=1546.5s remaining=291
    iter=1710 E=-2.1056427449 nfev=1713 t=1547.3s remaining=290
    iter=1711 E=-2.1056429369 nfev=1714 t=1548.2s remaining=289
    iter=1712 E=-2.1056432194 nfev=1715 t=1549.0s remaining=288
    iter=1713 E=-2.1056436121 nfev=1716 t=1549.8s remaining=287
    iter=1714 E=-2.1056440465 nfev=1717 t=1550.6s remaining=286
    iter=1715 E=-2.1056445372 nfev=1718 t=1551.5s remaining=285
    iter=1716 E=-2.1056451152 nfev=1719 t=1552.3s remaining=284
    iter=1717 E=-2.1056457395 nfev=1720 t=1553.1s remaining=283
    iter=1718 E=-2.1056463601 nfev=1721 t=1554.0s remaining=282
    iter=1719 E=-2.1056471328 nfev=1722 t=1554.8s remaining=281
    iter=1720 E=-2.1056479567 nfev=1723 t=1555.7s remaining=280
    iter=1721 E=-2.1056488402 nfev=1724 t=1556.5s remaining=279
    iter=1722 E=-2.1056498000 nfev=1725 t=1557.4s remaining=278
    iter=1723 E=-2.1056510031 nfev=1726 t=1558.2s remaining=277
    iter=1724 E=-2.1056522419 nfev=1727 t=1559.0s remaining=276
    iter=1725 E=-2.1056534572 nfev=1728 t=1559.8s remaining=275
    iter=1726 E=-2.1056543939 nfev=1729 t=1560.6s remaining=274
    iter=1727 E=-2.1056552906 nfev=1730 t=1561.4s remaining=273
    iter=1728 E=-2.1056559613 nfev=1731 t=1562.2s remaining=272
    iter=1729 E=-2.1056567811 nfev=1732 t=1563.0s remaining=271
    iter=1730 E=-2.1056578692 nfev=1733 t=1563.9s remaining=270
    iter=1731 E=-2.1056588244 nfev=1734 t=1564.6s remaining=269
    iter=1732 E=-2.1056592631 nfev=1735 t=1565.4s remaining=268
    iter=1733 E=-2.1056598445 nfev=1736 t=1566.4s remaining=267
    iter=1734 E=-2.1056603172 nfev=1737 t=1567.2s remaining=266
    iter=1735 E=-2.1056606883 nfev=1738 t=1568.1s remaining=265
    iter=1736 E=-2.1056610161 nfev=1739 t=1568.9s remaining=264
    iter=1737 E=-2.1056612474 nfev=1740 t=1569.8s remaining=263
    iter=1738 E=-2.1056614886 nfev=1741 t=1570.7s remaining=262
    iter=1739 E=-2.1056616914 nfev=1742 t=1571.5s remaining=261
    iter=1740 E=-2.1056619463 nfev=1743 t=1572.4s remaining=260
    iter=1741 E=-2.1056622361 nfev=1744 t=1573.3s remaining=259
    iter=1742 E=-2.1056624552 nfev=1745 t=1574.3s remaining=258
    iter=1743 E=-2.1056627080 nfev=1746 t=1575.0s remaining=257
    iter=1744 E=-2.1056630793 nfev=1747 t=1575.8s remaining=256
    iter=1745 E=-2.1056635506 nfev=1748 t=1576.6s remaining=255
    iter=1746 E=-2.1056639850 nfev=1749 t=1577.4s remaining=254
    iter=1747 E=-2.1056646208 nfev=1750 t=1578.2s remaining=253
    iter=1748 E=-2.1056654086 nfev=1751 t=1579.1s remaining=252
    iter=1749 E=-2.1056661858 nfev=1752 t=1580.0s remaining=251
    iter=1750 E=-2.1056671530 nfev=1753 t=1580.8s remaining=250
    iter=1751 E=-2.1056682070 nfev=1754 t=1581.6s remaining=249
    iter=1752 E=-2.1056688709 nfev=1755 t=1582.5s remaining=248
    iter=1753 E=-2.1056693874 nfev=1756 t=1583.3s remaining=247
    iter=1754 E=-2.1056699238 nfev=1757 t=1584.1s remaining=246
    iter=1755 E=-2.1056704788 nfev=1758 t=1585.0s remaining=245
    iter=1756 E=-2.1056712261 nfev=1759 t=1585.9s remaining=244
    iter=1757 E=-2.1056722470 nfev=1760 t=1586.7s remaining=243
    iter=1758 E=-2.1056732669 nfev=1761 t=1587.7s remaining=242
    iter=1759 E=-2.1056742731 nfev=1762 t=1588.5s remaining=241
    iter=1760 E=-2.1056753753 nfev=1763 t=1589.4s remaining=240
    iter=1761 E=-2.1056761796 nfev=1764 t=1590.3s remaining=239
    iter=1762 E=-2.1056766566 nfev=1765 t=1591.1s remaining=238
    iter=1763 E=-2.1056771895 nfev=1766 t=1592.0s remaining=237
    iter=1764 E=-2.1056776473 nfev=1767 t=1592.9s remaining=236
    iter=1765 E=-2.1056781199 nfev=1768 t=1593.7s remaining=235
    iter=1766 E=-2.1056786588 nfev=1769 t=1594.7s remaining=234
    iter=1767 E=-2.1056790887 nfev=1770 t=1595.5s remaining=233
    iter=1768 E=-2.1056795549 nfev=1771 t=1596.4s remaining=232
    iter=1769 E=-2.1056800403 nfev=1772 t=1597.4s remaining=231
    iter=1770 E=-2.1056805439 nfev=1773 t=1598.4s remaining=230
    iter=1771 E=-2.1056810581 nfev=1774 t=1599.4s remaining=229
    iter=1772 E=-2.1056815130 nfev=1775 t=1600.2s remaining=228
    iter=1773 E=-2.1056818624 nfev=1776 t=1601.1s remaining=227
    iter=1774 E=-2.1056821743 nfev=1777 t=1602.0s remaining=226
    iter=1775 E=-2.1056825428 nfev=1778 t=1602.8s remaining=225
    iter=1776 E=-2.1056828669 nfev=1779 t=1603.7s remaining=224
    iter=1777 E=-2.1056831538 nfev=1780 t=1604.7s remaining=223
    iter=1778 E=-2.1056834415 nfev=1781 t=1605.6s remaining=222
    iter=1779 E=-2.1056837856 nfev=1782 t=1606.6s remaining=221
    iter=1780 E=-2.1056841377 nfev=1783 t=1607.6s remaining=220
    iter=1781 E=-2.1056844757 nfev=1784 t=1608.7s remaining=219
    iter=1782 E=-2.1056848011 nfev=1785 t=1609.7s remaining=218
    iter=1783 E=-2.1056852762 nfev=1786 t=1610.6s remaining=217
    iter=1784 E=-2.1056859512 nfev=1787 t=1611.5s remaining=216
    iter=1785 E=-2.1056867652 nfev=1788 t=1612.3s remaining=215
    iter=1786 E=-2.1056875926 nfev=1789 t=1613.2s remaining=214
    iter=1787 E=-2.1056882474 nfev=1790 t=1614.1s remaining=213
    iter=1788 E=-2.1056890104 nfev=1791 t=1615.1s remaining=212
    iter=1789 E=-2.1056897190 nfev=1792 t=1616.0s remaining=211
    iter=1790 E=-2.1056905738 nfev=1793 t=1616.9s remaining=210
    iter=1791 E=-2.1056916883 nfev=1794 t=1617.7s remaining=209
    iter=1792 E=-2.1056926689 nfev=1795 t=1618.6s remaining=208
    iter=1793 E=-2.1056935246 nfev=1796 t=1619.4s remaining=207
    iter=1794 E=-2.1056943145 nfev=1797 t=1620.3s remaining=206
    iter=1795 E=-2.1056949926 nfev=1798 t=1621.1s remaining=205
    iter=1796 E=-2.1056957282 nfev=1799 t=1621.9s remaining=204
    iter=1797 E=-2.1056965723 nfev=1800 t=1622.8s remaining=203
    iter=1798 E=-2.1056974213 nfev=1801 t=1623.6s remaining=202
    iter=1799 E=-2.1056981956 nfev=1802 t=1624.4s remaining=201
    iter=1800 E=-2.1056989113 nfev=1803 t=1625.3s remaining=200
    iter=1801 E=-2.1056995774 nfev=1804 t=1626.2s remaining=199
    iter=1802 E=-2.1057002317 nfev=1805 t=1627.1s remaining=198
    iter=1803 E=-2.1057006538 nfev=1806 t=1627.9s remaining=197
    iter=1804 E=-2.1057010521 nfev=1807 t=1628.8s remaining=196
    iter=1805 E=-2.1057013439 nfev=1808 t=1629.6s remaining=195
    iter=1806 E=-2.1057015257 nfev=1809 t=1630.4s remaining=194
    iter=1807 E=-2.1057016490 nfev=1810 t=1631.2s remaining=193
    iter=1808 E=-2.1057017660 nfev=1811 t=1632.1s remaining=192
    iter=1809 E=-2.1057019152 nfev=1812 t=1633.1s remaining=191
    iter=1810 E=-2.1057021062 nfev=1813 t=1634.1s remaining=190
    iter=1811 E=-2.1057023899 nfev=1814 t=1635.2s remaining=189
    iter=1812 E=-2.1057027985 nfev=1815 t=1636.3s remaining=188
    iter=1813 E=-2.1057032408 nfev=1816 t=1637.3s remaining=187
    iter=1814 E=-2.1057036180 nfev=1817 t=1638.1s remaining=186
    iter=1815 E=-2.1057039415 nfev=1818 t=1639.0s remaining=185
    iter=1816 E=-2.1057042218 nfev=1819 t=1640.0s remaining=184
    iter=1817 E=-2.1057045280 nfev=1820 t=1640.9s remaining=183
    iter=1818 E=-2.1057049117 nfev=1821 t=1641.7s remaining=182
    iter=1819 E=-2.1057054262 nfev=1822 t=1642.7s remaining=181
    iter=1820 E=-2.1057060168 nfev=1823 t=1643.6s remaining=180
    iter=1821 E=-2.1057067530 nfev=1824 t=1644.5s remaining=179
    iter=1822 E=-2.1057075923 nfev=1825 t=1645.5s remaining=178
    iter=1823 E=-2.1057082335 nfev=1826 t=1646.3s remaining=177
    iter=1824 E=-2.1057087391 nfev=1827 t=1647.2s remaining=176
    iter=1825 E=-2.1057092651 nfev=1828 t=1648.1s remaining=175
    iter=1826 E=-2.1057098055 nfev=1829 t=1649.0s remaining=174
    iter=1827 E=-2.1057102813 nfev=1830 t=1649.9s remaining=173
    iter=1828 E=-2.1057106278 nfev=1831 t=1650.9s remaining=172
    iter=1829 E=-2.1057109031 nfev=1832 t=1651.9s remaining=171
    iter=1830 E=-2.1057111059 nfev=1833 t=1652.7s remaining=170
    iter=1831 E=-2.1057113171 nfev=1834 t=1653.6s remaining=169
    iter=1832 E=-2.1057115546 nfev=1835 t=1654.4s remaining=168
    iter=1833 E=-2.1057117929 nfev=1836 t=1655.3s remaining=167
    iter=1834 E=-2.1057120363 nfev=1837 t=1656.1s remaining=166
    iter=1835 E=-2.1057122820 nfev=1838 t=1656.9s remaining=165
    iter=1836 E=-2.1057125673 nfev=1839 t=1657.7s remaining=164
    iter=1837 E=-2.1057127905 nfev=1840 t=1658.6s remaining=163
    iter=1838 E=-2.1057130939 nfev=1841 t=1659.4s remaining=162
    iter=1839 E=-2.1057134900 nfev=1842 t=1660.2s remaining=161
    iter=1840 E=-2.1057137780 nfev=1843 t=1661.1s remaining=160
    iter=1841 E=-2.1057140403 nfev=1844 t=1661.9s remaining=159
    iter=1842 E=-2.1057143244 nfev=1845 t=1662.8s remaining=158
    iter=1843 E=-2.1057147059 nfev=1846 t=1663.7s remaining=157
    iter=1844 E=-2.1057151980 nfev=1847 t=1664.5s remaining=156
    iter=1845 E=-2.1057159062 nfev=1848 t=1665.5s remaining=155
    iter=1846 E=-2.1057168959 nfev=1849 t=1666.6s remaining=154
    iter=1847 E=-2.1057180529 nfev=1850 t=1667.6s remaining=153
    iter=1848 E=-2.1057191951 nfev=1851 t=1668.5s remaining=152
    iter=1849 E=-2.1057202288 nfev=1852 t=1669.4s remaining=151
    iter=1850 E=-2.1057210744 nfev=1853 t=1670.2s remaining=150
    iter=1851 E=-2.1057215831 nfev=1854 t=1671.2s remaining=149
    iter=1852 E=-2.1057220063 nfev=1855 t=1672.0s remaining=148
    iter=1853 E=-2.1057224722 nfev=1856 t=1672.9s remaining=147
    iter=1854 E=-2.1057229271 nfev=1857 t=1673.9s remaining=146
    iter=1855 E=-2.1057232860 nfev=1858 t=1674.7s remaining=145
    iter=1856 E=-2.1057235322 nfev=1859 t=1675.6s remaining=144
    iter=1857 E=-2.1057237377 nfev=1860 t=1676.5s remaining=143
    iter=1858 E=-2.1057239633 nfev=1861 t=1677.6s remaining=142
    iter=1859 E=-2.1057241508 nfev=1862 t=1678.7s remaining=141
    iter=1860 E=-2.1057243728 nfev=1863 t=1679.7s remaining=140
    iter=1861 E=-2.1057245805 nfev=1864 t=1680.5s remaining=139
    iter=1862 E=-2.1057247482 nfev=1865 t=1681.4s remaining=138
    iter=1863 E=-2.1057249879 nfev=1866 t=1682.3s remaining=137
    iter=1864 E=-2.1057252110 nfev=1867 t=1683.1s remaining=136
    iter=1865 E=-2.1057254451 nfev=1868 t=1683.9s remaining=135
    iter=1866 E=-2.1057258217 nfev=1869 t=1684.8s remaining=134
    iter=1867 E=-2.1057264066 nfev=1870 t=1685.6s remaining=133
    iter=1868 E=-2.1057271983 nfev=1871 t=1686.5s remaining=132
    iter=1869 E=-2.1057281042 nfev=1872 t=1687.4s remaining=131
    iter=1870 E=-2.1057292670 nfev=1873 t=1688.2s remaining=130
    iter=1871 E=-2.1057307232 nfev=1874 t=1689.1s remaining=129
    iter=1872 E=-2.1057322647 nfev=1875 t=1690.0s remaining=128
    iter=1873 E=-2.1057335667 nfev=1876 t=1690.9s remaining=127
    iter=1874 E=-2.1057350420 nfev=1877 t=1691.7s remaining=126
    iter=1875 E=-2.1057367336 nfev=1878 t=1692.6s remaining=125
    iter=1876 E=-2.1057379363 nfev=1879 t=1693.5s remaining=124
    iter=1877 E=-2.1057388194 nfev=1880 t=1694.3s remaining=123
    iter=1878 E=-2.1057395975 nfev=1881 t=1695.1s remaining=122
    iter=1879 E=-2.1057401099 nfev=1882 t=1696.0s remaining=121
    iter=1880 E=-2.1057406678 nfev=1883 t=1696.8s remaining=120
    iter=1881 E=-2.1057410097 nfev=1884 t=1697.6s remaining=119
    iter=1882 E=-2.1057413219 nfev=1885 t=1698.5s remaining=118
    iter=1883 E=-2.1057415951 nfev=1886 t=1699.4s remaining=117
    iter=1884 E=-2.1057418164 nfev=1887 t=1700.2s remaining=116
    iter=1885 E=-2.1057420564 nfev=1888 t=1701.1s remaining=115
    iter=1886 E=-2.1057422430 nfev=1889 t=1701.9s remaining=114
    iter=1887 E=-2.1057423994 nfev=1890 t=1702.9s remaining=113
    iter=1888 E=-2.1057426143 nfev=1891 t=1703.8s remaining=112
    iter=1889 E=-2.1057429154 nfev=1892 t=1704.7s remaining=111
    iter=1890 E=-2.1057432106 nfev=1893 t=1705.5s remaining=110
    iter=1891 E=-2.1057435732 nfev=1894 t=1706.6s remaining=109
    iter=1892 E=-2.1057440345 nfev=1895 t=1707.4s remaining=108
    iter=1893 E=-2.1057446118 nfev=1896 t=1708.3s remaining=107
    iter=1894 E=-2.1057449756 nfev=1897 t=1709.1s remaining=106
    iter=1895 E=-2.1057454269 nfev=1898 t=1710.0s remaining=105
    iter=1896 E=-2.1057458870 nfev=1899 t=1710.8s remaining=104
    iter=1897 E=-2.1057462548 nfev=1900 t=1711.7s remaining=103
    iter=1898 E=-2.1057466735 nfev=1901 t=1712.6s remaining=102
    iter=1899 E=-2.1057471071 nfev=1902 t=1713.4s remaining=101
    iter=1900 E=-2.1057477290 nfev=1903 t=1714.2s remaining=100
    iter=1901 E=-2.1057484652 nfev=1904 t=1715.1s remaining=99
    iter=1902 E=-2.1057490944 nfev=1905 t=1715.9s remaining=98
    iter=1903 E=-2.1057498661 nfev=1906 t=1716.8s remaining=97
    iter=1904 E=-2.1057506231 nfev=1907 t=1717.6s remaining=96
    iter=1905 E=-2.1057511308 nfev=1908 t=1718.5s remaining=95
    iter=1906 E=-2.1057515857 nfev=1909 t=1719.4s remaining=94
    iter=1907 E=-2.1057520336 nfev=1910 t=1720.4s remaining=93
    iter=1908 E=-2.1057523946 nfev=1911 t=1721.3s remaining=92
    iter=1909 E=-2.1057527553 nfev=1912 t=1722.3s remaining=91
    iter=1910 E=-2.1057530464 nfev=1913 t=1723.3s remaining=90
    iter=1911 E=-2.1057533505 nfev=1914 t=1724.3s remaining=89
    iter=1912 E=-2.1057537212 nfev=1915 t=1725.2s remaining=88
    iter=1913 E=-2.1057540793 nfev=1916 t=1726.2s remaining=87
    iter=1914 E=-2.1057543790 nfev=1917 t=1727.1s remaining=86
    iter=1915 E=-2.1057546867 nfev=1918 t=1728.0s remaining=85
    iter=1916 E=-2.1057549212 nfev=1919 t=1728.8s remaining=84
    iter=1917 E=-2.1057551210 nfev=1920 t=1729.7s remaining=83
    iter=1918 E=-2.1057553201 nfev=1921 t=1730.5s remaining=82
    iter=1919 E=-2.1057555067 nfev=1922 t=1731.4s remaining=81
    iter=1920 E=-2.1057556581 nfev=1923 t=1732.3s remaining=80
    iter=1921 E=-2.1057557989 nfev=1924 t=1733.3s remaining=79
    iter=1922 E=-2.1057559149 nfev=1925 t=1734.2s remaining=78
    iter=1923 E=-2.1057560228 nfev=1926 t=1735.2s remaining=77
    iter=1924 E=-2.1057561583 nfev=1927 t=1736.1s remaining=76
    iter=1925 E=-2.1057563065 nfev=1928 t=1737.0s remaining=75
    iter=1926 E=-2.1057564713 nfev=1929 t=1737.9s remaining=74
    iter=1927 E=-2.1057567064 nfev=1930 t=1738.8s remaining=73
    iter=1928 E=-2.1057570403 nfev=1931 t=1739.7s remaining=72
    iter=1929 E=-2.1057574440 nfev=1932 t=1740.5s remaining=71
    iter=1930 E=-2.1057580268 nfev=1933 t=1741.4s remaining=70
    iter=1931 E=-2.1057588649 nfev=1934 t=1742.3s remaining=69
    iter=1932 E=-2.1057599508 nfev=1935 t=1743.1s remaining=68
    iter=1933 E=-2.1057608800 nfev=1936 t=1744.0s remaining=67
    iter=1934 E=-2.1057618084 nfev=1937 t=1744.9s remaining=66
    iter=1935 E=-2.1057625104 nfev=1938 t=1745.7s remaining=65
    iter=1936 E=-2.1057630727 nfev=1939 t=1746.6s remaining=64
    iter=1937 E=-2.1057635184 nfev=1940 t=1747.5s remaining=63
    iter=1938 E=-2.1057638615 nfev=1941 t=1748.3s remaining=62
    iter=1939 E=-2.1057640881 nfev=1942 t=1749.2s remaining=61
    iter=1940 E=-2.1057642553 nfev=1943 t=1750.1s remaining=60
    iter=1941 E=-2.1057643969 nfev=1944 t=1750.9s remaining=59
    iter=1942 E=-2.1057645120 nfev=1945 t=1751.8s remaining=58
    iter=1943 E=-2.1057646355 nfev=1946 t=1752.9s remaining=57
    iter=1944 E=-2.1057647407 nfev=1947 t=1753.9s remaining=56
    iter=1945 E=-2.1057648677 nfev=1948 t=1754.7s remaining=55
    iter=1946 E=-2.1057649794 nfev=1949 t=1755.5s remaining=54
    iter=1947 E=-2.1057651399 nfev=1950 t=1756.4s remaining=53
    iter=1948 E=-2.1057653673 nfev=1951 t=1757.5s remaining=52
    iter=1949 E=-2.1057655643 nfev=1952 t=1758.4s remaining=51
    iter=1950 E=-2.1057657407 nfev=1953 t=1759.3s remaining=50
    iter=1951 E=-2.1057659529 nfev=1954 t=1760.2s remaining=49
    iter=1952 E=-2.1057661696 nfev=1955 t=1761.3s remaining=48
    iter=1953 E=-2.1057664593 nfev=1956 t=1762.4s remaining=47
    iter=1954 E=-2.1057668449 nfev=1957 t=1763.5s remaining=46
    iter=1955 E=-2.1057672395 nfev=1958 t=1764.7s remaining=45
    iter=1956 E=-2.1057676086 nfev=1959 t=1765.8s remaining=44
    iter=1957 E=-2.1057681098 nfev=1960 t=1766.9s remaining=43
    iter=1958 E=-2.1057687280 nfev=1961 t=1768.0s remaining=42
    iter=1959 E=-2.1057694238 nfev=1962 t=1769.1s remaining=41
    iter=1960 E=-2.1057701790 nfev=1963 t=1770.2s remaining=40
    iter=1961 E=-2.1057710520 nfev=1964 t=1771.3s remaining=39
    iter=1962 E=-2.1057717818 nfev=1965 t=1772.4s remaining=38
    iter=1963 E=-2.1057723711 nfev=1966 t=1773.5s remaining=37
    iter=1964 E=-2.1057727262 nfev=1967 t=1774.7s remaining=36
    iter=1965 E=-2.1057730124 nfev=1968 t=1775.8s remaining=35
    iter=1966 E=-2.1057732547 nfev=1969 t=1776.9s remaining=34
    iter=1967 E=-2.1057734662 nfev=1970 t=1778.0s remaining=33
    iter=1968 E=-2.1057735698 nfev=1971 t=1779.1s remaining=32
    iter=1969 E=-2.1057736695 nfev=1972 t=1780.2s remaining=31
    iter=1970 E=-2.1057737709 nfev=1973 t=1781.3s remaining=30
    iter=1971 E=-2.1057738870 nfev=1974 t=1782.4s remaining=29
    iter=1972 E=-2.1057740370 nfev=1975 t=1783.6s remaining=28
    iter=1973 E=-2.1057741800 nfev=1976 t=1784.6s remaining=27
    iter=1974 E=-2.1057743332 nfev=1977 t=1785.6s remaining=26
    iter=1975 E=-2.1057745544 nfev=1978 t=1786.5s remaining=25
    iter=1976 E=-2.1057748425 nfev=1979 t=1787.4s remaining=24
    iter=1977 E=-2.1057752061 nfev=1980 t=1788.3s remaining=23
    iter=1978 E=-2.1057757430 nfev=1981 t=1789.1s remaining=22
    iter=1979 E=-2.1057764779 nfev=1982 t=1790.0s remaining=21
    iter=1980 E=-2.1057773544 nfev=1983 t=1790.9s remaining=20
    iter=1981 E=-2.1057784541 nfev=1984 t=1791.8s remaining=19
    iter=1982 E=-2.1057798384 nfev=1985 t=1792.7s remaining=18
    iter=1983 E=-2.1057810101 nfev=1986 t=1793.5s remaining=17
    iter=1984 E=-2.1057818472 nfev=1987 t=1794.4s remaining=16
    iter=1985 E=-2.1057824572 nfev=1988 t=1795.4s remaining=15
    iter=1986 E=-2.1057828654 nfev=1989 t=1796.2s remaining=14
    iter=1987 E=-2.1057830787 nfev=1990 t=1797.1s remaining=13
    iter=1988 E=-2.1057832650 nfev=1991 t=1798.0s remaining=12
    iter=1989 E=-2.1057833973 nfev=1992 t=1798.9s remaining=11
    iter=1990 E=-2.1057835593 nfev=1993 t=1800.3s remaining=10
    iter=1991 E=-2.1057836996 nfev=1994 t=1801.5s remaining=9
    iter=1992 E=-2.1057838193 nfev=1995 t=1802.4s remaining=8
    iter=1993 E=-2.1057839511 nfev=1996 t=1803.3s remaining=7
    iter=1994 E=-2.1057840931 nfev=1997 t=1804.2s remaining=6
    iter=1995 E=-2.1057842799 nfev=1998 t=1805.2s remaining=5
    iter=1996 E=-2.1057844852 nfev=1999 t=1806.2s remaining=4
    iter=1997 E=-2.1057847566 nfev=2000 t=1807.1s remaining=3
    iter=1998 E=-2.1057851013 nfev=2001 t=1807.9s remaining=2
    iter=1999 E=-2.1057854999 nfev=2002 t=1808.8s remaining=1
    iter=2000 E=-2.1057860256 nfev=2003 t=1809.6s remaining=0
    iter=2000 E=-2.1057860256 nfev=2003 t=1809.6s remaining=0
    seed=0 E=-2.1057860256 dE=+1.211e-03 nit=2000 ok=False t=1809.6s
  r=0.70  L=7   npar=302   E=-2.1057860256  |E-FCI|=1.211e-03  FCI=no   chem=yes

=== summary (best seed per layer) ===
  bond   L ansatz                 npar              E     |E-FCI|  FCI? chem?
  0.70   7 (ECD+SNAP)^7 + ECD      302  -2.1057860256   1.211e-03    no   yes

wrote data/results/h4_hybrid_L7_nobs_r0070.json
