self-check ok (nfock=4, use_bs=False, worst FD rel err 0.00e+00)
per-iter log: data/results/h4_hybrid_L6_nobs_r0070_iters.jsonl
live snapshot: data/results/h4_hybrid_L6_nobs_r0070_live.json

=== build H4 JWT Hamiltonian at R=0.70 Å ===
=== r=0.70 Å   FCI(pyscf)=-2.1069969151  eig=-2.1069969151  paper_fci=-2.10699692  paper_SNAP_D20=-2.1069969178094183 ===
-- r=0.70  (ECD+SNAP)^6 + ECD   npar=260 --
    iter=1 E=0.8724827235 nfev=2 t=1.6s remaining=1999
    iter=2 E=0.7456982098 nfev=3 t=2.3s remaining=1998
    iter=3 E=0.5686181467 nfev=4 t=3.1s remaining=1997
    iter=4 E=0.3428085953 nfev=5 t=3.7s remaining=1996
    iter=5 E=0.2211958188 nfev=7 t=5.0s remaining=1995
    iter=6 E=0.0686846192 nfev=8 t=6.0s remaining=1994
    iter=7 E=0.0581895546 nfev=9 t=6.7s remaining=1993
    iter=8 E=0.0381191648 nfev=10 t=7.3s remaining=1992
    iter=9 E=0.0021630758 nfev=11 t=8.0s remaining=1991
    iter=10 E=-0.2130147925 nfev=13 t=9.3s remaining=1990
    iter=11 E=-0.2831941883 nfev=15 t=10.8s remaining=1989
    iter=12 E=-0.3661950893 nfev=16 t=11.7s remaining=1988
    iter=13 E=-0.4518503994 nfev=17 t=12.4s remaining=1987
    iter=14 E=-0.4935492254 nfev=18 t=13.2s remaining=1986
    iter=15 E=-0.5543595756 nfev=19 t=14.0s remaining=1985
    iter=16 E=-0.6416739887 nfev=20 t=14.8s remaining=1984
    iter=17 E=-0.7137987703 nfev=21 t=15.6s remaining=1983
    iter=18 E=-0.8003679578 nfev=22 t=16.4s remaining=1982
    iter=19 E=-0.9084645796 nfev=23 t=17.1s remaining=1981
    iter=20 E=-0.9561626119 nfev=24 t=17.8s remaining=1980
    iter=21 E=-1.0246074261 nfev=25 t=18.4s remaining=1979
    iter=22 E=-1.1184850892 nfev=26 t=19.1s remaining=1978
    iter=23 E=-1.2301411308 nfev=27 t=19.9s remaining=1977
    iter=24 E=-1.2867433998 nfev=28 t=20.7s remaining=1976
    iter=25 E=-1.3690445891 nfev=29 t=21.3s remaining=1975
    iter=26 E=-1.4475503424 nfev=30 t=22.0s remaining=1974
    iter=27 E=-1.4978996293 nfev=31 t=22.7s remaining=1973
    iter=28 E=-1.5576242898 nfev=32 t=23.5s remaining=1972
    iter=29 E=-1.6299721021 nfev=33 t=24.1s remaining=1971
    iter=30 E=-1.6942070365 nfev=34 t=24.9s remaining=1970
    iter=31 E=-1.7262075172 nfev=35 t=25.6s remaining=1969
    iter=32 E=-1.7707028312 nfev=36 t=26.2s remaining=1968
    iter=33 E=-1.8076115459 nfev=37 t=27.0s remaining=1967
    iter=34 E=-1.8394641982 nfev=38 t=27.7s remaining=1966
    iter=35 E=-1.8789580799 nfev=39 t=28.4s remaining=1965
    iter=36 E=-1.9006085679 nfev=41 t=29.9s remaining=1964
    iter=37 E=-1.9242528542 nfev=42 t=30.5s remaining=1963
    iter=38 E=-1.9499290256 nfev=43 t=31.3s remaining=1962
    iter=39 E=-1.9775560861 nfev=44 t=32.0s remaining=1961
    iter=40 E=-2.0104625988 nfev=45 t=32.7s remaining=1960
    iter=41 E=-2.0240833099 nfev=47 t=34.0s remaining=1959
    iter=42 E=-2.0398010001 nfev=48 t=34.7s remaining=1958
    iter=43 E=-2.0481437008 nfev=50 t=36.3s remaining=1957
    iter=44 E=-2.0524084098 nfev=51 t=37.1s remaining=1956
    iter=45 E=-2.0581425236 nfev=52 t=37.8s remaining=1955
    iter=46 E=-2.0658791516 nfev=53 t=38.5s remaining=1954
    iter=47 E=-2.0735300762 nfev=54 t=39.2s remaining=1953
    iter=48 E=-2.0785989648 nfev=55 t=39.9s remaining=1952
    iter=49 E=-2.0832475033 nfev=56 t=40.6s remaining=1951
    iter=50 E=-2.0847380235 nfev=58 t=41.9s remaining=1950
    iter=51 E=-2.0859021071 nfev=59 t=42.6s remaining=1949
    iter=52 E=-2.0864987411 nfev=60 t=43.2s remaining=1948
    iter=53 E=-2.0872067012 nfev=61 t=43.9s remaining=1947
    iter=54 E=-2.0874884737 nfev=62 t=44.6s remaining=1946
    iter=55 E=-2.0877794322 nfev=63 t=45.2s remaining=1945
    iter=56 E=-2.0878750132 nfev=64 t=46.1s remaining=1944
    iter=57 E=-2.0879929751 nfev=65 t=46.7s remaining=1943
    iter=58 E=-2.0880386366 nfev=66 t=47.4s remaining=1942
    iter=59 E=-2.0880849106 nfev=67 t=48.1s remaining=1941
    iter=60 E=-2.0881101532 nfev=68 t=48.8s remaining=1940
    iter=61 E=-2.0881354665 nfev=69 t=49.6s remaining=1939
    iter=62 E=-2.0881734699 nfev=70 t=50.2s remaining=1938
    iter=63 E=-2.0882212159 nfev=71 t=50.9s remaining=1937
    iter=64 E=-2.0882676609 nfev=72 t=51.6s remaining=1936
    iter=65 E=-2.0883318197 nfev=73 t=52.4s remaining=1935
    iter=66 E=-2.0884301283 nfev=74 t=53.1s remaining=1934
    iter=67 E=-2.0885538485 nfev=75 t=53.8s remaining=1933
    iter=68 E=-2.0886523434 nfev=76 t=54.4s remaining=1932
    iter=69 E=-2.0887508931 nfev=77 t=55.1s remaining=1931
    iter=70 E=-2.0888478750 nfev=78 t=55.7s remaining=1930
    iter=71 E=-2.0889489811 nfev=79 t=56.4s remaining=1929
    iter=72 E=-2.0890893727 nfev=80 t=57.0s remaining=1928
    iter=73 E=-2.0892524165 nfev=81 t=57.7s remaining=1927
    iter=74 E=-2.0893964457 nfev=82 t=58.3s remaining=1926
    iter=75 E=-2.0895219311 nfev=83 t=58.9s remaining=1925
    iter=76 E=-2.0896093187 nfev=84 t=59.5s remaining=1924
    iter=77 E=-2.0896825409 nfev=85 t=60.2s remaining=1923
    iter=78 E=-2.0897664061 nfev=86 t=60.8s remaining=1922
    iter=79 E=-2.0898703971 nfev=87 t=61.5s remaining=1921
    iter=80 E=-2.0899804778 nfev=88 t=62.2s remaining=1920
    iter=81 E=-2.0901146450 nfev=89 t=62.9s remaining=1919
    iter=82 E=-2.0902442211 nfev=90 t=63.6s remaining=1918
    iter=83 E=-2.0903813975 nfev=91 t=64.3s remaining=1917
    iter=84 E=-2.0905476815 nfev=92 t=65.0s remaining=1916
    iter=85 E=-2.0906624268 nfev=93 t=65.6s remaining=1915
    iter=86 E=-2.0907512160 nfev=94 t=66.4s remaining=1914
    iter=87 E=-2.0908097562 nfev=95 t=67.1s remaining=1913
    iter=88 E=-2.0908604809 nfev=96 t=67.7s remaining=1912
    iter=89 E=-2.0909133752 nfev=97 t=68.5s remaining=1911
    iter=90 E=-2.0909824336 nfev=98 t=69.1s remaining=1910
    iter=91 E=-2.0910645955 nfev=99 t=69.7s remaining=1909
    iter=92 E=-2.0911470314 nfev=100 t=70.5s remaining=1908
    iter=93 E=-2.0912266520 nfev=101 t=71.2s remaining=1907
    iter=94 E=-2.0913056760 nfev=102 t=71.9s remaining=1906
    iter=95 E=-2.0913916624 nfev=103 t=72.5s remaining=1905
    iter=96 E=-2.0914791290 nfev=104 t=73.2s remaining=1904
    iter=97 E=-2.0915490016 nfev=105 t=73.9s remaining=1903
    iter=98 E=-2.0916019688 nfev=106 t=74.6s remaining=1902
    iter=99 E=-2.0916446408 nfev=107 t=75.3s remaining=1901
    iter=100 E=-2.0916893566 nfev=108 t=76.0s remaining=1900
    iter=101 E=-2.0917520876 nfev=109 t=76.6s remaining=1899
    iter=102 E=-2.0918093578 nfev=110 t=77.3s remaining=1898
    iter=103 E=-2.0918542816 nfev=111 t=78.0s remaining=1897
    iter=104 E=-2.0918929114 nfev=112 t=78.7s remaining=1896
    iter=105 E=-2.0919241759 nfev=113 t=79.4s remaining=1895
    iter=106 E=-2.0919510586 nfev=114 t=80.0s remaining=1894
    iter=107 E=-2.0919780248 nfev=115 t=80.6s remaining=1893
    iter=108 E=-2.0920136911 nfev=116 t=81.3s remaining=1892
    iter=109 E=-2.0920535494 nfev=117 t=82.0s remaining=1891
    iter=110 E=-2.0921003372 nfev=118 t=82.6s remaining=1890
    iter=111 E=-2.0921468050 nfev=119 t=83.3s remaining=1889
    iter=112 E=-2.0921985651 nfev=120 t=84.1s remaining=1888
    iter=113 E=-2.0922463220 nfev=121 t=84.8s remaining=1887
    iter=114 E=-2.0922926937 nfev=122 t=85.6s remaining=1886
    iter=115 E=-2.0923293851 nfev=123 t=86.2s remaining=1885
    iter=116 E=-2.0923678926 nfev=124 t=86.9s remaining=1884
    iter=117 E=-2.0924055532 nfev=125 t=87.5s remaining=1883
    iter=118 E=-2.0924503947 nfev=126 t=88.2s remaining=1882
    iter=119 E=-2.0924967648 nfev=127 t=88.9s remaining=1881
    iter=120 E=-2.0925465533 nfev=128 t=89.6s remaining=1880
    iter=121 E=-2.0926001365 nfev=129 t=90.2s remaining=1879
    iter=122 E=-2.0926666320 nfev=130 t=91.0s remaining=1878
    iter=123 E=-2.0927434479 nfev=131 t=91.7s remaining=1877
    iter=124 E=-2.0928490692 nfev=132 t=92.3s remaining=1876
    iter=125 E=-2.0929170642 nfev=133 t=93.0s remaining=1875
    iter=126 E=-2.0929607552 nfev=134 t=93.7s remaining=1874
    iter=127 E=-2.0930176294 nfev=135 t=94.4s remaining=1873
    iter=128 E=-2.0930803327 nfev=136 t=95.1s remaining=1872
    iter=129 E=-2.0931266911 nfev=137 t=95.8s remaining=1871
    iter=130 E=-2.0931799225 nfev=138 t=96.5s remaining=1870
    iter=131 E=-2.0932334018 nfev=139 t=97.2s remaining=1869
    iter=132 E=-2.0932642610 nfev=140 t=97.9s remaining=1868
    iter=133 E=-2.0933071354 nfev=141 t=98.6s remaining=1867
    iter=134 E=-2.0933631651 nfev=142 t=99.3s remaining=1866
    iter=135 E=-2.0934196513 nfev=143 t=100.1s remaining=1865
    iter=136 E=-2.0934777148 nfev=144 t=100.8s remaining=1864
    iter=137 E=-2.0935250090 nfev=145 t=101.5s remaining=1863
    iter=138 E=-2.0935632660 nfev=146 t=102.2s remaining=1862
    iter=139 E=-2.0936191101 nfev=147 t=102.9s remaining=1861
    iter=140 E=-2.0936950973 nfev=148 t=103.6s remaining=1860
    iter=141 E=-2.0937649589 nfev=149 t=104.3s remaining=1859
    iter=142 E=-2.0938053368 nfev=150 t=105.1s remaining=1858
    iter=143 E=-2.0938452898 nfev=151 t=105.8s remaining=1857
    iter=144 E=-2.0938771394 nfev=152 t=106.5s remaining=1856
    iter=145 E=-2.0939121305 nfev=153 t=107.2s remaining=1855
    iter=146 E=-2.0939574756 nfev=154 t=107.9s remaining=1854
    iter=147 E=-2.0940225922 nfev=155 t=108.6s remaining=1853
    iter=148 E=-2.0940857300 nfev=156 t=109.3s remaining=1852
    iter=149 E=-2.0941423893 nfev=157 t=109.9s remaining=1851
    iter=150 E=-2.0941923046 nfev=158 t=110.6s remaining=1850
    iter=151 E=-2.0942210456 nfev=159 t=111.3s remaining=1849
    iter=152 E=-2.0942454016 nfev=160 t=112.0s remaining=1848
    iter=153 E=-2.0942661217 nfev=161 t=112.8s remaining=1847
    iter=154 E=-2.0942939788 nfev=162 t=113.5s remaining=1846
    iter=155 E=-2.0943374568 nfev=163 t=114.2s remaining=1845
    iter=156 E=-2.0944007553 nfev=164 t=114.9s remaining=1844
    iter=157 E=-2.0944665398 nfev=165 t=115.6s remaining=1843
    iter=158 E=-2.0945335624 nfev=166 t=116.2s remaining=1842
    iter=159 E=-2.0946036953 nfev=167 t=116.9s remaining=1841
    iter=160 E=-2.0946760249 nfev=168 t=117.6s remaining=1840
    iter=161 E=-2.0947465070 nfev=169 t=118.2s remaining=1839
    iter=162 E=-2.0947987104 nfev=170 t=118.9s remaining=1838
    iter=163 E=-2.0948383047 nfev=171 t=119.6s remaining=1837
    iter=164 E=-2.0948622896 nfev=172 t=120.3s remaining=1836
    iter=165 E=-2.0948940973 nfev=173 t=121.0s remaining=1835
    iter=166 E=-2.0949236660 nfev=174 t=121.6s remaining=1834
    iter=167 E=-2.0949452870 nfev=175 t=122.3s remaining=1833
    iter=168 E=-2.0949757150 nfev=176 t=123.1s remaining=1832
    iter=169 E=-2.0950176335 nfev=177 t=124.0s remaining=1831
    iter=170 E=-2.0950631032 nfev=178 t=124.8s remaining=1830
    iter=171 E=-2.0951126324 nfev=179 t=125.5s remaining=1829
    iter=172 E=-2.0951764981 nfev=180 t=126.1s remaining=1828
    iter=173 E=-2.0952488577 nfev=181 t=126.8s remaining=1827
    iter=174 E=-2.0953101670 nfev=182 t=127.5s remaining=1826
    iter=175 E=-2.0953620376 nfev=183 t=128.1s remaining=1825
    iter=176 E=-2.0954034515 nfev=184 t=128.8s remaining=1824
    iter=177 E=-2.0954265925 nfev=185 t=129.5s remaining=1823
    iter=178 E=-2.0954492822 nfev=186 t=130.2s remaining=1822
    iter=179 E=-2.0954728030 nfev=187 t=130.9s remaining=1821
    iter=180 E=-2.0954934281 nfev=188 t=131.6s remaining=1820
    iter=181 E=-2.0955228237 nfev=189 t=132.3s remaining=1819
    iter=182 E=-2.0955602517 nfev=190 t=133.0s remaining=1818
    iter=183 E=-2.0956058878 nfev=191 t=133.6s remaining=1817
    iter=184 E=-2.0956702265 nfev=192 t=134.4s remaining=1816
    iter=185 E=-2.0957447623 nfev=193 t=135.1s remaining=1815
    iter=186 E=-2.0957886031 nfev=194 t=135.7s remaining=1814
    iter=187 E=-2.0958312146 nfev=195 t=136.4s remaining=1813
    iter=188 E=-2.0958754123 nfev=196 t=137.1s remaining=1812
    iter=189 E=-2.0959295747 nfev=197 t=137.8s remaining=1811
    iter=190 E=-2.0959903999 nfev=198 t=138.4s remaining=1810
    iter=191 E=-2.0960322900 nfev=199 t=139.1s remaining=1809
    iter=192 E=-2.0960836168 nfev=200 t=139.8s remaining=1808
    iter=193 E=-2.0961243066 nfev=201 t=140.7s remaining=1807
    iter=194 E=-2.0961560718 nfev=202 t=141.4s remaining=1806
    iter=195 E=-2.0961854110 nfev=203 t=142.0s remaining=1805
    iter=196 E=-2.0962318137 nfev=204 t=142.7s remaining=1804
    iter=197 E=-2.0962949993 nfev=205 t=143.5s remaining=1803
    iter=198 E=-2.0963321928 nfev=206 t=144.2s remaining=1802
    iter=199 E=-2.0963847919 nfev=207 t=144.9s remaining=1801
    iter=200 E=-2.0964336905 nfev=208 t=145.5s remaining=1800
    iter=201 E=-2.0964707742 nfev=209 t=146.2s remaining=1799
    iter=202 E=-2.0965068275 nfev=210 t=146.9s remaining=1798
    iter=203 E=-2.0965417108 nfev=211 t=147.6s remaining=1797
    iter=204 E=-2.0965705520 nfev=212 t=148.2s remaining=1796
    iter=205 E=-2.0965984508 nfev=213 t=148.9s remaining=1795
    iter=206 E=-2.0966270631 nfev=214 t=149.5s remaining=1794
    iter=207 E=-2.0966649448 nfev=215 t=150.2s remaining=1793
    iter=208 E=-2.0967160625 nfev=216 t=150.9s remaining=1792
    iter=209 E=-2.0967651270 nfev=217 t=151.6s remaining=1791
    iter=210 E=-2.0968099248 nfev=218 t=152.2s remaining=1790
    iter=211 E=-2.0968449182 nfev=219 t=153.0s remaining=1789
    iter=212 E=-2.0968707373 nfev=220 t=153.7s remaining=1788
    iter=213 E=-2.0968980802 nfev=221 t=154.5s remaining=1787
    iter=214 E=-2.0969299133 nfev=222 t=155.3s remaining=1786
    iter=215 E=-2.0969641076 nfev=223 t=156.3s remaining=1785
    iter=216 E=-2.0969995419 nfev=224 t=157.1s remaining=1784
    iter=217 E=-2.0970534184 nfev=225 t=157.9s remaining=1783
    iter=218 E=-2.0971270520 nfev=226 t=158.6s remaining=1782
    iter=219 E=-2.0971890329 nfev=227 t=159.3s remaining=1781
    iter=220 E=-2.0972484060 nfev=228 t=160.0s remaining=1780
    iter=221 E=-2.0972959751 nfev=229 t=160.6s remaining=1779
    iter=222 E=-2.0973295572 nfev=230 t=161.3s remaining=1778
    iter=223 E=-2.0973572752 nfev=231 t=162.0s remaining=1777
    iter=224 E=-2.0973915534 nfev=232 t=162.7s remaining=1776
    iter=225 E=-2.0974207995 nfev=233 t=163.5s remaining=1775
    iter=226 E=-2.0974575742 nfev=234 t=164.4s remaining=1774
    iter=227 E=-2.0975004480 nfev=235 t=165.2s remaining=1773
    iter=228 E=-2.0975351796 nfev=236 t=165.9s remaining=1772
    iter=229 E=-2.0975536912 nfev=237 t=166.5s remaining=1771
    iter=230 E=-2.0975743325 nfev=238 t=167.3s remaining=1770
    iter=231 E=-2.0975959668 nfev=239 t=168.3s remaining=1769
    iter=232 E=-2.0976234171 nfev=240 t=169.1s remaining=1768
    iter=233 E=-2.0976652538 nfev=241 t=170.4s remaining=1767
    iter=234 E=-2.0977158085 nfev=242 t=171.1s remaining=1766
    iter=235 E=-2.0977482297 nfev=243 t=172.1s remaining=1765
    iter=236 E=-2.0977832869 nfev=244 t=173.5s remaining=1764
    iter=237 E=-2.0978213491 nfev=245 t=174.6s remaining=1763
    iter=238 E=-2.0978551986 nfev=246 t=176.1s remaining=1762
    iter=239 E=-2.0978895669 nfev=247 t=177.0s remaining=1761
    iter=240 E=-2.0979132179 nfev=248 t=178.0s remaining=1760
    iter=241 E=-2.0979296523 nfev=249 t=179.0s remaining=1759
    iter=242 E=-2.0979461046 nfev=250 t=179.8s remaining=1758
    iter=243 E=-2.0979623722 nfev=251 t=180.5s remaining=1757
    iter=244 E=-2.0979835183 nfev=252 t=181.4s remaining=1756
    iter=245 E=-2.0980158566 nfev=253 t=182.3s remaining=1755
    iter=246 E=-2.0980634435 nfev=254 t=182.9s remaining=1754
    iter=247 E=-2.0981136449 nfev=255 t=183.8s remaining=1753
    iter=248 E=-2.0981474030 nfev=256 t=184.5s remaining=1752
    iter=249 E=-2.0981742877 nfev=257 t=185.1s remaining=1751
    iter=250 E=-2.0981970742 nfev=258 t=185.8s remaining=1750
    iter=251 E=-2.0982246310 nfev=259 t=186.5s remaining=1749
    iter=252 E=-2.0982395508 nfev=260 t=187.1s remaining=1748
    iter=253 E=-2.0982501347 nfev=261 t=187.8s remaining=1747
    iter=254 E=-2.0982580047 nfev=262 t=188.5s remaining=1746
    iter=255 E=-2.0982671580 nfev=263 t=189.2s remaining=1745
    iter=256 E=-2.0982771519 nfev=264 t=189.8s remaining=1744
    iter=257 E=-2.0982899197 nfev=265 t=190.5s remaining=1743
    iter=258 E=-2.0983060947 nfev=266 t=191.1s remaining=1742
    iter=259 E=-2.0983314925 nfev=267 t=191.8s remaining=1741
    iter=260 E=-2.0983703289 nfev=268 t=192.4s remaining=1740
    iter=261 E=-2.0984222114 nfev=269 t=193.1s remaining=1739
    iter=262 E=-2.0984727504 nfev=270 t=193.9s remaining=1738
    iter=263 E=-2.0985142802 nfev=271 t=194.8s remaining=1737
    iter=264 E=-2.0985415111 nfev=272 t=195.8s remaining=1736
    iter=265 E=-2.0985574946 nfev=273 t=196.5s remaining=1735
    iter=266 E=-2.0985668604 nfev=274 t=197.3s remaining=1734
    iter=267 E=-2.0985743239 nfev=275 t=198.3s remaining=1733
    iter=268 E=-2.0985832934 nfev=276 t=199.1s remaining=1732
    iter=269 E=-2.0985968611 nfev=277 t=199.8s remaining=1731
    iter=270 E=-2.0986144571 nfev=278 t=200.5s remaining=1730
    iter=271 E=-2.0986323826 nfev=279 t=201.2s remaining=1729
    iter=272 E=-2.0986566190 nfev=280 t=201.9s remaining=1728
    iter=273 E=-2.0986821050 nfev=281 t=202.6s remaining=1727
    iter=274 E=-2.0986957774 nfev=282 t=203.5s remaining=1726
    iter=275 E=-2.0987070782 nfev=283 t=204.2s remaining=1725
    iter=276 E=-2.0987169510 nfev=284 t=205.1s remaining=1724
    iter=277 E=-2.0987269766 nfev=285 t=205.7s remaining=1723
    iter=278 E=-2.0987409169 nfev=286 t=206.4s remaining=1722
    iter=279 E=-2.0987599218 nfev=287 t=207.3s remaining=1721
    iter=280 E=-2.0987824885 nfev=288 t=207.9s remaining=1720
    iter=281 E=-2.0988132425 nfev=289 t=208.6s remaining=1719
    iter=282 E=-2.0988493139 nfev=290 t=209.3s remaining=1718
    iter=283 E=-2.0988742266 nfev=291 t=209.9s remaining=1717
    iter=284 E=-2.0988961943 nfev=292 t=210.7s remaining=1716
    iter=285 E=-2.0989098995 nfev=293 t=211.5s remaining=1715
    iter=286 E=-2.0989218469 nfev=294 t=212.3s remaining=1714
    iter=287 E=-2.0989373729 nfev=295 t=213.0s remaining=1713
    iter=288 E=-2.0989531996 nfev=296 t=213.6s remaining=1712
    iter=289 E=-2.0989681366 nfev=297 t=214.3s remaining=1711
    iter=290 E=-2.0989837549 nfev=298 t=215.0s remaining=1710
    iter=291 E=-2.0990043809 nfev=299 t=215.7s remaining=1709
    iter=292 E=-2.0990284368 nfev=300 t=216.6s remaining=1708
    iter=293 E=-2.0990513102 nfev=301 t=217.2s remaining=1707
    iter=294 E=-2.0990678074 nfev=302 t=218.0s remaining=1706
    iter=295 E=-2.0990838558 nfev=303 t=218.7s remaining=1705
    iter=296 E=-2.0990961615 nfev=304 t=219.3s remaining=1704
    iter=297 E=-2.0991049932 nfev=305 t=220.0s remaining=1703
    iter=298 E=-2.0991122457 nfev=306 t=220.6s remaining=1702
    iter=299 E=-2.0991209346 nfev=307 t=221.3s remaining=1701
    iter=300 E=-2.0991301076 nfev=308 t=222.0s remaining=1700
    iter=301 E=-2.0991413661 nfev=309 t=222.7s remaining=1699
    iter=302 E=-2.0991557522 nfev=310 t=223.3s remaining=1698
    iter=303 E=-2.0991717380 nfev=311 t=224.0s remaining=1697
    iter=304 E=-2.0991892427 nfev=312 t=224.6s remaining=1696
    iter=305 E=-2.0992115888 nfev=313 t=225.3s remaining=1695
    iter=306 E=-2.0992353042 nfev=314 t=226.0s remaining=1694
    iter=307 E=-2.0992527522 nfev=315 t=226.6s remaining=1693
    iter=308 E=-2.0992659096 nfev=316 t=227.3s remaining=1692
    iter=309 E=-2.0992766293 nfev=317 t=228.0s remaining=1691
    iter=310 E=-2.0992875625 nfev=318 t=228.6s remaining=1690
    iter=311 E=-2.0993019786 nfev=319 t=229.4s remaining=1689
    iter=312 E=-2.0993227595 nfev=320 t=230.1s remaining=1688
    iter=313 E=-2.0993448384 nfev=321 t=230.7s remaining=1687
    iter=314 E=-2.0993567314 nfev=322 t=231.4s remaining=1686
    iter=315 E=-2.0993639897 nfev=323 t=232.0s remaining=1685
    iter=316 E=-2.0993693471 nfev=324 t=232.6s remaining=1684
    iter=317 E=-2.0993748084 nfev=325 t=233.2s remaining=1683
    iter=318 E=-2.0993824513 nfev=326 t=233.8s remaining=1682
    iter=319 E=-2.0993928146 nfev=327 t=234.5s remaining=1681
    iter=320 E=-2.0994047203 nfev=328 t=235.1s remaining=1680
    iter=321 E=-2.0994197549 nfev=329 t=235.8s remaining=1679
    iter=322 E=-2.0994378847 nfev=330 t=236.4s remaining=1678
    iter=323 E=-2.0994568133 nfev=331 t=237.1s remaining=1677
    iter=324 E=-2.0994687757 nfev=332 t=237.7s remaining=1676
    iter=325 E=-2.0994811137 nfev=333 t=238.3s remaining=1675
    iter=326 E=-2.0994934128 nfev=334 t=239.0s remaining=1674
    iter=327 E=-2.0995023881 nfev=335 t=239.6s remaining=1673
    iter=328 E=-2.0995119250 nfev=336 t=240.2s remaining=1672
    iter=329 E=-2.0995218008 nfev=337 t=240.9s remaining=1671
    iter=330 E=-2.0995295482 nfev=338 t=241.6s remaining=1670
    iter=331 E=-2.0995376751 nfev=339 t=242.2s remaining=1669
    iter=332 E=-2.0995469021 nfev=340 t=242.8s remaining=1668
    iter=333 E=-2.0995544899 nfev=341 t=243.4s remaining=1667
    iter=334 E=-2.0995652743 nfev=342 t=244.1s remaining=1666
    iter=335 E=-2.0995781515 nfev=343 t=244.8s remaining=1665
    iter=336 E=-2.0995902908 nfev=344 t=245.4s remaining=1664
    iter=337 E=-2.0996030182 nfev=345 t=246.1s remaining=1663
    iter=338 E=-2.0996148984 nfev=346 t=246.7s remaining=1662
    iter=339 E=-2.0996241525 nfev=347 t=247.4s remaining=1661
    iter=340 E=-2.0996321398 nfev=348 t=248.0s remaining=1660
    iter=341 E=-2.0996393585 nfev=349 t=248.7s remaining=1659
    iter=342 E=-2.0996453024 nfev=350 t=249.5s remaining=1658
    iter=343 E=-2.0996533398 nfev=351 t=250.4s remaining=1657
    iter=344 E=-2.0996629463 nfev=352 t=251.2s remaining=1656
    iter=345 E=-2.0996686659 nfev=353 t=252.1s remaining=1655
    iter=346 E=-2.0996747827 nfev=354 t=253.0s remaining=1654
    iter=347 E=-2.0996822636 nfev=355 t=254.0s remaining=1653
    iter=348 E=-2.0996891567 nfev=356 t=254.9s remaining=1652
    iter=349 E=-2.0996949221 nfev=357 t=255.8s remaining=1651
    iter=350 E=-2.0997002382 nfev=358 t=256.7s remaining=1650
    iter=351 E=-2.0997055784 nfev=359 t=257.6s remaining=1649
    iter=352 E=-2.0997108649 nfev=360 t=258.4s remaining=1648
    iter=353 E=-2.0997170780 nfev=361 t=259.3s remaining=1647
    iter=354 E=-2.0997247638 nfev=362 t=260.0s remaining=1646
    iter=355 E=-2.0997306120 nfev=363 t=260.6s remaining=1645
    iter=356 E=-2.0997362388 nfev=364 t=261.3s remaining=1644
    iter=357 E=-2.0997409675 nfev=365 t=261.9s remaining=1643
    iter=358 E=-2.0997444817 nfev=366 t=262.6s remaining=1642
    iter=359 E=-2.0997487324 nfev=367 t=263.2s remaining=1641
    iter=360 E=-2.0997543668 nfev=368 t=263.8s remaining=1640
    iter=361 E=-2.0997612802 nfev=369 t=264.5s remaining=1639
    iter=362 E=-2.0997691683 nfev=370 t=265.1s remaining=1638
    iter=363 E=-2.0997782506 nfev=371 t=265.8s remaining=1637
    iter=364 E=-2.0997912384 nfev=372 t=266.6s remaining=1636
    iter=365 E=-2.0998056644 nfev=373 t=267.2s remaining=1635
    iter=366 E=-2.0998143062 nfev=374 t=268.1s remaining=1634
    iter=367 E=-2.0998229647 nfev=375 t=268.8s remaining=1633
    iter=368 E=-2.0998269868 nfev=376 t=269.5s remaining=1632
    iter=369 E=-2.0998308965 nfev=377 t=270.2s remaining=1631
    iter=370 E=-2.0998340993 nfev=378 t=270.8s remaining=1630
    iter=371 E=-2.0998370671 nfev=379 t=271.5s remaining=1629
    iter=372 E=-2.0998401256 nfev=380 t=272.1s remaining=1628
    iter=373 E=-2.0998433067 nfev=381 t=272.7s remaining=1627
    iter=374 E=-2.0998476011 nfev=382 t=273.4s remaining=1626
    iter=375 E=-2.0998538602 nfev=383 t=274.0s remaining=1625
    iter=376 E=-2.0998596861 nfev=384 t=274.6s remaining=1624
    iter=377 E=-2.0998642682 nfev=385 t=275.3s remaining=1623
    iter=378 E=-2.0998705319 nfev=386 t=275.9s remaining=1622
    iter=379 E=-2.0998787121 nfev=387 t=276.5s remaining=1621
    iter=380 E=-2.0998863045 nfev=388 t=277.1s remaining=1620
    iter=381 E=-2.0998938073 nfev=389 t=277.8s remaining=1619
    iter=382 E=-2.0999022749 nfev=390 t=278.4s remaining=1618
    iter=383 E=-2.0999087809 nfev=391 t=279.1s remaining=1617
    iter=384 E=-2.0999135754 nfev=392 t=279.7s remaining=1616
    iter=385 E=-2.0999197218 nfev=393 t=280.4s remaining=1615
    iter=386 E=-2.0999258822 nfev=394 t=281.0s remaining=1614
    iter=387 E=-2.0999322087 nfev=395 t=281.6s remaining=1613
    iter=388 E=-2.0999416424 nfev=396 t=282.2s remaining=1612
    iter=389 E=-2.0999524449 nfev=397 t=282.8s remaining=1611
    iter=390 E=-2.0999575633 nfev=398 t=283.5s remaining=1610
    iter=391 E=-2.0999638308 nfev=399 t=284.2s remaining=1609
    iter=392 E=-2.0999716478 nfev=400 t=284.8s remaining=1608
    iter=393 E=-2.0999770106 nfev=401 t=285.4s remaining=1607
    iter=394 E=-2.0999821580 nfev=402 t=286.2s remaining=1606
    iter=395 E=-2.0999877423 nfev=403 t=286.8s remaining=1605
    iter=396 E=-2.0999927368 nfev=404 t=287.5s remaining=1604
    iter=397 E=-2.0999988415 nfev=405 t=288.1s remaining=1603
    iter=398 E=-2.1000075237 nfev=406 t=288.8s remaining=1602
    iter=399 E=-2.1000160396 nfev=407 t=289.4s remaining=1601
    iter=400 E=-2.1000260378 nfev=408 t=290.1s remaining=1600
    iter=401 E=-2.1000381244 nfev=409 t=290.9s remaining=1599
    iter=402 E=-2.1000471306 nfev=410 t=291.5s remaining=1598
    iter=403 E=-2.1000503353 nfev=411 t=292.2s remaining=1597
    iter=404 E=-2.1000543992 nfev=412 t=292.8s remaining=1596
    iter=405 E=-2.1000579707 nfev=413 t=293.4s remaining=1595
    iter=406 E=-2.1000609071 nfev=414 t=294.0s remaining=1594
    iter=407 E=-2.1000650272 nfev=415 t=294.7s remaining=1593
    iter=408 E=-2.1000706022 nfev=416 t=295.3s remaining=1592
    iter=409 E=-2.1000770785 nfev=417 t=296.0s remaining=1591
    iter=410 E=-2.1000830931 nfev=418 t=296.6s remaining=1590
    iter=411 E=-2.1000899332 nfev=419 t=297.3s remaining=1589
    iter=412 E=-2.1000969954 nfev=420 t=297.9s remaining=1588
    iter=413 E=-2.1001056899 nfev=421 t=298.5s remaining=1587
    iter=414 E=-2.1001136745 nfev=422 t=299.2s remaining=1586
    iter=415 E=-2.1001228252 nfev=423 t=299.8s remaining=1585
    iter=416 E=-2.1001334914 nfev=424 t=300.5s remaining=1584
    iter=417 E=-2.1001444496 nfev=425 t=301.1s remaining=1583
    iter=418 E=-2.1001550878 nfev=426 t=301.7s remaining=1582
    iter=419 E=-2.1001644053 nfev=427 t=302.6s remaining=1581
    iter=420 E=-2.1001716679 nfev=428 t=303.3s remaining=1580
    iter=421 E=-2.1001790509 nfev=429 t=304.0s remaining=1579
    iter=422 E=-2.1001857269 nfev=430 t=304.7s remaining=1578
    iter=423 E=-2.1001929079 nfev=431 t=305.4s remaining=1577
    iter=424 E=-2.1001983767 nfev=432 t=306.1s remaining=1576
    iter=425 E=-2.1002045404 nfev=433 t=307.0s remaining=1575
    iter=426 E=-2.1002107655 nfev=434 t=307.8s remaining=1574
    iter=427 E=-2.1002158012 nfev=435 t=308.5s remaining=1573
    iter=428 E=-2.1002217645 nfev=436 t=309.1s remaining=1572
    iter=429 E=-2.1002285142 nfev=437 t=309.7s remaining=1571
    iter=430 E=-2.1002356529 nfev=438 t=310.4s remaining=1570
    iter=431 E=-2.1002446619 nfev=439 t=311.1s remaining=1569
    iter=432 E=-2.1002549167 nfev=440 t=311.7s remaining=1568
    iter=433 E=-2.1002647457 nfev=441 t=312.3s remaining=1567
    iter=434 E=-2.1002717584 nfev=442 t=313.0s remaining=1566
    iter=435 E=-2.1002794085 nfev=443 t=313.7s remaining=1565
    iter=436 E=-2.1002853527 nfev=444 t=314.3s remaining=1564
    iter=437 E=-2.1002920928 nfev=445 t=315.0s remaining=1563
    iter=438 E=-2.1002992572 nfev=446 t=315.6s remaining=1562
    iter=439 E=-2.1003075933 nfev=447 t=316.2s remaining=1561
    iter=440 E=-2.1003187180 nfev=448 t=316.8s remaining=1560
    iter=441 E=-2.1003279096 nfev=449 t=317.5s remaining=1559
    iter=442 E=-2.1003320134 nfev=450 t=318.1s remaining=1558
    iter=443 E=-2.1003373513 nfev=451 t=318.8s remaining=1557
    iter=444 E=-2.1003443519 nfev=452 t=319.4s remaining=1556
    iter=445 E=-2.1003513344 nfev=453 t=320.0s remaining=1555
    iter=446 E=-2.1003584223 nfev=454 t=320.6s remaining=1554
    iter=447 E=-2.1003645883 nfev=455 t=321.3s remaining=1553
    iter=448 E=-2.1003705015 nfev=456 t=322.0s remaining=1552
    iter=449 E=-2.1003756128 nfev=457 t=322.7s remaining=1551
    iter=450 E=-2.1003826103 nfev=458 t=323.4s remaining=1550
    iter=451 E=-2.1003896365 nfev=459 t=324.0s remaining=1549
    iter=452 E=-2.1003975212 nfev=460 t=324.9s remaining=1548
    iter=453 E=-2.1004056380 nfev=461 t=325.8s remaining=1547
    iter=454 E=-2.1004134336 nfev=462 t=326.9s remaining=1546
    iter=455 E=-2.1004209372 nfev=463 t=327.6s remaining=1545
    iter=456 E=-2.1004269930 nfev=464 t=328.4s remaining=1544
    iter=457 E=-2.1004315748 nfev=465 t=329.1s remaining=1543
    iter=458 E=-2.1004352006 nfev=466 t=329.9s remaining=1542
    iter=459 E=-2.1004392322 nfev=467 t=330.6s remaining=1541
    iter=460 E=-2.1004430273 nfev=468 t=331.3s remaining=1540
    iter=461 E=-2.1004460436 nfev=469 t=332.0s remaining=1539
    iter=462 E=-2.1004500661 nfev=470 t=332.7s remaining=1538
    iter=463 E=-2.1004554597 nfev=471 t=333.4s remaining=1537
    iter=464 E=-2.1004617381 nfev=472 t=334.0s remaining=1536
    iter=465 E=-2.1004662964 nfev=473 t=334.7s remaining=1535
    iter=466 E=-2.1004698205 nfev=474 t=335.3s remaining=1534
    iter=467 E=-2.1004734140 nfev=475 t=335.9s remaining=1533
    iter=468 E=-2.1004768038 nfev=476 t=336.6s remaining=1532
    iter=469 E=-2.1004808195 nfev=477 t=337.2s remaining=1531
    iter=470 E=-2.1004854320 nfev=478 t=337.9s remaining=1530
    iter=471 E=-2.1004896812 nfev=479 t=338.5s remaining=1529
    iter=472 E=-2.1004936068 nfev=480 t=339.1s remaining=1528
    iter=473 E=-2.1004972598 nfev=481 t=339.8s remaining=1527
    iter=474 E=-2.1005019073 nfev=482 t=340.5s remaining=1526
    iter=475 E=-2.1005092268 nfev=483 t=341.2s remaining=1525
    iter=476 E=-2.1005204526 nfev=484 t=341.8s remaining=1524
    iter=477 E=-2.1005333424 nfev=485 t=342.5s remaining=1523
    iter=478 E=-2.1005403617 nfev=486 t=343.2s remaining=1522
    iter=479 E=-2.1005484362 nfev=487 t=343.8s remaining=1521
    iter=480 E=-2.1005579280 nfev=488 t=344.5s remaining=1520
    iter=481 E=-2.1005679070 nfev=489 t=345.2s remaining=1519
    iter=482 E=-2.1005767495 nfev=490 t=345.9s remaining=1518
    iter=483 E=-2.1005816663 nfev=491 t=346.5s remaining=1517
    iter=484 E=-2.1005863693 nfev=492 t=347.3s remaining=1516
    iter=485 E=-2.1005893640 nfev=493 t=348.0s remaining=1515
    iter=486 E=-2.1005924869 nfev=494 t=348.7s remaining=1514
    iter=487 E=-2.1005959963 nfev=495 t=349.3s remaining=1513
    iter=488 E=-2.1005996133 nfev=496 t=350.0s remaining=1512
    iter=489 E=-2.1006035638 nfev=497 t=350.6s remaining=1511
    iter=490 E=-2.1006087038 nfev=498 t=351.3s remaining=1510
    iter=491 E=-2.1006153479 nfev=499 t=351.9s remaining=1509
    iter=492 E=-2.1006236333 nfev=500 t=352.5s remaining=1508
    iter=493 E=-2.1006344508 nfev=501 t=353.1s remaining=1507
    iter=494 E=-2.1006432440 nfev=502 t=353.8s remaining=1506
    iter=495 E=-2.1006516757 nfev=503 t=354.4s remaining=1505
    iter=496 E=-2.1006600943 nfev=504 t=355.1s remaining=1504
    iter=497 E=-2.1006683249 nfev=505 t=355.7s remaining=1503
    iter=498 E=-2.1006733441 nfev=506 t=356.4s remaining=1502
    iter=499 E=-2.1006778121 nfev=507 t=357.1s remaining=1501
    iter=500 E=-2.1006821786 nfev=508 t=357.8s remaining=1500
    iter=501 E=-2.1006869141 nfev=509 t=358.4s remaining=1499
    iter=502 E=-2.1006916865 nfev=510 t=359.2s remaining=1498
    iter=503 E=-2.1006961403 nfev=511 t=359.8s remaining=1497
    iter=504 E=-2.1007002014 nfev=512 t=360.5s remaining=1496
    iter=505 E=-2.1007051502 nfev=513 t=361.2s remaining=1495
    iter=506 E=-2.1007106177 nfev=514 t=361.8s remaining=1494
    iter=507 E=-2.1007177310 nfev=515 t=362.4s remaining=1493
    iter=508 E=-2.1007264284 nfev=516 t=363.0s remaining=1492
    iter=509 E=-2.1007354381 nfev=517 t=363.7s remaining=1491
    iter=510 E=-2.1007432058 nfev=518 t=364.3s remaining=1490
    iter=511 E=-2.1007505108 nfev=519 t=364.9s remaining=1489
    iter=512 E=-2.1007591278 nfev=520 t=365.6s remaining=1488
    iter=513 E=-2.1007695459 nfev=521 t=366.2s remaining=1487
    iter=514 E=-2.1007799657 nfev=522 t=366.8s remaining=1486
    iter=515 E=-2.1007884735 nfev=523 t=367.5s remaining=1485
    iter=516 E=-2.1007920963 nfev=524 t=368.1s remaining=1484
    iter=517 E=-2.1007964138 nfev=525 t=369.0s remaining=1483
    iter=518 E=-2.1007996756 nfev=526 t=369.8s remaining=1482
    iter=519 E=-2.1008025274 nfev=527 t=370.5s remaining=1481
    iter=520 E=-2.1008060307 nfev=528 t=371.1s remaining=1480
    iter=521 E=-2.1008101152 nfev=529 t=371.8s remaining=1479
    iter=522 E=-2.1008143827 nfev=530 t=372.4s remaining=1478
    iter=523 E=-2.1008200693 nfev=531 t=373.1s remaining=1477
    iter=524 E=-2.1008272236 nfev=532 t=373.7s remaining=1476
    iter=525 E=-2.1008349382 nfev=533 t=374.4s remaining=1475
    iter=526 E=-2.1008435365 nfev=534 t=375.0s remaining=1474
    iter=527 E=-2.1008548791 nfev=535 t=375.6s remaining=1473
    iter=528 E=-2.1008652708 nfev=536 t=376.3s remaining=1472
    iter=529 E=-2.1008746444 nfev=537 t=376.9s remaining=1471
    iter=530 E=-2.1008835070 nfev=538 t=377.6s remaining=1470
    iter=531 E=-2.1008905190 nfev=539 t=378.3s remaining=1469
    iter=532 E=-2.1008959059 nfev=540 t=378.9s remaining=1468
    iter=533 E=-2.1009020569 nfev=541 t=379.5s remaining=1467
    iter=534 E=-2.1009101361 nfev=542 t=380.2s remaining=1466
    iter=535 E=-2.1009216959 nfev=543 t=380.8s remaining=1465
    iter=536 E=-2.1009359142 nfev=544 t=381.5s remaining=1464
    iter=537 E=-2.1009495526 nfev=545 t=382.1s remaining=1463
    iter=538 E=-2.1009605623 nfev=546 t=382.8s remaining=1462
    iter=539 E=-2.1009705470 nfev=547 t=383.4s remaining=1461
    iter=540 E=-2.1009782714 nfev=548 t=384.1s remaining=1460
    iter=541 E=-2.1009844972 nfev=549 t=384.7s remaining=1459
    iter=542 E=-2.1009886507 nfev=550 t=385.3s remaining=1458
    iter=543 E=-2.1009908328 nfev=551 t=386.0s remaining=1457
    iter=544 E=-2.1009936849 nfev=552 t=386.6s remaining=1456
    iter=545 E=-2.1009969189 nfev=553 t=387.3s remaining=1455
    iter=546 E=-2.1010009498 nfev=554 t=387.9s remaining=1454
    iter=547 E=-2.1010070825 nfev=555 t=388.6s remaining=1453
    iter=548 E=-2.1010157631 nfev=556 t=389.2s remaining=1452
    iter=549 E=-2.1010256607 nfev=557 t=389.9s remaining=1451
    iter=550 E=-2.1010374854 nfev=558 t=390.5s remaining=1450
    iter=551 E=-2.1010501194 nfev=559 t=391.1s remaining=1449
    iter=552 E=-2.1010657385 nfev=560 t=391.8s remaining=1448
    iter=553 E=-2.1010779897 nfev=561 t=392.7s remaining=1447
    iter=554 E=-2.1010869929 nfev=562 t=393.8s remaining=1446
    iter=555 E=-2.1010916984 nfev=563 t=394.7s remaining=1445
    iter=556 E=-2.1010969059 nfev=564 t=395.3s remaining=1444
    iter=557 E=-2.1011001446 nfev=565 t=396.0s remaining=1443
    iter=558 E=-2.1011038434 nfev=566 t=396.6s remaining=1442
    iter=559 E=-2.1011084102 nfev=567 t=397.3s remaining=1441
    iter=560 E=-2.1011138197 nfev=568 t=398.1s remaining=1440
    iter=561 E=-2.1011207267 nfev=569 t=398.7s remaining=1439
    iter=562 E=-2.1011279679 nfev=570 t=399.4s remaining=1438
    iter=563 E=-2.1011327158 nfev=571 t=400.0s remaining=1437
    iter=564 E=-2.1011386681 nfev=572 t=400.6s remaining=1436
    iter=565 E=-2.1011435748 nfev=573 t=401.3s remaining=1435
    iter=566 E=-2.1011487746 nfev=574 t=401.9s remaining=1434
    iter=567 E=-2.1011541816 nfev=575 t=402.5s remaining=1433
    iter=568 E=-2.1011601020 nfev=576 t=403.2s remaining=1432
    iter=569 E=-2.1011656984 nfev=577 t=403.9s remaining=1431
    iter=570 E=-2.1011731730 nfev=578 t=404.6s remaining=1430
    iter=571 E=-2.1011811858 nfev=579 t=405.3s remaining=1429
    iter=572 E=-2.1011866258 nfev=580 t=406.0s remaining=1428
    iter=573 E=-2.1011918171 nfev=581 t=406.6s remaining=1427
    iter=574 E=-2.1011960105 nfev=582 t=407.5s remaining=1426
    iter=575 E=-2.1012002453 nfev=583 t=408.2s remaining=1425
    iter=576 E=-2.1012048229 nfev=584 t=409.0s remaining=1424
    iter=577 E=-2.1012105282 nfev=585 t=409.8s remaining=1423
    iter=578 E=-2.1012168576 nfev=586 t=410.7s remaining=1422
    iter=579 E=-2.1012227275 nfev=587 t=411.5s remaining=1421
    iter=580 E=-2.1012290863 nfev=588 t=412.4s remaining=1420
    iter=581 E=-2.1012346476 nfev=589 t=413.2s remaining=1419
    iter=582 E=-2.1012377491 nfev=590 t=414.0s remaining=1418
    iter=583 E=-2.1012412529 nfev=591 t=414.8s remaining=1417
    iter=584 E=-2.1012453463 nfev=592 t=415.5s remaining=1416
    iter=585 E=-2.1012497179 nfev=593 t=416.2s remaining=1415
    iter=586 E=-2.1012542962 nfev=594 t=416.8s remaining=1414
    iter=587 E=-2.1012588874 nfev=595 t=417.5s remaining=1413
    iter=588 E=-2.1012633794 nfev=596 t=418.1s remaining=1412
    iter=589 E=-2.1012687026 nfev=597 t=418.7s remaining=1411
    iter=590 E=-2.1012742850 nfev=598 t=419.4s remaining=1410
    iter=591 E=-2.1012790538 nfev=599 t=420.0s remaining=1409
    iter=592 E=-2.1012851144 nfev=600 t=420.6s remaining=1408
    iter=593 E=-2.1012942207 nfev=601 t=421.3s remaining=1407
    iter=594 E=-2.1013054417 nfev=602 t=421.9s remaining=1406
    iter=595 E=-2.1013148495 nfev=603 t=422.6s remaining=1405
    iter=596 E=-2.1013229811 nfev=604 t=423.2s remaining=1404
    iter=597 E=-2.1013311662 nfev=605 t=423.9s remaining=1403
    iter=598 E=-2.1013365192 nfev=606 t=424.5s remaining=1402
    iter=599 E=-2.1013412192 nfev=607 t=425.2s remaining=1401
    iter=600 E=-2.1013453097 nfev=608 t=425.9s remaining=1400
    iter=601 E=-2.1013483861 nfev=609 t=426.7s remaining=1399
    iter=602 E=-2.1013513503 nfev=610 t=427.6s remaining=1398
    iter=603 E=-2.1013557441 nfev=611 t=428.2s remaining=1397
    iter=604 E=-2.1013619315 nfev=612 t=428.9s remaining=1396
    iter=605 E=-2.1013682444 nfev=613 t=429.5s remaining=1395
    iter=606 E=-2.1013749577 nfev=614 t=430.2s remaining=1394
    iter=607 E=-2.1013836415 nfev=615 t=430.8s remaining=1393
    iter=608 E=-2.1013924441 nfev=616 t=431.5s remaining=1392
    iter=609 E=-2.1014006432 nfev=617 t=432.2s remaining=1391
    iter=610 E=-2.1014103626 nfev=618 t=432.9s remaining=1390
    iter=611 E=-2.1014193638 nfev=619 t=433.6s remaining=1389
    iter=612 E=-2.1014261703 nfev=620 t=434.3s remaining=1388
    iter=613 E=-2.1014333224 nfev=621 t=435.0s remaining=1387
    iter=614 E=-2.1014420296 nfev=622 t=435.6s remaining=1386
    iter=615 E=-2.1014480131 nfev=623 t=436.3s remaining=1385
    iter=616 E=-2.1014533528 nfev=624 t=436.9s remaining=1384
    iter=617 E=-2.1014595530 nfev=625 t=437.5s remaining=1383
    iter=618 E=-2.1014652178 nfev=626 t=438.2s remaining=1382
    iter=619 E=-2.1014705707 nfev=627 t=438.8s remaining=1381
    iter=620 E=-2.1014778603 nfev=628 t=439.4s remaining=1380
    iter=621 E=-2.1014869980 nfev=629 t=440.1s remaining=1379
    iter=622 E=-2.1014963052 nfev=630 t=440.8s remaining=1378
    iter=623 E=-2.1015058617 nfev=631 t=441.4s remaining=1377
    iter=624 E=-2.1015164429 nfev=632 t=442.1s remaining=1376
    iter=625 E=-2.1015247355 nfev=633 t=442.7s remaining=1375
    iter=626 E=-2.1015337010 nfev=634 t=443.4s remaining=1374
    iter=627 E=-2.1015403258 nfev=635 t=444.0s remaining=1373
    iter=628 E=-2.1015480729 nfev=636 t=444.7s remaining=1372
    iter=629 E=-2.1015574612 nfev=637 t=445.3s remaining=1371
    iter=630 E=-2.1015642750 nfev=638 t=445.9s remaining=1370
    iter=631 E=-2.1015689845 nfev=639 t=446.7s remaining=1369
    iter=632 E=-2.1015718707 nfev=640 t=447.5s remaining=1368
    iter=633 E=-2.1015757285 nfev=641 t=448.1s remaining=1367
    iter=634 E=-2.1015807739 nfev=642 t=448.7s remaining=1366
    iter=635 E=-2.1015866794 nfev=643 t=449.3s remaining=1365
    iter=636 E=-2.1015927953 nfev=644 t=450.0s remaining=1364
    iter=637 E=-2.1015989306 nfev=645 t=450.6s remaining=1363
    iter=638 E=-2.1016049483 nfev=646 t=451.3s remaining=1362
    iter=639 E=-2.1016106460 nfev=647 t=452.0s remaining=1361
    iter=640 E=-2.1016169796 nfev=648 t=452.7s remaining=1360
    iter=641 E=-2.1016242949 nfev=649 t=453.3s remaining=1359
    iter=642 E=-2.1016321352 nfev=650 t=453.9s remaining=1358
    iter=643 E=-2.1016408153 nfev=651 t=454.6s remaining=1357
    iter=644 E=-2.1016508927 nfev=652 t=455.3s remaining=1356
    iter=645 E=-2.1016572899 nfev=653 t=455.9s remaining=1355
    iter=646 E=-2.1016654547 nfev=654 t=456.5s remaining=1354
    iter=647 E=-2.1016743901 nfev=655 t=457.3s remaining=1353
    iter=648 E=-2.1016841754 nfev=656 t=458.0s remaining=1352
    iter=649 E=-2.1016952987 nfev=657 t=458.6s remaining=1351
    iter=650 E=-2.1017088074 nfev=658 t=459.3s remaining=1350
    iter=651 E=-2.1017246655 nfev=659 t=460.2s remaining=1349
    iter=652 E=-2.1017370900 nfev=660 t=461.2s remaining=1348
    iter=653 E=-2.1017492062 nfev=661 t=462.0s remaining=1347
    iter=654 E=-2.1017552817 nfev=662 t=462.6s remaining=1346
    iter=655 E=-2.1017622643 nfev=663 t=463.2s remaining=1345
    iter=656 E=-2.1017702362 nfev=664 t=463.9s remaining=1344
    iter=657 E=-2.1017769207 nfev=665 t=464.5s remaining=1343
    iter=658 E=-2.1017841017 nfev=666 t=465.2s remaining=1342
    iter=659 E=-2.1017897357 nfev=667 t=465.9s remaining=1341
    iter=660 E=-2.1017958396 nfev=668 t=466.5s remaining=1340
    iter=661 E=-2.1018020436 nfev=669 t=467.2s remaining=1339
    iter=662 E=-2.1018080416 nfev=670 t=467.8s remaining=1338
    iter=663 E=-2.1018156782 nfev=671 t=468.5s remaining=1337
    iter=664 E=-2.1018230396 nfev=672 t=469.1s remaining=1336
    iter=665 E=-2.1018296967 nfev=673 t=469.8s remaining=1335
    iter=666 E=-2.1018346872 nfev=674 t=470.5s remaining=1334
    iter=667 E=-2.1018389171 nfev=675 t=471.2s remaining=1333
    iter=668 E=-2.1018429471 nfev=676 t=471.8s remaining=1332
    iter=669 E=-2.1018482362 nfev=677 t=472.5s remaining=1331
    iter=670 E=-2.1018549342 nfev=678 t=473.2s remaining=1330
    iter=671 E=-2.1018610773 nfev=679 t=473.8s remaining=1329
    iter=672 E=-2.1018686182 nfev=680 t=474.4s remaining=1328
    iter=673 E=-2.1018779116 nfev=681 t=475.1s remaining=1327
    iter=674 E=-2.1018892388 nfev=682 t=475.8s remaining=1326
    iter=675 E=-2.1018974169 nfev=683 t=476.4s remaining=1325
    iter=676 E=-2.1019080580 nfev=684 t=477.0s remaining=1324
    iter=677 E=-2.1019166997 nfev=685 t=477.7s remaining=1323
    iter=678 E=-2.1019258254 nfev=686 t=478.4s remaining=1322
    iter=679 E=-2.1019334806 nfev=687 t=479.0s remaining=1321
    iter=680 E=-2.1019409849 nfev=688 t=479.6s remaining=1320
    iter=681 E=-2.1019464051 nfev=689 t=480.3s remaining=1319
    iter=682 E=-2.1019499922 nfev=690 t=481.0s remaining=1318
    iter=683 E=-2.1019529942 nfev=691 t=481.6s remaining=1317
    iter=684 E=-2.1019557315 nfev=692 t=482.3s remaining=1316
    iter=685 E=-2.1019589814 nfev=693 t=482.9s remaining=1315
    iter=686 E=-2.1019637675 nfev=694 t=483.6s remaining=1314
    iter=687 E=-2.1019701407 nfev=695 t=484.3s remaining=1313
    iter=688 E=-2.1019754658 nfev=696 t=484.9s remaining=1312
    iter=689 E=-2.1019824087 nfev=697 t=485.6s remaining=1311
    iter=690 E=-2.1019916482 nfev=698 t=486.2s remaining=1310
    iter=691 E=-2.1020034151 nfev=699 t=486.9s remaining=1309
    iter=692 E=-2.1020139267 nfev=700 t=487.5s remaining=1308
    iter=693 E=-2.1020228403 nfev=701 t=488.2s remaining=1307
    iter=694 E=-2.1020310687 nfev=702 t=488.8s remaining=1306
    iter=695 E=-2.1020387628 nfev=703 t=489.5s remaining=1305
    iter=696 E=-2.1020469911 nfev=704 t=490.2s remaining=1304
    iter=697 E=-2.1020556582 nfev=705 t=490.8s remaining=1303
    iter=698 E=-2.1020647217 nfev=706 t=491.4s remaining=1302
    iter=699 E=-2.1020695838 nfev=707 t=492.0s remaining=1301
    iter=700 E=-2.1020751661 nfev=708 t=492.7s remaining=1300
    iter=701 E=-2.1020781755 nfev=709 t=493.4s remaining=1299
    iter=702 E=-2.1020806961 nfev=710 t=494.0s remaining=1298
    iter=703 E=-2.1020826486 nfev=711 t=494.7s remaining=1297
    iter=704 E=-2.1020850769 nfev=712 t=495.3s remaining=1296
    iter=705 E=-2.1020878841 nfev=713 t=496.0s remaining=1295
    iter=706 E=-2.1020913135 nfev=714 t=496.6s remaining=1294
    iter=707 E=-2.1020961669 nfev=715 t=497.3s remaining=1293
    iter=708 E=-2.1021031209 nfev=716 t=497.9s remaining=1292
    iter=709 E=-2.1021121392 nfev=717 t=498.6s remaining=1291
    iter=710 E=-2.1021200222 nfev=718 t=499.2s remaining=1290
    iter=711 E=-2.1021275757 nfev=719 t=499.9s remaining=1289
    iter=712 E=-2.1021343907 nfev=720 t=500.6s remaining=1288
    iter=713 E=-2.1021404818 nfev=721 t=501.2s remaining=1287
    iter=714 E=-2.1021453769 nfev=722 t=501.9s remaining=1286
    iter=715 E=-2.1021507071 nfev=723 t=502.5s remaining=1285
    iter=716 E=-2.1021541644 nfev=724 t=503.1s remaining=1284
    iter=717 E=-2.1021580713 nfev=725 t=503.8s remaining=1283
    iter=718 E=-2.1021622669 nfev=726 t=504.4s remaining=1282
    iter=719 E=-2.1021671667 nfev=727 t=505.1s remaining=1281
    iter=720 E=-2.1021737652 nfev=728 t=505.9s remaining=1280
    iter=721 E=-2.1021802793 nfev=729 t=506.5s remaining=1279
    iter=722 E=-2.1021864488 nfev=730 t=507.1s remaining=1278
    iter=723 E=-2.1021941895 nfev=731 t=507.9s remaining=1277
    iter=724 E=-2.1022032924 nfev=732 t=508.6s remaining=1276
    iter=725 E=-2.1022109588 nfev=733 t=509.2s remaining=1275
    iter=726 E=-2.1022173081 nfev=734 t=509.9s remaining=1274
    iter=727 E=-2.1022234203 nfev=735 t=510.5s remaining=1273
    iter=728 E=-2.1022280455 nfev=736 t=511.2s remaining=1272
    iter=729 E=-2.1022335464 nfev=737 t=511.8s remaining=1271
    iter=730 E=-2.1022397654 nfev=738 t=512.4s remaining=1270
    iter=731 E=-2.1022457829 nfev=739 t=513.1s remaining=1269
    iter=732 E=-2.1022509296 nfev=740 t=513.7s remaining=1268
    iter=733 E=-2.1022570487 nfev=741 t=514.4s remaining=1267
    iter=734 E=-2.1022641994 nfev=742 t=515.1s remaining=1266
    iter=735 E=-2.1022701655 nfev=743 t=515.7s remaining=1265
    iter=736 E=-2.1022752961 nfev=744 t=516.4s remaining=1264
    iter=737 E=-2.1022802032 nfev=745 t=517.0s remaining=1263
    iter=738 E=-2.1022844794 nfev=746 t=517.7s remaining=1262
    iter=739 E=-2.1022879523 nfev=747 t=518.3s remaining=1261
    iter=740 E=-2.1022918473 nfev=748 t=518.9s remaining=1260
    iter=741 E=-2.1022964590 nfev=749 t=519.5s remaining=1259
    iter=742 E=-2.1023012994 nfev=750 t=520.2s remaining=1258
    iter=743 E=-2.1023063363 nfev=751 t=520.8s remaining=1257
    iter=744 E=-2.1023113399 nfev=752 t=521.4s remaining=1256
    iter=745 E=-2.1023159578 nfev=753 t=522.1s remaining=1255
    iter=746 E=-2.1023213929 nfev=754 t=522.7s remaining=1254
    iter=747 E=-2.1023281894 nfev=755 t=523.4s remaining=1253
    iter=748 E=-2.1023371034 nfev=756 t=524.0s remaining=1252
    iter=749 E=-2.1023465255 nfev=757 t=524.7s remaining=1251
    iter=750 E=-2.1023554796 nfev=758 t=525.3s remaining=1250
    iter=751 E=-2.1023633689 nfev=759 t=526.0s remaining=1249
    iter=752 E=-2.1023693315 nfev=760 t=526.6s remaining=1248
    iter=753 E=-2.1023749628 nfev=761 t=527.3s remaining=1247
    iter=754 E=-2.1023824593 nfev=762 t=528.0s remaining=1246
    iter=755 E=-2.1023933459 nfev=763 t=528.7s remaining=1245
    iter=756 E=-2.1024053365 nfev=764 t=529.4s remaining=1244
    iter=757 E=-2.1024158789 nfev=765 t=530.1s remaining=1243
    iter=758 E=-2.1024283493 nfev=766 t=530.7s remaining=1242
    iter=759 E=-2.1024374005 nfev=767 t=531.5s remaining=1241
    iter=760 E=-2.1024408970 nfev=768 t=532.2s remaining=1240
    iter=761 E=-2.1024470601 nfev=769 t=533.1s remaining=1239
    iter=762 E=-2.1024573832 nfev=770 t=534.0s remaining=1238
    iter=763 E=-2.1024690384 nfev=771 t=535.0s remaining=1237
    iter=764 E=-2.1024743209 nfev=772 t=535.8s remaining=1236
    iter=765 E=-2.1024812119 nfev=773 t=536.5s remaining=1235
    iter=766 E=-2.1024877813 nfev=774 t=537.3s remaining=1234
    iter=767 E=-2.1024950238 nfev=775 t=538.0s remaining=1233
    iter=768 E=-2.1025044628 nfev=776 t=538.9s remaining=1232
    iter=769 E=-2.1025130357 nfev=777 t=539.6s remaining=1231
    iter=770 E=-2.1025225114 nfev=778 t=540.4s remaining=1230
    iter=771 E=-2.1025319450 nfev=779 t=541.2s remaining=1229
    iter=772 E=-2.1025437956 nfev=780 t=542.1s remaining=1228
    iter=773 E=-2.1025596301 nfev=781 t=543.3s remaining=1227
    iter=774 E=-2.1025747134 nfev=782 t=544.2s remaining=1226
    iter=775 E=-2.1025849085 nfev=783 t=545.8s remaining=1225
    iter=776 E=-2.1025958459 nfev=784 t=548.4s remaining=1224
    iter=777 E=-2.1026019990 nfev=785 t=549.6s remaining=1223
    iter=778 E=-2.1026104696 nfev=786 t=551.3s remaining=1222
    iter=779 E=-2.1026159045 nfev=787 t=552.3s remaining=1221
    iter=780 E=-2.1026234466 nfev=788 t=554.4s remaining=1220
    iter=781 E=-2.1026322518 nfev=789 t=555.5s remaining=1219
    iter=782 E=-2.1026389323 nfev=790 t=556.4s remaining=1218
    iter=783 E=-2.1026448749 nfev=791 t=557.2s remaining=1217
    iter=784 E=-2.1026506989 nfev=792 t=558.1s remaining=1216
    iter=785 E=-2.1026562775 nfev=793 t=558.8s remaining=1215
    iter=786 E=-2.1026635066 nfev=794 t=559.5s remaining=1214
    iter=787 E=-2.1026709435 nfev=795 t=560.1s remaining=1213
    iter=788 E=-2.1026769589 nfev=796 t=560.9s remaining=1212
    iter=789 E=-2.1026841667 nfev=797 t=561.6s remaining=1211
    iter=790 E=-2.1026914287 nfev=798 t=562.3s remaining=1210
    iter=791 E=-2.1026966581 nfev=799 t=563.0s remaining=1209
    iter=792 E=-2.1027029160 nfev=800 t=563.7s remaining=1208
    iter=793 E=-2.1027102531 nfev=801 t=564.4s remaining=1207
    iter=794 E=-2.1027187590 nfev=802 t=565.1s remaining=1206
    iter=795 E=-2.1027299605 nfev=803 t=565.7s remaining=1205
    iter=796 E=-2.1027411345 nfev=804 t=566.4s remaining=1204
    iter=797 E=-2.1027503150 nfev=805 t=567.0s remaining=1203
    iter=798 E=-2.1027614924 nfev=806 t=567.7s remaining=1202
    iter=799 E=-2.1027734807 nfev=807 t=568.4s remaining=1201
    iter=800 E=-2.1027824960 nfev=808 t=569.1s remaining=1200
    iter=801 E=-2.1027948867 nfev=809 t=569.8s remaining=1199
    iter=802 E=-2.1028068014 nfev=810 t=570.5s remaining=1198
    iter=803 E=-2.1028168693 nfev=811 t=571.2s remaining=1197
    iter=804 E=-2.1028284507 nfev=812 t=571.9s remaining=1196
    iter=805 E=-2.1028403717 nfev=813 t=572.6s remaining=1195
    iter=806 E=-2.1028493885 nfev=814 t=573.3s remaining=1194
    iter=807 E=-2.1028609937 nfev=815 t=574.0s remaining=1193
    iter=808 E=-2.1028761398 nfev=816 t=574.7s remaining=1192
    iter=809 E=-2.1028940373 nfev=817 t=575.4s remaining=1191
    iter=810 E=-2.1029081168 nfev=818 t=576.1s remaining=1190
    iter=811 E=-2.1029224214 nfev=819 t=576.8s remaining=1189
    iter=812 E=-2.1029281461 nfev=820 t=577.5s remaining=1188
    iter=813 E=-2.1029374438 nfev=821 t=578.1s remaining=1187
    iter=814 E=-2.1029496969 nfev=822 t=578.8s remaining=1186
    iter=815 E=-2.1029553359 nfev=823 t=579.5s remaining=1185
    iter=816 E=-2.1029617889 nfev=824 t=580.2s remaining=1184
    iter=817 E=-2.1029679867 nfev=825 t=581.0s remaining=1183
    iter=818 E=-2.1029769585 nfev=826 t=581.6s remaining=1182
    iter=819 E=-2.1029903370 nfev=827 t=582.3s remaining=1181
    iter=820 E=-2.1030086300 nfev=828 t=583.3s remaining=1180
    iter=821 E=-2.1030295598 nfev=829 t=584.3s remaining=1179
    iter=822 E=-2.1030516251 nfev=830 t=585.0s remaining=1178
    iter=823 E=-2.1030729267 nfev=831 t=585.8s remaining=1177
    iter=824 E=-2.1030950389 nfev=832 t=586.8s remaining=1176
    iter=825 E=-2.1031075967 nfev=833 t=587.5s remaining=1175
    iter=826 E=-2.1031243533 nfev=834 t=588.1s remaining=1174
    iter=827 E=-2.1031357721 nfev=835 t=588.8s remaining=1173
    iter=828 E=-2.1031452460 nfev=836 t=589.5s remaining=1172
    iter=829 E=-2.1031564483 nfev=837 t=590.2s remaining=1171
    iter=830 E=-2.1031675072 nfev=838 t=591.2s remaining=1170
    iter=831 E=-2.1031816137 nfev=839 t=592.1s remaining=1169
    iter=832 E=-2.1031969993 nfev=840 t=592.7s remaining=1168
    iter=833 E=-2.1032106471 nfev=841 t=593.3s remaining=1167
    iter=834 E=-2.1032163464 nfev=842 t=594.0s remaining=1166
    iter=835 E=-2.1032233907 nfev=843 t=594.7s remaining=1165
    iter=836 E=-2.1032288345 nfev=844 t=595.5s remaining=1164
    iter=837 E=-2.1032309189 nfev=845 t=596.3s remaining=1163
    iter=838 E=-2.1032344073 nfev=846 t=597.1s remaining=1162
    iter=839 E=-2.1032400483 nfev=847 t=597.8s remaining=1161
    iter=840 E=-2.1032474004 nfev=848 t=598.6s remaining=1160
    iter=841 E=-2.1032520742 nfev=849 t=599.4s remaining=1159
    iter=842 E=-2.1032581975 nfev=850 t=600.1s remaining=1158
    iter=843 E=-2.1032658912 nfev=851 t=600.7s remaining=1157
    iter=844 E=-2.1032733291 nfev=852 t=601.4s remaining=1156
    iter=845 E=-2.1032822733 nfev=853 t=602.0s remaining=1155
    iter=846 E=-2.1032937275 nfev=854 t=602.7s remaining=1154
    iter=847 E=-2.1033057556 nfev=855 t=603.3s remaining=1153
    iter=848 E=-2.1033185819 nfev=856 t=604.0s remaining=1152
    iter=849 E=-2.1033303398 nfev=857 t=604.7s remaining=1151
    iter=850 E=-2.1033411617 nfev=858 t=605.5s remaining=1150
    iter=851 E=-2.1033517849 nfev=859 t=606.3s remaining=1149
    iter=852 E=-2.1033612196 nfev=860 t=606.9s remaining=1148
    iter=853 E=-2.1033683471 nfev=861 t=607.5s remaining=1147
    iter=854 E=-2.1033741308 nfev=862 t=608.2s remaining=1146
    iter=855 E=-2.1033817525 nfev=863 t=608.8s remaining=1145
    iter=856 E=-2.1033914027 nfev=864 t=609.5s remaining=1144
    iter=857 E=-2.1033995942 nfev=865 t=610.3s remaining=1143
    iter=858 E=-2.1034077486 nfev=866 t=611.0s remaining=1142
    iter=859 E=-2.1034155295 nfev=867 t=611.7s remaining=1141
    iter=860 E=-2.1034236355 nfev=868 t=612.3s remaining=1140
    iter=861 E=-2.1034320394 nfev=869 t=613.0s remaining=1139
    iter=862 E=-2.1034383033 nfev=870 t=613.6s remaining=1138
    iter=863 E=-2.1034452513 nfev=871 t=614.2s remaining=1137
    iter=864 E=-2.1034516319 nfev=872 t=614.9s remaining=1136
    iter=865 E=-2.1034555270 nfev=873 t=615.5s remaining=1135
    iter=866 E=-2.1034608783 nfev=874 t=616.2s remaining=1134
    iter=867 E=-2.1034668742 nfev=875 t=616.8s remaining=1133
    iter=868 E=-2.1034733547 nfev=876 t=617.5s remaining=1132
    iter=869 E=-2.1034821842 nfev=877 t=618.1s remaining=1131
    iter=870 E=-2.1034914009 nfev=878 t=618.9s remaining=1130
    iter=871 E=-2.1034948444 nfev=879 t=619.7s remaining=1129
    iter=872 E=-2.1035006729 nfev=880 t=620.3s remaining=1128
    iter=873 E=-2.1035097106 nfev=881 t=621.0s remaining=1127
    iter=874 E=-2.1035190108 nfev=882 t=621.7s remaining=1126
    iter=875 E=-2.1035245202 nfev=883 t=622.5s remaining=1125
    iter=876 E=-2.1035306778 nfev=884 t=623.1s remaining=1124
    iter=877 E=-2.1035383090 nfev=885 t=623.8s remaining=1123
    iter=878 E=-2.1035436777 nfev=886 t=624.5s remaining=1122
    iter=879 E=-2.1035488658 nfev=887 t=625.3s remaining=1121
    iter=880 E=-2.1035550108 nfev=888 t=626.1s remaining=1120
    iter=881 E=-2.1035637116 nfev=889 t=626.8s remaining=1119
    iter=882 E=-2.1035746347 nfev=890 t=627.5s remaining=1118
    iter=883 E=-2.1035812057 nfev=891 t=628.1s remaining=1117
    iter=884 E=-2.1035868087 nfev=892 t=628.8s remaining=1116
    iter=885 E=-2.1035915272 nfev=893 t=629.4s remaining=1115
    iter=886 E=-2.1035955629 nfev=894 t=630.1s remaining=1114
    iter=887 E=-2.1035992942 nfev=895 t=630.7s remaining=1113
    iter=888 E=-2.1036039901 nfev=896 t=631.3s remaining=1112
    iter=889 E=-2.1036098764 nfev=897 t=632.0s remaining=1111
    iter=890 E=-2.1036163294 nfev=898 t=632.7s remaining=1110
    iter=891 E=-2.1036227473 nfev=899 t=633.4s remaining=1109
    iter=892 E=-2.1036303025 nfev=900 t=634.1s remaining=1108
    iter=893 E=-2.1036394856 nfev=901 t=634.8s remaining=1107
    iter=894 E=-2.1036499847 nfev=902 t=635.5s remaining=1106
    iter=895 E=-2.1036588536 nfev=903 t=636.3s remaining=1105
    iter=896 E=-2.1036649236 nfev=904 t=637.0s remaining=1104
    iter=897 E=-2.1036710576 nfev=905 t=637.8s remaining=1103
    iter=898 E=-2.1036788466 nfev=906 t=638.8s remaining=1102
    iter=899 E=-2.1036862704 nfev=907 t=639.5s remaining=1101
    iter=900 E=-2.1036935942 nfev=908 t=640.2s remaining=1100
    iter=901 E=-2.1037003794 nfev=909 t=640.9s remaining=1099
    iter=902 E=-2.1037039706 nfev=910 t=641.6s remaining=1098
    iter=903 E=-2.1037089048 nfev=911 t=642.4s remaining=1097
    iter=904 E=-2.1037144015 nfev=912 t=643.1s remaining=1096
    iter=905 E=-2.1037189452 nfev=913 t=643.8s remaining=1095
    iter=906 E=-2.1037247801 nfev=914 t=644.4s remaining=1094
    iter=907 E=-2.1037299925 nfev=915 t=645.2s remaining=1093
    iter=908 E=-2.1037346312 nfev=916 t=645.9s remaining=1092
    iter=909 E=-2.1037403318 nfev=917 t=646.5s remaining=1091
    iter=910 E=-2.1037474882 nfev=918 t=647.2s remaining=1090
    iter=911 E=-2.1037564475 nfev=919 t=647.9s remaining=1089
    iter=912 E=-2.1037655079 nfev=920 t=648.6s remaining=1088
    iter=913 E=-2.1037727685 nfev=921 t=649.2s remaining=1087
    iter=914 E=-2.1037791137 nfev=922 t=650.0s remaining=1086
    iter=915 E=-2.1037864224 nfev=923 t=650.6s remaining=1085
    iter=916 E=-2.1037929886 nfev=924 t=651.3s remaining=1084
    iter=917 E=-2.1037974032 nfev=925 t=652.0s remaining=1083
    iter=918 E=-2.1038013952 nfev=926 t=652.6s remaining=1082
    iter=919 E=-2.1038054018 nfev=927 t=653.2s remaining=1081
    iter=920 E=-2.1038098861 nfev=928 t=653.9s remaining=1080
    iter=921 E=-2.1038148054 nfev=929 t=654.5s remaining=1079
    iter=922 E=-2.1038201624 nfev=930 t=655.2s remaining=1078
    iter=923 E=-2.1038252632 nfev=931 t=655.9s remaining=1077
    iter=924 E=-2.1038303506 nfev=932 t=656.6s remaining=1076
    iter=925 E=-2.1038349942 nfev=933 t=657.2s remaining=1075
    iter=926 E=-2.1038401698 nfev=934 t=658.0s remaining=1074
    iter=927 E=-2.1038452893 nfev=935 t=658.6s remaining=1073
    iter=928 E=-2.1038518550 nfev=936 t=659.3s remaining=1072
    iter=929 E=-2.1038602686 nfev=937 t=659.9s remaining=1071
    iter=930 E=-2.1038669437 nfev=938 t=660.6s remaining=1070
    iter=931 E=-2.1038716950 nfev=939 t=661.3s remaining=1069
    iter=932 E=-2.1038782121 nfev=940 t=661.9s remaining=1068
    iter=933 E=-2.1038865459 nfev=941 t=662.5s remaining=1067
    iter=934 E=-2.1038949008 nfev=942 t=663.2s remaining=1066
    iter=935 E=-2.1039025441 nfev=943 t=663.8s remaining=1065
    iter=936 E=-2.1039088570 nfev=944 t=664.5s remaining=1064
    iter=937 E=-2.1039137083 nfev=945 t=665.1s remaining=1063
    iter=938 E=-2.1039175681 nfev=946 t=665.8s remaining=1062
    iter=939 E=-2.1039214097 nfev=947 t=666.4s remaining=1061
    iter=940 E=-2.1039262391 nfev=948 t=667.1s remaining=1060
    iter=941 E=-2.1039319578 nfev=949 t=667.9s remaining=1059
    iter=942 E=-2.1039391068 nfev=950 t=668.5s remaining=1058
    iter=943 E=-2.1039469088 nfev=951 t=669.2s remaining=1057
    iter=944 E=-2.1039542697 nfev=952 t=669.8s remaining=1056
    iter=945 E=-2.1039604085 nfev=953 t=670.4s remaining=1055
    iter=946 E=-2.1039665117 nfev=954 t=671.0s remaining=1054
    iter=947 E=-2.1039730734 nfev=955 t=671.7s remaining=1053
    iter=948 E=-2.1039789065 nfev=956 t=672.5s remaining=1052
    iter=949 E=-2.1039833981 nfev=957 t=673.3s remaining=1051
    iter=950 E=-2.1039863961 nfev=958 t=674.0s remaining=1050
    iter=951 E=-2.1039886575 nfev=959 t=674.7s remaining=1049
    iter=952 E=-2.1039916907 nfev=960 t=675.4s remaining=1048
    iter=953 E=-2.1039959883 nfev=961 t=676.1s remaining=1047
    iter=954 E=-2.1040017539 nfev=962 t=676.8s remaining=1046
    iter=955 E=-2.1040080059 nfev=963 t=677.4s remaining=1045
    iter=956 E=-2.1040145636 nfev=964 t=678.1s remaining=1044
    iter=957 E=-2.1040201945 nfev=965 t=678.7s remaining=1043
    iter=958 E=-2.1040241183 nfev=966 t=679.4s remaining=1042
    iter=959 E=-2.1040265383 nfev=967 t=680.0s remaining=1041
    iter=960 E=-2.1040283031 nfev=968 t=680.7s remaining=1040
    iter=961 E=-2.1040298970 nfev=969 t=681.3s remaining=1039
    iter=962 E=-2.1040314143 nfev=970 t=681.9s remaining=1038
    iter=963 E=-2.1040332958 nfev=971 t=682.6s remaining=1037
    iter=964 E=-2.1040358085 nfev=972 t=683.2s remaining=1036
    iter=965 E=-2.1040390508 nfev=973 t=683.9s remaining=1035
    iter=966 E=-2.1040421734 nfev=974 t=684.5s remaining=1034
    iter=967 E=-2.1040464284 nfev=975 t=685.1s remaining=1033
    iter=968 E=-2.1040497027 nfev=976 t=685.9s remaining=1032
    iter=969 E=-2.1040525806 nfev=977 t=686.7s remaining=1031
    iter=970 E=-2.1040552778 nfev=978 t=687.5s remaining=1030
    iter=971 E=-2.1040578427 nfev=979 t=688.3s remaining=1029
    iter=972 E=-2.1040604309 nfev=980 t=689.1s remaining=1028
    iter=973 E=-2.1040636761 nfev=981 t=689.7s remaining=1027
    iter=974 E=-2.1040680003 nfev=982 t=690.4s remaining=1026
    iter=975 E=-2.1040718522 nfev=983 t=691.0s remaining=1025
    iter=976 E=-2.1040755748 nfev=984 t=691.7s remaining=1024
    iter=977 E=-2.1040789890 nfev=985 t=692.3s remaining=1023
    iter=978 E=-2.1040818503 nfev=986 t=693.0s remaining=1022
    iter=979 E=-2.1040840685 nfev=987 t=693.6s remaining=1021
    iter=980 E=-2.1040863045 nfev=988 t=694.3s remaining=1020
    iter=981 E=-2.1040889547 nfev=989 t=695.1s remaining=1019
    iter=982 E=-2.1040919631 nfev=990 t=695.7s remaining=1018
    iter=983 E=-2.1040949825 nfev=991 t=696.4s remaining=1017
    iter=984 E=-2.1040979808 nfev=992 t=697.1s remaining=1016
    iter=985 E=-2.1041008189 nfev=993 t=697.7s remaining=1015
    iter=986 E=-2.1041031672 nfev=994 t=698.5s remaining=1014
    iter=987 E=-2.1041052689 nfev=995 t=699.3s remaining=1013
    iter=988 E=-2.1041071681 nfev=996 t=700.1s remaining=1012
    iter=989 E=-2.1041085874 nfev=997 t=700.9s remaining=1011
    iter=990 E=-2.1041102031 nfev=998 t=701.5s remaining=1010
    iter=991 E=-2.1041122307 nfev=999 t=702.3s remaining=1009
    iter=992 E=-2.1041139698 nfev=1000 t=703.0s remaining=1008
    iter=993 E=-2.1041147669 nfev=1001 t=703.7s remaining=1007
    iter=994 E=-2.1041157223 nfev=1002 t=704.4s remaining=1006
    iter=995 E=-2.1041170073 nfev=1003 t=705.2s remaining=1005
    iter=996 E=-2.1041182424 nfev=1004 t=705.9s remaining=1004
    iter=997 E=-2.1041198566 nfev=1005 t=706.5s remaining=1003
    iter=998 E=-2.1041220536 nfev=1006 t=707.1s remaining=1002
    iter=999 E=-2.1041244983 nfev=1007 t=707.8s remaining=1001
    iter=1000 E=-2.1041266979 nfev=1008 t=708.4s remaining=1000
    iter=1001 E=-2.1041287292 nfev=1009 t=709.1s remaining=999
    iter=1002 E=-2.1041302738 nfev=1010 t=709.7s remaining=998
    iter=1003 E=-2.1041315787 nfev=1011 t=710.4s remaining=997
    iter=1004 E=-2.1041330469 nfev=1012 t=711.0s remaining=996
    iter=1005 E=-2.1041342446 nfev=1013 t=711.7s remaining=995
    iter=1006 E=-2.1041356606 nfev=1014 t=712.3s remaining=994
    iter=1007 E=-2.1041372736 nfev=1015 t=713.0s remaining=993
    iter=1008 E=-2.1041390502 nfev=1016 t=713.6s remaining=992
    iter=1009 E=-2.1041408787 nfev=1017 t=714.3s remaining=991
    iter=1010 E=-2.1041427503 nfev=1018 t=715.0s remaining=990
    iter=1011 E=-2.1041448346 nfev=1019 t=715.6s remaining=989
    iter=1012 E=-2.1041474640 nfev=1020 t=716.2s remaining=988
    iter=1013 E=-2.1041497439 nfev=1021 t=717.0s remaining=987
    iter=1014 E=-2.1041512890 nfev=1022 t=717.8s remaining=986
    iter=1015 E=-2.1041528890 nfev=1023 t=718.6s remaining=985
    iter=1016 E=-2.1041548283 nfev=1024 t=719.3s remaining=984
    iter=1017 E=-2.1041573240 nfev=1025 t=720.2s remaining=983
    iter=1018 E=-2.1041589171 nfev=1026 t=721.0s remaining=982
    iter=1019 E=-2.1041599571 nfev=1027 t=721.8s remaining=981
    iter=1020 E=-2.1041608671 nfev=1028 t=722.4s remaining=980
    iter=1021 E=-2.1041619333 nfev=1029 t=723.1s remaining=979
    iter=1022 E=-2.1041634810 nfev=1030 t=723.8s remaining=978
    iter=1023 E=-2.1041648585 nfev=1031 t=724.4s remaining=977
    iter=1024 E=-2.1041661318 nfev=1032 t=725.1s remaining=976
    iter=1025 E=-2.1041673438 nfev=1033 t=725.7s remaining=975
    iter=1026 E=-2.1041685009 nfev=1034 t=726.3s remaining=974
    iter=1027 E=-2.1041698953 nfev=1035 t=727.0s remaining=973
    iter=1028 E=-2.1041715619 nfev=1036 t=727.6s remaining=972
    iter=1029 E=-2.1041731095 nfev=1037 t=728.3s remaining=971
    iter=1030 E=-2.1041743262 nfev=1038 t=728.9s remaining=970
    iter=1031 E=-2.1041754138 nfev=1039 t=729.6s remaining=969
    iter=1032 E=-2.1041764387 nfev=1040 t=730.4s remaining=968
    iter=1033 E=-2.1041776388 nfev=1041 t=731.1s remaining=967
    iter=1034 E=-2.1041789466 nfev=1042 t=731.7s remaining=966
    iter=1035 E=-2.1041800853 nfev=1043 t=732.3s remaining=965
    iter=1036 E=-2.1041812579 nfev=1044 t=733.0s remaining=964
    iter=1037 E=-2.1041826105 nfev=1045 t=733.6s remaining=963
    iter=1038 E=-2.1041840106 nfev=1046 t=734.3s remaining=962
    iter=1039 E=-2.1041851180 nfev=1047 t=734.9s remaining=961
    iter=1040 E=-2.1041860196 nfev=1048 t=735.5s remaining=960
    iter=1041 E=-2.1041871648 nfev=1049 t=736.2s remaining=959
    iter=1042 E=-2.1041883736 nfev=1050 t=736.8s remaining=958
    iter=1043 E=-2.1041900385 nfev=1051 t=737.4s remaining=957
    iter=1044 E=-2.1041918285 nfev=1052 t=738.2s remaining=956
    iter=1045 E=-2.1041933727 nfev=1053 t=738.8s remaining=955
    iter=1046 E=-2.1041947286 nfev=1054 t=739.5s remaining=954
    iter=1047 E=-2.1041958988 nfev=1055 t=740.3s remaining=953
    iter=1048 E=-2.1041969437 nfev=1056 t=741.1s remaining=952
    iter=1049 E=-2.1041979756 nfev=1057 t=741.8s remaining=951
    iter=1050 E=-2.1041992683 nfev=1058 t=742.5s remaining=950
    iter=1051 E=-2.1042008270 nfev=1059 t=743.1s remaining=949
    iter=1052 E=-2.1042029076 nfev=1060 t=743.8s remaining=948
    iter=1053 E=-2.1042049773 nfev=1061 t=744.4s remaining=947
    iter=1054 E=-2.1042064479 nfev=1062 t=745.1s remaining=946
    iter=1055 E=-2.1042077207 nfev=1063 t=745.8s remaining=945
    iter=1056 E=-2.1042088892 nfev=1064 t=746.4s remaining=944
    iter=1057 E=-2.1042098971 nfev=1065 t=747.1s remaining=943
    iter=1058 E=-2.1042111380 nfev=1066 t=747.7s remaining=942
    iter=1059 E=-2.1042126168 nfev=1067 t=748.5s remaining=941
    iter=1060 E=-2.1042136960 nfev=1068 t=749.1s remaining=940
    iter=1061 E=-2.1042146652 nfev=1069 t=749.8s remaining=939
    iter=1062 E=-2.1042155175 nfev=1070 t=750.6s remaining=938
    iter=1063 E=-2.1042166822 nfev=1071 t=751.3s remaining=937
    iter=1064 E=-2.1042182565 nfev=1072 t=751.9s remaining=936
    iter=1065 E=-2.1042206283 nfev=1073 t=752.6s remaining=935
    iter=1066 E=-2.1042236714 nfev=1074 t=753.2s remaining=934
    iter=1067 E=-2.1042265550 nfev=1075 t=753.8s remaining=933
    iter=1068 E=-2.1042290320 nfev=1076 t=754.5s remaining=932
    iter=1069 E=-2.1042311623 nfev=1077 t=755.1s remaining=931
    iter=1070 E=-2.1042328562 nfev=1078 t=755.9s remaining=930
    iter=1071 E=-2.1042347431 nfev=1079 t=756.6s remaining=929
    iter=1072 E=-2.1042363261 nfev=1080 t=757.2s remaining=928
    iter=1073 E=-2.1042377136 nfev=1081 t=757.9s remaining=927
    iter=1074 E=-2.1042386283 nfev=1082 t=758.5s remaining=926
    iter=1075 E=-2.1042396843 nfev=1083 t=759.2s remaining=925
    iter=1076 E=-2.1042408767 nfev=1084 t=759.8s remaining=924
    iter=1077 E=-2.1042423392 nfev=1085 t=760.5s remaining=923
    iter=1078 E=-2.1042436096 nfev=1086 t=761.2s remaining=922
    iter=1079 E=-2.1042453508 nfev=1087 t=761.8s remaining=921
    iter=1080 E=-2.1042478779 nfev=1088 t=762.5s remaining=920
    iter=1081 E=-2.1042506150 nfev=1089 t=763.1s remaining=919
    iter=1082 E=-2.1042529338 nfev=1090 t=763.7s remaining=918
    iter=1083 E=-2.1042548629 nfev=1091 t=764.3s remaining=917
    iter=1084 E=-2.1042559858 nfev=1092 t=765.0s remaining=916
    iter=1085 E=-2.1042570755 nfev=1093 t=765.6s remaining=915
    iter=1086 E=-2.1042585102 nfev=1094 t=766.2s remaining=914
    iter=1087 E=-2.1042597662 nfev=1095 t=766.9s remaining=913
    iter=1088 E=-2.1042605985 nfev=1096 t=767.6s remaining=912
    iter=1089 E=-2.1042616463 nfev=1097 t=768.4s remaining=911
    iter=1090 E=-2.1042629931 nfev=1098 t=769.1s remaining=910
    iter=1091 E=-2.1042644388 nfev=1099 t=769.7s remaining=909
    iter=1092 E=-2.1042660654 nfev=1100 t=770.4s remaining=908
    iter=1093 E=-2.1042678427 nfev=1101 t=771.3s remaining=907
    iter=1094 E=-2.1042700164 nfev=1102 t=771.9s remaining=906
    iter=1095 E=-2.1042726279 nfev=1103 t=772.6s remaining=905
    iter=1096 E=-2.1042744288 nfev=1104 t=773.3s remaining=904
    iter=1097 E=-2.1042761644 nfev=1105 t=774.3s remaining=903
    iter=1098 E=-2.1042778665 nfev=1106 t=775.0s remaining=902
    iter=1099 E=-2.1042792462 nfev=1107 t=776.0s remaining=901
    iter=1100 E=-2.1042804922 nfev=1108 t=776.8s remaining=900
    iter=1101 E=-2.1042816046 nfev=1109 t=777.6s remaining=899
    iter=1102 E=-2.1042824985 nfev=1110 t=778.3s remaining=898
    iter=1103 E=-2.1042836197 nfev=1111 t=779.0s remaining=897
    iter=1104 E=-2.1042847513 nfev=1112 t=779.8s remaining=896
    iter=1105 E=-2.1042857916 nfev=1113 t=780.5s remaining=895
    iter=1106 E=-2.1042867168 nfev=1114 t=781.2s remaining=894
    iter=1107 E=-2.1042876710 nfev=1115 t=781.9s remaining=893
    iter=1108 E=-2.1042887496 nfev=1116 t=782.5s remaining=892
    iter=1109 E=-2.1042899635 nfev=1117 t=783.3s remaining=891
    iter=1110 E=-2.1042911024 nfev=1118 t=784.3s remaining=890
    iter=1111 E=-2.1042920770 nfev=1119 t=785.2s remaining=889
    iter=1112 E=-2.1042928591 nfev=1120 t=786.1s remaining=888
    iter=1113 E=-2.1042936775 nfev=1121 t=786.8s remaining=887
    iter=1114 E=-2.1042944564 nfev=1122 t=787.5s remaining=886
    iter=1115 E=-2.1042950964 nfev=1123 t=788.2s remaining=885
    iter=1116 E=-2.1042957249 nfev=1124 t=789.0s remaining=884
    iter=1117 E=-2.1042965733 nfev=1125 t=789.7s remaining=883
    iter=1118 E=-2.1042978052 nfev=1126 t=790.3s remaining=882
    iter=1119 E=-2.1042995020 nfev=1127 t=790.9s remaining=881
    iter=1120 E=-2.1043014826 nfev=1128 t=791.7s remaining=880
    iter=1121 E=-2.1043036562 nfev=1129 t=792.5s remaining=879
    iter=1122 E=-2.1043056516 nfev=1130 t=793.3s remaining=878
    iter=1123 E=-2.1043070943 nfev=1131 t=794.0s remaining=877
    iter=1124 E=-2.1043082194 nfev=1132 t=794.9s remaining=876
    iter=1125 E=-2.1043094493 nfev=1133 t=795.7s remaining=875
    iter=1126 E=-2.1043104230 nfev=1134 t=796.4s remaining=874
    iter=1127 E=-2.1043113608 nfev=1135 t=797.1s remaining=873
    iter=1128 E=-2.1043123631 nfev=1136 t=797.7s remaining=872
    iter=1129 E=-2.1043133476 nfev=1137 t=798.4s remaining=871
    iter=1130 E=-2.1043143716 nfev=1138 t=799.3s remaining=870
    iter=1131 E=-2.1043153994 nfev=1139 t=800.1s remaining=869
    iter=1132 E=-2.1043164965 nfev=1140 t=800.8s remaining=868
    iter=1133 E=-2.1043178413 nfev=1141 t=801.5s remaining=867
    iter=1134 E=-2.1043192666 nfev=1142 t=802.1s remaining=866
    iter=1135 E=-2.1043204816 nfev=1143 t=803.3s remaining=865
    iter=1136 E=-2.1043217358 nfev=1144 t=804.1s remaining=864
    iter=1137 E=-2.1043230350 nfev=1145 t=804.7s remaining=863
    iter=1138 E=-2.1043245130 nfev=1146 t=805.3s remaining=862
    iter=1139 E=-2.1043261208 nfev=1147 t=806.0s remaining=861
    iter=1140 E=-2.1043275116 nfev=1148 t=806.6s remaining=860
    iter=1141 E=-2.1043286981 nfev=1149 t=807.3s remaining=859
    iter=1142 E=-2.1043298219 nfev=1150 t=808.0s remaining=858
    iter=1143 E=-2.1043309566 nfev=1151 t=808.6s remaining=857
    iter=1144 E=-2.1043323215 nfev=1152 t=809.3s remaining=856
    iter=1145 E=-2.1043340461 nfev=1153 t=809.9s remaining=855
    iter=1146 E=-2.1043356506 nfev=1154 t=810.6s remaining=854
    iter=1147 E=-2.1043369348 nfev=1155 t=811.2s remaining=853
    iter=1148 E=-2.1043382510 nfev=1156 t=811.9s remaining=852
    iter=1149 E=-2.1043393491 nfev=1157 t=812.5s remaining=851
    iter=1150 E=-2.1043406955 nfev=1158 t=813.2s remaining=850
    iter=1151 E=-2.1043419118 nfev=1159 t=813.9s remaining=849
    iter=1152 E=-2.1043429906 nfev=1160 t=814.6s remaining=848
    iter=1153 E=-2.1043438816 nfev=1161 t=815.3s remaining=847
    iter=1154 E=-2.1043445963 nfev=1162 t=815.9s remaining=846
    iter=1155 E=-2.1043454144 nfev=1163 t=816.6s remaining=845
    iter=1156 E=-2.1043464468 nfev=1164 t=817.2s remaining=844
    iter=1157 E=-2.1043475211 nfev=1165 t=818.0s remaining=843
    iter=1158 E=-2.1043486275 nfev=1166 t=818.7s remaining=842
    iter=1159 E=-2.1043497703 nfev=1167 t=819.3s remaining=841
    iter=1160 E=-2.1043508740 nfev=1168 t=820.0s remaining=840
    iter=1161 E=-2.1043519068 nfev=1169 t=820.6s remaining=839
    iter=1162 E=-2.1043527841 nfev=1170 t=821.2s remaining=838
    iter=1163 E=-2.1043534656 nfev=1171 t=821.9s remaining=837
    iter=1164 E=-2.1043539618 nfev=1172 t=822.6s remaining=836
    iter=1165 E=-2.1043544524 nfev=1173 t=823.4s remaining=835
    iter=1166 E=-2.1043551479 nfev=1174 t=824.0s remaining=834
    iter=1167 E=-2.1043561325 nfev=1175 t=824.7s remaining=833
    iter=1168 E=-2.1043572509 nfev=1176 t=825.4s remaining=832
    iter=1169 E=-2.1043584315 nfev=1177 t=826.1s remaining=831
    iter=1170 E=-2.1043593857 nfev=1178 t=826.8s remaining=830
    iter=1171 E=-2.1043600484 nfev=1179 t=827.6s remaining=829
    iter=1172 E=-2.1043607359 nfev=1180 t=828.4s remaining=828
    iter=1173 E=-2.1043615229 nfev=1181 t=829.1s remaining=827
    iter=1174 E=-2.1043621613 nfev=1182 t=829.8s remaining=826
    iter=1175 E=-2.1043629729 nfev=1183 t=830.5s remaining=825
    iter=1176 E=-2.1043639441 nfev=1184 t=831.2s remaining=824
    iter=1177 E=-2.1043650710 nfev=1185 t=831.9s remaining=823
    iter=1178 E=-2.1043662935 nfev=1186 t=832.6s remaining=822
    iter=1179 E=-2.1043674175 nfev=1187 t=833.4s remaining=821
    iter=1180 E=-2.1043682762 nfev=1188 t=834.1s remaining=820
    iter=1181 E=-2.1043688734 nfev=1189 t=835.0s remaining=819
    iter=1182 E=-2.1043694107 nfev=1190 t=835.7s remaining=818
    iter=1183 E=-2.1043698854 nfev=1191 t=836.4s remaining=817
    iter=1184 E=-2.1043703835 nfev=1192 t=837.1s remaining=816
    iter=1185 E=-2.1043708760 nfev=1193 t=837.8s remaining=815
    iter=1186 E=-2.1043712719 nfev=1194 t=838.5s remaining=814
    iter=1187 E=-2.1043716938 nfev=1195 t=839.2s remaining=813
    iter=1188 E=-2.1043722374 nfev=1196 t=839.9s remaining=812
    iter=1189 E=-2.1043728082 nfev=1197 t=840.5s remaining=811
    iter=1190 E=-2.1043733647 nfev=1198 t=841.2s remaining=810
    iter=1191 E=-2.1043739501 nfev=1199 t=841.8s remaining=809
    iter=1192 E=-2.1043745705 nfev=1200 t=842.5s remaining=808
    iter=1193 E=-2.1043752267 nfev=1201 t=843.2s remaining=807
    iter=1194 E=-2.1043758853 nfev=1202 t=843.9s remaining=806
    iter=1195 E=-2.1043765735 nfev=1203 t=844.5s remaining=805
    iter=1196 E=-2.1043773377 nfev=1204 t=845.2s remaining=804
    iter=1197 E=-2.1043782838 nfev=1205 t=846.0s remaining=803
    iter=1198 E=-2.1043793584 nfev=1206 t=846.8s remaining=802
    iter=1199 E=-2.1043803607 nfev=1207 t=847.6s remaining=801
    iter=1200 E=-2.1043813166 nfev=1208 t=848.3s remaining=800
    iter=1201 E=-2.1043823298 nfev=1209 t=849.0s remaining=799
    iter=1202 E=-2.1043836093 nfev=1210 t=849.7s remaining=798
    iter=1203 E=-2.1043852279 nfev=1211 t=850.3s remaining=797
    iter=1204 E=-2.1043868585 nfev=1212 t=851.0s remaining=796
    iter=1205 E=-2.1043881398 nfev=1213 t=851.8s remaining=795
    iter=1206 E=-2.1043891247 nfev=1214 t=852.4s remaining=794
    iter=1207 E=-2.1043898482 nfev=1215 t=853.2s remaining=793
    iter=1208 E=-2.1043902387 nfev=1216 t=853.8s remaining=792
    iter=1209 E=-2.1043908151 nfev=1217 t=854.5s remaining=791
    iter=1210 E=-2.1043915701 nfev=1218 t=855.1s remaining=790
    iter=1211 E=-2.1043921539 nfev=1219 t=855.8s remaining=789
    iter=1212 E=-2.1043928781 nfev=1220 t=856.5s remaining=788
    iter=1213 E=-2.1043936772 nfev=1221 t=857.2s remaining=787
    iter=1214 E=-2.1043945422 nfev=1222 t=857.9s remaining=786
    iter=1215 E=-2.1043956216 nfev=1223 t=858.6s remaining=785
    iter=1216 E=-2.1043969016 nfev=1224 t=859.3s remaining=784
    iter=1217 E=-2.1043978015 nfev=1225 t=860.0s remaining=783
    iter=1218 E=-2.1043987142 nfev=1226 t=860.7s remaining=782
    iter=1219 E=-2.1043997316 nfev=1227 t=861.4s remaining=781
    iter=1220 E=-2.1044005657 nfev=1228 t=862.0s remaining=780
    iter=1221 E=-2.1044015876 nfev=1229 t=862.8s remaining=779
    iter=1222 E=-2.1044026685 nfev=1230 t=863.5s remaining=778
    iter=1223 E=-2.1044037562 nfev=1231 t=864.3s remaining=777
    iter=1224 E=-2.1044050623 nfev=1232 t=865.0s remaining=776
    iter=1225 E=-2.1044068221 nfev=1233 t=865.8s remaining=775
    iter=1226 E=-2.1044085000 nfev=1234 t=866.5s remaining=774
    iter=1227 E=-2.1044104040 nfev=1235 t=867.2s remaining=773
    iter=1228 E=-2.1044120641 nfev=1236 t=868.0s remaining=772
    iter=1229 E=-2.1044134401 nfev=1237 t=868.6s remaining=771
    iter=1230 E=-2.1044145512 nfev=1238 t=869.3s remaining=770
    iter=1231 E=-2.1044153309 nfev=1239 t=870.0s remaining=769
    iter=1232 E=-2.1044157327 nfev=1240 t=870.7s remaining=768
    iter=1233 E=-2.1044161893 nfev=1241 t=871.3s remaining=767
    iter=1234 E=-2.1044167149 nfev=1242 t=872.0s remaining=766
    iter=1235 E=-2.1044173690 nfev=1243 t=872.6s remaining=765
    iter=1236 E=-2.1044182384 nfev=1244 t=873.3s remaining=764
    iter=1237 E=-2.1044193281 nfev=1245 t=874.0s remaining=763
    iter=1238 E=-2.1044205233 nfev=1246 t=874.7s remaining=762
    iter=1239 E=-2.1044215846 nfev=1247 t=875.3s remaining=761
    iter=1240 E=-2.1044227693 nfev=1248 t=876.1s remaining=760
    iter=1241 E=-2.1044237105 nfev=1249 t=877.0s remaining=759
    iter=1242 E=-2.1044247383 nfev=1250 t=877.7s remaining=758
    iter=1243 E=-2.1044257168 nfev=1251 t=878.3s remaining=757
    iter=1244 E=-2.1044266972 nfev=1252 t=878.9s remaining=756
    iter=1245 E=-2.1044277070 nfev=1253 t=879.6s remaining=755
    iter=1246 E=-2.1044285417 nfev=1254 t=880.3s remaining=754
    iter=1247 E=-2.1044294914 nfev=1255 t=881.0s remaining=753
    iter=1248 E=-2.1044302240 nfev=1256 t=881.7s remaining=752
    iter=1249 E=-2.1044309721 nfev=1257 t=882.3s remaining=751
    iter=1250 E=-2.1044316155 nfev=1258 t=883.0s remaining=750
    iter=1251 E=-2.1044322261 nfev=1259 t=883.6s remaining=749
    iter=1252 E=-2.1044327974 nfev=1260 t=884.4s remaining=748
    iter=1253 E=-2.1044333561 nfev=1261 t=885.0s remaining=747
    iter=1254 E=-2.1044339235 nfev=1262 t=885.7s remaining=746
    iter=1255 E=-2.1044342976 nfev=1263 t=886.3s remaining=745
    iter=1256 E=-2.1044346766 nfev=1264 t=886.9s remaining=744
    iter=1257 E=-2.1044350860 nfev=1265 t=887.6s remaining=743
    iter=1258 E=-2.1044356640 nfev=1266 t=888.2s remaining=742
    iter=1259 E=-2.1044366096 nfev=1267 t=888.9s remaining=741
    iter=1260 E=-2.1044380543 nfev=1268 t=889.6s remaining=740
    iter=1261 E=-2.1044397263 nfev=1269 t=890.4s remaining=739
    iter=1262 E=-2.1044413057 nfev=1270 t=891.1s remaining=738
    iter=1263 E=-2.1044432501 nfev=1271 t=891.9s remaining=737
    iter=1264 E=-2.1044447323 nfev=1272 t=892.7s remaining=736
    iter=1265 E=-2.1044456889 nfev=1273 t=893.5s remaining=735
    iter=1266 E=-2.1044463556 nfev=1274 t=894.2s remaining=734
    iter=1267 E=-2.1044470112 nfev=1275 t=894.9s remaining=733
    iter=1268 E=-2.1044476254 nfev=1276 t=895.6s remaining=732
    iter=1269 E=-2.1044484613 nfev=1277 t=896.3s remaining=731
    iter=1270 E=-2.1044494768 nfev=1278 t=897.0s remaining=730
    iter=1271 E=-2.1044505976 nfev=1279 t=897.7s remaining=729
    iter=1272 E=-2.1044517841 nfev=1280 t=898.4s remaining=728
    iter=1273 E=-2.1044529148 nfev=1281 t=899.1s remaining=727
    iter=1274 E=-2.1044538959 nfev=1282 t=899.8s remaining=726
    iter=1275 E=-2.1044548680 nfev=1283 t=900.5s remaining=725
    iter=1276 E=-2.1044560928 nfev=1284 t=901.2s remaining=724
    iter=1277 E=-2.1044572213 nfev=1285 t=901.8s remaining=723
    iter=1278 E=-2.1044580209 nfev=1286 t=902.5s remaining=722
    iter=1279 E=-2.1044588423 nfev=1287 t=903.2s remaining=721
    iter=1280 E=-2.1044597643 nfev=1288 t=903.9s remaining=720
    iter=1281 E=-2.1044606502 nfev=1289 t=904.6s remaining=719
    iter=1282 E=-2.1044614996 nfev=1290 t=905.3s remaining=718
    iter=1283 E=-2.1044624700 nfev=1291 t=906.0s remaining=717
    iter=1284 E=-2.1044633803 nfev=1292 t=906.7s remaining=716
    iter=1285 E=-2.1044640121 nfev=1293 t=907.4s remaining=715
    iter=1286 E=-2.1044646927 nfev=1294 t=908.1s remaining=714
    iter=1287 E=-2.1044653168 nfev=1295 t=908.8s remaining=713
    iter=1288 E=-2.1044658027 nfev=1296 t=909.5s remaining=712
    iter=1289 E=-2.1044664104 nfev=1297 t=910.2s remaining=711
    iter=1290 E=-2.1044670774 nfev=1298 t=910.9s remaining=710
    iter=1291 E=-2.1044679586 nfev=1299 t=911.6s remaining=709
    iter=1292 E=-2.1044692398 nfev=1300 t=912.2s remaining=708
    iter=1293 E=-2.1044710749 nfev=1301 t=912.9s remaining=707
    iter=1294 E=-2.1044734323 nfev=1302 t=913.6s remaining=706
    iter=1295 E=-2.1044752569 nfev=1303 t=914.3s remaining=705
    iter=1296 E=-2.1044769586 nfev=1304 t=915.0s remaining=704
    iter=1297 E=-2.1044781165 nfev=1305 t=915.7s remaining=703
    iter=1298 E=-2.1044793883 nfev=1306 t=916.5s remaining=702
    iter=1299 E=-2.1044802309 nfev=1307 t=917.3s remaining=701
    iter=1300 E=-2.1044812533 nfev=1308 t=918.2s remaining=700
    iter=1301 E=-2.1044826156 nfev=1309 t=919.0s remaining=699
    iter=1302 E=-2.1044842455 nfev=1310 t=919.7s remaining=698
    iter=1303 E=-2.1044859862 nfev=1311 t=920.5s remaining=697
    iter=1304 E=-2.1044880953 nfev=1312 t=921.1s remaining=696
    iter=1305 E=-2.1044901975 nfev=1313 t=921.8s remaining=695
    iter=1306 E=-2.1044922997 nfev=1314 t=922.7s remaining=694
    iter=1307 E=-2.1044934942 nfev=1315 t=923.4s remaining=693
    iter=1308 E=-2.1044947853 nfev=1316 t=924.2s remaining=692
    iter=1309 E=-2.1044959079 nfev=1317 t=924.9s remaining=691
    iter=1310 E=-2.1044969919 nfev=1318 t=925.6s remaining=690
    iter=1311 E=-2.1044983873 nfev=1319 t=926.3s remaining=689
    iter=1312 E=-2.1044997325 nfev=1320 t=926.9s remaining=688
    iter=1313 E=-2.1045009611 nfev=1321 t=927.6s remaining=687
    iter=1314 E=-2.1045016932 nfev=1322 t=928.2s remaining=686
    iter=1315 E=-2.1045027637 nfev=1323 t=928.9s remaining=685
    iter=1316 E=-2.1045038855 nfev=1324 t=929.6s remaining=684
    iter=1317 E=-2.1045045441 nfev=1325 t=930.3s remaining=683
    iter=1318 E=-2.1045055230 nfev=1326 t=931.0s remaining=682
    iter=1319 E=-2.1045068864 nfev=1327 t=931.6s remaining=681
    iter=1320 E=-2.1045080008 nfev=1328 t=932.3s remaining=680
    iter=1321 E=-2.1045091476 nfev=1329 t=932.9s remaining=679
    iter=1322 E=-2.1045102615 nfev=1330 t=933.5s remaining=678
    iter=1323 E=-2.1045115660 nfev=1331 t=934.2s remaining=677
    iter=1324 E=-2.1045130837 nfev=1332 t=934.8s remaining=676
    iter=1325 E=-2.1045154715 nfev=1333 t=935.5s remaining=675
    iter=1326 E=-2.1045189584 nfev=1334 t=936.1s remaining=674
    iter=1327 E=-2.1045229189 nfev=1335 t=936.7s remaining=673
    iter=1328 E=-2.1045269316 nfev=1336 t=937.5s remaining=672
    iter=1329 E=-2.1045312430 nfev=1337 t=938.2s remaining=671
    iter=1330 E=-2.1045343813 nfev=1338 t=938.9s remaining=670
    iter=1331 E=-2.1045361797 nfev=1339 t=939.7s remaining=669
    iter=1332 E=-2.1045378498 nfev=1340 t=940.6s remaining=668
    iter=1333 E=-2.1045392938 nfev=1341 t=941.3s remaining=667
    iter=1334 E=-2.1045405783 nfev=1342 t=942.0s remaining=666
    iter=1335 E=-2.1045415816 nfev=1343 t=943.0s remaining=665
    iter=1336 E=-2.1045425369 nfev=1344 t=943.6s remaining=664
    iter=1337 E=-2.1045433670 nfev=1345 t=944.3s remaining=663
    iter=1338 E=-2.1045442867 nfev=1346 t=944.9s remaining=662
    iter=1339 E=-2.1045453887 nfev=1347 t=945.5s remaining=661
    iter=1340 E=-2.1045465875 nfev=1348 t=946.2s remaining=660
    iter=1341 E=-2.1045478454 nfev=1349 t=946.8s remaining=659
    iter=1342 E=-2.1045491871 nfev=1350 t=947.4s remaining=658
    iter=1343 E=-2.1045507242 nfev=1351 t=948.2s remaining=657
    iter=1344 E=-2.1045519521 nfev=1352 t=948.8s remaining=656
    iter=1345 E=-2.1045532890 nfev=1353 t=949.4s remaining=655
    iter=1346 E=-2.1045546949 nfev=1354 t=950.1s remaining=654
    iter=1347 E=-2.1045559625 nfev=1355 t=950.7s remaining=653
    iter=1348 E=-2.1045570295 nfev=1356 t=951.3s remaining=652
    iter=1349 E=-2.1045583231 nfev=1357 t=952.0s remaining=651
    iter=1350 E=-2.1045593441 nfev=1358 t=952.6s remaining=650
    iter=1351 E=-2.1045605806 nfev=1359 t=953.3s remaining=649
    iter=1352 E=-2.1045618440 nfev=1360 t=953.9s remaining=648
    iter=1353 E=-2.1045631014 nfev=1361 t=954.5s remaining=647
    iter=1354 E=-2.1045646170 nfev=1362 t=955.2s remaining=646
    iter=1355 E=-2.1045663184 nfev=1363 t=956.0s remaining=645
    iter=1356 E=-2.1045681245 nfev=1364 t=956.8s remaining=644
    iter=1357 E=-2.1045702219 nfev=1365 t=957.5s remaining=643
    iter=1358 E=-2.1045720878 nfev=1366 t=958.2s remaining=642
    iter=1359 E=-2.1045738653 nfev=1367 t=959.0s remaining=641
    iter=1360 E=-2.1045757682 nfev=1368 t=959.8s remaining=640
    iter=1361 E=-2.1045774295 nfev=1369 t=960.6s remaining=639
    iter=1362 E=-2.1045788747 nfev=1370 t=961.2s remaining=638
    iter=1363 E=-2.1045801417 nfev=1371 t=961.9s remaining=637
    iter=1364 E=-2.1045818053 nfev=1372 t=962.7s remaining=636
    iter=1365 E=-2.1045835979 nfev=1373 t=963.4s remaining=635
    iter=1366 E=-2.1045852891 nfev=1374 t=964.1s remaining=634
    iter=1367 E=-2.1045869813 nfev=1375 t=964.7s remaining=633
    iter=1368 E=-2.1045885175 nfev=1376 t=965.5s remaining=632
    iter=1369 E=-2.1045901868 nfev=1377 t=966.2s remaining=631
    iter=1370 E=-2.1045920315 nfev=1378 t=966.9s remaining=630
    iter=1371 E=-2.1045934825 nfev=1379 t=967.6s remaining=629
    iter=1372 E=-2.1045947308 nfev=1380 t=968.2s remaining=628
    iter=1373 E=-2.1045960455 nfev=1381 t=968.8s remaining=627
    iter=1374 E=-2.1045975936 nfev=1382 t=969.4s remaining=626
    iter=1375 E=-2.1045990731 nfev=1383 t=970.1s remaining=625
    iter=1376 E=-2.1046008846 nfev=1384 t=970.8s remaining=624
    iter=1377 E=-2.1046025269 nfev=1385 t=971.4s remaining=623
    iter=1378 E=-2.1046040114 nfev=1386 t=972.0s remaining=622
    iter=1379 E=-2.1046056043 nfev=1387 t=972.7s remaining=621
    iter=1380 E=-2.1046076287 nfev=1388 t=973.3s remaining=620
    iter=1381 E=-2.1046099417 nfev=1389 t=974.0s remaining=619
    iter=1382 E=-2.1046127063 nfev=1390 t=974.7s remaining=618
    iter=1383 E=-2.1046154352 nfev=1391 t=975.3s remaining=617
    iter=1384 E=-2.1046180751 nfev=1392 t=976.0s remaining=616
    iter=1385 E=-2.1046200943 nfev=1393 t=976.6s remaining=615
    iter=1386 E=-2.1046223993 nfev=1394 t=977.2s remaining=614
    iter=1387 E=-2.1046243644 nfev=1395 t=977.9s remaining=613
    iter=1388 E=-2.1046259293 nfev=1396 t=978.5s remaining=612
    iter=1389 E=-2.1046267887 nfev=1397 t=979.1s remaining=611
    iter=1390 E=-2.1046276281 nfev=1398 t=979.7s remaining=610
    iter=1391 E=-2.1046282772 nfev=1399 t=980.3s remaining=609
    iter=1392 E=-2.1046288373 nfev=1400 t=981.0s remaining=608
    iter=1393 E=-2.1046294396 nfev=1401 t=981.7s remaining=607
    iter=1394 E=-2.1046302161 nfev=1402 t=982.3s remaining=606
    iter=1395 E=-2.1046313067 nfev=1403 t=983.1s remaining=605
    iter=1396 E=-2.1046328390 nfev=1404 t=983.9s remaining=604
    iter=1397 E=-2.1046348599 nfev=1405 t=984.5s remaining=603
    iter=1398 E=-2.1046373100 nfev=1406 t=985.1s remaining=602
    iter=1399 E=-2.1046400330 nfev=1407 t=985.7s remaining=601
    iter=1400 E=-2.1046427484 nfev=1408 t=986.3s remaining=600
    iter=1401 E=-2.1046447524 nfev=1409 t=986.9s remaining=599
    iter=1402 E=-2.1046467011 nfev=1410 t=987.5s remaining=598
    iter=1403 E=-2.1046490315 nfev=1411 t=988.1s remaining=597
    iter=1404 E=-2.1046510600 nfev=1412 t=988.7s remaining=596
    iter=1405 E=-2.1046526886 nfev=1413 t=989.4s remaining=595
    iter=1406 E=-2.1046538606 nfev=1414 t=990.0s remaining=594
    iter=1407 E=-2.1046547380 nfev=1415 t=990.6s remaining=593
    iter=1408 E=-2.1046554928 nfev=1416 t=991.2s remaining=592
    iter=1409 E=-2.1046560014 nfev=1417 t=991.9s remaining=591
    iter=1410 E=-2.1046564983 nfev=1418 t=992.5s remaining=590
    iter=1411 E=-2.1046571739 nfev=1419 t=993.1s remaining=589
    iter=1412 E=-2.1046581697 nfev=1420 t=993.8s remaining=588
    iter=1413 E=-2.1046591491 nfev=1421 t=994.5s remaining=587
    iter=1414 E=-2.1046598762 nfev=1422 t=995.1s remaining=586
    iter=1415 E=-2.1046608137 nfev=1423 t=995.9s remaining=585
    iter=1416 E=-2.1046619384 nfev=1424 t=996.7s remaining=584
    iter=1417 E=-2.1046628738 nfev=1425 t=997.5s remaining=583
    iter=1418 E=-2.1046641241 nfev=1426 t=998.3s remaining=582
    iter=1419 E=-2.1046656597 nfev=1427 t=999.1s remaining=581
    iter=1420 E=-2.1046669253 nfev=1428 t=999.7s remaining=580
    iter=1421 E=-2.1046682901 nfev=1429 t=1000.4s remaining=579
    iter=1422 E=-2.1046702759 nfev=1430 t=1001.0s remaining=578
    iter=1423 E=-2.1046725690 nfev=1431 t=1001.6s remaining=577
    iter=1424 E=-2.1046739589 nfev=1432 t=1002.2s remaining=576
    iter=1425 E=-2.1046753259 nfev=1433 t=1002.9s remaining=575
    iter=1426 E=-2.1046764282 nfev=1434 t=1003.8s remaining=574
    iter=1427 E=-2.1046772573 nfev=1435 t=1004.5s remaining=573
    iter=1428 E=-2.1046781635 nfev=1436 t=1005.2s remaining=572
    iter=1429 E=-2.1046790488 nfev=1437 t=1005.8s remaining=571
    iter=1430 E=-2.1046799856 nfev=1438 t=1006.5s remaining=570
    iter=1431 E=-2.1046811408 nfev=1439 t=1007.2s remaining=569
    iter=1432 E=-2.1046827421 nfev=1440 t=1007.8s remaining=568
    iter=1433 E=-2.1046844518 nfev=1441 t=1008.5s remaining=567
    iter=1434 E=-2.1046861197 nfev=1442 t=1009.3s remaining=566
    iter=1435 E=-2.1046881732 nfev=1443 t=1009.9s remaining=565
    iter=1436 E=-2.1046903248 nfev=1444 t=1010.5s remaining=564
    iter=1437 E=-2.1046917866 nfev=1445 t=1011.1s remaining=563
    iter=1438 E=-2.1046935671 nfev=1446 t=1011.7s remaining=562
    iter=1439 E=-2.1046950507 nfev=1447 t=1012.4s remaining=561
    iter=1440 E=-2.1046960761 nfev=1448 t=1013.0s remaining=560
    iter=1441 E=-2.1046969574 nfev=1449 t=1013.6s remaining=559
    iter=1442 E=-2.1046979047 nfev=1450 t=1014.2s remaining=558
    iter=1443 E=-2.1046985827 nfev=1451 t=1014.8s remaining=557
    iter=1444 E=-2.1046996153 nfev=1452 t=1015.5s remaining=556
    iter=1445 E=-2.1047011621 nfev=1453 t=1016.1s remaining=555
    iter=1446 E=-2.1047029510 nfev=1454 t=1016.7s remaining=554
    iter=1447 E=-2.1047043272 nfev=1455 t=1017.4s remaining=553
    iter=1448 E=-2.1047057602 nfev=1456 t=1018.0s remaining=552
    iter=1449 E=-2.1047071535 nfev=1457 t=1018.7s remaining=551
    iter=1450 E=-2.1047083840 nfev=1458 t=1019.3s remaining=550
    iter=1451 E=-2.1047099651 nfev=1459 t=1020.0s remaining=549
    iter=1452 E=-2.1047117613 nfev=1460 t=1020.8s remaining=548
    iter=1453 E=-2.1047138733 nfev=1461 t=1021.4s remaining=547
    iter=1454 E=-2.1047160664 nfev=1462 t=1022.0s remaining=546
    iter=1455 E=-2.1047183652 nfev=1463 t=1022.7s remaining=545
    iter=1456 E=-2.1047197983 nfev=1464 t=1023.5s remaining=544
    iter=1457 E=-2.1047213385 nfev=1465 t=1024.3s remaining=543
    iter=1458 E=-2.1047227492 nfev=1466 t=1025.0s remaining=542
    iter=1459 E=-2.1047235826 nfev=1467 t=1025.9s remaining=541
    iter=1460 E=-2.1047247021 nfev=1468 t=1026.6s remaining=540
    iter=1461 E=-2.1047260009 nfev=1469 t=1027.3s remaining=539
    iter=1462 E=-2.1047271864 nfev=1470 t=1028.0s remaining=538
    iter=1463 E=-2.1047285106 nfev=1471 t=1028.6s remaining=537
    iter=1464 E=-2.1047297478 nfev=1472 t=1029.3s remaining=536
    iter=1465 E=-2.1047310311 nfev=1473 t=1029.9s remaining=535
    iter=1466 E=-2.1047322226 nfev=1474 t=1030.5s remaining=534
    iter=1467 E=-2.1047333968 nfev=1475 t=1031.1s remaining=533
    iter=1468 E=-2.1047343618 nfev=1476 t=1031.7s remaining=532
    iter=1469 E=-2.1047355367 nfev=1477 t=1032.4s remaining=531
    iter=1470 E=-2.1047365749 nfev=1478 t=1033.3s remaining=530
    iter=1471 E=-2.1047376032 nfev=1479 t=1034.1s remaining=529
    iter=1472 E=-2.1047386808 nfev=1480 t=1034.7s remaining=528
    iter=1473 E=-2.1047395755 nfev=1481 t=1035.4s remaining=527
    iter=1474 E=-2.1047404035 nfev=1482 t=1036.1s remaining=526
    iter=1475 E=-2.1047414053 nfev=1483 t=1036.8s remaining=525
    iter=1476 E=-2.1047427282 nfev=1484 t=1037.4s remaining=524
    iter=1477 E=-2.1047440274 nfev=1485 t=1038.1s remaining=523
    iter=1478 E=-2.1047449050 nfev=1486 t=1038.7s remaining=522
    iter=1479 E=-2.1047459622 nfev=1487 t=1039.4s remaining=521
    iter=1480 E=-2.1047470687 nfev=1488 t=1040.1s remaining=520
    iter=1481 E=-2.1047483671 nfev=1489 t=1040.7s remaining=519
    iter=1482 E=-2.1047501268 nfev=1490 t=1041.4s remaining=518
    iter=1483 E=-2.1047522986 nfev=1491 t=1042.0s remaining=517
    iter=1484 E=-2.1047543523 nfev=1492 t=1042.8s remaining=516
    iter=1485 E=-2.1047568301 nfev=1493 t=1043.7s remaining=515
    iter=1486 E=-2.1047592693 nfev=1494 t=1044.3s remaining=514
    iter=1487 E=-2.1047614094 nfev=1495 t=1044.9s remaining=513
    iter=1488 E=-2.1047633839 nfev=1496 t=1045.6s remaining=512
    iter=1489 E=-2.1047649484 nfev=1497 t=1046.2s remaining=511
    iter=1490 E=-2.1047665089 nfev=1498 t=1046.9s remaining=510
    iter=1491 E=-2.1047679182 nfev=1499 t=1047.6s remaining=509
    iter=1492 E=-2.1047695689 nfev=1500 t=1048.4s remaining=508
    iter=1493 E=-2.1047711195 nfev=1501 t=1049.0s remaining=507
    iter=1494 E=-2.1047723529 nfev=1502 t=1049.6s remaining=506
    iter=1495 E=-2.1047738156 nfev=1503 t=1050.3s remaining=505
    iter=1496 E=-2.1047751294 nfev=1504 t=1050.9s remaining=504
    iter=1497 E=-2.1047758424 nfev=1505 t=1051.5s remaining=503
    iter=1498 E=-2.1047767949 nfev=1506 t=1052.2s remaining=502
    iter=1499 E=-2.1047781421 nfev=1507 t=1052.9s remaining=501
    iter=1500 E=-2.1047796936 nfev=1508 t=1053.6s remaining=500
    iter=1501 E=-2.1047808431 nfev=1509 t=1054.3s remaining=499
    iter=1502 E=-2.1047821941 nfev=1510 t=1055.1s remaining=498
    iter=1503 E=-2.1047840094 nfev=1511 t=1055.9s remaining=497
    iter=1504 E=-2.1047856378 nfev=1512 t=1056.7s remaining=496
    iter=1505 E=-2.1047871498 nfev=1513 t=1057.3s remaining=495
    iter=1506 E=-2.1047887516 nfev=1514 t=1057.9s remaining=494
    iter=1507 E=-2.1047903655 nfev=1515 t=1058.6s remaining=493
    iter=1508 E=-2.1047914953 nfev=1516 t=1059.2s remaining=492
    iter=1509 E=-2.1047927229 nfev=1517 t=1059.9s remaining=491
    iter=1510 E=-2.1047938031 nfev=1518 t=1060.5s remaining=490
    iter=1511 E=-2.1047945481 nfev=1519 t=1061.2s remaining=489
    iter=1512 E=-2.1047954628 nfev=1520 t=1061.9s remaining=488
    iter=1513 E=-2.1047965681 nfev=1521 t=1062.5s remaining=487
    iter=1514 E=-2.1047977507 nfev=1522 t=1063.2s remaining=486
    iter=1515 E=-2.1047989128 nfev=1523 t=1063.9s remaining=485
    iter=1516 E=-2.1048001259 nfev=1524 t=1064.5s remaining=484
    iter=1517 E=-2.1048014996 nfev=1525 t=1065.2s remaining=483
    iter=1518 E=-2.1048030640 nfev=1526 t=1065.8s remaining=482
    iter=1519 E=-2.1048046407 nfev=1527 t=1066.4s remaining=481
    iter=1520 E=-2.1048065837 nfev=1528 t=1067.1s remaining=480
    iter=1521 E=-2.1048081947 nfev=1529 t=1067.7s remaining=479
    iter=1522 E=-2.1048094956 nfev=1530 t=1068.4s remaining=478
    iter=1523 E=-2.1048107622 nfev=1531 t=1069.0s remaining=477
    iter=1524 E=-2.1048122487 nfev=1532 t=1069.7s remaining=476
    iter=1525 E=-2.1048136485 nfev=1533 t=1070.3s remaining=475
    iter=1526 E=-2.1048149407 nfev=1534 t=1071.0s remaining=474
    iter=1527 E=-2.1048160337 nfev=1535 t=1071.6s remaining=473
    iter=1528 E=-2.1048172871 nfev=1536 t=1072.3s remaining=472
    iter=1529 E=-2.1048184659 nfev=1537 t=1072.9s remaining=471
    iter=1530 E=-2.1048195393 nfev=1538 t=1073.6s remaining=470
    iter=1531 E=-2.1048204779 nfev=1539 t=1074.4s remaining=469
    iter=1532 E=-2.1048212853 nfev=1540 t=1075.1s remaining=468
    iter=1533 E=-2.1048219773 nfev=1541 t=1075.8s remaining=467
    iter=1534 E=-2.1048228881 nfev=1542 t=1076.4s remaining=466
    iter=1535 E=-2.1048239861 nfev=1543 t=1077.0s remaining=465
    iter=1536 E=-2.1048251241 nfev=1544 t=1077.6s remaining=464
    iter=1537 E=-2.1048264270 nfev=1545 t=1078.3s remaining=463
    iter=1538 E=-2.1048280120 nfev=1546 t=1078.9s remaining=462
    iter=1539 E=-2.1048297658 nfev=1547 t=1079.6s remaining=461
    iter=1540 E=-2.1048314284 nfev=1548 t=1080.4s remaining=460
    iter=1541 E=-2.1048324520 nfev=1549 t=1081.2s remaining=459
    iter=1542 E=-2.1048339152 nfev=1550 t=1082.0s remaining=458
    iter=1543 E=-2.1048356491 nfev=1551 t=1082.8s remaining=457
    iter=1544 E=-2.1048369874 nfev=1552 t=1083.6s remaining=456
    iter=1545 E=-2.1048387522 nfev=1553 t=1084.5s remaining=455
    iter=1546 E=-2.1048405428 nfev=1554 t=1085.3s remaining=454
    iter=1547 E=-2.1048418258 nfev=1555 t=1086.1s remaining=453
    iter=1548 E=-2.1048429643 nfev=1556 t=1086.8s remaining=452
    iter=1549 E=-2.1048441295 nfev=1557 t=1087.6s remaining=451
    iter=1550 E=-2.1048455752 nfev=1558 t=1088.3s remaining=450
    iter=1551 E=-2.1048469708 nfev=1559 t=1088.9s remaining=449
    iter=1552 E=-2.1048483283 nfev=1560 t=1089.5s remaining=448
    iter=1553 E=-2.1048494893 nfev=1561 t=1090.3s remaining=447
    iter=1554 E=-2.1048505229 nfev=1562 t=1091.1s remaining=446
    iter=1555 E=-2.1048516568 nfev=1563 t=1091.8s remaining=445
    iter=1556 E=-2.1048531200 nfev=1564 t=1092.4s remaining=444
    iter=1557 E=-2.1048546529 nfev=1565 t=1093.1s remaining=443
    iter=1558 E=-2.1048558707 nfev=1566 t=1093.8s remaining=442
    iter=1559 E=-2.1048574392 nfev=1567 t=1094.5s remaining=441
    iter=1560 E=-2.1048590488 nfev=1568 t=1095.1s remaining=440
    iter=1561 E=-2.1048603046 nfev=1569 t=1095.8s remaining=439
    iter=1562 E=-2.1048618889 nfev=1570 t=1096.5s remaining=438
    iter=1563 E=-2.1048639375 nfev=1571 t=1097.2s remaining=437
    iter=1564 E=-2.1048657917 nfev=1572 t=1097.9s remaining=436
    iter=1565 E=-2.1048675678 nfev=1573 t=1098.5s remaining=435
    iter=1566 E=-2.1048693637 nfev=1574 t=1099.1s remaining=434
    iter=1567 E=-2.1048708167 nfev=1575 t=1099.8s remaining=433
    iter=1568 E=-2.1048722991 nfev=1576 t=1100.6s remaining=432
    iter=1569 E=-2.1048739119 nfev=1577 t=1101.3s remaining=431
    iter=1570 E=-2.1048752269 nfev=1578 t=1101.9s remaining=430
    iter=1571 E=-2.1048763612 nfev=1579 t=1102.6s remaining=429
    iter=1572 E=-2.1048771416 nfev=1580 t=1103.2s remaining=428
    iter=1573 E=-2.1048777420 nfev=1581 t=1103.8s remaining=427
    iter=1574 E=-2.1048783035 nfev=1582 t=1104.5s remaining=426
    iter=1575 E=-2.1048790340 nfev=1583 t=1105.1s remaining=425
    iter=1576 E=-2.1048800020 nfev=1584 t=1105.7s remaining=424
    iter=1577 E=-2.1048809020 nfev=1585 t=1106.3s remaining=423
    iter=1578 E=-2.1048817380 nfev=1586 t=1106.9s remaining=422
    iter=1579 E=-2.1048826993 nfev=1587 t=1107.6s remaining=421
    iter=1580 E=-2.1048837401 nfev=1588 t=1108.2s remaining=420
    iter=1581 E=-2.1048849100 nfev=1589 t=1108.8s remaining=419
    iter=1582 E=-2.1048860976 nfev=1590 t=1109.4s remaining=418
    iter=1583 E=-2.1048874187 nfev=1591 t=1110.0s remaining=417
    iter=1584 E=-2.1048887873 nfev=1592 t=1110.7s remaining=416
    iter=1585 E=-2.1048904216 nfev=1593 t=1111.3s remaining=415
    iter=1586 E=-2.1048922261 nfev=1594 t=1111.9s remaining=414
    iter=1587 E=-2.1048940345 nfev=1595 t=1112.5s remaining=413
    iter=1588 E=-2.1048953884 nfev=1596 t=1113.2s remaining=412
    iter=1589 E=-2.1048965119 nfev=1597 t=1113.9s remaining=411
    iter=1590 E=-2.1048974694 nfev=1598 t=1114.7s remaining=410
    iter=1591 E=-2.1048984506 nfev=1599 t=1115.5s remaining=409
    iter=1592 E=-2.1048992592 nfev=1600 t=1116.3s remaining=408
    iter=1593 E=-2.1049003528 nfev=1601 t=1117.1s remaining=407
    iter=1594 E=-2.1049015615 nfev=1602 t=1117.9s remaining=406
    iter=1595 E=-2.1049022841 nfev=1603 t=1118.7s remaining=405
    iter=1596 E=-2.1049031375 nfev=1604 t=1119.5s remaining=404
    iter=1597 E=-2.1049039069 nfev=1605 t=1120.2s remaining=403
    iter=1598 E=-2.1049047642 nfev=1606 t=1120.8s remaining=402
    iter=1599 E=-2.1049057905 nfev=1607 t=1121.5s remaining=401
    iter=1600 E=-2.1049069050 nfev=1608 t=1122.1s remaining=400
    iter=1601 E=-2.1049078868 nfev=1609 t=1122.8s remaining=399
    iter=1602 E=-2.1049087751 nfev=1610 t=1123.5s remaining=398
    iter=1603 E=-2.1049097217 nfev=1611 t=1124.1s remaining=397
    iter=1604 E=-2.1049105042 nfev=1612 t=1124.7s remaining=396
    iter=1605 E=-2.1049114041 nfev=1613 t=1125.4s remaining=395
    iter=1606 E=-2.1049124092 nfev=1614 t=1126.0s remaining=394
    iter=1607 E=-2.1049131796 nfev=1615 t=1126.8s remaining=393
    iter=1608 E=-2.1049140364 nfev=1616 t=1127.6s remaining=392
    iter=1609 E=-2.1049149882 nfev=1617 t=1128.2s remaining=391
    iter=1610 E=-2.1049157316 nfev=1618 t=1128.8s remaining=390
    iter=1611 E=-2.1049165243 nfev=1619 t=1129.5s remaining=389
    iter=1612 E=-2.1049174892 nfev=1620 t=1130.2s remaining=388
    iter=1613 E=-2.1049185134 nfev=1621 t=1130.8s remaining=387
    iter=1614 E=-2.1049198865 nfev=1622 t=1131.7s remaining=386
    iter=1615 E=-2.1049216750 nfev=1623 t=1132.3s remaining=385
    iter=1616 E=-2.1049236177 nfev=1624 t=1132.9s remaining=384
    iter=1617 E=-2.1049251558 nfev=1625 t=1133.6s remaining=383
    iter=1618 E=-2.1049260287 nfev=1626 t=1134.2s remaining=382
    iter=1619 E=-2.1049269993 nfev=1627 t=1134.8s remaining=381
    iter=1620 E=-2.1049276128 nfev=1628 t=1135.5s remaining=380
    iter=1621 E=-2.1049282109 nfev=1629 t=1136.1s remaining=379
    iter=1622 E=-2.1049288700 nfev=1630 t=1136.7s remaining=378
    iter=1623 E=-2.1049295712 nfev=1631 t=1137.4s remaining=377
    iter=1624 E=-2.1049303518 nfev=1632 t=1138.0s remaining=376
    iter=1625 E=-2.1049311584 nfev=1633 t=1138.6s remaining=375
    iter=1626 E=-2.1049318816 nfev=1634 t=1139.2s remaining=374
    iter=1627 E=-2.1049326200 nfev=1635 t=1139.9s remaining=373
    iter=1628 E=-2.1049332681 nfev=1636 t=1140.6s remaining=372
    iter=1629 E=-2.1049339607 nfev=1637 t=1141.2s remaining=371
    iter=1630 E=-2.1049349123 nfev=1638 t=1141.8s remaining=370
    iter=1631 E=-2.1049362838 nfev=1639 t=1142.5s remaining=369
    iter=1632 E=-2.1049373912 nfev=1640 t=1143.1s remaining=368
    iter=1633 E=-2.1049384999 nfev=1641 t=1143.7s remaining=367
    iter=1634 E=-2.1049397689 nfev=1642 t=1144.4s remaining=366
    iter=1635 E=-2.1049411402 nfev=1643 t=1145.1s remaining=365
    iter=1636 E=-2.1049416806 nfev=1644 t=1145.7s remaining=364
    iter=1637 E=-2.1049423172 nfev=1645 t=1146.3s remaining=363
    iter=1638 E=-2.1049426690 nfev=1646 t=1147.0s remaining=362
    iter=1639 E=-2.1049431989 nfev=1647 t=1147.8s remaining=361
    iter=1640 E=-2.1049438595 nfev=1648 t=1148.5s remaining=360
    iter=1641 E=-2.1049443978 nfev=1649 t=1149.2s remaining=359
    iter=1642 E=-2.1049452139 nfev=1650 t=1149.8s remaining=358
    iter=1643 E=-2.1049463571 nfev=1651 t=1150.4s remaining=357
    iter=1644 E=-2.1049477200 nfev=1652 t=1151.0s remaining=356
    iter=1645 E=-2.1049490091 nfev=1653 t=1151.6s remaining=355
    iter=1646 E=-2.1049505895 nfev=1654 t=1152.2s remaining=354
    iter=1647 E=-2.1049519169 nfev=1655 t=1152.8s remaining=353
    iter=1648 E=-2.1049529175 nfev=1656 t=1153.4s remaining=352
    iter=1649 E=-2.1049539883 nfev=1657 t=1154.1s remaining=351
    iter=1650 E=-2.1049554063 nfev=1658 t=1154.7s remaining=350
    iter=1651 E=-2.1049564086 nfev=1659 t=1155.3s remaining=349
    iter=1652 E=-2.1049573288 nfev=1660 t=1156.0s remaining=348
    iter=1653 E=-2.1049582329 nfev=1661 t=1156.7s remaining=347
    iter=1654 E=-2.1049590228 nfev=1662 t=1157.3s remaining=346
    iter=1655 E=-2.1049597319 nfev=1663 t=1158.0s remaining=345
    iter=1656 E=-2.1049604518 nfev=1664 t=1158.6s remaining=344
    iter=1657 E=-2.1049612096 nfev=1665 t=1159.3s remaining=343
    iter=1658 E=-2.1049618925 nfev=1666 t=1159.9s remaining=342
    iter=1659 E=-2.1049623704 nfev=1667 t=1160.6s remaining=341
    iter=1660 E=-2.1049628844 nfev=1668 t=1161.3s remaining=340
    iter=1661 E=-2.1049634956 nfev=1669 t=1162.1s remaining=339
    iter=1662 E=-2.1049641765 nfev=1670 t=1162.9s remaining=338
    iter=1663 E=-2.1049651313 nfev=1671 t=1163.5s remaining=337
    iter=1664 E=-2.1049663550 nfev=1672 t=1164.1s remaining=336
    iter=1665 E=-2.1049677558 nfev=1673 t=1164.8s remaining=335
    iter=1666 E=-2.1049692000 nfev=1674 t=1165.6s remaining=334
    iter=1667 E=-2.1049706427 nfev=1675 t=1166.6s remaining=333
    iter=1668 E=-2.1049715781 nfev=1676 t=1167.3s remaining=332
    iter=1669 E=-2.1049727192 nfev=1677 t=1168.0s remaining=331
    iter=1670 E=-2.1049738349 nfev=1678 t=1168.8s remaining=330
    iter=1671 E=-2.1049747396 nfev=1679 t=1169.5s remaining=329
    iter=1672 E=-2.1049755945 nfev=1680 t=1170.4s remaining=328
    iter=1673 E=-2.1049763691 nfev=1681 t=1171.2s remaining=327
    iter=1674 E=-2.1049771217 nfev=1682 t=1172.0s remaining=326
    iter=1675 E=-2.1049776917 nfev=1683 t=1172.8s remaining=325
    iter=1676 E=-2.1049783948 nfev=1684 t=1173.5s remaining=324
    iter=1677 E=-2.1049793679 nfev=1685 t=1174.2s remaining=323
    iter=1678 E=-2.1049806511 nfev=1686 t=1174.9s remaining=322
    iter=1679 E=-2.1049819614 nfev=1687 t=1175.8s remaining=321
    iter=1680 E=-2.1049831378 nfev=1688 t=1176.6s remaining=320
    iter=1681 E=-2.1049840590 nfev=1689 t=1177.3s remaining=319
    iter=1682 E=-2.1049846052 nfev=1690 t=1178.3s remaining=318
    iter=1683 E=-2.1049852590 nfev=1691 t=1179.3s remaining=317
    iter=1684 E=-2.1049859405 nfev=1692 t=1180.0s remaining=316
    iter=1685 E=-2.1049865975 nfev=1693 t=1180.8s remaining=315
    iter=1686 E=-2.1049871870 nfev=1694 t=1181.6s remaining=314
    iter=1687 E=-2.1049877465 nfev=1695 t=1182.3s remaining=313
    iter=1688 E=-2.1049884412 nfev=1696 t=1183.1s remaining=312
    iter=1689 E=-2.1049893350 nfev=1697 t=1183.9s remaining=311
    iter=1690 E=-2.1049906410 nfev=1698 t=1184.6s remaining=310
    iter=1691 E=-2.1049923116 nfev=1699 t=1185.3s remaining=309
    iter=1692 E=-2.1049942208 nfev=1700 t=1186.1s remaining=308
    iter=1693 E=-2.1049960519 nfev=1701 t=1186.9s remaining=307
    iter=1694 E=-2.1049974909 nfev=1702 t=1187.5s remaining=306
    iter=1695 E=-2.1049985165 nfev=1703 t=1188.2s remaining=305
    iter=1696 E=-2.1049995205 nfev=1704 t=1189.2s remaining=304
    iter=1697 E=-2.1050004328 nfev=1705 t=1190.1s remaining=303
    iter=1698 E=-2.1050012535 nfev=1706 t=1191.0s remaining=302
    iter=1699 E=-2.1050018647 nfev=1707 t=1191.7s remaining=301
    iter=1700 E=-2.1050024542 nfev=1708 t=1192.3s remaining=300
    iter=1701 E=-2.1050028904 nfev=1709 t=1193.0s remaining=299
    iter=1702 E=-2.1050033120 nfev=1710 t=1193.7s remaining=298
    iter=1703 E=-2.1050038150 nfev=1711 t=1194.4s remaining=297
    iter=1704 E=-2.1050045372 nfev=1712 t=1195.1s remaining=296
    iter=1705 E=-2.1050055138 nfev=1713 t=1195.8s remaining=295
    iter=1706 E=-2.1050065547 nfev=1714 t=1196.6s remaining=294
    iter=1707 E=-2.1050074510 nfev=1715 t=1197.3s remaining=293
    iter=1708 E=-2.1050084202 nfev=1716 t=1198.0s remaining=292
    iter=1709 E=-2.1050093054 nfev=1717 t=1198.7s remaining=291
    iter=1710 E=-2.1050102726 nfev=1718 t=1199.5s remaining=290
    iter=1711 E=-2.1050112557 nfev=1719 t=1200.2s remaining=289
    iter=1712 E=-2.1050119783 nfev=1720 t=1200.8s remaining=288
    iter=1713 E=-2.1050125050 nfev=1721 t=1201.5s remaining=287
    iter=1714 E=-2.1050131550 nfev=1722 t=1202.2s remaining=286
    iter=1715 E=-2.1050140364 nfev=1723 t=1202.8s remaining=285
    iter=1716 E=-2.1050149244 nfev=1724 t=1203.6s remaining=284
    iter=1717 E=-2.1050157551 nfev=1725 t=1204.4s remaining=283
    iter=1718 E=-2.1050168002 nfev=1726 t=1205.2s remaining=282
    iter=1719 E=-2.1050181151 nfev=1727 t=1205.9s remaining=281
    iter=1720 E=-2.1050189503 nfev=1728 t=1206.5s remaining=280
    iter=1721 E=-2.1050196099 nfev=1729 t=1207.2s remaining=279
    iter=1722 E=-2.1050205133 nfev=1730 t=1207.8s remaining=278
    iter=1723 E=-2.1050213947 nfev=1731 t=1208.5s remaining=277
    iter=1724 E=-2.1050221382 nfev=1732 t=1209.3s remaining=276
    iter=1725 E=-2.1050229549 nfev=1733 t=1210.2s remaining=275
    iter=1726 E=-2.1050238559 nfev=1734 t=1210.9s remaining=274
    iter=1727 E=-2.1050244102 nfev=1735 t=1211.8s remaining=273
    iter=1728 E=-2.1050250407 nfev=1736 t=1212.5s remaining=272
    iter=1729 E=-2.1050258089 nfev=1737 t=1213.2s remaining=271
    iter=1730 E=-2.1050263431 nfev=1738 t=1213.9s remaining=270
    iter=1731 E=-2.1050269828 nfev=1739 t=1214.7s remaining=269
    iter=1732 E=-2.1050277422 nfev=1740 t=1215.4s remaining=268
    iter=1733 E=-2.1050283611 nfev=1741 t=1216.0s remaining=267
    iter=1734 E=-2.1050291583 nfev=1742 t=1216.7s remaining=266
    iter=1735 E=-2.1050301730 nfev=1743 t=1217.3s remaining=265
    iter=1736 E=-2.1050310930 nfev=1744 t=1218.0s remaining=264
    iter=1737 E=-2.1050315479 nfev=1745 t=1218.7s remaining=263
    iter=1738 E=-2.1050320498 nfev=1746 t=1219.4s remaining=262
    iter=1739 E=-2.1050326807 nfev=1747 t=1220.1s remaining=261
    iter=1740 E=-2.1050334211 nfev=1748 t=1220.8s remaining=260
    iter=1741 E=-2.1050344040 nfev=1749 t=1221.6s remaining=259
    iter=1742 E=-2.1050356912 nfev=1750 t=1222.3s remaining=258
    iter=1743 E=-2.1050372120 nfev=1751 t=1223.0s remaining=257
    iter=1744 E=-2.1050384682 nfev=1752 t=1223.8s remaining=256
    iter=1745 E=-2.1050392804 nfev=1753 t=1224.6s remaining=255
    iter=1746 E=-2.1050397265 nfev=1754 t=1225.4s remaining=254
    iter=1747 E=-2.1050403819 nfev=1755 t=1226.1s remaining=253
    iter=1748 E=-2.1050411323 nfev=1756 t=1226.8s remaining=252
    iter=1749 E=-2.1050416808 nfev=1757 t=1227.4s remaining=251
    iter=1750 E=-2.1050424048 nfev=1758 t=1228.0s remaining=250
    iter=1751 E=-2.1050431279 nfev=1759 t=1228.7s remaining=249
    iter=1752 E=-2.1050436737 nfev=1760 t=1229.4s remaining=248
    iter=1753 E=-2.1050442190 nfev=1761 t=1230.1s remaining=247
    iter=1754 E=-2.1050448164 nfev=1762 t=1230.9s remaining=246
    iter=1755 E=-2.1050453397 nfev=1763 t=1231.6s remaining=245
    iter=1756 E=-2.1050458504 nfev=1764 t=1232.4s remaining=244
    iter=1757 E=-2.1050464847 nfev=1765 t=1233.1s remaining=243
    iter=1758 E=-2.1050472121 nfev=1766 t=1233.7s remaining=242
    iter=1759 E=-2.1050481321 nfev=1767 t=1234.3s remaining=241
    iter=1760 E=-2.1050491135 nfev=1768 t=1235.0s remaining=240
    iter=1761 E=-2.1050501276 nfev=1769 t=1235.6s remaining=239
    iter=1762 E=-2.1050511180 nfev=1770 t=1236.2s remaining=238
    iter=1763 E=-2.1050520530 nfev=1771 t=1236.9s remaining=237
    iter=1764 E=-2.1050527600 nfev=1772 t=1237.5s remaining=236
    iter=1765 E=-2.1050536157 nfev=1773 t=1238.2s remaining=235
    iter=1766 E=-2.1050544069 nfev=1774 t=1238.9s remaining=234
    iter=1767 E=-2.1050550409 nfev=1775 t=1239.5s remaining=233
    iter=1768 E=-2.1050556250 nfev=1776 t=1240.2s remaining=232
    iter=1769 E=-2.1050561605 nfev=1777 t=1240.8s remaining=231
    iter=1770 E=-2.1050567009 nfev=1778 t=1241.5s remaining=230
    iter=1771 E=-2.1050570809 nfev=1779 t=1242.2s remaining=229
    iter=1772 E=-2.1050576145 nfev=1780 t=1242.9s remaining=228
    iter=1773 E=-2.1050583229 nfev=1781 t=1243.7s remaining=227
    iter=1774 E=-2.1050590435 nfev=1782 t=1244.4s remaining=226
    iter=1775 E=-2.1050598937 nfev=1783 t=1245.1s remaining=225
    iter=1776 E=-2.1050604565 nfev=1784 t=1245.9s remaining=224
    iter=1777 E=-2.1050607970 nfev=1785 t=1246.8s remaining=223
    iter=1778 E=-2.1050611321 nfev=1786 t=1247.5s remaining=222
    iter=1779 E=-2.1050615405 nfev=1787 t=1248.2s remaining=221
    iter=1780 E=-2.1050619784 nfev=1788 t=1248.8s remaining=220
    iter=1781 E=-2.1050624157 nfev=1789 t=1249.4s remaining=219
    iter=1782 E=-2.1050629151 nfev=1790 t=1250.1s remaining=218
    iter=1783 E=-2.1050634421 nfev=1791 t=1250.8s remaining=217
    iter=1784 E=-2.1050641033 nfev=1792 t=1251.4s remaining=216
    iter=1785 E=-2.1050648399 nfev=1793 t=1252.0s remaining=215
    iter=1786 E=-2.1050657783 nfev=1794 t=1252.7s remaining=214
    iter=1787 E=-2.1050670523 nfev=1795 t=1253.3s remaining=213
    iter=1788 E=-2.1050679360 nfev=1796 t=1254.1s remaining=212
    iter=1789 E=-2.1050689954 nfev=1797 t=1254.9s remaining=211
    iter=1790 E=-2.1050698919 nfev=1798 t=1255.7s remaining=210
    iter=1791 E=-2.1050707835 nfev=1799 t=1256.5s remaining=209
    iter=1792 E=-2.1050717110 nfev=1800 t=1257.3s remaining=208
    iter=1793 E=-2.1050726480 nfev=1801 t=1258.0s remaining=207
    iter=1794 E=-2.1050733567 nfev=1802 t=1258.7s remaining=206
    iter=1795 E=-2.1050738802 nfev=1803 t=1259.3s remaining=205
    iter=1796 E=-2.1050742405 nfev=1804 t=1259.9s remaining=204
    iter=1797 E=-2.1050745179 nfev=1805 t=1260.6s remaining=203
    iter=1798 E=-2.1050748071 nfev=1806 t=1261.2s remaining=202
    iter=1799 E=-2.1050750918 nfev=1807 t=1261.9s remaining=201
    iter=1800 E=-2.1050753531 nfev=1808 t=1262.5s remaining=200
    iter=1801 E=-2.1050757049 nfev=1809 t=1263.2s remaining=199
    iter=1802 E=-2.1050760995 nfev=1810 t=1264.0s remaining=198
    iter=1803 E=-2.1050765196 nfev=1811 t=1264.8s remaining=197
    iter=1804 E=-2.1050769221 nfev=1812 t=1265.5s remaining=196
    iter=1805 E=-2.1050773432 nfev=1813 t=1266.2s remaining=195
    iter=1806 E=-2.1050776761 nfev=1814 t=1267.0s remaining=194
    iter=1807 E=-2.1050781072 nfev=1815 t=1267.8s remaining=193
    iter=1808 E=-2.1050786265 nfev=1816 t=1268.6s remaining=192
    iter=1809 E=-2.1050789854 nfev=1817 t=1269.3s remaining=191
    iter=1810 E=-2.1050793180 nfev=1818 t=1270.1s remaining=190
    iter=1811 E=-2.1050797440 nfev=1819 t=1271.0s remaining=189
    iter=1812 E=-2.1050803340 nfev=1820 t=1271.6s remaining=188
    iter=1813 E=-2.1050810174 nfev=1821 t=1272.4s remaining=187
    iter=1814 E=-2.1050815893 nfev=1822 t=1273.2s remaining=186
    iter=1815 E=-2.1050821677 nfev=1823 t=1274.0s remaining=185
    iter=1816 E=-2.1050826561 nfev=1824 t=1274.7s remaining=184
    iter=1817 E=-2.1050831621 nfev=1825 t=1275.5s remaining=183
    iter=1818 E=-2.1050837394 nfev=1826 t=1276.1s remaining=182
    iter=1819 E=-2.1050844580 nfev=1827 t=1276.8s remaining=181
    iter=1820 E=-2.1050852709 nfev=1828 t=1277.4s remaining=180
    iter=1821 E=-2.1050861081 nfev=1829 t=1278.1s remaining=179
    iter=1822 E=-2.1050869968 nfev=1830 t=1278.7s remaining=178
    iter=1823 E=-2.1050878409 nfev=1831 t=1279.4s remaining=177
    iter=1824 E=-2.1050886179 nfev=1832 t=1280.0s remaining=176
    iter=1825 E=-2.1050892236 nfev=1833 t=1280.6s remaining=175
    iter=1826 E=-2.1050898927 nfev=1834 t=1281.3s remaining=174
    iter=1827 E=-2.1050903872 nfev=1835 t=1281.9s remaining=173
    iter=1828 E=-2.1050907125 nfev=1836 t=1282.6s remaining=172
    iter=1829 E=-2.1050910108 nfev=1837 t=1283.3s remaining=171
    iter=1830 E=-2.1050913901 nfev=1838 t=1284.0s remaining=170
    iter=1831 E=-2.1050919443 nfev=1839 t=1284.8s remaining=169
    iter=1832 E=-2.1050925134 nfev=1840 t=1285.6s remaining=168
    iter=1833 E=-2.1050932211 nfev=1841 t=1286.2s remaining=167
    iter=1834 E=-2.1050940909 nfev=1842 t=1286.8s remaining=166
    iter=1835 E=-2.1050951722 nfev=1843 t=1287.4s remaining=165
    iter=1836 E=-2.1050961825 nfev=1844 t=1288.0s remaining=164
    iter=1837 E=-2.1050967273 nfev=1845 t=1288.7s remaining=163
    iter=1838 E=-2.1050971323 nfev=1846 t=1289.3s remaining=162
    iter=1839 E=-2.1050974003 nfev=1847 t=1290.1s remaining=161
    iter=1840 E=-2.1050977235 nfev=1848 t=1290.8s remaining=160
    iter=1841 E=-2.1050980725 nfev=1849 t=1291.6s remaining=159
    iter=1842 E=-2.1050985906 nfev=1850 t=1292.3s remaining=158
    iter=1843 E=-2.1050993523 nfev=1851 t=1293.1s remaining=157
    iter=1844 E=-2.1051003840 nfev=1852 t=1293.9s remaining=156
    iter=1845 E=-2.1051016686 nfev=1853 t=1294.7s remaining=155
    iter=1846 E=-2.1051032243 nfev=1854 t=1295.4s remaining=154
    iter=1847 E=-2.1051048590 nfev=1855 t=1296.1s remaining=153
    iter=1848 E=-2.1051066315 nfev=1856 t=1296.7s remaining=152
    iter=1849 E=-2.1051082493 nfev=1857 t=1297.4s remaining=151
    iter=1850 E=-2.1051092626 nfev=1858 t=1298.1s remaining=150
    iter=1851 E=-2.1051097849 nfev=1859 t=1298.9s remaining=149
    iter=1852 E=-2.1051101075 nfev=1860 t=1299.6s remaining=148
    iter=1853 E=-2.1051103860 nfev=1861 t=1300.2s remaining=147
    iter=1854 E=-2.1051106743 nfev=1862 t=1300.9s remaining=146
    iter=1855 E=-2.1051109398 nfev=1863 t=1301.5s remaining=145
    iter=1856 E=-2.1051112171 nfev=1864 t=1302.2s remaining=144
    iter=1857 E=-2.1051115198 nfev=1865 t=1302.9s remaining=143
    iter=1858 E=-2.1051119427 nfev=1866 t=1303.5s remaining=142
    iter=1859 E=-2.1051125659 nfev=1867 t=1304.3s remaining=141
    iter=1860 E=-2.1051134599 nfev=1868 t=1305.1s remaining=140
    iter=1861 E=-2.1051146387 nfev=1869 t=1305.9s remaining=139
    iter=1862 E=-2.1051159399 nfev=1870 t=1306.5s remaining=138
    iter=1863 E=-2.1051170139 nfev=1871 t=1307.1s remaining=137
    iter=1864 E=-2.1051178705 nfev=1872 t=1307.8s remaining=136
    iter=1865 E=-2.1051181938 nfev=1873 t=1308.4s remaining=135
    iter=1866 E=-2.1051187525 nfev=1874 t=1309.0s remaining=134
    iter=1867 E=-2.1051196683 nfev=1875 t=1309.6s remaining=133
    iter=1868 E=-2.1051208979 nfev=1876 t=1310.4s remaining=132
    iter=1869 E=-2.1051217195 nfev=1877 t=1311.1s remaining=131
    iter=1870 E=-2.1051225316 nfev=1878 t=1311.7s remaining=130
    iter=1871 E=-2.1051234325 nfev=1879 t=1312.3s remaining=129
    iter=1872 E=-2.1051241039 nfev=1880 t=1313.1s remaining=128
    iter=1873 E=-2.1051247838 nfev=1881 t=1313.8s remaining=127
    iter=1874 E=-2.1051253798 nfev=1882 t=1314.6s remaining=126
    iter=1875 E=-2.1051260372 nfev=1883 t=1315.3s remaining=125
    iter=1876 E=-2.1051266428 nfev=1884 t=1316.0s remaining=124
    iter=1877 E=-2.1051271888 nfev=1885 t=1316.6s remaining=123
    iter=1878 E=-2.1051277525 nfev=1886 t=1317.2s remaining=122
    iter=1879 E=-2.1051281418 nfev=1887 t=1317.8s remaining=121
    iter=1880 E=-2.1051285544 nfev=1888 t=1318.4s remaining=120
    iter=1881 E=-2.1051289768 nfev=1889 t=1319.1s remaining=119
    iter=1882 E=-2.1051293386 nfev=1890 t=1319.8s remaining=118
    iter=1883 E=-2.1051297677 nfev=1891 t=1320.6s remaining=117
    iter=1884 E=-2.1051304124 nfev=1892 t=1321.2s remaining=116
    iter=1885 E=-2.1051312861 nfev=1893 t=1321.8s remaining=115
    iter=1886 E=-2.1051323356 nfev=1894 t=1322.5s remaining=114
    iter=1887 E=-2.1051333665 nfev=1895 t=1323.1s remaining=113
    iter=1888 E=-2.1051345494 nfev=1896 t=1323.7s remaining=112
    iter=1889 E=-2.1051357163 nfev=1897 t=1324.3s remaining=111
    iter=1890 E=-2.1051364011 nfev=1898 t=1325.0s remaining=110
    iter=1891 E=-2.1051370228 nfev=1899 t=1325.6s remaining=109
    iter=1892 E=-2.1051378813 nfev=1900 t=1326.3s remaining=108
    iter=1893 E=-2.1051390757 nfev=1901 t=1326.9s remaining=107
    iter=1894 E=-2.1051403945 nfev=1902 t=1327.5s remaining=106
    iter=1895 E=-2.1051416528 nfev=1903 t=1328.1s remaining=105
    iter=1896 E=-2.1051429597 nfev=1904 t=1328.8s remaining=104
    iter=1897 E=-2.1051442113 nfev=1905 t=1329.4s remaining=103
    iter=1898 E=-2.1051452471 nfev=1906 t=1330.1s remaining=102
    iter=1899 E=-2.1051464239 nfev=1907 t=1330.7s remaining=101
    iter=1900 E=-2.1051478002 nfev=1908 t=1331.5s remaining=100
    iter=1901 E=-2.1051488721 nfev=1909 t=1332.3s remaining=99
    iter=1902 E=-2.1051496348 nfev=1910 t=1333.0s remaining=98
    iter=1903 E=-2.1051507359 nfev=1911 t=1333.7s remaining=97
    iter=1904 E=-2.1051522101 nfev=1912 t=1334.3s remaining=96
    iter=1905 E=-2.1051534519 nfev=1913 t=1335.0s remaining=95
    iter=1906 E=-2.1051544079 nfev=1914 t=1335.6s remaining=94
    iter=1907 E=-2.1051554400 nfev=1915 t=1336.3s remaining=93
    iter=1908 E=-2.1051564928 nfev=1916 t=1336.9s remaining=92
    iter=1909 E=-2.1051575160 nfev=1917 t=1337.6s remaining=91
    iter=1910 E=-2.1051585844 nfev=1918 t=1338.3s remaining=90
    iter=1911 E=-2.1051596518 nfev=1919 t=1339.0s remaining=89
    iter=1912 E=-2.1051603765 nfev=1920 t=1339.7s remaining=88
    iter=1913 E=-2.1051608659 nfev=1921 t=1340.4s remaining=87
    iter=1914 E=-2.1051614623 nfev=1922 t=1341.2s remaining=86
    iter=1915 E=-2.1051620966 nfev=1923 t=1341.9s remaining=85
    iter=1916 E=-2.1051627060 nfev=1924 t=1342.7s remaining=84
    iter=1917 E=-2.1051634607 nfev=1925 t=1343.4s remaining=83
    iter=1918 E=-2.1051639924 nfev=1926 t=1344.0s remaining=82
    iter=1919 E=-2.1051646006 nfev=1927 t=1344.7s remaining=81
    iter=1920 E=-2.1051651964 nfev=1928 t=1345.3s remaining=80
    iter=1921 E=-2.1051659159 nfev=1929 t=1346.0s remaining=79
    iter=1922 E=-2.1051670604 nfev=1930 t=1346.7s remaining=78
    iter=1923 E=-2.1051686238 nfev=1931 t=1347.5s remaining=77
    iter=1924 E=-2.1051703655 nfev=1932 t=1348.3s remaining=76
    iter=1925 E=-2.1051726087 nfev=1933 t=1348.9s remaining=75
    iter=1926 E=-2.1051750920 nfev=1934 t=1349.5s remaining=74
    iter=1927 E=-2.1051764418 nfev=1935 t=1350.1s remaining=73
    iter=1928 E=-2.1051779937 nfev=1936 t=1350.7s remaining=72
    iter=1929 E=-2.1051793091 nfev=1937 t=1351.4s remaining=71
    iter=1930 E=-2.1051801367 nfev=1938 t=1352.0s remaining=70
    iter=1931 E=-2.1051806887 nfev=1939 t=1352.6s remaining=69
    iter=1932 E=-2.1051813382 nfev=1940 t=1353.2s remaining=68
    iter=1933 E=-2.1051821480 nfev=1941 t=1353.8s remaining=67
    iter=1934 E=-2.1051831854 nfev=1942 t=1354.5s remaining=66
    iter=1935 E=-2.1051841496 nfev=1943 t=1355.1s remaining=65
    iter=1936 E=-2.1051849433 nfev=1944 t=1355.7s remaining=64
    iter=1937 E=-2.1051857531 nfev=1945 t=1356.3s remaining=63
    iter=1938 E=-2.1051863881 nfev=1946 t=1356.9s remaining=62
    iter=1939 E=-2.1051868425 nfev=1947 t=1357.6s remaining=61
    iter=1940 E=-2.1051872043 nfev=1948 t=1358.3s remaining=60
    iter=1941 E=-2.1051875771 nfev=1949 t=1358.9s remaining=59
    iter=1942 E=-2.1051879267 nfev=1950 t=1359.5s remaining=58
    iter=1943 E=-2.1051883670 nfev=1951 t=1360.2s remaining=57
    iter=1944 E=-2.1051888053 nfev=1952 t=1361.0s remaining=56
    iter=1945 E=-2.1051891467 nfev=1953 t=1361.7s remaining=55
    iter=1946 E=-2.1051895800 nfev=1954 t=1362.6s remaining=54
    iter=1947 E=-2.1051900954 nfev=1955 t=1363.4s remaining=53
    iter=1948 E=-2.1051906997 nfev=1956 t=1364.0s remaining=52
    iter=1949 E=-2.1051914351 nfev=1957 t=1364.7s remaining=51
    iter=1950 E=-2.1051923957 nfev=1958 t=1365.4s remaining=50
    iter=1951 E=-2.1051936374 nfev=1959 t=1366.2s remaining=49
    iter=1952 E=-2.1051948382 nfev=1960 t=1366.8s remaining=48
    iter=1953 E=-2.1051958442 nfev=1961 t=1367.5s remaining=47
    iter=1954 E=-2.1051967752 nfev=1962 t=1368.3s remaining=46
    iter=1955 E=-2.1051975473 nfev=1963 t=1369.0s remaining=45
    iter=1956 E=-2.1051981589 nfev=1964 t=1369.7s remaining=44
    iter=1957 E=-2.1051986491 nfev=1965 t=1370.3s remaining=43
    iter=1958 E=-2.1051990074 nfev=1966 t=1371.0s remaining=42
    iter=1959 E=-2.1051993871 nfev=1967 t=1371.7s remaining=41
    iter=1960 E=-2.1051998293 nfev=1968 t=1372.4s remaining=40
    iter=1961 E=-2.1052003531 nfev=1969 t=1373.0s remaining=39
    iter=1962 E=-2.1052007540 nfev=1970 t=1373.7s remaining=38
    iter=1963 E=-2.1052010738 nfev=1971 t=1374.3s remaining=37
    iter=1964 E=-2.1052013486 nfev=1972 t=1375.0s remaining=36
    iter=1965 E=-2.1052015549 nfev=1973 t=1375.7s remaining=35
    iter=1966 E=-2.1052017559 nfev=1974 t=1376.4s remaining=34
    iter=1967 E=-2.1052020030 nfev=1975 t=1377.1s remaining=33
    iter=1968 E=-2.1052022209 nfev=1976 t=1377.7s remaining=32
    iter=1969 E=-2.1052025307 nfev=1977 t=1378.3s remaining=31
    iter=1970 E=-2.1052028804 nfev=1978 t=1378.9s remaining=30
    iter=1971 E=-2.1052032621 nfev=1979 t=1379.7s remaining=29
    iter=1972 E=-2.1052037198 nfev=1980 t=1380.3s remaining=28
    iter=1973 E=-2.1052042944 nfev=1981 t=1381.0s remaining=27
    iter=1974 E=-2.1052047676 nfev=1982 t=1381.6s remaining=26
    iter=1975 E=-2.1052051729 nfev=1983 t=1382.3s remaining=25
    iter=1976 E=-2.1052055426 nfev=1984 t=1383.0s remaining=24
    iter=1977 E=-2.1052057918 nfev=1985 t=1383.6s remaining=23
    iter=1978 E=-2.1052060488 nfev=1986 t=1384.2s remaining=22
    iter=1979 E=-2.1052064151 nfev=1987 t=1384.9s remaining=21
    iter=1980 E=-2.1052068774 nfev=1988 t=1385.5s remaining=20
    iter=1981 E=-2.1052073479 nfev=1989 t=1386.3s remaining=19
    iter=1982 E=-2.1052077725 nfev=1990 t=1387.3s remaining=18
    iter=1983 E=-2.1052082117 nfev=1991 t=1388.0s remaining=17
    iter=1984 E=-2.1052085152 nfev=1992 t=1388.6s remaining=16
    iter=1985 E=-2.1052087653 nfev=1993 t=1389.3s remaining=15
    iter=1986 E=-2.1052089599 nfev=1994 t=1389.9s remaining=14
    iter=1987 E=-2.1052090738 nfev=1995 t=1390.7s remaining=13
    iter=1988 E=-2.1052091547 nfev=1996 t=1391.5s remaining=12
    iter=1989 E=-2.1052092363 nfev=1997 t=1392.1s remaining=11
    iter=1990 E=-2.1052093531 nfev=1998 t=1392.8s remaining=10
    iter=1991 E=-2.1052094934 nfev=1999 t=1393.4s remaining=9
    iter=1992 E=-2.1052097037 nfev=2000 t=1394.1s remaining=8
    iter=1993 E=-2.1052100277 nfev=2001 t=1394.7s remaining=7
    iter=1994 E=-2.1052105174 nfev=2002 t=1395.6s remaining=6
    iter=1995 E=-2.1052111406 nfev=2003 t=1396.3s remaining=5
    iter=1996 E=-2.1052118256 nfev=2004 t=1396.9s remaining=4
    iter=1997 E=-2.1052126286 nfev=2005 t=1397.5s remaining=3
    iter=1998 E=-2.1052133563 nfev=2006 t=1398.2s remaining=2
    iter=1999 E=-2.1052141051 nfev=2007 t=1398.8s remaining=1
    iter=2000 E=-2.1052147915 nfev=2008 t=1399.5s remaining=0
    iter=2000 E=-2.1052147915 nfev=2008 t=1399.5s remaining=0
    seed=0 E=-2.1052147915 dE=+1.782e-03 nit=2000 ok=False t=1399.5s
  r=0.70  L=6   npar=260   E=-2.1052147915  |E-FCI|=1.782e-03  FCI=no   chem=no

=== summary (best seed per layer) ===
  bond   L ansatz                 npar              E     |E-FCI|  FCI? chem?
  0.70   6 (ECD+SNAP)^6 + ECD      260  -2.1052147915   1.782e-03    no    no

wrote data/results/h4_hybrid_L6_nobs_r0070.json
