self-check ok (nfock=4, use_bs=False, worst FD rel err 0.00e+00)
per-iter log: data/results/h4_hybrid_L10_nobs_r0200_iters.jsonl
live snapshot: data/results/h4_hybrid_L10_nobs_r0200_live.json

=== build H4 JWT Hamiltonian at R=2.00 Å ===
=== r=2.00 Å   FCI(pyscf)=-1.8977806460  eig=-1.8977806460  paper_fci=-1.89778065  paper_SNAP_D20=-1.8977806471287584 ===
-- r=2.00  (ECD+SNAP)^10 + ECD   npar=428 --
    iter=1 E=-1.0232762336 nfev=2 t=3.5s remaining=1999
    iter=2 E=-1.1323718170 nfev=4 t=7.0s remaining=1998
    iter=3 E=-1.1843804861 nfev=6 t=10.5s remaining=1997
    iter=4 E=-1.2129075014 nfev=7 t=12.3s remaining=1996
    iter=5 E=-1.2408092770 nfev=8 t=14.1s remaining=1995
    iter=6 E=-1.2820616140 nfev=9 t=16.0s remaining=1994
    iter=7 E=-1.3070671130 nfev=10 t=17.8s remaining=1993
    iter=8 E=-1.3341479156 nfev=11 t=19.6s remaining=1992
    iter=9 E=-1.3558081276 nfev=12 t=21.4s remaining=1991
    iter=10 E=-1.3704362698 nfev=13 t=23.2s remaining=1990
    iter=11 E=-1.3891278019 nfev=14 t=25.0s remaining=1989
    iter=12 E=-1.4065706358 nfev=15 t=26.8s remaining=1988
    iter=13 E=-1.4227934800 nfev=16 t=28.6s remaining=1987
    iter=14 E=-1.4326705715 nfev=17 t=30.5s remaining=1986
    iter=15 E=-1.4467712204 nfev=18 t=32.3s remaining=1985
    iter=16 E=-1.4587119388 nfev=19 t=34.3s remaining=1984
    iter=17 E=-1.4732229524 nfev=20 t=36.1s remaining=1983
    iter=18 E=-1.4880595482 nfev=21 t=37.9s remaining=1982
    iter=19 E=-1.4956987596 nfev=22 t=39.7s remaining=1981
    iter=20 E=-1.5064265237 nfev=23 t=41.5s remaining=1980
    iter=21 E=-1.5176056044 nfev=24 t=43.1s remaining=1979
    iter=22 E=-1.5281367567 nfev=25 t=44.9s remaining=1978
    iter=23 E=-1.5396517500 nfev=26 t=46.7s remaining=1977
    iter=24 E=-1.5453943977 nfev=27 t=48.5s remaining=1976
    iter=25 E=-1.5533589548 nfev=28 t=50.3s remaining=1975
    iter=26 E=-1.5627370885 nfev=29 t=52.0s remaining=1974
    iter=27 E=-1.5714646412 nfev=30 t=53.7s remaining=1973
    iter=28 E=-1.5808537158 nfev=31 t=55.6s remaining=1972
    iter=29 E=-1.5906646399 nfev=32 t=57.3s remaining=1971
    iter=30 E=-1.5995643131 nfev=33 t=59.0s remaining=1970
    iter=31 E=-1.6071530325 nfev=34 t=60.8s remaining=1969
    iter=32 E=-1.6158756317 nfev=35 t=62.7s remaining=1968
    iter=33 E=-1.6207542984 nfev=36 t=64.6s remaining=1967
    iter=34 E=-1.6265997099 nfev=37 t=66.4s remaining=1966
    iter=35 E=-1.6323032584 nfev=38 t=68.1s remaining=1965
    iter=36 E=-1.6377336729 nfev=39 t=69.9s remaining=1964
    iter=37 E=-1.6415010155 nfev=40 t=71.7s remaining=1963
    iter=38 E=-1.6460938166 nfev=41 t=73.4s remaining=1962
    iter=39 E=-1.6515447843 nfev=42 t=75.1s remaining=1961
    iter=40 E=-1.6555674722 nfev=43 t=76.8s remaining=1960
    iter=41 E=-1.6608795041 nfev=44 t=78.5s remaining=1959
    iter=42 E=-1.6674555247 nfev=45 t=80.2s remaining=1958
    iter=43 E=-1.6728088327 nfev=46 t=82.0s remaining=1957
    iter=44 E=-1.6789506996 nfev=47 t=83.7s remaining=1956
    iter=45 E=-1.6832554344 nfev=48 t=85.5s remaining=1955
    iter=46 E=-1.6886427228 nfev=49 t=87.3s remaining=1954
    iter=47 E=-1.6937546258 nfev=50 t=89.0s remaining=1953
    iter=48 E=-1.6994449987 nfev=51 t=90.8s remaining=1952
    iter=49 E=-1.7034199838 nfev=52 t=92.6s remaining=1951
    iter=50 E=-1.7084634056 nfev=53 t=94.3s remaining=1950
    iter=51 E=-1.7139245706 nfev=54 t=96.1s remaining=1949
    iter=52 E=-1.7160109913 nfev=55 t=97.9s remaining=1948
    iter=53 E=-1.7192248407 nfev=56 t=99.6s remaining=1947
    iter=54 E=-1.7235414510 nfev=57 t=101.3s remaining=1946
    iter=55 E=-1.7277053816 nfev=58 t=103.3s remaining=1945
    iter=56 E=-1.7309015445 nfev=59 t=105.2s remaining=1944
    iter=57 E=-1.7346158175 nfev=60 t=107.1s remaining=1943
    iter=58 E=-1.7386471614 nfev=61 t=109.0s remaining=1942
    iter=59 E=-1.7433867596 nfev=62 t=110.7s remaining=1941
    iter=60 E=-1.7466833647 nfev=63 t=112.5s remaining=1940
    iter=61 E=-1.7503862009 nfev=64 t=114.3s remaining=1939
    iter=62 E=-1.7546527980 nfev=65 t=116.0s remaining=1938
    iter=63 E=-1.7559502168 nfev=66 t=117.8s remaining=1937
    iter=64 E=-1.7581860305 nfev=67 t=119.6s remaining=1936
    iter=65 E=-1.7617222447 nfev=68 t=121.4s remaining=1935
    iter=66 E=-1.7658953023 nfev=69 t=123.1s remaining=1934
    iter=67 E=-1.7673757076 nfev=70 t=124.9s remaining=1933
    iter=68 E=-1.7697370956 nfev=71 t=126.7s remaining=1932
    iter=69 E=-1.7730124604 nfev=72 t=128.5s remaining=1931
    iter=70 E=-1.7760326821 nfev=73 t=130.2s remaining=1930
    iter=71 E=-1.7793739659 nfev=74 t=132.1s remaining=1929
    iter=72 E=-1.7817469664 nfev=75 t=134.0s remaining=1928
    iter=73 E=-1.7843537811 nfev=76 t=135.8s remaining=1927
    iter=74 E=-1.7860486252 nfev=77 t=137.5s remaining=1926
    iter=75 E=-1.7882657897 nfev=78 t=139.2s remaining=1925
    iter=76 E=-1.7904423621 nfev=79 t=141.1s remaining=1924
    iter=77 E=-1.7923005008 nfev=80 t=143.0s remaining=1923
    iter=78 E=-1.7945232761 nfev=81 t=145.0s remaining=1922
    iter=79 E=-1.7966309869 nfev=82 t=146.8s remaining=1921
    iter=80 E=-1.7980793577 nfev=83 t=148.5s remaining=1920
    iter=81 E=-1.7998133895 nfev=84 t=150.3s remaining=1919
    iter=82 E=-1.8007166779 nfev=85 t=152.0s remaining=1918
    iter=83 E=-1.8020753932 nfev=86 t=153.9s remaining=1917
    iter=84 E=-1.8039019376 nfev=87 t=155.7s remaining=1916
    iter=85 E=-1.8055545919 nfev=88 t=157.5s remaining=1915
    iter=86 E=-1.8068997039 nfev=89 t=159.3s remaining=1914
    iter=87 E=-1.8086837858 nfev=90 t=161.2s remaining=1913
    iter=88 E=-1.8103378416 nfev=91 t=163.0s remaining=1912
    iter=89 E=-1.8116287325 nfev=92 t=164.9s remaining=1911
    iter=90 E=-1.8131452205 nfev=93 t=166.6s remaining=1910
    iter=91 E=-1.8149182353 nfev=94 t=168.5s remaining=1909
    iter=92 E=-1.8159938386 nfev=95 t=170.5s remaining=1908
    iter=93 E=-1.8172806934 nfev=96 t=172.4s remaining=1907
    iter=94 E=-1.8188441049 nfev=97 t=174.1s remaining=1906
    iter=95 E=-1.8200280763 nfev=98 t=175.9s remaining=1905
    iter=96 E=-1.8212916466 nfev=99 t=177.7s remaining=1904
    iter=97 E=-1.8226836958 nfev=100 t=179.5s remaining=1903
    iter=98 E=-1.8235136639 nfev=101 t=181.2s remaining=1902
    iter=99 E=-1.8246222662 nfev=102 t=183.0s remaining=1901
    iter=100 E=-1.8259612871 nfev=103 t=184.8s remaining=1900
    iter=101 E=-1.8272671376 nfev=104 t=186.6s remaining=1899
    iter=102 E=-1.8285127861 nfev=105 t=188.6s remaining=1898
    iter=103 E=-1.8295970217 nfev=106 t=190.3s remaining=1897
    iter=104 E=-1.8304772928 nfev=107 t=192.2s remaining=1896
    iter=105 E=-1.8313374410 nfev=108 t=194.3s remaining=1895
    iter=106 E=-1.8324539054 nfev=109 t=196.2s remaining=1894
    iter=107 E=-1.8335008196 nfev=110 t=198.0s remaining=1893
    iter=108 E=-1.8345249637 nfev=111 t=199.8s remaining=1892
    iter=109 E=-1.8355594081 nfev=112 t=201.6s remaining=1891
    iter=110 E=-1.8365628370 nfev=113 t=203.4s remaining=1890
    iter=111 E=-1.8374642570 nfev=114 t=205.2s remaining=1889
    iter=112 E=-1.8382900871 nfev=115 t=206.9s remaining=1888
    iter=113 E=-1.8390213376 nfev=116 t=208.7s remaining=1887
    iter=114 E=-1.8397328333 nfev=117 t=210.5s remaining=1886
    iter=115 E=-1.8404474145 nfev=118 t=212.2s remaining=1885
    iter=116 E=-1.8412359793 nfev=119 t=214.0s remaining=1884
    iter=117 E=-1.8418864819 nfev=120 t=215.8s remaining=1883
    iter=118 E=-1.8425974840 nfev=121 t=217.6s remaining=1882
    iter=119 E=-1.8434057440 nfev=122 t=219.4s remaining=1881
    iter=120 E=-1.8441787863 nfev=123 t=221.2s remaining=1880
    iter=121 E=-1.8447490628 nfev=124 t=223.1s remaining=1879
    iter=122 E=-1.8453418641 nfev=125 t=225.0s remaining=1878
    iter=123 E=-1.8458729236 nfev=126 t=227.0s remaining=1877
    iter=124 E=-1.8462816154 nfev=127 t=228.8s remaining=1876
    iter=125 E=-1.8468024023 nfev=128 t=230.7s remaining=1875
    iter=126 E=-1.8473514103 nfev=129 t=232.5s remaining=1874
    iter=127 E=-1.8477892058 nfev=130 t=234.3s remaining=1873
    iter=128 E=-1.8482026972 nfev=131 t=236.2s remaining=1872
    iter=129 E=-1.8486148570 nfev=132 t=238.0s remaining=1871
    iter=130 E=-1.8489879547 nfev=133 t=239.8s remaining=1870
    iter=131 E=-1.8494001497 nfev=134 t=241.7s remaining=1869
    iter=132 E=-1.8498688535 nfev=135 t=243.5s remaining=1868
    iter=133 E=-1.8503201562 nfev=136 t=245.3s remaining=1867
    iter=134 E=-1.8507417389 nfev=137 t=247.0s remaining=1866
    iter=135 E=-1.8511017438 nfev=138 t=249.0s remaining=1865
    iter=136 E=-1.8515102330 nfev=139 t=251.3s remaining=1864
    iter=137 E=-1.8519617007 nfev=140 t=253.6s remaining=1863
    iter=138 E=-1.8523268202 nfev=141 t=255.7s remaining=1862
    iter=139 E=-1.8526307788 nfev=142 t=257.4s remaining=1861
    iter=140 E=-1.8529814339 nfev=143 t=259.1s remaining=1860
    iter=141 E=-1.8532966473 nfev=144 t=261.1s remaining=1859
    iter=142 E=-1.8535896422 nfev=145 t=263.1s remaining=1858
    iter=143 E=-1.8538640133 nfev=146 t=265.9s remaining=1857
    iter=144 E=-1.8541067190 nfev=147 t=268.3s remaining=1856
    iter=145 E=-1.8543268582 nfev=148 t=271.6s remaining=1855
    iter=146 E=-1.8545395332 nfev=149 t=274.2s remaining=1854
    iter=147 E=-1.8547674442 nfev=150 t=277.1s remaining=1853
    iter=148 E=-1.8550338689 nfev=151 t=279.5s remaining=1852
    iter=149 E=-1.8553229866 nfev=152 t=281.7s remaining=1851
    iter=150 E=-1.8556106578 nfev=153 t=283.6s remaining=1850
    iter=151 E=-1.8558906055 nfev=154 t=285.3s remaining=1849
    iter=152 E=-1.8561398105 nfev=155 t=287.2s remaining=1848
    iter=153 E=-1.8563710309 nfev=156 t=289.0s remaining=1847
    iter=154 E=-1.8566310948 nfev=157 t=290.8s remaining=1846
    iter=155 E=-1.8568369364 nfev=158 t=293.0s remaining=1845
    iter=156 E=-1.8570807026 nfev=159 t=294.7s remaining=1844
    iter=157 E=-1.8573726766 nfev=160 t=296.5s remaining=1843
    iter=158 E=-1.8576222330 nfev=161 t=298.3s remaining=1842
    iter=159 E=-1.8578824004 nfev=162 t=300.1s remaining=1841
    iter=160 E=-1.8581864258 nfev=163 t=301.8s remaining=1840
    iter=161 E=-1.8584231919 nfev=164 t=303.6s remaining=1839
    iter=162 E=-1.8586723119 nfev=165 t=305.4s remaining=1838
    iter=163 E=-1.8589287127 nfev=166 t=307.2s remaining=1837
    iter=164 E=-1.8591794043 nfev=167 t=308.9s remaining=1836
    iter=165 E=-1.8594545316 nfev=168 t=310.6s remaining=1835
    iter=166 E=-1.8597332117 nfev=169 t=312.5s remaining=1834
    iter=167 E=-1.8600048354 nfev=170 t=314.4s remaining=1833
    iter=168 E=-1.8602954048 nfev=171 t=316.4s remaining=1832
    iter=169 E=-1.8605850891 nfev=172 t=318.4s remaining=1831
    iter=170 E=-1.8608874346 nfev=173 t=320.4s remaining=1830
    iter=171 E=-1.8612227111 nfev=174 t=322.2s remaining=1829
    iter=172 E=-1.8615568381 nfev=175 t=324.1s remaining=1828
    iter=173 E=-1.8618806759 nfev=176 t=326.1s remaining=1827
    iter=174 E=-1.8621726470 nfev=177 t=327.9s remaining=1826
    iter=175 E=-1.8625045912 nfev=178 t=329.6s remaining=1825
    iter=176 E=-1.8628539202 nfev=179 t=331.4s remaining=1824
    iter=177 E=-1.8631912726 nfev=180 t=333.6s remaining=1823
    iter=178 E=-1.8634656496 nfev=181 t=335.5s remaining=1822
    iter=179 E=-1.8637674354 nfev=182 t=337.2s remaining=1821
    iter=180 E=-1.8641025618 nfev=183 t=339.0s remaining=1820
    iter=181 E=-1.8644701930 nfev=184 t=340.8s remaining=1819
    iter=182 E=-1.8647895021 nfev=185 t=342.6s remaining=1818
    iter=183 E=-1.8650831217 nfev=186 t=344.5s remaining=1817
    iter=184 E=-1.8653307026 nfev=187 t=346.4s remaining=1816
    iter=185 E=-1.8655987052 nfev=188 t=348.2s remaining=1815
    iter=186 E=-1.8659043383 nfev=189 t=350.2s remaining=1814
    iter=187 E=-1.8661978977 nfev=190 t=351.9s remaining=1813
    iter=188 E=-1.8664710981 nfev=191 t=353.7s remaining=1812
    iter=189 E=-1.8667668607 nfev=192 t=355.6s remaining=1811
    iter=190 E=-1.8670910808 nfev=193 t=357.4s remaining=1810
    iter=191 E=-1.8673566346 nfev=194 t=359.2s remaining=1809
    iter=192 E=-1.8676405158 nfev=195 t=361.0s remaining=1808
    iter=193 E=-1.8679259616 nfev=196 t=362.8s remaining=1807
    iter=194 E=-1.8681666669 nfev=197 t=364.7s remaining=1806
    iter=195 E=-1.8683224240 nfev=198 t=366.4s remaining=1805
    iter=196 E=-1.8685525379 nfev=199 t=368.1s remaining=1804
    iter=197 E=-1.8688189620 nfev=200 t=369.9s remaining=1803
    iter=198 E=-1.8690106362 nfev=201 t=371.6s remaining=1802
    iter=199 E=-1.8692380157 nfev=202 t=373.4s remaining=1801
    iter=200 E=-1.8694496533 nfev=203 t=375.1s remaining=1800
    iter=201 E=-1.8696613142 nfev=204 t=376.8s remaining=1799
    iter=202 E=-1.8698847409 nfev=205 t=378.5s remaining=1798
    iter=203 E=-1.8700863940 nfev=206 t=380.4s remaining=1797
    iter=204 E=-1.8702391454 nfev=207 t=382.2s remaining=1796
    iter=205 E=-1.8704099941 nfev=208 t=384.0s remaining=1795
    iter=206 E=-1.8705746046 nfev=209 t=385.8s remaining=1794
    iter=207 E=-1.8707224720 nfev=210 t=387.5s remaining=1793
    iter=208 E=-1.8708751807 nfev=211 t=389.3s remaining=1792
    iter=209 E=-1.8710014175 nfev=212 t=391.0s remaining=1791
    iter=210 E=-1.8711291084 nfev=213 t=392.7s remaining=1790
    iter=211 E=-1.8712662000 nfev=214 t=394.4s remaining=1789
    iter=212 E=-1.8713881338 nfev=215 t=396.2s remaining=1788
    iter=213 E=-1.8715073504 nfev=216 t=398.0s remaining=1787
    iter=214 E=-1.8716231256 nfev=217 t=399.7s remaining=1786
    iter=215 E=-1.8717305278 nfev=218 t=401.4s remaining=1785
    iter=216 E=-1.8718368176 nfev=219 t=403.2s remaining=1784
    iter=217 E=-1.8719425319 nfev=220 t=404.9s remaining=1783
    iter=218 E=-1.8720471285 nfev=221 t=406.7s remaining=1782
    iter=219 E=-1.8721496901 nfev=222 t=408.4s remaining=1781
    iter=220 E=-1.8722545701 nfev=223 t=410.3s remaining=1780
    iter=221 E=-1.8723604560 nfev=224 t=412.1s remaining=1779
    iter=222 E=-1.8724568661 nfev=225 t=414.1s remaining=1778
    iter=223 E=-1.8725503714 nfev=226 t=415.9s remaining=1777
    iter=224 E=-1.8726458531 nfev=227 t=417.5s remaining=1776
    iter=225 E=-1.8727415972 nfev=228 t=419.3s remaining=1775
    iter=226 E=-1.8728357494 nfev=229 t=421.1s remaining=1774
    iter=227 E=-1.8729503639 nfev=230 t=423.1s remaining=1773
    iter=228 E=-1.8730584534 nfev=231 t=424.9s remaining=1772
    iter=229 E=-1.8731456026 nfev=232 t=426.6s remaining=1771
    iter=230 E=-1.8732388311 nfev=233 t=428.4s remaining=1770
    iter=231 E=-1.8733372431 nfev=234 t=430.3s remaining=1769
    iter=232 E=-1.8734367534 nfev=235 t=432.1s remaining=1768
    iter=233 E=-1.8735452018 nfev=236 t=434.0s remaining=1767
    iter=234 E=-1.8736636539 nfev=237 t=435.8s remaining=1766
    iter=235 E=-1.8737762700 nfev=238 t=437.6s remaining=1765
    iter=236 E=-1.8738801408 nfev=239 t=439.4s remaining=1764
    iter=237 E=-1.8739782293 nfev=240 t=441.2s remaining=1763
    iter=238 E=-1.8740713487 nfev=241 t=443.0s remaining=1762
    iter=239 E=-1.8741584251 nfev=242 t=444.8s remaining=1761
    iter=240 E=-1.8742637547 nfev=243 t=446.5s remaining=1760
    iter=241 E=-1.8743557322 nfev=244 t=448.2s remaining=1759
    iter=242 E=-1.8744410094 nfev=245 t=449.9s remaining=1758
    iter=243 E=-1.8745297902 nfev=246 t=451.7s remaining=1757
    iter=244 E=-1.8746228962 nfev=247 t=453.6s remaining=1756
    iter=245 E=-1.8747021585 nfev=248 t=455.4s remaining=1755
    iter=246 E=-1.8747883028 nfev=249 t=457.0s remaining=1754
    iter=247 E=-1.8748669402 nfev=250 t=458.7s remaining=1753
    iter=248 E=-1.8749407149 nfev=251 t=460.7s remaining=1752
    iter=249 E=-1.8750154922 nfev=252 t=462.4s remaining=1751
    iter=250 E=-1.8750920022 nfev=253 t=464.4s remaining=1750
    iter=251 E=-1.8751606533 nfev=254 t=466.2s remaining=1749
    iter=252 E=-1.8752462758 nfev=255 t=468.1s remaining=1748
    iter=253 E=-1.8753336978 nfev=256 t=469.9s remaining=1747
    iter=254 E=-1.8754095607 nfev=257 t=471.5s remaining=1746
    iter=255 E=-1.8754880926 nfev=258 t=473.3s remaining=1745
    iter=256 E=-1.8755749342 nfev=259 t=475.2s remaining=1744
    iter=257 E=-1.8756804212 nfev=260 t=476.9s remaining=1743
    iter=258 E=-1.8757673372 nfev=261 t=478.7s remaining=1742
    iter=259 E=-1.8758329846 nfev=262 t=480.5s remaining=1741
    iter=260 E=-1.8758933977 nfev=263 t=482.3s remaining=1740
    iter=261 E=-1.8759610827 nfev=264 t=484.1s remaining=1739
    iter=262 E=-1.8760245799 nfev=265 t=486.1s remaining=1738
    iter=263 E=-1.8760933428 nfev=266 t=487.9s remaining=1737
    iter=264 E=-1.8761570294 nfev=267 t=489.8s remaining=1736
    iter=265 E=-1.8762193956 nfev=268 t=491.5s remaining=1735
    iter=266 E=-1.8762857440 nfev=269 t=493.2s remaining=1734
    iter=267 E=-1.8763495403 nfev=270 t=494.9s remaining=1733
    iter=268 E=-1.8764037733 nfev=271 t=496.7s remaining=1732
    iter=269 E=-1.8764670926 nfev=272 t=498.4s remaining=1731
    iter=270 E=-1.8765468670 nfev=273 t=500.2s remaining=1730
    iter=271 E=-1.8766115678 nfev=274 t=502.1s remaining=1729
    iter=272 E=-1.8766799197 nfev=275 t=503.9s remaining=1728
    iter=273 E=-1.8767440720 nfev=276 t=505.6s remaining=1727
    iter=274 E=-1.8768144631 nfev=277 t=507.3s remaining=1726
    iter=275 E=-1.8768928924 nfev=278 t=509.2s remaining=1725
    iter=276 E=-1.8769764313 nfev=279 t=511.1s remaining=1724
    iter=277 E=-1.8770575507 nfev=280 t=512.9s remaining=1723
    iter=278 E=-1.8771365799 nfev=281 t=514.7s remaining=1722
    iter=279 E=-1.8772202420 nfev=282 t=516.3s remaining=1721
    iter=280 E=-1.8773165435 nfev=283 t=518.0s remaining=1720
    iter=281 E=-1.8774190997 nfev=284 t=519.7s remaining=1719
    iter=282 E=-1.8775204936 nfev=285 t=521.5s remaining=1718
    iter=283 E=-1.8776047964 nfev=286 t=523.3s remaining=1717
    iter=284 E=-1.8777051616 nfev=287 t=525.2s remaining=1716
    iter=285 E=-1.8778194693 nfev=288 t=527.3s remaining=1715
    iter=286 E=-1.8779090859 nfev=289 t=529.2s remaining=1714
    iter=287 E=-1.8779943465 nfev=290 t=531.1s remaining=1713
    iter=288 E=-1.8780942994 nfev=291 t=533.1s remaining=1712
    iter=289 E=-1.8782059240 nfev=292 t=535.0s remaining=1711
    iter=290 E=-1.8783153303 nfev=293 t=536.8s remaining=1710
    iter=291 E=-1.8784353861 nfev=294 t=538.6s remaining=1709
    iter=292 E=-1.8785525656 nfev=295 t=540.7s remaining=1708
    iter=293 E=-1.8786636556 nfev=296 t=542.5s remaining=1707
    iter=294 E=-1.8787800335 nfev=297 t=544.3s remaining=1706
    iter=295 E=-1.8789001632 nfev=298 t=546.2s remaining=1705
    iter=296 E=-1.8790108461 nfev=299 t=548.0s remaining=1704
    iter=297 E=-1.8791118442 nfev=300 t=549.8s remaining=1703
    iter=298 E=-1.8791957877 nfev=301 t=551.7s remaining=1702
    iter=299 E=-1.8792817376 nfev=302 t=553.8s remaining=1701
    iter=300 E=-1.8793739753 nfev=303 t=555.8s remaining=1700
    iter=301 E=-1.8794568471 nfev=304 t=557.8s remaining=1699
    iter=302 E=-1.8795336629 nfev=305 t=559.6s remaining=1698
    iter=303 E=-1.8796223409 nfev=306 t=561.5s remaining=1697
    iter=304 E=-1.8797235483 nfev=307 t=563.3s remaining=1696
    iter=305 E=-1.8798018711 nfev=308 t=565.1s remaining=1695
    iter=306 E=-1.8798793655 nfev=309 t=567.2s remaining=1694
    iter=307 E=-1.8799680518 nfev=310 t=569.0s remaining=1693
    iter=308 E=-1.8800538255 nfev=311 t=570.9s remaining=1692
    iter=309 E=-1.8801186366 nfev=312 t=572.7s remaining=1691
    iter=310 E=-1.8801840433 nfev=313 t=574.6s remaining=1690
    iter=311 E=-1.8802461827 nfev=314 t=576.5s remaining=1689
    iter=312 E=-1.8803038918 nfev=315 t=578.3s remaining=1688
    iter=313 E=-1.8803563598 nfev=316 t=580.2s remaining=1687
    iter=314 E=-1.8804051842 nfev=317 t=582.3s remaining=1686
    iter=315 E=-1.8804586713 nfev=318 t=584.1s remaining=1685
    iter=316 E=-1.8805168291 nfev=319 t=585.8s remaining=1684
    iter=317 E=-1.8805756385 nfev=320 t=587.6s remaining=1683
    iter=318 E=-1.8806301428 nfev=321 t=589.5s remaining=1682
    iter=319 E=-1.8806832497 nfev=322 t=591.3s remaining=1681
    iter=320 E=-1.8807420487 nfev=323 t=593.0s remaining=1680
    iter=321 E=-1.8808101571 nfev=324 t=594.8s remaining=1679
    iter=322 E=-1.8808864778 nfev=325 t=596.6s remaining=1678
    iter=323 E=-1.8809513671 nfev=326 t=598.3s remaining=1677
    iter=324 E=-1.8810104334 nfev=327 t=600.1s remaining=1676
    iter=325 E=-1.8810680194 nfev=328 t=601.8s remaining=1675
    iter=326 E=-1.8811291983 nfev=329 t=603.6s remaining=1674
    iter=327 E=-1.8811967565 nfev=330 t=605.4s remaining=1673
    iter=328 E=-1.8812638388 nfev=331 t=607.4s remaining=1672
    iter=329 E=-1.8813220587 nfev=332 t=609.2s remaining=1671
    iter=330 E=-1.8813860616 nfev=333 t=611.1s remaining=1670
    iter=331 E=-1.8814489971 nfev=334 t=613.0s remaining=1669
    iter=332 E=-1.8815100864 nfev=335 t=614.8s remaining=1668
    iter=333 E=-1.8815726922 nfev=336 t=616.6s remaining=1667
    iter=334 E=-1.8816391067 nfev=337 t=618.3s remaining=1666
    iter=335 E=-1.8817069191 nfev=338 t=620.1s remaining=1665
    iter=336 E=-1.8817666536 nfev=339 t=622.0s remaining=1664
    iter=337 E=-1.8818193590 nfev=340 t=623.9s remaining=1663
    iter=338 E=-1.8818752734 nfev=341 t=625.7s remaining=1662
    iter=339 E=-1.8819377494 nfev=342 t=627.5s remaining=1661
    iter=340 E=-1.8819868406 nfev=343 t=629.3s remaining=1660
    iter=341 E=-1.8820314772 nfev=344 t=631.1s remaining=1659
    iter=342 E=-1.8820769104 nfev=345 t=633.0s remaining=1658
    iter=343 E=-1.8821329786 nfev=346 t=634.8s remaining=1657
    iter=344 E=-1.8821786090 nfev=347 t=636.6s remaining=1656
    iter=345 E=-1.8822304840 nfev=348 t=638.3s remaining=1655
    iter=346 E=-1.8822812560 nfev=349 t=640.0s remaining=1654
    iter=347 E=-1.8823381044 nfev=350 t=641.8s remaining=1653
    iter=348 E=-1.8824001312 nfev=351 t=643.5s remaining=1652
    iter=349 E=-1.8824636858 nfev=352 t=645.4s remaining=1651
    iter=350 E=-1.8825227760 nfev=353 t=647.1s remaining=1650
    iter=351 E=-1.8825830832 nfev=354 t=648.9s remaining=1649
    iter=352 E=-1.8826548018 nfev=355 t=650.7s remaining=1648
    iter=353 E=-1.8827275099 nfev=356 t=652.5s remaining=1647
    iter=354 E=-1.8827848788 nfev=357 t=654.4s remaining=1646
    iter=355 E=-1.8828345089 nfev=358 t=656.1s remaining=1645
    iter=356 E=-1.8828834433 nfev=359 t=657.8s remaining=1644
    iter=357 E=-1.8829323837 nfev=360 t=659.8s remaining=1643
    iter=358 E=-1.8829768442 nfev=361 t=661.6s remaining=1642
    iter=359 E=-1.8830170588 nfev=362 t=663.4s remaining=1641
    iter=360 E=-1.8830613754 nfev=363 t=665.3s remaining=1640
    iter=361 E=-1.8831072496 nfev=364 t=667.0s remaining=1639
    iter=362 E=-1.8831516039 nfev=365 t=668.7s remaining=1638
    iter=363 E=-1.8831919720 nfev=366 t=670.5s remaining=1637
    iter=364 E=-1.8832383546 nfev=367 t=672.3s remaining=1636
    iter=365 E=-1.8832882774 nfev=368 t=674.1s remaining=1635
    iter=366 E=-1.8833403831 nfev=369 t=675.8s remaining=1634
    iter=367 E=-1.8833939992 nfev=370 t=677.5s remaining=1633
    iter=368 E=-1.8834512456 nfev=371 t=679.2s remaining=1632
    iter=369 E=-1.8835096456 nfev=372 t=681.0s remaining=1631
    iter=370 E=-1.8835645634 nfev=373 t=682.7s remaining=1630
    iter=371 E=-1.8836105581 nfev=374 t=684.4s remaining=1629
    iter=372 E=-1.8836553116 nfev=375 t=686.2s remaining=1628
    iter=373 E=-1.8837075123 nfev=376 t=688.1s remaining=1627
    iter=374 E=-1.8837697877 nfev=377 t=690.0s remaining=1626
    iter=375 E=-1.8838373667 nfev=378 t=691.7s remaining=1625
    iter=376 E=-1.8839057898 nfev=379 t=693.6s remaining=1624
    iter=377 E=-1.8839668668 nfev=380 t=695.6s remaining=1623
    iter=378 E=-1.8840287011 nfev=381 t=697.3s remaining=1622
    iter=379 E=-1.8840931080 nfev=382 t=699.2s remaining=1621
    iter=380 E=-1.8841563578 nfev=383 t=701.0s remaining=1620
    iter=381 E=-1.8842170588 nfev=384 t=702.7s remaining=1619
    iter=382 E=-1.8842720406 nfev=385 t=704.6s remaining=1618
    iter=383 E=-1.8843298350 nfev=386 t=706.4s remaining=1617
    iter=384 E=-1.8843982546 nfev=387 t=708.2s remaining=1616
    iter=385 E=-1.8844703523 nfev=388 t=710.0s remaining=1615
    iter=386 E=-1.8845136261 nfev=389 t=711.8s remaining=1614
    iter=387 E=-1.8845594675 nfev=390 t=713.7s remaining=1613
    iter=388 E=-1.8846188521 nfev=391 t=715.4s remaining=1612
    iter=389 E=-1.8846632466 nfev=392 t=717.1s remaining=1611
    iter=390 E=-1.8847183889 nfev=393 t=718.9s remaining=1610
    iter=391 E=-1.8847732348 nfev=394 t=720.7s remaining=1609
    iter=392 E=-1.8848207980 nfev=395 t=722.6s remaining=1608
    iter=393 E=-1.8848612028 nfev=396 t=724.4s remaining=1607
    iter=394 E=-1.8849018084 nfev=397 t=726.2s remaining=1606
    iter=395 E=-1.8849409925 nfev=398 t=728.0s remaining=1605
    iter=396 E=-1.8849785337 nfev=399 t=729.8s remaining=1604
    iter=397 E=-1.8850113063 nfev=400 t=731.5s remaining=1603
    iter=398 E=-1.8850411532 nfev=401 t=733.3s remaining=1602
    iter=399 E=-1.8850777225 nfev=402 t=735.1s remaining=1601
    iter=400 E=-1.8851146606 nfev=403 t=737.0s remaining=1600
    iter=401 E=-1.8851477138 nfev=404 t=738.9s remaining=1599
    iter=402 E=-1.8851766790 nfev=405 t=740.7s remaining=1598
    iter=403 E=-1.8852031456 nfev=406 t=742.4s remaining=1597
    iter=404 E=-1.8852323890 nfev=407 t=744.1s remaining=1596
    iter=405 E=-1.8852701862 nfev=408 t=745.8s remaining=1595
    iter=406 E=-1.8853029565 nfev=409 t=747.6s remaining=1594
    iter=407 E=-1.8853349398 nfev=410 t=749.3s remaining=1593
    iter=408 E=-1.8853701677 nfev=411 t=751.1s remaining=1592
    iter=409 E=-1.8854027506 nfev=412 t=752.8s remaining=1591
    iter=410 E=-1.8854383953 nfev=413 t=754.6s remaining=1590
    iter=411 E=-1.8854768130 nfev=414 t=756.3s remaining=1589
    iter=412 E=-1.8855156261 nfev=415 t=758.0s remaining=1588
    iter=413 E=-1.8855478136 nfev=416 t=759.7s remaining=1587
    iter=414 E=-1.8855745608 nfev=417 t=761.8s remaining=1586
    iter=415 E=-1.8856012095 nfev=418 t=763.6s remaining=1585
    iter=416 E=-1.8856294040 nfev=419 t=765.4s remaining=1584
    iter=417 E=-1.8856564568 nfev=420 t=767.2s remaining=1583
    iter=418 E=-1.8856806398 nfev=421 t=769.2s remaining=1582
    iter=419 E=-1.8857019590 nfev=422 t=771.0s remaining=1581
    iter=420 E=-1.8857223555 nfev=423 t=772.7s remaining=1580
    iter=421 E=-1.8857456350 nfev=424 t=774.6s remaining=1579
    iter=422 E=-1.8857660080 nfev=425 t=776.5s remaining=1578
    iter=423 E=-1.8857824876 nfev=426 t=778.2s remaining=1577
    iter=424 E=-1.8857987269 nfev=427 t=780.0s remaining=1576
    iter=425 E=-1.8858182262 nfev=428 t=781.8s remaining=1575
    iter=426 E=-1.8858385438 nfev=429 t=783.5s remaining=1574
    iter=427 E=-1.8858572650 nfev=430 t=785.3s remaining=1573
    iter=428 E=-1.8858741234 nfev=431 t=787.2s remaining=1572
    iter=429 E=-1.8858914319 nfev=432 t=789.0s remaining=1571
    iter=430 E=-1.8859105900 nfev=433 t=790.9s remaining=1570
    iter=431 E=-1.8859278379 nfev=434 t=792.8s remaining=1569
    iter=432 E=-1.8859398049 nfev=435 t=794.6s remaining=1568
    iter=433 E=-1.8859525148 nfev=436 t=796.4s remaining=1567
    iter=434 E=-1.8859684100 nfev=437 t=798.3s remaining=1566
    iter=435 E=-1.8859834783 nfev=438 t=800.1s remaining=1565
    iter=436 E=-1.8859993152 nfev=439 t=801.9s remaining=1564
    iter=437 E=-1.8860138271 nfev=440 t=803.8s remaining=1563
    iter=438 E=-1.8860274072 nfev=441 t=805.5s remaining=1562
    iter=439 E=-1.8860427531 nfev=442 t=807.3s remaining=1561
    iter=440 E=-1.8860602213 nfev=443 t=809.0s remaining=1560
    iter=441 E=-1.8860760688 nfev=444 t=810.8s remaining=1559
    iter=442 E=-1.8860890006 nfev=445 t=812.6s remaining=1558
    iter=443 E=-1.8861009955 nfev=446 t=814.6s remaining=1557
    iter=444 E=-1.8861133663 nfev=447 t=816.4s remaining=1556
    iter=445 E=-1.8861252146 nfev=448 t=818.3s remaining=1555
    iter=446 E=-1.8861365732 nfev=449 t=820.1s remaining=1554
    iter=447 E=-1.8861475745 nfev=450 t=822.0s remaining=1553
    iter=448 E=-1.8861586628 nfev=451 t=823.7s remaining=1552
    iter=449 E=-1.8861705435 nfev=452 t=825.4s remaining=1551
    iter=450 E=-1.8861821902 nfev=453 t=827.2s remaining=1550
    iter=451 E=-1.8861933735 nfev=454 t=829.0s remaining=1549
    iter=452 E=-1.8862057667 nfev=455 t=830.8s remaining=1548
    iter=453 E=-1.8862183072 nfev=456 t=832.5s remaining=1547
    iter=454 E=-1.8862290174 nfev=457 t=834.2s remaining=1546
    iter=455 E=-1.8862387813 nfev=458 t=835.9s remaining=1545
    iter=456 E=-1.8862489914 nfev=459 t=837.6s remaining=1544
    iter=457 E=-1.8862602729 nfev=460 t=839.4s remaining=1543
    iter=458 E=-1.8862704223 nfev=461 t=841.5s remaining=1542
    iter=459 E=-1.8862816911 nfev=462 t=843.3s remaining=1541
    iter=460 E=-1.8862935140 nfev=463 t=845.0s remaining=1540
    iter=461 E=-1.8863041736 nfev=464 t=846.9s remaining=1539
    iter=462 E=-1.8863136656 nfev=465 t=848.8s remaining=1538
    iter=463 E=-1.8863228651 nfev=466 t=850.6s remaining=1537
    iter=464 E=-1.8863323556 nfev=467 t=852.5s remaining=1536
    iter=465 E=-1.8863413871 nfev=468 t=854.3s remaining=1535
    iter=466 E=-1.8863503890 nfev=469 t=855.9s remaining=1534
    iter=467 E=-1.8863590622 nfev=470 t=857.7s remaining=1533
    iter=468 E=-1.8863673806 nfev=471 t=859.5s remaining=1532
    iter=469 E=-1.8863751003 nfev=472 t=861.3s remaining=1531
    iter=470 E=-1.8863824731 nfev=473 t=863.1s remaining=1530
    iter=471 E=-1.8863895372 nfev=474 t=864.9s remaining=1529
    iter=472 E=-1.8863959195 nfev=475 t=866.6s remaining=1528
    iter=473 E=-1.8864016711 nfev=476 t=868.3s remaining=1527
    iter=474 E=-1.8864081006 nfev=477 t=870.0s remaining=1526
    iter=475 E=-1.8864150890 nfev=478 t=872.1s remaining=1525
    iter=476 E=-1.8864218682 nfev=479 t=873.9s remaining=1524
    iter=477 E=-1.8864288903 nfev=480 t=875.7s remaining=1523
    iter=478 E=-1.8864361199 nfev=481 t=877.5s remaining=1522
    iter=479 E=-1.8864429685 nfev=482 t=879.2s remaining=1521
    iter=480 E=-1.8864497173 nfev=483 t=880.9s remaining=1520
    iter=481 E=-1.8864563240 nfev=484 t=882.7s remaining=1519
    iter=482 E=-1.8864630829 nfev=485 t=884.5s remaining=1518
    iter=483 E=-1.8864701758 nfev=486 t=886.2s remaining=1517
    iter=484 E=-1.8864771251 nfev=487 t=887.9s remaining=1516
    iter=485 E=-1.8864834903 nfev=488 t=889.7s remaining=1515
    iter=486 E=-1.8864895820 nfev=489 t=891.6s remaining=1514
    iter=487 E=-1.8864968261 nfev=490 t=893.4s remaining=1513
    iter=488 E=-1.8865060819 nfev=491 t=895.2s remaining=1512
    iter=489 E=-1.8865158487 nfev=492 t=897.1s remaining=1511
    iter=490 E=-1.8865242852 nfev=493 t=898.9s remaining=1510
    iter=491 E=-1.8865319686 nfev=494 t=900.8s remaining=1509
    iter=492 E=-1.8865404246 nfev=495 t=902.5s remaining=1508
    iter=493 E=-1.8865503726 nfev=496 t=904.4s remaining=1507
    iter=494 E=-1.8865597187 nfev=497 t=906.2s remaining=1506
    iter=495 E=-1.8865671539 nfev=498 t=908.1s remaining=1505
    iter=496 E=-1.8865733737 nfev=499 t=909.8s remaining=1504
    iter=497 E=-1.8865797213 nfev=500 t=911.8s remaining=1503
    iter=498 E=-1.8865867130 nfev=501 t=913.5s remaining=1502
    iter=499 E=-1.8865942078 nfev=502 t=915.2s remaining=1501
    iter=500 E=-1.8866022359 nfev=503 t=917.1s remaining=1500
    iter=501 E=-1.8866105328 nfev=504 t=918.9s remaining=1499
    iter=502 E=-1.8866185206 nfev=505 t=920.7s remaining=1498
    iter=503 E=-1.8866261505 nfev=506 t=922.5s remaining=1497
    iter=504 E=-1.8866334901 nfev=507 t=924.2s remaining=1496
    iter=505 E=-1.8866408873 nfev=508 t=926.0s remaining=1495
    iter=506 E=-1.8866484555 nfev=509 t=927.9s remaining=1494
    iter=507 E=-1.8866562305 nfev=510 t=929.8s remaining=1493
    iter=508 E=-1.8866640759 nfev=511 t=931.7s remaining=1492
    iter=509 E=-1.8866723198 nfev=512 t=933.4s remaining=1491
    iter=510 E=-1.8866803831 nfev=513 t=935.2s remaining=1490
    iter=511 E=-1.8866873856 nfev=514 t=937.0s remaining=1489
    iter=512 E=-1.8866931275 nfev=515 t=938.7s remaining=1488
    iter=513 E=-1.8866985250 nfev=516 t=940.3s remaining=1487
    iter=514 E=-1.8867046905 nfev=517 t=942.0s remaining=1486
    iter=515 E=-1.8867121611 nfev=518 t=943.8s remaining=1485
    iter=516 E=-1.8867201871 nfev=519 t=945.6s remaining=1484
    iter=517 E=-1.8867284578 nfev=520 t=947.4s remaining=1483
    iter=518 E=-1.8867370422 nfev=521 t=949.1s remaining=1482
    iter=519 E=-1.8867465018 nfev=522 t=951.0s remaining=1481
    iter=520 E=-1.8867570800 nfev=523 t=952.8s remaining=1480
    iter=521 E=-1.8867684002 nfev=524 t=954.6s remaining=1479
    iter=522 E=-1.8867797744 nfev=525 t=956.4s remaining=1478
    iter=523 E=-1.8867911525 nfev=526 t=958.3s remaining=1477
    iter=524 E=-1.8868021924 nfev=527 t=960.2s remaining=1476
    iter=525 E=-1.8868130634 nfev=528 t=962.0s remaining=1475
    iter=526 E=-1.8868236313 nfev=529 t=963.7s remaining=1474
    iter=527 E=-1.8868347458 nfev=530 t=965.6s remaining=1473
    iter=528 E=-1.8868457669 nfev=531 t=967.4s remaining=1472
    iter=529 E=-1.8868565319 nfev=532 t=969.3s remaining=1471
    iter=530 E=-1.8868667599 nfev=533 t=971.2s remaining=1470
    iter=531 E=-1.8868791761 nfev=534 t=972.9s remaining=1469
    iter=532 E=-1.8868944742 nfev=535 t=974.7s remaining=1468
    iter=533 E=-1.8869103401 nfev=536 t=976.8s remaining=1467
    iter=534 E=-1.8869236390 nfev=537 t=978.6s remaining=1466
    iter=535 E=-1.8869358557 nfev=538 t=980.4s remaining=1465
    iter=536 E=-1.8869512713 nfev=539 t=982.3s remaining=1464
    iter=537 E=-1.8869710837 nfev=540 t=984.0s remaining=1463
    iter=538 E=-1.8869936952 nfev=541 t=985.7s remaining=1462
    iter=539 E=-1.8870151262 nfev=542 t=987.6s remaining=1461
    iter=540 E=-1.8870339217 nfev=543 t=989.6s remaining=1460
    iter=541 E=-1.8870518439 nfev=544 t=991.4s remaining=1459
    iter=542 E=-1.8870705214 nfev=545 t=993.2s remaining=1458
    iter=543 E=-1.8870888752 nfev=546 t=995.0s remaining=1457
    iter=544 E=-1.8871095481 nfev=547 t=996.7s remaining=1456
    iter=545 E=-1.8871361777 nfev=548 t=998.5s remaining=1455
    iter=546 E=-1.8871625432 nfev=549 t=1000.2s remaining=1454
    iter=547 E=-1.8871876888 nfev=550 t=1002.0s remaining=1453
    iter=548 E=-1.8872072155 nfev=551 t=1004.1s remaining=1452
    iter=549 E=-1.8872288462 nfev=552 t=1005.9s remaining=1451
    iter=550 E=-1.8872548507 nfev=553 t=1007.6s remaining=1450
    iter=551 E=-1.8872889877 nfev=554 t=1009.4s remaining=1449
    iter=552 E=-1.8873119640 nfev=555 t=1011.2s remaining=1448
    iter=553 E=-1.8873409012 nfev=556 t=1013.1s remaining=1447
    iter=554 E=-1.8873719162 nfev=557 t=1015.2s remaining=1446
    iter=555 E=-1.8874050772 nfev=558 t=1017.0s remaining=1445
    iter=556 E=-1.8874396922 nfev=559 t=1019.0s remaining=1444
    iter=557 E=-1.8874754111 nfev=560 t=1021.0s remaining=1443
    iter=558 E=-1.8875094755 nfev=561 t=1022.9s remaining=1442
    iter=559 E=-1.8875441697 nfev=562 t=1024.9s remaining=1441
    iter=560 E=-1.8875862110 nfev=563 t=1026.6s remaining=1440
    iter=561 E=-1.8876360950 nfev=564 t=1028.4s remaining=1439
    iter=562 E=-1.8876776867 nfev=565 t=1030.2s remaining=1438
    iter=563 E=-1.8877176243 nfev=566 t=1032.1s remaining=1437
    iter=564 E=-1.8877570963 nfev=567 t=1033.8s remaining=1436
    iter=565 E=-1.8877969571 nfev=568 t=1035.5s remaining=1435
    iter=566 E=-1.8878418239 nfev=569 t=1037.3s remaining=1434
    iter=567 E=-1.8878914221 nfev=570 t=1039.1s remaining=1433
    iter=568 E=-1.8879365201 nfev=571 t=1040.9s remaining=1432
    iter=569 E=-1.8879735272 nfev=572 t=1042.7s remaining=1431
    iter=570 E=-1.8880117212 nfev=573 t=1044.5s remaining=1430
    iter=571 E=-1.8880551856 nfev=574 t=1046.2s remaining=1429
    iter=572 E=-1.8880938627 nfev=575 t=1048.0s remaining=1428
    iter=573 E=-1.8881393449 nfev=576 t=1050.0s remaining=1427
    iter=574 E=-1.8881779717 nfev=577 t=1051.8s remaining=1426
    iter=575 E=-1.8882117417 nfev=578 t=1053.7s remaining=1425
    iter=576 E=-1.8882537345 nfev=579 t=1055.6s remaining=1424
    iter=577 E=-1.8883060610 nfev=580 t=1057.6s remaining=1423
    iter=578 E=-1.8883455225 nfev=581 t=1059.5s remaining=1422
    iter=579 E=-1.8883779496 nfev=582 t=1061.4s remaining=1421
    iter=580 E=-1.8884184138 nfev=583 t=1063.2s remaining=1420
    iter=581 E=-1.8884579428 nfev=584 t=1065.1s remaining=1419
    iter=582 E=-1.8884918424 nfev=585 t=1067.0s remaining=1418
    iter=583 E=-1.8885288530 nfev=586 t=1068.9s remaining=1417
    iter=584 E=-1.8885764800 nfev=587 t=1070.9s remaining=1416
    iter=585 E=-1.8886270857 nfev=588 t=1072.7s remaining=1415
    iter=586 E=-1.8886667561 nfev=589 t=1074.6s remaining=1414
    iter=587 E=-1.8886993230 nfev=590 t=1076.4s remaining=1413
    iter=588 E=-1.8887367364 nfev=591 t=1078.4s remaining=1412
    iter=589 E=-1.8887851709 nfev=592 t=1080.3s remaining=1411
    iter=590 E=-1.8888337729 nfev=593 t=1082.1s remaining=1410
    iter=591 E=-1.8888800931 nfev=594 t=1084.1s remaining=1409
    iter=592 E=-1.8889246115 nfev=595 t=1086.5s remaining=1408
    iter=593 E=-1.8889650393 nfev=596 t=1088.6s remaining=1407
    iter=594 E=-1.8889985782 nfev=597 t=1090.7s remaining=1406
    iter=595 E=-1.8890340645 nfev=598 t=1092.8s remaining=1405
    iter=596 E=-1.8890699112 nfev=599 t=1094.6s remaining=1404
    iter=597 E=-1.8891059089 nfev=600 t=1096.4s remaining=1403
    iter=598 E=-1.8891446145 nfev=601 t=1098.2s remaining=1402
    iter=599 E=-1.8891793502 nfev=602 t=1100.1s remaining=1401
    iter=600 E=-1.8892171166 nfev=603 t=1101.8s remaining=1400
    iter=601 E=-1.8892544711 nfev=604 t=1103.6s remaining=1399
    iter=602 E=-1.8892965440 nfev=605 t=1105.4s remaining=1398
    iter=603 E=-1.8893389204 nfev=606 t=1107.2s remaining=1397
    iter=604 E=-1.8893765629 nfev=607 t=1108.9s remaining=1396
    iter=605 E=-1.8894058921 nfev=608 t=1110.7s remaining=1395
    iter=606 E=-1.8894384523 nfev=609 t=1112.6s remaining=1394
    iter=607 E=-1.8894715762 nfev=610 t=1114.5s remaining=1393
    iter=608 E=-1.8894984568 nfev=611 t=1116.3s remaining=1392
    iter=609 E=-1.8895261820 nfev=612 t=1118.1s remaining=1391
    iter=610 E=-1.8895558941 nfev=613 t=1119.9s remaining=1390
    iter=611 E=-1.8895863339 nfev=614 t=1121.6s remaining=1389
    iter=612 E=-1.8896180970 nfev=615 t=1123.3s remaining=1388
    iter=613 E=-1.8896508939 nfev=616 t=1125.1s remaining=1387
    iter=614 E=-1.8896798720 nfev=617 t=1126.8s remaining=1386
    iter=615 E=-1.8897072648 nfev=618 t=1128.5s remaining=1385
    iter=616 E=-1.8897418013 nfev=619 t=1130.3s remaining=1384
    iter=617 E=-1.8897811526 nfev=620 t=1132.1s remaining=1383
    iter=618 E=-1.8898131091 nfev=621 t=1133.8s remaining=1382
    iter=619 E=-1.8898452569 nfev=622 t=1135.6s remaining=1381
    iter=620 E=-1.8898819256 nfev=623 t=1137.4s remaining=1380
    iter=621 E=-1.8899117589 nfev=624 t=1139.3s remaining=1379
    iter=622 E=-1.8899428820 nfev=625 t=1141.3s remaining=1378
    iter=623 E=-1.8899768444 nfev=626 t=1143.3s remaining=1377
    iter=624 E=-1.8900024153 nfev=627 t=1145.2s remaining=1376
    iter=625 E=-1.8900326936 nfev=628 t=1147.0s remaining=1375
    iter=626 E=-1.8900633413 nfev=629 t=1148.8s remaining=1374
    iter=627 E=-1.8900858280 nfev=630 t=1150.5s remaining=1373
    iter=628 E=-1.8901084451 nfev=631 t=1152.4s remaining=1372
    iter=629 E=-1.8901312606 nfev=632 t=1154.2s remaining=1371
    iter=630 E=-1.8901501561 nfev=633 t=1156.1s remaining=1370
    iter=631 E=-1.8901722886 nfev=634 t=1157.8s remaining=1369
    iter=632 E=-1.8901945590 nfev=635 t=1159.6s remaining=1368
    iter=633 E=-1.8902115918 nfev=636 t=1161.4s remaining=1367
    iter=634 E=-1.8902294667 nfev=637 t=1163.2s remaining=1366
    iter=635 E=-1.8902469026 nfev=638 t=1164.9s remaining=1365
    iter=636 E=-1.8902607982 nfev=639 t=1166.7s remaining=1364
    iter=637 E=-1.8902770788 nfev=640 t=1168.4s remaining=1363
    iter=638 E=-1.8902932179 nfev=641 t=1170.4s remaining=1362
    iter=639 E=-1.8903081215 nfev=642 t=1172.2s remaining=1361
    iter=640 E=-1.8903219684 nfev=643 t=1173.9s remaining=1360
    iter=641 E=-1.8903331814 nfev=644 t=1175.6s remaining=1359
    iter=642 E=-1.8903428510 nfev=645 t=1177.4s remaining=1358
    iter=643 E=-1.8903522558 nfev=646 t=1179.1s remaining=1357
    iter=644 E=-1.8903644087 nfev=647 t=1180.9s remaining=1356
    iter=645 E=-1.8903749578 nfev=648 t=1182.6s remaining=1355
    iter=646 E=-1.8903848771 nfev=649 t=1184.5s remaining=1354
    iter=647 E=-1.8903948491 nfev=650 t=1186.3s remaining=1353
    iter=648 E=-1.8904045417 nfev=651 t=1188.1s remaining=1352
    iter=649 E=-1.8904140763 nfev=652 t=1190.0s remaining=1351
    iter=650 E=-1.8904230749 nfev=653 t=1191.8s remaining=1350
    iter=651 E=-1.8904318806 nfev=654 t=1193.6s remaining=1349
    iter=652 E=-1.8904400297 nfev=655 t=1195.4s remaining=1348
    iter=653 E=-1.8904480745 nfev=656 t=1197.4s remaining=1347
    iter=654 E=-1.8904562781 nfev=657 t=1199.3s remaining=1346
    iter=655 E=-1.8904633947 nfev=658 t=1201.1s remaining=1345
    iter=656 E=-1.8904709970 nfev=659 t=1202.9s remaining=1344
    iter=657 E=-1.8904788308 nfev=660 t=1204.8s remaining=1343
    iter=658 E=-1.8904852167 nfev=661 t=1206.6s remaining=1342
    iter=659 E=-1.8904915209 nfev=662 t=1208.3s remaining=1341
    iter=660 E=-1.8904984724 nfev=663 t=1210.2s remaining=1340
    iter=661 E=-1.8905057690 nfev=664 t=1212.0s remaining=1339
    iter=662 E=-1.8905133099 nfev=665 t=1213.9s remaining=1338
    iter=663 E=-1.8905201105 nfev=666 t=1215.7s remaining=1337
    iter=664 E=-1.8905257963 nfev=667 t=1217.5s remaining=1336
    iter=665 E=-1.8905311719 nfev=668 t=1219.3s remaining=1335
    iter=666 E=-1.8905371458 nfev=669 t=1221.1s remaining=1334
    iter=667 E=-1.8905437814 nfev=670 t=1222.9s remaining=1333
    iter=668 E=-1.8905503308 nfev=671 t=1224.7s remaining=1332
    iter=669 E=-1.8905562761 nfev=672 t=1226.4s remaining=1331
    iter=670 E=-1.8905621277 nfev=673 t=1228.2s remaining=1330
    iter=671 E=-1.8905683192 nfev=674 t=1230.0s remaining=1329
    iter=672 E=-1.8905742379 nfev=675 t=1231.9s remaining=1328
    iter=673 E=-1.8905804623 nfev=676 t=1233.6s remaining=1327
    iter=674 E=-1.8905873123 nfev=677 t=1235.5s remaining=1326
    iter=675 E=-1.8905937019 nfev=678 t=1237.4s remaining=1325
    iter=676 E=-1.8905999644 nfev=679 t=1239.2s remaining=1324
    iter=677 E=-1.8906059726 nfev=680 t=1241.0s remaining=1323
    iter=678 E=-1.8906118566 nfev=681 t=1242.7s remaining=1322
    iter=679 E=-1.8906189123 nfev=682 t=1244.6s remaining=1321
    iter=680 E=-1.8906262555 nfev=683 t=1246.4s remaining=1320
    iter=681 E=-1.8906332663 nfev=684 t=1248.2s remaining=1319
    iter=682 E=-1.8906408319 nfev=685 t=1250.0s remaining=1318
    iter=683 E=-1.8906488535 nfev=686 t=1251.8s remaining=1317
    iter=684 E=-1.8906572357 nfev=687 t=1253.5s remaining=1316
    iter=685 E=-1.8906657558 nfev=688 t=1255.2s remaining=1315
    iter=686 E=-1.8906741725 nfev=689 t=1256.9s remaining=1314
    iter=687 E=-1.8906824744 nfev=690 t=1259.0s remaining=1313
    iter=688 E=-1.8906903831 nfev=691 t=1260.7s remaining=1312
    iter=689 E=-1.8906979680 nfev=692 t=1262.5s remaining=1311
    iter=690 E=-1.8907055933 nfev=693 t=1264.5s remaining=1310
    iter=691 E=-1.8907129120 nfev=694 t=1266.6s remaining=1309
    iter=692 E=-1.8907198696 nfev=695 t=1268.6s remaining=1308
    iter=693 E=-1.8907274966 nfev=696 t=1270.4s remaining=1307
    iter=694 E=-1.8907361071 nfev=697 t=1272.3s remaining=1306
    iter=695 E=-1.8907460505 nfev=698 t=1274.1s remaining=1305
    iter=696 E=-1.8907558800 nfev=699 t=1275.8s remaining=1304
    iter=697 E=-1.8907645348 nfev=700 t=1277.6s remaining=1303
    iter=698 E=-1.8907719877 nfev=701 t=1279.4s remaining=1302
    iter=699 E=-1.8907789240 nfev=702 t=1281.2s remaining=1301
    iter=700 E=-1.8907858729 nfev=703 t=1283.1s remaining=1300
    iter=701 E=-1.8907927819 nfev=704 t=1285.0s remaining=1299
    iter=702 E=-1.8907992019 nfev=705 t=1286.9s remaining=1298
    iter=703 E=-1.8908049570 nfev=706 t=1288.6s remaining=1297
    iter=704 E=-1.8908103519 nfev=707 t=1290.5s remaining=1296
    iter=705 E=-1.8908158604 nfev=708 t=1292.3s remaining=1295
    iter=706 E=-1.8908217450 nfev=709 t=1294.1s remaining=1294
    iter=707 E=-1.8908282728 nfev=710 t=1295.9s remaining=1293
    iter=708 E=-1.8908344468 nfev=711 t=1297.6s remaining=1292
    iter=709 E=-1.8908394570 nfev=712 t=1299.4s remaining=1291
    iter=710 E=-1.8908439218 nfev=713 t=1301.2s remaining=1290
    iter=711 E=-1.8908491944 nfev=714 t=1303.0s remaining=1289
    iter=712 E=-1.8908554366 nfev=715 t=1304.7s remaining=1288
    iter=713 E=-1.8908608722 nfev=716 t=1306.4s remaining=1287
    iter=714 E=-1.8908652317 nfev=717 t=1308.2s remaining=1286
    iter=715 E=-1.8908692314 nfev=718 t=1309.9s remaining=1285
    iter=716 E=-1.8908739327 nfev=719 t=1311.7s remaining=1284
    iter=717 E=-1.8908795451 nfev=720 t=1313.5s remaining=1283
    iter=718 E=-1.8908853639 nfev=721 t=1315.4s remaining=1282
    iter=719 E=-1.8908903831 nfev=722 t=1317.2s remaining=1281
    iter=720 E=-1.8908951050 nfev=723 t=1319.1s remaining=1280
    iter=721 E=-1.8908995026 nfev=724 t=1320.8s remaining=1279
    iter=722 E=-1.8909034492 nfev=725 t=1322.6s remaining=1278
    iter=723 E=-1.8909071444 nfev=726 t=1324.4s remaining=1277
    iter=724 E=-1.8909110210 nfev=727 t=1326.1s remaining=1276
    iter=725 E=-1.8909146615 nfev=728 t=1327.9s remaining=1275
    iter=726 E=-1.8909178685 nfev=729 t=1329.7s remaining=1274
    iter=727 E=-1.8909210722 nfev=730 t=1331.5s remaining=1273
    iter=728 E=-1.8909245861 nfev=731 t=1333.3s remaining=1272
    iter=729 E=-1.8909282528 nfev=732 t=1335.0s remaining=1271
    iter=730 E=-1.8909321406 nfev=733 t=1337.0s remaining=1270
    iter=731 E=-1.8909358010 nfev=734 t=1338.9s remaining=1269
    iter=732 E=-1.8909388378 nfev=735 t=1340.7s remaining=1268
    iter=733 E=-1.8909417520 nfev=736 t=1342.5s remaining=1267
    iter=734 E=-1.8909446847 nfev=737 t=1344.2s remaining=1266
    iter=735 E=-1.8909474542 nfev=738 t=1346.0s remaining=1265
    iter=736 E=-1.8909501330 nfev=739 t=1347.7s remaining=1264
    iter=737 E=-1.8909528933 nfev=740 t=1349.5s remaining=1263
    iter=738 E=-1.8909559607 nfev=741 t=1351.3s remaining=1262
    iter=739 E=-1.8909594871 nfev=742 t=1353.1s remaining=1261
    iter=740 E=-1.8909627625 nfev=743 t=1355.0s remaining=1260
    iter=741 E=-1.8909663683 nfev=744 t=1356.8s remaining=1259
    iter=742 E=-1.8909699368 nfev=745 t=1358.6s remaining=1258
    iter=743 E=-1.8909730282 nfev=746 t=1360.5s remaining=1257
    iter=744 E=-1.8909761545 nfev=747 t=1362.4s remaining=1256
    iter=745 E=-1.8909795593 nfev=748 t=1364.2s remaining=1255
    iter=746 E=-1.8909829234 nfev=749 t=1366.0s remaining=1254
    iter=747 E=-1.8909861002 nfev=750 t=1367.8s remaining=1253
    iter=748 E=-1.8909892573 nfev=751 t=1369.7s remaining=1252
    iter=749 E=-1.8909925332 nfev=752 t=1371.6s remaining=1251
    iter=750 E=-1.8909962632 nfev=753 t=1373.4s remaining=1250
    iter=751 E=-1.8910005205 nfev=754 t=1375.2s remaining=1249
    iter=752 E=-1.8910054016 nfev=755 t=1377.0s remaining=1248
    iter=753 E=-1.8910106058 nfev=756 t=1378.8s remaining=1247
    iter=754 E=-1.8910158343 nfev=757 t=1380.5s remaining=1246
    iter=755 E=-1.8910208793 nfev=758 t=1382.3s remaining=1245
    iter=756 E=-1.8910258701 nfev=759 t=1384.1s remaining=1244
    iter=757 E=-1.8910312107 nfev=760 t=1385.9s remaining=1243
    iter=758 E=-1.8910370697 nfev=761 t=1387.7s remaining=1242
    iter=759 E=-1.8910425273 nfev=762 t=1389.4s remaining=1241
    iter=760 E=-1.8910484942 nfev=763 t=1391.2s remaining=1240
    iter=761 E=-1.8910544044 nfev=764 t=1393.0s remaining=1239
    iter=762 E=-1.8910600316 nfev=765 t=1394.9s remaining=1238
    iter=763 E=-1.8910656057 nfev=766 t=1396.9s remaining=1237
    iter=764 E=-1.8910710652 nfev=767 t=1398.7s remaining=1236
    iter=765 E=-1.8910763837 nfev=768 t=1400.6s remaining=1235
    iter=766 E=-1.8910816637 nfev=769 t=1402.3s remaining=1234
    iter=767 E=-1.8910873797 nfev=770 t=1404.2s remaining=1233
    iter=768 E=-1.8910936080 nfev=771 t=1405.9s remaining=1232
    iter=769 E=-1.8911001240 nfev=772 t=1407.6s remaining=1231
    iter=770 E=-1.8911069436 nfev=773 t=1409.3s remaining=1230
    iter=771 E=-1.8911142510 nfev=774 t=1411.2s remaining=1229
    iter=772 E=-1.8911219664 nfev=775 t=1413.0s remaining=1228
    iter=773 E=-1.8911292443 nfev=776 t=1414.7s remaining=1227
    iter=774 E=-1.8911356715 nfev=777 t=1416.5s remaining=1226
    iter=775 E=-1.8911424618 nfev=778 t=1418.3s remaining=1225
    iter=776 E=-1.8911494413 nfev=779 t=1420.0s remaining=1224
    iter=777 E=-1.8911565807 nfev=780 t=1421.7s remaining=1223
    iter=778 E=-1.8911639370 nfev=781 t=1423.5s remaining=1222
    iter=779 E=-1.8911719083 nfev=782 t=1425.3s remaining=1221
    iter=780 E=-1.8911801593 nfev=783 t=1427.1s remaining=1220
    iter=781 E=-1.8911879458 nfev=784 t=1428.9s remaining=1219
    iter=782 E=-1.8911947286 nfev=785 t=1430.6s remaining=1218
    iter=783 E=-1.8912018566 nfev=786 t=1432.4s remaining=1217
    iter=784 E=-1.8912103521 nfev=787 t=1434.3s remaining=1216
    iter=785 E=-1.8912194530 nfev=788 t=1436.1s remaining=1215
    iter=786 E=-1.8912276705 nfev=789 t=1437.8s remaining=1214
    iter=787 E=-1.8912358907 nfev=790 t=1439.5s remaining=1213
    iter=788 E=-1.8912440000 nfev=791 t=1441.2s remaining=1212
    iter=789 E=-1.8912522315 nfev=792 t=1442.9s remaining=1211
    iter=790 E=-1.8912603181 nfev=793 t=1444.7s remaining=1210
    iter=791 E=-1.8912674732 nfev=794 t=1446.4s remaining=1209
    iter=792 E=-1.8912737695 nfev=795 t=1448.1s remaining=1208
    iter=793 E=-1.8912802978 nfev=796 t=1449.8s remaining=1207
    iter=794 E=-1.8912870960 nfev=797 t=1451.6s remaining=1206
    iter=795 E=-1.8912934207 nfev=798 t=1453.3s remaining=1205
    iter=796 E=-1.8912992472 nfev=799 t=1455.2s remaining=1204
    iter=797 E=-1.8913044616 nfev=800 t=1457.0s remaining=1203
    iter=798 E=-1.8913094130 nfev=801 t=1458.7s remaining=1202
    iter=799 E=-1.8913150096 nfev=802 t=1460.5s remaining=1201
    iter=800 E=-1.8913204269 nfev=803 t=1462.2s remaining=1200
    iter=801 E=-1.8913243200 nfev=804 t=1464.1s remaining=1199
    iter=802 E=-1.8913283619 nfev=805 t=1465.8s remaining=1198
    iter=803 E=-1.8913329101 nfev=806 t=1467.6s remaining=1197
    iter=804 E=-1.8913374234 nfev=807 t=1469.3s remaining=1196
    iter=805 E=-1.8913420949 nfev=808 t=1471.1s remaining=1195
    iter=806 E=-1.8913459830 nfev=809 t=1472.9s remaining=1194
    iter=807 E=-1.8913492231 nfev=810 t=1474.6s remaining=1193
    iter=808 E=-1.8913523996 nfev=811 t=1476.2s remaining=1192
    iter=809 E=-1.8913557569 nfev=812 t=1478.0s remaining=1191
    iter=810 E=-1.8913591500 nfev=813 t=1479.8s remaining=1190
    iter=811 E=-1.8913627327 nfev=814 t=1481.6s remaining=1189
    iter=812 E=-1.8913666388 nfev=815 t=1483.5s remaining=1188
    iter=813 E=-1.8913706145 nfev=816 t=1485.2s remaining=1187
    iter=814 E=-1.8913745108 nfev=817 t=1487.1s remaining=1186
    iter=815 E=-1.8913782560 nfev=818 t=1489.0s remaining=1185
    iter=816 E=-1.8913819065 nfev=819 t=1490.8s remaining=1184
    iter=817 E=-1.8913855617 nfev=820 t=1492.7s remaining=1183
    iter=818 E=-1.8913893444 nfev=821 t=1494.6s remaining=1182
    iter=819 E=-1.8913930024 nfev=822 t=1496.5s remaining=1181
    iter=820 E=-1.8913963977 nfev=823 t=1498.4s remaining=1180
    iter=821 E=-1.8913994318 nfev=824 t=1500.2s remaining=1179
    iter=822 E=-1.8914019550 nfev=825 t=1501.9s remaining=1178
    iter=823 E=-1.8914040897 nfev=826 t=1503.8s remaining=1177
    iter=824 E=-1.8914062703 nfev=827 t=1505.5s remaining=1176
    iter=825 E=-1.8914086606 nfev=828 t=1507.2s remaining=1175
    iter=826 E=-1.8914107573 nfev=829 t=1508.9s remaining=1174
    iter=827 E=-1.8914124766 nfev=830 t=1510.7s remaining=1173
    iter=828 E=-1.8914140482 nfev=831 t=1512.4s remaining=1172
    iter=829 E=-1.8914157453 nfev=832 t=1514.2s remaining=1171
    iter=830 E=-1.8914176410 nfev=833 t=1515.9s remaining=1170
    iter=831 E=-1.8914196123 nfev=834 t=1517.9s remaining=1169
    iter=832 E=-1.8914215177 nfev=835 t=1519.6s remaining=1168
    iter=833 E=-1.8914232875 nfev=836 t=1521.3s remaining=1167
    iter=834 E=-1.8914249119 nfev=837 t=1523.0s remaining=1166
    iter=835 E=-1.8914265793 nfev=838 t=1524.8s remaining=1165
    iter=836 E=-1.8914283724 nfev=839 t=1526.6s remaining=1164
    iter=837 E=-1.8914302461 nfev=840 t=1528.3s remaining=1163
    iter=838 E=-1.8914321750 nfev=841 t=1530.1s remaining=1162
    iter=839 E=-1.8914341689 nfev=842 t=1531.9s remaining=1161
    iter=840 E=-1.8914362424 nfev=843 t=1533.5s remaining=1160
    iter=841 E=-1.8914383738 nfev=844 t=1535.2s remaining=1159
    iter=842 E=-1.8914405666 nfev=845 t=1536.8s remaining=1158
    iter=843 E=-1.8914428341 nfev=846 t=1538.8s remaining=1157
    iter=844 E=-1.8914452235 nfev=847 t=1540.5s remaining=1156
    iter=845 E=-1.8914477878 nfev=848 t=1542.1s remaining=1155
    iter=846 E=-1.8914504764 nfev=849 t=1543.8s remaining=1154
    iter=847 E=-1.8914530902 nfev=850 t=1545.5s remaining=1153
    iter=848 E=-1.8914555587 nfev=851 t=1547.2s remaining=1152
    iter=849 E=-1.8914581651 nfev=852 t=1549.0s remaining=1151
    iter=850 E=-1.8914612387 nfev=853 t=1550.7s remaining=1150
    iter=851 E=-1.8914645057 nfev=854 t=1552.4s remaining=1149
    iter=852 E=-1.8914673510 nfev=855 t=1554.3s remaining=1148
    iter=853 E=-1.8914699489 nfev=856 t=1556.1s remaining=1147
    iter=854 E=-1.8914728039 nfev=857 t=1557.9s remaining=1146
    iter=855 E=-1.8914766749 nfev=858 t=1559.7s remaining=1145
    iter=856 E=-1.8914808213 nfev=859 t=1561.4s remaining=1144
    iter=857 E=-1.8914852404 nfev=860 t=1563.1s remaining=1143
    iter=858 E=-1.8914894104 nfev=861 t=1564.8s remaining=1142
    iter=859 E=-1.8914935736 nfev=862 t=1566.5s remaining=1141
    iter=860 E=-1.8914984726 nfev=863 t=1568.2s remaining=1140
    iter=861 E=-1.8915042475 nfev=864 t=1570.0s remaining=1139
    iter=862 E=-1.8915103238 nfev=865 t=1571.7s remaining=1138
    iter=863 E=-1.8915165972 nfev=866 t=1573.4s remaining=1137
    iter=864 E=-1.8915233389 nfev=867 t=1575.3s remaining=1136
    iter=865 E=-1.8915309312 nfev=868 t=1577.0s remaining=1135
    iter=866 E=-1.8915386816 nfev=869 t=1578.7s remaining=1134
    iter=867 E=-1.8915462580 nfev=870 t=1580.6s remaining=1133
    iter=868 E=-1.8915527755 nfev=871 t=1582.3s remaining=1132
    iter=869 E=-1.8915589856 nfev=872 t=1584.0s remaining=1131
    iter=870 E=-1.8915659110 nfev=873 t=1585.7s remaining=1130
    iter=871 E=-1.8915746414 nfev=874 t=1587.4s remaining=1129
    iter=872 E=-1.8915838219 nfev=875 t=1589.3s remaining=1128
    iter=873 E=-1.8915930670 nfev=876 t=1591.1s remaining=1127
    iter=874 E=-1.8916020759 nfev=877 t=1592.8s remaining=1126
    iter=875 E=-1.8916102780 nfev=878 t=1594.6s remaining=1125
    iter=876 E=-1.8916175152 nfev=879 t=1596.3s remaining=1124
    iter=877 E=-1.8916249202 nfev=880 t=1598.0s remaining=1123
    iter=878 E=-1.8916326203 nfev=881 t=1599.9s remaining=1122
    iter=879 E=-1.8916403089 nfev=882 t=1601.7s remaining=1121
    iter=880 E=-1.8916469976 nfev=883 t=1603.4s remaining=1120
    iter=881 E=-1.8916543647 nfev=884 t=1605.2s remaining=1119
    iter=882 E=-1.8916629149 nfev=885 t=1607.0s remaining=1118
    iter=883 E=-1.8916710621 nfev=886 t=1608.8s remaining=1117
    iter=884 E=-1.8916783881 nfev=887 t=1610.6s remaining=1116
    iter=885 E=-1.8916854569 nfev=888 t=1612.3s remaining=1115
    iter=886 E=-1.8916925187 nfev=889 t=1614.1s remaining=1114
    iter=887 E=-1.8916991365 nfev=890 t=1615.8s remaining=1113
    iter=888 E=-1.8917058412 nfev=891 t=1617.5s remaining=1112
    iter=889 E=-1.8917136910 nfev=892 t=1619.3s remaining=1111
    iter=890 E=-1.8917216954 nfev=893 t=1621.1s remaining=1110
    iter=891 E=-1.8917292586 nfev=894 t=1622.8s remaining=1109
    iter=892 E=-1.8917366709 nfev=895 t=1624.7s remaining=1108
    iter=893 E=-1.8917432889 nfev=896 t=1626.6s remaining=1107
    iter=894 E=-1.8917507014 nfev=897 t=1628.5s remaining=1106
    iter=895 E=-1.8917584460 nfev=898 t=1630.2s remaining=1105
    iter=896 E=-1.8917662239 nfev=899 t=1632.0s remaining=1104
    iter=897 E=-1.8917743346 nfev=900 t=1634.2s remaining=1103
    iter=898 E=-1.8917819971 nfev=901 t=1636.0s remaining=1102
    iter=899 E=-1.8917897670 nfev=902 t=1637.8s remaining=1101
    iter=900 E=-1.8917970615 nfev=903 t=1639.9s remaining=1100
    iter=901 E=-1.8918040829 nfev=904 t=1641.7s remaining=1099
    iter=902 E=-1.8918120683 nfev=905 t=1643.5s remaining=1098
    iter=903 E=-1.8918200630 nfev=906 t=1645.3s remaining=1097
    iter=904 E=-1.8918279235 nfev=907 t=1647.1s remaining=1096
    iter=905 E=-1.8918360863 nfev=908 t=1649.0s remaining=1095
    iter=906 E=-1.8918461097 nfev=909 t=1650.8s remaining=1094
    iter=907 E=-1.8918571630 nfev=910 t=1652.6s remaining=1093
    iter=908 E=-1.8918708937 nfev=911 t=1654.4s remaining=1092
    iter=909 E=-1.8918829897 nfev=912 t=1656.2s remaining=1091
    iter=910 E=-1.8918950687 nfev=913 t=1658.0s remaining=1090
    iter=911 E=-1.8919060820 nfev=914 t=1659.8s remaining=1089
    iter=912 E=-1.8919166997 nfev=915 t=1661.6s remaining=1088
    iter=913 E=-1.8919279367 nfev=916 t=1663.4s remaining=1087
    iter=914 E=-1.8919396091 nfev=917 t=1665.2s remaining=1086
    iter=915 E=-1.8919484153 nfev=918 t=1667.0s remaining=1085
    iter=916 E=-1.8919562662 nfev=919 t=1668.8s remaining=1084
    iter=917 E=-1.8919626189 nfev=920 t=1670.6s remaining=1083
    iter=918 E=-1.8919678245 nfev=921 t=1672.4s remaining=1082
    iter=919 E=-1.8919736045 nfev=922 t=1674.2s remaining=1081
    iter=920 E=-1.8919798711 nfev=923 t=1676.0s remaining=1080
    iter=921 E=-1.8919861408 nfev=924 t=1677.8s remaining=1079
    iter=922 E=-1.8919914347 nfev=925 t=1679.5s remaining=1078
    iter=923 E=-1.8919971800 nfev=926 t=1681.4s remaining=1077
    iter=924 E=-1.8920029746 nfev=927 t=1683.1s remaining=1076
    iter=925 E=-1.8920082521 nfev=928 t=1685.0s remaining=1075
    iter=926 E=-1.8920137218 nfev=929 t=1686.7s remaining=1074
    iter=927 E=-1.8920202553 nfev=930 t=1688.5s remaining=1073
    iter=928 E=-1.8920276575 nfev=931 t=1690.3s remaining=1072
    iter=929 E=-1.8920342360 nfev=932 t=1692.2s remaining=1071
    iter=930 E=-1.8920399297 nfev=933 t=1694.0s remaining=1070
    iter=931 E=-1.8920449837 nfev=934 t=1695.9s remaining=1069
    iter=932 E=-1.8920501732 nfev=935 t=1697.7s remaining=1068
    iter=933 E=-1.8920557967 nfev=936 t=1699.6s remaining=1067
    iter=934 E=-1.8920602552 nfev=937 t=1701.4s remaining=1066
    iter=935 E=-1.8920643383 nfev=938 t=1703.2s remaining=1065
    iter=936 E=-1.8920683789 nfev=939 t=1705.0s remaining=1064
    iter=937 E=-1.8920722799 nfev=940 t=1706.8s remaining=1063
    iter=938 E=-1.8920766339 nfev=941 t=1708.6s remaining=1062
    iter=939 E=-1.8920815023 nfev=942 t=1710.4s remaining=1061
    iter=940 E=-1.8920861510 nfev=943 t=1712.2s remaining=1060
    iter=941 E=-1.8920911045 nfev=944 t=1714.0s remaining=1059
    iter=942 E=-1.8920958124 nfev=945 t=1715.8s remaining=1058
    iter=943 E=-1.8921001307 nfev=946 t=1717.6s remaining=1057
    iter=944 E=-1.8921046300 nfev=947 t=1719.3s remaining=1056
    iter=945 E=-1.8921096058 nfev=948 t=1721.1s remaining=1055
    iter=946 E=-1.8921140771 nfev=949 t=1722.9s remaining=1054
    iter=947 E=-1.8921179942 nfev=950 t=1724.7s remaining=1053
    iter=948 E=-1.8921217322 nfev=951 t=1726.5s remaining=1052
    iter=949 E=-1.8921258179 nfev=952 t=1728.3s remaining=1051
    iter=950 E=-1.8921296915 nfev=953 t=1730.1s remaining=1050
    iter=951 E=-1.8921336270 nfev=954 t=1731.9s remaining=1049
    iter=952 E=-1.8921371270 nfev=955 t=1733.7s remaining=1048
    iter=953 E=-1.8921402480 nfev=956 t=1735.5s remaining=1047
    iter=954 E=-1.8921433770 nfev=957 t=1737.3s remaining=1046
    iter=955 E=-1.8921468565 nfev=958 t=1739.1s remaining=1045
    iter=956 E=-1.8921506313 nfev=959 t=1740.9s remaining=1044
    iter=957 E=-1.8921545677 nfev=960 t=1742.7s remaining=1043
    iter=958 E=-1.8921587914 nfev=961 t=1744.5s remaining=1042
    iter=959 E=-1.8921633025 nfev=962 t=1746.3s remaining=1041
    iter=960 E=-1.8921687298 nfev=963 t=1748.1s remaining=1040
    iter=961 E=-1.8921756865 nfev=964 t=1749.9s remaining=1039
    iter=962 E=-1.8921826542 nfev=965 t=1751.7s remaining=1038
    iter=963 E=-1.8921899592 nfev=966 t=1753.5s remaining=1037
    iter=964 E=-1.8921976889 nfev=967 t=1755.3s remaining=1036
    iter=965 E=-1.8922064893 nfev=968 t=1757.1s remaining=1035
    iter=966 E=-1.8922154788 nfev=969 t=1758.9s remaining=1034
    iter=967 E=-1.8922235282 nfev=970 t=1760.9s remaining=1033
    iter=968 E=-1.8922316282 nfev=971 t=1762.7s remaining=1032
    iter=969 E=-1.8922403139 nfev=972 t=1764.4s remaining=1031
    iter=970 E=-1.8922482288 nfev=973 t=1766.1s remaining=1030
    iter=971 E=-1.8922563734 nfev=974 t=1767.9s remaining=1029
    iter=972 E=-1.8922633724 nfev=975 t=1769.7s remaining=1028
    iter=973 E=-1.8922702446 nfev=976 t=1771.6s remaining=1027
    iter=974 E=-1.8922771837 nfev=977 t=1773.5s remaining=1026
    iter=975 E=-1.8922861101 nfev=978 t=1775.2s remaining=1025
    iter=976 E=-1.8922977415 nfev=979 t=1776.9s remaining=1024
    iter=977 E=-1.8923098923 nfev=980 t=1778.7s remaining=1023
    iter=978 E=-1.8923213719 nfev=981 t=1780.4s remaining=1022
    iter=979 E=-1.8923348150 nfev=982 t=1782.3s remaining=1021
    iter=980 E=-1.8923473299 nfev=983 t=1784.1s remaining=1020
    iter=981 E=-1.8923561547 nfev=984 t=1786.1s remaining=1019
    iter=982 E=-1.8923667485 nfev=985 t=1787.9s remaining=1018
    iter=983 E=-1.8923780241 nfev=986 t=1789.8s remaining=1017
    iter=984 E=-1.8923862895 nfev=987 t=1791.7s remaining=1016
    iter=985 E=-1.8923949471 nfev=988 t=1793.4s remaining=1015
    iter=986 E=-1.8924038952 nfev=989 t=1795.2s remaining=1014
    iter=987 E=-1.8924127083 nfev=990 t=1796.9s remaining=1013
    iter=988 E=-1.8924212269 nfev=991 t=1798.6s remaining=1012
    iter=989 E=-1.8924287082 nfev=992 t=1800.4s remaining=1011
    iter=990 E=-1.8924355013 nfev=993 t=1802.3s remaining=1010
    iter=991 E=-1.8924419859 nfev=994 t=1804.1s remaining=1009
    iter=992 E=-1.8924481158 nfev=995 t=1805.9s remaining=1008
    iter=993 E=-1.8924540882 nfev=996 t=1807.8s remaining=1007
    iter=994 E=-1.8924597836 nfev=997 t=1809.6s remaining=1006
    iter=995 E=-1.8924663231 nfev=998 t=1811.4s remaining=1005
    iter=996 E=-1.8924735377 nfev=999 t=1813.2s remaining=1004
    iter=997 E=-1.8924804144 nfev=1000 t=1815.0s remaining=1003
    iter=998 E=-1.8924878006 nfev=1001 t=1816.8s remaining=1002
    iter=999 E=-1.8924942984 nfev=1002 t=1818.7s remaining=1001
    iter=1000 E=-1.8925003096 nfev=1003 t=1820.5s remaining=1000
    iter=1001 E=-1.8925068724 nfev=1004 t=1822.3s remaining=999
    iter=1002 E=-1.8925139217 nfev=1005 t=1824.1s remaining=998
    iter=1003 E=-1.8925208806 nfev=1006 t=1825.9s remaining=997
    iter=1004 E=-1.8925262038 nfev=1007 t=1827.7s remaining=996
    iter=1005 E=-1.8925305365 nfev=1008 t=1829.5s remaining=995
    iter=1006 E=-1.8925345483 nfev=1009 t=1831.3s remaining=994
    iter=1007 E=-1.8925391292 nfev=1010 t=1833.1s remaining=993
    iter=1008 E=-1.8925444497 nfev=1011 t=1834.9s remaining=992
    iter=1009 E=-1.8925495053 nfev=1012 t=1836.8s remaining=991
    iter=1010 E=-1.8925548785 nfev=1013 t=1838.6s remaining=990
    iter=1011 E=-1.8925600017 nfev=1014 t=1840.5s remaining=989
    iter=1012 E=-1.8925645802 nfev=1015 t=1842.4s remaining=988
    iter=1013 E=-1.8925688314 nfev=1016 t=1844.3s remaining=987
    iter=1014 E=-1.8925729675 nfev=1017 t=1846.1s remaining=986
    iter=1015 E=-1.8925771630 nfev=1018 t=1848.1s remaining=985
    iter=1016 E=-1.8925815268 nfev=1019 t=1849.9s remaining=984
    iter=1017 E=-1.8925855848 nfev=1020 t=1851.7s remaining=983
    iter=1018 E=-1.8925890426 nfev=1021 t=1853.5s remaining=982
    iter=1019 E=-1.8925922836 nfev=1022 t=1855.2s remaining=981
    iter=1020 E=-1.8925954908 nfev=1023 t=1857.0s remaining=980
    iter=1021 E=-1.8925985382 nfev=1024 t=1858.8s remaining=979
    iter=1022 E=-1.8926015819 nfev=1025 t=1860.6s remaining=978
    iter=1023 E=-1.8926045772 nfev=1026 t=1862.4s remaining=977
    iter=1024 E=-1.8926074413 nfev=1027 t=1864.2s remaining=976
    iter=1025 E=-1.8926103210 nfev=1028 t=1865.9s remaining=975
    iter=1026 E=-1.8926129185 nfev=1029 t=1867.7s remaining=974
    iter=1027 E=-1.8926152712 nfev=1030 t=1869.5s remaining=973
    iter=1028 E=-1.8926175565 nfev=1031 t=1871.4s remaining=972
    iter=1029 E=-1.8926199512 nfev=1032 t=1873.2s remaining=971
    iter=1030 E=-1.8926225456 nfev=1033 t=1875.1s remaining=970
    iter=1031 E=-1.8926251440 nfev=1034 t=1876.9s remaining=969
    iter=1032 E=-1.8926272425 nfev=1035 t=1878.7s remaining=968
    iter=1033 E=-1.8926293899 nfev=1036 t=1880.8s remaining=967
    iter=1034 E=-1.8926318069 nfev=1037 t=1882.7s remaining=966
    iter=1035 E=-1.8926344653 nfev=1038 t=1884.7s remaining=965
    iter=1036 E=-1.8926374170 nfev=1039 t=1886.4s remaining=964
    iter=1037 E=-1.8926405345 nfev=1040 t=1888.2s remaining=963
    iter=1038 E=-1.8926433391 nfev=1041 t=1890.0s remaining=962
    iter=1039 E=-1.8926459495 nfev=1042 t=1892.1s remaining=961
    iter=1040 E=-1.8926484720 nfev=1043 t=1893.9s remaining=960
    iter=1041 E=-1.8926510217 nfev=1044 t=1895.7s remaining=959
    iter=1042 E=-1.8926540774 nfev=1045 t=1897.4s remaining=958
    iter=1043 E=-1.8926570334 nfev=1046 t=1899.3s remaining=957
    iter=1044 E=-1.8926599532 nfev=1047 t=1901.1s remaining=956
    iter=1045 E=-1.8926630767 nfev=1048 t=1903.0s remaining=955
    iter=1046 E=-1.8926662835 nfev=1049 t=1904.8s remaining=954
    iter=1047 E=-1.8926695033 nfev=1050 t=1906.6s remaining=953
    iter=1048 E=-1.8926732445 nfev=1051 t=1908.5s remaining=952
    iter=1049 E=-1.8926773292 nfev=1052 t=1910.3s remaining=951
    iter=1050 E=-1.8926816245 nfev=1053 t=1912.1s remaining=950
    iter=1051 E=-1.8926863474 nfev=1054 t=1914.0s remaining=949
    iter=1052 E=-1.8926909597 nfev=1055 t=1915.8s remaining=948
    iter=1053 E=-1.8926953492 nfev=1056 t=1917.6s remaining=947
    iter=1054 E=-1.8926995098 nfev=1057 t=1919.4s remaining=946
    iter=1055 E=-1.8927033869 nfev=1058 t=1921.3s remaining=945
    iter=1056 E=-1.8927066237 nfev=1059 t=1923.2s remaining=944
    iter=1057 E=-1.8927095934 nfev=1060 t=1925.1s remaining=943
    iter=1058 E=-1.8927125369 nfev=1061 t=1926.9s remaining=942
    iter=1059 E=-1.8927158729 nfev=1062 t=1928.8s remaining=941
    iter=1060 E=-1.8927190593 nfev=1063 t=1930.7s remaining=940
    iter=1061 E=-1.8927223642 nfev=1064 t=1932.5s remaining=939
    iter=1062 E=-1.8927256123 nfev=1065 t=1934.5s remaining=938
    iter=1063 E=-1.8927287128 nfev=1066 t=1936.7s remaining=937
    iter=1064 E=-1.8927318626 nfev=1067 t=1938.5s remaining=936
    iter=1065 E=-1.8927348506 nfev=1068 t=1940.4s remaining=935
    iter=1066 E=-1.8927375206 nfev=1069 t=1942.3s remaining=934
    iter=1067 E=-1.8927403103 nfev=1070 t=1944.2s remaining=933
    iter=1068 E=-1.8927437456 nfev=1071 t=1946.4s remaining=932
    iter=1069 E=-1.8927477382 nfev=1072 t=1948.2s remaining=931
    iter=1070 E=-1.8927511651 nfev=1073 t=1950.1s remaining=930
    iter=1071 E=-1.8927544596 nfev=1074 t=1952.0s remaining=929
    iter=1072 E=-1.8927575060 nfev=1075 t=1953.9s remaining=928
    iter=1073 E=-1.8927600935 nfev=1076 t=1955.8s remaining=927
    iter=1074 E=-1.8927625751 nfev=1077 t=1957.7s remaining=926
    iter=1075 E=-1.8927660236 nfev=1078 t=1959.4s remaining=925
    iter=1076 E=-1.8927697651 nfev=1079 t=1961.3s remaining=924
    iter=1077 E=-1.8927734052 nfev=1080 t=1963.2s remaining=923
    iter=1078 E=-1.8927763119 nfev=1081 t=1965.1s remaining=922
    iter=1079 E=-1.8927788235 nfev=1082 t=1967.1s remaining=921
    iter=1080 E=-1.8927814815 nfev=1083 t=1969.0s remaining=920
    iter=1081 E=-1.8927845845 nfev=1084 t=1971.4s remaining=919
    iter=1082 E=-1.8927880915 nfev=1085 t=1973.7s remaining=918
    iter=1083 E=-1.8927915444 nfev=1086 t=1975.6s remaining=917
    iter=1084 E=-1.8927952149 nfev=1087 t=1977.6s remaining=916
    iter=1085 E=-1.8927987518 nfev=1088 t=1979.5s remaining=915
    iter=1086 E=-1.8928016471 nfev=1089 t=1981.4s remaining=914
    iter=1087 E=-1.8928045421 nfev=1090 t=1983.4s remaining=913
    iter=1088 E=-1.8928080860 nfev=1091 t=1985.5s remaining=912
    iter=1089 E=-1.8928114817 nfev=1092 t=1987.3s remaining=911
    iter=1090 E=-1.8928157111 nfev=1093 t=1989.1s remaining=910
    iter=1091 E=-1.8928198558 nfev=1094 t=1990.9s remaining=909
    iter=1092 E=-1.8928235626 nfev=1095 t=1992.8s remaining=908
    iter=1093 E=-1.8928270699 nfev=1096 t=1994.6s remaining=907
    iter=1094 E=-1.8928302582 nfev=1097 t=1996.3s remaining=906
    iter=1095 E=-1.8928332372 nfev=1098 t=1998.2s remaining=905
    iter=1096 E=-1.8928362376 nfev=1099 t=2000.2s remaining=904
    iter=1097 E=-1.8928392524 nfev=1100 t=2002.2s remaining=903
    iter=1098 E=-1.8928424367 nfev=1101 t=2003.9s remaining=902
    iter=1099 E=-1.8928456219 nfev=1102 t=2005.9s remaining=901
    iter=1100 E=-1.8928485973 nfev=1103 t=2007.7s remaining=900
    iter=1101 E=-1.8928514208 nfev=1104 t=2009.5s remaining=899
    iter=1102 E=-1.8928542162 nfev=1105 t=2011.4s remaining=898
    iter=1103 E=-1.8928570017 nfev=1106 t=2013.2s remaining=897
    iter=1104 E=-1.8928599000 nfev=1107 t=2015.1s remaining=896
    iter=1105 E=-1.8928626186 nfev=1108 t=2017.1s remaining=895
    iter=1106 E=-1.8928649791 nfev=1109 t=2019.0s remaining=894
    iter=1107 E=-1.8928674617 nfev=1110 t=2020.8s remaining=893
    iter=1108 E=-1.8928700092 nfev=1111 t=2022.9s remaining=892
    iter=1109 E=-1.8928725368 nfev=1112 t=2024.7s remaining=891
    iter=1110 E=-1.8928753784 nfev=1113 t=2026.5s remaining=890
    iter=1111 E=-1.8928782322 nfev=1114 t=2028.2s remaining=889
    iter=1112 E=-1.8928808785 nfev=1115 t=2030.0s remaining=888
    iter=1113 E=-1.8928834528 nfev=1116 t=2031.7s remaining=887
    iter=1114 E=-1.8928858500 nfev=1117 t=2033.4s remaining=886
    iter=1115 E=-1.8928881673 nfev=1118 t=2035.1s remaining=885
    iter=1116 E=-1.8928906343 nfev=1119 t=2036.9s remaining=884
    iter=1117 E=-1.8928931009 nfev=1120 t=2038.6s remaining=883
    iter=1118 E=-1.8928953901 nfev=1121 t=2040.3s remaining=882
    iter=1119 E=-1.8928974652 nfev=1122 t=2042.0s remaining=881
    iter=1120 E=-1.8928994071 nfev=1123 t=2043.8s remaining=880
    iter=1121 E=-1.8929011797 nfev=1124 t=2045.6s remaining=879
    iter=1122 E=-1.8929027123 nfev=1125 t=2047.6s remaining=878
    iter=1123 E=-1.8929041197 nfev=1126 t=2049.4s remaining=877
    iter=1124 E=-1.8929054935 nfev=1127 t=2051.2s remaining=876
    iter=1125 E=-1.8929068126 nfev=1128 t=2053.1s remaining=875
    iter=1126 E=-1.8929080485 nfev=1129 t=2054.9s remaining=874
    iter=1127 E=-1.8929092779 nfev=1130 t=2056.7s remaining=873
    iter=1128 E=-1.8929105884 nfev=1131 t=2058.4s remaining=872
    iter=1129 E=-1.8929118402 nfev=1132 t=2060.3s remaining=871
    iter=1130 E=-1.8929129797 nfev=1133 t=2062.0s remaining=870
    iter=1131 E=-1.8929140061 nfev=1134 t=2064.1s remaining=869
    iter=1132 E=-1.8929149723 nfev=1135 t=2066.5s remaining=868
    iter=1133 E=-1.8929159840 nfev=1136 t=2068.8s remaining=867
    iter=1134 E=-1.8929170745 nfev=1137 t=2071.2s remaining=866
    iter=1135 E=-1.8929180593 nfev=1138 t=2073.5s remaining=865
    iter=1136 E=-1.8929189078 nfev=1139 t=2075.7s remaining=864
    iter=1137 E=-1.8929196767 nfev=1140 t=2078.0s remaining=863
    iter=1138 E=-1.8929204391 nfev=1141 t=2080.3s remaining=862
    iter=1139 E=-1.8929211758 nfev=1142 t=2082.6s remaining=861
    iter=1140 E=-1.8929219849 nfev=1143 t=2084.5s remaining=860
    iter=1141 E=-1.8929228700 nfev=1144 t=2086.2s remaining=859
    iter=1142 E=-1.8929238309 nfev=1145 t=2088.0s remaining=858
    iter=1143 E=-1.8929248438 nfev=1146 t=2089.8s remaining=857
    iter=1144 E=-1.8929259373 nfev=1147 t=2091.5s remaining=856
    iter=1145 E=-1.8929270322 nfev=1148 t=2093.3s remaining=855
    iter=1146 E=-1.8929280754 nfev=1149 t=2095.0s remaining=854
    iter=1147 E=-1.8929290650 nfev=1150 t=2096.9s remaining=853
    iter=1148 E=-1.8929300419 nfev=1151 t=2098.8s remaining=852
    iter=1149 E=-1.8929310591 nfev=1152 t=2100.5s remaining=851
    iter=1150 E=-1.8929321729 nfev=1153 t=2102.3s remaining=850
    iter=1151 E=-1.8929333474 nfev=1154 t=2104.0s remaining=849
    iter=1152 E=-1.8929344565 nfev=1155 t=2105.9s remaining=848
    iter=1153 E=-1.8929354823 nfev=1156 t=2107.6s remaining=847
    iter=1154 E=-1.8929365258 nfev=1157 t=2109.4s remaining=846
    iter=1155 E=-1.8929377061 nfev=1158 t=2111.2s remaining=845
    iter=1156 E=-1.8929390518 nfev=1159 t=2113.0s remaining=844
    iter=1157 E=-1.8929405134 nfev=1160 t=2114.9s remaining=843
    iter=1158 E=-1.8929419617 nfev=1161 t=2116.7s remaining=842
    iter=1159 E=-1.8929432537 nfev=1162 t=2118.5s remaining=841
    iter=1160 E=-1.8929444173 nfev=1163 t=2120.4s remaining=840
    iter=1161 E=-1.8929455669 nfev=1164 t=2122.4s remaining=839
    iter=1162 E=-1.8929468000 nfev=1165 t=2124.3s remaining=838
    iter=1163 E=-1.8929481191 nfev=1166 t=2126.4s remaining=837
    iter=1164 E=-1.8929494419 nfev=1167 t=2128.5s remaining=836
    iter=1165 E=-1.8929506828 nfev=1168 t=2130.4s remaining=835
    iter=1166 E=-1.8929517507 nfev=1169 t=2132.3s remaining=834
    iter=1167 E=-1.8929526780 nfev=1170 t=2134.1s remaining=833
    iter=1168 E=-1.8929536607 nfev=1171 t=2136.0s remaining=832
    iter=1169 E=-1.8929548210 nfev=1172 t=2137.8s remaining=831
    iter=1170 E=-1.8929561017 nfev=1173 t=2139.6s remaining=830
    iter=1171 E=-1.8929572264 nfev=1174 t=2141.3s remaining=829
    iter=1172 E=-1.8929581310 nfev=1175 t=2143.1s remaining=828
    iter=1173 E=-1.8929589717 nfev=1176 t=2145.0s remaining=827
    iter=1174 E=-1.8929599395 nfev=1177 t=2146.9s remaining=826
    iter=1175 E=-1.8929610886 nfev=1178 t=2148.7s remaining=825
    iter=1176 E=-1.8929623378 nfev=1179 t=2150.4s remaining=824
    iter=1177 E=-1.8929635076 nfev=1180 t=2152.2s remaining=823
    iter=1178 E=-1.8929644908 nfev=1181 t=2153.9s remaining=822
    iter=1179 E=-1.8929652938 nfev=1182 t=2155.8s remaining=821
    iter=1180 E=-1.8929660312 nfev=1183 t=2157.6s remaining=820
    iter=1181 E=-1.8929667820 nfev=1184 t=2159.3s remaining=819
    iter=1182 E=-1.8929675804 nfev=1185 t=2161.1s remaining=818
    iter=1183 E=-1.8929684420 nfev=1186 t=2163.1s remaining=817
    iter=1184 E=-1.8929693583 nfev=1187 t=2165.1s remaining=816
    iter=1185 E=-1.8929702967 nfev=1188 t=2166.9s remaining=815
    iter=1186 E=-1.8929712429 nfev=1189 t=2168.7s remaining=814
    iter=1187 E=-1.8929722254 nfev=1190 t=2170.4s remaining=813
    iter=1188 E=-1.8929732902 nfev=1191 t=2172.1s remaining=812
    iter=1189 E=-1.8929744342 nfev=1192 t=2173.8s remaining=811
    iter=1190 E=-1.8929756174 nfev=1193 t=2175.5s remaining=810
    iter=1191 E=-1.8929768123 nfev=1194 t=2177.3s remaining=809
    iter=1192 E=-1.8929779974 nfev=1195 t=2179.2s remaining=808
    iter=1193 E=-1.8929791256 nfev=1196 t=2181.1s remaining=807
    iter=1194 E=-1.8929801356 nfev=1197 t=2182.9s remaining=806
    iter=1195 E=-1.8929809977 nfev=1198 t=2184.6s remaining=805
    iter=1196 E=-1.8929817845 nfev=1199 t=2186.4s remaining=804
    iter=1197 E=-1.8929825913 nfev=1200 t=2188.1s remaining=803
    iter=1198 E=-1.8929834860 nfev=1201 t=2189.9s remaining=802
    iter=1199 E=-1.8929844367 nfev=1202 t=2191.8s remaining=801
    iter=1200 E=-1.8929853398 nfev=1203 t=2193.7s remaining=800
    iter=1201 E=-1.8929861058 nfev=1204 t=2195.5s remaining=799
    iter=1202 E=-1.8929867498 nfev=1205 t=2197.3s remaining=798
    iter=1203 E=-1.8929873468 nfev=1206 t=2199.1s remaining=797
    iter=1204 E=-1.8929879929 nfev=1207 t=2200.9s remaining=796
    iter=1205 E=-1.8929887131 nfev=1208 t=2202.6s remaining=795
    iter=1206 E=-1.8929895012 nfev=1209 t=2204.5s remaining=794
    iter=1207 E=-1.8929902954 nfev=1210 t=2206.6s remaining=793
    iter=1208 E=-1.8929910766 nfev=1211 t=2208.3s remaining=792
    iter=1209 E=-1.8929918833 nfev=1212 t=2210.2s remaining=791
    iter=1210 E=-1.8929927536 nfev=1213 t=2211.9s remaining=790
    iter=1211 E=-1.8929936506 nfev=1214 t=2213.8s remaining=789
    iter=1212 E=-1.8929944984 nfev=1215 t=2215.6s remaining=788
    iter=1213 E=-1.8929952514 nfev=1216 t=2217.5s remaining=787
    iter=1214 E=-1.8929959527 nfev=1217 t=2219.3s remaining=786
    iter=1215 E=-1.8929966622 nfev=1218 t=2221.0s remaining=785
    iter=1216 E=-1.8929974243 nfev=1219 t=2222.7s remaining=784
    iter=1217 E=-1.8929982273 nfev=1220 t=2224.4s remaining=783
    iter=1218 E=-1.8929990552 nfev=1221 t=2226.2s remaining=782
    iter=1219 E=-1.8929998933 nfev=1222 t=2228.0s remaining=781
    iter=1220 E=-1.8930007221 nfev=1223 t=2229.7s remaining=780
    iter=1221 E=-1.8930015228 nfev=1224 t=2231.5s remaining=779
    iter=1222 E=-1.8930023153 nfev=1225 t=2233.3s remaining=778
    iter=1223 E=-1.8930031689 nfev=1226 t=2235.1s remaining=777
    iter=1224 E=-1.8930041190 nfev=1227 t=2236.9s remaining=776
    iter=1225 E=-1.8930050628 nfev=1228 t=2238.9s remaining=775
    iter=1226 E=-1.8930058607 nfev=1229 t=2240.7s remaining=774
    iter=1227 E=-1.8930065352 nfev=1230 t=2242.6s remaining=773
    iter=1228 E=-1.8930071900 nfev=1231 t=2244.5s remaining=772
    iter=1229 E=-1.8930079425 nfev=1232 t=2246.3s remaining=771
    iter=1230 E=-1.8930087999 nfev=1233 t=2248.2s remaining=770
    iter=1231 E=-1.8930097207 nfev=1234 t=2250.2s remaining=769
    iter=1232 E=-1.8930106158 nfev=1235 t=2252.1s remaining=768
    iter=1233 E=-1.8930114600 nfev=1236 t=2254.0s remaining=767
    iter=1234 E=-1.8930122151 nfev=1237 t=2255.7s remaining=766
    iter=1235 E=-1.8930128938 nfev=1238 t=2257.5s remaining=765
    iter=1236 E=-1.8930135020 nfev=1239 t=2259.3s remaining=764
    iter=1237 E=-1.8930140932 nfev=1240 t=2261.0s remaining=763
    iter=1238 E=-1.8930146942 nfev=1241 t=2262.7s remaining=762
    iter=1239 E=-1.8930153245 nfev=1242 t=2264.6s remaining=761
    iter=1240 E=-1.8930159591 nfev=1243 t=2266.5s remaining=760
    iter=1241 E=-1.8930165527 nfev=1244 t=2268.2s remaining=759
    iter=1242 E=-1.8930170546 nfev=1245 t=2270.0s remaining=758
    iter=1243 E=-1.8930174737 nfev=1246 t=2271.7s remaining=757
    iter=1244 E=-1.8930178736 nfev=1247 t=2273.5s remaining=756
    iter=1245 E=-1.8930183037 nfev=1248 t=2275.2s remaining=755
    iter=1246 E=-1.8930187651 nfev=1249 t=2276.9s remaining=754
    iter=1247 E=-1.8930191824 nfev=1250 t=2278.7s remaining=753
    iter=1248 E=-1.8930195411 nfev=1251 t=2280.4s remaining=752
    iter=1249 E=-1.8930198810 nfev=1252 t=2282.2s remaining=751
    iter=1250 E=-1.8930202729 nfev=1253 t=2284.0s remaining=750
    iter=1251 E=-1.8930207138 nfev=1254 t=2285.7s remaining=749
    iter=1252 E=-1.8930211520 nfev=1255 t=2287.7s remaining=748
    iter=1253 E=-1.8930215347 nfev=1256 t=2289.5s remaining=747
    iter=1254 E=-1.8930218848 nfev=1257 t=2291.2s remaining=746
    iter=1255 E=-1.8930222317 nfev=1258 t=2293.1s remaining=745
    iter=1256 E=-1.8930225867 nfev=1259 t=2294.8s remaining=744
    iter=1257 E=-1.8930229213 nfev=1260 t=2296.7s remaining=743
    iter=1258 E=-1.8930232288 nfev=1261 t=2298.6s remaining=742
    iter=1259 E=-1.8930235262 nfev=1262 t=2300.4s remaining=741
    iter=1260 E=-1.8930238337 nfev=1263 t=2302.2s remaining=740
    iter=1261 E=-1.8930241188 nfev=1264 t=2304.0s remaining=739
    iter=1262 E=-1.8930243670 nfev=1265 t=2305.8s remaining=738
    iter=1263 E=-1.8930245958 nfev=1266 t=2307.7s remaining=737
    iter=1264 E=-1.8930248615 nfev=1267 t=2309.7s remaining=736
    iter=1265 E=-1.8930251848 nfev=1268 t=2311.6s remaining=735
    iter=1266 E=-1.8930255407 nfev=1269 t=2313.5s remaining=734
    iter=1267 E=-1.8930258536 nfev=1270 t=2315.3s remaining=733
    iter=1268 E=-1.8930260976 nfev=1271 t=2317.2s remaining=732
    iter=1269 E=-1.8930263058 nfev=1272 t=2319.1s remaining=731
    iter=1270 E=-1.8930265323 nfev=1273 t=2321.0s remaining=730
    iter=1271 E=-1.8930267951 nfev=1274 t=2322.8s remaining=729
    iter=1272 E=-1.8930270695 nfev=1275 t=2324.6s remaining=728
    iter=1273 E=-1.8930273182 nfev=1276 t=2326.5s remaining=727
    iter=1274 E=-1.8930275311 nfev=1277 t=2328.3s remaining=726
    iter=1275 E=-1.8930277210 nfev=1278 t=2330.2s remaining=725
    iter=1276 E=-1.8930279121 nfev=1279 t=2332.2s remaining=724
    iter=1277 E=-1.8930281046 nfev=1280 t=2334.0s remaining=723
    iter=1278 E=-1.8930283060 nfev=1281 t=2335.9s remaining=722
    iter=1279 E=-1.8930285141 nfev=1282 t=2337.8s remaining=721
    iter=1280 E=-1.8930287456 nfev=1283 t=2339.5s remaining=720
    iter=1281 E=-1.8930289815 nfev=1284 t=2341.3s remaining=719
    iter=1282 E=-1.8930292048 nfev=1285 t=2343.2s remaining=718
    iter=1283 E=-1.8930293986 nfev=1286 t=2344.9s remaining=717
    iter=1284 E=-1.8930295859 nfev=1287 t=2346.7s remaining=716
    iter=1285 E=-1.8930297901 nfev=1288 t=2348.5s remaining=715
    iter=1286 E=-1.8930300112 nfev=1289 t=2350.3s remaining=714
    iter=1287 E=-1.8930302237 nfev=1290 t=2352.1s remaining=713
    iter=1288 E=-1.8930303990 nfev=1291 t=2353.9s remaining=712
    iter=1289 E=-1.8930305390 nfev=1292 t=2355.6s remaining=711
    iter=1290 E=-1.8930306594 nfev=1293 t=2357.4s remaining=710
    iter=1291 E=-1.8930307759 nfev=1294 t=2359.2s remaining=709
    iter=1292 E=-1.8930308988 nfev=1295 t=2361.0s remaining=708
    iter=1293 E=-1.8930310324 nfev=1296 t=2362.8s remaining=707
    iter=1294 E=-1.8930311741 nfev=1297 t=2364.6s remaining=706
    iter=1295 E=-1.8930313061 nfev=1298 t=2366.4s remaining=705
    iter=1296 E=-1.8930314240 nfev=1299 t=2368.1s remaining=704
    iter=1297 E=-1.8930315359 nfev=1300 t=2369.9s remaining=703
    iter=1298 E=-1.8930316644 nfev=1301 t=2371.9s remaining=702
    iter=1299 E=-1.8930318211 nfev=1302 t=2373.7s remaining=701
    iter=1300 E=-1.8930319978 nfev=1303 t=2375.5s remaining=700
    iter=1301 E=-1.8930321799 nfev=1304 t=2377.4s remaining=699
    iter=1302 E=-1.8930323540 nfev=1305 t=2379.2s remaining=698
    iter=1303 E=-1.8930325266 nfev=1306 t=2380.9s remaining=697
    iter=1304 E=-1.8930326890 nfev=1307 t=2382.7s remaining=696
    iter=1305 E=-1.8930328399 nfev=1308 t=2384.6s remaining=695
    iter=1306 E=-1.8930329763 nfev=1309 t=2386.4s remaining=694
    iter=1307 E=-1.8930331294 nfev=1310 t=2388.1s remaining=693
    iter=1308 E=-1.8930333259 nfev=1311 t=2389.9s remaining=692
    iter=1309 E=-1.8930335813 nfev=1312 t=2391.9s remaining=691
    iter=1310 E=-1.8930338474 nfev=1313 t=2393.8s remaining=690
    iter=1311 E=-1.8930340711 nfev=1314 t=2395.6s remaining=689
    iter=1312 E=-1.8930342410 nfev=1315 t=2397.4s remaining=688
    iter=1313 E=-1.8930344065 nfev=1316 t=2399.1s remaining=687
    iter=1314 E=-1.8930346011 nfev=1317 t=2400.9s remaining=686
    iter=1315 E=-1.8930348349 nfev=1318 t=2402.6s remaining=685
    iter=1316 E=-1.8930350712 nfev=1319 t=2404.5s remaining=684
    iter=1317 E=-1.8930352792 nfev=1320 t=2406.3s remaining=683
    iter=1318 E=-1.8930354428 nfev=1321 t=2408.0s remaining=682
    iter=1319 E=-1.8930355857 nfev=1322 t=2409.8s remaining=681
    iter=1320 E=-1.8930357322 nfev=1323 t=2411.5s remaining=680
    iter=1321 E=-1.8930359077 nfev=1324 t=2413.3s remaining=679
    iter=1322 E=-1.8930361021 nfev=1325 t=2415.1s remaining=678
    iter=1323 E=-1.8930362876 nfev=1326 t=2416.9s remaining=677
    iter=1324 E=-1.8930364389 nfev=1327 t=2418.7s remaining=676
    iter=1325 E=-1.8930365707 nfev=1328 t=2420.5s remaining=675
    iter=1326 E=-1.8930367019 nfev=1329 t=2422.3s remaining=674
    iter=1327 E=-1.8930368440 nfev=1330 t=2424.1s remaining=673
    iter=1328 E=-1.8930369923 nfev=1331 t=2426.0s remaining=672
    iter=1329 E=-1.8930371446 nfev=1332 t=2427.8s remaining=671
    iter=1330 E=-1.8930373061 nfev=1333 t=2429.6s remaining=670
    iter=1331 E=-1.8930374700 nfev=1334 t=2431.5s remaining=669
    iter=1332 E=-1.8930376241 nfev=1335 t=2433.3s remaining=668
    iter=1333 E=-1.8930377617 nfev=1336 t=2435.1s remaining=667
    iter=1334 E=-1.8930378990 nfev=1337 t=2436.8s remaining=666
    iter=1335 E=-1.8930380510 nfev=1338 t=2438.6s remaining=665
    iter=1336 E=-1.8930382257 nfev=1339 t=2440.3s remaining=664
    iter=1337 E=-1.8930384149 nfev=1340 t=2442.0s remaining=663
    iter=1338 E=-1.8930386081 nfev=1341 t=2443.7s remaining=662
    iter=1339 E=-1.8930387898 nfev=1342 t=2445.5s remaining=661
    iter=1340 E=-1.8930389510 nfev=1343 t=2447.3s remaining=660
    iter=1341 E=-1.8930390940 nfev=1344 t=2449.1s remaining=659
    iter=1342 E=-1.8930392452 nfev=1345 t=2451.0s remaining=658
    iter=1343 E=-1.8930394277 nfev=1346 t=2452.8s remaining=657
    iter=1344 E=-1.8930396504 nfev=1347 t=2454.5s remaining=656
    iter=1345 E=-1.8930398801 nfev=1348 t=2456.4s remaining=655
    iter=1346 E=-1.8930400858 nfev=1349 t=2458.6s remaining=654
    iter=1347 E=-1.8930402666 nfev=1350 t=2460.8s remaining=653
    iter=1348 E=-1.8930404413 nfev=1351 t=2463.0s remaining=652
    iter=1349 E=-1.8930406182 nfev=1352 t=2464.9s remaining=651
    iter=1350 E=-1.8930408023 nfev=1353 t=2466.8s remaining=650
    iter=1351 E=-1.8930410071 nfev=1354 t=2468.8s remaining=649
    iter=1352 E=-1.8930412379 nfev=1355 t=2471.0s remaining=648
    iter=1353 E=-1.8930414641 nfev=1356 t=2472.9s remaining=647
    iter=1354 E=-1.8930416459 nfev=1357 t=2474.7s remaining=646
    iter=1355 E=-1.8930417859 nfev=1358 t=2476.5s remaining=645
    iter=1356 E=-1.8930419277 nfev=1359 t=2478.4s remaining=644
    iter=1357 E=-1.8930421203 nfev=1360 t=2480.2s remaining=643
    iter=1358 E=-1.8930423898 nfev=1361 t=2482.0s remaining=642
    iter=1359 E=-1.8930427201 nfev=1362 t=2484.3s remaining=641
    iter=1360 E=-1.8930430611 nfev=1363 t=2486.6s remaining=640
    iter=1361 E=-1.8930433644 nfev=1364 t=2488.9s remaining=639
    iter=1362 E=-1.8930436249 nfev=1365 t=2491.1s remaining=638
    iter=1363 E=-1.8930438859 nfev=1366 t=2493.1s remaining=637
    iter=1364 E=-1.8930441997 nfev=1367 t=2495.0s remaining=636
    iter=1365 E=-1.8930446067 nfev=1368 t=2496.8s remaining=635
    iter=1366 E=-1.8930450803 nfev=1369 t=2498.6s remaining=634
    iter=1367 E=-1.8930455494 nfev=1370 t=2500.4s remaining=633
    iter=1368 E=-1.8930459404 nfev=1371 t=2502.2s remaining=632
    iter=1369 E=-1.8930462711 nfev=1372 t=2504.0s remaining=631
    iter=1370 E=-1.8930465724 nfev=1373 t=2505.8s remaining=630
    iter=1371 E=-1.8930468995 nfev=1374 t=2507.6s remaining=629
    iter=1372 E=-1.8930472808 nfev=1375 t=2509.4s remaining=628
    iter=1373 E=-1.8930477112 nfev=1376 t=2511.2s remaining=627
    iter=1374 E=-1.8930481602 nfev=1377 t=2513.0s remaining=626
    iter=1375 E=-1.8930485418 nfev=1378 t=2514.8s remaining=625
    iter=1376 E=-1.8930488116 nfev=1379 t=2516.6s remaining=624
    iter=1377 E=-1.8930490168 nfev=1380 t=2518.4s remaining=623
    iter=1378 E=-1.8930492400 nfev=1381 t=2520.2s remaining=622
    iter=1379 E=-1.8930495426 nfev=1382 t=2522.0s remaining=621
    iter=1380 E=-1.8930499453 nfev=1383 t=2523.8s remaining=620
    iter=1381 E=-1.8930503735 nfev=1384 t=2525.6s remaining=619
    iter=1382 E=-1.8930507129 nfev=1385 t=2527.4s remaining=618
    iter=1383 E=-1.8930509457 nfev=1386 t=2529.2s remaining=617
    iter=1384 E=-1.8930511419 nfev=1387 t=2531.0s remaining=616
    iter=1385 E=-1.8930513830 nfev=1388 t=2532.8s remaining=615
    iter=1386 E=-1.8930517050 nfev=1389 t=2534.6s remaining=614
    iter=1387 E=-1.8930520837 nfev=1390 t=2536.4s remaining=613
    iter=1388 E=-1.8930524287 nfev=1391 t=2538.2s remaining=612
    iter=1389 E=-1.8930526867 nfev=1392 t=2540.0s remaining=611
    iter=1390 E=-1.8930528741 nfev=1393 t=2541.8s remaining=610
    iter=1391 E=-1.8930530436 nfev=1394 t=2543.6s remaining=609
    iter=1392 E=-1.8930532361 nfev=1395 t=2545.4s remaining=608
    iter=1393 E=-1.8930534834 nfev=1396 t=2547.2s remaining=607
    iter=1394 E=-1.8930538024 nfev=1397 t=2549.0s remaining=606
    iter=1395 E=-1.8930541574 nfev=1398 t=2550.8s remaining=605
    iter=1396 E=-1.8930544844 nfev=1399 t=2552.6s remaining=604
    iter=1397 E=-1.8930547339 nfev=1400 t=2554.4s remaining=603
    iter=1398 E=-1.8930549243 nfev=1401 t=2556.2s remaining=602
    iter=1399 E=-1.8930550877 nfev=1402 t=2558.0s remaining=601
    iter=1400 E=-1.8930552633 nfev=1403 t=2559.8s remaining=600
    iter=1401 E=-1.8930554945 nfev=1404 t=2561.6s remaining=599
    iter=1402 E=-1.8930558297 nfev=1405 t=2563.4s remaining=598
    iter=1403 E=-1.8930562695 nfev=1406 t=2565.2s remaining=597
    iter=1404 E=-1.8930567010 nfev=1407 t=2567.0s remaining=596
    iter=1405 E=-1.8930570105 nfev=1408 t=2569.0s remaining=595
    iter=1406 E=-1.8930572407 nfev=1409 t=2570.8s remaining=594
    iter=1407 E=-1.8930575151 nfev=1410 t=2572.6s remaining=593
    iter=1408 E=-1.8930579372 nfev=1411 t=2574.3s remaining=592
    iter=1409 E=-1.8930585563 nfev=1412 t=2576.1s remaining=591
    iter=1410 E=-1.8930592010 nfev=1413 t=2578.0s remaining=590
    iter=1411 E=-1.8930597568 nfev=1414 t=2579.8s remaining=589
    iter=1412 E=-1.8930601926 nfev=1415 t=2581.7s remaining=588
    iter=1413 E=-1.8930606355 nfev=1416 t=2583.6s remaining=587
    iter=1414 E=-1.8930612005 nfev=1417 t=2585.4s remaining=586
    iter=1415 E=-1.8930619596 nfev=1418 t=2587.2s remaining=585
    iter=1416 E=-1.8930628481 nfev=1419 t=2589.1s remaining=584
    iter=1417 E=-1.8930636674 nfev=1420 t=2590.8s remaining=583
    iter=1418 E=-1.8930642546 nfev=1421 t=2592.5s remaining=582
    iter=1419 E=-1.8930646639 nfev=1422 t=2594.2s remaining=581
    iter=1420 E=-1.8930650460 nfev=1423 t=2595.9s remaining=580
    iter=1421 E=-1.8930655471 nfev=1424 t=2597.7s remaining=579
    iter=1422 E=-1.8930662195 nfev=1425 t=2599.5s remaining=578
    iter=1423 E=-1.8930669450 nfev=1426 t=2601.3s remaining=577
    iter=1424 E=-1.8930675747 nfev=1427 t=2603.0s remaining=576
    iter=1425 E=-1.8930680580 nfev=1428 t=2604.7s remaining=575
    iter=1426 E=-1.8930684773 nfev=1429 t=2606.6s remaining=574
    iter=1427 E=-1.8930688749 nfev=1430 t=2608.4s remaining=573
    iter=1428 E=-1.8930692624 nfev=1431 t=2610.1s remaining=572
    iter=1429 E=-1.8930696421 nfev=1432 t=2611.8s remaining=571
    iter=1430 E=-1.8930700564 nfev=1433 t=2613.6s remaining=570
    iter=1431 E=-1.8930705331 nfev=1434 t=2615.6s remaining=569
    iter=1432 E=-1.8930710449 nfev=1435 t=2617.5s remaining=568
    iter=1433 E=-1.8930715038 nfev=1436 t=2619.5s remaining=567
    iter=1434 E=-1.8930718611 nfev=1437 t=2621.4s remaining=566
    iter=1435 E=-1.8930721506 nfev=1438 t=2623.2s remaining=565
    iter=1436 E=-1.8930724657 nfev=1439 t=2625.0s remaining=564
    iter=1437 E=-1.8930729238 nfev=1440 t=2626.8s remaining=563
    iter=1438 E=-1.8930736045 nfev=1441 t=2628.6s remaining=562
    iter=1439 E=-1.8930744376 nfev=1442 t=2630.4s remaining=561
    iter=1440 E=-1.8930751596 nfev=1443 t=2632.1s remaining=560
    iter=1441 E=-1.8930756326 nfev=1444 t=2633.9s remaining=559
    iter=1442 E=-1.8930759713 nfev=1445 t=2635.8s remaining=558
    iter=1443 E=-1.8930763506 nfev=1446 t=2637.6s remaining=557
    iter=1444 E=-1.8930768676 nfev=1447 t=2639.3s remaining=556
    iter=1445 E=-1.8930775483 nfev=1448 t=2641.1s remaining=555
    iter=1446 E=-1.8930783117 nfev=1449 t=2642.8s remaining=554
    iter=1447 E=-1.8930790708 nfev=1450 t=2644.6s remaining=553
    iter=1448 E=-1.8930796854 nfev=1451 t=2646.3s remaining=552
    iter=1449 E=-1.8930801756 nfev=1452 t=2648.1s remaining=551
    iter=1450 E=-1.8930806261 nfev=1453 t=2650.0s remaining=550
    iter=1451 E=-1.8930812341 nfev=1454 t=2651.8s remaining=549
    iter=1452 E=-1.8930820881 nfev=1455 t=2653.6s remaining=548
    iter=1453 E=-1.8930831309 nfev=1456 t=2655.4s remaining=547
    iter=1454 E=-1.8930841234 nfev=1457 t=2657.4s remaining=546
    iter=1455 E=-1.8930848901 nfev=1458 t=2659.3s remaining=545
    iter=1456 E=-1.8930854755 nfev=1459 t=2661.1s remaining=544
    iter=1457 E=-1.8930860489 nfev=1460 t=2663.0s remaining=543
    iter=1458 E=-1.8930867388 nfev=1461 t=2664.8s remaining=542
    iter=1459 E=-1.8930876544 nfev=1462 t=2666.5s remaining=541
    iter=1460 E=-1.8930888557 nfev=1463 t=2668.3s remaining=540
    iter=1461 E=-1.8930900981 nfev=1464 t=2670.2s remaining=539
    iter=1462 E=-1.8930909520 nfev=1465 t=2671.9s remaining=538
    iter=1463 E=-1.8930914767 nfev=1466 t=2673.7s remaining=537
    iter=1464 E=-1.8930918387 nfev=1467 t=2675.5s remaining=536
    iter=1465 E=-1.8930922429 nfev=1468 t=2677.3s remaining=535
    iter=1466 E=-1.8930927860 nfev=1469 t=2679.3s remaining=534
    iter=1467 E=-1.8930935211 nfev=1470 t=2681.3s remaining=533
    iter=1468 E=-1.8930943920 nfev=1471 t=2683.1s remaining=532
    iter=1469 E=-1.8930951766 nfev=1472 t=2684.8s remaining=531
    iter=1470 E=-1.8930958026 nfev=1473 t=2686.7s remaining=530
    iter=1471 E=-1.8930963466 nfev=1474 t=2688.4s remaining=529
    iter=1472 E=-1.8930969687 nfev=1475 t=2690.3s remaining=528
    iter=1473 E=-1.8930978302 nfev=1476 t=2692.0s remaining=527
    iter=1474 E=-1.8930988937 nfev=1477 t=2693.8s remaining=526
    iter=1475 E=-1.8930999178 nfev=1478 t=2695.7s remaining=525
    iter=1476 E=-1.8931006829 nfev=1479 t=2697.5s remaining=524
    iter=1477 E=-1.8931012320 nfev=1480 t=2699.4s remaining=523
    iter=1478 E=-1.8931016941 nfev=1481 t=2701.3s remaining=522
    iter=1479 E=-1.8931021506 nfev=1482 t=2703.1s remaining=521
    iter=1480 E=-1.8931025813 nfev=1483 t=2704.9s remaining=520
    iter=1481 E=-1.8931030758 nfev=1484 t=2706.7s remaining=519
    iter=1482 E=-1.8931037068 nfev=1485 t=2708.6s remaining=518
    iter=1483 E=-1.8931045061 nfev=1486 t=2710.5s remaining=517
    iter=1484 E=-1.8931051664 nfev=1487 t=2712.6s remaining=516
    iter=1485 E=-1.8931056825 nfev=1488 t=2714.8s remaining=515
    iter=1486 E=-1.8931060378 nfev=1489 t=2716.7s remaining=514
    iter=1487 E=-1.8931063601 nfev=1490 t=2718.7s remaining=513
    iter=1488 E=-1.8931067180 nfev=1491 t=2720.4s remaining=512
    iter=1489 E=-1.8931071679 nfev=1492 t=2722.3s remaining=511
    iter=1490 E=-1.8931077243 nfev=1493 t=2724.1s remaining=510
    iter=1491 E=-1.8931083784 nfev=1494 t=2725.9s remaining=509
    iter=1492 E=-1.8931090529 nfev=1495 t=2727.9s remaining=508
    iter=1493 E=-1.8931096465 nfev=1496 t=2729.9s remaining=507
    iter=1494 E=-1.8931101173 nfev=1497 t=2731.7s remaining=506
    iter=1495 E=-1.8931105771 nfev=1498 t=2733.5s remaining=505
    iter=1496 E=-1.8931111790 nfev=1499 t=2735.3s remaining=504
    iter=1497 E=-1.8931120944 nfev=1500 t=2737.3s remaining=503
    iter=1498 E=-1.8931134474 nfev=1501 t=2739.1s remaining=502
    iter=1499 E=-1.8931151135 nfev=1502 t=2740.9s remaining=501
    iter=1500 E=-1.8931168269 nfev=1503 t=2742.9s remaining=500
    iter=1501 E=-1.8931184065 nfev=1504 t=2744.7s remaining=499
    iter=1502 E=-1.8931197665 nfev=1505 t=2746.6s remaining=498
    iter=1503 E=-1.8931210738 nfev=1506 t=2748.3s remaining=497
    iter=1504 E=-1.8931224196 nfev=1507 t=2750.2s remaining=496
    iter=1505 E=-1.8931237127 nfev=1508 t=2752.1s remaining=495
    iter=1506 E=-1.8931249171 nfev=1509 t=2754.0s remaining=494
    iter=1507 E=-1.8931260203 nfev=1510 t=2755.9s remaining=493
    iter=1508 E=-1.8931271820 nfev=1511 t=2757.8s remaining=492
    iter=1509 E=-1.8931285819 nfev=1512 t=2759.7s remaining=491
    iter=1510 E=-1.8931301377 nfev=1513 t=2761.7s remaining=490
    iter=1511 E=-1.8931318441 nfev=1514 t=2763.6s remaining=489
    iter=1512 E=-1.8931337611 nfev=1515 t=2765.3s remaining=488
    iter=1513 E=-1.8931357849 nfev=1516 t=2767.1s remaining=487
    iter=1514 E=-1.8931367812 nfev=1517 t=2769.0s remaining=486
    iter=1515 E=-1.8931383585 nfev=1518 t=2770.8s remaining=485
    iter=1516 E=-1.8931406277 nfev=1519 t=2772.7s remaining=484
    iter=1517 E=-1.8931428187 nfev=1520 t=2774.4s remaining=483
    iter=1518 E=-1.8931448260 nfev=1521 t=2776.2s remaining=482
    iter=1519 E=-1.8931468754 nfev=1522 t=2778.2s remaining=481
    iter=1520 E=-1.8931484782 nfev=1523 t=2780.1s remaining=480
    iter=1521 E=-1.8931497977 nfev=1524 t=2781.8s remaining=479
    iter=1522 E=-1.8931511937 nfev=1525 t=2783.6s remaining=478
    iter=1523 E=-1.8931529063 nfev=1526 t=2785.4s remaining=477
    iter=1524 E=-1.8931547623 nfev=1527 t=2787.3s remaining=476
    iter=1525 E=-1.8931565451 nfev=1528 t=2789.0s remaining=475
    iter=1526 E=-1.8931583735 nfev=1529 t=2790.9s remaining=474
    iter=1527 E=-1.8931601427 nfev=1530 t=2792.8s remaining=473
    iter=1528 E=-1.8931619119 nfev=1531 t=2794.6s remaining=472
    iter=1529 E=-1.8931638127 nfev=1532 t=2796.4s remaining=471
    iter=1530 E=-1.8931656219 nfev=1533 t=2798.2s remaining=470
    iter=1531 E=-1.8931669597 nfev=1534 t=2800.0s remaining=469
    iter=1532 E=-1.8931683689 nfev=1535 t=2801.8s remaining=468
    iter=1533 E=-1.8931700404 nfev=1536 t=2803.5s remaining=467
    iter=1534 E=-1.8931722740 nfev=1537 t=2805.3s remaining=466
    iter=1535 E=-1.8931748879 nfev=1538 t=2807.1s remaining=465
    iter=1536 E=-1.8931770598 nfev=1539 t=2808.9s remaining=464
    iter=1537 E=-1.8931785926 nfev=1540 t=2810.7s remaining=463
    iter=1538 E=-1.8931795863 nfev=1541 t=2812.5s remaining=462
    iter=1539 E=-1.8931806112 nfev=1542 t=2814.3s remaining=461
    iter=1540 E=-1.8931820224 nfev=1543 t=2816.1s remaining=460
    iter=1541 E=-1.8931840414 nfev=1544 t=2817.8s remaining=459
    iter=1542 E=-1.8931866910 nfev=1545 t=2819.6s remaining=458
    iter=1543 E=-1.8931894559 nfev=1546 t=2821.4s remaining=457
    iter=1544 E=-1.8931919031 nfev=1547 t=2823.2s remaining=456
    iter=1545 E=-1.8931933082 nfev=1548 t=2825.0s remaining=455
    iter=1546 E=-1.8931941835 nfev=1549 t=2826.8s remaining=454
    iter=1547 E=-1.8931950454 nfev=1550 t=2828.6s remaining=453
    iter=1548 E=-1.8931961875 nfev=1551 t=2830.4s remaining=452
    iter=1549 E=-1.8931976762 nfev=1552 t=2832.1s remaining=451
    iter=1550 E=-1.8931995543 nfev=1553 t=2833.9s remaining=450
    iter=1551 E=-1.8932012593 nfev=1554 t=2835.8s remaining=449
    iter=1552 E=-1.8932024706 nfev=1555 t=2837.5s remaining=448
    iter=1553 E=-1.8932034277 nfev=1556 t=2839.3s remaining=447
    iter=1554 E=-1.8932043821 nfev=1557 t=2841.1s remaining=446
    iter=1555 E=-1.8932053531 nfev=1558 t=2842.9s remaining=445
    iter=1556 E=-1.8932064684 nfev=1559 t=2844.7s remaining=444
    iter=1557 E=-1.8932077052 nfev=1560 t=2846.5s remaining=443
    iter=1558 E=-1.8932091415 nfev=1561 t=2848.3s remaining=442
    iter=1559 E=-1.8932105745 nfev=1562 t=2850.1s remaining=441
    iter=1560 E=-1.8932115430 nfev=1563 t=2851.9s remaining=440
    iter=1561 E=-1.8932120965 nfev=1564 t=2853.7s remaining=439
    iter=1562 E=-1.8932125343 nfev=1565 t=2855.4s remaining=438
    iter=1563 E=-1.8932130538 nfev=1566 t=2857.2s remaining=437
    iter=1564 E=-1.8932138310 nfev=1567 t=2859.2s remaining=436
    iter=1565 E=-1.8932149569 nfev=1568 t=2860.9s remaining=435
    iter=1566 E=-1.8932163142 nfev=1569 t=2862.8s remaining=434
    iter=1567 E=-1.8932173436 nfev=1570 t=2864.6s remaining=433
    iter=1568 E=-1.8932180366 nfev=1571 t=2866.6s remaining=432
    iter=1569 E=-1.8932184973 nfev=1572 t=2868.5s remaining=431
    iter=1570 E=-1.8932189646 nfev=1573 t=2870.3s remaining=430
    iter=1571 E=-1.8932195354 nfev=1574 t=2872.0s remaining=429
    iter=1572 E=-1.8932202331 nfev=1575 t=2873.8s remaining=428
    iter=1573 E=-1.8932210538 nfev=1576 t=2875.6s remaining=427
    iter=1574 E=-1.8932219383 nfev=1577 t=2877.6s remaining=426
    iter=1575 E=-1.8932226876 nfev=1578 t=2879.3s remaining=425
    iter=1576 E=-1.8932231591 nfev=1579 t=2881.2s remaining=424
    iter=1577 E=-1.8932234348 nfev=1580 t=2883.1s remaining=423
    iter=1578 E=-1.8932236543 nfev=1581 t=2884.8s remaining=422
    iter=1579 E=-1.8932239165 nfev=1582 t=2886.6s remaining=421
    iter=1580 E=-1.8932242981 nfev=1583 t=2888.4s remaining=420
    iter=1581 E=-1.8932248611 nfev=1584 t=2890.1s remaining=419
    iter=1582 E=-1.8932256028 nfev=1585 t=2891.9s remaining=418
    iter=1583 E=-1.8932261629 nfev=1586 t=2893.7s remaining=417
    iter=1584 E=-1.8932264932 nfev=1587 t=2895.5s remaining=416
    iter=1585 E=-1.8932266915 nfev=1588 t=2897.4s remaining=415
    iter=1586 E=-1.8932268883 nfev=1589 t=2899.1s remaining=414
    iter=1587 E=-1.8932271791 nfev=1590 t=2901.2s remaining=413
    iter=1588 E=-1.8932275506 nfev=1591 t=2903.0s remaining=412
    iter=1589 E=-1.8932279811 nfev=1592 t=2904.9s remaining=411
    iter=1590 E=-1.8932284239 nfev=1593 t=2906.7s remaining=410
    iter=1591 E=-1.8932287913 nfev=1594 t=2908.7s remaining=409
    iter=1592 E=-1.8932290819 nfev=1595 t=2910.6s remaining=408
    iter=1593 E=-1.8932293425 nfev=1596 t=2912.5s remaining=407
    iter=1594 E=-1.8932296517 nfev=1597 t=2914.3s remaining=406
    iter=1595 E=-1.8932300632 nfev=1598 t=2916.2s remaining=405
    iter=1596 E=-1.8932306084 nfev=1599 t=2918.0s remaining=404
    iter=1597 E=-1.8932312671 nfev=1600 t=2920.0s remaining=403
    iter=1598 E=-1.8932318950 nfev=1601 t=2922.0s remaining=402
    iter=1599 E=-1.8932323601 nfev=1602 t=2923.9s remaining=401
    iter=1600 E=-1.8932326879 nfev=1603 t=2925.7s remaining=400
    iter=1601 E=-1.8932329863 nfev=1604 t=2927.6s remaining=399
    iter=1602 E=-1.8932333355 nfev=1605 t=2929.3s remaining=398
    iter=1603 E=-1.8932337307 nfev=1606 t=2931.3s remaining=397
    iter=1604 E=-1.8932341940 nfev=1607 t=2933.1s remaining=396
    iter=1605 E=-1.8932347268 nfev=1608 t=2934.8s remaining=395
    iter=1606 E=-1.8932353046 nfev=1609 t=2936.6s remaining=394
    iter=1607 E=-1.8932358823 nfev=1610 t=2938.4s remaining=393
    iter=1608 E=-1.8932364174 nfev=1611 t=2940.2s remaining=392
    iter=1609 E=-1.8932368818 nfev=1612 t=2942.0s remaining=391
    iter=1610 E=-1.8932372970 nfev=1613 t=2943.7s remaining=390
    iter=1611 E=-1.8932377275 nfev=1614 t=2945.6s remaining=389
    iter=1612 E=-1.8932382878 nfev=1615 t=2947.4s remaining=388
    iter=1613 E=-1.8932390414 nfev=1616 t=2949.3s remaining=387
    iter=1614 E=-1.8932399159 nfev=1617 t=2951.2s remaining=386
    iter=1615 E=-1.8932406675 nfev=1618 t=2953.0s remaining=385
    iter=1616 E=-1.8932411882 nfev=1619 t=2954.9s remaining=384
    iter=1617 E=-1.8932415788 nfev=1620 t=2956.7s remaining=383
    iter=1618 E=-1.8932420208 nfev=1621 t=2958.6s remaining=382
    iter=1619 E=-1.8932426334 nfev=1622 t=2960.4s remaining=381
    iter=1620 E=-1.8932433951 nfev=1623 t=2962.3s remaining=380
    iter=1621 E=-1.8932442429 nfev=1624 t=2964.1s remaining=379
    iter=1622 E=-1.8932450222 nfev=1625 t=2966.0s remaining=378
    iter=1623 E=-1.8932455763 nfev=1626 t=2968.0s remaining=377
    iter=1624 E=-1.8932459314 nfev=1627 t=2969.8s remaining=376
    iter=1625 E=-1.8932461894 nfev=1628 t=2971.6s remaining=375
    iter=1626 E=-1.8932464613 nfev=1629 t=2973.4s remaining=374
    iter=1627 E=-1.8932468146 nfev=1630 t=2975.2s remaining=373
    iter=1628 E=-1.8932472996 nfev=1631 t=2977.0s remaining=372
    iter=1629 E=-1.8932479666 nfev=1632 t=2978.8s remaining=371
    iter=1630 E=-1.8932487503 nfev=1633 t=2980.9s remaining=370
    iter=1631 E=-1.8932494118 nfev=1634 t=2982.9s remaining=369
    iter=1632 E=-1.8932498196 nfev=1635 t=2984.9s remaining=368
    iter=1633 E=-1.8932500736 nfev=1636 t=2986.8s remaining=367
    iter=1634 E=-1.8932503316 nfev=1637 t=2988.6s remaining=366
    iter=1635 E=-1.8932507236 nfev=1638 t=2990.6s remaining=365
    iter=1636 E=-1.8932513063 nfev=1639 t=2992.5s remaining=364
    iter=1637 E=-1.8932521149 nfev=1640 t=2994.5s remaining=363
    iter=1638 E=-1.8932529069 nfev=1641 t=2996.3s remaining=362
    iter=1639 E=-1.8932534308 nfev=1642 t=2998.2s remaining=361
    iter=1640 E=-1.8932536519 nfev=1643 t=3000.1s remaining=360
    iter=1641 E=-1.8932537655 nfev=1644 t=3001.9s remaining=359
    iter=1642 E=-1.8932538917 nfev=1645 t=3003.7s remaining=358
    iter=1643 E=-1.8932540881 nfev=1646 t=3005.4s remaining=357
    iter=1644 E=-1.8932543854 nfev=1647 t=3007.2s remaining=356
    iter=1645 E=-1.8932548203 nfev=1648 t=3009.0s remaining=355
    iter=1646 E=-1.8932553197 nfev=1649 t=3010.8s remaining=354
    iter=1647 E=-1.8932557285 nfev=1650 t=3012.8s remaining=353
    iter=1648 E=-1.8932559637 nfev=1651 t=3014.7s remaining=352
    iter=1649 E=-1.8932560958 nfev=1652 t=3016.5s remaining=351
    iter=1650 E=-1.8932562156 nfev=1653 t=3018.3s remaining=350
    iter=1651 E=-1.8932563977 nfev=1654 t=3020.2s remaining=349
    iter=1652 E=-1.8932566751 nfev=1655 t=3022.1s remaining=348
    iter=1653 E=-1.8932570865 nfev=1656 t=3024.0s remaining=347
    iter=1654 E=-1.8932575693 nfev=1657 t=3025.9s remaining=346
    iter=1655 E=-1.8932579309 nfev=1658 t=3027.6s remaining=345
    iter=1656 E=-1.8932581335 nfev=1659 t=3029.3s remaining=344
    iter=1657 E=-1.8932582692 nfev=1660 t=3031.2s remaining=343
    iter=1658 E=-1.8932584485 nfev=1661 t=3033.1s remaining=342
    iter=1659 E=-1.8932587386 nfev=1662 t=3035.0s remaining=341
    iter=1660 E=-1.8932591939 nfev=1663 t=3037.0s remaining=340
    iter=1661 E=-1.8932598122 nfev=1664 t=3038.8s remaining=339
    iter=1662 E=-1.8932603398 nfev=1665 t=3040.8s remaining=338
    iter=1663 E=-1.8932607264 nfev=1666 t=3042.7s remaining=337
    iter=1664 E=-1.8932609103 nfev=1667 t=3044.7s remaining=336
    iter=1665 E=-1.8932610308 nfev=1668 t=3046.7s remaining=335
    iter=1666 E=-1.8932611664 nfev=1669 t=3048.6s remaining=334
    iter=1667 E=-1.8932613779 nfev=1670 t=3050.5s remaining=333
    iter=1668 E=-1.8932617076 nfev=1671 t=3052.6s remaining=332
    iter=1669 E=-1.8932621937 nfev=1672 t=3054.4s remaining=331
    iter=1670 E=-1.8932627190 nfev=1673 t=3056.3s remaining=330
    iter=1671 E=-1.8932630850 nfev=1674 t=3058.2s remaining=329
    iter=1672 E=-1.8932632835 nfev=1675 t=3060.0s remaining=328
    iter=1673 E=-1.8932634195 nfev=1676 t=3061.8s remaining=327
    iter=1674 E=-1.8932636136 nfev=1677 t=3063.5s remaining=326
    iter=1675 E=-1.8932639115 nfev=1678 t=3065.2s remaining=325
    iter=1676 E=-1.8932643673 nfev=1679 t=3067.1s remaining=324
    iter=1677 E=-1.8932650051 nfev=1680 t=3068.9s remaining=323
    iter=1678 E=-1.8932655915 nfev=1681 t=3070.7s remaining=322
    iter=1679 E=-1.8932660654 nfev=1682 t=3072.5s remaining=321
    iter=1680 E=-1.8932663559 nfev=1683 t=3074.4s remaining=320
    iter=1681 E=-1.8932665606 nfev=1684 t=3076.3s remaining=319
    iter=1682 E=-1.8932668222 nfev=1685 t=3078.2s remaining=318
    iter=1683 E=-1.8932672343 nfev=1686 t=3080.0s remaining=317
    iter=1684 E=-1.8932678685 nfev=1687 t=3081.9s remaining=316
    iter=1685 E=-1.8932687444 nfev=1688 t=3083.6s remaining=315
    iter=1686 E=-1.8932694143 nfev=1689 t=3085.4s remaining=314
    iter=1687 E=-1.8932698169 nfev=1690 t=3087.2s remaining=313
    iter=1688 E=-1.8932700126 nfev=1691 t=3089.0s remaining=312
    iter=1689 E=-1.8932702005 nfev=1692 t=3090.8s remaining=311
    iter=1690 E=-1.8932704902 nfev=1693 t=3092.7s remaining=310
    iter=1691 E=-1.8932709421 nfev=1694 t=3094.6s remaining=309
    iter=1692 E=-1.8932716128 nfev=1695 t=3096.5s remaining=308
    iter=1693 E=-1.8932723859 nfev=1696 t=3098.3s remaining=307
    iter=1694 E=-1.8932729525 nfev=1697 t=3100.2s remaining=306
    iter=1695 E=-1.8932733502 nfev=1698 t=3102.0s remaining=305
    iter=1696 E=-1.8932735634 nfev=1699 t=3104.1s remaining=304
    iter=1697 E=-1.8932737714 nfev=1700 t=3105.9s remaining=303
    iter=1698 E=-1.8932740812 nfev=1701 t=3107.8s remaining=302
    iter=1699 E=-1.8932745668 nfev=1702 t=3109.8s remaining=301
    iter=1700 E=-1.8932752965 nfev=1703 t=3111.6s remaining=300
    iter=1701 E=-1.8932761587 nfev=1704 t=3113.6s remaining=299
    iter=1702 E=-1.8932766807 nfev=1705 t=3115.5s remaining=298
    iter=1703 E=-1.8932769524 nfev=1706 t=3117.5s remaining=297
    iter=1704 E=-1.8932770815 nfev=1707 t=3119.4s remaining=296
    iter=1705 E=-1.8932772427 nfev=1708 t=3121.1s remaining=295
    iter=1706 E=-1.8932774986 nfev=1709 t=3123.0s remaining=294
    iter=1707 E=-1.8932778978 nfev=1710 t=3124.8s remaining=293
    iter=1708 E=-1.8932784373 nfev=1711 t=3126.5s remaining=292
    iter=1709 E=-1.8932788082 nfev=1712 t=3128.4s remaining=291
    iter=1710 E=-1.8932790371 nfev=1713 t=3130.2s remaining=290
    iter=1711 E=-1.8932791560 nfev=1714 t=3132.2s remaining=289
    iter=1712 E=-1.8932792665 nfev=1715 t=3134.0s remaining=288
    iter=1713 E=-1.8932794389 nfev=1716 t=3135.8s remaining=287
    iter=1714 E=-1.8932797126 nfev=1717 t=3137.6s remaining=286
    iter=1715 E=-1.8932801228 nfev=1718 t=3139.6s remaining=285
    iter=1716 E=-1.8932805859 nfev=1719 t=3141.4s remaining=284
    iter=1717 E=-1.8932808514 nfev=1720 t=3143.3s remaining=283
    iter=1718 E=-1.8932810170 nfev=1721 t=3145.0s remaining=282
    iter=1719 E=-1.8932811100 nfev=1722 t=3146.8s remaining=281
    iter=1720 E=-1.8932812456 nfev=1723 t=3148.6s remaining=280
    iter=1721 E=-1.8932814601 nfev=1724 t=3150.5s remaining=279
    iter=1722 E=-1.8932818035 nfev=1725 t=3152.2s remaining=278
    iter=1723 E=-1.8932823233 nfev=1726 t=3154.1s remaining=277
    iter=1724 E=-1.8932829427 nfev=1727 t=3155.8s remaining=276
    iter=1725 E=-1.8932832908 nfev=1728 t=3157.7s remaining=275
    iter=1726 E=-1.8932835295 nfev=1729 t=3159.4s remaining=274
    iter=1727 E=-1.8932836457 nfev=1730 t=3161.3s remaining=273
    iter=1728 E=-1.8932838178 nfev=1731 t=3163.2s remaining=272
    iter=1729 E=-1.8932841082 nfev=1732 t=3165.0s remaining=271
    iter=1730 E=-1.8932845992 nfev=1733 t=3166.9s remaining=270
    iter=1731 E=-1.8932853790 nfev=1734 t=3168.8s remaining=269
    iter=1732 E=-1.8932863753 nfev=1735 t=3170.7s remaining=268
    iter=1733 E=-1.8932868656 nfev=1736 t=3172.5s remaining=267
    iter=1734 E=-1.8932872292 nfev=1737 t=3174.4s remaining=266
    iter=1735 E=-1.8932874287 nfev=1738 t=3176.4s remaining=265
    iter=1736 E=-1.8932877344 nfev=1739 t=3178.2s remaining=264
    iter=1737 E=-1.8932882225 nfev=1740 t=3180.1s remaining=263
    iter=1738 E=-1.8932889891 nfev=1741 t=3181.9s remaining=262
    iter=1739 E=-1.8932900320 nfev=1742 t=3183.7s remaining=261
    iter=1740 E=-1.8932907665 nfev=1743 t=3185.6s remaining=260
    iter=1741 E=-1.8932912660 nfev=1744 t=3187.3s remaining=259
    iter=1742 E=-1.8932914888 nfev=1745 t=3189.2s remaining=258
    iter=1743 E=-1.8932916664 nfev=1746 t=3190.9s remaining=257
    iter=1744 E=-1.8932918888 nfev=1747 t=3192.8s remaining=256
    iter=1745 E=-1.8932922361 nfev=1748 t=3194.6s remaining=255
    iter=1746 E=-1.8932927883 nfev=1749 t=3196.3s remaining=254
    iter=1747 E=-1.8932936197 nfev=1750 t=3198.0s remaining=253
    iter=1748 E=-1.8932945075 nfev=1751 t=3199.8s remaining=252
    iter=1749 E=-1.8932950110 nfev=1752 t=3201.7s remaining=251
    iter=1750 E=-1.8932953136 nfev=1753 t=3203.4s remaining=250
    iter=1751 E=-1.8932954831 nfev=1754 t=3205.3s remaining=249
    iter=1752 E=-1.8932957273 nfev=1755 t=3207.0s remaining=248
    iter=1753 E=-1.8932961213 nfev=1756 t=3208.9s remaining=247
    iter=1754 E=-1.8932967547 nfev=1757 t=3210.8s remaining=246
    iter=1755 E=-1.8932976916 nfev=1758 t=3212.6s remaining=245
    iter=1756 E=-1.8932985261 nfev=1759 t=3214.5s remaining=244
    iter=1757 E=-1.8932989337 nfev=1760 t=3216.2s remaining=243
    iter=1758 E=-1.8932991251 nfev=1761 t=3218.0s remaining=242
    iter=1759 E=-1.8932992168 nfev=1762 t=3219.9s remaining=241
    iter=1760 E=-1.8932993530 nfev=1763 t=3221.7s remaining=240
    iter=1761 E=-1.8932995751 nfev=1764 t=3223.6s remaining=239
    iter=1762 E=-1.8932999419 nfev=1765 t=3225.6s remaining=238
    iter=1763 E=-1.8933005035 nfev=1766 t=3227.5s remaining=237
    iter=1764 E=-1.8933011031 nfev=1767 t=3229.3s remaining=236
    iter=1765 E=-1.8933014026 nfev=1768 t=3231.2s remaining=235
    iter=1766 E=-1.8933015828 nfev=1769 t=3232.9s remaining=234
    iter=1767 E=-1.8933016787 nfev=1770 t=3234.8s remaining=233
    iter=1768 E=-1.8933018302 nfev=1771 t=3236.6s remaining=232
    iter=1769 E=-1.8933020822 nfev=1772 t=3238.3s remaining=231
    iter=1770 E=-1.8933024980 nfev=1773 t=3240.1s remaining=230
    iter=1771 E=-1.8933031306 nfev=1774 t=3241.9s remaining=229
    iter=1772 E=-1.8933037390 nfev=1775 t=3243.8s remaining=228
    iter=1773 E=-1.8933040544 nfev=1776 t=3245.7s remaining=227
    iter=1774 E=-1.8933042298 nfev=1777 t=3247.7s remaining=226
    iter=1775 E=-1.8933043262 nfev=1778 t=3249.5s remaining=225
    iter=1776 E=-1.8933044792 nfev=1779 t=3251.4s remaining=224
    iter=1777 E=-1.8933047365 nfev=1780 t=3253.4s remaining=223
    iter=1778 E=-1.8933051646 nfev=1781 t=3255.2s remaining=222
    iter=1779 E=-1.8933058170 nfev=1782 t=3257.1s remaining=221
    iter=1780 E=-1.8933064107 nfev=1783 t=3259.1s remaining=220
    iter=1781 E=-1.8933066883 nfev=1784 t=3261.0s remaining=219
    iter=1782 E=-1.8933068208 nfev=1785 t=3262.8s remaining=218
    iter=1783 E=-1.8933068780 nfev=1786 t=3264.7s remaining=217
    iter=1784 E=-1.8933069603 nfev=1787 t=3266.5s remaining=216
    iter=1785 E=-1.8933070970 nfev=1788 t=3268.3s remaining=215
    iter=1786 E=-1.8933073252 nfev=1789 t=3270.0s remaining=214
    iter=1787 E=-1.8933076865 nfev=1790 t=3271.9s remaining=213
    iter=1788 E=-1.8933081027 nfev=1791 t=3273.7s remaining=212
    iter=1789 E=-1.8933083544 nfev=1792 t=3275.5s remaining=211
    iter=1790 E=-1.8933084747 nfev=1793 t=3277.2s remaining=210
    iter=1791 E=-1.8933085179 nfev=1794 t=3279.1s remaining=209
    iter=1792 E=-1.8933085684 nfev=1795 t=3281.0s remaining=208
    iter=1793 E=-1.8933086479 nfev=1796 t=3282.9s remaining=207
    iter=1794 E=-1.8933087785 nfev=1797 t=3284.7s remaining=206
    iter=1795 E=-1.8933089877 nfev=1798 t=3286.7s remaining=205
    iter=1796 E=-1.8933092736 nfev=1799 t=3288.5s remaining=204
    iter=1797 E=-1.8933094400 nfev=1800 t=3290.3s remaining=203
    iter=1798 E=-1.8933095439 nfev=1801 t=3292.0s remaining=202
    iter=1799 E=-1.8933095947 nfev=1802 t=3293.7s remaining=201
    iter=1800 E=-1.8933096490 nfev=1803 t=3295.6s remaining=200
    iter=1801 E=-1.8933097382 nfev=1804 t=3297.6s remaining=199
    iter=1802 E=-1.8933098841 nfev=1805 t=3299.5s remaining=198
    iter=1803 E=-1.8933100993 nfev=1806 t=3301.4s remaining=197
    iter=1804 E=-1.8933102794 nfev=1807 t=3303.4s remaining=196
    iter=1805 E=-1.8933103557 nfev=1808 t=3305.3s remaining=195
    iter=1806 E=-1.8933104038 nfev=1809 t=3307.2s remaining=194
    iter=1807 E=-1.8933104402 nfev=1810 t=3309.0s remaining=193
    iter=1808 E=-1.8933104989 nfev=1811 t=3310.9s remaining=192
    iter=1809 E=-1.8933105965 nfev=1812 t=3312.7s remaining=191
    iter=1810 E=-1.8933107584 nfev=1813 t=3314.7s remaining=190
    iter=1811 E=-1.8933110165 nfev=1814 t=3316.7s remaining=189
    iter=1812 E=-1.8933113864 nfev=1815 t=3318.6s remaining=188
    iter=1813 E=-1.8933117307 nfev=1816 t=3320.7s remaining=187
    iter=1814 E=-1.8933119782 nfev=1817 t=3322.6s remaining=186
    iter=1815 E=-1.8933121391 nfev=1818 t=3324.6s remaining=185
    iter=1816 E=-1.8933122106 nfev=1819 t=3326.6s remaining=184
    iter=1817 E=-1.8933122959 nfev=1820 t=3328.4s remaining=183
    iter=1818 E=-1.8933124411 nfev=1821 t=3330.4s remaining=182
    iter=1819 E=-1.8933126857 nfev=1822 t=3332.4s remaining=181
    iter=1820 E=-1.8933130625 nfev=1823 t=3334.4s remaining=180
    iter=1821 E=-1.8933134456 nfev=1824 t=3336.3s remaining=179
    iter=1822 E=-1.8933136316 nfev=1825 t=3338.3s remaining=178
    iter=1823 E=-1.8933137161 nfev=1826 t=3340.2s remaining=177
    iter=1824 E=-1.8933137518 nfev=1827 t=3342.0s remaining=176
    iter=1825 E=-1.8933138054 nfev=1828 t=3343.8s remaining=175
    iter=1826 E=-1.8933138937 nfev=1829 t=3345.7s remaining=174
    iter=1827 E=-1.8933140429 nfev=1830 t=3347.8s remaining=173
    iter=1828 E=-1.8933142859 nfev=1831 t=3349.8s remaining=172
    iter=1829 E=-1.8933146308 nfev=1832 t=3351.7s remaining=171
    iter=1830 E=-1.8933148794 nfev=1833 t=3353.6s remaining=170
    iter=1831 E=-1.8933150156 nfev=1834 t=3355.5s remaining=169
    iter=1832 E=-1.8933150817 nfev=1835 t=3357.5s remaining=168
    iter=1833 E=-1.8933151162 nfev=1836 t=3359.4s remaining=167
    iter=1834 E=-1.8933151711 nfev=1837 t=3361.3s remaining=166
    iter=1835 E=-1.8933152641 nfev=1838 t=3363.2s remaining=165
    iter=1836 E=-1.8933154217 nfev=1839 t=3365.0s remaining=164
    iter=1837 E=-1.8933156737 nfev=1840 t=3366.8s remaining=163
    iter=1838 E=-1.8933159998 nfev=1841 t=3368.8s remaining=162
    iter=1839 E=-1.8933161528 nfev=1842 t=3370.8s remaining=161
    iter=1840 E=-1.8933162358 nfev=1843 t=3372.7s remaining=160
    iter=1841 E=-1.8933162835 nfev=1844 t=3374.6s remaining=159
    iter=1842 E=-1.8933163265 nfev=1845 t=3376.6s remaining=158
    iter=1843 E=-1.8933164028 nfev=1846 t=3378.5s remaining=157
    iter=1844 E=-1.8933165362 nfev=1847 t=3380.6s remaining=156
    iter=1845 E=-1.8933167569 nfev=1848 t=3382.4s remaining=155
    iter=1846 E=-1.8933170660 nfev=1849 t=3384.3s remaining=154
    iter=1847 E=-1.8933172624 nfev=1850 t=3386.1s remaining=153
    iter=1848 E=-1.8933173646 nfev=1851 t=3387.8s remaining=152
    iter=1849 E=-1.8933174104 nfev=1852 t=3389.7s remaining=151
    iter=1850 E=-1.8933174534 nfev=1853 t=3391.6s remaining=150
    iter=1851 E=-1.8933175231 nfev=1854 t=3393.6s remaining=149
    iter=1852 E=-1.8933176409 nfev=1855 t=3395.6s remaining=148
    iter=1853 E=-1.8933178356 nfev=1856 t=3397.7s remaining=147
    iter=1854 E=-1.8933181117 nfev=1857 t=3399.7s remaining=146
    iter=1855 E=-1.8933182841 nfev=1858 t=3401.7s remaining=145
    iter=1856 E=-1.8933183674 nfev=1859 t=3403.6s remaining=144
    iter=1857 E=-1.8933184221 nfev=1860 t=3405.6s remaining=143
    iter=1858 E=-1.8933184585 nfev=1861 t=3407.5s remaining=142
    iter=1859 E=-1.8933185199 nfev=1862 t=3409.4s remaining=141
    iter=1860 E=-1.8933186264 nfev=1863 t=3411.2s remaining=140
    iter=1861 E=-1.8933188081 nfev=1864 t=3413.3s remaining=139
    iter=1862 E=-1.8933190989 nfev=1865 t=3415.3s remaining=138
    iter=1863 E=-1.8933194783 nfev=1866 t=3417.1s remaining=137
    iter=1864 E=-1.8933196904 nfev=1867 t=3418.9s remaining=136
    iter=1865 E=-1.8933198482 nfev=1868 t=3420.7s remaining=135
    iter=1866 E=-1.8933199312 nfev=1869 t=3422.6s remaining=134
    iter=1867 E=-1.8933200129 nfev=1870 t=3424.4s remaining=133
    iter=1868 E=-1.8933201510 nfev=1871 t=3426.3s remaining=132
    iter=1869 E=-1.8933203904 nfev=1872 t=3428.2s remaining=131
    iter=1870 E=-1.8933207971 nfev=1873 t=3430.1s remaining=130
    iter=1871 E=-1.8933214451 nfev=1874 t=3432.0s remaining=129
    iter=1872 E=-1.8933222922 nfev=1875 t=3434.0s remaining=128
    iter=1873 E=-1.8933227958 nfev=1876 t=3435.8s remaining=127
    iter=1874 E=-1.8933232093 nfev=1877 t=3437.7s remaining=126
    iter=1875 E=-1.8933233696 nfev=1878 t=3439.7s remaining=125
    iter=1876 E=-1.8933234578 nfev=1879 t=3441.6s remaining=124
    iter=1877 E=-1.8933235758 nfev=1880 t=3443.6s remaining=123
    iter=1878 E=-1.8933237726 nfev=1881 t=3445.4s remaining=122
    iter=1879 E=-1.8933240905 nfev=1882 t=3447.3s remaining=121
    iter=1880 E=-1.8933245768 nfev=1883 t=3449.3s remaining=120
    iter=1881 E=-1.8933251563 nfev=1884 t=3451.3s remaining=119
    iter=1882 E=-1.8933256090 nfev=1885 t=3453.2s remaining=118
    iter=1883 E=-1.8933260729 nfev=1886 t=3455.1s remaining=117
    iter=1884 E=-1.8933264276 nfev=1887 t=3457.0s remaining=116
    iter=1885 E=-1.8933265324 nfev=1888 t=3458.9s remaining=115
    iter=1886 E=-1.8933266726 nfev=1889 t=3460.8s remaining=114
    iter=1887 E=-1.8933269075 nfev=1890 t=3462.7s remaining=113
    iter=1888 E=-1.8933272887 nfev=1891 t=3464.5s remaining=112
    iter=1889 E=-1.8933278709 nfev=1892 t=3466.4s remaining=111
    iter=1890 E=-1.8933287407 nfev=1893 t=3468.3s remaining=110
    iter=1891 E=-1.8933297872 nfev=1894 t=3470.5s remaining=109
    iter=1892 E=-1.8933305056 nfev=1895 t=3472.4s remaining=108
    iter=1893 E=-1.8933308121 nfev=1896 t=3474.3s remaining=107
    iter=1894 E=-1.8933309298 nfev=1897 t=3476.2s remaining=106
    iter=1895 E=-1.8933310322 nfev=1898 t=3478.1s remaining=105
    iter=1896 E=-1.8933312047 nfev=1899 t=3480.0s remaining=104
    iter=1897 E=-1.8933314950 nfev=1900 t=3482.0s remaining=103
    iter=1898 E=-1.8933319592 nfev=1901 t=3483.9s remaining=102
    iter=1899 E=-1.8933326272 nfev=1902 t=3485.7s remaining=101
    iter=1900 E=-1.8933332585 nfev=1903 t=3487.6s remaining=100
    iter=1901 E=-1.8933337413 nfev=1904 t=3489.4s remaining=99
    iter=1902 E=-1.8933340291 nfev=1905 t=3491.2s remaining=98
    iter=1903 E=-1.8933341549 nfev=1906 t=3493.1s remaining=97
    iter=1904 E=-1.8933342200 nfev=1907 t=3494.9s remaining=96
    iter=1905 E=-1.8933343235 nfev=1908 t=3496.7s remaining=95
    iter=1906 E=-1.8933345125 nfev=1909 t=3498.6s remaining=94
    iter=1907 E=-1.8933348433 nfev=1910 t=3500.7s remaining=93
    iter=1908 E=-1.8933353836 nfev=1911 t=3502.5s remaining=92
    iter=1909 E=-1.8933361561 nfev=1912 t=3504.3s remaining=91
    iter=1910 E=-1.8933369088 nfev=1913 t=3506.4s remaining=90
    iter=1911 E=-1.8933377181 nfev=1914 t=3508.2s remaining=89
    iter=1912 E=-1.8933381554 nfev=1915 t=3510.2s remaining=88
    iter=1913 E=-1.8933383176 nfev=1916 t=3512.0s remaining=87
    iter=1914 E=-1.8933384658 nfev=1917 t=3513.9s remaining=86
    iter=1915 E=-1.8933385878 nfev=1918 t=3515.8s remaining=85
    iter=1916 E=-1.8933387588 nfev=1919 t=3517.6s remaining=84
    iter=1917 E=-1.8933390270 nfev=1920 t=3519.5s remaining=83
    iter=1918 E=-1.8933394446 nfev=1921 t=3521.3s remaining=82
    iter=1919 E=-1.8933401347 nfev=1922 t=3523.2s remaining=81
    iter=1920 E=-1.8933412569 nfev=1923 t=3525.1s remaining=80
    iter=1921 E=-1.8933428780 nfev=1924 t=3527.0s remaining=79
    iter=1922 E=-1.8933439939 nfev=1925 t=3528.8s remaining=78
    iter=1923 E=-1.8933445186 nfev=1926 t=3530.6s remaining=77
    iter=1924 E=-1.8933448150 nfev=1927 t=3532.3s remaining=76
    iter=1925 E=-1.8933449909 nfev=1928 t=3534.1s remaining=75
    iter=1926 E=-1.8933452027 nfev=1929 t=3536.0s remaining=74
    iter=1927 E=-1.8933455113 nfev=1930 t=3537.8s remaining=73
    iter=1928 E=-1.8933459031 nfev=1931 t=3539.5s remaining=72
    iter=1929 E=-1.8933464572 nfev=1932 t=3541.4s remaining=71
    iter=1930 E=-1.8933473430 nfev=1933 t=3543.3s remaining=70
    iter=1931 E=-1.8933487440 nfev=1934 t=3545.1s remaining=69
    iter=1932 E=-1.8933505577 nfev=1935 t=3546.9s remaining=68
    iter=1933 E=-1.8933517051 nfev=1936 t=3548.7s remaining=67
    iter=1934 E=-1.8933528991 nfev=1937 t=3550.6s remaining=66
    iter=1935 E=-1.8933538882 nfev=1938 t=3552.4s remaining=65
    iter=1936 E=-1.8933542607 nfev=1939 t=3554.4s remaining=64
    iter=1937 E=-1.8933545316 nfev=1940 t=3556.2s remaining=63
    iter=1938 E=-1.8933547660 nfev=1941 t=3558.0s remaining=62
    iter=1939 E=-1.8933549962 nfev=1942 t=3559.8s remaining=61
    iter=1940 E=-1.8933552963 nfev=1943 t=3561.5s remaining=60
    iter=1941 E=-1.8933557066 nfev=1944 t=3563.3s remaining=59
    iter=1942 E=-1.8933563125 nfev=1945 t=3565.1s remaining=58
    iter=1943 E=-1.8933572351 nfev=1946 t=3567.0s remaining=57
    iter=1944 E=-1.8933586072 nfev=1947 t=3568.9s remaining=56
    iter=1945 E=-1.8933603865 nfev=1948 t=3570.9s remaining=55
    iter=1946 E=-1.8933619504 nfev=1949 t=3572.8s remaining=54
    iter=1947 E=-1.8933629128 nfev=1950 t=3574.6s remaining=53
    iter=1948 E=-1.8933634030 nfev=1951 t=3576.6s remaining=52
    iter=1949 E=-1.8933636912 nfev=1952 t=3578.5s remaining=51
    iter=1950 E=-1.8933640169 nfev=1953 t=3580.3s remaining=50
    iter=1951 E=-1.8933643793 nfev=1954 t=3582.4s remaining=49
    iter=1952 E=-1.8933648748 nfev=1955 t=3584.3s remaining=48
    iter=1953 E=-1.8933656317 nfev=1956 t=3586.2s remaining=47
    iter=1954 E=-1.8933667828 nfev=1957 t=3588.1s remaining=46
    iter=1955 E=-1.8933684391 nfev=1958 t=3589.9s remaining=45
    iter=1956 E=-1.8933701092 nfev=1959 t=3592.0s remaining=44
    iter=1957 E=-1.8933711948 nfev=1960 t=3594.0s remaining=43
    iter=1958 E=-1.8933726134 nfev=1961 t=3596.1s remaining=42
    iter=1959 E=-1.8933735687 nfev=1962 t=3598.1s remaining=41
    iter=1960 E=-1.8933739655 nfev=1963 t=3600.1s remaining=40
    iter=1961 E=-1.8933741814 nfev=1964 t=3602.0s remaining=39
    iter=1962 E=-1.8933743525 nfev=1965 t=3604.0s remaining=38
    iter=1963 E=-1.8933744680 nfev=1966 t=3605.9s remaining=37
    iter=1964 E=-1.8933746489 nfev=1967 t=3607.6s remaining=36
    iter=1965 E=-1.8933749118 nfev=1968 t=3609.4s remaining=35
    iter=1966 E=-1.8933751918 nfev=1969 t=3611.3s remaining=34
    iter=1967 E=-1.8933755162 nfev=1970 t=3613.2s remaining=33
    iter=1968 E=-1.8933760031 nfev=1971 t=3615.1s remaining=32
    iter=1969 E=-1.8933766429 nfev=1972 t=3617.0s remaining=31
    iter=1970 E=-1.8933772280 nfev=1973 t=3619.0s remaining=30
    iter=1971 E=-1.8933778651 nfev=1974 t=3621.0s remaining=29
    iter=1972 E=-1.8933783830 nfev=1975 t=3622.9s remaining=28
    iter=1973 E=-1.8933786891 nfev=1976 t=3624.8s remaining=27
    iter=1974 E=-1.8933788419 nfev=1977 t=3626.5s remaining=26
    iter=1975 E=-1.8933789462 nfev=1978 t=3628.3s remaining=25
    iter=1976 E=-1.8933790269 nfev=1979 t=3630.1s remaining=24
    iter=1977 E=-1.8933790960 nfev=1980 t=3632.0s remaining=23
    iter=1978 E=-1.8933792007 nfev=1981 t=3633.8s remaining=22
    iter=1979 E=-1.8933793647 nfev=1982 t=3635.6s remaining=21
    iter=1980 E=-1.8933796275 nfev=1983 t=3637.4s remaining=20
    iter=1981 E=-1.8933800357 nfev=1984 t=3639.3s remaining=19
    iter=1982 E=-1.8933805880 nfev=1985 t=3641.1s remaining=18
    iter=1983 E=-1.8933809934 nfev=1986 t=3643.1s remaining=17
    iter=1984 E=-1.8933812573 nfev=1987 t=3645.0s remaining=16
    iter=1985 E=-1.8933813752 nfev=1988 t=3647.1s remaining=15
    iter=1986 E=-1.8933814417 nfev=1989 t=3648.9s remaining=14
    iter=1987 E=-1.8933815127 nfev=1990 t=3650.9s remaining=13
    iter=1988 E=-1.8933816041 nfev=1991 t=3652.6s remaining=12
    iter=1989 E=-1.8933817299 nfev=1992 t=3654.5s remaining=11
    iter=1990 E=-1.8933819227 nfev=1993 t=3656.2s remaining=10
    iter=1991 E=-1.8933822291 nfev=1994 t=3658.1s remaining=9
    iter=1992 E=-1.8933827013 nfev=1995 t=3659.8s remaining=8
    iter=1993 E=-1.8933833225 nfev=1996 t=3661.8s remaining=7
    iter=1994 E=-1.8933837518 nfev=1997 t=3663.6s remaining=6
    iter=1995 E=-1.8933840402 nfev=1998 t=3665.4s remaining=5
    iter=1996 E=-1.8933841552 nfev=1999 t=3667.3s remaining=4
    iter=1997 E=-1.8933841964 nfev=2000 t=3669.2s remaining=3
    iter=1998 E=-1.8933842361 nfev=2001 t=3671.2s remaining=2
    iter=1999 E=-1.8933842938 nfev=2002 t=3673.0s remaining=1
    iter=2000 E=-1.8933843836 nfev=2003 t=3674.8s remaining=0
    iter=2000 E=-1.8933843836 nfev=2003 t=3674.8s remaining=0
    seed=0 E=-1.8933843836 dE=+4.396e-03 nit=2000 ok=False t=3674.8s
  r=2.00  L=10  npar=428   E=-1.8933843836  |E-FCI|=4.396e-03  FCI=no   chem=no

=== summary (best seed per layer) ===
  bond   L ansatz                 npar              E     |E-FCI|  FCI? chem?
  2.00  10 (ECD+SNAP)^10 + ECD     428  -1.8933843836   4.396e-03    no    no

wrote data/results/h4_hybrid_L10_nobs_r0200.json
