self-check ok (nfock=4, use_bs=False, worst FD rel err 0.00e+00)
per-iter log: /workspace/qumode_chem/data/results/h4_hybrid_L8_nobs_r250_iters.jsonl
live snapshot: /workspace/qumode_chem/data/results/h4_hybrid_L8_nobs_r250_live.json

=== build H4 JWT Hamiltonian at R=2.50 Å ===
=== r=2.50 Å stretched  FCI(pyscf)=-1.8722159944  eig=-1.8722159944  paper_fci=-1.87221599  paper_SNAP_D20=-1.872215990639203 ===
-- r=2.50  (ECD+SNAP)^8 + ECD   npar=344 --
    iter=1 E=-1.1353439915 nfev=2 t=17.8s remaining=1999
    iter=2 E=-1.1633024407 nfev=3 t=29.6s remaining=1998
    iter=3 E=-1.2056857333 nfev=4 t=42.1s remaining=1997
    iter=4 E=-1.2763976093 nfev=5 t=58.9s remaining=1996
    iter=5 E=-1.3099170498 nfev=7 t=79.9s remaining=1995
    iter=6 E=-1.3241317672 nfev=9 t=103.7s remaining=1994
    iter=7 E=-1.3325321529 nfev=10 t=115.0s remaining=1993
    iter=8 E=-1.3459691985 nfev=11 t=124.1s remaining=1992
    iter=9 E=-1.3667695726 nfev=12 t=135.3s remaining=1991
    iter=10 E=-1.3933246185 nfev=13 t=148.9s remaining=1990
    iter=11 E=-1.4028663374 nfev=14 t=156.9s remaining=1989
    iter=12 E=-1.4186538337 nfev=15 t=170.7s remaining=1988
    iter=13 E=-1.4421130543 nfev=16 t=184.3s remaining=1987
    iter=14 E=-1.4744702590 nfev=17 t=195.9s remaining=1986
    iter=15 E=-1.4813614142 nfev=18 t=203.2s remaining=1985
    iter=16 E=-1.4926581865 nfev=19 t=213.4s remaining=1984
    iter=17 E=-1.5114936028 nfev=20 t=229.2s remaining=1983
    iter=18 E=-1.5382644869 nfev=21 t=236.8s remaining=1982
    iter=19 E=-1.5583207228 nfev=22 t=245.3s remaining=1981
    iter=20 E=-1.5849230365 nfev=23 t=256.8s remaining=1980
    iter=21 E=-1.6048098140 nfev=24 t=267.0s remaining=1979
    iter=22 E=-1.6288652676 nfev=25 t=279.5s remaining=1978
    iter=23 E=-1.6601946308 nfev=26 t=290.5s remaining=1977
    iter=24 E=-1.6997200257 nfev=27 t=301.7s remaining=1976
    iter=25 E=-1.7156930530 nfev=28 t=316.3s remaining=1975
    iter=26 E=-1.7377978267 nfev=29 t=329.2s remaining=1974
    iter=27 E=-1.7600633777 nfev=30 t=340.2s remaining=1973
    iter=28 E=-1.7795109685 nfev=31 t=350.5s remaining=1972
    iter=29 E=-1.7891141016 nfev=33 t=373.9s remaining=1971
    iter=30 E=-1.7987252313 nfev=34 t=384.6s remaining=1970
    iter=31 E=-1.8089538631 nfev=35 t=395.3s remaining=1969
    iter=32 E=-1.8207104523 nfev=36 t=406.3s remaining=1968
    iter=33 E=-1.8264429547 nfev=37 t=419.0s remaining=1967
    iter=34 E=-1.8336441849 nfev=38 t=430.4s remaining=1966
    iter=35 E=-1.8371147016 nfev=39 t=440.6s remaining=1965
    iter=36 E=-1.8413435156 nfev=40 t=449.8s remaining=1964
    iter=37 E=-1.8448080690 nfev=41 t=457.8s remaining=1963
    iter=38 E=-1.8482915375 nfev=42 t=468.5s remaining=1962
    iter=39 E=-1.8512233469 nfev=43 t=478.8s remaining=1961
    iter=40 E=-1.8530055896 nfev=44 t=487.1s remaining=1960
    iter=41 E=-1.8553098502 nfev=45 t=493.7s remaining=1959
    iter=42 E=-1.8565321462 nfev=47 t=516.0s remaining=1958
    iter=43 E=-1.8580683350 nfev=48 t=527.9s remaining=1957
    iter=44 E=-1.8600715526 nfev=49 t=539.5s remaining=1956
    iter=45 E=-1.8616748827 nfev=50 t=554.1s remaining=1955
    iter=46 E=-1.8620022522 nfev=51 t=564.2s remaining=1954
    iter=47 E=-1.8625688488 nfev=52 t=575.2s remaining=1953
    iter=48 E=-1.8633953288 nfev=53 t=585.0s remaining=1952
    iter=49 E=-1.8639145051 nfev=54 t=595.1s remaining=1951
    iter=50 E=-1.8644040178 nfev=55 t=606.8s remaining=1950
    iter=51 E=-1.8648498325 nfev=56 t=617.8s remaining=1949
    iter=52 E=-1.8653907153 nfev=57 t=630.2s remaining=1948
    iter=53 E=-1.8658699686 nfev=58 t=640.4s remaining=1947
    iter=54 E=-1.8661036804 nfev=59 t=649.7s remaining=1946
    iter=55 E=-1.8664197291 nfev=60 t=660.2s remaining=1945
    iter=56 E=-1.8667257407 nfev=61 t=666.6s remaining=1944
    iter=57 E=-1.8669076157 nfev=62 t=677.4s remaining=1943
    iter=58 E=-1.8670988130 nfev=63 t=687.9s remaining=1942
    iter=59 E=-1.8672198850 nfev=64 t=696.7s remaining=1941
    iter=60 E=-1.8673280017 nfev=65 t=708.3s remaining=1940
    iter=61 E=-1.8674153129 nfev=66 t=722.8s remaining=1939
    iter=62 E=-1.8674809850 nfev=67 t=734.9s remaining=1938
    iter=63 E=-1.8675471486 nfev=68 t=747.9s remaining=1937
    iter=64 E=-1.8676003440 nfev=69 t=764.0s remaining=1936
    iter=65 E=-1.8676409615 nfev=70 t=774.1s remaining=1935
    iter=66 E=-1.8676616810 nfev=71 t=784.8s remaining=1934
    iter=67 E=-1.8676953300 nfev=72 t=799.1s remaining=1933
    iter=68 E=-1.8677351432 nfev=73 t=809.4s remaining=1932
    iter=69 E=-1.8677514146 nfev=74 t=819.0s remaining=1931
    iter=70 E=-1.8677757913 nfev=75 t=832.9s remaining=1930
    iter=71 E=-1.8678086300 nfev=76 t=840.2s remaining=1929
    iter=72 E=-1.8678404449 nfev=77 t=849.4s remaining=1928
    iter=73 E=-1.8678696593 nfev=78 t=856.6s remaining=1927
    iter=74 E=-1.8678982825 nfev=79 t=866.3s remaining=1926
    iter=75 E=-1.8679114934 nfev=80 t=879.4s remaining=1925
    iter=76 E=-1.8679278541 nfev=81 t=890.0s remaining=1924
    iter=77 E=-1.8679414456 nfev=82 t=898.4s remaining=1923
    iter=78 E=-1.8679541931 nfev=83 t=909.0s remaining=1922
    iter=79 E=-1.8679654637 nfev=84 t=913.0s remaining=1921
    iter=80 E=-1.8679725034 nfev=85 t=924.2s remaining=1920
    iter=81 E=-1.8679812794 nfev=86 t=940.4s remaining=1919
    iter=82 E=-1.8679892755 nfev=87 t=951.5s remaining=1918
    iter=83 E=-1.8679937430 nfev=88 t=963.0s remaining=1917
    iter=84 E=-1.8679979348 nfev=89 t=976.5s remaining=1916
    iter=85 E=-1.8680031979 nfev=90 t=987.9s remaining=1915
    iter=86 E=-1.8680069205 nfev=91 t=993.9s remaining=1914
    iter=87 E=-1.8680099654 nfev=92 t=1005.4s remaining=1913
    iter=88 E=-1.8680129028 nfev=93 t=1015.2s remaining=1912
    iter=89 E=-1.8680155812 nfev=94 t=1025.4s remaining=1911
    iter=90 E=-1.8680184461 nfev=95 t=1038.4s remaining=1910
    iter=91 E=-1.8680206127 nfev=96 t=1044.5s remaining=1909
    iter=92 E=-1.8680220012 nfev=97 t=1054.3s remaining=1908
    iter=93 E=-1.8680232683 nfev=98 t=1063.3s remaining=1907
    iter=94 E=-1.8680248186 nfev=99 t=1074.6s remaining=1906
    iter=95 E=-1.8680265371 nfev=100 t=1085.3s remaining=1905
    iter=96 E=-1.8680279445 nfev=101 t=1095.6s remaining=1904
    iter=97 E=-1.8680288988 nfev=102 t=1106.2s remaining=1903
    iter=98 E=-1.8680295025 nfev=103 t=1119.4s remaining=1902
    iter=99 E=-1.8680298911 nfev=104 t=1129.6s remaining=1901
    iter=100 E=-1.8680301458 nfev=105 t=1138.9s remaining=1900
    iter=101 E=-1.8680303504 nfev=106 t=1151.2s remaining=1899
    iter=102 E=-1.8680305665 nfev=107 t=1163.1s remaining=1898
    iter=103 E=-1.8680308201 nfev=108 t=1173.5s remaining=1897
    iter=104 E=-1.8680310888 nfev=109 t=1183.5s remaining=1896
    iter=105 E=-1.8680313239 nfev=110 t=1195.7s remaining=1895
    iter=106 E=-1.8680315116 nfev=111 t=1206.4s remaining=1894
    iter=107 E=-1.8680316655 nfev=112 t=1219.2s remaining=1893
    iter=108 E=-1.8680317926 nfev=113 t=1231.3s remaining=1892
    iter=109 E=-1.8680318961 nfev=114 t=1241.5s remaining=1891
    iter=110 E=-1.8680319942 nfev=115 t=1253.5s remaining=1890
    iter=111 E=-1.8680321110 nfev=116 t=1267.5s remaining=1889
    iter=112 E=-1.8680322504 nfev=117 t=1282.5s remaining=1888
    iter=113 E=-1.8680323784 nfev=118 t=1295.2s remaining=1887
    iter=114 E=-1.8680324648 nfev=119 t=1306.6s remaining=1886
    iter=115 E=-1.8680325209 nfev=120 t=1321.4s remaining=1885
    iter=116 E=-1.8680325710 nfev=121 t=1329.0s remaining=1884
    iter=117 E=-1.8680326250 nfev=122 t=1339.6s remaining=1883
    iter=118 E=-1.8680326797 nfev=123 t=1346.8s remaining=1882
    iter=119 E=-1.8680327346 nfev=124 t=1356.5s remaining=1881
    iter=120 E=-1.8680327927 nfev=125 t=1366.8s remaining=1880
    iter=121 E=-1.8680328589 nfev=126 t=1378.0s remaining=1879
    iter=122 E=-1.8680329384 nfev=127 t=1387.6s remaining=1878
    iter=123 E=-1.8680330408 nfev=128 t=1397.7s remaining=1877
    iter=124 E=-1.8680331780 nfev=129 t=1407.0s remaining=1876
    iter=125 E=-1.8680333520 nfev=130 t=1418.5s remaining=1875
    iter=126 E=-1.8680335413 nfev=131 t=1427.1s remaining=1874
    iter=127 E=-1.8680337165 nfev=132 t=1440.0s remaining=1873
    iter=128 E=-1.8680338741 nfev=133 t=1452.7s remaining=1872
    iter=129 E=-1.8680340421 nfev=134 t=1459.6s remaining=1871
    iter=130 E=-1.8680342569 nfev=135 t=1470.8s remaining=1870
    iter=131 E=-1.8680345344 nfev=136 t=1484.9s remaining=1869
    iter=132 E=-1.8680348558 nfev=137 t=1492.6s remaining=1868
    iter=133 E=-1.8680351797 nfev=138 t=1507.2s remaining=1867
    iter=134 E=-1.8680354820 nfev=139 t=1524.5s remaining=1866
    iter=135 E=-1.8680357598 nfev=140 t=1533.2s remaining=1865
    iter=136 E=-1.8680360170 nfev=141 t=1547.3s remaining=1864
    iter=137 E=-1.8680362992 nfev=142 t=1555.2s remaining=1863
    iter=138 E=-1.8680365843 nfev=143 t=1570.7s remaining=1862
    iter=139 E=-1.8680369038 nfev=144 t=1580.8s remaining=1861
    iter=140 E=-1.8680371971 nfev=145 t=1594.4s remaining=1860
    iter=141 E=-1.8680374585 nfev=146 t=1608.9s remaining=1859
    iter=142 E=-1.8680376020 nfev=147 t=1617.5s remaining=1858
    iter=143 E=-1.8680378106 nfev=148 t=1628.9s remaining=1857
    iter=144 E=-1.8680380900 nfev=149 t=1638.3s remaining=1856
    iter=145 E=-1.8680383584 nfev=150 t=1650.8s remaining=1855
    iter=146 E=-1.8680385863 nfev=151 t=1659.9s remaining=1854
    iter=147 E=-1.8680387974 nfev=152 t=1673.0s remaining=1853
    iter=148 E=-1.8680390105 nfev=153 t=1685.6s remaining=1852
    iter=149 E=-1.8680392966 nfev=154 t=1694.5s remaining=1851
    iter=150 E=-1.8680396361 nfev=155 t=1705.8s remaining=1850
    iter=151 E=-1.8680400141 nfev=156 t=1718.8s remaining=1849
    iter=152 E=-1.8680402660 nfev=157 t=1728.8s remaining=1848
    iter=153 E=-1.8680405616 nfev=158 t=1741.1s remaining=1847
    iter=154 E=-1.8680408114 nfev=159 t=1751.0s remaining=1846
    iter=155 E=-1.8680411740 nfev=160 t=1763.7s remaining=1845
    iter=156 E=-1.8680416986 nfev=161 t=1776.1s remaining=1844
    iter=157 E=-1.8680424638 nfev=162 t=1788.1s remaining=1843
    iter=158 E=-1.8680435675 nfev=163 t=1798.5s remaining=1842
    iter=159 E=-1.8680450052 nfev=164 t=1808.3s remaining=1841
    iter=160 E=-1.8680463722 nfev=165 t=1821.5s remaining=1840
    iter=161 E=-1.8680476243 nfev=166 t=1832.4s remaining=1839
    iter=162 E=-1.8680493640 nfev=167 t=1845.8s remaining=1838
    iter=163 E=-1.8680515254 nfev=168 t=1856.3s remaining=1837
    iter=164 E=-1.8680530931 nfev=169 t=1868.1s remaining=1836
    iter=165 E=-1.8680548113 nfev=170 t=1877.2s remaining=1835
    iter=166 E=-1.8680563649 nfev=171 t=1892.2s remaining=1834
    iter=167 E=-1.8680568661 nfev=172 t=1903.7s remaining=1833
    iter=168 E=-1.8680577258 nfev=173 t=1914.4s remaining=1832
    iter=169 E=-1.8680591131 nfev=174 t=1924.6s remaining=1831
    iter=170 E=-1.8680608518 nfev=175 t=1934.3s remaining=1830
    iter=171 E=-1.8680619399 nfev=176 t=1946.9s remaining=1829
    iter=172 E=-1.8680625767 nfev=177 t=1953.6s remaining=1828
    iter=173 E=-1.8680633743 nfev=178 t=1966.5s remaining=1827
    iter=174 E=-1.8680640361 nfev=179 t=1974.7s remaining=1826
    iter=175 E=-1.8680647057 nfev=180 t=1988.4s remaining=1825
    iter=176 E=-1.8680649160 nfev=181 t=1999.1s remaining=1824
    iter=177 E=-1.8680652418 nfev=182 t=2010.9s remaining=1823
    iter=178 E=-1.8680657290 nfev=183 t=2023.5s remaining=1822
    iter=179 E=-1.8680663118 nfev=184 t=2037.0s remaining=1821
    iter=180 E=-1.8680669204 nfev=185 t=2046.4s remaining=1820
    iter=181 E=-1.8680677767 nfev=186 t=2054.2s remaining=1819
    iter=182 E=-1.8680688400 nfev=187 t=2064.4s remaining=1818
    iter=183 E=-1.8680691832 nfev=188 t=2072.1s remaining=1817
    iter=184 E=-1.8680695769 nfev=189 t=2082.8s remaining=1816
    iter=185 E=-1.8680698664 nfev=190 t=2093.7s remaining=1815
    iter=186 E=-1.8680702479 nfev=191 t=2103.0s remaining=1814
    iter=187 E=-1.8680705471 nfev=192 t=2111.6s remaining=1813
    iter=188 E=-1.8680708451 nfev=193 t=2121.0s remaining=1812
    iter=189 E=-1.8680712140 nfev=194 t=2132.3s remaining=1811
    iter=190 E=-1.8680715926 nfev=195 t=2148.3s remaining=1810
    iter=191 E=-1.8680718631 nfev=196 t=2156.6s remaining=1809
    iter=192 E=-1.8680719058 nfev=197 t=2165.9s remaining=1808
    iter=193 E=-1.8680719909 nfev=198 t=2179.8s remaining=1807
    iter=194 E=-1.8680721339 nfev=199 t=2195.0s remaining=1806
    iter=195 E=-1.8680723031 nfev=200 t=2208.6s remaining=1805
    iter=196 E=-1.8680724041 nfev=201 t=2216.9s remaining=1804
    iter=197 E=-1.8680725486 nfev=202 t=2230.0s remaining=1803
    iter=198 E=-1.8680727351 nfev=203 t=2242.2s remaining=1802
    iter=199 E=-1.8680729228 nfev=204 t=2253.5s remaining=1801
    iter=200 E=-1.8680730403 nfev=205 t=2264.2s remaining=1800
    iter=201 E=-1.8680731576 nfev=206 t=2274.9s remaining=1799
    iter=202 E=-1.8680732272 nfev=207 t=2287.0s remaining=1798
    iter=203 E=-1.8680732902 nfev=208 t=2300.0s remaining=1797
    iter=204 E=-1.8680733575 nfev=209 t=2311.1s remaining=1796
    iter=205 E=-1.8680734426 nfev=210 t=2314.8s remaining=1795
    iter=206 E=-1.8680735790 nfev=211 t=2325.1s remaining=1794
    iter=207 E=-1.8680737811 nfev=212 t=2339.1s remaining=1793
    iter=208 E=-1.8680740625 nfev=213 t=2348.8s remaining=1792
    iter=209 E=-1.8680743734 nfev=214 t=2358.4s remaining=1791
    iter=210 E=-1.8680746737 nfev=215 t=2367.8s remaining=1790
    iter=211 E=-1.8680749741 nfev=216 t=2375.4s remaining=1789
    iter=212 E=-1.8680754409 nfev=217 t=2386.6s remaining=1788
    iter=213 E=-1.8680761325 nfev=218 t=2399.8s remaining=1787
    iter=214 E=-1.8680770927 nfev=219 t=2405.9s remaining=1786
    iter=215 E=-1.8680781664 nfev=220 t=2414.8s remaining=1785
    iter=216 E=-1.8680793305 nfev=221 t=2427.4s remaining=1784
    iter=217 E=-1.8680798364 nfev=222 t=2441.2s remaining=1783
    iter=218 E=-1.8680807472 nfev=223 t=2451.6s remaining=1782
    iter=219 E=-1.8680823144 nfev=224 t=2464.8s remaining=1781
    iter=220 E=-1.8680845942 nfev=225 t=2474.1s remaining=1780
    iter=221 E=-1.8680864395 nfev=226 t=2488.4s remaining=1779
    iter=222 E=-1.8680877694 nfev=227 t=2498.1s remaining=1778
    iter=223 E=-1.8680893475 nfev=228 t=2508.3s remaining=1777
    iter=224 E=-1.8680914316 nfev=229 t=2518.4s remaining=1776
    iter=225 E=-1.8680927292 nfev=230 t=2526.4s remaining=1775
    iter=226 E=-1.8680938725 nfev=231 t=2536.2s remaining=1774
    iter=227 E=-1.8680946570 nfev=232 t=2548.3s remaining=1773
    iter=228 E=-1.8680955510 nfev=233 t=2557.8s remaining=1772
    iter=229 E=-1.8680961436 nfev=234 t=2567.2s remaining=1771
    iter=230 E=-1.8680964920 nfev=235 t=2574.7s remaining=1770
    iter=231 E=-1.8680968521 nfev=236 t=2586.4s remaining=1769
    iter=232 E=-1.8680970208 nfev=237 t=2595.3s remaining=1768
    iter=233 E=-1.8680971734 nfev=238 t=2606.1s remaining=1767
    iter=234 E=-1.8680973493 nfev=239 t=2616.7s remaining=1766
    iter=235 E=-1.8680975199 nfev=240 t=2627.6s remaining=1765
    iter=236 E=-1.8680977070 nfev=241 t=2638.3s remaining=1764
    iter=237 E=-1.8680979713 nfev=242 t=2649.1s remaining=1763
    iter=238 E=-1.8680982411 nfev=243 t=2659.8s remaining=1762
    iter=239 E=-1.8680984335 nfev=244 t=2669.8s remaining=1761
    iter=240 E=-1.8680985417 nfev=245 t=2679.2s remaining=1760
    iter=241 E=-1.8680985936 nfev=246 t=2686.8s remaining=1759
    iter=242 E=-1.8680986475 nfev=247 t=2700.3s remaining=1758
    iter=243 E=-1.8680987403 nfev=248 t=2711.2s remaining=1757
    iter=244 E=-1.8680989029 nfev=249 t=2722.3s remaining=1756
    iter=245 E=-1.8680991840 nfev=250 t=2732.5s remaining=1755
    iter=246 E=-1.8680996548 nfev=251 t=2742.7s remaining=1754
    iter=247 E=-1.8681003938 nfev=252 t=2755.1s remaining=1753
    iter=248 E=-1.8681014457 nfev=253 t=2764.6s remaining=1752
    iter=249 E=-1.8681025361 nfev=254 t=2770.9s remaining=1751
    iter=250 E=-1.8681038654 nfev=255 t=2783.5s remaining=1750
    iter=251 E=-1.8681044246 nfev=256 t=2790.6s remaining=1749
    iter=252 E=-1.8681050278 nfev=257 t=2801.8s remaining=1748
    iter=253 E=-1.8681056968 nfev=258 t=2809.5s remaining=1747
    iter=254 E=-1.8681068576 nfev=259 t=2824.4s remaining=1746
    iter=255 E=-1.8681086488 nfev=260 t=2832.7s remaining=1745
    iter=256 E=-1.8681103107 nfev=261 t=2840.5s remaining=1744
    iter=257 E=-1.8681114421 nfev=262 t=2850.1s remaining=1743
    iter=258 E=-1.8681128850 nfev=263 t=2861.2s remaining=1742
    iter=259 E=-1.8681139462 nfev=264 t=2874.0s remaining=1741
    iter=260 E=-1.8681141248 nfev=265 t=2885.8s remaining=1740
    iter=261 E=-1.8681144585 nfev=266 t=2892.2s remaining=1739
    iter=262 E=-1.8681150751 nfev=267 t=2900.8s remaining=1738
    iter=263 E=-1.8681161439 nfev=268 t=2912.1s remaining=1737
    iter=264 E=-1.8681176839 nfev=269 t=2922.3s remaining=1736
    iter=265 E=-1.8681187961 nfev=270 t=2935.9s remaining=1735
    iter=266 E=-1.8681197418 nfev=271 t=2946.9s remaining=1734
    iter=267 E=-1.8681205476 nfev=272 t=2956.1s remaining=1733
    iter=268 E=-1.8681216141 nfev=273 t=2971.0s remaining=1732
    iter=269 E=-1.8681219427 nfev=274 t=2980.9s remaining=1731
    iter=270 E=-1.8681223525 nfev=275 t=2993.8s remaining=1730
    iter=271 E=-1.8681226846 nfev=276 t=3001.2s remaining=1729
    iter=272 E=-1.8681231493 nfev=277 t=3013.4s remaining=1728
    iter=273 E=-1.8681236836 nfev=278 t=3026.6s remaining=1727
    iter=274 E=-1.8681242358 nfev=279 t=3038.2s remaining=1726
    iter=275 E=-1.8681248442 nfev=280 t=3047.6s remaining=1725
    iter=276 E=-1.8681254016 nfev=281 t=3053.5s remaining=1724
    iter=277 E=-1.8681259872 nfev=282 t=3061.6s remaining=1723
    iter=278 E=-1.8681267323 nfev=283 t=3072.0s remaining=1722
    iter=279 E=-1.8681276515 nfev=284 t=3082.5s remaining=1721
    iter=280 E=-1.8681284964 nfev=285 t=3093.9s remaining=1720
    iter=281 E=-1.8681294703 nfev=286 t=3102.9s remaining=1719
    iter=282 E=-1.8681307248 nfev=287 t=3113.6s remaining=1718
    iter=283 E=-1.8681315608 nfev=288 t=3127.4s remaining=1717
    iter=284 E=-1.8681322566 nfev=289 t=3140.6s remaining=1716
    iter=285 E=-1.8681326647 nfev=290 t=3151.2s remaining=1715
    iter=286 E=-1.8681328783 nfev=291 t=3160.8s remaining=1714
    iter=287 E=-1.8681330653 nfev=292 t=3171.0s remaining=1713
    iter=288 E=-1.8681333049 nfev=293 t=3182.2s remaining=1712
    iter=289 E=-1.8681336169 nfev=294 t=3192.7s remaining=1711
    iter=290 E=-1.8681339925 nfev=295 t=3202.6s remaining=1710
    iter=291 E=-1.8681343752 nfev=296 t=3215.0s remaining=1709
    iter=292 E=-1.8681347828 nfev=297 t=3226.9s remaining=1708
    iter=293 E=-1.8681350330 nfev=298 t=3238.0s remaining=1707
    iter=294 E=-1.8681352654 nfev=299 t=3247.5s remaining=1706
    iter=295 E=-1.8681355217 nfev=300 t=3260.2s remaining=1705
    iter=296 E=-1.8681358231 nfev=301 t=3268.8s remaining=1704
    iter=297 E=-1.8681363041 nfev=302 t=3277.7s remaining=1703
    iter=298 E=-1.8681370860 nfev=303 t=3291.2s remaining=1702
    iter=299 E=-1.8681382674 nfev=304 t=3303.5s remaining=1701
    iter=300 E=-1.8681394691 nfev=305 t=3312.2s remaining=1700
    iter=301 E=-1.8681406578 nfev=306 t=3324.1s remaining=1699
    iter=302 E=-1.8681416971 nfev=307 t=3332.5s remaining=1698
    iter=303 E=-1.8681429334 nfev=308 t=3340.0s remaining=1697
    iter=304 E=-1.8681438197 nfev=309 t=3348.9s remaining=1696
    iter=305 E=-1.8681452861 nfev=310 t=3359.9s remaining=1695
    iter=306 E=-1.8681474815 nfev=311 t=3373.7s remaining=1694
    iter=307 E=-1.8681491986 nfev=312 t=3385.4s remaining=1693
    iter=308 E=-1.8681502044 nfev=314 t=3404.2s remaining=1692
    iter=309 E=-1.8681514886 nfev=315 t=3413.3s remaining=1691
    iter=310 E=-1.8681529524 nfev=316 t=3426.1s remaining=1690
    iter=311 E=-1.8681534623 nfev=317 t=3435.3s remaining=1689
    iter=312 E=-1.8681538487 nfev=318 t=3446.9s remaining=1688
    iter=313 E=-1.8681540271 nfev=319 t=3457.0s remaining=1687
    iter=314 E=-1.8681542861 nfev=320 t=3469.5s remaining=1686
    iter=315 E=-1.8681545399 nfev=321 t=3480.0s remaining=1685
    iter=316 E=-1.8681547104 nfev=322 t=3491.4s remaining=1684
    iter=317 E=-1.8681549506 nfev=323 t=3500.1s remaining=1683
    iter=318 E=-1.8681552128 nfev=324 t=3511.3s remaining=1682
    iter=319 E=-1.8681553927 nfev=325 t=3519.8s remaining=1681
    iter=320 E=-1.8681555926 nfev=326 t=3529.7s remaining=1680
    iter=321 E=-1.8681557597 nfev=327 t=3542.0s remaining=1679
    iter=322 E=-1.8681558563 nfev=328 t=3556.5s remaining=1678
    iter=323 E=-1.8681560071 nfev=329 t=3563.3s remaining=1677
    iter=324 E=-1.8681562555 nfev=330 t=3574.0s remaining=1676
    iter=325 E=-1.8681566676 nfev=331 t=3583.3s remaining=1675
    iter=326 E=-1.8681573072 nfev=332 t=3592.7s remaining=1674
    iter=327 E=-1.8681580684 nfev=333 t=3607.6s remaining=1673
    iter=328 E=-1.8681586948 nfev=334 t=3615.6s remaining=1672
    iter=329 E=-1.8681594924 nfev=335 t=3625.4s remaining=1671
    iter=330 E=-1.8681598703 nfev=336 t=3635.3s remaining=1670
    iter=331 E=-1.8681604548 nfev=337 t=3650.1s remaining=1669
    iter=332 E=-1.8681613840 nfev=338 t=3662.0s remaining=1668
    iter=333 E=-1.8681627482 nfev=339 t=3673.7s remaining=1667
    iter=334 E=-1.8681647721 nfev=340 t=3687.9s remaining=1666
    iter=335 E=-1.8681672191 nfev=341 t=3700.7s remaining=1665
    iter=336 E=-1.8681694890 nfev=342 t=3710.9s remaining=1664
    iter=337 E=-1.8681705435 nfev=343 t=3720.3s remaining=1663
    iter=338 E=-1.8681723968 nfev=344 t=3731.5s remaining=1662
    iter=339 E=-1.8681752393 nfev=345 t=3745.3s remaining=1661
    iter=340 E=-1.8681765341 nfev=346 t=3757.7s remaining=1660
    iter=341 E=-1.8681783987 nfev=347 t=3770.8s remaining=1659
    iter=342 E=-1.8681788863 nfev=348 t=3781.7s remaining=1658
    iter=343 E=-1.8681797466 nfev=349 t=3793.9s remaining=1657
    iter=344 E=-1.8681810486 nfev=350 t=3803.4s remaining=1656
    iter=345 E=-1.8681824094 nfev=351 t=3813.4s remaining=1655
    iter=346 E=-1.8681831090 nfev=352 t=3825.5s remaining=1654
    iter=347 E=-1.8681839883 nfev=353 t=3836.9s remaining=1653
    iter=348 E=-1.8681849914 nfev=354 t=3847.5s remaining=1652
    iter=349 E=-1.8681852763 nfev=356 t=3861.5s remaining=1651
    iter=350 E=-1.8681857122 nfev=357 t=3870.1s remaining=1650
    iter=351 E=-1.8681862104 nfev=358 t=3878.5s remaining=1649
    iter=352 E=-1.8681865380 nfev=359 t=3888.1s remaining=1648
    iter=353 E=-1.8681869412 nfev=360 t=3898.1s remaining=1647
    iter=354 E=-1.8681873104 nfev=361 t=3905.5s remaining=1646
    iter=355 E=-1.8681874402 nfev=363 t=3921.2s remaining=1645
    iter=356 E=-1.8681876124 nfev=364 t=3929.8s remaining=1644
    iter=357 E=-1.8681877469 nfev=365 t=3936.3s remaining=1643
    iter=358 E=-1.8681878997 nfev=366 t=3950.9s remaining=1642
    iter=359 E=-1.8681880288 nfev=367 t=3961.9s remaining=1641
    iter=360 E=-1.8681881140 nfev=368 t=3969.0s remaining=1640
    iter=361 E=-1.8681881942 nfev=369 t=3980.9s remaining=1639
    iter=362 E=-1.8681883053 nfev=370 t=3993.6s remaining=1638
    iter=363 E=-1.8681884628 nfev=371 t=4002.3s remaining=1637
    iter=364 E=-1.8681886891 nfev=372 t=4016.7s remaining=1636
    iter=365 E=-1.8681890224 nfev=373 t=4029.0s remaining=1635
    iter=366 E=-1.8681895110 nfev=374 t=4041.0s remaining=1634
    iter=367 E=-1.8681901845 nfev=375 t=4056.0s remaining=1633
    iter=368 E=-1.8681910026 nfev=376 t=4068.2s remaining=1632
    iter=369 E=-1.8681918595 nfev=377 t=4081.9s remaining=1631
    iter=370 E=-1.8681923649 nfev=378 t=4091.7s remaining=1630
    iter=371 E=-1.8681931306 nfev=379 t=4104.2s remaining=1629
    iter=372 E=-1.8681941154 nfev=380 t=4117.2s remaining=1628
    iter=373 E=-1.8681950922 nfev=381 t=4127.2s remaining=1627
    iter=374 E=-1.8681964047 nfev=382 t=4138.2s remaining=1626
    iter=375 E=-1.8681977119 nfev=383 t=4149.3s remaining=1625
    iter=376 E=-1.8681993933 nfev=384 t=4161.8s remaining=1624
    iter=377 E=-1.8682007490 nfev=385 t=4171.6s remaining=1623
    iter=378 E=-1.8682018596 nfev=386 t=4182.3s remaining=1622
    iter=379 E=-1.8682024740 nfev=387 t=4195.5s remaining=1621
    iter=380 E=-1.8682032617 nfev=388 t=4204.1s remaining=1620
    iter=381 E=-1.8682040269 nfev=389 t=4216.1s remaining=1619
    iter=382 E=-1.8682048269 nfev=390 t=4225.2s remaining=1618
    iter=383 E=-1.8682059708 nfev=391 t=4235.3s remaining=1617
    iter=384 E=-1.8682071222 nfev=392 t=4246.0s remaining=1616
    iter=385 E=-1.8682079239 nfev=393 t=4261.1s remaining=1615
    iter=386 E=-1.8682089016 nfev=394 t=4273.3s remaining=1614
    iter=387 E=-1.8682094731 nfev=395 t=4282.5s remaining=1613
    iter=388 E=-1.8682097823 nfev=396 t=4290.6s remaining=1612
    iter=389 E=-1.8682100552 nfev=397 t=4300.1s remaining=1611
    iter=390 E=-1.8682102782 nfev=398 t=4319.4s remaining=1610
    iter=391 E=-1.8682106482 nfev=399 t=4329.8s remaining=1609
    iter=392 E=-1.8682112071 nfev=400 t=4342.2s remaining=1608
    iter=393 E=-1.8682117074 nfev=401 t=4351.5s remaining=1607
    iter=394 E=-1.8682120507 nfev=402 t=4358.7s remaining=1606
    iter=395 E=-1.8682122011 nfev=403 t=4366.5s remaining=1605
    iter=396 E=-1.8682123162 nfev=404 t=4379.9s remaining=1604
    iter=397 E=-1.8682124301 nfev=405 t=4392.3s remaining=1603
    iter=398 E=-1.8682125776 nfev=406 t=4406.6s remaining=1602
    iter=399 E=-1.8682127260 nfev=407 t=4415.7s remaining=1601
    iter=400 E=-1.8682128346 nfev=408 t=4424.6s remaining=1600
    iter=401 E=-1.8682129332 nfev=409 t=4439.1s remaining=1599
    iter=402 E=-1.8682130414 nfev=410 t=4448.3s remaining=1598
    iter=403 E=-1.8682132073 nfev=411 t=4458.8s remaining=1597
    iter=404 E=-1.8682134862 nfev=412 t=4472.1s remaining=1596
    iter=405 E=-1.8682139513 nfev=413 t=4481.8s remaining=1595
    iter=406 E=-1.8682146616 nfev=414 t=4496.0s remaining=1594
    iter=407 E=-1.8682154913 nfev=415 t=4503.3s remaining=1593
    iter=408 E=-1.8682159467 nfev=416 t=4513.2s remaining=1592
    iter=409 E=-1.8682165377 nfev=417 t=4524.2s remaining=1591
    iter=410 E=-1.8682170234 nfev=418 t=4535.0s remaining=1590
    iter=411 E=-1.8682176390 nfev=419 t=4541.2s remaining=1589
    iter=412 E=-1.8682185185 nfev=420 t=4551.3s remaining=1588
    iter=413 E=-1.8682196252 nfev=421 t=4562.7s remaining=1587
    iter=414 E=-1.8682203419 nfev=422 t=4574.6s remaining=1586
    iter=415 E=-1.8682207130 nfev=423 t=4585.1s remaining=1585
    iter=416 E=-1.8682210522 nfev=424 t=4597.2s remaining=1584
    iter=417 E=-1.8682212811 nfev=425 t=4608.3s remaining=1583
    iter=418 E=-1.8682215099 nfev=426 t=4614.8s remaining=1582
    iter=419 E=-1.8682217145 nfev=427 t=4625.0s remaining=1581
    iter=420 E=-1.8682219792 nfev=428 t=4639.5s remaining=1580
    iter=421 E=-1.8682222658 nfev=429 t=4648.7s remaining=1579
    iter=422 E=-1.8682225370 nfev=430 t=4661.3s remaining=1578
    iter=423 E=-1.8682227492 nfev=431 t=4675.2s remaining=1577
    iter=424 E=-1.8682229544 nfev=432 t=4691.2s remaining=1576
    iter=425 E=-1.8682232625 nfev=433 t=4703.4s remaining=1575
    iter=426 E=-1.8682237095 nfev=434 t=4713.5s remaining=1574
    iter=427 E=-1.8682243443 nfev=435 t=4725.2s remaining=1573
    iter=428 E=-1.8682252373 nfev=436 t=4735.7s remaining=1572
    iter=429 E=-1.8682264316 nfev=437 t=4745.3s remaining=1571
    iter=430 E=-1.8682275298 nfev=438 t=4751.9s remaining=1570
    iter=431 E=-1.8682281607 nfev=439 t=4764.0s remaining=1569
    iter=432 E=-1.8682287600 nfev=440 t=4780.3s remaining=1568
    iter=433 E=-1.8682294706 nfev=441 t=4791.7s remaining=1567
    iter=434 E=-1.8682303256 nfev=442 t=4803.6s remaining=1566
    iter=435 E=-1.8682313464 nfev=443 t=4809.8s remaining=1565
    iter=436 E=-1.8682321576 nfev=444 t=4821.2s remaining=1564
    iter=437 E=-1.8682326026 nfev=445 t=4831.5s remaining=1563
    iter=438 E=-1.8682328676 nfev=446 t=4837.6s remaining=1562
    iter=439 E=-1.8682328940 nfev=447 t=4847.4s remaining=1561
    iter=440 E=-1.8682331049 nfev=449 t=4865.7s remaining=1560
    iter=441 E=-1.8682333840 nfev=450 t=4876.6s remaining=1559
    iter=442 E=-1.8682336543 nfev=451 t=4888.6s remaining=1558
    iter=443 E=-1.8682340728 nfev=452 t=4901.3s remaining=1557
    iter=444 E=-1.8682347510 nfev=453 t=4910.9s remaining=1556
    iter=445 E=-1.8682354938 nfev=454 t=4923.5s remaining=1555
    iter=446 E=-1.8682359345 nfev=455 t=4933.1s remaining=1554
    iter=447 E=-1.8682362993 nfev=456 t=4951.0s remaining=1553
    iter=448 E=-1.8682365737 nfev=457 t=4958.8s remaining=1552
    iter=449 E=-1.8682368144 nfev=458 t=4972.0s remaining=1551
    iter=450 E=-1.8682370200 nfev=459 t=4981.5s remaining=1550
    iter=451 E=-1.8682371455 nfev=460 t=4991.0s remaining=1549
    iter=452 E=-1.8682372812 nfev=461 t=5002.3s remaining=1548
    iter=453 E=-1.8682373972 nfev=462 t=5012.8s remaining=1547
    iter=454 E=-1.8682375230 nfev=463 t=5021.8s remaining=1546
    iter=455 E=-1.8682376962 nfev=464 t=5034.2s remaining=1545
    iter=456 E=-1.8682379834 nfev=465 t=5045.9s remaining=1544
    iter=457 E=-1.8682384704 nfev=466 t=5059.7s remaining=1543
    iter=458 E=-1.8682392896 nfev=467 t=5066.6s remaining=1542
    iter=459 E=-1.8682406276 nfev=468 t=5073.7s remaining=1541
    iter=460 E=-1.8682426315 nfev=469 t=5086.4s remaining=1540
    iter=461 E=-1.8682448599 nfev=470 t=5098.8s remaining=1539
    iter=462 E=-1.8682465960 nfev=471 t=5113.2s remaining=1538
    iter=463 E=-1.8682474424 nfev=472 t=5124.2s remaining=1537
    iter=464 E=-1.8682483460 nfev=473 t=5136.1s remaining=1536
    iter=465 E=-1.8682486484 nfev=474 t=5149.0s remaining=1535
    iter=466 E=-1.8682491078 nfev=475 t=5159.3s remaining=1534
    iter=467 E=-1.8682495995 nfev=476 t=5171.4s remaining=1533
    iter=468 E=-1.8682498044 nfev=478 t=5194.2s remaining=1532
    iter=469 E=-1.8682499588 nfev=479 t=5206.2s remaining=1531
    iter=470 E=-1.8682500921 nfev=480 t=5214.0s remaining=1530
    iter=471 E=-1.8682501753 nfev=481 t=5227.0s remaining=1529
    iter=472 E=-1.8682502407 nfev=482 t=5237.2s remaining=1528
    iter=473 E=-1.8682502843 nfev=483 t=5245.2s remaining=1527
    iter=474 E=-1.8682503461 nfev=484 t=5258.7s remaining=1526
    iter=475 E=-1.8682504184 nfev=485 t=5270.3s remaining=1525
    iter=476 E=-1.8682505181 nfev=486 t=5281.6s remaining=1524
    iter=477 E=-1.8682506532 nfev=487 t=5290.3s remaining=1523
    iter=478 E=-1.8682508491 nfev=488 t=5300.8s remaining=1522
    iter=479 E=-1.8682510433 nfev=489 t=5312.3s remaining=1521
    iter=480 E=-1.8682513248 nfev=490 t=5320.1s remaining=1520
    iter=481 E=-1.8682517212 nfev=491 t=5330.7s remaining=1519
    iter=482 E=-1.8682522145 nfev=492 t=5345.6s remaining=1518
    iter=483 E=-1.8682528850 nfev=493 t=5353.0s remaining=1517
    iter=484 E=-1.8682536518 nfev=494 t=5361.8s remaining=1516
    iter=485 E=-1.8682543324 nfev=495 t=5376.1s remaining=1515
    iter=486 E=-1.8682547902 nfev=496 t=5387.0s remaining=1514
    iter=487 E=-1.8682551425 nfev=497 t=5397.3s remaining=1513
    iter=488 E=-1.8682554588 nfev=498 t=5401.4s remaining=1512
    iter=489 E=-1.8682559753 nfev=499 t=5407.4s remaining=1511
    iter=490 E=-1.8682568396 nfev=500 t=5417.5s remaining=1510
    iter=491 E=-1.8682579891 nfev=501 t=5428.4s remaining=1509
    iter=492 E=-1.8682592624 nfev=502 t=5439.9s remaining=1508
    iter=493 E=-1.8682603719 nfev=503 t=5454.1s remaining=1507
    iter=494 E=-1.8682613017 nfev=504 t=5464.4s remaining=1506
    iter=495 E=-1.8682618337 nfev=505 t=5477.8s remaining=1505
    iter=496 E=-1.8682621443 nfev=506 t=5493.1s remaining=1504
    iter=497 E=-1.8682622631 nfev=507 t=5504.0s remaining=1503
    iter=498 E=-1.8682624608 nfev=508 t=5518.3s remaining=1502
    iter=499 E=-1.8682627542 nfev=509 t=5529.9s remaining=1501
    iter=500 E=-1.8682629421 nfev=510 t=5542.4s remaining=1500
    iter=501 E=-1.8682631736 nfev=511 t=5555.9s remaining=1499
    iter=502 E=-1.8682633520 nfev=512 t=5564.2s remaining=1498
    iter=503 E=-1.8682634361 nfev=513 t=5576.0s remaining=1497
    iter=504 E=-1.8682635284 nfev=514 t=5588.6s remaining=1496
    iter=505 E=-1.8682636563 nfev=515 t=5599.0s remaining=1495
    iter=506 E=-1.8682637756 nfev=516 t=5611.3s remaining=1494
    iter=507 E=-1.8682638778 nfev=517 t=5625.9s remaining=1493
    iter=508 E=-1.8682639594 nfev=518 t=5631.7s remaining=1492
    iter=509 E=-1.8682640003 nfev=519 t=5638.1s remaining=1491
    iter=510 E=-1.8682640648 nfev=520 t=5648.8s remaining=1490
    iter=511 E=-1.8682641639 nfev=521 t=5659.9s remaining=1489
    iter=512 E=-1.8682643176 nfev=522 t=5673.3s remaining=1488
    iter=513 E=-1.8682645428 nfev=523 t=5683.5s remaining=1487
    iter=514 E=-1.8682648417 nfev=524 t=5694.7s remaining=1486
    iter=515 E=-1.8682651775 nfev=525 t=5704.7s remaining=1485
    iter=516 E=-1.8682656208 nfev=526 t=5716.5s remaining=1484
    iter=517 E=-1.8682659585 nfev=527 t=5729.7s remaining=1483
    iter=518 E=-1.8682662306 nfev=528 t=5742.9s remaining=1482
    iter=519 E=-1.8682665286 nfev=529 t=5749.6s remaining=1481
    iter=520 E=-1.8682668820 nfev=530 t=5761.6s remaining=1480
    iter=521 E=-1.8682674033 nfev=531 t=5771.1s remaining=1479
    iter=522 E=-1.8682681518 nfev=532 t=5782.9s remaining=1478
    iter=523 E=-1.8682691383 nfev=533 t=5794.2s remaining=1477
    iter=524 E=-1.8682699398 nfev=534 t=5806.4s remaining=1476
    iter=525 E=-1.8682703685 nfev=535 t=5816.2s remaining=1475
    iter=526 E=-1.8682709091 nfev=536 t=5830.1s remaining=1474
    iter=527 E=-1.8682712200 nfev=537 t=5843.2s remaining=1473
    iter=528 E=-1.8682714740 nfev=538 t=5853.4s remaining=1472
    iter=529 E=-1.8682718017 nfev=539 t=5865.4s remaining=1471
    iter=530 E=-1.8682720804 nfev=540 t=5877.8s remaining=1470
    iter=531 E=-1.8682723834 nfev=541 t=5890.1s remaining=1469
    iter=532 E=-1.8682727877 nfev=542 t=5902.3s remaining=1468
    iter=533 E=-1.8682731444 nfev=543 t=5914.1s remaining=1467
    iter=534 E=-1.8682734262 nfev=544 t=5922.9s remaining=1466
    iter=535 E=-1.8682736668 nfev=545 t=5936.3s remaining=1465
    iter=536 E=-1.8682737904 nfev=546 t=5944.8s remaining=1464
    iter=537 E=-1.8682739077 nfev=547 t=5953.7s remaining=1463
    iter=538 E=-1.8682740058 nfev=548 t=5966.2s remaining=1462
    iter=539 E=-1.8682740966 nfev=549 t=5976.5s remaining=1461
    iter=540 E=-1.8682742429 nfev=550 t=5985.5s remaining=1460
    iter=541 E=-1.8682744150 nfev=551 t=5995.3s remaining=1459
    iter=542 E=-1.8682746529 nfev=552 t=6007.9s remaining=1458
    iter=543 E=-1.8682749309 nfev=553 t=6019.1s remaining=1457
    iter=544 E=-1.8682753155 nfev=554 t=6031.9s remaining=1456
    iter=545 E=-1.8682757643 nfev=555 t=6042.5s remaining=1455
    iter=546 E=-1.8682761288 nfev=556 t=6052.5s remaining=1454
    iter=547 E=-1.8682765782 nfev=557 t=6059.2s remaining=1453
    iter=548 E=-1.8682771318 nfev=558 t=6068.3s remaining=1452
    iter=549 E=-1.8682776240 nfev=559 t=6080.9s remaining=1451
    iter=550 E=-1.8682779199 nfev=561 t=6104.5s remaining=1450
    iter=551 E=-1.8682782156 nfev=562 t=6113.3s remaining=1449
    iter=552 E=-1.8682783741 nfev=564 t=6139.2s remaining=1448
    iter=553 E=-1.8682785238 nfev=565 t=6149.9s remaining=1447
    iter=554 E=-1.8682786923 nfev=566 t=6160.5s remaining=1446
    iter=555 E=-1.8682789132 nfev=567 t=6170.8s remaining=1445
    iter=556 E=-1.8682792318 nfev=568 t=6182.8s remaining=1444
    iter=557 E=-1.8682795953 nfev=569 t=6193.8s remaining=1443
    iter=558 E=-1.8682797879 nfev=570 t=6203.5s remaining=1442
    iter=559 E=-1.8682800174 nfev=571 t=6208.9s remaining=1441
    iter=560 E=-1.8682802643 nfev=572 t=6222.6s remaining=1440
    iter=561 E=-1.8682806262 nfev=573 t=6230.7s remaining=1439
    iter=562 E=-1.8682810629 nfev=574 t=6244.3s remaining=1438
    iter=563 E=-1.8682814430 nfev=575 t=6255.1s remaining=1437
    iter=564 E=-1.8682818458 nfev=576 t=6269.5s remaining=1436
    iter=565 E=-1.8682824006 nfev=577 t=6280.2s remaining=1435
    iter=566 E=-1.8682830817 nfev=578 t=6296.7s remaining=1434
    iter=567 E=-1.8682835694 nfev=579 t=6308.7s remaining=1433
    iter=568 E=-1.8682841319 nfev=580 t=6318.9s remaining=1432
    iter=569 E=-1.8682847572 nfev=581 t=6329.2s remaining=1431
    iter=570 E=-1.8682854367 nfev=582 t=6340.9s remaining=1430
    iter=571 E=-1.8682861055 nfev=583 t=6353.6s remaining=1429
    iter=572 E=-1.8682870427 nfev=584 t=6362.4s remaining=1428
    iter=573 E=-1.8682882558 nfev=585 t=6375.8s remaining=1427
    iter=574 E=-1.8682888575 nfev=586 t=6387.6s remaining=1426
    iter=575 E=-1.8682895664 nfev=587 t=6396.3s remaining=1425
    iter=576 E=-1.8682899489 nfev=588 t=6403.3s remaining=1424
    iter=577 E=-1.8682902835 nfev=589 t=6412.9s remaining=1423
    iter=578 E=-1.8682904910 nfev=590 t=6421.9s remaining=1422
    iter=579 E=-1.8682906686 nfev=591 t=6434.9s remaining=1421
    iter=580 E=-1.8682908011 nfev=592 t=6446.7s remaining=1420
    iter=581 E=-1.8682908706 nfev=593 t=6464.5s remaining=1419
    iter=582 E=-1.8682909414 nfev=594 t=6476.2s remaining=1418
    iter=583 E=-1.8682909932 nfev=595 t=6487.9s remaining=1417
    iter=584 E=-1.8682910486 nfev=596 t=6500.0s remaining=1416
    iter=585 E=-1.8682911307 nfev=597 t=6511.3s remaining=1415
    iter=586 E=-1.8682912541 nfev=598 t=6523.4s remaining=1414
    iter=587 E=-1.8682914326 nfev=599 t=6534.2s remaining=1413
    iter=588 E=-1.8682917132 nfev=600 t=6546.9s remaining=1412
    iter=589 E=-1.8682921512 nfev=601 t=6557.5s remaining=1411
    iter=590 E=-1.8682928250 nfev=602 t=6569.1s remaining=1410
    iter=591 E=-1.8682937692 nfev=603 t=6576.9s remaining=1409
    iter=592 E=-1.8682947132 nfev=604 t=6586.0s remaining=1408
    iter=593 E=-1.8682956757 nfev=605 t=6594.8s remaining=1407
    iter=594 E=-1.8682966096 nfev=606 t=6602.8s remaining=1406
    iter=595 E=-1.8682972313 nfev=607 t=6617.6s remaining=1405
    iter=596 E=-1.8682979977 nfev=608 t=6625.6s remaining=1404
    iter=597 E=-1.8682986559 nfev=609 t=6634.4s remaining=1403
    iter=598 E=-1.8682992492 nfev=610 t=6644.2s remaining=1402
    iter=599 E=-1.8682996034 nfev=612 t=6660.1s remaining=1401
    iter=600 E=-1.8682999527 nfev=613 t=6667.0s remaining=1400
    iter=601 E=-1.8683003091 nfev=614 t=6676.2s remaining=1399
    iter=602 E=-1.8683004284 nfev=615 t=6685.5s remaining=1398
    iter=603 E=-1.8683005387 nfev=616 t=6699.9s remaining=1397
    iter=604 E=-1.8683005928 nfev=617 t=6715.7s remaining=1396
    iter=605 E=-1.8683006403 nfev=618 t=6734.2s remaining=1395
    iter=606 E=-1.8683006843 nfev=619 t=6746.7s remaining=1394
    iter=607 E=-1.8683007372 nfev=620 t=6755.4s remaining=1393
    iter=608 E=-1.8683008058 nfev=621 t=6761.6s remaining=1392
    iter=609 E=-1.8683008903 nfev=622 t=6776.4s remaining=1391
    iter=610 E=-1.8683009902 nfev=623 t=6788.3s remaining=1390
    iter=611 E=-1.8683011040 nfev=624 t=6802.7s remaining=1389
    iter=612 E=-1.8683012153 nfev=625 t=6809.1s remaining=1388
    iter=613 E=-1.8683013128 nfev=626 t=6819.2s remaining=1387
    iter=614 E=-1.8683014079 nfev=627 t=6829.3s remaining=1386
    iter=615 E=-1.8683015160 nfev=628 t=6841.2s remaining=1385
    iter=616 E=-1.8683016524 nfev=629 t=6851.2s remaining=1384
    iter=617 E=-1.8683018238 nfev=630 t=6861.8s remaining=1383
    iter=618 E=-1.8683020051 nfev=631 t=6870.6s remaining=1382
    iter=619 E=-1.8683022900 nfev=632 t=6881.2s remaining=1381
    iter=620 E=-1.8683027565 nfev=633 t=6893.0s remaining=1380
    iter=621 E=-1.8683034603 nfev=634 t=6908.0s remaining=1379
    iter=622 E=-1.8683040669 nfev=635 t=6918.7s remaining=1378
    iter=623 E=-1.8683045076 nfev=636 t=6931.6s remaining=1377
    iter=624 E=-1.8683049286 nfev=637 t=6940.5s remaining=1376
    iter=625 E=-1.8683053554 nfev=638 t=6951.9s remaining=1375
    iter=626 E=-1.8683055155 nfev=639 t=6961.6s remaining=1374
    iter=627 E=-1.8683057851 nfev=640 t=6972.5s remaining=1373
    iter=628 E=-1.8683061698 nfev=641 t=6983.1s remaining=1372
    iter=629 E=-1.8683065035 nfev=642 t=6994.3s remaining=1371
    iter=630 E=-1.8683067112 nfev=643 t=7000.8s remaining=1370
    iter=631 E=-1.8683069277 nfev=644 t=7013.8s remaining=1369
    iter=632 E=-1.8683070651 nfev=645 t=7020.8s remaining=1368
    iter=633 E=-1.8683072089 nfev=646 t=7031.8s remaining=1367
    iter=634 E=-1.8683073772 nfev=647 t=7040.9s remaining=1366
    iter=635 E=-1.8683075729 nfev=648 t=7048.5s remaining=1365
    iter=636 E=-1.8683077313 nfev=649 t=7054.2s remaining=1364
    iter=637 E=-1.8683078886 nfev=650 t=7062.0s remaining=1363
    iter=638 E=-1.8683080426 nfev=651 t=7075.0s remaining=1362
    iter=639 E=-1.8683082294 nfev=652 t=7085.8s remaining=1361
    iter=640 E=-1.8683084382 nfev=653 t=7096.0s remaining=1360
    iter=641 E=-1.8683086250 nfev=654 t=7107.8s remaining=1359
    iter=642 E=-1.8683087541 nfev=655 t=7120.1s remaining=1358
    iter=643 E=-1.8683088761 nfev=656 t=7129.3s remaining=1357
    iter=644 E=-1.8683089853 nfev=657 t=7141.5s remaining=1356
    iter=645 E=-1.8683091089 nfev=658 t=7147.5s remaining=1355
    iter=646 E=-1.8683092090 nfev=659 t=7156.6s remaining=1354
    iter=647 E=-1.8683093157 nfev=660 t=7171.1s remaining=1353
    iter=648 E=-1.8683094410 nfev=661 t=7179.1s remaining=1352
    iter=649 E=-1.8683095641 nfev=662 t=7191.9s remaining=1351
    iter=650 E=-1.8683097699 nfev=663 t=7201.7s remaining=1350
    iter=651 E=-1.8683100770 nfev=664 t=7215.1s remaining=1349
    iter=652 E=-1.8683104639 nfev=665 t=7227.3s remaining=1348
    iter=653 E=-1.8683108689 nfev=666 t=7242.4s remaining=1347
    iter=654 E=-1.8683114075 nfev=667 t=7255.2s remaining=1346
    iter=655 E=-1.8683120399 nfev=668 t=7262.9s remaining=1345
    iter=656 E=-1.8683125513 nfev=669 t=7273.4s remaining=1344
    iter=657 E=-1.8683130039 nfev=670 t=7284.8s remaining=1343
    iter=658 E=-1.8683135520 nfev=671 t=7297.8s remaining=1342
    iter=659 E=-1.8683142023 nfev=672 t=7310.4s remaining=1341
    iter=660 E=-1.8683150113 nfev=673 t=7326.1s remaining=1340
    iter=661 E=-1.8683159300 nfev=674 t=7336.6s remaining=1339
    iter=662 E=-1.8683167491 nfev=675 t=7341.5s remaining=1338
    iter=663 E=-1.8683174704 nfev=676 t=7349.3s remaining=1337
    iter=664 E=-1.8683179595 nfev=677 t=7362.8s remaining=1336
    iter=665 E=-1.8683184094 nfev=678 t=7369.3s remaining=1335
    iter=666 E=-1.8683186740 nfev=679 t=7376.9s remaining=1334
    iter=667 E=-1.8683189619 nfev=680 t=7391.8s remaining=1333
    iter=668 E=-1.8683191143 nfev=681 t=7402.6s remaining=1332
    iter=669 E=-1.8683192740 nfev=682 t=7411.7s remaining=1331
    iter=670 E=-1.8683194721 nfev=683 t=7420.8s remaining=1330
    iter=671 E=-1.8683196332 nfev=684 t=7434.4s remaining=1329
    iter=672 E=-1.8683198056 nfev=685 t=7439.2s remaining=1328
    iter=673 E=-1.8683199887 nfev=686 t=7448.3s remaining=1327
    iter=674 E=-1.8683200755 nfev=687 t=7456.5s remaining=1326
    iter=675 E=-1.8683202277 nfev=688 t=7466.9s remaining=1325
    iter=676 E=-1.8683204269 nfev=689 t=7475.1s remaining=1324
    iter=677 E=-1.8683205476 nfev=690 t=7486.3s remaining=1323
    iter=678 E=-1.8683206629 nfev=691 t=7497.2s remaining=1322
    iter=679 E=-1.8683207918 nfev=692 t=7510.9s remaining=1321
    iter=680 E=-1.8683209290 nfev=693 t=7521.5s remaining=1320
    iter=681 E=-1.8683211021 nfev=694 t=7533.5s remaining=1319
    iter=682 E=-1.8683213471 nfev=695 t=7544.0s remaining=1318
    iter=683 E=-1.8683216248 nfev=696 t=7553.1s remaining=1317
    iter=684 E=-1.8683218909 nfev=697 t=7565.0s remaining=1316
    iter=685 E=-1.8683221968 nfev=698 t=7575.5s remaining=1315
    iter=686 E=-1.8683225560 nfev=699 t=7586.8s remaining=1314
    iter=687 E=-1.8683227055 nfev=700 t=7600.6s remaining=1313
    iter=688 E=-1.8683229500 nfev=701 t=7612.7s remaining=1312
    iter=689 E=-1.8683232936 nfev=702 t=7621.5s remaining=1311
    iter=690 E=-1.8683235287 nfev=703 t=7635.9s remaining=1310
    iter=691 E=-1.8683238430 nfev=704 t=7646.4s remaining=1309
    iter=692 E=-1.8683241694 nfev=705 t=7656.0s remaining=1308
    iter=693 E=-1.8683245624 nfev=706 t=7667.2s remaining=1307
    iter=694 E=-1.8683251222 nfev=707 t=7676.1s remaining=1306
    iter=695 E=-1.8683257076 nfev=708 t=7685.2s remaining=1305
    iter=696 E=-1.8683263379 nfev=709 t=7697.6s remaining=1304
    iter=697 E=-1.8683270389 nfev=710 t=7708.7s remaining=1303
    iter=698 E=-1.8683271605 nfev=711 t=7716.7s remaining=1302
    iter=699 E=-1.8683273890 nfev=712 t=7728.0s remaining=1301
    iter=700 E=-1.8683277686 nfev=713 t=7733.8s remaining=1300
    iter=701 E=-1.8683281453 nfev=714 t=7743.9s remaining=1299
    iter=702 E=-1.8683282955 nfev=715 t=7755.2s remaining=1298
    iter=703 E=-1.8683285066 nfev=716 t=7764.8s remaining=1297
    iter=704 E=-1.8683288216 nfev=717 t=7775.8s remaining=1296
    iter=705 E=-1.8683292161 nfev=718 t=7784.5s remaining=1295
    iter=706 E=-1.8683295674 nfev=719 t=7797.3s remaining=1294
    iter=707 E=-1.8683298755 nfev=720 t=7806.3s remaining=1293
    iter=708 E=-1.8683302970 nfev=721 t=7817.5s remaining=1292
    iter=709 E=-1.8683309720 nfev=722 t=7826.2s remaining=1291
    iter=710 E=-1.8683318430 nfev=723 t=7838.6s remaining=1290
    iter=711 E=-1.8683323975 nfev=724 t=7854.7s remaining=1289
    iter=712 E=-1.8683328684 nfev=725 t=7864.9s remaining=1288
    iter=713 E=-1.8683331651 nfev=726 t=7874.9s remaining=1287
    iter=714 E=-1.8683333686 nfev=727 t=7886.7s remaining=1286
    iter=715 E=-1.8683336560 nfev=728 t=7901.6s remaining=1285
    iter=716 E=-1.8683339603 nfev=729 t=7913.1s remaining=1284
    iter=717 E=-1.8683341643 nfev=730 t=7926.5s remaining=1283
    iter=718 E=-1.8683343803 nfev=731 t=7938.4s remaining=1282
    iter=719 E=-1.8683345827 nfev=732 t=7954.2s remaining=1281
    iter=720 E=-1.8683347713 nfev=733 t=7964.6s remaining=1280
    iter=721 E=-1.8683350119 nfev=734 t=7977.4s remaining=1279
    iter=722 E=-1.8683351960 nfev=735 t=7988.6s remaining=1278
    iter=723 E=-1.8683353677 nfev=736 t=8000.0s remaining=1277
    iter=724 E=-1.8683355220 nfev=737 t=8011.4s remaining=1276
    iter=725 E=-1.8683356602 nfev=738 t=8022.5s remaining=1275
    iter=726 E=-1.8683358020 nfev=739 t=8034.5s remaining=1274
    iter=727 E=-1.8683359613 nfev=740 t=8049.0s remaining=1273
    iter=728 E=-1.8683361610 nfev=741 t=8060.2s remaining=1272
    iter=729 E=-1.8683363668 nfev=742 t=8069.5s remaining=1271
    iter=730 E=-1.8683366015 nfev=743 t=8082.7s remaining=1270
    iter=731 E=-1.8683368567 nfev=744 t=8095.2s remaining=1269
    iter=732 E=-1.8683371755 nfev=745 t=8106.8s remaining=1268
    iter=733 E=-1.8683376763 nfev=746 t=8120.9s remaining=1267
    iter=734 E=-1.8683383862 nfev=747 t=8133.0s remaining=1266
    iter=735 E=-1.8683386044 nfev=748 t=8142.7s remaining=1265
    iter=736 E=-1.8683389996 nfev=749 t=8158.0s remaining=1264
    iter=737 E=-1.8683396668 nfev=750 t=8167.8s remaining=1263
    iter=738 E=-1.8683405236 nfev=751 t=8179.7s remaining=1262
    iter=739 E=-1.8683407392 nfev=752 t=8188.5s remaining=1261
    iter=740 E=-1.8683410411 nfev=753 t=8198.8s remaining=1260
    iter=741 E=-1.8683414625 nfev=754 t=8207.9s remaining=1259
    iter=742 E=-1.8683418506 nfev=755 t=8219.8s remaining=1258
    iter=743 E=-1.8683421598 nfev=756 t=8230.0s remaining=1257
    iter=744 E=-1.8683424253 nfev=757 t=8238.3s remaining=1256
    iter=745 E=-1.8683426852 nfev=758 t=8251.0s remaining=1255
    iter=746 E=-1.8683429353 nfev=759 t=8261.9s remaining=1254
    iter=747 E=-1.8683432620 nfev=760 t=8274.5s remaining=1253
    iter=748 E=-1.8683435841 nfev=761 t=8282.7s remaining=1252
    iter=749 E=-1.8683438493 nfev=762 t=8291.3s remaining=1251
    iter=750 E=-1.8683441048 nfev=763 t=8305.8s remaining=1250
    iter=751 E=-1.8683444018 nfev=764 t=8315.2s remaining=1249
    iter=752 E=-1.8683446592 nfev=765 t=8325.8s remaining=1248
    iter=753 E=-1.8683447718 nfev=766 t=8341.2s remaining=1247
    iter=754 E=-1.8683449080 nfev=767 t=8353.1s remaining=1246
    iter=755 E=-1.8683450258 nfev=768 t=8360.7s remaining=1245
    iter=756 E=-1.8683451450 nfev=769 t=8371.6s remaining=1244
    iter=757 E=-1.8683453222 nfev=770 t=8384.0s remaining=1243
    iter=758 E=-1.8683455602 nfev=771 t=8396.3s remaining=1242
    iter=759 E=-1.8683457898 nfev=772 t=8406.9s remaining=1241
    iter=760 E=-1.8683459633 nfev=773 t=8419.1s remaining=1240
    iter=761 E=-1.8683461364 nfev=774 t=8429.9s remaining=1239
    iter=762 E=-1.8683463011 nfev=775 t=8439.8s remaining=1238
    iter=763 E=-1.8683464727 nfev=776 t=8448.8s remaining=1237
    iter=764 E=-1.8683466541 nfev=777 t=8461.3s remaining=1236
    iter=765 E=-1.8683468275 nfev=778 t=8474.6s remaining=1235
    iter=766 E=-1.8683469646 nfev=779 t=8483.2s remaining=1234
    iter=767 E=-1.8683470580 nfev=780 t=8495.5s remaining=1233
    iter=768 E=-1.8683471078 nfev=781 t=8509.8s remaining=1232
    iter=769 E=-1.8683471438 nfev=782 t=8525.0s remaining=1231
    iter=770 E=-1.8683471875 nfev=783 t=8535.0s remaining=1230
    iter=771 E=-1.8683472380 nfev=784 t=8547.4s remaining=1229
    iter=772 E=-1.8683473041 nfev=785 t=8558.2s remaining=1228
    iter=773 E=-1.8683473877 nfev=786 t=8570.8s remaining=1227
    iter=774 E=-1.8683474978 nfev=787 t=8578.1s remaining=1226
    iter=775 E=-1.8683476316 nfev=788 t=8589.1s remaining=1225
    iter=776 E=-1.8683478092 nfev=789 t=8599.2s remaining=1224
    iter=777 E=-1.8683480649 nfev=790 t=8614.8s remaining=1223
    iter=778 E=-1.8683484446 nfev=791 t=8629.7s remaining=1222
    iter=779 E=-1.8683488114 nfev=792 t=8643.1s remaining=1221
    iter=780 E=-1.8683492360 nfev=793 t=8654.6s remaining=1220
    iter=781 E=-1.8683499686 nfev=794 t=8665.6s remaining=1219
    iter=782 E=-1.8683511785 nfev=795 t=8677.1s remaining=1218
    iter=783 E=-1.8683527822 nfev=796 t=8688.0s remaining=1217
    iter=784 E=-1.8683537085 nfev=797 t=8701.6s remaining=1216
    iter=785 E=-1.8683545377 nfev=798 t=8714.0s remaining=1215
    iter=786 E=-1.8683550687 nfev=799 t=8725.2s remaining=1214
    iter=787 E=-1.8683553491 nfev=800 t=8732.5s remaining=1213
    iter=788 E=-1.8683557583 nfev=801 t=8739.9s remaining=1212
    iter=789 E=-1.8683560868 nfev=802 t=8749.7s remaining=1211
    iter=790 E=-1.8683564566 nfev=803 t=8763.5s remaining=1210
    iter=791 E=-1.8683567447 nfev=804 t=8778.3s remaining=1209
    iter=792 E=-1.8683567972 nfev=805 t=8790.3s remaining=1208
    iter=793 E=-1.8683568998 nfev=806 t=8799.8s remaining=1207
    iter=794 E=-1.8683570779 nfev=807 t=8806.5s remaining=1206
    iter=795 E=-1.8683572045 nfev=808 t=8819.9s remaining=1205
    iter=796 E=-1.8683572691 nfev=809 t=8829.8s remaining=1204
    iter=797 E=-1.8683573397 nfev=810 t=8840.8s remaining=1203
    iter=798 E=-1.8683574267 nfev=811 t=8852.1s remaining=1202
    iter=799 E=-1.8683574872 nfev=812 t=8862.2s remaining=1201
    iter=800 E=-1.8683575590 nfev=813 t=8874.8s remaining=1200
    iter=801 E=-1.8683576267 nfev=814 t=8887.9s remaining=1199
    iter=802 E=-1.8683576914 nfev=815 t=8901.5s remaining=1198
    iter=803 E=-1.8683577381 nfev=816 t=8911.9s remaining=1197
    iter=804 E=-1.8683577910 nfev=817 t=8923.0s remaining=1196
    iter=805 E=-1.8683578464 nfev=818 t=8934.3s remaining=1195
    iter=806 E=-1.8683579309 nfev=819 t=8944.5s remaining=1194
    iter=807 E=-1.8683580512 nfev=820 t=8955.5s remaining=1193
    iter=808 E=-1.8683582147 nfev=821 t=8964.9s remaining=1192
    iter=809 E=-1.8683584007 nfev=822 t=8975.3s remaining=1191
    iter=810 E=-1.8683586769 nfev=823 t=8985.9s remaining=1190
    iter=811 E=-1.8683590286 nfev=824 t=8996.3s remaining=1189
    iter=812 E=-1.8683594218 nfev=825 t=9012.8s remaining=1188
    iter=813 E=-1.8683598413 nfev=826 t=9023.7s remaining=1187
    iter=814 E=-1.8683603409 nfev=827 t=9033.0s remaining=1186
    iter=815 E=-1.8683608401 nfev=828 t=9044.0s remaining=1185
    iter=816 E=-1.8683614849 nfev=829 t=9056.1s remaining=1184
    iter=817 E=-1.8683623782 nfev=830 t=9065.8s remaining=1183
    iter=818 E=-1.8683633943 nfev=831 t=9076.8s remaining=1182
    iter=819 E=-1.8683643202 nfev=832 t=9086.9s remaining=1181
    iter=820 E=-1.8683654669 nfev=833 t=9099.6s remaining=1180
    iter=821 E=-1.8683662076 nfev=834 t=9111.4s remaining=1179
    iter=822 E=-1.8683670646 nfev=835 t=9124.0s remaining=1178
    iter=823 E=-1.8683677620 nfev=836 t=9127.9s remaining=1177
    iter=824 E=-1.8683681809 nfev=837 t=9128.9s remaining=1176
    iter=825 E=-1.8683687869 nfev=838 t=9130.0s remaining=1175
    iter=826 E=-1.8683689291 nfev=839 t=9131.1s remaining=1174
    iter=827 E=-1.8683691731 nfev=840 t=9132.2s remaining=1173
    iter=828 E=-1.8683695016 nfev=841 t=9133.4s remaining=1172
    iter=829 E=-1.8683697002 nfev=842 t=9134.4s remaining=1171
    iter=830 E=-1.8683698551 nfev=843 t=9135.4s remaining=1170
    iter=831 E=-1.8683699994 nfev=844 t=9136.5s remaining=1169
    iter=832 E=-1.8683701362 nfev=845 t=9137.6s remaining=1168
    iter=833 E=-1.8683702654 nfev=846 t=9138.6s remaining=1167
    iter=834 E=-1.8683703638 nfev=847 t=9139.8s remaining=1166
    iter=835 E=-1.8683704837 nfev=848 t=9140.8s remaining=1165
    iter=836 E=-1.8683706271 nfev=849 t=9141.8s remaining=1164
    iter=837 E=-1.8683708001 nfev=850 t=9142.9s remaining=1163
    iter=838 E=-1.8683709866 nfev=851 t=9143.9s remaining=1162
    iter=839 E=-1.8683711399 nfev=852 t=9145.0s remaining=1161
    iter=840 E=-1.8683712657 nfev=853 t=9146.1s remaining=1160
    iter=841 E=-1.8683713506 nfev=854 t=9147.2s remaining=1159
    iter=842 E=-1.8683714092 nfev=855 t=9148.3s remaining=1158
    iter=843 E=-1.8683714494 nfev=856 t=9149.3s remaining=1157
    iter=844 E=-1.8683714924 nfev=857 t=9150.4s remaining=1156
    iter=845 E=-1.8683715351 nfev=858 t=9151.5s remaining=1155
    iter=846 E=-1.8683716047 nfev=859 t=9152.5s remaining=1154
    iter=847 E=-1.8683717191 nfev=860 t=9153.6s remaining=1153
    iter=848 E=-1.8683718822 nfev=861 t=9154.6s remaining=1152
    iter=849 E=-1.8683721014 nfev=862 t=9155.7s remaining=1151
    iter=850 E=-1.8683724597 nfev=863 t=9156.7s remaining=1150
    iter=851 E=-1.8683729975 nfev=864 t=9157.7s remaining=1149
    iter=852 E=-1.8683735977 nfev=865 t=9158.7s remaining=1148
    iter=853 E=-1.8683742820 nfev=866 t=9159.8s remaining=1147
    iter=854 E=-1.8683750534 nfev=867 t=9160.7s remaining=1146
    iter=855 E=-1.8683757368 nfev=868 t=9161.8s remaining=1145
    iter=856 E=-1.8683765369 nfev=869 t=9162.7s remaining=1144
    iter=857 E=-1.8683770464 nfev=870 t=9163.8s remaining=1143
    iter=858 E=-1.8683777024 nfev=871 t=9164.8s remaining=1142
    iter=859 E=-1.8683783167 nfev=872 t=9165.9s remaining=1141
    iter=860 E=-1.8683788480 nfev=873 t=9167.0s remaining=1140
    iter=861 E=-1.8683795107 nfev=874 t=9168.1s remaining=1139
    iter=862 E=-1.8683800709 nfev=875 t=9169.2s remaining=1138
    iter=863 E=-1.8683806830 nfev=876 t=9170.4s remaining=1137
    iter=864 E=-1.8683809532 nfev=877 t=9171.5s remaining=1136
    iter=865 E=-1.8683813844 nfev=878 t=9172.5s remaining=1135
    iter=866 E=-1.8683819205 nfev=879 t=9173.7s remaining=1134
    iter=867 E=-1.8683821102 nfev=880 t=9174.9s remaining=1133
    iter=868 E=-1.8683823877 nfev=881 t=9175.9s remaining=1132
    iter=869 E=-1.8683827014 nfev=882 t=9176.9s remaining=1131
    iter=870 E=-1.8683828184 nfev=883 t=9178.0s remaining=1130
    iter=871 E=-1.8683829489 nfev=884 t=9179.1s remaining=1129
    iter=872 E=-1.8683831074 nfev=885 t=9180.1s remaining=1128
    iter=873 E=-1.8683832863 nfev=886 t=9181.2s remaining=1127
    iter=874 E=-1.8683834781 nfev=887 t=9182.2s remaining=1126
    iter=875 E=-1.8683836437 nfev=888 t=9183.4s remaining=1125
    iter=876 E=-1.8683837866 nfev=889 t=9184.4s remaining=1124
    iter=877 E=-1.8683838837 nfev=890 t=9185.4s remaining=1123
    iter=878 E=-1.8683840020 nfev=891 t=9186.4s remaining=1122
    iter=879 E=-1.8683841335 nfev=892 t=9187.4s remaining=1121
    iter=880 E=-1.8683842804 nfev=893 t=9188.4s remaining=1120
    iter=881 E=-1.8683844372 nfev=894 t=9189.5s remaining=1119
    iter=882 E=-1.8683846313 nfev=895 t=9190.5s remaining=1118
    iter=883 E=-1.8683847699 nfev=896 t=9191.5s remaining=1117
    iter=884 E=-1.8683849223 nfev=897 t=9192.5s remaining=1116
    iter=885 E=-1.8683850767 nfev=898 t=9193.5s remaining=1115
    iter=886 E=-1.8683852110 nfev=899 t=9194.5s remaining=1114
    iter=887 E=-1.8683853392 nfev=900 t=9195.5s remaining=1113
    iter=888 E=-1.8683854883 nfev=901 t=9196.5s remaining=1112
    iter=889 E=-1.8683856261 nfev=902 t=9197.5s remaining=1111
    iter=890 E=-1.8683857181 nfev=903 t=9198.5s remaining=1110
    iter=891 E=-1.8683858546 nfev=904 t=9199.5s remaining=1109
    iter=892 E=-1.8683860559 nfev=905 t=9200.5s remaining=1108
    iter=893 E=-1.8683863754 nfev=906 t=9201.6s remaining=1107
    iter=894 E=-1.8683868434 nfev=907 t=9202.6s remaining=1106
    iter=895 E=-1.8683874859 nfev=908 t=9203.7s remaining=1105
    iter=896 E=-1.8683883039 nfev=909 t=9204.7s remaining=1104
    iter=897 E=-1.8683892856 nfev=910 t=9205.7s remaining=1103
    iter=898 E=-1.8683901463 nfev=911 t=9206.8s remaining=1102
    iter=899 E=-1.8683905424 nfev=913 t=9208.8s remaining=1101
    iter=900 E=-1.8683908993 nfev=914 t=9209.8s remaining=1100
    iter=901 E=-1.8683912575 nfev=915 t=9210.9s remaining=1099
    iter=902 E=-1.8683916925 nfev=916 t=9211.9s remaining=1098
    iter=903 E=-1.8683922060 nfev=917 t=9213.0s remaining=1097
    iter=904 E=-1.8683925782 nfev=918 t=9214.0s remaining=1096
    iter=905 E=-1.8683929420 nfev=919 t=9215.0s remaining=1095
    iter=906 E=-1.8683932305 nfev=920 t=9216.0s remaining=1094
    iter=907 E=-1.8683935156 nfev=921 t=9217.1s remaining=1093
    iter=908 E=-1.8683936871 nfev=922 t=9218.2s remaining=1092
    iter=909 E=-1.8683938970 nfev=923 t=9219.3s remaining=1091
    iter=910 E=-1.8683940980 nfev=924 t=9220.3s remaining=1090
    iter=911 E=-1.8683943426 nfev=925 t=9221.4s remaining=1089
    iter=912 E=-1.8683945881 nfev=926 t=9222.4s remaining=1088
    iter=913 E=-1.8683948295 nfev=927 t=9223.5s remaining=1087
    iter=914 E=-1.8683951497 nfev=928 t=9224.5s remaining=1086
    iter=915 E=-1.8683955334 nfev=929 t=9225.5s remaining=1085
    iter=916 E=-1.8683958033 nfev=930 t=9226.5s remaining=1084
    iter=917 E=-1.8683959951 nfev=931 t=9227.5s remaining=1083
    iter=918 E=-1.8683961681 nfev=932 t=9228.5s remaining=1082
    iter=919 E=-1.8683962863 nfev=933 t=9229.5s remaining=1081
    iter=920 E=-1.8683963577 nfev=934 t=9230.5s remaining=1080
    iter=921 E=-1.8683964683 nfev=935 t=9231.6s remaining=1079
    iter=922 E=-1.8683965971 nfev=936 t=9232.7s remaining=1078
    iter=923 E=-1.8683967289 nfev=937 t=9234.1s remaining=1077
    iter=924 E=-1.8683968132 nfev=938 t=9235.1s remaining=1076
    iter=925 E=-1.8683969049 nfev=939 t=9236.2s remaining=1075
    iter=926 E=-1.8683970125 nfev=940 t=9237.4s remaining=1074
    iter=927 E=-1.8683971465 nfev=941 t=9238.4s remaining=1073
    iter=928 E=-1.8683973017 nfev=942 t=9239.4s remaining=1072
    iter=929 E=-1.8683975115 nfev=943 t=9240.5s remaining=1071
    iter=930 E=-1.8683977921 nfev=944 t=9241.6s remaining=1070
    iter=931 E=-1.8683981252 nfev=945 t=9242.7s remaining=1069
    iter=932 E=-1.8683983986 nfev=946 t=9243.7s remaining=1068
    iter=933 E=-1.8683986023 nfev=947 t=9244.7s remaining=1067
    iter=934 E=-1.8683987232 nfev=948 t=9245.7s remaining=1066
    iter=935 E=-1.8683988647 nfev=949 t=9246.7s remaining=1065
    iter=936 E=-1.8683990006 nfev=950 t=9247.8s remaining=1064
    iter=937 E=-1.8683991235 nfev=951 t=9248.8s remaining=1063
    iter=938 E=-1.8683992688 nfev=952 t=9249.9s remaining=1062
    iter=939 E=-1.8683993664 nfev=953 t=9251.0s remaining=1061
    iter=940 E=-1.8683994616 nfev=954 t=9252.0s remaining=1060
    iter=941 E=-1.8683995846 nfev=955 t=9253.2s remaining=1059
    iter=942 E=-1.8683997164 nfev=956 t=9254.3s remaining=1058
    iter=943 E=-1.8683998399 nfev=957 t=9255.3s remaining=1057
    iter=944 E=-1.8683999193 nfev=958 t=9256.3s remaining=1056
    iter=945 E=-1.8684000339 nfev=959 t=9257.3s remaining=1055
    iter=946 E=-1.8684001876 nfev=960 t=9258.5s remaining=1054
    iter=947 E=-1.8684003823 nfev=961 t=9259.7s remaining=1053
    iter=948 E=-1.8684005641 nfev=962 t=9260.7s remaining=1052
    iter=949 E=-1.8684008380 nfev=963 t=9261.7s remaining=1051
    iter=950 E=-1.8684012139 nfev=964 t=9262.8s remaining=1050
    iter=951 E=-1.8684016073 nfev=965 t=9263.8s remaining=1049
    iter=952 E=-1.8684021022 nfev=966 t=9264.8s remaining=1048
    iter=953 E=-1.8684026709 nfev=967 t=9265.8s remaining=1047
    iter=954 E=-1.8684031944 nfev=968 t=9266.9s remaining=1046
    iter=955 E=-1.8684035244 nfev=969 t=9267.9s remaining=1045
    iter=956 E=-1.8684038931 nfev=970 t=9269.0s remaining=1044
    iter=957 E=-1.8684042713 nfev=971 t=9270.1s remaining=1043
    iter=958 E=-1.8684045518 nfev=972 t=9271.1s remaining=1042
    iter=959 E=-1.8684047728 nfev=973 t=9272.2s remaining=1041
    iter=960 E=-1.8684049540 nfev=974 t=9273.2s remaining=1040
    iter=961 E=-1.8684051243 nfev=975 t=9274.3s remaining=1039
    iter=962 E=-1.8684052977 nfev=976 t=9275.4s remaining=1038
    iter=963 E=-1.8684055122 nfev=977 t=9276.4s remaining=1037
    iter=964 E=-1.8684057544 nfev=978 t=9277.4s remaining=1036
    iter=965 E=-1.8684059649 nfev=979 t=9278.6s remaining=1035
    iter=966 E=-1.8684060977 nfev=980 t=9279.6s remaining=1034
    iter=967 E=-1.8684062360 nfev=981 t=9280.6s remaining=1033
    iter=968 E=-1.8684063351 nfev=982 t=9281.6s remaining=1032
    iter=969 E=-1.8684064330 nfev=983 t=9282.6s remaining=1031
    iter=970 E=-1.8684065249 nfev=984 t=9283.8s remaining=1030
    iter=971 E=-1.8684066021 nfev=985 t=9284.8s remaining=1029
    iter=972 E=-1.8684066763 nfev=986 t=9285.8s remaining=1028
    iter=973 E=-1.8684067760 nfev=987 t=9286.9s remaining=1027
    iter=974 E=-1.8684068699 nfev=988 t=9287.9s remaining=1026
    iter=975 E=-1.8684069165 nfev=989 t=9288.9s remaining=1025
    iter=976 E=-1.8684069740 nfev=990 t=9289.9s remaining=1024
    iter=977 E=-1.8684070460 nfev=991 t=9290.9s remaining=1023
    iter=978 E=-1.8684071174 nfev=992 t=9291.9s remaining=1022
    iter=979 E=-1.8684072000 nfev=993 t=9293.1s remaining=1021
    iter=980 E=-1.8684072686 nfev=994 t=9294.2s remaining=1020
    iter=981 E=-1.8684073263 nfev=995 t=9297.0s remaining=1019
    iter=982 E=-1.8684073900 nfev=996 t=9304.4s remaining=1018
    iter=983 E=-1.8684074783 nfev=997 t=9315.1s remaining=1017
    iter=984 E=-1.8684075926 nfev=998 t=9330.6s remaining=1016
    iter=985 E=-1.8684077489 nfev=999 t=9342.6s remaining=1015
    iter=986 E=-1.8684079245 nfev=1000 t=9357.4s remaining=1014
    iter=987 E=-1.8684081009 nfev=1001 t=9373.6s remaining=1013
    iter=988 E=-1.8684082620 nfev=1002 t=9388.7s remaining=1012
    iter=989 E=-1.8684084398 nfev=1003 t=9402.2s remaining=1011
    iter=990 E=-1.8684086748 nfev=1004 t=9411.9s remaining=1010
    iter=991 E=-1.8684090015 nfev=1005 t=9430.6s remaining=1009
    iter=992 E=-1.8684094308 nfev=1006 t=9442.8s remaining=1008
    iter=993 E=-1.8684098437 nfev=1007 t=9450.4s remaining=1007
    iter=994 E=-1.8684102035 nfev=1008 t=9460.0s remaining=1006
    iter=995 E=-1.8684104733 nfev=1009 t=9472.4s remaining=1005
    iter=996 E=-1.8684107595 nfev=1010 t=9483.8s remaining=1004
    iter=997 E=-1.8684109316 nfev=1011 t=9493.7s remaining=1003
    iter=998 E=-1.8684110734 nfev=1012 t=9498.7s remaining=1002
    iter=999 E=-1.8684111504 nfev=1013 t=9509.5s remaining=1001
    iter=1000 E=-1.8684112403 nfev=1014 t=9521.1s remaining=1000
    iter=1001 E=-1.8684113264 nfev=1015 t=9528.9s remaining=999
    iter=1002 E=-1.8684114265 nfev=1016 t=9540.2s remaining=998
    iter=1003 E=-1.8684115591 nfev=1017 t=9550.4s remaining=997
    iter=1004 E=-1.8684116742 nfev=1018 t=9561.3s remaining=996
    iter=1005 E=-1.8684117394 nfev=1019 t=9576.7s remaining=995
    iter=1006 E=-1.8684118117 nfev=1020 t=9589.1s remaining=994
    iter=1007 E=-1.8684119183 nfev=1021 t=9601.5s remaining=993
    iter=1008 E=-1.8684120662 nfev=1022 t=9617.0s remaining=992
    iter=1009 E=-1.8684122778 nfev=1023 t=9629.4s remaining=991
    iter=1010 E=-1.8684125791 nfev=1024 t=9643.8s remaining=990
    iter=1011 E=-1.8684129985 nfev=1025 t=9656.9s remaining=989
    iter=1012 E=-1.8684134779 nfev=1026 t=9671.3s remaining=988
    iter=1013 E=-1.8684138293 nfev=1027 t=9685.8s remaining=987
    iter=1014 E=-1.8684142128 nfev=1028 t=9700.7s remaining=986
    iter=1015 E=-1.8684143431 nfev=1029 t=9707.5s remaining=985
    iter=1016 E=-1.8684144675 nfev=1030 t=9722.8s remaining=984
    iter=1017 E=-1.8684145750 nfev=1031 t=9739.9s remaining=983
    iter=1018 E=-1.8684146607 nfev=1032 t=9747.2s remaining=982
    iter=1019 E=-1.8684147506 nfev=1033 t=9748.2s remaining=981
    iter=1020 E=-1.8684148211 nfev=1034 t=9749.3s remaining=980
    iter=1021 E=-1.8684149029 nfev=1035 t=9750.4s remaining=979
    iter=1022 E=-1.8684150097 nfev=1036 t=9751.4s remaining=978
    iter=1023 E=-1.8684151526 nfev=1037 t=9752.4s remaining=977
    iter=1024 E=-1.8684153218 nfev=1038 t=9753.4s remaining=976
    iter=1025 E=-1.8684154716 nfev=1039 t=9754.4s remaining=975
    iter=1026 E=-1.8684156401 nfev=1040 t=9755.4s remaining=974
    iter=1027 E=-1.8684157217 nfev=1041 t=9756.6s remaining=973
    iter=1028 E=-1.8684158216 nfev=1042 t=9757.6s remaining=972
    iter=1029 E=-1.8684158949 nfev=1043 t=9758.7s remaining=971
    iter=1030 E=-1.8684159340 nfev=1044 t=9759.8s remaining=970
    iter=1031 E=-1.8684159730 nfev=1045 t=9760.9s remaining=969
    iter=1032 E=-1.8684160125 nfev=1046 t=9761.9s remaining=968
    iter=1033 E=-1.8684160437 nfev=1047 t=9762.9s remaining=967
    iter=1034 E=-1.8684160729 nfev=1048 t=9764.1s remaining=966
    iter=1035 E=-1.8684160985 nfev=1049 t=9765.2s remaining=965
    iter=1036 E=-1.8684161276 nfev=1050 t=9766.3s remaining=964
    iter=1037 E=-1.8684161646 nfev=1051 t=9767.3s remaining=963
    iter=1038 E=-1.8684162180 nfev=1052 t=9768.4s remaining=962
    iter=1039 E=-1.8684162916 nfev=1053 t=9769.5s remaining=961
    iter=1040 E=-1.8684163980 nfev=1054 t=9770.7s remaining=960
    iter=1041 E=-1.8684164741 nfev=1055 t=9771.8s remaining=959
    iter=1042 E=-1.8684165807 nfev=1056 t=9772.9s remaining=958
    iter=1043 E=-1.8684167149 nfev=1057 t=9774.0s remaining=957
    iter=1044 E=-1.8684169359 nfev=1058 t=9775.1s remaining=956
    iter=1045 E=-1.8684171318 nfev=1059 t=9776.3s remaining=955
    iter=1046 E=-1.8684173803 nfev=1060 t=9777.4s remaining=954
    iter=1047 E=-1.8684177550 nfev=1061 t=9778.5s remaining=953
    iter=1048 E=-1.8684181516 nfev=1062 t=9779.5s remaining=952
    iter=1049 E=-1.8684183837 nfev=1063 t=9780.5s remaining=951
    iter=1050 E=-1.8684186061 nfev=1064 t=9781.6s remaining=950
    iter=1051 E=-1.8684188635 nfev=1065 t=9782.6s remaining=949
    iter=1052 E=-1.8684190663 nfev=1066 t=9783.6s remaining=948
    iter=1053 E=-1.8684192764 nfev=1067 t=9784.6s remaining=947
    iter=1054 E=-1.8684194992 nfev=1068 t=9785.7s remaining=946
    iter=1055 E=-1.8684196789 nfev=1069 t=9786.7s remaining=945
    iter=1056 E=-1.8684199160 nfev=1070 t=9787.7s remaining=944
    iter=1057 E=-1.8684201850 nfev=1071 t=9788.8s remaining=943
    iter=1058 E=-1.8684203626 nfev=1072 t=9789.8s remaining=942
    iter=1059 E=-1.8684205247 nfev=1073 t=9790.8s remaining=941
    iter=1060 E=-1.8684206974 nfev=1074 t=9791.8s remaining=940
    iter=1061 E=-1.8684208053 nfev=1075 t=9792.8s remaining=939
    iter=1062 E=-1.8684208992 nfev=1076 t=9793.8s remaining=938
    iter=1063 E=-1.8684209598 nfev=1077 t=9794.8s remaining=937
    iter=1064 E=-1.8684209948 nfev=1078 t=9795.9s remaining=936
    iter=1065 E=-1.8684210198 nfev=1079 t=9796.9s remaining=935
    iter=1066 E=-1.8684210477 nfev=1080 t=9797.9s remaining=934
    iter=1067 E=-1.8684210885 nfev=1081 t=9798.9s remaining=933
    iter=1068 E=-1.8684211267 nfev=1082 t=9800.0s remaining=932
    iter=1069 E=-1.8684211859 nfev=1083 t=9801.2s remaining=931
    iter=1070 E=-1.8684212595 nfev=1084 t=9802.3s remaining=930
    iter=1071 E=-1.8684213268 nfev=1085 t=9803.3s remaining=929
    iter=1072 E=-1.8684213873 nfev=1086 t=9804.3s remaining=928
    iter=1073 E=-1.8684214587 nfev=1087 t=9805.4s remaining=927
    iter=1074 E=-1.8684215635 nfev=1088 t=9806.5s remaining=926
    iter=1075 E=-1.8684217280 nfev=1089 t=9807.5s remaining=925
    iter=1076 E=-1.8684219665 nfev=1090 t=9808.6s remaining=924
    iter=1077 E=-1.8684221944 nfev=1091 t=9809.8s remaining=923
    iter=1078 E=-1.8684223430 nfev=1092 t=9810.9s remaining=922
    iter=1079 E=-1.8684224841 nfev=1093 t=9812.1s remaining=921
    iter=1080 E=-1.8684225737 nfev=1094 t=9813.2s remaining=920
    iter=1081 E=-1.8684226480 nfev=1095 t=9814.4s remaining=919
    iter=1082 E=-1.8684227350 nfev=1096 t=9815.5s remaining=918
    iter=1083 E=-1.8684228109 nfev=1097 t=9816.7s remaining=917
    iter=1084 E=-1.8684228979 nfev=1098 t=9817.8s remaining=916
    iter=1085 E=-1.8684229862 nfev=1099 t=9818.9s remaining=915
    iter=1086 E=-1.8684231101 nfev=1100 t=9820.1s remaining=914
    iter=1087 E=-1.8684232559 nfev=1101 t=9821.2s remaining=913
    iter=1088 E=-1.8684233860 nfev=1102 t=9822.3s remaining=912
    iter=1089 E=-1.8684235305 nfev=1103 t=9823.5s remaining=911
    iter=1090 E=-1.8684237255 nfev=1104 t=9824.6s remaining=910
    iter=1091 E=-1.8684239559 nfev=1105 t=9825.8s remaining=909
    iter=1092 E=-1.8684241710 nfev=1106 t=9826.9s remaining=908
    iter=1093 E=-1.8684243031 nfev=1107 t=9828.0s remaining=907
    iter=1094 E=-1.8684244418 nfev=1108 t=9829.2s remaining=906
    iter=1095 E=-1.8684245371 nfev=1109 t=9830.3s remaining=905
    iter=1096 E=-1.8684246168 nfev=1110 t=9831.5s remaining=904
    iter=1097 E=-1.8684246982 nfev=1111 t=9832.6s remaining=903
    iter=1098 E=-1.8684247848 nfev=1112 t=9833.7s remaining=902
    iter=1099 E=-1.8684248478 nfev=1113 t=9834.9s remaining=901
    iter=1100 E=-1.8684249049 nfev=1114 t=9836.0s remaining=900
    iter=1101 E=-1.8684249700 nfev=1115 t=9837.1s remaining=899
    iter=1102 E=-1.8684249966 nfev=1116 t=9838.3s remaining=898
    iter=1103 E=-1.8684250291 nfev=1117 t=9839.4s remaining=897
    iter=1104 E=-1.8684250645 nfev=1118 t=9840.6s remaining=896
    iter=1105 E=-1.8684251017 nfev=1119 t=9841.7s remaining=895
    iter=1106 E=-1.8684251395 nfev=1120 t=9842.8s remaining=894
    iter=1107 E=-1.8684251830 nfev=1121 t=9844.0s remaining=893
    iter=1108 E=-1.8684252369 nfev=1122 t=9845.1s remaining=892
    iter=1109 E=-1.8684252979 nfev=1123 t=9846.2s remaining=891
    iter=1110 E=-1.8684253690 nfev=1124 t=9847.4s remaining=890
    iter=1111 E=-1.8684254436 nfev=1125 t=9848.5s remaining=889
    iter=1112 E=-1.8684255249 nfev=1126 t=9849.6s remaining=888
    iter=1113 E=-1.8684256113 nfev=1127 t=9850.8s remaining=887
    iter=1114 E=-1.8684257120 nfev=1128 t=9851.9s remaining=886
    iter=1115 E=-1.8684258168 nfev=1129 t=9853.1s remaining=885
    iter=1116 E=-1.8684259480 nfev=1130 t=9854.2s remaining=884
    iter=1117 E=-1.8684261324 nfev=1131 t=9855.3s remaining=883
    iter=1118 E=-1.8684264063 nfev=1132 t=9856.5s remaining=882
    iter=1119 E=-1.8684267812 nfev=1133 t=9857.5s remaining=881
    iter=1120 E=-1.8684272342 nfev=1134 t=9858.5s remaining=880
    iter=1121 E=-1.8684275823 nfev=1135 t=9859.5s remaining=879
    iter=1122 E=-1.8684277963 nfev=1136 t=9860.5s remaining=878
    iter=1123 E=-1.8684280370 nfev=1137 t=9861.4s remaining=877
    iter=1124 E=-1.8684282227 nfev=1138 t=9862.4s remaining=876
    iter=1125 E=-1.8684284252 nfev=1139 t=9863.8s remaining=875
    iter=1126 E=-1.8684286483 nfev=1140 t=9865.1s remaining=874
    iter=1127 E=-1.8684288770 nfev=1141 t=9866.1s remaining=873
    iter=1128 E=-1.8684290588 nfev=1142 t=9867.2s remaining=872
    iter=1129 E=-1.8684292090 nfev=1143 t=9868.3s remaining=871
    iter=1130 E=-1.8684293551 nfev=1144 t=9869.3s remaining=870
    iter=1131 E=-1.8684294608 nfev=1145 t=9870.3s remaining=869
    iter=1132 E=-1.8684295540 nfev=1146 t=9871.4s remaining=868
    iter=1133 E=-1.8684296397 nfev=1147 t=9872.5s remaining=867
    iter=1134 E=-1.8684297181 nfev=1148 t=9873.7s remaining=866
    iter=1135 E=-1.8684297546 nfev=1149 t=9874.7s remaining=865
    iter=1136 E=-1.8684297941 nfev=1150 t=9875.9s remaining=864
    iter=1137 E=-1.8684298349 nfev=1151 t=9877.0s remaining=863
    iter=1138 E=-1.8684298422 nfev=1152 t=9878.0s remaining=862
    iter=1139 E=-1.8684298582 nfev=1153 t=9879.0s remaining=861
    iter=1140 E=-1.8684298875 nfev=1154 t=9880.1s remaining=860
    iter=1141 E=-1.8684299378 nfev=1155 t=9881.2s remaining=859
    iter=1142 E=-1.8684299740 nfev=1156 t=9882.2s remaining=858
    iter=1143 E=-1.8684299963 nfev=1157 t=9883.2s remaining=857
    iter=1144 E=-1.8684300340 nfev=1158 t=9884.3s remaining=856
    iter=1145 E=-1.8684300972 nfev=1159 t=9885.2s remaining=855
    iter=1146 E=-1.8684301722 nfev=1160 t=9886.3s remaining=854
    iter=1147 E=-1.8684302313 nfev=1161 t=9887.3s remaining=853
    iter=1148 E=-1.8684303256 nfev=1162 t=9888.3s remaining=852
    iter=1149 E=-1.8684304748 nfev=1163 t=9889.4s remaining=851
    iter=1150 E=-1.8684305839 nfev=1164 t=9890.4s remaining=850
    iter=1151 E=-1.8684307422 nfev=1165 t=9891.4s remaining=849
    iter=1152 E=-1.8684309385 nfev=1166 t=9892.5s remaining=848
    iter=1153 E=-1.8684311560 nfev=1167 t=9893.6s remaining=847
    iter=1154 E=-1.8684314305 nfev=1168 t=9894.6s remaining=846
    iter=1155 E=-1.8684317187 nfev=1169 t=9895.6s remaining=845
    iter=1156 E=-1.8684320583 nfev=1170 t=9896.7s remaining=844
    iter=1157 E=-1.8684324483 nfev=1171 t=9897.9s remaining=843
    iter=1158 E=-1.8684327752 nfev=1172 t=9898.9s remaining=842
    iter=1159 E=-1.8684329305 nfev=1173 t=9899.9s remaining=841
    iter=1160 E=-1.8684331225 nfev=1174 t=9900.9s remaining=840
    iter=1161 E=-1.8684331974 nfev=1175 t=9901.9s remaining=839
    iter=1162 E=-1.8684332893 nfev=1176 t=9902.9s remaining=838
    iter=1163 E=-1.8684333196 nfev=1178 t=9905.0s remaining=837
    iter=1164 E=-1.8684333633 nfev=1179 t=9906.0s remaining=836
    iter=1165 E=-1.8684334116 nfev=1180 t=9907.0s remaining=835
    iter=1166 E=-1.8684334486 nfev=1181 t=9908.1s remaining=834
    iter=1167 E=-1.8684334878 nfev=1182 t=9909.1s remaining=833
    iter=1168 E=-1.8684335310 nfev=1183 t=9910.2s remaining=832
    iter=1169 E=-1.8684335923 nfev=1184 t=9911.2s remaining=831
    iter=1170 E=-1.8684336383 nfev=1185 t=9912.3s remaining=830
    iter=1171 E=-1.8684336840 nfev=1186 t=9913.3s remaining=829
    iter=1172 E=-1.8684337253 nfev=1187 t=9914.4s remaining=828
    iter=1173 E=-1.8684337591 nfev=1188 t=9915.4s remaining=827
    iter=1174 E=-1.8684337867 nfev=1189 t=9916.4s remaining=826
    iter=1175 E=-1.8684338175 nfev=1190 t=9917.4s remaining=825
    iter=1176 E=-1.8684338496 nfev=1191 t=9918.6s remaining=824
    iter=1177 E=-1.8684338883 nfev=1192 t=9919.7s remaining=823
    iter=1178 E=-1.8684339190 nfev=1193 t=9920.7s remaining=822
    iter=1179 E=-1.8684339433 nfev=1194 t=9921.8s remaining=821
    iter=1180 E=-1.8684339714 nfev=1195 t=9922.8s remaining=820
    iter=1181 E=-1.8684339975 nfev=1196 t=9923.9s remaining=819
    iter=1182 E=-1.8684340237 nfev=1197 t=9924.9s remaining=818
    iter=1183 E=-1.8684340580 nfev=1198 t=9926.0s remaining=817
    iter=1184 E=-1.8684341055 nfev=1199 t=9927.1s remaining=816
    iter=1185 E=-1.8684341667 nfev=1200 t=9928.3s remaining=815
    iter=1186 E=-1.8684342347 nfev=1201 t=9929.3s remaining=814
    iter=1187 E=-1.8684343099 nfev=1202 t=9930.5s remaining=813
    iter=1188 E=-1.8684343945 nfev=1203 t=9931.5s remaining=812
    iter=1189 E=-1.8684345162 nfev=1204 t=9932.6s remaining=811
    iter=1190 E=-1.8684346641 nfev=1205 t=9933.6s remaining=810
    iter=1191 E=-1.8684348513 nfev=1206 t=9934.7s remaining=809
    iter=1192 E=-1.8684349829 nfev=1207 t=9935.7s remaining=808
    iter=1193 E=-1.8684351554 nfev=1208 t=9936.7s remaining=807
    iter=1194 E=-1.8684353816 nfev=1209 t=9937.8s remaining=806
    iter=1195 E=-1.8684356460 nfev=1210 t=9938.9s remaining=805
    iter=1196 E=-1.8684358993 nfev=1211 t=9939.9s remaining=804
    iter=1197 E=-1.8684361736 nfev=1212 t=9941.0s remaining=803
    iter=1198 E=-1.8684363088 nfev=1213 t=9942.0s remaining=802
    iter=1199 E=-1.8684364983 nfev=1214 t=9943.0s remaining=801
    iter=1200 E=-1.8684367472 nfev=1215 t=9944.0s remaining=800
    iter=1201 E=-1.8684370450 nfev=1216 t=9945.0s remaining=799
    iter=1202 E=-1.8684372046 nfev=1217 t=9946.1s remaining=798
    iter=1203 E=-1.8684374111 nfev=1218 t=9947.2s remaining=797
    iter=1204 E=-1.8684375041 nfev=1220 t=9949.3s remaining=796
    iter=1205 E=-1.8684375957 nfev=1221 t=9950.4s remaining=795
    iter=1206 E=-1.8684376574 nfev=1222 t=9951.4s remaining=794
    iter=1207 E=-1.8684377211 nfev=1223 t=9952.5s remaining=793
    iter=1208 E=-1.8684377743 nfev=1224 t=9953.5s remaining=792
    iter=1209 E=-1.8684378240 nfev=1225 t=9954.6s remaining=791
    iter=1210 E=-1.8684378893 nfev=1226 t=9955.6s remaining=790
    iter=1211 E=-1.8684379583 nfev=1227 t=9956.7s remaining=789
    iter=1212 E=-1.8684380036 nfev=1228 t=9957.9s remaining=788
    iter=1213 E=-1.8684380482 nfev=1229 t=9958.9s remaining=787
    iter=1214 E=-1.8684380923 nfev=1230 t=9960.0s remaining=786
    iter=1215 E=-1.8684381416 nfev=1231 t=9961.0s remaining=785
    iter=1216 E=-1.8684382166 nfev=1232 t=9962.1s remaining=784
    iter=1217 E=-1.8684383039 nfev=1233 t=9963.2s remaining=783
    iter=1218 E=-1.8684383988 nfev=1234 t=9964.3s remaining=782
    iter=1219 E=-1.8684384909 nfev=1235 t=9965.5s remaining=781
    iter=1220 E=-1.8684385461 nfev=1236 t=9966.6s remaining=780
    iter=1221 E=-1.8684385776 nfev=1237 t=9967.7s remaining=779
    iter=1222 E=-1.8684386066 nfev=1238 t=9968.8s remaining=778
    iter=1223 E=-1.8684386246 nfev=1239 t=9969.8s remaining=777
    iter=1224 E=-1.8684386430 nfev=1240 t=9970.9s remaining=776
    iter=1225 E=-1.8684386682 nfev=1241 t=9972.1s remaining=775
    iter=1226 E=-1.8684386906 nfev=1242 t=9973.2s remaining=774
    iter=1227 E=-1.8684387102 nfev=1243 t=9974.3s remaining=773
    iter=1228 E=-1.8684387331 nfev=1244 t=9975.4s remaining=772
    iter=1229 E=-1.8684387587 nfev=1245 t=9976.5s remaining=771
    iter=1230 E=-1.8684387994 nfev=1246 t=9977.7s remaining=770
    iter=1231 E=-1.8684388694 nfev=1247 t=9978.8s remaining=769
    iter=1232 E=-1.8684389868 nfev=1248 t=9979.8s remaining=768
    iter=1233 E=-1.8684391601 nfev=1249 t=9980.8s remaining=767
    iter=1234 E=-1.8684393856 nfev=1250 t=9981.8s remaining=766
    iter=1235 E=-1.8684396963 nfev=1251 t=9982.8s remaining=765
    iter=1236 E=-1.8684400174 nfev=1252 t=9983.8s remaining=764
    iter=1237 E=-1.8684402878 nfev=1253 t=9984.9s remaining=763
    iter=1238 E=-1.8684405049 nfev=1254 t=9985.9s remaining=762
    iter=1239 E=-1.8684406994 nfev=1255 t=9987.0s remaining=761
    iter=1240 E=-1.8684408497 nfev=1256 t=9988.1s remaining=760
    iter=1241 E=-1.8684410276 nfev=1257 t=9989.1s remaining=759
    iter=1242 E=-1.8684412516 nfev=1258 t=9990.1s remaining=758
    iter=1243 E=-1.8684415054 nfev=1259 t=9991.2s remaining=757
    iter=1244 E=-1.8684416306 nfev=1260 t=9992.3s remaining=756
    iter=1245 E=-1.8684417658 nfev=1261 t=9993.4s remaining=755
    iter=1246 E=-1.8684418880 nfev=1262 t=9994.5s remaining=754
    iter=1247 E=-1.8684419620 nfev=1263 t=9995.6s remaining=753
    iter=1248 E=-1.8684420399 nfev=1264 t=9996.7s remaining=752
    iter=1249 E=-1.8684421291 nfev=1265 t=9997.7s remaining=751
    iter=1250 E=-1.8684421856 nfev=1266 t=9998.8s remaining=750
    iter=1251 E=-1.8684422411 nfev=1267 t=9999.9s remaining=749
    iter=1252 E=-1.8684422879 nfev=1268 t=10001.0s remaining=748
    iter=1253 E=-1.8684423205 nfev=1269 t=10002.2s remaining=747
    iter=1254 E=-1.8684423435 nfev=1270 t=10003.2s remaining=746
    iter=1255 E=-1.8684423614 nfev=1271 t=10004.3s remaining=745
    iter=1256 E=-1.8684423790 nfev=1272 t=10005.4s remaining=744
    iter=1257 E=-1.8684423959 nfev=1273 t=10006.5s remaining=743
    iter=1258 E=-1.8684424154 nfev=1274 t=10007.5s remaining=742
    iter=1259 E=-1.8684424272 nfev=1275 t=10008.6s remaining=741
    iter=1260 E=-1.8684424412 nfev=1276 t=10009.7s remaining=740
    iter=1261 E=-1.8684424539 nfev=1277 t=10010.8s remaining=739
    iter=1262 E=-1.8684424697 nfev=1278 t=10011.9s remaining=738
    iter=1263 E=-1.8684424929 nfev=1279 t=10013.0s remaining=737
    iter=1264 E=-1.8684425246 nfev=1280 t=10014.2s remaining=736
    iter=1265 E=-1.8684425687 nfev=1281 t=10015.3s remaining=735
    iter=1266 E=-1.8684426197 nfev=1282 t=10016.3s remaining=734
    iter=1267 E=-1.8684426762 nfev=1283 t=10017.3s remaining=733
    iter=1268 E=-1.8684427474 nfev=1284 t=10018.5s remaining=732
    iter=1269 E=-1.8684428434 nfev=1285 t=10019.6s remaining=731
    iter=1270 E=-1.8684429872 nfev=1286 t=10020.7s remaining=730
    iter=1271 E=-1.8684431379 nfev=1287 t=10021.8s remaining=729
    iter=1272 E=-1.8684433142 nfev=1288 t=10022.9s remaining=728
    iter=1273 E=-1.8684435179 nfev=1289 t=10023.9s remaining=727
    iter=1274 E=-1.8684437158 nfev=1290 t=10025.1s remaining=726
    iter=1275 E=-1.8684439331 nfev=1291 t=10026.0s remaining=725
    iter=1276 E=-1.8684441067 nfev=1292 t=10027.1s remaining=724
    iter=1277 E=-1.8684443064 nfev=1293 t=10028.2s remaining=723
    iter=1278 E=-1.8684445437 nfev=1294 t=10029.3s remaining=722
    iter=1279 E=-1.8684447587 nfev=1295 t=10030.3s remaining=721
    iter=1280 E=-1.8684450095 nfev=1296 t=10031.4s remaining=720
    iter=1281 E=-1.8684452354 nfev=1297 t=10032.5s remaining=719
    iter=1282 E=-1.8684454841 nfev=1298 t=10033.6s remaining=718
    iter=1283 E=-1.8684457094 nfev=1299 t=10034.7s remaining=717
    iter=1284 E=-1.8684458591 nfev=1300 t=10035.7s remaining=716
    iter=1285 E=-1.8684459412 nfev=1301 t=10036.8s remaining=715
    iter=1286 E=-1.8684460148 nfev=1302 t=10037.9s remaining=714
    iter=1287 E=-1.8684460840 nfev=1303 t=10039.0s remaining=713
    iter=1288 E=-1.8684461474 nfev=1304 t=10040.2s remaining=712
    iter=1289 E=-1.8684461774 nfev=1305 t=10041.2s remaining=711
    iter=1290 E=-1.8684462187 nfev=1306 t=10042.3s remaining=710
    iter=1291 E=-1.8684462529 nfev=1307 t=10043.2s remaining=709
    iter=1292 E=-1.8684462858 nfev=1308 t=10044.3s remaining=708
    iter=1293 E=-1.8684463164 nfev=1309 t=10045.3s remaining=707
    iter=1294 E=-1.8684463513 nfev=1310 t=10046.3s remaining=706
    iter=1295 E=-1.8684463966 nfev=1311 t=10047.3s remaining=705
    iter=1296 E=-1.8684464400 nfev=1312 t=10048.4s remaining=704
    iter=1297 E=-1.8684464751 nfev=1313 t=10049.4s remaining=703
    iter=1298 E=-1.8684465203 nfev=1314 t=10050.4s remaining=702
    iter=1299 E=-1.8684465923 nfev=1315 t=10051.5s remaining=701
    iter=1300 E=-1.8684466968 nfev=1316 t=10052.6s remaining=700
    iter=1301 E=-1.8684467941 nfev=1317 t=10053.7s remaining=699
    iter=1302 E=-1.8684468774 nfev=1318 t=10054.7s remaining=698
    iter=1303 E=-1.8684469432 nfev=1319 t=10055.8s remaining=697
    iter=1304 E=-1.8684469897 nfev=1320 t=10056.9s remaining=696
    iter=1305 E=-1.8684470325 nfev=1321 t=10057.9s remaining=695
    iter=1306 E=-1.8684470729 nfev=1322 t=10058.9s remaining=694
    iter=1307 E=-1.8684471131 nfev=1323 t=10059.9s remaining=693
    iter=1308 E=-1.8684471698 nfev=1324 t=10060.9s remaining=692
    iter=1309 E=-1.8684472453 nfev=1325 t=10062.0s remaining=691
    iter=1310 E=-1.8684473313 nfev=1326 t=10062.9s remaining=690
    iter=1311 E=-1.8684474330 nfev=1327 t=10063.9s remaining=689
    iter=1312 E=-1.8684475561 nfev=1328 t=10064.9s remaining=688
    iter=1313 E=-1.8684477078 nfev=1329 t=10066.0s remaining=687
    iter=1314 E=-1.8684479106 nfev=1330 t=10067.0s remaining=686
    iter=1315 E=-1.8684481099 nfev=1331 t=10068.0s remaining=685
    iter=1316 E=-1.8684483138 nfev=1332 t=10069.0s remaining=684
    iter=1317 E=-1.8684485588 nfev=1333 t=10070.0s remaining=683
    iter=1318 E=-1.8684488365 nfev=1334 t=10071.1s remaining=682
    iter=1319 E=-1.8684490809 nfev=1335 t=10072.2s remaining=681
    iter=1320 E=-1.8684492935 nfev=1336 t=10073.3s remaining=680
    iter=1321 E=-1.8684495331 nfev=1337 t=10074.3s remaining=679
    iter=1322 E=-1.8684498388 nfev=1338 t=10075.3s remaining=678
    iter=1323 E=-1.8684501478 nfev=1339 t=10076.3s remaining=677
    iter=1324 E=-1.8684503698 nfev=1340 t=10077.3s remaining=676
    iter=1325 E=-1.8684506049 nfev=1341 t=10078.7s remaining=675
    iter=1326 E=-1.8684507634 nfev=1342 t=10079.8s remaining=674
    iter=1327 E=-1.8684509241 nfev=1343 t=10080.8s remaining=673
    iter=1328 E=-1.8684510592 nfev=1344 t=10081.9s remaining=672
    iter=1329 E=-1.8684511869 nfev=1345 t=10082.9s remaining=671
    iter=1330 E=-1.8684513258 nfev=1346 t=10083.9s remaining=670
    iter=1331 E=-1.8684514569 nfev=1347 t=10084.9s remaining=669
    iter=1332 E=-1.8684516283 nfev=1348 t=10085.9s remaining=668
    iter=1333 E=-1.8684518235 nfev=1349 t=10087.0s remaining=667
    iter=1334 E=-1.8684519337 nfev=1350 t=10088.0s remaining=666
    iter=1335 E=-1.8684520137 nfev=1351 t=10089.1s remaining=665
    iter=1336 E=-1.8684521044 nfev=1352 t=10090.2s remaining=664
    iter=1337 E=-1.8684521920 nfev=1353 t=10091.2s remaining=663
    iter=1338 E=-1.8684522807 nfev=1354 t=10092.3s remaining=662
    iter=1339 E=-1.8684523648 nfev=1355 t=10093.3s remaining=661
    iter=1340 E=-1.8684524544 nfev=1356 t=10094.4s remaining=660
    iter=1341 E=-1.8684525804 nfev=1357 t=10095.4s remaining=659
    iter=1342 E=-1.8684527266 nfev=1358 t=10096.4s remaining=658
    iter=1343 E=-1.8684528283 nfev=1359 t=10097.4s remaining=657
    iter=1344 E=-1.8684529063 nfev=1360 t=10098.4s remaining=656
    iter=1345 E=-1.8684529824 nfev=1361 t=10099.4s remaining=655
    iter=1346 E=-1.8684530472 nfev=1362 t=10100.5s remaining=654
    iter=1347 E=-1.8684531066 nfev=1363 t=10101.5s remaining=653
    iter=1348 E=-1.8684531429 nfev=1364 t=10102.6s remaining=652
    iter=1349 E=-1.8684531865 nfev=1365 t=10103.6s remaining=651
    iter=1350 E=-1.8684532265 nfev=1366 t=10104.8s remaining=650
    iter=1351 E=-1.8684532757 nfev=1367 t=10105.8s remaining=649
    iter=1352 E=-1.8684533438 nfev=1368 t=10106.9s remaining=648
    iter=1353 E=-1.8684534334 nfev=1369 t=10107.9s remaining=647
    iter=1354 E=-1.8684535543 nfev=1370 t=10109.0s remaining=646
    iter=1355 E=-1.8684536814 nfev=1371 t=10110.1s remaining=645
    iter=1356 E=-1.8684538509 nfev=1372 t=10111.3s remaining=644
    iter=1357 E=-1.8684540504 nfev=1373 t=10112.3s remaining=643
    iter=1358 E=-1.8684542573 nfev=1374 t=10113.3s remaining=642
    iter=1359 E=-1.8684543546 nfev=1376 t=10115.4s remaining=641
    iter=1360 E=-1.8684544352 nfev=1377 t=10116.4s remaining=640
    iter=1361 E=-1.8684545453 nfev=1378 t=10117.5s remaining=639
    iter=1362 E=-1.8684546969 nfev=1379 t=10118.5s remaining=638
    iter=1363 E=-1.8684548303 nfev=1380 t=10119.5s remaining=637
    iter=1364 E=-1.8684549964 nfev=1381 t=10120.6s remaining=636
    iter=1365 E=-1.8684551530 nfev=1382 t=10121.8s remaining=635
    iter=1366 E=-1.8684553388 nfev=1383 t=10122.8s remaining=634
    iter=1367 E=-1.8684554709 nfev=1384 t=10123.9s remaining=633
    iter=1368 E=-1.8684556102 nfev=1385 t=10124.9s remaining=632
    iter=1369 E=-1.8684556648 nfev=1386 t=10126.0s remaining=631
    iter=1370 E=-1.8684557446 nfev=1387 t=10127.0s remaining=630
    iter=1371 E=-1.8684558546 nfev=1388 t=10128.1s remaining=629
    iter=1372 E=-1.8684559906 nfev=1389 t=10129.1s remaining=628
    iter=1373 E=-1.8684561180 nfev=1390 t=10130.3s remaining=627
    iter=1374 E=-1.8684562260 nfev=1391 t=10131.7s remaining=626
    iter=1375 E=-1.8684563543 nfev=1392 t=10132.7s remaining=625
    iter=1376 E=-1.8684564605 nfev=1393 t=10133.8s remaining=624
    iter=1377 E=-1.8684566005 nfev=1394 t=10134.9s remaining=623
    iter=1378 E=-1.8684568039 nfev=1395 t=10136.0s remaining=622
    iter=1379 E=-1.8684570706 nfev=1396 t=10137.1s remaining=621
    iter=1380 E=-1.8684573995 nfev=1397 t=10138.2s remaining=620
    iter=1381 E=-1.8684576284 nfev=1398 t=10139.3s remaining=619
    iter=1382 E=-1.8684578264 nfev=1399 t=10140.4s remaining=618
    iter=1383 E=-1.8684580755 nfev=1400 t=10141.5s remaining=617
    iter=1384 E=-1.8684583907 nfev=1401 t=10142.5s remaining=616
    iter=1385 E=-1.8684587227 nfev=1402 t=10143.6s remaining=615
    iter=1386 E=-1.8684590500 nfev=1403 t=10144.6s remaining=614
    iter=1387 E=-1.8684593772 nfev=1404 t=10145.7s remaining=613
    iter=1388 E=-1.8684596756 nfev=1405 t=10146.8s remaining=612
    iter=1389 E=-1.8684599080 nfev=1406 t=10147.9s remaining=611
    iter=1390 E=-1.8684601834 nfev=1407 t=10149.3s remaining=610
    iter=1391 E=-1.8684603999 nfev=1408 t=10150.3s remaining=609
    iter=1392 E=-1.8684605434 nfev=1409 t=10151.4s remaining=608
    iter=1393 E=-1.8684606730 nfev=1410 t=10152.5s remaining=607
    iter=1394 E=-1.8684607853 nfev=1411 t=10153.6s remaining=606
    iter=1395 E=-1.8684608946 nfev=1412 t=10154.6s remaining=605
    iter=1396 E=-1.8684609852 nfev=1413 t=10155.7s remaining=604
    iter=1397 E=-1.8684610805 nfev=1414 t=10156.8s remaining=603
    iter=1398 E=-1.8684611649 nfev=1415 t=10157.8s remaining=602
    iter=1399 E=-1.8684612398 nfev=1416 t=10158.9s remaining=601
    iter=1400 E=-1.8684612925 nfev=1417 t=10159.9s remaining=600
    iter=1401 E=-1.8684613259 nfev=1418 t=10160.9s remaining=599
    iter=1402 E=-1.8684613614 nfev=1419 t=10161.9s remaining=598
    iter=1403 E=-1.8684614108 nfev=1420 t=10162.9s remaining=597
    iter=1404 E=-1.8684614764 nfev=1421 t=10163.9s remaining=596
    iter=1405 E=-1.8684615718 nfev=1422 t=10164.9s remaining=595
    iter=1406 E=-1.8684616884 nfev=1423 t=10165.9s remaining=594
    iter=1407 E=-1.8684618172 nfev=1424 t=10167.0s remaining=593
    iter=1408 E=-1.8684619909 nfev=1425 t=10167.9s remaining=592
    iter=1409 E=-1.8684621834 nfev=1426 t=10169.0s remaining=591
    iter=1410 E=-1.8684623086 nfev=1427 t=10170.0s remaining=590
    iter=1411 E=-1.8684624245 nfev=1428 t=10171.1s remaining=589
    iter=1412 E=-1.8684625646 nfev=1429 t=10172.1s remaining=588
    iter=1413 E=-1.8684627260 nfev=1430 t=10173.1s remaining=587
    iter=1414 E=-1.8684629275 nfev=1431 t=10174.2s remaining=586
    iter=1415 E=-1.8684631324 nfev=1432 t=10175.2s remaining=585
    iter=1416 E=-1.8684633016 nfev=1433 t=10176.3s remaining=584
    iter=1417 E=-1.8684634538 nfev=1434 t=10177.4s remaining=583
    iter=1418 E=-1.8684635633 nfev=1435 t=10178.5s remaining=582
    iter=1419 E=-1.8684636670 nfev=1436 t=10179.7s remaining=581
    iter=1420 E=-1.8684637846 nfev=1437 t=10180.7s remaining=580
    iter=1421 E=-1.8684639171 nfev=1438 t=10181.8s remaining=579
    iter=1422 E=-1.8684640984 nfev=1439 t=10182.8s remaining=578
    iter=1423 E=-1.8684643088 nfev=1440 t=10183.9s remaining=577
    iter=1424 E=-1.8684645715 nfev=1441 t=10185.0s remaining=576
    iter=1425 E=-1.8684648633 nfev=1442 t=10186.1s remaining=575
    iter=1426 E=-1.8684650317 nfev=1443 t=10187.1s remaining=574
    iter=1427 E=-1.8684652564 nfev=1444 t=10188.2s remaining=573
    iter=1428 E=-1.8684654821 nfev=1445 t=10189.2s remaining=572
    iter=1429 E=-1.8684657405 nfev=1446 t=10190.2s remaining=571
    iter=1430 E=-1.8684660614 nfev=1447 t=10191.3s remaining=570
    iter=1431 E=-1.8684663305 nfev=1448 t=10192.4s remaining=569
    iter=1432 E=-1.8684666130 nfev=1449 t=10193.4s remaining=568
    iter=1433 E=-1.8684669254 nfev=1450 t=10194.5s remaining=567
    iter=1434 E=-1.8684673367 nfev=1451 t=10195.5s remaining=566
    iter=1435 E=-1.8684676698 nfev=1452 t=10196.5s remaining=565
    iter=1436 E=-1.8684678259 nfev=1454 t=10198.5s remaining=564
    iter=1437 E=-1.8684679052 nfev=1455 t=10199.6s remaining=563
    iter=1438 E=-1.8684680035 nfev=1456 t=10200.6s remaining=562
    iter=1439 E=-1.8684680976 nfev=1457 t=10201.6s remaining=561
    iter=1440 E=-1.8684681983 nfev=1458 t=10202.7s remaining=560
    iter=1441 E=-1.8684683173 nfev=1459 t=10203.7s remaining=559
    iter=1442 E=-1.8684684328 nfev=1460 t=10204.7s remaining=558
    iter=1443 E=-1.8684685131 nfev=1461 t=10205.8s remaining=557
    iter=1444 E=-1.8684686013 nfev=1462 t=10206.8s remaining=556
    iter=1445 E=-1.8684686818 nfev=1463 t=10207.8s remaining=555
    iter=1446 E=-1.8684687853 nfev=1464 t=10208.9s remaining=554
    iter=1447 E=-1.8684689132 nfev=1465 t=10209.9s remaining=553
    iter=1448 E=-1.8684690864 nfev=1466 t=10211.0s remaining=552
    iter=1449 E=-1.8684691767 nfev=1467 t=10212.0s remaining=551
    iter=1450 E=-1.8684692699 nfev=1468 t=10213.1s remaining=550
    iter=1451 E=-1.8684693377 nfev=1469 t=10214.1s remaining=549
    iter=1452 E=-1.8684694096 nfev=1470 t=10215.1s remaining=548
    iter=1453 E=-1.8684694792 nfev=1471 t=10216.1s remaining=547
    iter=1454 E=-1.8684695388 nfev=1472 t=10217.2s remaining=546
    iter=1455 E=-1.8684696177 nfev=1473 t=10218.2s remaining=545
    iter=1456 E=-1.8684697115 nfev=1474 t=10219.2s remaining=544
    iter=1457 E=-1.8684697855 nfev=1475 t=10220.3s remaining=543
    iter=1458 E=-1.8684698429 nfev=1476 t=10221.3s remaining=542
    iter=1459 E=-1.8684699172 nfev=1477 t=10222.4s remaining=541
    iter=1460 E=-1.8684700168 nfev=1478 t=10223.9s remaining=540
    iter=1461 E=-1.8684701493 nfev=1479 t=10225.3s remaining=539
    iter=1462 E=-1.8684703239 nfev=1480 t=10226.5s remaining=538
    iter=1463 E=-1.8684706050 nfev=1481 t=10227.5s remaining=537
    iter=1464 E=-1.8684710257 nfev=1482 t=10228.6s remaining=536
    iter=1465 E=-1.8684713292 nfev=1483 t=10229.6s remaining=535
    iter=1466 E=-1.8684716101 nfev=1484 t=10230.6s remaining=534
    iter=1467 E=-1.8684718189 nfev=1485 t=10231.6s remaining=533
    iter=1468 E=-1.8684721025 nfev=1486 t=10232.8s remaining=532
    iter=1469 E=-1.8684724456 nfev=1487 t=10233.9s remaining=531
    iter=1470 E=-1.8684728146 nfev=1488 t=10235.0s remaining=530
    iter=1471 E=-1.8684730954 nfev=1489 t=10236.0s remaining=529
    iter=1472 E=-1.8684732972 nfev=1490 t=10237.0s remaining=528
    iter=1473 E=-1.8684734770 nfev=1491 t=10238.1s remaining=527
    iter=1474 E=-1.8684736152 nfev=1492 t=10239.2s remaining=526
    iter=1475 E=-1.8684737677 nfev=1493 t=10240.2s remaining=525
    iter=1476 E=-1.8684739603 nfev=1494 t=10241.3s remaining=524
    iter=1477 E=-1.8684741862 nfev=1495 t=10242.5s remaining=523
    iter=1478 E=-1.8684744225 nfev=1496 t=10243.6s remaining=522
    iter=1479 E=-1.8684747478 nfev=1497 t=10244.6s remaining=521
    iter=1480 E=-1.8684751623 nfev=1498 t=10245.7s remaining=520
    iter=1481 E=-1.8684754726 nfev=1499 t=10246.8s remaining=519
    iter=1482 E=-1.8684757495 nfev=1500 t=10247.8s remaining=518
    iter=1483 E=-1.8684760910 nfev=1501 t=10248.8s remaining=517
    iter=1484 E=-1.8684764008 nfev=1502 t=10250.1s remaining=516
    iter=1485 E=-1.8684768020 nfev=1503 t=10251.2s remaining=515
    iter=1486 E=-1.8684772460 nfev=1504 t=10252.2s remaining=514
    iter=1487 E=-1.8684775946 nfev=1505 t=10253.3s remaining=513
    iter=1488 E=-1.8684780675 nfev=1506 t=10254.4s remaining=512
    iter=1489 E=-1.8684784396 nfev=1507 t=10255.4s remaining=511
    iter=1490 E=-1.8684788425 nfev=1508 t=10256.5s remaining=510
    iter=1491 E=-1.8684791376 nfev=1509 t=10257.6s remaining=509
    iter=1492 E=-1.8684793892 nfev=1510 t=10258.6s remaining=508
    iter=1493 E=-1.8684795869 nfev=1511 t=10259.6s remaining=507
    iter=1494 E=-1.8684797513 nfev=1512 t=10260.7s remaining=506
    iter=1495 E=-1.8684799338 nfev=1513 t=10261.8s remaining=505
    iter=1496 E=-1.8684800742 nfev=1514 t=10262.9s remaining=504
    iter=1497 E=-1.8684801838 nfev=1515 t=10264.0s remaining=503
    iter=1498 E=-1.8684802709 nfev=1516 t=10265.0s remaining=502
    iter=1499 E=-1.8684803625 nfev=1517 t=10266.1s remaining=501
    iter=1500 E=-1.8684804490 nfev=1518 t=10267.2s remaining=500
    iter=1501 E=-1.8684805089 nfev=1519 t=10268.3s remaining=499
    iter=1502 E=-1.8684805797 nfev=1520 t=10269.3s remaining=498
    iter=1503 E=-1.8684806615 nfev=1521 t=10270.4s remaining=497
    iter=1504 E=-1.8684807399 nfev=1522 t=10271.4s remaining=496
    iter=1505 E=-1.8684808525 nfev=1523 t=10272.5s remaining=495
    iter=1506 E=-1.8684810222 nfev=1524 t=10273.5s remaining=494
    iter=1507 E=-1.8684812271 nfev=1525 t=10274.5s remaining=493
    iter=1508 E=-1.8684814155 nfev=1526 t=10275.5s remaining=492
    iter=1509 E=-1.8684816356 nfev=1527 t=10276.5s remaining=491
    iter=1510 E=-1.8684819029 nfev=1528 t=10277.6s remaining=490
    iter=1511 E=-1.8684821272 nfev=1529 t=10278.6s remaining=489
    iter=1512 E=-1.8684823784 nfev=1530 t=10279.7s remaining=488
    iter=1513 E=-1.8684827084 nfev=1531 t=10280.8s remaining=487
    iter=1514 E=-1.8684831596 nfev=1532 t=10281.8s remaining=486
    iter=1515 E=-1.8684837172 nfev=1533 t=10282.9s remaining=485
    iter=1516 E=-1.8684841671 nfev=1534 t=10284.0s remaining=484
    iter=1517 E=-1.8684845047 nfev=1535 t=10285.1s remaining=483
    iter=1518 E=-1.8684848211 nfev=1536 t=10286.2s remaining=482
    iter=1519 E=-1.8684850727 nfev=1537 t=10287.3s remaining=481
    iter=1520 E=-1.8684853460 nfev=1538 t=10288.4s remaining=480
    iter=1521 E=-1.8684856145 nfev=1539 t=10289.4s remaining=479
    iter=1522 E=-1.8684859285 nfev=1540 t=10290.5s remaining=478
    iter=1523 E=-1.8684862773 nfev=1541 t=10291.7s remaining=477
    iter=1524 E=-1.8684866000 nfev=1542 t=10292.7s remaining=476
    iter=1525 E=-1.8684869643 nfev=1543 t=10293.7s remaining=475
    iter=1526 E=-1.8684873754 nfev=1544 t=10294.8s remaining=474
    iter=1527 E=-1.8684878882 nfev=1545 t=10295.8s remaining=473
    iter=1528 E=-1.8684884626 nfev=1546 t=10296.9s remaining=472
    iter=1529 E=-1.8684889809 nfev=1547 t=10297.9s remaining=471
    iter=1530 E=-1.8684894996 nfev=1548 t=10298.9s remaining=470
    iter=1531 E=-1.8684898890 nfev=1549 t=10299.9s remaining=469
    iter=1532 E=-1.8684902980 nfev=1550 t=10301.0s remaining=468
    iter=1533 E=-1.8684905505 nfev=1551 t=10302.2s remaining=467
    iter=1534 E=-1.8684909405 nfev=1552 t=10303.3s remaining=466
    iter=1535 E=-1.8684914408 nfev=1553 t=10304.4s remaining=465
    iter=1536 E=-1.8684918605 nfev=1554 t=10305.5s remaining=464
    iter=1537 E=-1.8684922907 nfev=1555 t=10306.5s remaining=463
    iter=1538 E=-1.8684927062 nfev=1556 t=10307.5s remaining=462
    iter=1539 E=-1.8684931369 nfev=1557 t=10308.5s remaining=461
    iter=1540 E=-1.8684935480 nfev=1558 t=10309.5s remaining=460
    iter=1541 E=-1.8684937623 nfev=1559 t=10310.6s remaining=459
    iter=1542 E=-1.8684940857 nfev=1560 t=10311.6s remaining=458
    iter=1543 E=-1.8684943555 nfev=1561 t=10312.6s remaining=457
    iter=1544 E=-1.8684946204 nfev=1562 t=10313.6s remaining=456
    iter=1545 E=-1.8684948522 nfev=1563 t=10314.6s remaining=455
    iter=1546 E=-1.8684950771 nfev=1564 t=10315.7s remaining=454
    iter=1547 E=-1.8684953107 nfev=1565 t=10316.7s remaining=453
    iter=1548 E=-1.8684954978 nfev=1566 t=10317.7s remaining=452
    iter=1549 E=-1.8684956917 nfev=1567 t=10318.8s remaining=451
    iter=1550 E=-1.8684959192 nfev=1568 t=10319.8s remaining=450
    iter=1551 E=-1.8684961816 nfev=1569 t=10320.8s remaining=449
    iter=1552 E=-1.8684964881 nfev=1570 t=10321.8s remaining=448
    iter=1553 E=-1.8684968896 nfev=1571 t=10322.7s remaining=447
    iter=1554 E=-1.8684973546 nfev=1572 t=10323.8s remaining=446
    iter=1555 E=-1.8684975789 nfev=1573 t=10325.0s remaining=445
    iter=1556 E=-1.8684979013 nfev=1574 t=10326.0s remaining=444
    iter=1557 E=-1.8684981803 nfev=1575 t=10327.2s remaining=443
    iter=1558 E=-1.8684984255 nfev=1576 t=10328.3s remaining=442
    iter=1559 E=-1.8684986206 nfev=1577 t=10329.3s remaining=441
    iter=1560 E=-1.8684988524 nfev=1578 t=10330.5s remaining=440
    iter=1561 E=-1.8684990964 nfev=1579 t=10331.5s remaining=439
    iter=1562 E=-1.8684993939 nfev=1580 t=10332.6s remaining=438
    iter=1563 E=-1.8684997974 nfev=1581 t=10333.6s remaining=437
    iter=1564 E=-1.8685001987 nfev=1582 t=10334.7s remaining=436
    iter=1565 E=-1.8685004573 nfev=1583 t=10335.8s remaining=435
    iter=1566 E=-1.8685007117 nfev=1584 t=10336.8s remaining=434
    iter=1567 E=-1.8685009804 nfev=1585 t=10338.0s remaining=433
    iter=1568 E=-1.8685013050 nfev=1586 t=10339.1s remaining=432
    iter=1569 E=-1.8685017316 nfev=1587 t=10340.2s remaining=431
    iter=1570 E=-1.8685022296 nfev=1588 t=10341.2s remaining=430
    iter=1571 E=-1.8685027071 nfev=1589 t=10342.2s remaining=429
    iter=1572 E=-1.8685031949 nfev=1590 t=10343.2s remaining=428
    iter=1573 E=-1.8685036936 nfev=1591 t=10344.2s remaining=427
    iter=1574 E=-1.8685042089 nfev=1592 t=10345.2s remaining=426
    iter=1575 E=-1.8685047303 nfev=1593 t=10346.2s remaining=425
    iter=1576 E=-1.8685053534 nfev=1594 t=10347.3s remaining=424
    iter=1577 E=-1.8685061795 nfev=1595 t=10348.3s remaining=423
    iter=1578 E=-1.8685072122 nfev=1596 t=10349.4s remaining=422
    iter=1579 E=-1.8685082519 nfev=1597 t=10350.6s remaining=421
    iter=1580 E=-1.8685095193 nfev=1598 t=10351.9s remaining=420
    iter=1581 E=-1.8685104566 nfev=1599 t=10353.0s remaining=419
    iter=1582 E=-1.8685112371 nfev=1600 t=10354.1s remaining=418
    iter=1583 E=-1.8685119824 nfev=1601 t=10355.3s remaining=417
    iter=1584 E=-1.8685124845 nfev=1602 t=10356.3s remaining=416
    iter=1585 E=-1.8685130419 nfev=1603 t=10357.3s remaining=415
    iter=1586 E=-1.8685135153 nfev=1604 t=10358.3s remaining=414
    iter=1587 E=-1.8685139825 nfev=1605 t=10359.3s remaining=413
    iter=1588 E=-1.8685145888 nfev=1606 t=10360.4s remaining=412
    iter=1589 E=-1.8685151833 nfev=1607 t=10361.4s remaining=411
    iter=1590 E=-1.8685156778 nfev=1608 t=10362.5s remaining=410
    iter=1591 E=-1.8685162191 nfev=1609 t=10363.5s remaining=409
    iter=1592 E=-1.8685167864 nfev=1610 t=10364.6s remaining=408
    iter=1593 E=-1.8685174456 nfev=1611 t=10365.7s remaining=407
    iter=1594 E=-1.8685182859 nfev=1612 t=10366.7s remaining=406
    iter=1595 E=-1.8685191996 nfev=1613 t=10367.8s remaining=405
    iter=1596 E=-1.8685197197 nfev=1614 t=10368.8s remaining=404
    iter=1597 E=-1.8685203918 nfev=1615 t=10369.8s remaining=403
    iter=1598 E=-1.8685209142 nfev=1616 t=10370.9s remaining=402
    iter=1599 E=-1.8685214108 nfev=1617 t=10371.9s remaining=401
    iter=1600 E=-1.8685218436 nfev=1618 t=10373.0s remaining=400
    iter=1601 E=-1.8685222301 nfev=1619 t=10374.4s remaining=399
    iter=1602 E=-1.8685226004 nfev=1620 t=10375.8s remaining=398
    iter=1603 E=-1.8685228945 nfev=1621 t=10376.8s remaining=397
    iter=1604 E=-1.8685232054 nfev=1622 t=10377.9s remaining=396
    iter=1605 E=-1.8685234916 nfev=1623 t=10378.9s remaining=395
    iter=1606 E=-1.8685237237 nfev=1624 t=10379.9s remaining=394
    iter=1607 E=-1.8685240167 nfev=1625 t=10380.9s remaining=393
    iter=1608 E=-1.8685242312 nfev=1626 t=10381.9s remaining=392
    iter=1609 E=-1.8685244811 nfev=1627 t=10383.0s remaining=391
    iter=1610 E=-1.8685247864 nfev=1628 t=10384.0s remaining=390
    iter=1611 E=-1.8685250520 nfev=1629 t=10385.0s remaining=389
    iter=1612 E=-1.8685254202 nfev=1630 t=10386.0s remaining=388
    iter=1613 E=-1.8685258743 nfev=1631 t=10386.9s remaining=387
    iter=1614 E=-1.8685264415 nfev=1632 t=10387.9s remaining=386
    iter=1615 E=-1.8685270140 nfev=1633 t=10388.9s remaining=385
    iter=1616 E=-1.8685275981 nfev=1634 t=10389.9s remaining=384
    iter=1617 E=-1.8685282893 nfev=1635 t=10390.9s remaining=383
    iter=1618 E=-1.8685290951 nfev=1636 t=10392.0s remaining=382
    iter=1619 E=-1.8685297943 nfev=1637 t=10393.0s remaining=381
    iter=1620 E=-1.8685305616 nfev=1638 t=10394.0s remaining=380
    iter=1621 E=-1.8685311960 nfev=1639 t=10395.0s remaining=379
    iter=1622 E=-1.8685317684 nfev=1640 t=10396.1s remaining=378
    iter=1623 E=-1.8685321468 nfev=1641 t=10397.1s remaining=377
    iter=1624 E=-1.8685325382 nfev=1642 t=10398.2s remaining=376
    iter=1625 E=-1.8685329697 nfev=1643 t=10399.2s remaining=375
    iter=1626 E=-1.8685333768 nfev=1644 t=10400.2s remaining=374
    iter=1627 E=-1.8685338052 nfev=1645 t=10401.2s remaining=373
    iter=1628 E=-1.8685342732 nfev=1646 t=10402.2s remaining=372
    iter=1629 E=-1.8685347752 nfev=1647 t=10403.2s remaining=371
    iter=1630 E=-1.8685351623 nfev=1648 t=10404.1s remaining=370
    iter=1631 E=-1.8685357107 nfev=1649 t=10405.2s remaining=369
    iter=1632 E=-1.8685363903 nfev=1650 t=10406.3s remaining=368
    iter=1633 E=-1.8685368479 nfev=1651 t=10407.4s remaining=367
    iter=1634 E=-1.8685374583 nfev=1652 t=10408.5s remaining=366
    iter=1635 E=-1.8685381502 nfev=1653 t=10409.6s remaining=365
    iter=1636 E=-1.8685387240 nfev=1654 t=10410.7s remaining=364
    iter=1637 E=-1.8685393454 nfev=1655 t=10411.6s remaining=363
    iter=1638 E=-1.8685400374 nfev=1656 t=10412.7s remaining=362
    iter=1639 E=-1.8685406831 nfev=1657 t=10413.7s remaining=361
    iter=1640 E=-1.8685412738 nfev=1658 t=10414.7s remaining=360
    iter=1641 E=-1.8685416245 nfev=1659 t=10415.7s remaining=359
    iter=1642 E=-1.8685421765 nfev=1660 t=10416.7s remaining=358
    iter=1643 E=-1.8685429876 nfev=1661 t=10417.7s remaining=357
    iter=1644 E=-1.8685438207 nfev=1662 t=10418.8s remaining=356
    iter=1645 E=-1.8685446808 nfev=1663 t=10419.9s remaining=355
    iter=1646 E=-1.8685458762 nfev=1664 t=10421.0s remaining=354
    iter=1647 E=-1.8685472083 nfev=1665 t=10422.0s remaining=353
    iter=1648 E=-1.8685478045 nfev=1666 t=10423.1s remaining=352
    iter=1649 E=-1.8685485525 nfev=1667 t=10424.2s remaining=351
    iter=1650 E=-1.8685494622 nfev=1668 t=10425.3s remaining=350
    iter=1651 E=-1.8685502226 nfev=1669 t=10426.4s remaining=349
    iter=1652 E=-1.8685508858 nfev=1670 t=10427.5s remaining=348
    iter=1653 E=-1.8685515337 nfev=1671 t=10428.6s remaining=347
    iter=1654 E=-1.8685523013 nfev=1672 t=10429.6s remaining=346
    iter=1655 E=-1.8685531279 nfev=1673 t=10430.7s remaining=345
    iter=1656 E=-1.8685540937 nfev=1674 t=10431.7s remaining=344
    iter=1657 E=-1.8685548031 nfev=1675 t=10432.7s remaining=343
    iter=1658 E=-1.8685556547 nfev=1676 t=10433.8s remaining=342
    iter=1659 E=-1.8685564566 nfev=1677 t=10434.9s remaining=341
    iter=1660 E=-1.8685572178 nfev=1678 t=10435.9s remaining=340
    iter=1661 E=-1.8685579948 nfev=1679 t=10436.9s remaining=339
    iter=1662 E=-1.8685584617 nfev=1680 t=10437.9s remaining=338
    iter=1663 E=-1.8685589103 nfev=1681 t=10438.9s remaining=337
    iter=1664 E=-1.8685594655 nfev=1682 t=10440.0s remaining=336
    iter=1665 E=-1.8685601776 nfev=1683 t=10441.2s remaining=335
    iter=1666 E=-1.8685609189 nfev=1684 t=10442.3s remaining=334
    iter=1667 E=-1.8685617144 nfev=1685 t=10443.4s remaining=333
    iter=1668 E=-1.8685627573 nfev=1686 t=10444.4s remaining=332
    iter=1669 E=-1.8685640653 nfev=1687 t=10445.5s remaining=331
    iter=1670 E=-1.8685650047 nfev=1688 t=10446.5s remaining=330
    iter=1671 E=-1.8685658901 nfev=1689 t=10447.5s remaining=329
    iter=1672 E=-1.8685665556 nfev=1690 t=10448.5s remaining=328
    iter=1673 E=-1.8685673566 nfev=1691 t=10449.6s remaining=327
    iter=1674 E=-1.8685681352 nfev=1692 t=10450.6s remaining=326
    iter=1675 E=-1.8685687871 nfev=1693 t=10451.6s remaining=325
    iter=1676 E=-1.8685695627 nfev=1694 t=10452.6s remaining=324
    iter=1677 E=-1.8685704422 nfev=1695 t=10453.6s remaining=323
    iter=1678 E=-1.8685712623 nfev=1696 t=10454.6s remaining=322
    iter=1679 E=-1.8685719439 nfev=1697 t=10455.6s remaining=321
    iter=1680 E=-1.8685725233 nfev=1698 t=10456.6s remaining=320
    iter=1681 E=-1.8685731220 nfev=1699 t=10457.8s remaining=319
    iter=1682 E=-1.8685737977 nfev=1700 t=10458.8s remaining=318
    iter=1683 E=-1.8685744686 nfev=1701 t=10459.9s remaining=317
    iter=1684 E=-1.8685752502 nfev=1702 t=10461.0s remaining=316
    iter=1685 E=-1.8685760309 nfev=1703 t=10462.0s remaining=315
    iter=1686 E=-1.8685769634 nfev=1704 t=10463.1s remaining=314
    iter=1687 E=-1.8685780895 nfev=1705 t=10464.2s remaining=313
    iter=1688 E=-1.8685789008 nfev=1706 t=10465.3s remaining=312
    iter=1689 E=-1.8685797532 nfev=1707 t=10466.5s remaining=311
    iter=1690 E=-1.8685804182 nfev=1708 t=10467.5s remaining=310
    iter=1691 E=-1.8685810692 nfev=1709 t=10468.5s remaining=309
    iter=1692 E=-1.8685815823 nfev=1710 t=10469.6s remaining=308
    iter=1693 E=-1.8685821509 nfev=1711 t=10470.6s remaining=307
    iter=1694 E=-1.8685827949 nfev=1712 t=10471.7s remaining=306
    iter=1695 E=-1.8685834729 nfev=1713 t=10472.8s remaining=305
    iter=1696 E=-1.8685842804 nfev=1714 t=10473.9s remaining=304
    iter=1697 E=-1.8685854212 nfev=1715 t=10474.9s remaining=303
    iter=1698 E=-1.8685867456 nfev=1716 t=10476.1s remaining=302
    iter=1699 E=-1.8685881331 nfev=1717 t=10477.5s remaining=301
    iter=1700 E=-1.8685895029 nfev=1718 t=10478.5s remaining=300
    iter=1701 E=-1.8685907569 nfev=1719 t=10479.5s remaining=299
    iter=1702 E=-1.8685920207 nfev=1720 t=10480.5s remaining=298
    iter=1703 E=-1.8685934591 nfev=1721 t=10481.5s remaining=297
    iter=1704 E=-1.8685949523 nfev=1722 t=10482.6s remaining=296
    iter=1705 E=-1.8685958357 nfev=1723 t=10483.6s remaining=295
    iter=1706 E=-1.8685965627 nfev=1724 t=10484.6s remaining=294
    iter=1707 E=-1.8685972083 nfev=1725 t=10485.7s remaining=293
    iter=1708 E=-1.8685976951 nfev=1726 t=10486.8s remaining=292
    iter=1709 E=-1.8685983528 nfev=1727 t=10487.9s remaining=291
    iter=1710 E=-1.8685990975 nfev=1728 t=10489.0s remaining=290
    iter=1711 E=-1.8685998462 nfev=1729 t=10490.1s remaining=289
    iter=1712 E=-1.8686009017 nfev=1730 t=10491.1s remaining=288
    iter=1713 E=-1.8686024120 nfev=1731 t=10492.2s remaining=287
    iter=1714 E=-1.8686039282 nfev=1732 t=10493.2s remaining=286
    iter=1715 E=-1.8686055352 nfev=1733 t=10494.4s remaining=285
    iter=1716 E=-1.8686074577 nfev=1734 t=10495.5s remaining=284
    iter=1717 E=-1.8686099279 nfev=1735 t=10496.5s remaining=283
    iter=1718 E=-1.8686123441 nfev=1736 t=10497.6s remaining=282
    iter=1719 E=-1.8686150233 nfev=1737 t=10498.6s remaining=281
    iter=1720 E=-1.8686183517 nfev=1738 t=10499.7s remaining=280
    iter=1721 E=-1.8686226841 nfev=1739 t=10500.8s remaining=279
    iter=1722 E=-1.8686262001 nfev=1740 t=10501.8s remaining=278
    iter=1723 E=-1.8686297466 nfev=1741 t=10502.8s remaining=277
    iter=1724 E=-1.8686326632 nfev=1742 t=10503.9s remaining=276
    iter=1725 E=-1.8686355715 nfev=1743 t=10505.0s remaining=275
    iter=1726 E=-1.8686388020 nfev=1744 t=10506.0s remaining=274
    iter=1727 E=-1.8686406055 nfev=1746 t=10508.1s remaining=273
    iter=1728 E=-1.8686426920 nfev=1747 t=10509.2s remaining=272
    iter=1729 E=-1.8686447295 nfev=1748 t=10510.2s remaining=271
    iter=1730 E=-1.8686462004 nfev=1749 t=10511.2s remaining=270
    iter=1731 E=-1.8686475226 nfev=1750 t=10512.3s remaining=269
    iter=1732 E=-1.8686491906 nfev=1751 t=10513.4s remaining=268
    iter=1733 E=-1.8686511950 nfev=1752 t=10514.4s remaining=267
    iter=1734 E=-1.8686535461 nfev=1753 t=10515.5s remaining=266
    iter=1735 E=-1.8686562270 nfev=1754 t=10516.5s remaining=265
    iter=1736 E=-1.8686587615 nfev=1755 t=10517.4s remaining=264
    iter=1737 E=-1.8686618077 nfev=1756 t=10518.4s remaining=263
    iter=1738 E=-1.8686642737 nfev=1757 t=10519.5s remaining=262
    iter=1739 E=-1.8686671283 nfev=1758 t=10520.6s remaining=261
    iter=1740 E=-1.8686702504 nfev=1759 t=10521.6s remaining=260
    iter=1741 E=-1.8686722514 nfev=1760 t=10522.7s remaining=259
    iter=1742 E=-1.8686751578 nfev=1761 t=10523.8s remaining=258
    iter=1743 E=-1.8686787259 nfev=1762 t=10524.9s remaining=257
    iter=1744 E=-1.8686809942 nfev=1763 t=10525.9s remaining=256
    iter=1745 E=-1.8686839352 nfev=1764 t=10527.0s remaining=255
    iter=1746 E=-1.8686872484 nfev=1765 t=10528.1s remaining=254
    iter=1747 E=-1.8686897144 nfev=1766 t=10529.2s remaining=253
    iter=1748 E=-1.8686926608 nfev=1767 t=10530.3s remaining=252
    iter=1749 E=-1.8686946691 nfev=1768 t=10531.4s remaining=251
    iter=1750 E=-1.8686968613 nfev=1769 t=10532.4s remaining=250
    iter=1751 E=-1.8686994670 nfev=1770 t=10533.6s remaining=249
    iter=1752 E=-1.8687022349 nfev=1771 t=10534.6s remaining=248
    iter=1753 E=-1.8687054526 nfev=1772 t=10535.7s remaining=247
    iter=1754 E=-1.8687090713 nfev=1773 t=10536.7s remaining=246
    iter=1755 E=-1.8687123259 nfev=1774 t=10537.9s remaining=245
    iter=1756 E=-1.8687148445 nfev=1775 t=10539.0s remaining=244
    iter=1757 E=-1.8687177233 nfev=1776 t=10540.0s remaining=243
    iter=1758 E=-1.8687193734 nfev=1777 t=10541.1s remaining=242
    iter=1759 E=-1.8687215208 nfev=1778 t=10542.2s remaining=241
    iter=1760 E=-1.8687241496 nfev=1779 t=10543.2s remaining=240
    iter=1761 E=-1.8687260994 nfev=1780 t=10544.3s remaining=239
    iter=1762 E=-1.8687290235 nfev=1781 t=10545.5s remaining=238
    iter=1763 E=-1.8687327611 nfev=1782 t=10546.5s remaining=237
    iter=1764 E=-1.8687353389 nfev=1783 t=10547.6s remaining=236
    iter=1765 E=-1.8687385108 nfev=1784 t=10548.6s remaining=235
    iter=1766 E=-1.8687419759 nfev=1785 t=10549.6s remaining=234
    iter=1767 E=-1.8687444839 nfev=1786 t=10550.6s remaining=233
    iter=1768 E=-1.8687481678 nfev=1787 t=10551.6s remaining=232
    iter=1769 E=-1.8687521104 nfev=1788 t=10552.7s remaining=231
    iter=1770 E=-1.8687554797 nfev=1789 t=10553.8s remaining=230
    iter=1771 E=-1.8687603694 nfev=1790 t=10554.8s remaining=229
    iter=1772 E=-1.8687670549 nfev=1791 t=10555.9s remaining=228
    iter=1773 E=-1.8687747667 nfev=1792 t=10557.0s remaining=227
    iter=1774 E=-1.8687823281 nfev=1793 t=10558.0s remaining=226
    iter=1775 E=-1.8687885433 nfev=1794 t=10559.1s remaining=225
    iter=1776 E=-1.8687969366 nfev=1795 t=10560.2s remaining=224
    iter=1777 E=-1.8688072398 nfev=1796 t=10561.3s remaining=223
    iter=1778 E=-1.8688186104 nfev=1797 t=10562.4s remaining=222
    iter=1779 E=-1.8688242783 nfev=1798 t=10563.5s remaining=221
    iter=1780 E=-1.8688325240 nfev=1799 t=10564.5s remaining=220
    iter=1781 E=-1.8688413726 nfev=1800 t=10565.6s remaining=219
    iter=1782 E=-1.8688480064 nfev=1801 t=10566.6s remaining=218
    iter=1783 E=-1.8688540709 nfev=1802 t=10567.7s remaining=217
    iter=1784 E=-1.8688616844 nfev=1803 t=10568.7s remaining=216
    iter=1785 E=-1.8688666765 nfev=1804 t=10569.7s remaining=215
    iter=1786 E=-1.8688736113 nfev=1805 t=10570.7s remaining=214
    iter=1787 E=-1.8688798485 nfev=1806 t=10571.8s remaining=213
    iter=1788 E=-1.8688852766 nfev=1807 t=10572.9s remaining=212
    iter=1789 E=-1.8688910060 nfev=1808 t=10574.0s remaining=211
    iter=1790 E=-1.8688979724 nfev=1809 t=10575.0s remaining=210
    iter=1791 E=-1.8689058243 nfev=1810 t=10576.2s remaining=209
    iter=1792 E=-1.8689134210 nfev=1811 t=10577.2s remaining=208
    iter=1793 E=-1.8689196878 nfev=1812 t=10578.2s remaining=207
    iter=1794 E=-1.8689268172 nfev=1813 t=10579.3s remaining=206
    iter=1795 E=-1.8689337406 nfev=1814 t=10580.3s remaining=205
    iter=1796 E=-1.8689397643 nfev=1815 t=10581.3s remaining=204
    iter=1797 E=-1.8689466293 nfev=1816 t=10582.4s remaining=203
    iter=1798 E=-1.8689539454 nfev=1817 t=10583.4s remaining=202
    iter=1799 E=-1.8689610091 nfev=1818 t=10584.5s remaining=201
    iter=1800 E=-1.8689678958 nfev=1819 t=10585.5s remaining=200
    iter=1801 E=-1.8689759716 nfev=1820 t=10586.6s remaining=199
    iter=1802 E=-1.8689838202 nfev=1821 t=10587.7s remaining=198
    iter=1803 E=-1.8689909987 nfev=1822 t=10588.7s remaining=197
    iter=1804 E=-1.8689997026 nfev=1823 t=10589.7s remaining=196
    iter=1805 E=-1.8690084854 nfev=1824 t=10590.7s remaining=195
    iter=1806 E=-1.8690190227 nfev=1825 t=10591.6s remaining=194
    iter=1807 E=-1.8690277474 nfev=1826 t=10592.6s remaining=193
    iter=1808 E=-1.8690365829 nfev=1827 t=10593.6s remaining=192
    iter=1809 E=-1.8690466407 nfev=1828 t=10594.6s remaining=191
    iter=1810 E=-1.8690549510 nfev=1829 t=10595.6s remaining=190
    iter=1811 E=-1.8690664670 nfev=1830 t=10596.7s remaining=189
    iter=1812 E=-1.8690809836 nfev=1831 t=10597.8s remaining=188
    iter=1813 E=-1.8690927694 nfev=1832 t=10598.8s remaining=187
    iter=1814 E=-1.8691041911 nfev=1833 t=10599.8s remaining=186
    iter=1815 E=-1.8691161312 nfev=1834 t=10600.8s remaining=185
    iter=1816 E=-1.8691290730 nfev=1835 t=10601.8s remaining=184
    iter=1817 E=-1.8691427680 nfev=1836 t=10602.8s remaining=183
    iter=1818 E=-1.8691517777 nfev=1837 t=10603.9s remaining=182
    iter=1819 E=-1.8691622073 nfev=1838 t=10604.9s remaining=181
    iter=1820 E=-1.8691716104 nfev=1839 t=10606.0s remaining=180
    iter=1821 E=-1.8691803177 nfev=1840 t=10607.1s remaining=179
    iter=1822 E=-1.8691902642 nfev=1841 t=10608.2s remaining=178
    iter=1823 E=-1.8692014879 nfev=1842 t=10609.4s remaining=177
    iter=1824 E=-1.8692101907 nfev=1843 t=10610.8s remaining=176
    iter=1825 E=-1.8692195241 nfev=1844 t=10612.0s remaining=175
    iter=1826 E=-1.8692289896 nfev=1845 t=10613.2s remaining=174
    iter=1827 E=-1.8692390346 nfev=1846 t=10614.5s remaining=173
    iter=1828 E=-1.8692444096 nfev=1847 t=10615.5s remaining=172
    iter=1829 E=-1.8692525454 nfev=1848 t=10616.8s remaining=171
    iter=1830 E=-1.8692635074 nfev=1849 t=10617.9s remaining=170
    iter=1831 E=-1.8692704803 nfev=1850 t=10618.9s remaining=169
    iter=1832 E=-1.8692791037 nfev=1851 t=10619.9s remaining=168
    iter=1833 E=-1.8692864718 nfev=1852 t=10621.0s remaining=167
    iter=1834 E=-1.8692940563 nfev=1853 t=10622.1s remaining=166
    iter=1835 E=-1.8693022401 nfev=1854 t=10623.2s remaining=165
    iter=1836 E=-1.8693080631 nfev=1855 t=10624.4s remaining=164
    iter=1837 E=-1.8693161341 nfev=1856 t=10625.5s remaining=163
    iter=1838 E=-1.8693258246 nfev=1857 t=10626.6s remaining=162
    iter=1839 E=-1.8693323537 nfev=1858 t=10627.8s remaining=161
    iter=1840 E=-1.8693397085 nfev=1859 t=10628.9s remaining=160
    iter=1841 E=-1.8693449363 nfev=1860 t=10630.0s remaining=159
    iter=1842 E=-1.8693515159 nfev=1861 t=10631.1s remaining=158
    iter=1843 E=-1.8693577873 nfev=1862 t=10632.1s remaining=157
    iter=1844 E=-1.8693649699 nfev=1863 t=10633.1s remaining=156
    iter=1845 E=-1.8693697703 nfev=1864 t=10634.3s remaining=155
    iter=1846 E=-1.8693753073 nfev=1865 t=10635.4s remaining=154
    iter=1847 E=-1.8693799116 nfev=1866 t=10636.5s remaining=153
    iter=1848 E=-1.8693837979 nfev=1867 t=10637.6s remaining=152
    iter=1849 E=-1.8693882285 nfev=1868 t=10638.7s remaining=151
    iter=1850 E=-1.8693907921 nfev=1869 t=10639.7s remaining=150
    iter=1851 E=-1.8693945131 nfev=1870 t=10640.7s remaining=149
    iter=1852 E=-1.8693981652 nfev=1871 t=10641.8s remaining=148
    iter=1853 E=-1.8694014266 nfev=1872 t=10642.8s remaining=147
    iter=1854 E=-1.8694052650 nfev=1873 t=10643.9s remaining=146
    iter=1855 E=-1.8694098231 nfev=1874 t=10644.9s remaining=145
    iter=1856 E=-1.8694136757 nfev=1875 t=10645.9s remaining=144
    iter=1857 E=-1.8694183734 nfev=1876 t=10647.0s remaining=143
    iter=1858 E=-1.8694238304 nfev=1877 t=10648.2s remaining=142
    iter=1859 E=-1.8694274167 nfev=1878 t=10649.4s remaining=141
    iter=1860 E=-1.8694316784 nfev=1879 t=10650.7s remaining=140
    iter=1861 E=-1.8694357500 nfev=1880 t=10651.7s remaining=139
    iter=1862 E=-1.8694392219 nfev=1881 t=10652.8s remaining=138
    iter=1863 E=-1.8694428279 nfev=1882 t=10653.8s remaining=137
    iter=1864 E=-1.8694448475 nfev=1883 t=10654.8s remaining=136
    iter=1865 E=-1.8694476424 nfev=1884 t=10656.0s remaining=135
    iter=1866 E=-1.8694501392 nfev=1885 t=10657.1s remaining=134
    iter=1867 E=-1.8694517408 nfev=1886 t=10658.2s remaining=133
    iter=1868 E=-1.8694541502 nfev=1887 t=10659.2s remaining=132
    iter=1869 E=-1.8694573398 nfev=1888 t=10660.2s remaining=131
    iter=1870 E=-1.8694593866 nfev=1889 t=10661.3s remaining=130
    iter=1871 E=-1.8694607667 nfev=1890 t=10662.3s remaining=129
    iter=1872 E=-1.8694622650 nfev=1891 t=10663.3s remaining=128
    iter=1873 E=-1.8694633848 nfev=1892 t=10664.3s remaining=127
    iter=1874 E=-1.8694641649 nfev=1893 t=10665.4s remaining=126
    iter=1875 E=-1.8694650311 nfev=1894 t=10666.4s remaining=125
    iter=1876 E=-1.8694661611 nfev=1895 t=10667.5s remaining=124
    iter=1877 E=-1.8694676120 nfev=1896 t=10668.6s remaining=123
    iter=1878 E=-1.8694695699 nfev=1897 t=10669.7s remaining=122
    iter=1879 E=-1.8694716926 nfev=1898 t=10670.7s remaining=121
    iter=1880 E=-1.8694734030 nfev=1899 t=10671.8s remaining=120
    iter=1881 E=-1.8694751055 nfev=1900 t=10672.8s remaining=119
    iter=1882 E=-1.8694769709 nfev=1901 t=10673.8s remaining=118
    iter=1883 E=-1.8694787160 nfev=1902 t=10674.9s remaining=117
    iter=1884 E=-1.8694805735 nfev=1903 t=10675.9s remaining=116
    iter=1885 E=-1.8694824447 nfev=1904 t=10676.9s remaining=115
    iter=1886 E=-1.8694841111 nfev=1905 t=10677.9s remaining=114
    iter=1887 E=-1.8694858208 nfev=1906 t=10679.1s remaining=113
    iter=1888 E=-1.8694876789 nfev=1907 t=10680.2s remaining=112
    iter=1889 E=-1.8694892959 nfev=1908 t=10681.2s remaining=111
    iter=1890 E=-1.8694910178 nfev=1909 t=10682.2s remaining=110
    iter=1891 E=-1.8694929683 nfev=1910 t=10683.2s remaining=109
    iter=1892 E=-1.8694944979 nfev=1911 t=10684.2s remaining=108
    iter=1893 E=-1.8694958008 nfev=1912 t=10685.3s remaining=107
    iter=1894 E=-1.8694970086 nfev=1913 t=10686.4s remaining=106
    iter=1895 E=-1.8694983826 nfev=1914 t=10687.5s remaining=105
    iter=1896 E=-1.8694999293 nfev=1915 t=10688.6s remaining=104
    iter=1897 E=-1.8695008934 nfev=1916 t=10689.6s remaining=103
    iter=1898 E=-1.8695017083 nfev=1917 t=10690.7s remaining=102
    iter=1899 E=-1.8695023746 nfev=1918 t=10691.7s remaining=101
    iter=1900 E=-1.8695030538 nfev=1919 t=10692.8s remaining=100
    iter=1901 E=-1.8695038987 nfev=1920 t=10693.9s remaining=99
    iter=1902 E=-1.8695048001 nfev=1921 t=10695.0s remaining=98
    iter=1903 E=-1.8695058004 nfev=1922 t=10696.1s remaining=97
    iter=1904 E=-1.8695065541 nfev=1923 t=10697.1s remaining=96
    iter=1905 E=-1.8695074937 nfev=1924 t=10698.2s remaining=95
    iter=1906 E=-1.8695085252 nfev=1925 t=10699.2s remaining=94
    iter=1907 E=-1.8695094393 nfev=1926 t=10700.2s remaining=93
    iter=1908 E=-1.8695107197 nfev=1927 t=10701.2s remaining=92
    iter=1909 E=-1.8695125422 nfev=1928 t=10702.3s remaining=91
    iter=1910 E=-1.8695144696 nfev=1929 t=10703.5s remaining=90
    iter=1911 E=-1.8695156229 nfev=1930 t=10704.6s remaining=89
    iter=1912 E=-1.8695169131 nfev=1931 t=10705.7s remaining=88
    iter=1913 E=-1.8695180060 nfev=1932 t=10706.8s remaining=87
    iter=1914 E=-1.8695191648 nfev=1933 t=10707.8s remaining=86
    iter=1915 E=-1.8695202267 nfev=1934 t=10709.3s remaining=85
    iter=1916 E=-1.8695212553 nfev=1935 t=10710.4s remaining=84
    iter=1917 E=-1.8695223853 nfev=1936 t=10711.4s remaining=83
    iter=1918 E=-1.8695236670 nfev=1937 t=10712.4s remaining=82
    iter=1919 E=-1.8695247415 nfev=1938 t=10713.5s remaining=81
    iter=1920 E=-1.8695259702 nfev=1939 t=10714.6s remaining=80
    iter=1921 E=-1.8695271036 nfev=1940 t=10715.6s remaining=79
    iter=1922 E=-1.8695281895 nfev=1941 t=10716.7s remaining=78
    iter=1923 E=-1.8695292518 nfev=1942 t=10717.8s remaining=77
    iter=1924 E=-1.8695301688 nfev=1943 t=10718.8s remaining=76
    iter=1925 E=-1.8695309300 nfev=1944 t=10719.7s remaining=75
    iter=1926 E=-1.8695317557 nfev=1945 t=10720.8s remaining=74
    iter=1927 E=-1.8695325988 nfev=1946 t=10721.8s remaining=73
    iter=1928 E=-1.8695335368 nfev=1947 t=10722.9s remaining=72
    iter=1929 E=-1.8695348269 nfev=1948 t=10723.9s remaining=71
    iter=1930 E=-1.8695363150 nfev=1949 t=10724.9s remaining=70
    iter=1931 E=-1.8695375557 nfev=1950 t=10725.9s remaining=69
    iter=1932 E=-1.8695386836 nfev=1951 t=10726.9s remaining=68
    iter=1933 E=-1.8695397161 nfev=1952 t=10727.9s remaining=67
    iter=1934 E=-1.8695406047 nfev=1953 t=10728.9s remaining=66
    iter=1935 E=-1.8695413798 nfev=1954 t=10729.9s remaining=65
    iter=1936 E=-1.8695420806 nfev=1955 t=10730.9s remaining=64
    iter=1937 E=-1.8695428073 nfev=1956 t=10732.1s remaining=63
    iter=1938 E=-1.8695435088 nfev=1957 t=10733.2s remaining=62
    iter=1939 E=-1.8695440740 nfev=1958 t=10734.4s remaining=61
    iter=1940 E=-1.8695445439 nfev=1959 t=10735.5s remaining=60
    iter=1941 E=-1.8695450371 nfev=1960 t=10736.5s remaining=59
    iter=1942 E=-1.8695455669 nfev=1961 t=10737.6s remaining=58
    iter=1943 E=-1.8695461428 nfev=1962 t=10738.7s remaining=57
    iter=1944 E=-1.8695466749 nfev=1963 t=10739.8s remaining=56
    iter=1945 E=-1.8695471739 nfev=1964 t=10740.8s remaining=55
    iter=1946 E=-1.8695478110 nfev=1965 t=10741.9s remaining=54
    iter=1947 E=-1.8695486452 nfev=1966 t=10743.0s remaining=53
    iter=1948 E=-1.8695492097 nfev=1967 t=10743.9s remaining=52
    iter=1949 E=-1.8695496305 nfev=1968 t=10745.0s remaining=51
    iter=1950 E=-1.8695501461 nfev=1969 t=10746.0s remaining=50
    iter=1951 E=-1.8695507672 nfev=1970 t=10747.1s remaining=49
    iter=1952 E=-1.8695512890 nfev=1971 t=10748.2s remaining=48
    iter=1953 E=-1.8695519216 nfev=1972 t=10749.2s remaining=47
    iter=1954 E=-1.8695526075 nfev=1973 t=10750.2s remaining=46
    iter=1955 E=-1.8695531794 nfev=1974 t=10751.2s remaining=45
    iter=1956 E=-1.8695539658 nfev=1975 t=10752.2s remaining=44
    iter=1957 E=-1.8695547852 nfev=1976 t=10753.2s remaining=43
    iter=1958 E=-1.8695553474 nfev=1977 t=10754.2s remaining=42
    iter=1959 E=-1.8695560824 nfev=1978 t=10755.3s remaining=41
    iter=1960 E=-1.8695570316 nfev=1979 t=10756.3s remaining=40
    iter=1961 E=-1.8695580060 nfev=1980 t=10757.3s remaining=39
    iter=1962 E=-1.8695588515 nfev=1981 t=10758.3s remaining=38
    iter=1963 E=-1.8695594551 nfev=1982 t=10759.3s remaining=37
    iter=1964 E=-1.8695600262 nfev=1983 t=10760.4s remaining=36
    iter=1965 E=-1.8695608169 nfev=1984 t=10761.7s remaining=35
    iter=1966 E=-1.8695618104 nfev=1985 t=10762.7s remaining=34
    iter=1967 E=-1.8695625442 nfev=1986 t=10763.8s remaining=33
    iter=1968 E=-1.8695629913 nfev=1987 t=10764.8s remaining=32
    iter=1969 E=-1.8695634954 nfev=1988 t=10765.8s remaining=31
    iter=1970 E=-1.8695641378 nfev=1989 t=10766.9s remaining=30
    iter=1971 E=-1.8695649378 nfev=1990 t=10767.9s remaining=29
    iter=1972 E=-1.8695660413 nfev=1991 t=10769.1s remaining=28
    iter=1973 E=-1.8695673766 nfev=1992 t=10770.1s remaining=27
    iter=1974 E=-1.8695685598 nfev=1993 t=10771.1s remaining=26
    iter=1975 E=-1.8695695011 nfev=1994 t=10772.1s remaining=25
    iter=1976 E=-1.8695705214 nfev=1995 t=10773.0s remaining=24
    iter=1977 E=-1.8695713634 nfev=1996 t=10774.0s remaining=23
    iter=1978 E=-1.8695718850 nfev=1997 t=10775.0s remaining=22
    iter=1979 E=-1.8695724391 nfev=1998 t=10776.0s remaining=21
    iter=1980 E=-1.8695728459 nfev=1999 t=10776.9s remaining=20
    iter=1981 E=-1.8695731777 nfev=2000 t=10777.9s remaining=19
    iter=1982 E=-1.8695736536 nfev=2001 t=10778.9s remaining=18
    iter=1983 E=-1.8695741723 nfev=2002 t=10779.9s remaining=17
    iter=1984 E=-1.8695746021 nfev=2003 t=10780.9s remaining=16
    iter=1985 E=-1.8695751914 nfev=2004 t=10782.0s remaining=15
    iter=1986 E=-1.8695758432 nfev=2005 t=10783.0s remaining=14
    iter=1987 E=-1.8695762769 nfev=2006 t=10784.1s remaining=13
    iter=1988 E=-1.8695766327 nfev=2007 t=10785.1s remaining=12
    iter=1989 E=-1.8695769281 nfev=2008 t=10786.2s remaining=11
    iter=1990 E=-1.8695772740 nfev=2009 t=10787.3s remaining=10
    iter=1991 E=-1.8695777229 nfev=2010 t=10788.4s remaining=9
    iter=1992 E=-1.8695781315 nfev=2011 t=10789.4s remaining=8
    iter=1993 E=-1.8695786190 nfev=2012 t=10790.6s remaining=7
    iter=1994 E=-1.8695791486 nfev=2013 t=10791.6s remaining=6
    iter=1995 E=-1.8695795911 nfev=2014 t=10792.6s remaining=5
    iter=1996 E=-1.8695799951 nfev=2015 t=10793.6s remaining=4
    iter=1997 E=-1.8695805748 nfev=2016 t=10794.6s remaining=3
    iter=1998 E=-1.8695813794 nfev=2017 t=10795.6s remaining=2
    iter=1999 E=-1.8695825552 nfev=2018 t=10796.6s remaining=1
    iter=2000 E=-1.8695840089 nfev=2019 t=10797.7s remaining=0
    iter=2000 E=-1.8695840089 nfev=2019 t=10797.7s remaining=0
    seed=0 E=-1.8695840089 dE=+2.632e-03 nit=2000 ok=False t=10797.7s
  r=2.50  L=8   npar=344   E=-1.8695840089  |E-FCI|=2.632e-03  FCI=no   chem=no

=== summary (best seed per layer) ===
  bond   L ansatz                 npar              E     |E-FCI|  FCI? chem?
  2.50   8 (ECD+SNAP)^8 + ECD      344  -1.8695840089   2.632e-03    no    no

wrote /workspace/qumode_chem/data/results/h4_hybrid_L8_nobs_r250.json
