self-check ok (nfock=4, use_bs=False, worst FD rel err 0.00e+00)
per-iter log: data/results/h4_hybrid_L8_nobs_r0050_iters.jsonl
live snapshot: data/results/h4_hybrid_L8_nobs_r0050_live.json

=== build H4 JWT Hamiltonian at R=0.50 Å ===
=== r=0.50 Å   FCI(pyscf)=-1.6531169519  eig=-1.6531169519  paper_fci=-1.65311695  paper_SNAP_D20=-1.6531169543899968 ===
-- r=0.50  (ECD+SNAP)^8 + ECD   npar=344 --
    iter=1 E=2.7418517237 nfev=2 t=2.8s remaining=1999
    iter=2 E=2.5282662662 nfev=4 t=5.6s remaining=1998
    iter=3 E=2.3429675224 nfev=5 t=7.1s remaining=1997
    iter=4 E=2.0960607930 nfev=6 t=8.4s remaining=1996
    iter=5 E=2.0344135528 nfev=7 t=9.7s remaining=1995
    iter=6 E=1.9348164578 nfev=8 t=10.9s remaining=1994
    iter=7 E=1.7670412210 nfev=9 t=12.2s remaining=1993
    iter=8 E=1.6419129116 nfev=10 t=13.3s remaining=1992
    iter=9 E=1.5459081043 nfev=11 t=14.5s remaining=1991
    iter=10 E=1.4129112361 nfev=12 t=15.8s remaining=1990
    iter=11 E=1.2771271281 nfev=13 t=16.9s remaining=1989
    iter=12 E=1.1817363949 nfev=14 t=18.1s remaining=1988
    iter=13 E=1.1097628629 nfev=15 t=19.3s remaining=1987
    iter=14 E=1.0016283633 nfev=16 t=20.5s remaining=1986
    iter=15 E=0.8467580374 nfev=17 t=21.7s remaining=1985
    iter=16 E=0.6947870340 nfev=18 t=22.8s remaining=1984
    iter=17 E=0.5375317977 nfev=19 t=23.9s remaining=1983
    iter=18 E=0.4878558931 nfev=20 t=25.1s remaining=1982
    iter=19 E=0.4104260615 nfev=21 t=26.2s remaining=1981
    iter=20 E=0.3056718664 nfev=22 t=27.3s remaining=1980
    iter=21 E=0.1553713700 nfev=23 t=28.5s remaining=1979
    iter=22 E=-0.0366497036 nfev=24 t=29.6s remaining=1978
    iter=23 E=-0.1534962866 nfev=25 t=30.8s remaining=1977
    iter=24 E=-0.2981886828 nfev=26 t=31.9s remaining=1976
    iter=25 E=-0.4397021116 nfev=27 t=33.0s remaining=1975
    iter=26 E=-0.5206114971 nfev=28 t=34.1s remaining=1974
    iter=27 E=-0.6082731752 nfev=29 t=35.2s remaining=1973
    iter=28 E=-0.7168506222 nfev=30 t=36.4s remaining=1972
    iter=29 E=-0.8527443518 nfev=31 t=37.6s remaining=1971
    iter=30 E=-0.9711891708 nfev=32 t=38.8s remaining=1970
    iter=31 E=-1.1196810234 nfev=33 t=39.9s remaining=1969
    iter=32 E=-1.1860736499 nfev=34 t=41.1s remaining=1968
    iter=33 E=-1.2786338796 nfev=35 t=42.3s remaining=1967
    iter=34 E=-1.3142876709 nfev=36 t=43.4s remaining=1966
    iter=35 E=-1.3629593306 nfev=37 t=44.6s remaining=1965
    iter=36 E=-1.4110500804 nfev=38 t=45.8s remaining=1964
    iter=37 E=-1.4404183355 nfev=39 t=47.0s remaining=1963
    iter=38 E=-1.4740221575 nfev=40 t=48.1s remaining=1962
    iter=39 E=-1.4857394418 nfev=41 t=49.3s remaining=1961
    iter=40 E=-1.5033133433 nfev=42 t=50.5s remaining=1960
    iter=41 E=-1.5255732092 nfev=43 t=51.6s remaining=1959
    iter=42 E=-1.5395847264 nfev=44 t=52.8s remaining=1958
    iter=43 E=-1.5519027437 nfev=45 t=54.0s remaining=1957
    iter=44 E=-1.5635548100 nfev=46 t=55.1s remaining=1956
    iter=45 E=-1.5786920106 nfev=47 t=56.3s remaining=1955
    iter=46 E=-1.5859693012 nfev=48 t=57.4s remaining=1954
    iter=47 E=-1.5960027448 nfev=49 t=58.6s remaining=1953
    iter=48 E=-1.6076308725 nfev=50 t=59.8s remaining=1952
    iter=49 E=-1.6139907731 nfev=51 t=60.9s remaining=1951
    iter=50 E=-1.6208277788 nfev=52 t=62.1s remaining=1950
    iter=51 E=-1.6226718132 nfev=53 t=63.3s remaining=1949
    iter=52 E=-1.6257121219 nfev=54 t=64.4s remaining=1948
    iter=53 E=-1.6299740775 nfev=55 t=65.6s remaining=1947
    iter=54 E=-1.6317554420 nfev=56 t=66.8s remaining=1946
    iter=55 E=-1.6336247042 nfev=57 t=67.9s remaining=1945
    iter=56 E=-1.6349691210 nfev=58 t=69.1s remaining=1944
    iter=57 E=-1.6362851848 nfev=59 t=70.3s remaining=1943
    iter=58 E=-1.6372674105 nfev=60 t=71.4s remaining=1942
    iter=59 E=-1.6384812204 nfev=61 t=72.6s remaining=1941
    iter=60 E=-1.6393035470 nfev=62 t=73.7s remaining=1940
    iter=61 E=-1.6397676334 nfev=63 t=74.9s remaining=1939
    iter=62 E=-1.6402859044 nfev=64 t=76.1s remaining=1938
    iter=63 E=-1.6405219433 nfev=65 t=77.2s remaining=1937
    iter=64 E=-1.6408488926 nfev=66 t=78.4s remaining=1936
    iter=65 E=-1.6411963165 nfev=67 t=79.5s remaining=1935
    iter=66 E=-1.6413824456 nfev=68 t=80.7s remaining=1934
    iter=67 E=-1.6415975912 nfev=69 t=81.9s remaining=1933
    iter=68 E=-1.6417005267 nfev=70 t=83.1s remaining=1932
    iter=69 E=-1.6418319962 nfev=71 t=84.2s remaining=1931
    iter=70 E=-1.6419089875 nfev=72 t=85.4s remaining=1930
    iter=71 E=-1.6420060053 nfev=73 t=86.6s remaining=1929
    iter=72 E=-1.6420919417 nfev=74 t=87.7s remaining=1928
    iter=73 E=-1.6421643849 nfev=75 t=88.9s remaining=1927
    iter=74 E=-1.6422250578 nfev=76 t=90.1s remaining=1926
    iter=75 E=-1.6422703388 nfev=77 t=91.3s remaining=1925
    iter=76 E=-1.6423119172 nfev=78 t=92.5s remaining=1924
    iter=77 E=-1.6423588938 nfev=79 t=93.7s remaining=1923
    iter=78 E=-1.6423947333 nfev=80 t=94.8s remaining=1922
    iter=79 E=-1.6424311975 nfev=81 t=96.0s remaining=1921
    iter=80 E=-1.6424666318 nfev=82 t=97.2s remaining=1920
    iter=81 E=-1.6424905806 nfev=83 t=98.3s remaining=1919
    iter=82 E=-1.6425252756 nfev=84 t=99.5s remaining=1918
    iter=83 E=-1.6425687132 nfev=85 t=100.7s remaining=1917
    iter=84 E=-1.6426138999 nfev=86 t=101.8s remaining=1916
    iter=85 E=-1.6426676688 nfev=87 t=103.0s remaining=1915
    iter=86 E=-1.6427200007 nfev=88 t=104.2s remaining=1914
    iter=87 E=-1.6427606575 nfev=89 t=105.3s remaining=1913
    iter=88 E=-1.6427928552 nfev=90 t=106.5s remaining=1912
    iter=89 E=-1.6428349169 nfev=91 t=107.7s remaining=1911
    iter=90 E=-1.6428875793 nfev=92 t=108.9s remaining=1910
    iter=91 E=-1.6429639814 nfev=93 t=110.1s remaining=1909
    iter=92 E=-1.6430566061 nfev=94 t=111.2s remaining=1908
    iter=93 E=-1.6431289193 nfev=95 t=112.4s remaining=1907
    iter=94 E=-1.6432087741 nfev=96 t=113.6s remaining=1906
    iter=95 E=-1.6432790966 nfev=97 t=114.7s remaining=1905
    iter=96 E=-1.6433354492 nfev=98 t=115.9s remaining=1904
    iter=97 E=-1.6433925581 nfev=99 t=117.1s remaining=1903
    iter=98 E=-1.6434343724 nfev=100 t=118.2s remaining=1902
    iter=99 E=-1.6434861872 nfev=101 t=119.4s remaining=1901
    iter=100 E=-1.6435399028 nfev=102 t=120.5s remaining=1900
    iter=101 E=-1.6435759237 nfev=103 t=121.7s remaining=1899
    iter=102 E=-1.6436219564 nfev=104 t=122.9s remaining=1898
    iter=103 E=-1.6436584298 nfev=105 t=124.0s remaining=1897
    iter=104 E=-1.6436969955 nfev=106 t=125.2s remaining=1896
    iter=105 E=-1.6437385765 nfev=107 t=126.4s remaining=1895
    iter=106 E=-1.6437732129 nfev=108 t=127.5s remaining=1894
    iter=107 E=-1.6438061528 nfev=109 t=128.7s remaining=1893
    iter=108 E=-1.6438410078 nfev=110 t=129.8s remaining=1892
    iter=109 E=-1.6438605642 nfev=111 t=131.0s remaining=1891
    iter=110 E=-1.6438882127 nfev=112 t=132.4s remaining=1890
    iter=111 E=-1.6439231720 nfev=113 t=133.6s remaining=1889
    iter=112 E=-1.6439526912 nfev=114 t=134.8s remaining=1888
    iter=113 E=-1.6439788597 nfev=115 t=135.9s remaining=1887
    iter=114 E=-1.6440030640 nfev=116 t=137.3s remaining=1886
    iter=115 E=-1.6440261984 nfev=117 t=138.5s remaining=1885
    iter=116 E=-1.6440501809 nfev=118 t=139.7s remaining=1884
    iter=117 E=-1.6440771384 nfev=119 t=140.9s remaining=1883
    iter=118 E=-1.6441140645 nfev=120 t=142.1s remaining=1882
    iter=119 E=-1.6441560428 nfev=121 t=143.3s remaining=1881
    iter=120 E=-1.6441976082 nfev=122 t=144.4s remaining=1880
    iter=121 E=-1.6442471075 nfev=123 t=145.5s remaining=1879
    iter=122 E=-1.6442652909 nfev=125 t=147.8s remaining=1878
    iter=123 E=-1.6442910639 nfev=126 t=149.0s remaining=1877
    iter=124 E=-1.6443254734 nfev=127 t=150.1s remaining=1876
    iter=125 E=-1.6443602512 nfev=128 t=151.2s remaining=1875
    iter=126 E=-1.6443977400 nfev=129 t=152.4s remaining=1874
    iter=127 E=-1.6444340483 nfev=130 t=153.5s remaining=1873
    iter=128 E=-1.6444635411 nfev=131 t=154.6s remaining=1872
    iter=129 E=-1.6444802458 nfev=132 t=155.8s remaining=1871
    iter=130 E=-1.6445023133 nfev=133 t=157.0s remaining=1870
    iter=131 E=-1.6445301973 nfev=134 t=158.1s remaining=1869
    iter=132 E=-1.6445594100 nfev=135 t=159.3s remaining=1868
    iter=133 E=-1.6445922351 nfev=136 t=160.6s remaining=1867
    iter=134 E=-1.6446298811 nfev=137 t=161.8s remaining=1866
    iter=135 E=-1.6446667705 nfev=138 t=163.0s remaining=1865
    iter=136 E=-1.6446950998 nfev=139 t=164.1s remaining=1864
    iter=137 E=-1.6447256282 nfev=140 t=165.3s remaining=1863
    iter=138 E=-1.6447564880 nfev=141 t=166.5s remaining=1862
    iter=139 E=-1.6447941107 nfev=142 t=167.6s remaining=1861
    iter=140 E=-1.6448364011 nfev=143 t=168.8s remaining=1860
    iter=141 E=-1.6448752679 nfev=144 t=170.1s remaining=1859
    iter=142 E=-1.6449022793 nfev=145 t=171.3s remaining=1858
    iter=143 E=-1.6449300120 nfev=146 t=172.5s remaining=1857
    iter=144 E=-1.6449569817 nfev=147 t=173.6s remaining=1856
    iter=145 E=-1.6449844557 nfev=148 t=174.7s remaining=1855
    iter=146 E=-1.6450232977 nfev=149 t=175.8s remaining=1854
    iter=147 E=-1.6450727601 nfev=150 t=177.0s remaining=1853
    iter=148 E=-1.6451221371 nfev=151 t=178.2s remaining=1852
    iter=149 E=-1.6451690929 nfev=152 t=179.3s remaining=1851
    iter=150 E=-1.6452183261 nfev=153 t=180.6s remaining=1850
    iter=151 E=-1.6452612304 nfev=154 t=181.7s remaining=1849
    iter=152 E=-1.6453148104 nfev=155 t=182.8s remaining=1848
    iter=153 E=-1.6453743483 nfev=156 t=183.9s remaining=1847
    iter=154 E=-1.6454239343 nfev=157 t=185.0s remaining=1846
    iter=155 E=-1.6454595825 nfev=158 t=186.1s remaining=1845
    iter=156 E=-1.6454899763 nfev=159 t=187.3s remaining=1844
    iter=157 E=-1.6455095606 nfev=160 t=188.5s remaining=1843
    iter=158 E=-1.6455311484 nfev=161 t=189.6s remaining=1842
    iter=159 E=-1.6455565788 nfev=162 t=190.7s remaining=1841
    iter=160 E=-1.6455867778 nfev=163 t=191.8s remaining=1840
    iter=161 E=-1.6456253951 nfev=164 t=192.9s remaining=1839
    iter=162 E=-1.6456720236 nfev=165 t=194.0s remaining=1838
    iter=163 E=-1.6457080297 nfev=166 t=195.1s remaining=1837
    iter=164 E=-1.6457474749 nfev=167 t=196.2s remaining=1836
    iter=165 E=-1.6457948630 nfev=168 t=197.3s remaining=1835
    iter=166 E=-1.6458490696 nfev=169 t=198.5s remaining=1834
    iter=167 E=-1.6459076620 nfev=170 t=199.7s remaining=1833
    iter=168 E=-1.6459632788 nfev=171 t=200.8s remaining=1832
    iter=169 E=-1.6459791841 nfev=172 t=201.9s remaining=1831
    iter=170 E=-1.6460074425 nfev=173 t=203.0s remaining=1830
    iter=171 E=-1.6460529846 nfev=174 t=204.1s remaining=1829
    iter=172 E=-1.6460944306 nfev=175 t=205.3s remaining=1828
    iter=173 E=-1.6461262106 nfev=176 t=206.4s remaining=1827
    iter=174 E=-1.6461635139 nfev=177 t=207.5s remaining=1826
    iter=175 E=-1.6462231588 nfev=178 t=208.7s remaining=1825
    iter=176 E=-1.6462949417 nfev=179 t=209.8s remaining=1824
    iter=177 E=-1.6463298751 nfev=180 t=210.9s remaining=1823
    iter=178 E=-1.6463561195 nfev=181 t=212.1s remaining=1822
    iter=179 E=-1.6463747767 nfev=182 t=213.2s remaining=1821
    iter=180 E=-1.6463821419 nfev=183 t=214.4s remaining=1820
    iter=181 E=-1.6463936876 nfev=184 t=215.6s remaining=1819
    iter=182 E=-1.6464104404 nfev=185 t=216.8s remaining=1818
    iter=183 E=-1.6464316256 nfev=186 t=218.0s remaining=1817
    iter=184 E=-1.6464541439 nfev=187 t=219.2s remaining=1816
    iter=185 E=-1.6464896008 nfev=188 t=220.4s remaining=1815
    iter=186 E=-1.6465356557 nfev=189 t=221.5s remaining=1814
    iter=187 E=-1.6465766867 nfev=190 t=222.7s remaining=1813
    iter=188 E=-1.6466364961 nfev=191 t=223.9s remaining=1812
    iter=189 E=-1.6466913634 nfev=192 t=225.1s remaining=1811
    iter=190 E=-1.6467324308 nfev=193 t=226.2s remaining=1810
    iter=191 E=-1.6467780028 nfev=194 t=227.4s remaining=1809
    iter=192 E=-1.6468244040 nfev=195 t=228.5s remaining=1808
    iter=193 E=-1.6468491027 nfev=196 t=229.6s remaining=1807
    iter=194 E=-1.6468684219 nfev=197 t=230.7s remaining=1806
    iter=195 E=-1.6468881615 nfev=198 t=231.8s remaining=1805
    iter=196 E=-1.6469132593 nfev=199 t=233.0s remaining=1804
    iter=197 E=-1.6469342636 nfev=200 t=234.1s remaining=1803
    iter=198 E=-1.6469518518 nfev=201 t=235.2s remaining=1802
    iter=199 E=-1.6469732417 nfev=202 t=236.3s remaining=1801
    iter=200 E=-1.6469967481 nfev=203 t=237.4s remaining=1800
    iter=201 E=-1.6470201538 nfev=204 t=238.6s remaining=1799
    iter=202 E=-1.6470460626 nfev=205 t=239.7s remaining=1798
    iter=203 E=-1.6470801093 nfev=206 t=240.9s remaining=1797
    iter=204 E=-1.6471122642 nfev=207 t=242.0s remaining=1796
    iter=205 E=-1.6471393302 nfev=208 t=243.2s remaining=1795
    iter=206 E=-1.6471585040 nfev=209 t=244.3s remaining=1794
    iter=207 E=-1.6471767260 nfev=210 t=245.4s remaining=1793
    iter=208 E=-1.6471921311 nfev=211 t=246.6s remaining=1792
    iter=209 E=-1.6472057232 nfev=212 t=247.7s remaining=1791
    iter=210 E=-1.6472227304 nfev=213 t=248.9s remaining=1790
    iter=211 E=-1.6472480582 nfev=214 t=250.1s remaining=1789
    iter=212 E=-1.6472864398 nfev=215 t=251.3s remaining=1788
    iter=213 E=-1.6473371649 nfev=216 t=252.5s remaining=1787
    iter=214 E=-1.6473728246 nfev=217 t=253.9s remaining=1786
    iter=215 E=-1.6474007954 nfev=218 t=255.2s remaining=1785
    iter=216 E=-1.6474227495 nfev=219 t=256.4s remaining=1784
    iter=217 E=-1.6474413369 nfev=220 t=257.7s remaining=1783
    iter=218 E=-1.6474629676 nfev=221 t=258.8s remaining=1782
    iter=219 E=-1.6474920030 nfev=222 t=260.1s remaining=1781
    iter=220 E=-1.6475247769 nfev=223 t=261.3s remaining=1780
    iter=221 E=-1.6475539221 nfev=224 t=262.5s remaining=1779
    iter=222 E=-1.6475795900 nfev=225 t=263.6s remaining=1778
    iter=223 E=-1.6476009842 nfev=226 t=264.7s remaining=1777
    iter=224 E=-1.6476161836 nfev=227 t=265.9s remaining=1776
    iter=225 E=-1.6476323707 nfev=228 t=267.0s remaining=1775
    iter=226 E=-1.6476453540 nfev=229 t=268.2s remaining=1774
    iter=227 E=-1.6476651643 nfev=230 t=269.3s remaining=1773
    iter=228 E=-1.6476931791 nfev=231 t=270.5s remaining=1772
    iter=229 E=-1.6477211975 nfev=232 t=271.6s remaining=1771
    iter=230 E=-1.6477524325 nfev=233 t=272.8s remaining=1770
    iter=231 E=-1.6477921071 nfev=234 t=273.9s remaining=1769
    iter=232 E=-1.6478183683 nfev=235 t=275.1s remaining=1768
    iter=233 E=-1.6478371261 nfev=236 t=276.2s remaining=1767
    iter=234 E=-1.6478577806 nfev=237 t=277.4s remaining=1766
    iter=235 E=-1.6478753389 nfev=238 t=278.5s remaining=1765
    iter=236 E=-1.6478943698 nfev=239 t=279.7s remaining=1764
    iter=237 E=-1.6479069641 nfev=240 t=280.9s remaining=1763
    iter=238 E=-1.6479209550 nfev=241 t=282.0s remaining=1762
    iter=239 E=-1.6479414151 nfev=242 t=283.3s remaining=1761
    iter=240 E=-1.6479670852 nfev=243 t=284.6s remaining=1760
    iter=241 E=-1.6479906033 nfev=244 t=285.9s remaining=1759
    iter=242 E=-1.6480178259 nfev=245 t=287.0s remaining=1758
    iter=243 E=-1.6480464658 nfev=246 t=288.3s remaining=1757
    iter=244 E=-1.6480723682 nfev=247 t=289.6s remaining=1756
    iter=245 E=-1.6481038912 nfev=248 t=290.7s remaining=1755
    iter=246 E=-1.6481276873 nfev=249 t=292.0s remaining=1754
    iter=247 E=-1.6481438425 nfev=250 t=293.3s remaining=1753
    iter=248 E=-1.6481582200 nfev=251 t=294.7s remaining=1752
    iter=249 E=-1.6481746517 nfev=252 t=296.0s remaining=1751
    iter=250 E=-1.6481941772 nfev=253 t=297.2s remaining=1750
    iter=251 E=-1.6482142167 nfev=254 t=298.4s remaining=1749
    iter=252 E=-1.6482291934 nfev=255 t=299.6s remaining=1748
    iter=253 E=-1.6482415095 nfev=256 t=300.7s remaining=1747
    iter=254 E=-1.6482513521 nfev=257 t=301.9s remaining=1746
    iter=255 E=-1.6482607864 nfev=258 t=303.0s remaining=1745
    iter=256 E=-1.6482710596 nfev=259 t=304.1s remaining=1744
    iter=257 E=-1.6482806945 nfev=260 t=305.3s remaining=1743
    iter=258 E=-1.6482883517 nfev=261 t=306.5s remaining=1742
    iter=259 E=-1.6482949217 nfev=262 t=307.7s remaining=1741
    iter=260 E=-1.6483011735 nfev=263 t=308.9s remaining=1740
    iter=261 E=-1.6483111390 nfev=264 t=310.0s remaining=1739
    iter=262 E=-1.6483262119 nfev=265 t=311.2s remaining=1738
    iter=263 E=-1.6483460232 nfev=266 t=312.3s remaining=1737
    iter=264 E=-1.6483647449 nfev=267 t=313.4s remaining=1736
    iter=265 E=-1.6483884116 nfev=268 t=314.5s remaining=1735
    iter=266 E=-1.6484052550 nfev=269 t=315.8s remaining=1734
    iter=267 E=-1.6484179548 nfev=270 t=317.0s remaining=1733
    iter=268 E=-1.6484304413 nfev=271 t=318.1s remaining=1732
    iter=269 E=-1.6484477930 nfev=272 t=319.2s remaining=1731
    iter=270 E=-1.6484593574 nfev=273 t=320.4s remaining=1730
    iter=271 E=-1.6484696372 nfev=274 t=321.5s remaining=1729
    iter=272 E=-1.6484829981 nfev=275 t=322.7s remaining=1728
    iter=273 E=-1.6485005818 nfev=276 t=324.1s remaining=1727
    iter=274 E=-1.6485214762 nfev=277 t=325.3s remaining=1726
    iter=275 E=-1.6485427050 nfev=278 t=326.4s remaining=1725
    iter=276 E=-1.6485669099 nfev=279 t=327.6s remaining=1724
    iter=277 E=-1.6485863316 nfev=280 t=328.8s remaining=1723
    iter=278 E=-1.6486014255 nfev=281 t=330.0s remaining=1722
    iter=279 E=-1.6486173699 nfev=282 t=331.2s remaining=1721
    iter=280 E=-1.6486329156 nfev=283 t=332.3s remaining=1720
    iter=281 E=-1.6486470936 nfev=284 t=333.5s remaining=1719
    iter=282 E=-1.6486631025 nfev=285 t=334.7s remaining=1718
    iter=283 E=-1.6486769846 nfev=286 t=335.9s remaining=1717
    iter=284 E=-1.6486889212 nfev=287 t=337.0s remaining=1716
    iter=285 E=-1.6486994977 nfev=288 t=338.2s remaining=1715
    iter=286 E=-1.6487122635 nfev=289 t=339.3s remaining=1714
    iter=287 E=-1.6487251643 nfev=290 t=340.4s remaining=1713
    iter=288 E=-1.6487340605 nfev=291 t=341.5s remaining=1712
    iter=289 E=-1.6487433583 nfev=292 t=342.7s remaining=1711
    iter=290 E=-1.6487532090 nfev=293 t=343.8s remaining=1710
    iter=291 E=-1.6487622141 nfev=294 t=345.0s remaining=1709
    iter=292 E=-1.6487735822 nfev=295 t=346.3s remaining=1708
    iter=293 E=-1.6487887950 nfev=296 t=347.4s remaining=1707
    iter=294 E=-1.6488052871 nfev=297 t=348.5s remaining=1706
    iter=295 E=-1.6488221075 nfev=298 t=349.6s remaining=1705
    iter=296 E=-1.6488377530 nfev=299 t=350.8s remaining=1704
    iter=297 E=-1.6488545543 nfev=300 t=351.9s remaining=1703
    iter=298 E=-1.6488770812 nfev=301 t=353.0s remaining=1702
    iter=299 E=-1.6488951144 nfev=302 t=354.2s remaining=1701
    iter=300 E=-1.6489143862 nfev=303 t=355.4s remaining=1700
    iter=301 E=-1.6489338141 nfev=304 t=356.5s remaining=1699
    iter=302 E=-1.6489529892 nfev=305 t=357.7s remaining=1698
    iter=303 E=-1.6489691173 nfev=306 t=358.8s remaining=1697
    iter=304 E=-1.6489889688 nfev=307 t=360.0s remaining=1696
    iter=305 E=-1.6490090805 nfev=308 t=361.2s remaining=1695
    iter=306 E=-1.6490208889 nfev=309 t=362.4s remaining=1694
    iter=307 E=-1.6490380866 nfev=310 t=363.5s remaining=1693
    iter=308 E=-1.6490587853 nfev=311 t=364.7s remaining=1692
    iter=309 E=-1.6490705940 nfev=312 t=366.0s remaining=1691
    iter=310 E=-1.6490829123 nfev=313 t=367.1s remaining=1690
    iter=311 E=-1.6490968624 nfev=314 t=368.3s remaining=1689
    iter=312 E=-1.6491141656 nfev=315 t=369.5s remaining=1688
    iter=313 E=-1.6491382411 nfev=316 t=370.6s remaining=1687
    iter=314 E=-1.6491629872 nfev=317 t=371.9s remaining=1686
    iter=315 E=-1.6491841034 nfev=318 t=373.1s remaining=1685
    iter=316 E=-1.6492022372 nfev=319 t=374.3s remaining=1684
    iter=317 E=-1.6492171403 nfev=320 t=375.8s remaining=1683
    iter=318 E=-1.6492283122 nfev=321 t=377.2s remaining=1682
    iter=319 E=-1.6492406473 nfev=322 t=378.4s remaining=1681
    iter=320 E=-1.6492527674 nfev=323 t=379.7s remaining=1680
    iter=321 E=-1.6492618153 nfev=324 t=381.0s remaining=1679
    iter=322 E=-1.6492739394 nfev=325 t=382.2s remaining=1678
    iter=323 E=-1.6492904426 nfev=326 t=383.4s remaining=1677
    iter=324 E=-1.6493078396 nfev=327 t=384.7s remaining=1676
    iter=325 E=-1.6493240249 nfev=328 t=385.9s remaining=1675
    iter=326 E=-1.6493439863 nfev=329 t=387.1s remaining=1674
    iter=327 E=-1.6493619553 nfev=330 t=388.3s remaining=1673
    iter=328 E=-1.6493800812 nfev=331 t=389.5s remaining=1672
    iter=329 E=-1.6494030089 nfev=332 t=390.7s remaining=1671
    iter=330 E=-1.6494263763 nfev=333 t=391.9s remaining=1670
    iter=331 E=-1.6494420370 nfev=334 t=393.1s remaining=1669
    iter=332 E=-1.6494549702 nfev=335 t=394.3s remaining=1668
    iter=333 E=-1.6494668747 nfev=336 t=395.5s remaining=1667
    iter=334 E=-1.6494767586 nfev=337 t=396.7s remaining=1666
    iter=335 E=-1.6494876911 nfev=338 t=397.9s remaining=1665
    iter=336 E=-1.6495008648 nfev=339 t=399.1s remaining=1664
    iter=337 E=-1.6495115220 nfev=340 t=400.3s remaining=1663
    iter=338 E=-1.6495242572 nfev=341 t=401.5s remaining=1662
    iter=339 E=-1.6495394071 nfev=342 t=402.6s remaining=1661
    iter=340 E=-1.6495573538 nfev=343 t=403.8s remaining=1660
    iter=341 E=-1.6495723864 nfev=344 t=405.0s remaining=1659
    iter=342 E=-1.6495897665 nfev=345 t=406.2s remaining=1658
    iter=343 E=-1.6496033189 nfev=346 t=407.4s remaining=1657
    iter=344 E=-1.6496151696 nfev=347 t=408.6s remaining=1656
    iter=345 E=-1.6496281411 nfev=348 t=409.8s remaining=1655
    iter=346 E=-1.6496386702 nfev=349 t=411.0s remaining=1654
    iter=347 E=-1.6496501710 nfev=350 t=412.2s remaining=1653
    iter=348 E=-1.6496646392 nfev=351 t=413.4s remaining=1652
    iter=349 E=-1.6496758030 nfev=352 t=414.6s remaining=1651
    iter=350 E=-1.6496886795 nfev=353 t=415.7s remaining=1650
    iter=351 E=-1.6497002185 nfev=354 t=417.1s remaining=1649
    iter=352 E=-1.6497146910 nfev=355 t=418.3s remaining=1648
    iter=353 E=-1.6497353834 nfev=356 t=419.5s remaining=1647
    iter=354 E=-1.6497594174 nfev=357 t=420.7s remaining=1646
    iter=355 E=-1.6497842746 nfev=358 t=421.8s remaining=1645
    iter=356 E=-1.6498095233 nfev=359 t=423.0s remaining=1644
    iter=357 E=-1.6498331575 nfev=360 t=424.2s remaining=1643
    iter=358 E=-1.6498540717 nfev=361 t=425.3s remaining=1642
    iter=359 E=-1.6498706233 nfev=362 t=426.5s remaining=1641
    iter=360 E=-1.6498871322 nfev=363 t=427.7s remaining=1640
    iter=361 E=-1.6499030046 nfev=364 t=428.8s remaining=1639
    iter=362 E=-1.6499165931 nfev=365 t=430.1s remaining=1638
    iter=363 E=-1.6499272864 nfev=366 t=431.2s remaining=1637
    iter=364 E=-1.6499370762 nfev=367 t=432.4s remaining=1636
    iter=365 E=-1.6499474373 nfev=368 t=433.6s remaining=1635
    iter=366 E=-1.6499608541 nfev=369 t=434.8s remaining=1634
    iter=367 E=-1.6499776915 nfev=370 t=435.9s remaining=1633
    iter=368 E=-1.6499944607 nfev=371 t=437.1s remaining=1632
    iter=369 E=-1.6500145121 nfev=372 t=438.3s remaining=1631
    iter=370 E=-1.6500346046 nfev=373 t=439.5s remaining=1630
    iter=371 E=-1.6500537999 nfev=374 t=440.7s remaining=1629
    iter=372 E=-1.6500709227 nfev=375 t=441.8s remaining=1628
    iter=373 E=-1.6500892435 nfev=376 t=442.9s remaining=1627
    iter=374 E=-1.6501004414 nfev=377 t=444.1s remaining=1626
    iter=375 E=-1.6501105157 nfev=378 t=445.2s remaining=1625
    iter=376 E=-1.6501231771 nfev=379 t=446.4s remaining=1624
    iter=377 E=-1.6501400161 nfev=380 t=447.6s remaining=1623
    iter=378 E=-1.6501534846 nfev=381 t=448.8s remaining=1622
    iter=379 E=-1.6501668627 nfev=382 t=449.9s remaining=1621
    iter=380 E=-1.6501829964 nfev=383 t=451.1s remaining=1620
    iter=381 E=-1.6501993085 nfev=384 t=452.2s remaining=1619
    iter=382 E=-1.6502133470 nfev=385 t=453.4s remaining=1618
    iter=383 E=-1.6502263728 nfev=386 t=454.6s remaining=1617
    iter=384 E=-1.6502369667 nfev=387 t=455.7s remaining=1616
    iter=385 E=-1.6502485920 nfev=388 t=456.9s remaining=1615
    iter=386 E=-1.6502610602 nfev=389 t=458.1s remaining=1614
    iter=387 E=-1.6502743035 nfev=390 t=459.2s remaining=1613
    iter=388 E=-1.6502849695 nfev=391 t=460.4s remaining=1612
    iter=389 E=-1.6502942754 nfev=392 t=461.5s remaining=1611
    iter=390 E=-1.6503018390 nfev=393 t=462.8s remaining=1610
    iter=391 E=-1.6503127790 nfev=394 t=464.0s remaining=1609
    iter=392 E=-1.6503267740 nfev=395 t=465.2s remaining=1608
    iter=393 E=-1.6503379755 nfev=396 t=466.4s remaining=1607
    iter=394 E=-1.6503528916 nfev=397 t=467.5s remaining=1606
    iter=395 E=-1.6503681083 nfev=398 t=468.7s remaining=1605
    iter=396 E=-1.6503803743 nfev=399 t=469.8s remaining=1604
    iter=397 E=-1.6503944305 nfev=400 t=470.9s remaining=1603
    iter=398 E=-1.6504079098 nfev=401 t=472.1s remaining=1602
    iter=399 E=-1.6504174918 nfev=402 t=473.2s remaining=1601
    iter=400 E=-1.6504270540 nfev=403 t=474.4s remaining=1600
    iter=401 E=-1.6504352676 nfev=404 t=475.5s remaining=1599
    iter=402 E=-1.6504443677 nfev=405 t=476.7s remaining=1598
    iter=403 E=-1.6504537670 nfev=406 t=477.8s remaining=1597
    iter=404 E=-1.6504648778 nfev=407 t=478.9s remaining=1596
    iter=405 E=-1.6504778987 nfev=408 t=480.1s remaining=1595
    iter=406 E=-1.6504899051 nfev=409 t=481.2s remaining=1594
    iter=407 E=-1.6504984317 nfev=410 t=482.4s remaining=1593
    iter=408 E=-1.6505065787 nfev=411 t=483.5s remaining=1592
    iter=409 E=-1.6505139072 nfev=412 t=484.6s remaining=1591
    iter=410 E=-1.6505226756 nfev=413 t=485.6s remaining=1590
    iter=411 E=-1.6505314776 nfev=414 t=486.8s remaining=1589
    iter=412 E=-1.6505411619 nfev=415 t=487.9s remaining=1588
    iter=413 E=-1.6505497172 nfev=416 t=489.1s remaining=1587
    iter=414 E=-1.6505579562 nfev=417 t=490.2s remaining=1586
    iter=415 E=-1.6505668990 nfev=418 t=491.4s remaining=1585
    iter=416 E=-1.6505771911 nfev=419 t=492.5s remaining=1584
    iter=417 E=-1.6505851580 nfev=420 t=493.7s remaining=1583
    iter=418 E=-1.6505937570 nfev=421 t=494.9s remaining=1582
    iter=419 E=-1.6506031914 nfev=422 t=496.1s remaining=1581
    iter=420 E=-1.6506135387 nfev=423 t=497.3s remaining=1580
    iter=421 E=-1.6506259371 nfev=424 t=498.5s remaining=1579
    iter=422 E=-1.6506358489 nfev=425 t=499.7s remaining=1578
    iter=423 E=-1.6506459935 nfev=426 t=500.8s remaining=1577
    iter=424 E=-1.6506572149 nfev=427 t=501.9s remaining=1576
    iter=425 E=-1.6506657603 nfev=428 t=503.1s remaining=1575
    iter=426 E=-1.6506703791 nfev=429 t=504.2s remaining=1574
    iter=427 E=-1.6506759645 nfev=430 t=505.3s remaining=1573
    iter=428 E=-1.6506831427 nfev=431 t=506.5s remaining=1572
    iter=429 E=-1.6506919497 nfev=432 t=507.6s remaining=1571
    iter=430 E=-1.6507017461 nfev=433 t=508.8s remaining=1570
    iter=431 E=-1.6507102692 nfev=434 t=510.0s remaining=1569
    iter=432 E=-1.6507167684 nfev=435 t=511.1s remaining=1568
    iter=433 E=-1.6507228546 nfev=436 t=512.3s remaining=1567
    iter=434 E=-1.6507296014 nfev=437 t=513.4s remaining=1566
    iter=435 E=-1.6507383380 nfev=438 t=514.6s remaining=1565
    iter=436 E=-1.6507489382 nfev=439 t=515.7s remaining=1564
    iter=437 E=-1.6507572200 nfev=440 t=516.9s remaining=1563
    iter=438 E=-1.6507648907 nfev=441 t=518.1s remaining=1562
    iter=439 E=-1.6507725718 nfev=442 t=519.2s remaining=1561
    iter=440 E=-1.6507796253 nfev=443 t=520.4s remaining=1560
    iter=441 E=-1.6507857275 nfev=444 t=521.6s remaining=1559
    iter=442 E=-1.6507929848 nfev=445 t=522.7s remaining=1558
    iter=443 E=-1.6508002148 nfev=446 t=523.9s remaining=1557
    iter=444 E=-1.6508099878 nfev=447 t=525.1s remaining=1556
    iter=445 E=-1.6508223357 nfev=448 t=526.3s remaining=1555
    iter=446 E=-1.6508301706 nfev=449 t=527.4s remaining=1554
    iter=447 E=-1.6508372932 nfev=450 t=528.6s remaining=1553
    iter=448 E=-1.6508454530 nfev=451 t=529.6s remaining=1552
    iter=449 E=-1.6508519412 nfev=452 t=530.8s remaining=1551
    iter=450 E=-1.6508570506 nfev=453 t=532.0s remaining=1550
    iter=451 E=-1.6508636640 nfev=454 t=533.1s remaining=1549
    iter=452 E=-1.6508729854 nfev=455 t=534.2s remaining=1548
    iter=453 E=-1.6508844049 nfev=456 t=535.4s remaining=1547
    iter=454 E=-1.6508968181 nfev=457 t=536.5s remaining=1546
    iter=455 E=-1.6509096463 nfev=458 t=537.7s remaining=1545
    iter=456 E=-1.6509208116 nfev=459 t=538.8s remaining=1544
    iter=457 E=-1.6509276892 nfev=460 t=540.0s remaining=1543
    iter=458 E=-1.6509341964 nfev=461 t=541.1s remaining=1542
    iter=459 E=-1.6509416741 nfev=462 t=542.4s remaining=1541
    iter=460 E=-1.6509487576 nfev=463 t=543.5s remaining=1540
    iter=461 E=-1.6509581715 nfev=464 t=544.7s remaining=1539
    iter=462 E=-1.6509668962 nfev=465 t=545.9s remaining=1538
    iter=463 E=-1.6509749500 nfev=466 t=547.0s remaining=1537
    iter=464 E=-1.6509828449 nfev=467 t=548.1s remaining=1536
    iter=465 E=-1.6509906498 nfev=468 t=549.3s remaining=1535
    iter=466 E=-1.6509996944 nfev=469 t=550.4s remaining=1534
    iter=467 E=-1.6510078297 nfev=470 t=551.6s remaining=1533
    iter=468 E=-1.6510126943 nfev=471 t=552.8s remaining=1532
    iter=469 E=-1.6510169050 nfev=472 t=553.9s remaining=1531
    iter=470 E=-1.6510218816 nfev=473 t=555.1s remaining=1530
    iter=471 E=-1.6510282387 nfev=474 t=556.3s remaining=1529
    iter=472 E=-1.6510351439 nfev=475 t=557.5s remaining=1528
    iter=473 E=-1.6510425247 nfev=476 t=558.8s remaining=1527
    iter=474 E=-1.6510510524 nfev=477 t=559.9s remaining=1526
    iter=475 E=-1.6510602699 nfev=478 t=561.1s remaining=1525
    iter=476 E=-1.6510679728 nfev=479 t=562.3s remaining=1524
    iter=477 E=-1.6510762359 nfev=480 t=563.4s remaining=1523
    iter=478 E=-1.6510846039 nfev=481 t=564.6s remaining=1522
    iter=479 E=-1.6510908908 nfev=482 t=565.7s remaining=1521
    iter=480 E=-1.6510973220 nfev=483 t=566.9s remaining=1520
    iter=481 E=-1.6511045649 nfev=484 t=568.0s remaining=1519
    iter=482 E=-1.6511119803 nfev=485 t=569.1s remaining=1518
    iter=483 E=-1.6511206559 nfev=486 t=570.2s remaining=1517
    iter=484 E=-1.6511291983 nfev=487 t=571.4s remaining=1516
    iter=485 E=-1.6511364206 nfev=488 t=572.5s remaining=1515
    iter=486 E=-1.6511442924 nfev=489 t=573.6s remaining=1514
    iter=487 E=-1.6511517501 nfev=490 t=574.7s remaining=1513
    iter=488 E=-1.6511585697 nfev=491 t=575.9s remaining=1512
    iter=489 E=-1.6511648388 nfev=492 t=577.0s remaining=1511
    iter=490 E=-1.6511726900 nfev=493 t=578.2s remaining=1510
    iter=491 E=-1.6511814022 nfev=494 t=579.4s remaining=1509
    iter=492 E=-1.6511895963 nfev=495 t=580.6s remaining=1508
    iter=493 E=-1.6511994828 nfev=496 t=581.9s remaining=1507
    iter=494 E=-1.6512069180 nfev=497 t=583.0s remaining=1506
    iter=495 E=-1.6512155578 nfev=498 t=584.2s remaining=1505
    iter=496 E=-1.6512272152 nfev=499 t=585.4s remaining=1504
    iter=497 E=-1.6512428475 nfev=500 t=586.6s remaining=1503
    iter=498 E=-1.6512568115 nfev=501 t=587.7s remaining=1502
    iter=499 E=-1.6512652624 nfev=502 t=588.8s remaining=1501
    iter=500 E=-1.6512704169 nfev=503 t=590.0s remaining=1500
    iter=501 E=-1.6512774028 nfev=504 t=591.2s remaining=1499
    iter=502 E=-1.6512837657 nfev=505 t=592.4s remaining=1498
    iter=503 E=-1.6512903377 nfev=506 t=593.8s remaining=1497
    iter=504 E=-1.6512961859 nfev=507 t=595.1s remaining=1496
    iter=505 E=-1.6513033215 nfev=508 t=596.4s remaining=1495
    iter=506 E=-1.6513111379 nfev=509 t=597.5s remaining=1494
    iter=507 E=-1.6513201654 nfev=510 t=598.6s remaining=1493
    iter=508 E=-1.6513294921 nfev=511 t=599.8s remaining=1492
    iter=509 E=-1.6513351575 nfev=512 t=600.9s remaining=1491
    iter=510 E=-1.6513416696 nfev=513 t=602.1s remaining=1490
    iter=511 E=-1.6513483071 nfev=514 t=603.2s remaining=1489
    iter=512 E=-1.6513539535 nfev=515 t=604.3s remaining=1488
    iter=513 E=-1.6513610958 nfev=516 t=605.5s remaining=1487
    iter=514 E=-1.6513684533 nfev=517 t=606.6s remaining=1486
    iter=515 E=-1.6513726516 nfev=518 t=607.8s remaining=1485
    iter=516 E=-1.6513770204 nfev=519 t=608.9s remaining=1484
    iter=517 E=-1.6513817891 nfev=520 t=610.0s remaining=1483
    iter=518 E=-1.6513872873 nfev=521 t=611.2s remaining=1482
    iter=519 E=-1.6513939253 nfev=522 t=612.3s remaining=1481
    iter=520 E=-1.6514013226 nfev=523 t=613.5s remaining=1480
    iter=521 E=-1.6514098801 nfev=524 t=614.6s remaining=1479
    iter=522 E=-1.6514184275 nfev=525 t=615.7s remaining=1478
    iter=523 E=-1.6514250125 nfev=526 t=616.9s remaining=1477
    iter=524 E=-1.6514310924 nfev=527 t=618.0s remaining=1476
    iter=525 E=-1.6514361791 nfev=528 t=619.2s remaining=1475
    iter=526 E=-1.6514392408 nfev=529 t=620.5s remaining=1474
    iter=527 E=-1.6514421198 nfev=530 t=621.6s remaining=1473
    iter=528 E=-1.6514456103 nfev=531 t=622.8s remaining=1472
    iter=529 E=-1.6514496359 nfev=532 t=623.9s remaining=1471
    iter=530 E=-1.6514557632 nfev=533 t=625.1s remaining=1470
    iter=531 E=-1.6514646256 nfev=534 t=626.2s remaining=1469
    iter=532 E=-1.6514727191 nfev=535 t=627.4s remaining=1468
    iter=533 E=-1.6514771841 nfev=536 t=628.5s remaining=1467
    iter=534 E=-1.6514819374 nfev=537 t=629.6s remaining=1466
    iter=535 E=-1.6514864245 nfev=538 t=630.8s remaining=1465
    iter=536 E=-1.6514903529 nfev=539 t=631.9s remaining=1464
    iter=537 E=-1.6514946214 nfev=540 t=633.1s remaining=1463
    iter=538 E=-1.6514984164 nfev=541 t=634.2s remaining=1462
    iter=539 E=-1.6515021663 nfev=542 t=635.4s remaining=1461
    iter=540 E=-1.6515059980 nfev=543 t=636.5s remaining=1460
    iter=541 E=-1.6515108927 nfev=544 t=637.6s remaining=1459
    iter=542 E=-1.6515153651 nfev=545 t=638.8s remaining=1458
    iter=543 E=-1.6515202264 nfev=546 t=639.9s remaining=1457
    iter=544 E=-1.6515267126 nfev=547 t=641.1s remaining=1456
    iter=545 E=-1.6515315733 nfev=548 t=642.2s remaining=1455
    iter=546 E=-1.6515364289 nfev=549 t=643.4s remaining=1454
    iter=547 E=-1.6515419164 nfev=550 t=644.6s remaining=1453
    iter=548 E=-1.6515458223 nfev=551 t=645.8s remaining=1452
    iter=549 E=-1.6515486764 nfev=552 t=647.0s remaining=1451
    iter=550 E=-1.6515524338 nfev=553 t=648.1s remaining=1450
    iter=551 E=-1.6515580045 nfev=554 t=649.3s remaining=1449
    iter=552 E=-1.6515644545 nfev=555 t=650.6s remaining=1448
    iter=553 E=-1.6515696670 nfev=556 t=651.7s remaining=1447
    iter=554 E=-1.6515750738 nfev=557 t=652.9s remaining=1446
    iter=555 E=-1.6515812368 nfev=558 t=654.1s remaining=1445
    iter=556 E=-1.6515854981 nfev=559 t=655.2s remaining=1444
    iter=557 E=-1.6515906646 nfev=560 t=656.3s remaining=1443
    iter=558 E=-1.6515947907 nfev=561 t=657.5s remaining=1442
    iter=559 E=-1.6515981873 nfev=562 t=658.6s remaining=1441
    iter=560 E=-1.6516012975 nfev=563 t=659.7s remaining=1440
    iter=561 E=-1.6516051177 nfev=564 t=660.9s remaining=1439
    iter=562 E=-1.6516107184 nfev=565 t=662.1s remaining=1438
    iter=563 E=-1.6516186583 nfev=566 t=663.3s remaining=1437
    iter=564 E=-1.6516266028 nfev=567 t=664.6s remaining=1436
    iter=565 E=-1.6516344438 nfev=568 t=665.9s remaining=1435
    iter=566 E=-1.6516429321 nfev=569 t=667.2s remaining=1434
    iter=567 E=-1.6516501170 nfev=570 t=668.4s remaining=1433
    iter=568 E=-1.6516558930 nfev=571 t=669.6s remaining=1432
    iter=569 E=-1.6516605656 nfev=572 t=670.8s remaining=1431
    iter=570 E=-1.6516641892 nfev=573 t=671.9s remaining=1430
    iter=571 E=-1.6516667820 nfev=574 t=673.2s remaining=1429
    iter=572 E=-1.6516701151 nfev=575 t=674.4s remaining=1428
    iter=573 E=-1.6516746687 nfev=576 t=675.6s remaining=1427
    iter=574 E=-1.6516791023 nfev=577 t=676.8s remaining=1426
    iter=575 E=-1.6516833822 nfev=578 t=677.9s remaining=1425
    iter=576 E=-1.6516866774 nfev=579 t=679.1s remaining=1424
    iter=577 E=-1.6516902046 nfev=580 t=680.3s remaining=1423
    iter=578 E=-1.6516938294 nfev=581 t=681.4s remaining=1422
    iter=579 E=-1.6516977613 nfev=582 t=682.5s remaining=1421
    iter=580 E=-1.6517022596 nfev=583 t=683.7s remaining=1420
    iter=581 E=-1.6517061536 nfev=584 t=684.9s remaining=1419
    iter=582 E=-1.6517101323 nfev=585 t=686.0s remaining=1418
    iter=583 E=-1.6517140862 nfev=586 t=687.3s remaining=1417
    iter=584 E=-1.6517180608 nfev=587 t=688.4s remaining=1416
    iter=585 E=-1.6517220248 nfev=588 t=689.5s remaining=1415
    iter=586 E=-1.6517258238 nfev=589 t=690.6s remaining=1414
    iter=587 E=-1.6517288323 nfev=590 t=691.7s remaining=1413
    iter=588 E=-1.6517318050 nfev=591 t=692.9s remaining=1412
    iter=589 E=-1.6517355243 nfev=592 t=694.1s remaining=1411
    iter=590 E=-1.6517395575 nfev=593 t=695.2s remaining=1410
    iter=591 E=-1.6517439105 nfev=594 t=696.3s remaining=1409
    iter=592 E=-1.6517484373 nfev=595 t=697.4s remaining=1408
    iter=593 E=-1.6517518044 nfev=596 t=698.5s remaining=1407
    iter=594 E=-1.6517563145 nfev=597 t=699.6s remaining=1406
    iter=595 E=-1.6517617031 nfev=598 t=700.7s remaining=1405
    iter=596 E=-1.6517657813 nfev=599 t=701.9s remaining=1404
    iter=597 E=-1.6517686126 nfev=600 t=703.0s remaining=1403
    iter=598 E=-1.6517713438 nfev=601 t=704.1s remaining=1402
    iter=599 E=-1.6517746478 nfev=602 t=705.3s remaining=1401
    iter=600 E=-1.6517784067 nfev=603 t=706.4s remaining=1400
    iter=601 E=-1.6517830434 nfev=604 t=707.5s remaining=1399
    iter=602 E=-1.6517876575 nfev=605 t=708.6s remaining=1398
    iter=603 E=-1.6517910327 nfev=606 t=709.7s remaining=1397
    iter=604 E=-1.6517943105 nfev=607 t=710.8s remaining=1396
    iter=605 E=-1.6517983685 nfev=608 t=711.9s remaining=1395
    iter=606 E=-1.6518021722 nfev=609 t=713.1s remaining=1394
    iter=607 E=-1.6518050253 nfev=610 t=714.2s remaining=1393
    iter=608 E=-1.6518074000 nfev=611 t=715.3s remaining=1392
    iter=609 E=-1.6518097335 nfev=612 t=716.5s remaining=1391
    iter=610 E=-1.6518119171 nfev=613 t=717.6s remaining=1390
    iter=611 E=-1.6518150872 nfev=614 t=718.7s remaining=1389
    iter=612 E=-1.6518191683 nfev=615 t=719.8s remaining=1388
    iter=613 E=-1.6518238083 nfev=616 t=720.9s remaining=1387
    iter=614 E=-1.6518299371 nfev=617 t=722.1s remaining=1386
    iter=615 E=-1.6518367879 nfev=618 t=723.3s remaining=1385
    iter=616 E=-1.6518420334 nfev=619 t=724.4s remaining=1384
    iter=617 E=-1.6518464319 nfev=620 t=725.6s remaining=1383
    iter=618 E=-1.6518500866 nfev=621 t=726.8s remaining=1382
    iter=619 E=-1.6518528554 nfev=622 t=728.0s remaining=1381
    iter=620 E=-1.6518552345 nfev=623 t=729.2s remaining=1380
    iter=621 E=-1.6518581813 nfev=624 t=730.5s remaining=1379
    iter=622 E=-1.6518617585 nfev=625 t=731.7s remaining=1378
    iter=623 E=-1.6518646755 nfev=626 t=732.9s remaining=1377
    iter=624 E=-1.6518668228 nfev=627 t=734.0s remaining=1376
    iter=625 E=-1.6518684843 nfev=628 t=735.2s remaining=1375
    iter=626 E=-1.6518708171 nfev=629 t=736.4s remaining=1374
    iter=627 E=-1.6518745221 nfev=630 t=737.5s remaining=1373
    iter=628 E=-1.6518799754 nfev=631 t=738.6s remaining=1372
    iter=629 E=-1.6518857293 nfev=632 t=739.7s remaining=1371
    iter=630 E=-1.6518901240 nfev=633 t=740.9s remaining=1370
    iter=631 E=-1.6518951877 nfev=634 t=742.3s remaining=1369
    iter=632 E=-1.6519001993 nfev=635 t=743.4s remaining=1368
    iter=633 E=-1.6519029538 nfev=636 t=744.5s remaining=1367
    iter=634 E=-1.6519070468 nfev=637 t=745.7s remaining=1366
    iter=635 E=-1.6519126457 nfev=638 t=746.8s remaining=1365
    iter=636 E=-1.6519163804 nfev=639 t=747.9s remaining=1364
    iter=637 E=-1.6519196906 nfev=640 t=749.0s remaining=1363
    iter=638 E=-1.6519227302 nfev=641 t=750.1s remaining=1362
    iter=639 E=-1.6519252943 nfev=642 t=751.2s remaining=1361
    iter=640 E=-1.6519273724 nfev=643 t=752.4s remaining=1360
    iter=641 E=-1.6519294662 nfev=644 t=753.5s remaining=1359
    iter=642 E=-1.6519323974 nfev=645 t=754.7s remaining=1358
    iter=643 E=-1.6519361807 nfev=646 t=755.8s remaining=1357
    iter=644 E=-1.6519408218 nfev=647 t=756.9s remaining=1356
    iter=645 E=-1.6519464661 nfev=648 t=758.1s remaining=1355
    iter=646 E=-1.6519519560 nfev=649 t=759.3s remaining=1354
    iter=647 E=-1.6519561869 nfev=650 t=760.5s remaining=1353
    iter=648 E=-1.6519600696 nfev=651 t=761.7s remaining=1352
    iter=649 E=-1.6519633607 nfev=652 t=762.8s remaining=1351
    iter=650 E=-1.6519667332 nfev=653 t=764.1s remaining=1350
    iter=651 E=-1.6519700954 nfev=654 t=765.3s remaining=1349
    iter=652 E=-1.6519730429 nfev=655 t=766.4s remaining=1348
    iter=653 E=-1.6519753637 nfev=656 t=767.6s remaining=1347
    iter=654 E=-1.6519776684 nfev=657 t=768.7s remaining=1346
    iter=655 E=-1.6519802439 nfev=658 t=769.8s remaining=1345
    iter=656 E=-1.6519834026 nfev=659 t=771.0s remaining=1344
    iter=657 E=-1.6519874561 nfev=660 t=772.1s remaining=1343
    iter=658 E=-1.6519927347 nfev=661 t=773.3s remaining=1342
    iter=659 E=-1.6519983007 nfev=662 t=774.4s remaining=1341
    iter=660 E=-1.6520011676 nfev=663 t=775.5s remaining=1340
    iter=661 E=-1.6520051800 nfev=664 t=776.7s remaining=1339
    iter=662 E=-1.6520088040 nfev=665 t=777.9s remaining=1338
    iter=663 E=-1.6520110849 nfev=666 t=779.0s remaining=1337
    iter=664 E=-1.6520132666 nfev=667 t=780.2s remaining=1336
    iter=665 E=-1.6520160410 nfev=668 t=781.4s remaining=1335
    iter=666 E=-1.6520183701 nfev=669 t=782.7s remaining=1334
    iter=667 E=-1.6520208055 nfev=670 t=783.9s remaining=1333
    iter=668 E=-1.6520228076 nfev=671 t=785.0s remaining=1332
    iter=669 E=-1.6520250045 nfev=672 t=786.2s remaining=1331
    iter=670 E=-1.6520272673 nfev=673 t=787.3s remaining=1330
    iter=671 E=-1.6520297873 nfev=674 t=788.5s remaining=1329
    iter=672 E=-1.6520320531 nfev=675 t=789.6s remaining=1328
    iter=673 E=-1.6520339214 nfev=676 t=790.8s remaining=1327
    iter=674 E=-1.6520352557 nfev=677 t=792.0s remaining=1326
    iter=675 E=-1.6520366581 nfev=678 t=793.1s remaining=1325
    iter=676 E=-1.6520382627 nfev=679 t=794.3s remaining=1324
    iter=677 E=-1.6520403897 nfev=680 t=795.5s remaining=1323
    iter=678 E=-1.6520427424 nfev=681 t=796.7s remaining=1322
    iter=679 E=-1.6520457400 nfev=682 t=797.9s remaining=1321
    iter=680 E=-1.6520497557 nfev=683 t=799.2s remaining=1320
    iter=681 E=-1.6520538364 nfev=684 t=800.4s remaining=1319
    iter=682 E=-1.6520568366 nfev=685 t=801.6s remaining=1318
    iter=683 E=-1.6520598449 nfev=686 t=802.8s remaining=1317
    iter=684 E=-1.6520621188 nfev=687 t=804.0s remaining=1316
    iter=685 E=-1.6520639160 nfev=688 t=805.2s remaining=1315
    iter=686 E=-1.6520660236 nfev=689 t=806.4s remaining=1314
    iter=687 E=-1.6520686022 nfev=690 t=807.5s remaining=1313
    iter=688 E=-1.6520705805 nfev=691 t=808.6s remaining=1312
    iter=689 E=-1.6520723466 nfev=692 t=809.8s remaining=1311
    iter=690 E=-1.6520741350 nfev=693 t=811.0s remaining=1310
    iter=691 E=-1.6520761754 nfev=694 t=812.2s remaining=1309
    iter=692 E=-1.6520781688 nfev=695 t=813.4s remaining=1308
    iter=693 E=-1.6520804359 nfev=696 t=814.6s remaining=1307
    iter=694 E=-1.6520826349 nfev=697 t=815.8s remaining=1306
    iter=695 E=-1.6520846421 nfev=698 t=817.0s remaining=1305
    iter=696 E=-1.6520869784 nfev=699 t=818.1s remaining=1304
    iter=697 E=-1.6520900169 nfev=700 t=819.3s remaining=1303
    iter=698 E=-1.6520930783 nfev=701 t=820.5s remaining=1302
    iter=699 E=-1.6520962679 nfev=702 t=821.6s remaining=1301
    iter=700 E=-1.6520987690 nfev=703 t=822.7s remaining=1300
    iter=701 E=-1.6520999033 nfev=704 t=823.9s remaining=1299
    iter=702 E=-1.6521013050 nfev=705 t=825.1s remaining=1298
    iter=703 E=-1.6521027101 nfev=706 t=826.2s remaining=1297
    iter=704 E=-1.6521044150 nfev=707 t=827.4s remaining=1296
    iter=705 E=-1.6521067935 nfev=708 t=828.5s remaining=1295
    iter=706 E=-1.6521092126 nfev=709 t=829.7s remaining=1294
    iter=707 E=-1.6521112949 nfev=710 t=830.8s remaining=1293
    iter=708 E=-1.6521137528 nfev=711 t=832.0s remaining=1292
    iter=709 E=-1.6521162869 nfev=712 t=833.2s remaining=1291
    iter=710 E=-1.6521182721 nfev=713 t=834.3s remaining=1290
    iter=711 E=-1.6521204589 nfev=714 t=835.5s remaining=1289
    iter=712 E=-1.6521224732 nfev=715 t=836.6s remaining=1288
    iter=713 E=-1.6521236974 nfev=716 t=837.8s remaining=1287
    iter=714 E=-1.6521251257 nfev=717 t=839.0s remaining=1286
    iter=715 E=-1.6521269227 nfev=718 t=840.1s remaining=1285
    iter=716 E=-1.6521285729 nfev=719 t=841.4s remaining=1284
    iter=717 E=-1.6521300465 nfev=720 t=842.5s remaining=1283
    iter=718 E=-1.6521314463 nfev=721 t=843.7s remaining=1282
    iter=719 E=-1.6521325086 nfev=722 t=844.9s remaining=1281
    iter=720 E=-1.6521335979 nfev=723 t=846.0s remaining=1280
    iter=721 E=-1.6521346158 nfev=724 t=847.2s remaining=1279
    iter=722 E=-1.6521356820 nfev=725 t=848.7s remaining=1278
    iter=723 E=-1.6521370970 nfev=726 t=849.9s remaining=1277
    iter=724 E=-1.6521389661 nfev=727 t=851.1s remaining=1276
    iter=725 E=-1.6521413739 nfev=728 t=852.5s remaining=1275
    iter=726 E=-1.6521435606 nfev=729 t=853.6s remaining=1274
    iter=727 E=-1.6521452538 nfev=730 t=854.9s remaining=1273
    iter=728 E=-1.6521467910 nfev=731 t=856.1s remaining=1272
    iter=729 E=-1.6521483866 nfev=732 t=857.3s remaining=1271
    iter=730 E=-1.6521498355 nfev=733 t=858.6s remaining=1270
    iter=731 E=-1.6521513092 nfev=734 t=859.9s remaining=1269
    iter=732 E=-1.6521524677 nfev=735 t=861.2s remaining=1268
    iter=733 E=-1.6521535373 nfev=736 t=862.6s remaining=1267
    iter=734 E=-1.6521548139 nfev=737 t=865.0s remaining=1266
    iter=735 E=-1.6521559249 nfev=738 t=866.3s remaining=1265
    iter=736 E=-1.6521570356 nfev=739 t=867.6s remaining=1264
    iter=737 E=-1.6521581910 nfev=740 t=868.8s remaining=1263
    iter=738 E=-1.6521594859 nfev=741 t=870.0s remaining=1262
    iter=739 E=-1.6521609614 nfev=742 t=871.3s remaining=1261
    iter=740 E=-1.6521626733 nfev=743 t=872.5s remaining=1260
    iter=741 E=-1.6521648018 nfev=744 t=873.7s remaining=1259
    iter=742 E=-1.6521671994 nfev=745 t=874.8s remaining=1258
    iter=743 E=-1.6521694603 nfev=746 t=876.1s remaining=1257
    iter=744 E=-1.6521710694 nfev=747 t=877.2s remaining=1256
    iter=745 E=-1.6521723003 nfev=748 t=878.4s remaining=1255
    iter=746 E=-1.6521735364 nfev=749 t=879.6s remaining=1254
    iter=747 E=-1.6521744318 nfev=750 t=880.9s remaining=1253
    iter=748 E=-1.6521751849 nfev=751 t=882.1s remaining=1252
    iter=749 E=-1.6521758497 nfev=752 t=883.3s remaining=1251
    iter=750 E=-1.6521765142 nfev=753 t=884.5s remaining=1250
    iter=751 E=-1.6521772350 nfev=754 t=885.8s remaining=1249
    iter=752 E=-1.6521782834 nfev=755 t=887.1s remaining=1248
    iter=753 E=-1.6521798093 nfev=756 t=888.3s remaining=1247
    iter=754 E=-1.6521818912 nfev=757 t=889.5s remaining=1246
    iter=755 E=-1.6521844609 nfev=758 t=890.7s remaining=1245
    iter=756 E=-1.6521869894 nfev=759 t=891.9s remaining=1244
    iter=757 E=-1.6521892743 nfev=760 t=893.1s remaining=1243
    iter=758 E=-1.6521906234 nfev=761 t=894.3s remaining=1242
    iter=759 E=-1.6521913734 nfev=762 t=895.6s remaining=1241
    iter=760 E=-1.6521920077 nfev=763 t=896.8s remaining=1240
    iter=761 E=-1.6521926516 nfev=764 t=897.9s remaining=1239
    iter=762 E=-1.6521931680 nfev=765 t=899.1s remaining=1238
    iter=763 E=-1.6521939413 nfev=766 t=900.3s remaining=1237
    iter=764 E=-1.6521951660 nfev=767 t=901.4s remaining=1236
    iter=765 E=-1.6521971149 nfev=768 t=902.6s remaining=1235
    iter=766 E=-1.6521999162 nfev=769 t=903.7s remaining=1234
    iter=767 E=-1.6522025760 nfev=770 t=904.8s remaining=1233
    iter=768 E=-1.6522044792 nfev=771 t=905.9s remaining=1232
    iter=769 E=-1.6522059645 nfev=772 t=907.0s remaining=1231
    iter=770 E=-1.6522067825 nfev=773 t=908.1s remaining=1230
    iter=771 E=-1.6522078440 nfev=774 t=909.3s remaining=1229
    iter=772 E=-1.6522091563 nfev=775 t=910.4s remaining=1228
    iter=773 E=-1.6522107925 nfev=776 t=911.6s remaining=1227
    iter=774 E=-1.6522122131 nfev=777 t=912.7s remaining=1226
    iter=775 E=-1.6522130355 nfev=778 t=913.8s remaining=1225
    iter=776 E=-1.6522138195 nfev=779 t=915.0s remaining=1224
    iter=777 E=-1.6522146679 nfev=780 t=916.3s remaining=1223
    iter=778 E=-1.6522154740 nfev=781 t=917.5s remaining=1222
    iter=779 E=-1.6522167007 nfev=782 t=918.6s remaining=1221
    iter=780 E=-1.6522185084 nfev=783 t=919.8s remaining=1220
    iter=781 E=-1.6522208639 nfev=784 t=920.9s remaining=1219
    iter=782 E=-1.6522231993 nfev=785 t=922.3s remaining=1218
    iter=783 E=-1.6522252237 nfev=786 t=923.5s remaining=1217
    iter=784 E=-1.6522265937 nfev=787 t=924.6s remaining=1216
    iter=785 E=-1.6522276161 nfev=788 t=925.8s remaining=1215
    iter=786 E=-1.6522286322 nfev=789 t=927.0s remaining=1214
    iter=787 E=-1.6522295772 nfev=790 t=928.3s remaining=1213
    iter=788 E=-1.6522301703 nfev=791 t=929.6s remaining=1212
    iter=789 E=-1.6522308118 nfev=792 t=930.9s remaining=1211
    iter=790 E=-1.6522316611 nfev=793 t=932.0s remaining=1210
    iter=791 E=-1.6522327877 nfev=794 t=933.2s remaining=1209
    iter=792 E=-1.6522342895 nfev=795 t=934.4s remaining=1208
    iter=793 E=-1.6522362314 nfev=796 t=935.5s remaining=1207
    iter=794 E=-1.6522387828 nfev=797 t=936.7s remaining=1206
    iter=795 E=-1.6522416841 nfev=798 t=937.8s remaining=1205
    iter=796 E=-1.6522442368 nfev=799 t=939.0s remaining=1204
    iter=797 E=-1.6522462086 nfev=800 t=940.1s remaining=1203
    iter=798 E=-1.6522469472 nfev=801 t=941.2s remaining=1202
    iter=799 E=-1.6522479482 nfev=802 t=942.4s remaining=1201
    iter=800 E=-1.6522486253 nfev=803 t=943.5s remaining=1200
    iter=801 E=-1.6522491282 nfev=804 t=944.7s remaining=1199
    iter=802 E=-1.6522498047 nfev=805 t=945.9s remaining=1198
    iter=803 E=-1.6522507137 nfev=806 t=947.0s remaining=1197
    iter=804 E=-1.6522517668 nfev=807 t=948.3s remaining=1196
    iter=805 E=-1.6522532979 nfev=808 t=949.4s remaining=1195
    iter=806 E=-1.6522555941 nfev=809 t=950.6s remaining=1194
    iter=807 E=-1.6522587681 nfev=810 t=951.7s remaining=1193
    iter=808 E=-1.6522617920 nfev=811 t=952.9s remaining=1192
    iter=809 E=-1.6522643595 nfev=812 t=954.0s remaining=1191
    iter=810 E=-1.6522664876 nfev=813 t=955.1s remaining=1190
    iter=811 E=-1.6522677298 nfev=814 t=956.2s remaining=1189
    iter=812 E=-1.6522681839 nfev=815 t=957.4s remaining=1188
    iter=813 E=-1.6522687508 nfev=816 t=958.5s remaining=1187
    iter=814 E=-1.6522691345 nfev=817 t=959.7s remaining=1186
    iter=815 E=-1.6522696676 nfev=818 t=960.9s remaining=1185
    iter=816 E=-1.6522703940 nfev=819 t=962.1s remaining=1184
    iter=817 E=-1.6522714096 nfev=820 t=963.3s remaining=1183
    iter=818 E=-1.6522727737 nfev=821 t=964.5s remaining=1182
    iter=819 E=-1.6522745127 nfev=822 t=965.8s remaining=1181
    iter=820 E=-1.6522769168 nfev=823 t=967.0s remaining=1180
    iter=821 E=-1.6522801178 nfev=824 t=968.3s remaining=1179
    iter=822 E=-1.6522829850 nfev=825 t=969.5s remaining=1178
    iter=823 E=-1.6522851382 nfev=826 t=970.8s remaining=1177
    iter=824 E=-1.6522868405 nfev=827 t=972.0s remaining=1176
    iter=825 E=-1.6522881763 nfev=828 t=973.3s remaining=1175
    iter=826 E=-1.6522892072 nfev=829 t=974.5s remaining=1174
    iter=827 E=-1.6522902396 nfev=830 t=975.7s remaining=1173
    iter=828 E=-1.6522914544 nfev=831 t=976.9s remaining=1172
    iter=829 E=-1.6522930200 nfev=832 t=978.2s remaining=1171
    iter=830 E=-1.6522947022 nfev=833 t=979.6s remaining=1170
    iter=831 E=-1.6522962896 nfev=834 t=980.9s remaining=1169
    iter=832 E=-1.6522975462 nfev=835 t=982.1s remaining=1168
    iter=833 E=-1.6522988608 nfev=836 t=983.3s remaining=1167
    iter=834 E=-1.6523000987 nfev=837 t=984.6s remaining=1166
    iter=835 E=-1.6523018516 nfev=838 t=986.0s remaining=1165
    iter=836 E=-1.6523034212 nfev=839 t=987.4s remaining=1164
    iter=837 E=-1.6523047320 nfev=840 t=988.6s remaining=1163
    iter=838 E=-1.6523059538 nfev=841 t=990.1s remaining=1162
    iter=839 E=-1.6523073816 nfev=842 t=991.7s remaining=1161
    iter=840 E=-1.6523083698 nfev=843 t=993.0s remaining=1160
    iter=841 E=-1.6523092748 nfev=844 t=994.4s remaining=1159
    iter=842 E=-1.6523102912 nfev=845 t=995.7s remaining=1158
    iter=843 E=-1.6523113431 nfev=846 t=996.9s remaining=1157
    iter=844 E=-1.6523122916 nfev=847 t=998.3s remaining=1156
    iter=845 E=-1.6523133209 nfev=848 t=999.6s remaining=1155
    iter=846 E=-1.6523146151 nfev=849 t=1000.8s remaining=1154
    iter=847 E=-1.6523163473 nfev=850 t=1001.9s remaining=1153
    iter=848 E=-1.6523185477 nfev=851 t=1003.1s remaining=1152
    iter=849 E=-1.6523204412 nfev=852 t=1004.3s remaining=1151
    iter=850 E=-1.6523220344 nfev=853 t=1005.5s remaining=1150
    iter=851 E=-1.6523231950 nfev=854 t=1006.6s remaining=1149
    iter=852 E=-1.6523240500 nfev=855 t=1007.8s remaining=1148
    iter=853 E=-1.6523248185 nfev=856 t=1009.0s remaining=1147
    iter=854 E=-1.6523257546 nfev=857 t=1010.1s remaining=1146
    iter=855 E=-1.6523267436 nfev=858 t=1011.3s remaining=1145
    iter=856 E=-1.6523274327 nfev=859 t=1012.5s remaining=1144
    iter=857 E=-1.6523281572 nfev=860 t=1013.6s remaining=1143
    iter=858 E=-1.6523291122 nfev=861 t=1014.8s remaining=1142
    iter=859 E=-1.6523304264 nfev=862 t=1015.9s remaining=1141
    iter=860 E=-1.6523319919 nfev=863 t=1017.1s remaining=1140
    iter=861 E=-1.6523341541 nfev=864 t=1018.3s remaining=1139
    iter=862 E=-1.6523367979 nfev=865 t=1019.4s remaining=1138
    iter=863 E=-1.6523388683 nfev=866 t=1020.6s remaining=1137
    iter=864 E=-1.6523403566 nfev=867 t=1021.8s remaining=1136
    iter=865 E=-1.6523418915 nfev=868 t=1023.0s remaining=1135
    iter=866 E=-1.6523430292 nfev=869 t=1024.1s remaining=1134
    iter=867 E=-1.6523438272 nfev=870 t=1025.3s remaining=1133
    iter=868 E=-1.6523445607 nfev=871 t=1026.5s remaining=1132
    iter=869 E=-1.6523452299 nfev=872 t=1027.6s remaining=1131
    iter=870 E=-1.6523456863 nfev=873 t=1028.8s remaining=1130
    iter=871 E=-1.6523461000 nfev=874 t=1030.0s remaining=1129
    iter=872 E=-1.6523464715 nfev=875 t=1031.1s remaining=1128
    iter=873 E=-1.6523469850 nfev=876 t=1032.3s remaining=1127
    iter=874 E=-1.6523474725 nfev=877 t=1033.5s remaining=1126
    iter=875 E=-1.6523481344 nfev=878 t=1034.7s remaining=1125
    iter=876 E=-1.6523490101 nfev=879 t=1035.8s remaining=1124
    iter=877 E=-1.6523500722 nfev=880 t=1037.0s remaining=1123
    iter=878 E=-1.6523513243 nfev=881 t=1038.3s remaining=1122
    iter=879 E=-1.6523525805 nfev=882 t=1039.5s remaining=1121
    iter=880 E=-1.6523541408 nfev=883 t=1040.6s remaining=1120
    iter=881 E=-1.6523558905 nfev=884 t=1041.8s remaining=1119
    iter=882 E=-1.6523580252 nfev=885 t=1043.0s remaining=1118
    iter=883 E=-1.6523602449 nfev=886 t=1044.2s remaining=1117
    iter=884 E=-1.6523613806 nfev=887 t=1045.4s remaining=1116
    iter=885 E=-1.6523619926 nfev=888 t=1046.6s remaining=1115
    iter=886 E=-1.6523627590 nfev=889 t=1047.8s remaining=1114
    iter=887 E=-1.6523632214 nfev=890 t=1048.9s remaining=1113
    iter=888 E=-1.6523636121 nfev=891 t=1050.1s remaining=1112
    iter=889 E=-1.6523641462 nfev=892 t=1051.2s remaining=1111
    iter=890 E=-1.6523647680 nfev=893 t=1052.4s remaining=1110
    iter=891 E=-1.6523653741 nfev=894 t=1053.5s remaining=1109
    iter=892 E=-1.6523660786 nfev=895 t=1054.7s remaining=1108
    iter=893 E=-1.6523669984 nfev=896 t=1055.8s remaining=1107
    iter=894 E=-1.6523683448 nfev=897 t=1057.0s remaining=1106
    iter=895 E=-1.6523701378 nfev=898 t=1058.4s remaining=1105
    iter=896 E=-1.6523719402 nfev=899 t=1059.5s remaining=1104
    iter=897 E=-1.6523736885 nfev=900 t=1060.7s remaining=1103
    iter=898 E=-1.6523751464 nfev=901 t=1061.8s remaining=1102
    iter=899 E=-1.6523763850 nfev=902 t=1062.9s remaining=1101
    iter=900 E=-1.6523773759 nfev=903 t=1064.1s remaining=1100
    iter=901 E=-1.6523780661 nfev=904 t=1065.4s remaining=1099
    iter=902 E=-1.6523785311 nfev=905 t=1066.6s remaining=1098
    iter=903 E=-1.6523789287 nfev=906 t=1067.7s remaining=1097
    iter=904 E=-1.6523792916 nfev=907 t=1068.8s remaining=1096
    iter=905 E=-1.6523796035 nfev=908 t=1069.9s remaining=1095
    iter=906 E=-1.6523799556 nfev=909 t=1071.1s remaining=1094
    iter=907 E=-1.6523803981 nfev=910 t=1072.2s remaining=1093
    iter=908 E=-1.6523809728 nfev=911 t=1073.4s remaining=1092
    iter=909 E=-1.6523817083 nfev=912 t=1074.5s remaining=1091
    iter=910 E=-1.6523828091 nfev=913 t=1075.7s remaining=1090
    iter=911 E=-1.6523843929 nfev=914 t=1076.8s remaining=1089
    iter=912 E=-1.6523863835 nfev=915 t=1078.0s remaining=1088
    iter=913 E=-1.6523882444 nfev=916 t=1079.1s remaining=1087
    iter=914 E=-1.6523901072 nfev=917 t=1080.4s remaining=1086
    iter=915 E=-1.6523912090 nfev=918 t=1081.6s remaining=1085
    iter=916 E=-1.6523919594 nfev=919 t=1082.8s remaining=1084
    iter=917 E=-1.6523924689 nfev=920 t=1083.9s remaining=1083
    iter=918 E=-1.6523928817 nfev=921 t=1085.0s remaining=1082
    iter=919 E=-1.6523931750 nfev=922 t=1086.1s remaining=1081
    iter=920 E=-1.6523935133 nfev=923 t=1087.2s remaining=1080
    iter=921 E=-1.6523939442 nfev=924 t=1088.3s remaining=1079
    iter=922 E=-1.6523942836 nfev=925 t=1089.4s remaining=1078
    iter=923 E=-1.6523947150 nfev=926 t=1090.5s remaining=1077
    iter=924 E=-1.6523953110 nfev=927 t=1091.7s remaining=1076
    iter=925 E=-1.6523958855 nfev=928 t=1093.0s remaining=1075
    iter=926 E=-1.6523965541 nfev=929 t=1094.1s remaining=1074
    iter=927 E=-1.6523975062 nfev=930 t=1095.3s remaining=1073
    iter=928 E=-1.6523988423 nfev=931 t=1096.5s remaining=1072
    iter=929 E=-1.6524002894 nfev=932 t=1097.9s remaining=1071
    iter=930 E=-1.6524014906 nfev=933 t=1099.0s remaining=1070
    iter=931 E=-1.6524026195 nfev=934 t=1100.2s remaining=1069
    iter=932 E=-1.6524036209 nfev=935 t=1101.3s remaining=1068
    iter=933 E=-1.6524046856 nfev=936 t=1102.5s remaining=1067
    iter=934 E=-1.6524054093 nfev=937 t=1103.6s remaining=1066
    iter=935 E=-1.6524060125 nfev=938 t=1104.8s remaining=1065
    iter=936 E=-1.6524064888 nfev=939 t=1106.0s remaining=1064
    iter=937 E=-1.6524069623 nfev=940 t=1107.1s remaining=1063
    iter=938 E=-1.6524074858 nfev=941 t=1108.2s remaining=1062
    iter=939 E=-1.6524080491 nfev=942 t=1109.4s remaining=1061
    iter=940 E=-1.6524085007 nfev=943 t=1110.5s remaining=1060
    iter=941 E=-1.6524089619 nfev=944 t=1111.7s remaining=1059
    iter=942 E=-1.6524095151 nfev=945 t=1112.8s remaining=1058
    iter=943 E=-1.6524101721 nfev=946 t=1114.0s remaining=1057
    iter=944 E=-1.6524108824 nfev=947 t=1115.2s remaining=1056
    iter=945 E=-1.6524117733 nfev=948 t=1116.4s remaining=1055
    iter=946 E=-1.6524124810 nfev=949 t=1117.5s remaining=1054
    iter=947 E=-1.6524131522 nfev=950 t=1118.7s remaining=1053
    iter=948 E=-1.6524139250 nfev=951 t=1119.9s remaining=1052
    iter=949 E=-1.6524148218 nfev=952 t=1121.0s remaining=1051
    iter=950 E=-1.6524158492 nfev=953 t=1122.4s remaining=1050
    iter=951 E=-1.6524170576 nfev=954 t=1123.6s remaining=1049
    iter=952 E=-1.6524182243 nfev=955 t=1124.7s remaining=1048
    iter=953 E=-1.6524189691 nfev=956 t=1125.9s remaining=1047
    iter=954 E=-1.6524195059 nfev=957 t=1127.1s remaining=1046
    iter=955 E=-1.6524199193 nfev=958 t=1128.3s remaining=1045
    iter=956 E=-1.6524202848 nfev=959 t=1129.6s remaining=1044
    iter=957 E=-1.6524206456 nfev=960 t=1130.9s remaining=1043
    iter=958 E=-1.6524209733 nfev=961 t=1132.2s remaining=1042
    iter=959 E=-1.6524213323 nfev=962 t=1133.4s remaining=1041
    iter=960 E=-1.6524218411 nfev=963 t=1134.7s remaining=1040
    iter=961 E=-1.6524225256 nfev=964 t=1135.9s remaining=1039
    iter=962 E=-1.6524234357 nfev=965 t=1137.1s remaining=1038
    iter=963 E=-1.6524245842 nfev=966 t=1138.4s remaining=1037
    iter=964 E=-1.6524260590 nfev=967 t=1139.6s remaining=1036
    iter=965 E=-1.6524278382 nfev=968 t=1141.0s remaining=1035
    iter=966 E=-1.6524295418 nfev=969 t=1142.2s remaining=1034
    iter=967 E=-1.6524310631 nfev=970 t=1143.4s remaining=1033
    iter=968 E=-1.6524320765 nfev=971 t=1144.6s remaining=1032
    iter=969 E=-1.6524327259 nfev=972 t=1145.8s remaining=1031
    iter=970 E=-1.6524331265 nfev=973 t=1147.0s remaining=1030
    iter=971 E=-1.6524333765 nfev=974 t=1148.2s remaining=1029
    iter=972 E=-1.6524336326 nfev=975 t=1149.4s remaining=1028
    iter=973 E=-1.6524338721 nfev=976 t=1150.7s remaining=1027
    iter=974 E=-1.6524341662 nfev=977 t=1151.9s remaining=1026
    iter=975 E=-1.6524345860 nfev=978 t=1153.1s remaining=1025
    iter=976 E=-1.6524352291 nfev=979 t=1154.4s remaining=1024
    iter=977 E=-1.6524362294 nfev=980 t=1155.7s remaining=1023
    iter=978 E=-1.6524377623 nfev=981 t=1156.9s remaining=1022
    iter=979 E=-1.6524398405 nfev=982 t=1158.2s remaining=1021
    iter=980 E=-1.6524420325 nfev=983 t=1159.4s remaining=1020
    iter=981 E=-1.6524434416 nfev=984 t=1160.6s remaining=1019
    iter=982 E=-1.6524447907 nfev=985 t=1161.8s remaining=1018
    iter=983 E=-1.6524453711 nfev=986 t=1163.1s remaining=1017
    iter=984 E=-1.6524459046 nfev=987 t=1164.7s remaining=1016
    iter=985 E=-1.6524463984 nfev=988 t=1166.0s remaining=1015
    iter=986 E=-1.6524468438 nfev=989 t=1167.3s remaining=1014
    iter=987 E=-1.6524471483 nfev=990 t=1168.4s remaining=1013
    iter=988 E=-1.6524473319 nfev=991 t=1169.6s remaining=1012
    iter=989 E=-1.6524475680 nfev=992 t=1170.8s remaining=1011
    iter=990 E=-1.6524478762 nfev=993 t=1171.9s remaining=1010
    iter=991 E=-1.6524482726 nfev=994 t=1173.1s remaining=1009
    iter=992 E=-1.6524488133 nfev=995 t=1174.3s remaining=1008
    iter=993 E=-1.6524495310 nfev=996 t=1175.6s remaining=1007
    iter=994 E=-1.6524504278 nfev=997 t=1176.8s remaining=1006
    iter=995 E=-1.6524514903 nfev=998 t=1178.0s remaining=1005
    iter=996 E=-1.6524529329 nfev=999 t=1179.1s remaining=1004
    iter=997 E=-1.6524547099 nfev=1000 t=1180.2s remaining=1003
    iter=998 E=-1.6524559175 nfev=1001 t=1181.3s remaining=1002
    iter=999 E=-1.6524565936 nfev=1002 t=1182.5s remaining=1001
    iter=1000 E=-1.6524573250 nfev=1003 t=1183.6s remaining=1000
    iter=1001 E=-1.6524579012 nfev=1004 t=1184.8s remaining=999
    iter=1002 E=-1.6524582465 nfev=1005 t=1186.0s remaining=998
    iter=1003 E=-1.6524584999 nfev=1006 t=1187.2s remaining=997
    iter=1004 E=-1.6524587300 nfev=1007 t=1188.3s remaining=996
    iter=1005 E=-1.6524589883 nfev=1008 t=1189.5s remaining=995
    iter=1006 E=-1.6524593535 nfev=1009 t=1190.6s remaining=994
    iter=1007 E=-1.6524597852 nfev=1010 t=1191.8s remaining=993
    iter=1008 E=-1.6524603647 nfev=1011 t=1192.9s remaining=992
    iter=1009 E=-1.6524611506 nfev=1012 t=1194.1s remaining=991
    iter=1010 E=-1.6524622245 nfev=1013 t=1195.3s remaining=990
    iter=1011 E=-1.6524634680 nfev=1014 t=1196.4s remaining=989
    iter=1012 E=-1.6524646381 nfev=1015 t=1197.6s remaining=988
    iter=1013 E=-1.6524657130 nfev=1016 t=1198.8s remaining=987
    iter=1014 E=-1.6524667120 nfev=1017 t=1200.0s remaining=986
    iter=1015 E=-1.6524674050 nfev=1018 t=1201.1s remaining=985
    iter=1016 E=-1.6524681502 nfev=1019 t=1202.4s remaining=984
    iter=1017 E=-1.6524687918 nfev=1020 t=1203.6s remaining=983
    iter=1018 E=-1.6524691218 nfev=1021 t=1204.8s remaining=982
    iter=1019 E=-1.6524694442 nfev=1022 t=1206.0s remaining=981
    iter=1020 E=-1.6524697049 nfev=1023 t=1207.2s remaining=980
    iter=1021 E=-1.6524699423 nfev=1024 t=1208.3s remaining=979
    iter=1022 E=-1.6524702939 nfev=1025 t=1209.5s remaining=978
    iter=1023 E=-1.6524707926 nfev=1026 t=1210.7s remaining=977
    iter=1024 E=-1.6524715073 nfev=1027 t=1211.8s remaining=976
    iter=1025 E=-1.6524723209 nfev=1028 t=1212.9s remaining=975
    iter=1026 E=-1.6524730141 nfev=1029 t=1214.1s remaining=974
    iter=1027 E=-1.6524737740 nfev=1030 t=1215.2s remaining=973
    iter=1028 E=-1.6524746049 nfev=1031 t=1216.3s remaining=972
    iter=1029 E=-1.6524754088 nfev=1032 t=1217.5s remaining=971
    iter=1030 E=-1.6524764217 nfev=1033 t=1218.6s remaining=970
    iter=1031 E=-1.6524774973 nfev=1034 t=1219.7s remaining=969
    iter=1032 E=-1.6524783647 nfev=1035 t=1220.9s remaining=968
    iter=1033 E=-1.6524788678 nfev=1036 t=1222.1s remaining=967
    iter=1034 E=-1.6524794741 nfev=1037 t=1223.2s remaining=966
    iter=1035 E=-1.6524800351 nfev=1038 t=1224.4s remaining=965
    iter=1036 E=-1.6524803809 nfev=1039 t=1225.6s remaining=964
    iter=1037 E=-1.6524807498 nfev=1040 t=1226.7s remaining=963
    iter=1038 E=-1.6524811279 nfev=1041 t=1227.9s remaining=962
    iter=1039 E=-1.6524815553 nfev=1042 t=1229.0s remaining=961
    iter=1040 E=-1.6524820490 nfev=1043 t=1230.1s remaining=960
    iter=1041 E=-1.6524826384 nfev=1044 t=1231.2s remaining=959
    iter=1042 E=-1.6524832054 nfev=1045 t=1232.4s remaining=958
    iter=1043 E=-1.6524838023 nfev=1046 t=1233.6s remaining=957
    iter=1044 E=-1.6524842359 nfev=1047 t=1234.7s remaining=956
    iter=1045 E=-1.6524847186 nfev=1048 t=1235.8s remaining=955
    iter=1046 E=-1.6524853159 nfev=1049 t=1237.0s remaining=954
    iter=1047 E=-1.6524859706 nfev=1050 t=1238.1s remaining=953
    iter=1048 E=-1.6524867050 nfev=1051 t=1239.2s remaining=952
    iter=1049 E=-1.6524875310 nfev=1052 t=1240.4s remaining=951
    iter=1050 E=-1.6524882181 nfev=1053 t=1241.5s remaining=950
    iter=1051 E=-1.6524887216 nfev=1054 t=1242.6s remaining=949
    iter=1052 E=-1.6524892033 nfev=1055 t=1244.0s remaining=948
    iter=1053 E=-1.6524895792 nfev=1056 t=1245.3s remaining=947
    iter=1054 E=-1.6524898868 nfev=1057 t=1246.4s remaining=946
    iter=1055 E=-1.6524902430 nfev=1058 t=1247.6s remaining=945
    iter=1056 E=-1.6524906940 nfev=1059 t=1248.7s remaining=944
    iter=1057 E=-1.6524912219 nfev=1060 t=1249.9s remaining=943
    iter=1058 E=-1.6524918789 nfev=1061 t=1251.0s remaining=942
    iter=1059 E=-1.6524927391 nfev=1062 t=1252.2s remaining=941
    iter=1060 E=-1.6524936939 nfev=1063 t=1253.4s remaining=940
    iter=1061 E=-1.6524945360 nfev=1064 t=1254.5s remaining=939
    iter=1062 E=-1.6524953539 nfev=1065 t=1255.7s remaining=938
    iter=1063 E=-1.6524961042 nfev=1066 t=1256.8s remaining=937
    iter=1064 E=-1.6524967594 nfev=1067 t=1258.0s remaining=936
    iter=1065 E=-1.6524971130 nfev=1068 t=1259.2s remaining=935
    iter=1066 E=-1.6524975060 nfev=1069 t=1260.3s remaining=934
    iter=1067 E=-1.6524978292 nfev=1070 t=1261.5s remaining=933
    iter=1068 E=-1.6524982061 nfev=1071 t=1262.7s remaining=932
    iter=1069 E=-1.6524985611 nfev=1072 t=1263.9s remaining=931
    iter=1070 E=-1.6524989555 nfev=1073 t=1265.0s remaining=930
    iter=1071 E=-1.6524993524 nfev=1074 t=1266.2s remaining=929
    iter=1072 E=-1.6524997460 nfev=1075 t=1267.3s remaining=928
    iter=1073 E=-1.6525000636 nfev=1076 t=1268.5s remaining=927
    iter=1074 E=-1.6525003259 nfev=1077 t=1269.7s remaining=926
    iter=1075 E=-1.6525006472 nfev=1078 t=1270.9s remaining=925
    iter=1076 E=-1.6525009609 nfev=1079 t=1272.1s remaining=924
    iter=1077 E=-1.6525012951 nfev=1080 t=1273.2s remaining=923
    iter=1078 E=-1.6525015990 nfev=1081 t=1274.4s remaining=922
    iter=1079 E=-1.6525018859 nfev=1082 t=1275.6s remaining=921
    iter=1080 E=-1.6525021481 nfev=1083 t=1276.8s remaining=920
    iter=1081 E=-1.6525025331 nfev=1084 t=1278.0s remaining=919
    iter=1082 E=-1.6525031118 nfev=1085 t=1279.2s remaining=918
    iter=1083 E=-1.6525039672 nfev=1086 t=1280.4s remaining=917
    iter=1084 E=-1.6525049484 nfev=1087 t=1281.6s remaining=916
    iter=1085 E=-1.6525058844 nfev=1088 t=1282.7s remaining=915
    iter=1086 E=-1.6525067597 nfev=1089 t=1283.9s remaining=914
    iter=1087 E=-1.6525075294 nfev=1090 t=1285.1s remaining=913
    iter=1088 E=-1.6525079145 nfev=1091 t=1286.3s remaining=912
    iter=1089 E=-1.6525081734 nfev=1092 t=1287.7s remaining=911
    iter=1090 E=-1.6525084562 nfev=1093 t=1289.0s remaining=910
    iter=1091 E=-1.6525087759 nfev=1094 t=1290.2s remaining=909
    iter=1092 E=-1.6525090426 nfev=1095 t=1291.4s remaining=908
    iter=1093 E=-1.6525093474 nfev=1096 t=1292.7s remaining=907
    iter=1094 E=-1.6525095841 nfev=1097 t=1293.9s remaining=906
    iter=1095 E=-1.6525098095 nfev=1098 t=1295.2s remaining=905
    iter=1096 E=-1.6525100978 nfev=1099 t=1296.4s remaining=904
    iter=1097 E=-1.6525104822 nfev=1100 t=1297.5s remaining=903
    iter=1098 E=-1.6525109507 nfev=1101 t=1298.7s remaining=902
    iter=1099 E=-1.6525115189 nfev=1102 t=1299.9s remaining=901
    iter=1100 E=-1.6525121332 nfev=1103 t=1301.1s remaining=900
    iter=1101 E=-1.6525129972 nfev=1104 t=1302.3s remaining=899
    iter=1102 E=-1.6525140640 nfev=1105 t=1303.5s remaining=898
    iter=1103 E=-1.6525152053 nfev=1106 t=1304.8s remaining=897
    iter=1104 E=-1.6525160997 nfev=1107 t=1305.9s remaining=896
    iter=1105 E=-1.6525168891 nfev=1108 t=1307.1s remaining=895
    iter=1106 E=-1.6525173410 nfev=1109 t=1308.2s remaining=894
    iter=1107 E=-1.6525176238 nfev=1110 t=1309.4s remaining=893
    iter=1108 E=-1.6525178945 nfev=1111 t=1310.5s remaining=892
    iter=1109 E=-1.6525180513 nfev=1112 t=1311.6s remaining=891
    iter=1110 E=-1.6525181721 nfev=1113 t=1312.7s remaining=890
    iter=1111 E=-1.6525183104 nfev=1114 t=1313.8s remaining=889
    iter=1112 E=-1.6525184949 nfev=1115 t=1314.9s remaining=888
    iter=1113 E=-1.6525187028 nfev=1116 t=1316.1s remaining=887
    iter=1114 E=-1.6525189318 nfev=1117 t=1317.2s remaining=886
    iter=1115 E=-1.6525192752 nfev=1118 t=1318.4s remaining=885
    iter=1116 E=-1.6525197595 nfev=1119 t=1319.6s remaining=884
    iter=1117 E=-1.6525204202 nfev=1120 t=1320.9s remaining=883
    iter=1118 E=-1.6525211745 nfev=1121 t=1322.1s remaining=882
    iter=1119 E=-1.6525218634 nfev=1122 t=1323.2s remaining=881
    iter=1120 E=-1.6525225734 nfev=1123 t=1324.5s remaining=880
    iter=1121 E=-1.6525232696 nfev=1124 t=1325.7s remaining=879
    iter=1122 E=-1.6525237659 nfev=1125 t=1326.9s remaining=878
    iter=1123 E=-1.6525243404 nfev=1126 t=1328.1s remaining=877
    iter=1124 E=-1.6525249991 nfev=1127 t=1329.4s remaining=876
    iter=1125 E=-1.6525254534 nfev=1128 t=1330.6s remaining=875
    iter=1126 E=-1.6525257682 nfev=1129 t=1331.8s remaining=874
    iter=1127 E=-1.6525260771 nfev=1130 t=1333.0s remaining=873
    iter=1128 E=-1.6525262951 nfev=1131 t=1334.1s remaining=872
    iter=1129 E=-1.6525265154 nfev=1132 t=1335.3s remaining=871
    iter=1130 E=-1.6525267044 nfev=1133 t=1336.5s remaining=870
    iter=1131 E=-1.6525268825 nfev=1134 t=1337.6s remaining=869
    iter=1132 E=-1.6525270809 nfev=1135 t=1338.8s remaining=868
    iter=1133 E=-1.6525272898 nfev=1136 t=1340.0s remaining=867
    iter=1134 E=-1.6525275145 nfev=1137 t=1341.1s remaining=866
    iter=1135 E=-1.6525277982 nfev=1138 t=1342.3s remaining=865
    iter=1136 E=-1.6525281925 nfev=1139 t=1343.5s remaining=864
    iter=1137 E=-1.6525287779 nfev=1140 t=1344.7s remaining=863
    iter=1138 E=-1.6525295410 nfev=1141 t=1345.9s remaining=862
    iter=1139 E=-1.6525302214 nfev=1142 t=1347.0s remaining=861
    iter=1140 E=-1.6525309893 nfev=1143 t=1348.2s remaining=860
    iter=1141 E=-1.6525317279 nfev=1144 t=1349.4s remaining=859
    iter=1142 E=-1.6525323286 nfev=1145 t=1350.6s remaining=858
    iter=1143 E=-1.6525327637 nfev=1146 t=1351.7s remaining=857
    iter=1144 E=-1.6525331886 nfev=1147 t=1352.8s remaining=856
    iter=1145 E=-1.6525334955 nfev=1148 t=1353.9s remaining=855
    iter=1146 E=-1.6525337391 nfev=1149 t=1355.1s remaining=854
    iter=1147 E=-1.6525340220 nfev=1150 t=1356.2s remaining=853
    iter=1148 E=-1.6525342656 nfev=1151 t=1357.4s remaining=852
    iter=1149 E=-1.6525344678 nfev=1152 t=1358.6s remaining=851
    iter=1150 E=-1.6525346726 nfev=1153 t=1359.7s remaining=850
    iter=1151 E=-1.6525348367 nfev=1154 t=1360.9s remaining=849
    iter=1152 E=-1.6525350254 nfev=1155 t=1362.1s remaining=848
    iter=1153 E=-1.6525351918 nfev=1156 t=1363.2s remaining=847
    iter=1154 E=-1.6525353989 nfev=1157 t=1364.4s remaining=846
    iter=1155 E=-1.6525355539 nfev=1158 t=1366.0s remaining=845
    iter=1156 E=-1.6525357106 nfev=1159 t=1367.2s remaining=844
    iter=1157 E=-1.6525358545 nfev=1160 t=1368.4s remaining=843
    iter=1158 E=-1.6525360355 nfev=1161 t=1369.6s remaining=842
    iter=1159 E=-1.6525362656 nfev=1162 t=1370.8s remaining=841
    iter=1160 E=-1.6525365582 nfev=1163 t=1371.9s remaining=840
    iter=1161 E=-1.6525369050 nfev=1164 t=1373.2s remaining=839
    iter=1162 E=-1.6525372734 nfev=1165 t=1374.3s remaining=838
    iter=1163 E=-1.6525374756 nfev=1166 t=1375.5s remaining=837
    iter=1164 E=-1.6525378069 nfev=1167 t=1376.7s remaining=836
    iter=1165 E=-1.6525382684 nfev=1168 t=1377.9s remaining=835
    iter=1166 E=-1.6525387818 nfev=1169 t=1379.1s remaining=834
    iter=1167 E=-1.6525392315 nfev=1170 t=1380.2s remaining=833
    iter=1168 E=-1.6525397193 nfev=1171 t=1381.4s remaining=832
    iter=1169 E=-1.6525401937 nfev=1172 t=1382.6s remaining=831
    iter=1170 E=-1.6525405603 nfev=1173 t=1383.8s remaining=830
    iter=1171 E=-1.6525409517 nfev=1174 t=1384.9s remaining=829
    iter=1172 E=-1.6525413934 nfev=1175 t=1386.1s remaining=828
    iter=1173 E=-1.6525417862 nfev=1176 t=1387.3s remaining=827
    iter=1174 E=-1.6525422361 nfev=1177 t=1388.5s remaining=826
    iter=1175 E=-1.6525426153 nfev=1178 t=1389.7s remaining=825
    iter=1176 E=-1.6525429046 nfev=1179 t=1390.8s remaining=824
    iter=1177 E=-1.6525431233 nfev=1180 t=1392.0s remaining=823
    iter=1178 E=-1.6525434267 nfev=1181 t=1393.2s remaining=822
    iter=1179 E=-1.6525438702 nfev=1182 t=1394.3s remaining=821
    iter=1180 E=-1.6525444488 nfev=1183 t=1395.5s remaining=820
    iter=1181 E=-1.6525449435 nfev=1184 t=1396.7s remaining=819
    iter=1182 E=-1.6525453401 nfev=1185 t=1397.9s remaining=818
    iter=1183 E=-1.6525456279 nfev=1186 t=1399.1s remaining=817
    iter=1184 E=-1.6525459202 nfev=1187 t=1400.3s remaining=816
    iter=1185 E=-1.6525462230 nfev=1188 t=1401.4s remaining=815
    iter=1186 E=-1.6525465117 nfev=1189 t=1402.5s remaining=814
    iter=1187 E=-1.6525468026 nfev=1190 t=1403.6s remaining=813
    iter=1188 E=-1.6525471172 nfev=1191 t=1404.7s remaining=812
    iter=1189 E=-1.6525474934 nfev=1192 t=1405.8s remaining=811
    iter=1190 E=-1.6525479395 nfev=1193 t=1407.0s remaining=810
    iter=1191 E=-1.6525484637 nfev=1194 t=1408.1s remaining=809
    iter=1192 E=-1.6525490515 nfev=1195 t=1409.3s remaining=808
    iter=1193 E=-1.6525497207 nfev=1196 t=1410.4s remaining=807
    iter=1194 E=-1.6525504583 nfev=1197 t=1411.6s remaining=806
    iter=1195 E=-1.6525511462 nfev=1198 t=1412.8s remaining=805
    iter=1196 E=-1.6525516064 nfev=1199 t=1414.0s remaining=804
    iter=1197 E=-1.6525521071 nfev=1200 t=1415.1s remaining=803
    iter=1198 E=-1.6525524073 nfev=1201 t=1416.2s remaining=802
    iter=1199 E=-1.6525527574 nfev=1202 t=1417.4s remaining=801
    iter=1200 E=-1.6525529970 nfev=1203 t=1418.5s remaining=800
    iter=1201 E=-1.6525531693 nfev=1204 t=1419.7s remaining=799
    iter=1202 E=-1.6525533650 nfev=1205 t=1420.8s remaining=798
    iter=1203 E=-1.6525535383 nfev=1206 t=1422.0s remaining=797
    iter=1204 E=-1.6525537388 nfev=1207 t=1423.1s remaining=796
    iter=1205 E=-1.6525539220 nfev=1208 t=1424.3s remaining=795
    iter=1206 E=-1.6525540492 nfev=1209 t=1425.5s remaining=794
    iter=1207 E=-1.6525542266 nfev=1210 t=1426.6s remaining=793
    iter=1208 E=-1.6525544834 nfev=1211 t=1427.7s remaining=792
    iter=1209 E=-1.6525548652 nfev=1212 t=1428.9s remaining=791
    iter=1210 E=-1.6525553975 nfev=1213 t=1430.0s remaining=790
    iter=1211 E=-1.6525560929 nfev=1214 t=1431.1s remaining=789
    iter=1212 E=-1.6525570312 nfev=1215 t=1432.4s remaining=788
    iter=1213 E=-1.6525578625 nfev=1216 t=1433.5s remaining=787
    iter=1214 E=-1.6525585607 nfev=1217 t=1434.6s remaining=786
    iter=1215 E=-1.6525591108 nfev=1218 t=1435.8s remaining=785
    iter=1216 E=-1.6525596388 nfev=1219 t=1436.9s remaining=784
    iter=1217 E=-1.6525599442 nfev=1220 t=1438.0s remaining=783
    iter=1218 E=-1.6525602223 nfev=1221 t=1439.1s remaining=782
    iter=1219 E=-1.6525604110 nfev=1222 t=1440.2s remaining=781
    iter=1220 E=-1.6525605533 nfev=1223 t=1441.3s remaining=780
    iter=1221 E=-1.6525607269 nfev=1224 t=1442.4s remaining=779
    iter=1222 E=-1.6525609544 nfev=1225 t=1443.5s remaining=778
    iter=1223 E=-1.6525611821 nfev=1226 t=1444.6s remaining=777
    iter=1224 E=-1.6525614323 nfev=1227 t=1445.7s remaining=776
    iter=1225 E=-1.6525617014 nfev=1228 t=1446.9s remaining=775
    iter=1226 E=-1.6525619040 nfev=1229 t=1448.1s remaining=774
    iter=1227 E=-1.6525620614 nfev=1230 t=1449.3s remaining=773
    iter=1228 E=-1.6525622789 nfev=1231 t=1450.4s remaining=772
    iter=1229 E=-1.6525624687 nfev=1232 t=1451.5s remaining=771
    iter=1230 E=-1.6525626041 nfev=1233 t=1452.7s remaining=770
    iter=1231 E=-1.6525627379 nfev=1234 t=1453.8s remaining=769
    iter=1232 E=-1.6525628634 nfev=1235 t=1454.9s remaining=768
    iter=1233 E=-1.6525630061 nfev=1236 t=1456.0s remaining=767
    iter=1234 E=-1.6525631571 nfev=1237 t=1457.1s remaining=766
    iter=1235 E=-1.6525633692 nfev=1238 t=1458.2s remaining=765
    iter=1236 E=-1.6525636800 nfev=1239 t=1459.4s remaining=764
    iter=1237 E=-1.6525641216 nfev=1240 t=1460.5s remaining=763
    iter=1238 E=-1.6525647187 nfev=1241 t=1461.7s remaining=762
    iter=1239 E=-1.6525653126 nfev=1242 t=1462.8s remaining=761
    iter=1240 E=-1.6525658150 nfev=1243 t=1464.0s remaining=760
    iter=1241 E=-1.6525664359 nfev=1244 t=1465.1s remaining=759
    iter=1242 E=-1.6525670451 nfev=1245 t=1466.4s remaining=758
    iter=1243 E=-1.6525673494 nfev=1246 t=1467.6s remaining=757
    iter=1244 E=-1.6525677020 nfev=1247 t=1468.8s remaining=756
    iter=1245 E=-1.6525679529 nfev=1248 t=1469.9s remaining=755
    iter=1246 E=-1.6525680866 nfev=1249 t=1471.1s remaining=754
    iter=1247 E=-1.6525682011 nfev=1250 t=1472.2s remaining=753
    iter=1248 E=-1.6525683163 nfev=1251 t=1473.4s remaining=752
    iter=1249 E=-1.6525684105 nfev=1252 t=1474.5s remaining=751
    iter=1250 E=-1.6525685056 nfev=1253 t=1475.7s remaining=750
    iter=1251 E=-1.6525686088 nfev=1254 t=1476.8s remaining=749
    iter=1252 E=-1.6525686778 nfev=1255 t=1477.9s remaining=748
    iter=1253 E=-1.6525687697 nfev=1256 t=1479.1s remaining=747
    iter=1254 E=-1.6525688950 nfev=1257 t=1480.2s remaining=746
    iter=1255 E=-1.6525690727 nfev=1258 t=1481.4s remaining=745
    iter=1256 E=-1.6525693104 nfev=1259 t=1482.4s remaining=744
    iter=1257 E=-1.6525696229 nfev=1260 t=1483.5s remaining=743
    iter=1258 E=-1.6525700590 nfev=1261 t=1484.7s remaining=742
    iter=1259 E=-1.6525706396 nfev=1262 t=1485.8s remaining=741
    iter=1260 E=-1.6525712850 nfev=1263 t=1486.9s remaining=740
    iter=1261 E=-1.6525717300 nfev=1264 t=1488.1s remaining=739
    iter=1262 E=-1.6525721043 nfev=1265 t=1489.3s remaining=738
    iter=1263 E=-1.6525723838 nfev=1266 t=1490.4s remaining=737
    iter=1264 E=-1.6525725621 nfev=1267 t=1491.5s remaining=736
    iter=1265 E=-1.6525727035 nfev=1268 t=1492.7s remaining=735
    iter=1266 E=-1.6525727951 nfev=1269 t=1493.9s remaining=734
    iter=1267 E=-1.6525728634 nfev=1270 t=1495.0s remaining=733
    iter=1268 E=-1.6525729395 nfev=1271 t=1496.1s remaining=732
    iter=1269 E=-1.6525730139 nfev=1272 t=1497.4s remaining=731
    iter=1270 E=-1.6525730835 nfev=1273 t=1498.5s remaining=730
    iter=1271 E=-1.6525731832 nfev=1274 t=1499.6s remaining=729
    iter=1272 E=-1.6525733141 nfev=1275 t=1500.7s remaining=728
    iter=1273 E=-1.6525734699 nfev=1276 t=1501.9s remaining=727
    iter=1274 E=-1.6525736611 nfev=1277 t=1503.0s remaining=726
    iter=1275 E=-1.6525739422 nfev=1278 t=1504.2s remaining=725
    iter=1276 E=-1.6525743375 nfev=1279 t=1505.3s remaining=724
    iter=1277 E=-1.6525747957 nfev=1280 t=1506.5s remaining=723
    iter=1278 E=-1.6525751480 nfev=1281 t=1507.7s remaining=722
    iter=1279 E=-1.6525754934 nfev=1282 t=1508.8s remaining=721
    iter=1280 E=-1.6525757070 nfev=1283 t=1509.9s remaining=720
    iter=1281 E=-1.6525758574 nfev=1284 t=1511.1s remaining=719
    iter=1282 E=-1.6525759822 nfev=1285 t=1512.3s remaining=718
    iter=1283 E=-1.6525760376 nfev=1286 t=1513.4s remaining=717
    iter=1284 E=-1.6525761133 nfev=1287 t=1514.6s remaining=716
    iter=1285 E=-1.6525761826 nfev=1288 t=1515.8s remaining=715
    iter=1286 E=-1.6525762475 nfev=1289 t=1517.0s remaining=714
    iter=1287 E=-1.6525763120 nfev=1290 t=1518.2s remaining=713
    iter=1288 E=-1.6525763986 nfev=1291 t=1519.3s remaining=712
    iter=1289 E=-1.6525765072 nfev=1292 t=1520.5s remaining=711
    iter=1290 E=-1.6525766541 nfev=1293 t=1521.6s remaining=710
    iter=1291 E=-1.6525768556 nfev=1294 t=1522.7s remaining=709
    iter=1292 E=-1.6525771219 nfev=1295 t=1523.9s remaining=708
    iter=1293 E=-1.6525774853 nfev=1296 t=1525.0s remaining=707
    iter=1294 E=-1.6525779145 nfev=1297 t=1526.1s remaining=706
    iter=1295 E=-1.6525783298 nfev=1298 t=1527.2s remaining=705
    iter=1296 E=-1.6525786665 nfev=1299 t=1528.4s remaining=704
    iter=1297 E=-1.6525789573 nfev=1300 t=1529.5s remaining=703
    iter=1298 E=-1.6525791894 nfev=1301 t=1530.7s remaining=702
    iter=1299 E=-1.6525793963 nfev=1302 t=1531.9s remaining=701
    iter=1300 E=-1.6525795728 nfev=1303 t=1533.0s remaining=700
    iter=1301 E=-1.6525796979 nfev=1304 t=1534.2s remaining=699
    iter=1302 E=-1.6525797911 nfev=1305 t=1535.4s remaining=698
    iter=1303 E=-1.6525798842 nfev=1306 t=1536.5s remaining=697
    iter=1304 E=-1.6525799566 nfev=1307 t=1537.7s remaining=696
    iter=1305 E=-1.6525800473 nfev=1308 t=1538.9s remaining=695
    iter=1306 E=-1.6525801489 nfev=1309 t=1540.0s remaining=694
    iter=1307 E=-1.6525802461 nfev=1310 t=1541.2s remaining=693
    iter=1308 E=-1.6525803358 nfev=1311 t=1542.3s remaining=692
    iter=1309 E=-1.6525804352 nfev=1312 t=1543.5s remaining=691
    iter=1310 E=-1.6525805740 nfev=1313 t=1544.6s remaining=690
    iter=1311 E=-1.6525807304 nfev=1314 t=1545.8s remaining=689
    iter=1312 E=-1.6525809429 nfev=1315 t=1546.9s remaining=688
    iter=1313 E=-1.6525811972 nfev=1316 t=1548.0s remaining=687
    iter=1314 E=-1.6525814079 nfev=1317 t=1549.2s remaining=686
    iter=1315 E=-1.6525815758 nfev=1318 t=1550.3s remaining=685
    iter=1316 E=-1.6525818053 nfev=1319 t=1551.4s remaining=684
    iter=1317 E=-1.6525820934 nfev=1320 t=1552.6s remaining=683
    iter=1318 E=-1.6525822647 nfev=1321 t=1553.7s remaining=682
    iter=1319 E=-1.6525825166 nfev=1322 t=1554.9s remaining=681
    iter=1320 E=-1.6525827596 nfev=1323 t=1556.0s remaining=680
    iter=1321 E=-1.6525829831 nfev=1324 t=1557.2s remaining=679
    iter=1322 E=-1.6525831498 nfev=1325 t=1558.3s remaining=678
    iter=1323 E=-1.6525832814 nfev=1326 t=1559.4s remaining=677
    iter=1324 E=-1.6525834540 nfev=1327 t=1560.5s remaining=676
    iter=1325 E=-1.6525836964 nfev=1328 t=1561.7s remaining=675
    iter=1326 E=-1.6525839672 nfev=1329 t=1562.9s remaining=674
    iter=1327 E=-1.6525841692 nfev=1330 t=1564.0s remaining=673
    iter=1328 E=-1.6525843837 nfev=1331 t=1565.2s remaining=672
    iter=1329 E=-1.6525845579 nfev=1332 t=1566.3s remaining=671
    iter=1330 E=-1.6525847171 nfev=1333 t=1567.5s remaining=670
    iter=1331 E=-1.6525848756 nfev=1334 t=1568.6s remaining=669
    iter=1332 E=-1.6525850023 nfev=1335 t=1569.7s remaining=668
    iter=1333 E=-1.6525851122 nfev=1336 t=1570.9s remaining=667
    iter=1334 E=-1.6525852180 nfev=1337 t=1572.1s remaining=666
    iter=1335 E=-1.6525853038 nfev=1338 t=1573.3s remaining=665
    iter=1336 E=-1.6525854119 nfev=1339 t=1574.6s remaining=664
    iter=1337 E=-1.6525855456 nfev=1340 t=1575.8s remaining=663
    iter=1338 E=-1.6525856842 nfev=1341 t=1577.0s remaining=662
    iter=1339 E=-1.6525858229 nfev=1342 t=1578.2s remaining=661
    iter=1340 E=-1.6525860176 nfev=1343 t=1579.4s remaining=660
    iter=1341 E=-1.6525862789 nfev=1344 t=1580.6s remaining=659
    iter=1342 E=-1.6525865445 nfev=1345 t=1581.8s remaining=658
    iter=1343 E=-1.6525868240 nfev=1346 t=1582.9s remaining=657
    iter=1344 E=-1.6525871740 nfev=1347 t=1584.2s remaining=656
    iter=1345 E=-1.6525875016 nfev=1348 t=1585.3s remaining=655
    iter=1346 E=-1.6525878333 nfev=1349 t=1586.5s remaining=654
    iter=1347 E=-1.6525881351 nfev=1350 t=1587.6s remaining=653
    iter=1348 E=-1.6525883197 nfev=1351 t=1588.9s remaining=652
    iter=1349 E=-1.6525884489 nfev=1352 t=1590.1s remaining=651
    iter=1350 E=-1.6525885668 nfev=1353 t=1591.3s remaining=650
    iter=1351 E=-1.6525886732 nfev=1354 t=1592.6s remaining=649
    iter=1352 E=-1.6525888181 nfev=1355 t=1593.8s remaining=648
    iter=1353 E=-1.6525889278 nfev=1356 t=1594.9s remaining=647
    iter=1354 E=-1.6525890440 nfev=1357 t=1596.1s remaining=646
    iter=1355 E=-1.6525891467 nfev=1358 t=1597.3s remaining=645
    iter=1356 E=-1.6525892448 nfev=1359 t=1598.4s remaining=644
    iter=1357 E=-1.6525893662 nfev=1360 t=1599.5s remaining=643
    iter=1358 E=-1.6525895358 nfev=1361 t=1600.7s remaining=642
    iter=1359 E=-1.6525897670 nfev=1362 t=1602.0s remaining=641
    iter=1360 E=-1.6525900506 nfev=1363 t=1603.1s remaining=640
    iter=1361 E=-1.6525903439 nfev=1364 t=1604.3s remaining=639
    iter=1362 E=-1.6525906734 nfev=1365 t=1605.5s remaining=638
    iter=1363 E=-1.6525909841 nfev=1366 t=1606.6s remaining=637
    iter=1364 E=-1.6525913349 nfev=1367 t=1607.8s remaining=636
    iter=1365 E=-1.6525915414 nfev=1368 t=1608.9s remaining=635
    iter=1366 E=-1.6525917312 nfev=1369 t=1610.1s remaining=634
    iter=1367 E=-1.6525918966 nfev=1370 t=1611.6s remaining=633
    iter=1368 E=-1.6525919914 nfev=1371 t=1612.7s remaining=632
    iter=1369 E=-1.6525920513 nfev=1372 t=1613.8s remaining=631
    iter=1370 E=-1.6525920873 nfev=1373 t=1614.9s remaining=630
    iter=1371 E=-1.6525921265 nfev=1374 t=1616.1s remaining=629
    iter=1372 E=-1.6525921733 nfev=1375 t=1617.2s remaining=628
    iter=1373 E=-1.6525922326 nfev=1376 t=1618.3s remaining=627
    iter=1374 E=-1.6525922882 nfev=1377 t=1619.5s remaining=626
    iter=1375 E=-1.6525923395 nfev=1378 t=1620.6s remaining=625
    iter=1376 E=-1.6525924016 nfev=1379 t=1621.9s remaining=624
    iter=1377 E=-1.6525924877 nfev=1380 t=1623.0s remaining=623
    iter=1378 E=-1.6525926119 nfev=1381 t=1624.3s remaining=622
    iter=1379 E=-1.6525927848 nfev=1382 t=1625.5s remaining=621
    iter=1380 E=-1.6525930043 nfev=1383 t=1626.6s remaining=620
    iter=1381 E=-1.6525932528 nfev=1384 t=1627.8s remaining=619
    iter=1382 E=-1.6525936003 nfev=1385 t=1628.9s remaining=618
    iter=1383 E=-1.6525941138 nfev=1386 t=1630.1s remaining=617
    iter=1384 E=-1.6525944467 nfev=1387 t=1631.2s remaining=616
    iter=1385 E=-1.6525946035 nfev=1388 t=1632.3s remaining=615
    iter=1386 E=-1.6525946960 nfev=1389 t=1633.5s remaining=614
    iter=1387 E=-1.6525947457 nfev=1390 t=1634.6s remaining=613
    iter=1388 E=-1.6525947862 nfev=1391 t=1635.8s remaining=612
    iter=1389 E=-1.6525948311 nfev=1392 t=1637.0s remaining=611
    iter=1390 E=-1.6525948697 nfev=1393 t=1638.2s remaining=610
    iter=1391 E=-1.6525949176 nfev=1394 t=1639.3s remaining=609
    iter=1392 E=-1.6525949711 nfev=1395 t=1640.5s remaining=608
    iter=1393 E=-1.6525950374 nfev=1396 t=1641.7s remaining=607
    iter=1394 E=-1.6525951181 nfev=1397 t=1642.9s remaining=606
    iter=1395 E=-1.6525952050 nfev=1398 t=1644.1s remaining=605
    iter=1396 E=-1.6525952908 nfev=1399 t=1645.2s remaining=604
    iter=1397 E=-1.6525953252 nfev=1400 t=1646.3s remaining=603
    iter=1398 E=-1.6525953754 nfev=1401 t=1647.5s remaining=602
    iter=1399 E=-1.6525954484 nfev=1402 t=1648.6s remaining=601
    iter=1400 E=-1.6525955479 nfev=1403 t=1649.9s remaining=600
    iter=1401 E=-1.6525956602 nfev=1404 t=1651.0s remaining=599
    iter=1402 E=-1.6525957340 nfev=1405 t=1652.2s remaining=598
    iter=1403 E=-1.6525958232 nfev=1406 t=1653.3s remaining=597
    iter=1404 E=-1.6525959367 nfev=1407 t=1654.4s remaining=596
    iter=1405 E=-1.6525960367 nfev=1408 t=1655.6s remaining=595
    iter=1406 E=-1.6525961202 nfev=1409 t=1656.7s remaining=594
    iter=1407 E=-1.6525961966 nfev=1410 t=1657.9s remaining=593
    iter=1408 E=-1.6525962837 nfev=1411 t=1659.0s remaining=592
    iter=1409 E=-1.6525963607 nfev=1412 t=1660.1s remaining=591
    iter=1410 E=-1.6525964578 nfev=1413 t=1661.3s remaining=590
    iter=1411 E=-1.6525965568 nfev=1414 t=1662.6s remaining=589
    iter=1412 E=-1.6525967091 nfev=1415 t=1663.7s remaining=588
    iter=1413 E=-1.6525969429 nfev=1416 t=1664.9s remaining=587
    iter=1414 E=-1.6525972583 nfev=1417 t=1666.0s remaining=586
    iter=1415 E=-1.6525975029 nfev=1418 t=1667.1s remaining=585
    iter=1416 E=-1.6525977824 nfev=1419 t=1668.2s remaining=584
    iter=1417 E=-1.6525980849 nfev=1420 t=1669.3s remaining=583
    iter=1418 E=-1.6525982087 nfev=1421 t=1670.4s remaining=582
    iter=1419 E=-1.6525982999 nfev=1422 t=1671.5s remaining=581
    iter=1420 E=-1.6525983840 nfev=1423 t=1672.6s remaining=580
    iter=1421 E=-1.6525984955 nfev=1424 t=1673.8s remaining=579
    iter=1422 E=-1.6525985918 nfev=1425 t=1674.9s remaining=578
    iter=1423 E=-1.6525987026 nfev=1426 t=1676.0s remaining=577
    iter=1424 E=-1.6525988057 nfev=1427 t=1677.1s remaining=576
    iter=1425 E=-1.6525988972 nfev=1428 t=1678.3s remaining=575
    iter=1426 E=-1.6525989601 nfev=1429 t=1679.4s remaining=574
    iter=1427 E=-1.6525990325 nfev=1430 t=1680.5s remaining=573
    iter=1428 E=-1.6525991089 nfev=1431 t=1681.7s remaining=572
    iter=1429 E=-1.6525992142 nfev=1432 t=1682.8s remaining=571
    iter=1430 E=-1.6525993377 nfev=1433 t=1683.9s remaining=570
    iter=1431 E=-1.6525994572 nfev=1434 t=1685.0s remaining=569
    iter=1432 E=-1.6525995888 nfev=1435 t=1686.1s remaining=568
    iter=1433 E=-1.6525997874 nfev=1436 t=1687.2s remaining=567
    iter=1434 E=-1.6526000366 nfev=1437 t=1688.4s remaining=566
    iter=1435 E=-1.6526003806 nfev=1438 t=1689.5s remaining=565
    iter=1436 E=-1.6526008179 nfev=1439 t=1690.6s remaining=564
    iter=1437 E=-1.6526012901 nfev=1440 t=1691.7s remaining=563
    iter=1438 E=-1.6526017029 nfev=1441 t=1692.9s remaining=562
    iter=1439 E=-1.6526021323 nfev=1442 t=1694.1s remaining=561
    iter=1440 E=-1.6526022858 nfev=1443 t=1695.4s remaining=560
    iter=1441 E=-1.6526025028 nfev=1444 t=1696.7s remaining=559
    iter=1442 E=-1.6526026328 nfev=1445 t=1698.1s remaining=558
    iter=1443 E=-1.6526027572 nfev=1446 t=1699.4s remaining=557
    iter=1444 E=-1.6526028179 nfev=1447 t=1700.5s remaining=556
    iter=1445 E=-1.6526028740 nfev=1448 t=1701.8s remaining=555
    iter=1446 E=-1.6526029376 nfev=1449 t=1703.0s remaining=554
    iter=1447 E=-1.6526030050 nfev=1450 t=1704.2s remaining=553
    iter=1448 E=-1.6526030561 nfev=1451 t=1705.4s remaining=552
    iter=1449 E=-1.6526031148 nfev=1452 t=1706.6s remaining=551
    iter=1450 E=-1.6526031867 nfev=1453 t=1707.8s remaining=550
    iter=1451 E=-1.6526032901 nfev=1454 t=1709.0s remaining=549
    iter=1452 E=-1.6526034416 nfev=1455 t=1710.2s remaining=548
    iter=1453 E=-1.6526036542 nfev=1456 t=1711.3s remaining=547
    iter=1454 E=-1.6526039548 nfev=1457 t=1712.5s remaining=546
    iter=1455 E=-1.6526043608 nfev=1458 t=1713.6s remaining=545
    iter=1456 E=-1.6526048694 nfev=1459 t=1714.8s remaining=544
    iter=1457 E=-1.6526055224 nfev=1460 t=1715.9s remaining=543
    iter=1458 E=-1.6526062506 nfev=1461 t=1717.1s remaining=542
    iter=1459 E=-1.6526066838 nfev=1462 t=1718.4s remaining=541
    iter=1460 E=-1.6526069739 nfev=1463 t=1719.6s remaining=540
    iter=1461 E=-1.6526071669 nfev=1464 t=1720.7s remaining=539
    iter=1462 E=-1.6526073426 nfev=1465 t=1721.9s remaining=538
    iter=1463 E=-1.6526074925 nfev=1466 t=1723.1s remaining=537
    iter=1464 E=-1.6526076203 nfev=1467 t=1724.3s remaining=536
    iter=1465 E=-1.6526077180 nfev=1468 t=1725.5s remaining=535
    iter=1466 E=-1.6526078180 nfev=1469 t=1726.6s remaining=534
    iter=1467 E=-1.6526079280 nfev=1470 t=1727.8s remaining=533
    iter=1468 E=-1.6526080430 nfev=1471 t=1728.9s remaining=532
    iter=1469 E=-1.6526081549 nfev=1472 t=1730.1s remaining=531
    iter=1470 E=-1.6526081979 nfev=1473 t=1731.2s remaining=530
    iter=1471 E=-1.6526082681 nfev=1474 t=1732.4s remaining=529
    iter=1472 E=-1.6526083776 nfev=1475 t=1733.7s remaining=528
    iter=1473 E=-1.6526085200 nfev=1476 t=1734.9s remaining=527
    iter=1474 E=-1.6526086345 nfev=1477 t=1736.1s remaining=526
    iter=1475 E=-1.6526087344 nfev=1478 t=1737.4s remaining=525
    iter=1476 E=-1.6526088520 nfev=1479 t=1738.6s remaining=524
    iter=1477 E=-1.6526090018 nfev=1480 t=1739.8s remaining=523
    iter=1478 E=-1.6526091788 nfev=1481 t=1740.9s remaining=522
    iter=1479 E=-1.6526093749 nfev=1482 t=1742.0s remaining=521
    iter=1480 E=-1.6526094336 nfev=1483 t=1743.1s remaining=520
    iter=1481 E=-1.6526095418 nfev=1484 t=1744.3s remaining=519
    iter=1482 E=-1.6526097399 nfev=1485 t=1745.5s remaining=518
    iter=1483 E=-1.6526100739 nfev=1486 t=1746.6s remaining=517
    iter=1484 E=-1.6526104907 nfev=1487 t=1747.8s remaining=516
    iter=1485 E=-1.6526107149 nfev=1488 t=1748.9s remaining=515
    iter=1486 E=-1.6526110147 nfev=1489 t=1750.1s remaining=514
    iter=1487 E=-1.6526113610 nfev=1490 t=1751.2s remaining=513
    iter=1488 E=-1.6526116924 nfev=1491 t=1752.3s remaining=512
    iter=1489 E=-1.6526120778 nfev=1492 t=1753.4s remaining=511
    iter=1490 E=-1.6526124423 nfev=1493 t=1754.7s remaining=510
    iter=1491 E=-1.6526127203 nfev=1494 t=1755.9s remaining=509
    iter=1492 E=-1.6526130604 nfev=1495 t=1757.0s remaining=508
    iter=1493 E=-1.6526133453 nfev=1496 t=1758.1s remaining=507
    iter=1494 E=-1.6526135517 nfev=1497 t=1759.3s remaining=506
    iter=1495 E=-1.6526136956 nfev=1498 t=1760.4s remaining=505
    iter=1496 E=-1.6526138458 nfev=1499 t=1761.6s remaining=504
    iter=1497 E=-1.6526139994 nfev=1500 t=1762.7s remaining=503
    iter=1498 E=-1.6526141592 nfev=1501 t=1763.8s remaining=502
    iter=1499 E=-1.6526143273 nfev=1502 t=1764.9s remaining=501
    iter=1500 E=-1.6526144574 nfev=1503 t=1766.1s remaining=500
    iter=1501 E=-1.6526145871 nfev=1504 t=1767.2s remaining=499
    iter=1502 E=-1.6526147630 nfev=1505 t=1768.3s remaining=498
    iter=1503 E=-1.6526149641 nfev=1506 t=1769.5s remaining=497
    iter=1504 E=-1.6526151729 nfev=1507 t=1770.6s remaining=496
    iter=1505 E=-1.6526154344 nfev=1508 t=1771.7s remaining=495
    iter=1506 E=-1.6526157845 nfev=1509 t=1772.8s remaining=494
    iter=1507 E=-1.6526161535 nfev=1510 t=1774.0s remaining=493
    iter=1508 E=-1.6526165376 nfev=1511 t=1775.1s remaining=492
    iter=1509 E=-1.6526168863 nfev=1512 t=1776.2s remaining=491
    iter=1510 E=-1.6526171265 nfev=1513 t=1777.4s remaining=490
    iter=1511 E=-1.6526173435 nfev=1514 t=1778.5s remaining=489
    iter=1512 E=-1.6526175987 nfev=1515 t=1779.6s remaining=488
    iter=1513 E=-1.6526178039 nfev=1516 t=1780.8s remaining=487
    iter=1514 E=-1.6526179823 nfev=1517 t=1782.0s remaining=486
    iter=1515 E=-1.6526181214 nfev=1518 t=1783.1s remaining=485
    iter=1516 E=-1.6526182689 nfev=1519 t=1784.3s remaining=484
    iter=1517 E=-1.6526184029 nfev=1520 t=1785.4s remaining=483
    iter=1518 E=-1.6526185848 nfev=1521 t=1786.5s remaining=482
    iter=1519 E=-1.6526188284 nfev=1522 t=1787.6s remaining=481
    iter=1520 E=-1.6526190788 nfev=1523 t=1788.7s remaining=480
    iter=1521 E=-1.6526192467 nfev=1524 t=1789.8s remaining=479
    iter=1522 E=-1.6526194594 nfev=1525 t=1790.9s remaining=478
    iter=1523 E=-1.6526197215 nfev=1526 t=1792.0s remaining=477
    iter=1524 E=-1.6526198957 nfev=1527 t=1793.2s remaining=476
    iter=1525 E=-1.6526200730 nfev=1528 t=1794.3s remaining=475
    iter=1526 E=-1.6526201944 nfev=1529 t=1795.5s remaining=474
    iter=1527 E=-1.6526203225 nfev=1530 t=1796.6s remaining=473
    iter=1528 E=-1.6526204301 nfev=1531 t=1797.7s remaining=472
    iter=1529 E=-1.6526205382 nfev=1532 t=1798.8s remaining=471
    iter=1530 E=-1.6526206866 nfev=1533 t=1799.9s remaining=470
    iter=1531 E=-1.6526208109 nfev=1534 t=1801.1s remaining=469
    iter=1532 E=-1.6526210119 nfev=1535 t=1802.3s remaining=468
    iter=1533 E=-1.6526213056 nfev=1536 t=1803.4s remaining=467
    iter=1534 E=-1.6526216383 nfev=1537 t=1804.5s remaining=466
    iter=1535 E=-1.6526219205 nfev=1538 t=1805.7s remaining=465
    iter=1536 E=-1.6526222821 nfev=1539 t=1806.8s remaining=464
    iter=1537 E=-1.6526227657 nfev=1540 t=1808.0s remaining=463
    iter=1538 E=-1.6526233119 nfev=1541 t=1809.1s remaining=462
    iter=1539 E=-1.6526236929 nfev=1542 t=1810.2s remaining=461
    iter=1540 E=-1.6526241940 nfev=1543 t=1811.2s remaining=460
    iter=1541 E=-1.6526246974 nfev=1544 t=1812.4s remaining=459
    iter=1542 E=-1.6526249704 nfev=1545 t=1813.5s remaining=458
    iter=1543 E=-1.6526252252 nfev=1546 t=1814.6s remaining=457
    iter=1544 E=-1.6526254270 nfev=1547 t=1815.9s remaining=456
    iter=1545 E=-1.6526256069 nfev=1548 t=1817.0s remaining=455
    iter=1546 E=-1.6526257744 nfev=1549 t=1818.2s remaining=454
    iter=1547 E=-1.6526259273 nfev=1550 t=1819.3s remaining=453
    iter=1548 E=-1.6526260703 nfev=1551 t=1820.4s remaining=452
    iter=1549 E=-1.6526261727 nfev=1552 t=1821.6s remaining=451
    iter=1550 E=-1.6526262885 nfev=1553 t=1822.7s remaining=450
    iter=1551 E=-1.6526264591 nfev=1554 t=1823.9s remaining=449
    iter=1552 E=-1.6526266953 nfev=1555 t=1825.0s remaining=448
    iter=1553 E=-1.6526270300 nfev=1556 t=1826.2s remaining=447
    iter=1554 E=-1.6526274166 nfev=1557 t=1827.4s remaining=446
    iter=1555 E=-1.6526277889 nfev=1558 t=1828.5s remaining=445
    iter=1556 E=-1.6526281265 nfev=1559 t=1829.6s remaining=444
    iter=1557 E=-1.6526285235 nfev=1560 t=1830.7s remaining=443
    iter=1558 E=-1.6526289161 nfev=1561 t=1831.8s remaining=442
    iter=1559 E=-1.6526291492 nfev=1562 t=1833.0s remaining=441
    iter=1560 E=-1.6526294559 nfev=1563 t=1834.2s remaining=440
    iter=1561 E=-1.6526297942 nfev=1564 t=1835.4s remaining=439
    iter=1562 E=-1.6526299630 nfev=1565 t=1836.5s remaining=438
    iter=1563 E=-1.6526302251 nfev=1566 t=1837.7s remaining=437
    iter=1564 E=-1.6526305617 nfev=1567 t=1838.9s remaining=436
    iter=1565 E=-1.6526308636 nfev=1568 t=1840.2s remaining=435
    iter=1566 E=-1.6526311226 nfev=1569 t=1841.3s remaining=434
    iter=1567 E=-1.6526313966 nfev=1570 t=1842.5s remaining=433
    iter=1568 E=-1.6526316895 nfev=1571 t=1843.7s remaining=432
    iter=1569 E=-1.6526318915 nfev=1572 t=1844.9s remaining=431
    iter=1570 E=-1.6526320718 nfev=1573 t=1846.1s remaining=430
    iter=1571 E=-1.6526322819 nfev=1574 t=1847.3s remaining=429
    iter=1572 E=-1.6526325413 nfev=1575 t=1848.4s remaining=428
    iter=1573 E=-1.6526328667 nfev=1576 t=1849.6s remaining=427
    iter=1574 E=-1.6526331248 nfev=1577 t=1850.7s remaining=426
    iter=1575 E=-1.6526334113 nfev=1578 t=1851.8s remaining=425
    iter=1576 E=-1.6526336850 nfev=1579 t=1852.9s remaining=424
    iter=1577 E=-1.6526339799 nfev=1580 t=1854.0s remaining=423
    iter=1578 E=-1.6526342355 nfev=1581 t=1855.6s remaining=422
    iter=1579 E=-1.6526344488 nfev=1582 t=1856.9s remaining=421
    iter=1580 E=-1.6526346563 nfev=1583 t=1858.0s remaining=420
    iter=1581 E=-1.6526348370 nfev=1584 t=1859.3s remaining=419
    iter=1582 E=-1.6526349895 nfev=1585 t=1860.5s remaining=418
    iter=1583 E=-1.6526351560 nfev=1586 t=1861.6s remaining=417
    iter=1584 E=-1.6526353523 nfev=1587 t=1862.7s remaining=416
    iter=1585 E=-1.6526355530 nfev=1588 t=1863.9s remaining=415
    iter=1586 E=-1.6526357812 nfev=1589 t=1865.1s remaining=414
    iter=1587 E=-1.6526360860 nfev=1590 t=1866.2s remaining=413
    iter=1588 E=-1.6526364450 nfev=1591 t=1867.3s remaining=412
    iter=1589 E=-1.6526367428 nfev=1592 t=1868.5s remaining=411
    iter=1590 E=-1.6526370206 nfev=1593 t=1869.6s remaining=410
    iter=1591 E=-1.6526372742 nfev=1594 t=1870.8s remaining=409
    iter=1592 E=-1.6526375306 nfev=1595 t=1871.9s remaining=408
    iter=1593 E=-1.6526378598 nfev=1596 t=1873.1s remaining=407
    iter=1594 E=-1.6526383017 nfev=1597 t=1874.2s remaining=406
    iter=1595 E=-1.6526387262 nfev=1598 t=1875.4s remaining=405
    iter=1596 E=-1.6526391523 nfev=1599 t=1876.5s remaining=404
    iter=1597 E=-1.6526396143 nfev=1600 t=1877.6s remaining=403
    iter=1598 E=-1.6526399597 nfev=1601 t=1878.9s remaining=402
    iter=1599 E=-1.6526403129 nfev=1602 t=1880.2s remaining=401
    iter=1600 E=-1.6526404901 nfev=1603 t=1881.4s remaining=400
    iter=1601 E=-1.6526407403 nfev=1604 t=1882.5s remaining=399
    iter=1602 E=-1.6526409681 nfev=1605 t=1883.7s remaining=398
    iter=1603 E=-1.6526411774 nfev=1606 t=1884.8s remaining=397
    iter=1604 E=-1.6526413625 nfev=1607 t=1886.0s remaining=396
    iter=1605 E=-1.6526415042 nfev=1608 t=1887.1s remaining=395
    iter=1606 E=-1.6526416688 nfev=1609 t=1888.3s remaining=394
    iter=1607 E=-1.6526418214 nfev=1610 t=1889.5s remaining=393
    iter=1608 E=-1.6526419290 nfev=1611 t=1890.6s remaining=392
    iter=1609 E=-1.6526419941 nfev=1612 t=1891.7s remaining=391
    iter=1610 E=-1.6526420687 nfev=1613 t=1892.9s remaining=390
    iter=1611 E=-1.6526421433 nfev=1614 t=1894.1s remaining=389
    iter=1612 E=-1.6526422375 nfev=1615 t=1895.3s remaining=388
    iter=1613 E=-1.6526423510 nfev=1616 t=1896.5s remaining=387
    iter=1614 E=-1.6526424938 nfev=1617 t=1897.6s remaining=386
    iter=1615 E=-1.6526426893 nfev=1618 t=1898.8s remaining=385
    iter=1616 E=-1.6526429525 nfev=1619 t=1899.9s remaining=384
    iter=1617 E=-1.6526433158 nfev=1620 t=1901.0s remaining=383
    iter=1618 E=-1.6526436648 nfev=1621 t=1902.2s remaining=382
    iter=1619 E=-1.6526440612 nfev=1622 t=1903.4s remaining=381
    iter=1620 E=-1.6526444502 nfev=1623 t=1904.6s remaining=380
    iter=1621 E=-1.6526449003 nfev=1624 t=1905.8s remaining=379
    iter=1622 E=-1.6526452991 nfev=1625 t=1906.9s remaining=378
    iter=1623 E=-1.6526456051 nfev=1626 t=1908.1s remaining=377
    iter=1624 E=-1.6526459055 nfev=1627 t=1909.3s remaining=376
    iter=1625 E=-1.6526461330 nfev=1628 t=1910.4s remaining=375
    iter=1626 E=-1.6526463684 nfev=1629 t=1911.5s remaining=374
    iter=1627 E=-1.6526465586 nfev=1630 t=1912.7s remaining=373
    iter=1628 E=-1.6526467338 nfev=1631 t=1913.8s remaining=372
    iter=1629 E=-1.6526469140 nfev=1632 t=1914.9s remaining=371
    iter=1630 E=-1.6526470475 nfev=1633 t=1916.1s remaining=370
    iter=1631 E=-1.6526471824 nfev=1634 t=1917.2s remaining=369
    iter=1632 E=-1.6526472789 nfev=1635 t=1918.4s remaining=368
    iter=1633 E=-1.6526473674 nfev=1636 t=1919.5s remaining=367
    iter=1634 E=-1.6526474282 nfev=1637 t=1920.6s remaining=366
    iter=1635 E=-1.6526474817 nfev=1638 t=1921.8s remaining=365
    iter=1636 E=-1.6526475480 nfev=1639 t=1922.9s remaining=364
    iter=1637 E=-1.6526476291 nfev=1640 t=1924.2s remaining=363
    iter=1638 E=-1.6526477240 nfev=1641 t=1925.3s remaining=362
    iter=1639 E=-1.6526478260 nfev=1642 t=1926.4s remaining=361
    iter=1640 E=-1.6526479552 nfev=1643 t=1927.5s remaining=360
    iter=1641 E=-1.6526480989 nfev=1644 t=1928.6s remaining=359
    iter=1642 E=-1.6526482629 nfev=1645 t=1929.8s remaining=358
    iter=1643 E=-1.6526484582 nfev=1646 t=1931.0s remaining=357
    iter=1644 E=-1.6526486838 nfev=1647 t=1932.1s remaining=356
    iter=1645 E=-1.6526489595 nfev=1648 t=1933.3s remaining=355
    iter=1646 E=-1.6526492432 nfev=1649 t=1934.5s remaining=354
    iter=1647 E=-1.6526495791 nfev=1650 t=1935.7s remaining=353
    iter=1648 E=-1.6526499566 nfev=1651 t=1936.8s remaining=352
    iter=1649 E=-1.6526502385 nfev=1652 t=1937.9s remaining=351
    iter=1650 E=-1.6526505222 nfev=1653 t=1939.0s remaining=350
    iter=1651 E=-1.6526508300 nfev=1654 t=1940.2s remaining=349
    iter=1652 E=-1.6526511027 nfev=1655 t=1941.3s remaining=348
    iter=1653 E=-1.6526513043 nfev=1656 t=1942.4s remaining=347
    iter=1654 E=-1.6526514560 nfev=1657 t=1943.5s remaining=346
    iter=1655 E=-1.6526516266 nfev=1658 t=1944.5s remaining=345
    iter=1656 E=-1.6526517357 nfev=1659 t=1945.7s remaining=344
    iter=1657 E=-1.6526517907 nfev=1660 t=1946.8s remaining=343
    iter=1658 E=-1.6526518499 nfev=1661 t=1948.0s remaining=342
    iter=1659 E=-1.6526519054 nfev=1662 t=1949.2s remaining=341
    iter=1660 E=-1.6526519647 nfev=1663 t=1950.3s remaining=340
    iter=1661 E=-1.6526520514 nfev=1664 t=1951.5s remaining=339
    iter=1662 E=-1.6526521641 nfev=1665 t=1952.7s remaining=338
    iter=1663 E=-1.6526522607 nfev=1666 t=1953.8s remaining=337
    iter=1664 E=-1.6526524102 nfev=1667 t=1955.0s remaining=336
    iter=1665 E=-1.6526526343 nfev=1668 t=1956.2s remaining=335
    iter=1666 E=-1.6526528890 nfev=1669 t=1957.5s remaining=334
    iter=1667 E=-1.6526531572 nfev=1670 t=1958.6s remaining=333
    iter=1668 E=-1.6526534698 nfev=1671 t=1959.8s remaining=332
    iter=1669 E=-1.6526537794 nfev=1672 t=1961.0s remaining=331
    iter=1670 E=-1.6526540996 nfev=1673 t=1962.2s remaining=330
    iter=1671 E=-1.6526545328 nfev=1674 t=1963.5s remaining=329
    iter=1672 E=-1.6526549065 nfev=1675 t=1964.7s remaining=328
    iter=1673 E=-1.6526551770 nfev=1676 t=1965.9s remaining=327
    iter=1674 E=-1.6526554020 nfev=1677 t=1967.2s remaining=326
    iter=1675 E=-1.6526556217 nfev=1678 t=1968.4s remaining=325
    iter=1676 E=-1.6526558577 nfev=1679 t=1969.6s remaining=324
    iter=1677 E=-1.6526561243 nfev=1680 t=1970.8s remaining=323
    iter=1678 E=-1.6526563510 nfev=1681 t=1972.0s remaining=322
    iter=1679 E=-1.6526565384 nfev=1682 t=1973.2s remaining=321
    iter=1680 E=-1.6526567444 nfev=1683 t=1974.4s remaining=320
    iter=1681 E=-1.6526568979 nfev=1684 t=1975.5s remaining=319
    iter=1682 E=-1.6526570211 nfev=1685 t=1976.9s remaining=318
    iter=1683 E=-1.6526571491 nfev=1686 t=1978.3s remaining=317
    iter=1684 E=-1.6526572603 nfev=1687 t=1979.7s remaining=316
    iter=1685 E=-1.6526573567 nfev=1688 t=1981.3s remaining=315
    iter=1686 E=-1.6526574629 nfev=1689 t=1982.7s remaining=314
    iter=1687 E=-1.6526575618 nfev=1690 t=1984.1s remaining=313
    iter=1688 E=-1.6526576420 nfev=1691 t=1985.4s remaining=312
    iter=1689 E=-1.6526577400 nfev=1692 t=1986.9s remaining=311
    iter=1690 E=-1.6526578900 nfev=1693 t=1988.4s remaining=310
    iter=1691 E=-1.6526580907 nfev=1694 t=1989.7s remaining=309
    iter=1692 E=-1.6526583199 nfev=1695 t=1991.0s remaining=308
    iter=1693 E=-1.6526586329 nfev=1696 t=1992.2s remaining=307
    iter=1694 E=-1.6526589639 nfev=1697 t=1993.4s remaining=306
    iter=1695 E=-1.6526593370 nfev=1698 t=1994.6s remaining=305
    iter=1696 E=-1.6526598326 nfev=1699 t=1995.8s remaining=304
    iter=1697 E=-1.6526605135 nfev=1700 t=1997.0s remaining=303
    iter=1698 E=-1.6526611700 nfev=1701 t=1998.2s remaining=302
    iter=1699 E=-1.6526616353 nfev=1702 t=1999.4s remaining=301
    iter=1700 E=-1.6526619523 nfev=1703 t=2000.6s remaining=300
    iter=1701 E=-1.6526621365 nfev=1704 t=2001.8s remaining=299
    iter=1702 E=-1.6526622775 nfev=1705 t=2003.1s remaining=298
    iter=1703 E=-1.6526623974 nfev=1706 t=2004.3s remaining=297
    iter=1704 E=-1.6526625646 nfev=1707 t=2005.6s remaining=296
    iter=1705 E=-1.6526627595 nfev=1708 t=2006.9s remaining=295
    iter=1706 E=-1.6526629249 nfev=1709 t=2008.1s remaining=294
    iter=1707 E=-1.6526631073 nfev=1710 t=2009.2s remaining=293
    iter=1708 E=-1.6526633112 nfev=1711 t=2010.5s remaining=292
    iter=1709 E=-1.6526634014 nfev=1712 t=2011.7s remaining=291
    iter=1710 E=-1.6526634933 nfev=1713 t=2012.9s remaining=290
    iter=1711 E=-1.6526635883 nfev=1714 t=2014.1s remaining=289
    iter=1712 E=-1.6526636524 nfev=1715 t=2015.3s remaining=288
    iter=1713 E=-1.6526637090 nfev=1716 t=2016.5s remaining=287
    iter=1714 E=-1.6526637685 nfev=1717 t=2017.7s remaining=286
    iter=1715 E=-1.6526638456 nfev=1718 t=2018.9s remaining=285
    iter=1716 E=-1.6526639246 nfev=1719 t=2020.1s remaining=284
    iter=1717 E=-1.6526640393 nfev=1720 t=2021.3s remaining=283
    iter=1718 E=-1.6526641973 nfev=1721 t=2022.5s remaining=282
    iter=1719 E=-1.6526644286 nfev=1722 t=2023.7s remaining=281
    iter=1720 E=-1.6526647009 nfev=1723 t=2024.9s remaining=280
    iter=1721 E=-1.6526649777 nfev=1724 t=2026.3s remaining=279
    iter=1722 E=-1.6526653029 nfev=1725 t=2027.5s remaining=278
    iter=1723 E=-1.6526656443 nfev=1726 t=2028.8s remaining=277
    iter=1724 E=-1.6526659572 nfev=1727 t=2030.0s remaining=276
    iter=1725 E=-1.6526663529 nfev=1728 t=2031.1s remaining=275
    iter=1726 E=-1.6526666617 nfev=1729 t=2032.3s remaining=274
    iter=1727 E=-1.6526669178 nfev=1730 t=2033.6s remaining=273
    iter=1728 E=-1.6526671774 nfev=1731 t=2034.7s remaining=272
    iter=1729 E=-1.6526674450 nfev=1732 t=2035.9s remaining=271
    iter=1730 E=-1.6526677502 nfev=1733 t=2037.0s remaining=270
    iter=1731 E=-1.6526680536 nfev=1734 t=2038.1s remaining=269
    iter=1732 E=-1.6526682667 nfev=1735 t=2039.2s remaining=268
    iter=1733 E=-1.6526684278 nfev=1736 t=2040.3s remaining=267
    iter=1734 E=-1.6526685343 nfev=1737 t=2041.4s remaining=266
    iter=1735 E=-1.6526685922 nfev=1738 t=2042.6s remaining=265
    iter=1736 E=-1.6526686623 nfev=1739 t=2043.7s remaining=264
    iter=1737 E=-1.6526687267 nfev=1740 t=2044.8s remaining=263
    iter=1738 E=-1.6526687883 nfev=1741 t=2045.9s remaining=262
    iter=1739 E=-1.6526688725 nfev=1742 t=2047.1s remaining=261
    iter=1740 E=-1.6526689899 nfev=1743 t=2048.3s remaining=260
    iter=1741 E=-1.6526691521 nfev=1744 t=2049.5s remaining=259
    iter=1742 E=-1.6526693486 nfev=1745 t=2050.8s remaining=258
    iter=1743 E=-1.6526695919 nfev=1746 t=2052.0s remaining=257
    iter=1744 E=-1.6526699113 nfev=1747 t=2053.1s remaining=256
    iter=1745 E=-1.6526702270 nfev=1748 t=2054.3s remaining=255
    iter=1746 E=-1.6526705415 nfev=1749 t=2055.4s remaining=254
    iter=1747 E=-1.6526708461 nfev=1750 t=2056.6s remaining=253
    iter=1748 E=-1.6526711438 nfev=1751 t=2057.8s remaining=252
    iter=1749 E=-1.6526713499 nfev=1752 t=2058.9s remaining=251
    iter=1750 E=-1.6526715985 nfev=1753 t=2060.1s remaining=250
    iter=1751 E=-1.6526718564 nfev=1754 t=2061.3s remaining=249
    iter=1752 E=-1.6526721183 nfev=1755 t=2062.4s remaining=248
    iter=1753 E=-1.6526723919 nfev=1756 t=2063.6s remaining=247
    iter=1754 E=-1.6526725804 nfev=1757 t=2064.7s remaining=246
    iter=1755 E=-1.6526727183 nfev=1758 t=2065.9s remaining=245
    iter=1756 E=-1.6526728315 nfev=1759 t=2067.1s remaining=244
    iter=1757 E=-1.6526728737 nfev=1760 t=2068.3s remaining=243
    iter=1758 E=-1.6526729430 nfev=1761 t=2069.4s remaining=242
    iter=1759 E=-1.6526730477 nfev=1762 t=2070.6s remaining=241
    iter=1760 E=-1.6526731777 nfev=1763 t=2071.7s remaining=240
    iter=1761 E=-1.6526733257 nfev=1764 t=2072.9s remaining=239
    iter=1762 E=-1.6526735037 nfev=1765 t=2074.1s remaining=238
    iter=1763 E=-1.6526737367 nfev=1766 t=2075.3s remaining=237
    iter=1764 E=-1.6526739687 nfev=1767 t=2076.7s remaining=236
    iter=1765 E=-1.6526741259 nfev=1768 t=2077.9s remaining=235
    iter=1766 E=-1.6526743115 nfev=1769 t=2079.1s remaining=234
    iter=1767 E=-1.6526745714 nfev=1770 t=2080.2s remaining=233
    iter=1768 E=-1.6526748197 nfev=1771 t=2081.4s remaining=232
    iter=1769 E=-1.6526751071 nfev=1772 t=2082.5s remaining=231
    iter=1770 E=-1.6526754721 nfev=1773 t=2083.7s remaining=230
    iter=1771 E=-1.6526758236 nfev=1774 t=2085.0s remaining=229
    iter=1772 E=-1.6526761185 nfev=1775 t=2086.2s remaining=228
    iter=1773 E=-1.6526764172 nfev=1776 t=2087.4s remaining=227
    iter=1774 E=-1.6526766801 nfev=1777 t=2088.6s remaining=226
    iter=1775 E=-1.6526769044 nfev=1778 t=2089.8s remaining=225
    iter=1776 E=-1.6526770285 nfev=1779 t=2091.0s remaining=224
    iter=1777 E=-1.6526771395 nfev=1780 t=2092.3s remaining=223
    iter=1778 E=-1.6526772198 nfev=1781 t=2093.5s remaining=222
    iter=1779 E=-1.6526773055 nfev=1782 t=2094.8s remaining=221
    iter=1780 E=-1.6526773827 nfev=1783 t=2096.0s remaining=220
    iter=1781 E=-1.6526774818 nfev=1784 t=2097.3s remaining=219
    iter=1782 E=-1.6526775857 nfev=1785 t=2098.4s remaining=218
    iter=1783 E=-1.6526776815 nfev=1786 t=2099.7s remaining=217
    iter=1784 E=-1.6526778012 nfev=1787 t=2100.9s remaining=216
    iter=1785 E=-1.6526779536 nfev=1788 t=2102.2s remaining=215
    iter=1786 E=-1.6526781485 nfev=1789 t=2103.5s remaining=214
    iter=1787 E=-1.6526782862 nfev=1790 t=2104.7s remaining=213
    iter=1788 E=-1.6526784595 nfev=1791 t=2106.1s remaining=212
    iter=1789 E=-1.6526787298 nfev=1792 t=2107.3s remaining=211
    iter=1790 E=-1.6526790129 nfev=1793 t=2108.5s remaining=210
    iter=1791 E=-1.6526793432 nfev=1794 t=2109.8s remaining=209
    iter=1792 E=-1.6526796818 nfev=1795 t=2110.9s remaining=208
    iter=1793 E=-1.6526799286 nfev=1796 t=2112.2s remaining=207
    iter=1794 E=-1.6526800787 nfev=1797 t=2113.7s remaining=206
    iter=1795 E=-1.6526802807 nfev=1798 t=2115.0s remaining=205
    iter=1796 E=-1.6526804974 nfev=1799 t=2116.2s remaining=204
    iter=1797 E=-1.6526806532 nfev=1800 t=2117.4s remaining=203
    iter=1798 E=-1.6526807884 nfev=1801 t=2118.6s remaining=202
    iter=1799 E=-1.6526809393 nfev=1802 t=2119.8s remaining=201
    iter=1800 E=-1.6526811394 nfev=1803 t=2120.9s remaining=200
    iter=1801 E=-1.6526812954 nfev=1804 t=2122.1s remaining=199
    iter=1802 E=-1.6526814432 nfev=1805 t=2123.3s remaining=198
    iter=1803 E=-1.6526815463 nfev=1806 t=2124.6s remaining=197
    iter=1804 E=-1.6526816333 nfev=1807 t=2125.8s remaining=196
    iter=1805 E=-1.6526817009 nfev=1808 t=2126.9s remaining=195
    iter=1806 E=-1.6526817500 nfev=1809 t=2128.1s remaining=194
    iter=1807 E=-1.6526818033 nfev=1810 t=2129.3s remaining=193
    iter=1808 E=-1.6526818741 nfev=1811 t=2130.4s remaining=192
    iter=1809 E=-1.6526819644 nfev=1812 t=2131.6s remaining=191
    iter=1810 E=-1.6526820696 nfev=1813 t=2132.8s remaining=190
    iter=1811 E=-1.6526821801 nfev=1814 t=2133.9s remaining=189
    iter=1812 E=-1.6526822960 nfev=1815 t=2135.2s remaining=188
    iter=1813 E=-1.6526824061 nfev=1816 t=2136.4s remaining=187
    iter=1814 E=-1.6526825546 nfev=1817 t=2137.6s remaining=186
    iter=1815 E=-1.6526827069 nfev=1818 t=2138.7s remaining=185
    iter=1816 E=-1.6526827856 nfev=1819 t=2140.0s remaining=184
    iter=1817 E=-1.6526829086 nfev=1820 t=2141.1s remaining=183
    iter=1818 E=-1.6526830776 nfev=1821 t=2142.3s remaining=182
    iter=1819 E=-1.6526832482 nfev=1822 t=2143.5s remaining=181
    iter=1820 E=-1.6526834452 nfev=1823 t=2144.7s remaining=180
    iter=1821 E=-1.6526837062 nfev=1824 t=2145.8s remaining=179
    iter=1822 E=-1.6526840088 nfev=1825 t=2147.0s remaining=178
    iter=1823 E=-1.6526843113 nfev=1826 t=2148.2s remaining=177
    iter=1824 E=-1.6526846859 nfev=1827 t=2149.3s remaining=176
    iter=1825 E=-1.6526851349 nfev=1828 t=2150.5s remaining=175
    iter=1826 E=-1.6526855503 nfev=1829 t=2151.6s remaining=174
    iter=1827 E=-1.6526857847 nfev=1830 t=2152.7s remaining=173
    iter=1828 E=-1.6526860786 nfev=1831 t=2153.8s remaining=172
    iter=1829 E=-1.6526864255 nfev=1832 t=2155.0s remaining=171
    iter=1830 E=-1.6526867179 nfev=1833 t=2156.1s remaining=170
    iter=1831 E=-1.6526870575 nfev=1834 t=2157.2s remaining=169
    iter=1832 E=-1.6526873677 nfev=1835 t=2158.3s remaining=168
    iter=1833 E=-1.6526876346 nfev=1836 t=2159.5s remaining=167
    iter=1834 E=-1.6526878524 nfev=1837 t=2160.6s remaining=166
    iter=1835 E=-1.6526880278 nfev=1838 t=2161.8s remaining=165
    iter=1836 E=-1.6526882369 nfev=1839 t=2163.0s remaining=164
    iter=1837 E=-1.6526883809 nfev=1840 t=2164.3s remaining=163
    iter=1838 E=-1.6526885111 nfev=1841 t=2165.4s remaining=162
    iter=1839 E=-1.6526885963 nfev=1842 t=2166.5s remaining=161
    iter=1840 E=-1.6526886891 nfev=1843 t=2167.7s remaining=160
    iter=1841 E=-1.6526887396 nfev=1844 t=2169.0s remaining=159
    iter=1842 E=-1.6526888238 nfev=1845 t=2170.2s remaining=158
    iter=1843 E=-1.6526889287 nfev=1846 t=2171.6s remaining=157
    iter=1844 E=-1.6526890362 nfev=1847 t=2172.9s remaining=156
    iter=1845 E=-1.6526891537 nfev=1848 t=2174.0s remaining=155
    iter=1846 E=-1.6526892828 nfev=1849 t=2175.3s remaining=154
    iter=1847 E=-1.6526894303 nfev=1850 t=2176.5s remaining=153
    iter=1848 E=-1.6526895730 nfev=1851 t=2177.6s remaining=152
    iter=1849 E=-1.6526897235 nfev=1852 t=2178.8s remaining=151
    iter=1850 E=-1.6526898528 nfev=1853 t=2179.9s remaining=150
    iter=1851 E=-1.6526900296 nfev=1854 t=2181.0s remaining=149
    iter=1852 E=-1.6526901897 nfev=1855 t=2182.1s remaining=148
    iter=1853 E=-1.6526903783 nfev=1856 t=2183.3s remaining=147
    iter=1854 E=-1.6526906020 nfev=1857 t=2184.4s remaining=146
    iter=1855 E=-1.6526908402 nfev=1858 t=2185.5s remaining=145
    iter=1856 E=-1.6526910560 nfev=1859 t=2186.7s remaining=144
    iter=1857 E=-1.6526913465 nfev=1860 t=2187.8s remaining=143
    iter=1858 E=-1.6526917255 nfev=1861 t=2188.9s remaining=142
    iter=1859 E=-1.6526921616 nfev=1862 t=2190.1s remaining=141
    iter=1860 E=-1.6526925846 nfev=1863 t=2191.2s remaining=140
    iter=1861 E=-1.6526928963 nfev=1864 t=2192.3s remaining=139
    iter=1862 E=-1.6526930933 nfev=1865 t=2193.5s remaining=138
    iter=1863 E=-1.6526932439 nfev=1866 t=2194.6s remaining=137
    iter=1864 E=-1.6526933932 nfev=1867 t=2195.7s remaining=136
    iter=1865 E=-1.6526935258 nfev=1868 t=2196.9s remaining=135
    iter=1866 E=-1.6526937201 nfev=1869 t=2198.0s remaining=134
    iter=1867 E=-1.6526939601 nfev=1870 t=2199.1s remaining=133
    iter=1868 E=-1.6526940815 nfev=1871 t=2200.2s remaining=132
    iter=1869 E=-1.6526941865 nfev=1872 t=2201.3s remaining=131
    iter=1870 E=-1.6526942543 nfev=1873 t=2202.4s remaining=130
    iter=1871 E=-1.6526943488 nfev=1874 t=2203.5s remaining=129
    iter=1872 E=-1.6526944506 nfev=1875 t=2204.7s remaining=128
    iter=1873 E=-1.6526945256 nfev=1876 t=2205.9s remaining=127
    iter=1874 E=-1.6526946290 nfev=1877 t=2207.2s remaining=126
    iter=1875 E=-1.6526946869 nfev=1878 t=2208.3s remaining=125
    iter=1876 E=-1.6526947378 nfev=1879 t=2209.5s remaining=124
    iter=1877 E=-1.6526947915 nfev=1880 t=2210.5s remaining=123
    iter=1878 E=-1.6526948562 nfev=1881 t=2211.6s remaining=122
    iter=1879 E=-1.6526949420 nfev=1882 t=2212.8s remaining=121
    iter=1880 E=-1.6526950547 nfev=1883 t=2213.9s remaining=120
    iter=1881 E=-1.6526952091 nfev=1884 t=2215.1s remaining=119
    iter=1882 E=-1.6526954015 nfev=1885 t=2216.2s remaining=118
    iter=1883 E=-1.6526956464 nfev=1886 t=2217.3s remaining=117
    iter=1884 E=-1.6526959131 nfev=1887 t=2218.4s remaining=116
    iter=1885 E=-1.6526961761 nfev=1888 t=2219.7s remaining=115
    iter=1886 E=-1.6526964415 nfev=1889 t=2220.8s remaining=114
    iter=1887 E=-1.6526967042 nfev=1890 t=2222.0s remaining=113
    iter=1888 E=-1.6526970093 nfev=1891 t=2223.1s remaining=112
    iter=1889 E=-1.6526973073 nfev=1892 t=2224.3s remaining=111
    iter=1890 E=-1.6526976229 nfev=1893 t=2225.5s remaining=110
    iter=1891 E=-1.6526979287 nfev=1894 t=2226.6s remaining=109
    iter=1892 E=-1.6526982405 nfev=1895 t=2227.7s remaining=108
    iter=1893 E=-1.6526985598 nfev=1896 t=2228.9s remaining=107
    iter=1894 E=-1.6526988121 nfev=1897 t=2230.1s remaining=106
    iter=1895 E=-1.6526990429 nfev=1898 t=2231.3s remaining=105
    iter=1896 E=-1.6526992280 nfev=1899 t=2232.4s remaining=104
    iter=1897 E=-1.6526994217 nfev=1900 t=2233.6s remaining=103
    iter=1898 E=-1.6526996181 nfev=1901 t=2234.9s remaining=102
    iter=1899 E=-1.6526998457 nfev=1902 t=2236.2s remaining=101
    iter=1900 E=-1.6526999941 nfev=1903 t=2237.4s remaining=100
    iter=1901 E=-1.6527001233 nfev=1904 t=2238.5s remaining=99
    iter=1902 E=-1.6527002266 nfev=1905 t=2239.6s remaining=98
    iter=1903 E=-1.6527003415 nfev=1906 t=2240.8s remaining=97
    iter=1904 E=-1.6527004392 nfev=1907 t=2241.9s remaining=96
    iter=1905 E=-1.6527005373 nfev=1908 t=2243.1s remaining=95
    iter=1906 E=-1.6527006580 nfev=1909 t=2244.3s remaining=94
    iter=1907 E=-1.6527007456 nfev=1910 t=2245.5s remaining=93
    iter=1908 E=-1.6527008584 nfev=1911 t=2246.6s remaining=92
    iter=1909 E=-1.6527010091 nfev=1912 t=2247.8s remaining=91
    iter=1910 E=-1.6527011278 nfev=1913 t=2248.9s remaining=90
    iter=1911 E=-1.6527013128 nfev=1914 t=2250.1s remaining=89
    iter=1912 E=-1.6527015421 nfev=1915 t=2251.2s remaining=88
    iter=1913 E=-1.6527017893 nfev=1916 t=2252.3s remaining=87
    iter=1914 E=-1.6527020759 nfev=1917 t=2253.5s remaining=86
    iter=1915 E=-1.6527024828 nfev=1918 t=2254.6s remaining=85
    iter=1916 E=-1.6527028872 nfev=1919 t=2255.8s remaining=84
    iter=1917 E=-1.6527032905 nfev=1920 t=2257.0s remaining=83
    iter=1918 E=-1.6527036246 nfev=1921 t=2258.1s remaining=82
    iter=1919 E=-1.6527039029 nfev=1922 t=2259.3s remaining=81
    iter=1920 E=-1.6527041680 nfev=1923 t=2260.4s remaining=80
    iter=1921 E=-1.6527044877 nfev=1924 t=2261.5s remaining=79
    iter=1922 E=-1.6527048562 nfev=1925 t=2262.8s remaining=78
    iter=1923 E=-1.6527050628 nfev=1926 t=2264.0s remaining=77
    iter=1924 E=-1.6527053269 nfev=1927 t=2265.3s remaining=76
    iter=1925 E=-1.6527055738 nfev=1928 t=2266.5s remaining=75
    iter=1926 E=-1.6527058116 nfev=1929 t=2267.6s remaining=74
    iter=1927 E=-1.6527060315 nfev=1930 t=2268.8s remaining=73
    iter=1928 E=-1.6527062715 nfev=1931 t=2270.0s remaining=72
    iter=1929 E=-1.6527065410 nfev=1932 t=2271.1s remaining=71
    iter=1930 E=-1.6527067848 nfev=1933 t=2272.4s remaining=70
    iter=1931 E=-1.6527069740 nfev=1934 t=2273.6s remaining=69
    iter=1932 E=-1.6527071817 nfev=1935 t=2274.8s remaining=68
    iter=1933 E=-1.6527073658 nfev=1936 t=2276.0s remaining=67
    iter=1934 E=-1.6527074849 nfev=1937 t=2277.1s remaining=66
    iter=1935 E=-1.6527076189 nfev=1938 t=2278.3s remaining=65
    iter=1936 E=-1.6527077723 nfev=1939 t=2279.5s remaining=64
    iter=1937 E=-1.6527078863 nfev=1940 t=2280.7s remaining=63
    iter=1938 E=-1.6527080091 nfev=1941 t=2281.9s remaining=62
    iter=1939 E=-1.6527081320 nfev=1942 t=2283.0s remaining=61
    iter=1940 E=-1.6527082601 nfev=1943 t=2284.1s remaining=60
    iter=1941 E=-1.6527083847 nfev=1944 t=2285.2s remaining=59
    iter=1942 E=-1.6527084930 nfev=1945 t=2286.3s remaining=58
    iter=1943 E=-1.6527085994 nfev=1946 t=2287.7s remaining=57
    iter=1944 E=-1.6527087081 nfev=1947 t=2288.9s remaining=56
    iter=1945 E=-1.6527088870 nfev=1948 t=2290.1s remaining=55
    iter=1946 E=-1.6527091542 nfev=1949 t=2291.2s remaining=54
    iter=1947 E=-1.6527094352 nfev=1950 t=2292.5s remaining=53
    iter=1948 E=-1.6527096418 nfev=1951 t=2293.6s remaining=52
    iter=1949 E=-1.6527098924 nfev=1952 t=2294.8s remaining=51
    iter=1950 E=-1.6527101886 nfev=1953 t=2295.9s remaining=50
    iter=1951 E=-1.6527104850 nfev=1954 t=2297.1s remaining=49
    iter=1952 E=-1.6527108548 nfev=1955 t=2298.2s remaining=48
    iter=1953 E=-1.6527113063 nfev=1956 t=2299.4s remaining=47
    iter=1954 E=-1.6527118377 nfev=1957 t=2300.5s remaining=46
    iter=1955 E=-1.6527122272 nfev=1958 t=2301.6s remaining=45
    iter=1956 E=-1.6527126373 nfev=1959 t=2302.8s remaining=44
    iter=1957 E=-1.6527130258 nfev=1960 t=2303.9s remaining=43
    iter=1958 E=-1.6527133907 nfev=1961 t=2305.0s remaining=42
    iter=1959 E=-1.6527137534 nfev=1962 t=2306.2s remaining=41
    iter=1960 E=-1.6527140104 nfev=1963 t=2307.4s remaining=40
    iter=1961 E=-1.6527142716 nfev=1964 t=2308.5s remaining=39
    iter=1962 E=-1.6527144730 nfev=1965 t=2309.7s remaining=38
    iter=1963 E=-1.6527146680 nfev=1966 t=2310.8s remaining=37
    iter=1964 E=-1.6527148653 nfev=1967 t=2312.0s remaining=36
    iter=1965 E=-1.6527149885 nfev=1968 t=2313.1s remaining=35
    iter=1966 E=-1.6527151216 nfev=1969 t=2314.3s remaining=34
    iter=1967 E=-1.6527152593 nfev=1970 t=2315.4s remaining=33
    iter=1968 E=-1.6527153940 nfev=1971 t=2316.6s remaining=32
    iter=1969 E=-1.6527155249 nfev=1972 t=2317.7s remaining=31
    iter=1970 E=-1.6527156096 nfev=1973 t=2318.9s remaining=30
    iter=1971 E=-1.6527156910 nfev=1974 t=2320.1s remaining=29
    iter=1972 E=-1.6527157796 nfev=1975 t=2321.2s remaining=28
    iter=1973 E=-1.6527158531 nfev=1976 t=2322.4s remaining=27
    iter=1974 E=-1.6527159640 nfev=1977 t=2323.6s remaining=26
    iter=1975 E=-1.6527160941 nfev=1978 t=2324.8s remaining=25
    iter=1976 E=-1.6527162513 nfev=1979 t=2326.0s remaining=24
    iter=1977 E=-1.6527163925 nfev=1980 t=2327.1s remaining=23
    iter=1978 E=-1.6527165878 nfev=1981 t=2328.3s remaining=22
    iter=1979 E=-1.6527168262 nfev=1982 t=2329.4s remaining=21
    iter=1980 E=-1.6527170699 nfev=1983 t=2330.5s remaining=20
    iter=1981 E=-1.6527172852 nfev=1984 t=2331.6s remaining=19
    iter=1982 E=-1.6527175341 nfev=1985 t=2332.7s remaining=18
    iter=1983 E=-1.6527178448 nfev=1986 t=2333.8s remaining=17
    iter=1984 E=-1.6527182147 nfev=1987 t=2334.9s remaining=16
    iter=1985 E=-1.6527185562 nfev=1988 t=2336.0s remaining=15
    iter=1986 E=-1.6527189929 nfev=1989 t=2337.2s remaining=14
    iter=1987 E=-1.6527194347 nfev=1990 t=2338.3s remaining=13
    iter=1988 E=-1.6527198142 nfev=1991 t=2339.4s remaining=12
    iter=1989 E=-1.6527202689 nfev=1992 t=2340.6s remaining=11
    iter=1990 E=-1.6527205929 nfev=1993 t=2341.7s remaining=10
    iter=1991 E=-1.6527208111 nfev=1994 t=2342.9s remaining=9
    iter=1992 E=-1.6527209969 nfev=1995 t=2344.0s remaining=8
    iter=1993 E=-1.6527211851 nfev=1996 t=2345.2s remaining=7
    iter=1994 E=-1.6527213002 nfev=1997 t=2346.3s remaining=6
    iter=1995 E=-1.6527214588 nfev=1998 t=2347.5s remaining=5
    iter=1996 E=-1.6527216841 nfev=1999 t=2348.6s remaining=4
    iter=1997 E=-1.6527219134 nfev=2000 t=2349.8s remaining=3
    iter=1998 E=-1.6527220686 nfev=2001 t=2351.0s remaining=2
    iter=1999 E=-1.6527222458 nfev=2002 t=2352.1s remaining=1
    iter=2000 E=-1.6527224118 nfev=2003 t=2353.2s remaining=0
    iter=2000 E=-1.6527224118 nfev=2003 t=2353.2s remaining=0
    seed=0 E=-1.6527224118 dE=+3.945e-04 nit=2000 ok=False t=2353.2s
  r=0.50  L=8   npar=344   E=-1.6527224118  |E-FCI|=3.945e-04  FCI=no   chem=yes

=== summary (best seed per layer) ===
  bond   L ansatz                 npar              E     |E-FCI|  FCI? chem?
  0.50   8 (ECD+SNAP)^8 + ECD      344  -1.6527224118   3.945e-04    no   yes

wrote data/results/h4_hybrid_L8_nobs_r0050.json
