self-check ok (nfock=4, use_bs=False, worst FD rel err 0.00e+00)
per-iter log: data/results/h4_hybrid_L9_nobs_r0050_iters.jsonl
live snapshot: data/results/h4_hybrid_L9_nobs_r0050_live.json

=== build H4 JWT Hamiltonian at R=0.50 Å ===
=== r=0.50 Å   FCI(pyscf)=-1.6531169519  eig=-1.6531169519  paper_fci=-1.65311695  paper_SNAP_D20=-1.6531169543899968 ===
-- r=0.50  (ECD+SNAP)^9 + ECD   npar=386 --
    iter=1 E=3.1846880734 nfev=2 t=2.8s remaining=1999
    iter=2 E=2.7319660105 nfev=4 t=5.6s remaining=1998
    iter=3 E=2.5569216567 nfev=6 t=8.4s remaining=1997
    iter=4 E=2.3487559306 nfev=7 t=9.7s remaining=1996
    iter=5 E=2.1463090686 nfev=8 t=11.0s remaining=1995
    iter=6 E=1.8884439002 nfev=9 t=12.4s remaining=1994
    iter=7 E=1.7776642238 nfev=10 t=13.8s remaining=1993
    iter=8 E=1.6396100244 nfev=11 t=15.1s remaining=1992
    iter=9 E=1.5472937436 nfev=12 t=16.5s remaining=1991
    iter=10 E=1.4210623592 nfev=13 t=17.8s remaining=1990
    iter=11 E=1.2487795018 nfev=14 t=19.1s remaining=1989
    iter=12 E=1.0546778365 nfev=15 t=20.6s remaining=1988
    iter=13 E=0.9669595998 nfev=16 t=22.1s remaining=1987
    iter=14 E=0.8330389194 nfev=17 t=23.5s remaining=1986
    iter=15 E=0.6856279476 nfev=18 t=25.0s remaining=1985
    iter=16 E=0.5164313069 nfev=19 t=26.3s remaining=1984
    iter=17 E=0.3676504531 nfev=20 t=27.9s remaining=1983
    iter=18 E=0.2105958938 nfev=21 t=29.4s remaining=1982
    iter=19 E=0.0966114218 nfev=22 t=30.9s remaining=1981
    iter=20 E=-0.0539258081 nfev=23 t=32.3s remaining=1980
    iter=21 E=-0.1651402774 nfev=24 t=33.9s remaining=1979
    iter=22 E=-0.3183527282 nfev=25 t=35.3s remaining=1978
    iter=23 E=-0.4593242888 nfev=26 t=36.6s remaining=1977
    iter=24 E=-0.5989823634 nfev=27 t=38.0s remaining=1976
    iter=25 E=-0.6640085346 nfev=28 t=39.3s remaining=1975
    iter=26 E=-0.7487452692 nfev=29 t=40.8s remaining=1974
    iter=27 E=-0.8476156732 nfev=30 t=42.3s remaining=1973
    iter=28 E=-0.9221864600 nfev=31 t=43.8s remaining=1972
    iter=29 E=-1.0089946171 nfev=32 t=45.1s remaining=1971
    iter=30 E=-1.0418491571 nfev=34 t=47.8s remaining=1970
    iter=31 E=-1.0876389788 nfev=35 t=49.3s remaining=1969
    iter=32 E=-1.1494704533 nfev=36 t=50.7s remaining=1968
    iter=33 E=-1.1793590840 nfev=37 t=52.3s remaining=1967
    iter=34 E=-1.2211253756 nfev=38 t=53.7s remaining=1966
    iter=35 E=-1.2770310709 nfev=39 t=55.0s remaining=1965
    iter=36 E=-1.3343583948 nfev=40 t=56.4s remaining=1964
    iter=37 E=-1.3859826791 nfev=41 t=57.7s remaining=1963
    iter=38 E=-1.4272302474 nfev=42 t=59.3s remaining=1962
    iter=39 E=-1.4524154236 nfev=43 t=60.8s remaining=1961
    iter=40 E=-1.4783377519 nfev=44 t=62.2s remaining=1960
    iter=41 E=-1.5101189844 nfev=45 t=63.6s remaining=1959
    iter=42 E=-1.5173548199 nfev=46 t=65.0s remaining=1958
    iter=43 E=-1.5297278579 nfev=47 t=66.4s remaining=1957
    iter=44 E=-1.5488386061 nfev=48 t=67.8s remaining=1956
    iter=45 E=-1.5706183078 nfev=49 t=69.2s remaining=1955
    iter=46 E=-1.5956375570 nfev=50 t=70.6s remaining=1954
    iter=47 E=-1.6066259179 nfev=52 t=73.3s remaining=1953
    iter=48 E=-1.6116397716 nfev=53 t=74.6s remaining=1952
    iter=49 E=-1.6188039564 nfev=54 t=76.1s remaining=1951
    iter=50 E=-1.6248010555 nfev=55 t=77.5s remaining=1950
    iter=51 E=-1.6302724610 nfev=56 t=78.8s remaining=1949
    iter=52 E=-1.6327974160 nfev=58 t=81.6s remaining=1948
    iter=53 E=-1.6353723894 nfev=59 t=83.1s remaining=1947
    iter=54 E=-1.6364519795 nfev=60 t=84.5s remaining=1946
    iter=55 E=-1.6378436809 nfev=61 t=85.9s remaining=1945
    iter=56 E=-1.6392406301 nfev=62 t=87.3s remaining=1944
    iter=57 E=-1.6395732257 nfev=63 t=88.7s remaining=1943
    iter=58 E=-1.6401064578 nfev=64 t=90.1s remaining=1942
    iter=59 E=-1.6407652306 nfev=65 t=91.5s remaining=1941
    iter=60 E=-1.6411937928 nfev=66 t=92.9s remaining=1940
    iter=61 E=-1.6413896120 nfev=68 t=95.8s remaining=1939
    iter=62 E=-1.6414533900 nfev=69 t=97.1s remaining=1938
    iter=63 E=-1.6415501868 nfev=70 t=98.5s remaining=1937
    iter=64 E=-1.6416562737 nfev=71 t=99.8s remaining=1936
    iter=65 E=-1.6417105935 nfev=73 t=102.6s remaining=1935
    iter=66 E=-1.6417182146 nfev=74 t=104.0s remaining=1934
    iter=67 E=-1.6417321828 nfev=75 t=105.3s remaining=1933
    iter=68 E=-1.6417545822 nfev=76 t=106.7s remaining=1932
    iter=69 E=-1.6417838338 nfev=77 t=108.1s remaining=1931
    iter=70 E=-1.6417938455 nfev=79 t=110.9s remaining=1930
    iter=71 E=-1.6417973059 nfev=80 t=112.3s remaining=1929
    iter=72 E=-1.6418016529 nfev=81 t=113.7s remaining=1928
    iter=73 E=-1.6418044952 nfev=82 t=115.1s remaining=1927
    iter=74 E=-1.6418078044 nfev=83 t=116.4s remaining=1926
    iter=75 E=-1.6418116717 nfev=84 t=117.7s remaining=1925
    iter=76 E=-1.6418176524 nfev=85 t=119.2s remaining=1924
    iter=77 E=-1.6418279696 nfev=86 t=120.7s remaining=1923
    iter=78 E=-1.6418458769 nfev=87 t=122.0s remaining=1922
    iter=79 E=-1.6418762748 nfev=88 t=123.4s remaining=1921
    iter=80 E=-1.6419219115 nfev=89 t=124.7s remaining=1920
    iter=81 E=-1.6419635423 nfev=90 t=126.0s remaining=1919
    iter=82 E=-1.6420284456 nfev=91 t=127.4s remaining=1918
    iter=83 E=-1.6421178105 nfev=92 t=128.7s remaining=1917
    iter=84 E=-1.6421640106 nfev=93 t=130.0s remaining=1916
    iter=85 E=-1.6422146874 nfev=94 t=131.4s remaining=1915
    iter=86 E=-1.6422317438 nfev=95 t=132.9s remaining=1914
    iter=87 E=-1.6422500606 nfev=96 t=134.3s remaining=1913
    iter=88 E=-1.6422685642 nfev=97 t=135.7s remaining=1912
    iter=89 E=-1.6422876242 nfev=98 t=137.0s remaining=1911
    iter=90 E=-1.6423172597 nfev=99 t=138.3s remaining=1910
    iter=91 E=-1.6423599296 nfev=100 t=139.6s remaining=1909
    iter=92 E=-1.6424204677 nfev=101 t=141.0s remaining=1908
    iter=93 E=-1.6424894981 nfev=102 t=142.4s remaining=1907
    iter=94 E=-1.6425478365 nfev=103 t=143.7s remaining=1906
    iter=95 E=-1.6425961584 nfev=104 t=145.2s remaining=1905
    iter=96 E=-1.6426399760 nfev=105 t=146.7s remaining=1904
    iter=97 E=-1.6426809192 nfev=106 t=148.0s remaining=1903
    iter=98 E=-1.6427208353 nfev=107 t=149.4s remaining=1902
    iter=99 E=-1.6427430487 nfev=108 t=150.8s remaining=1901
    iter=100 E=-1.6427694511 nfev=109 t=152.3s remaining=1900
    iter=101 E=-1.6428069480 nfev=110 t=153.7s remaining=1899
    iter=102 E=-1.6428618080 nfev=111 t=155.1s remaining=1898
    iter=103 E=-1.6429366518 nfev=112 t=156.4s remaining=1897
    iter=104 E=-1.6430273252 nfev=113 t=157.7s remaining=1896
    iter=105 E=-1.6431179643 nfev=114 t=159.1s remaining=1895
    iter=106 E=-1.6431771162 nfev=115 t=160.4s remaining=1894
    iter=107 E=-1.6432509977 nfev=116 t=161.8s remaining=1893
    iter=108 E=-1.6433086091 nfev=117 t=163.2s remaining=1892
    iter=109 E=-1.6433555116 nfev=118 t=164.6s remaining=1891
    iter=110 E=-1.6433925928 nfev=119 t=166.0s remaining=1890
    iter=111 E=-1.6434429652 nfev=120 t=167.3s remaining=1889
    iter=112 E=-1.6435110423 nfev=121 t=168.6s remaining=1888
    iter=113 E=-1.6435911408 nfev=122 t=170.0s remaining=1887
    iter=114 E=-1.6437050763 nfev=123 t=171.4s remaining=1886
    iter=115 E=-1.6438444597 nfev=124 t=172.7s remaining=1885
    iter=116 E=-1.6439262891 nfev=125 t=174.1s remaining=1884
    iter=117 E=-1.6440340012 nfev=126 t=175.5s remaining=1883
    iter=118 E=-1.6441206237 nfev=127 t=177.0s remaining=1882
    iter=119 E=-1.6441558058 nfev=128 t=178.3s remaining=1881
    iter=120 E=-1.6441940837 nfev=129 t=179.8s remaining=1880
    iter=121 E=-1.6442122990 nfev=130 t=181.4s remaining=1879
    iter=122 E=-1.6442344836 nfev=131 t=182.8s remaining=1878
    iter=123 E=-1.6442677743 nfev=132 t=184.2s remaining=1877
    iter=124 E=-1.6443097323 nfev=133 t=185.6s remaining=1876
    iter=125 E=-1.6443595412 nfev=134 t=187.1s remaining=1875
    iter=126 E=-1.6444289374 nfev=135 t=188.5s remaining=1874
    iter=127 E=-1.6445345159 nfev=136 t=189.8s remaining=1873
    iter=128 E=-1.6446502187 nfev=137 t=191.2s remaining=1872
    iter=129 E=-1.6447089651 nfev=139 t=193.9s remaining=1871
    iter=130 E=-1.6447544453 nfev=140 t=195.3s remaining=1870
    iter=131 E=-1.6447938394 nfev=141 t=196.7s remaining=1869
    iter=132 E=-1.6448163431 nfev=142 t=198.0s remaining=1868
    iter=133 E=-1.6448369164 nfev=143 t=199.3s remaining=1867
    iter=134 E=-1.6448506950 nfev=144 t=200.7s remaining=1866
    iter=135 E=-1.6448674987 nfev=145 t=202.1s remaining=1865
    iter=136 E=-1.6448876145 nfev=146 t=203.4s remaining=1864
    iter=137 E=-1.6449116565 nfev=147 t=204.8s remaining=1863
    iter=138 E=-1.6449448644 nfev=148 t=206.3s remaining=1862
    iter=139 E=-1.6449947937 nfev=149 t=207.7s remaining=1861
    iter=140 E=-1.6450552452 nfev=150 t=209.1s remaining=1860
    iter=141 E=-1.6450861724 nfev=151 t=210.4s remaining=1859
    iter=142 E=-1.6451267360 nfev=152 t=211.8s remaining=1858
    iter=143 E=-1.6451498649 nfev=153 t=213.3s remaining=1857
    iter=144 E=-1.6451692150 nfev=154 t=214.7s remaining=1856
    iter=145 E=-1.6451828810 nfev=155 t=216.2s remaining=1855
    iter=146 E=-1.6451961569 nfev=156 t=217.6s remaining=1854
    iter=147 E=-1.6452159753 nfev=157 t=219.0s remaining=1853
    iter=148 E=-1.6452444606 nfev=158 t=220.4s remaining=1852
    iter=149 E=-1.6452845178 nfev=159 t=221.7s remaining=1851
    iter=150 E=-1.6453377898 nfev=160 t=223.1s remaining=1850
    iter=151 E=-1.6453987576 nfev=161 t=224.5s remaining=1849
    iter=152 E=-1.6454489181 nfev=162 t=225.9s remaining=1848
    iter=153 E=-1.6454839654 nfev=163 t=227.3s remaining=1847
    iter=154 E=-1.6455111773 nfev=164 t=228.7s remaining=1846
    iter=155 E=-1.6455329690 nfev=165 t=230.1s remaining=1845
    iter=156 E=-1.6455522505 nfev=166 t=231.5s remaining=1844
    iter=157 E=-1.6455703430 nfev=167 t=232.9s remaining=1843
    iter=158 E=-1.6455914830 nfev=168 t=234.3s remaining=1842
    iter=159 E=-1.6456250107 nfev=169 t=235.7s remaining=1841
    iter=160 E=-1.6456750727 nfev=170 t=237.2s remaining=1840
    iter=161 E=-1.6457379668 nfev=171 t=238.6s remaining=1839
    iter=162 E=-1.6457909354 nfev=172 t=239.9s remaining=1838
    iter=163 E=-1.6458451310 nfev=173 t=241.3s remaining=1837
    iter=164 E=-1.6458933947 nfev=174 t=242.7s remaining=1836
    iter=165 E=-1.6459196738 nfev=175 t=244.0s remaining=1835
    iter=166 E=-1.6459406626 nfev=176 t=245.3s remaining=1834
    iter=167 E=-1.6459558412 nfev=177 t=246.7s remaining=1833
    iter=168 E=-1.6459708298 nfev=178 t=248.0s remaining=1832
    iter=169 E=-1.6459891129 nfev=179 t=249.3s remaining=1831
    iter=170 E=-1.6460112808 nfev=180 t=250.6s remaining=1830
    iter=171 E=-1.6460434972 nfev=181 t=251.9s remaining=1829
    iter=172 E=-1.6460867260 nfev=182 t=253.3s remaining=1828
    iter=173 E=-1.6461283763 nfev=183 t=254.7s remaining=1827
    iter=174 E=-1.6461630588 nfev=184 t=256.1s remaining=1826
    iter=175 E=-1.6461968936 nfev=185 t=257.5s remaining=1825
    iter=176 E=-1.6462264478 nfev=186 t=258.8s remaining=1824
    iter=177 E=-1.6462517966 nfev=187 t=260.2s remaining=1823
    iter=178 E=-1.6462747267 nfev=188 t=261.6s remaining=1822
    iter=179 E=-1.6462942824 nfev=189 t=262.9s remaining=1821
    iter=180 E=-1.6463100927 nfev=190 t=264.3s remaining=1820
    iter=181 E=-1.6463306952 nfev=191 t=265.6s remaining=1819
    iter=182 E=-1.6463541982 nfev=192 t=267.0s remaining=1818
    iter=183 E=-1.6463801132 nfev=193 t=268.4s remaining=1817
    iter=184 E=-1.6464167596 nfev=194 t=269.8s remaining=1816
    iter=185 E=-1.6464606001 nfev=195 t=271.1s remaining=1815
    iter=186 E=-1.6464862319 nfev=196 t=272.5s remaining=1814
    iter=187 E=-1.6465160594 nfev=197 t=273.9s remaining=1813
    iter=188 E=-1.6465386018 nfev=198 t=275.3s remaining=1812
    iter=189 E=-1.6465578902 nfev=199 t=276.7s remaining=1811
    iter=190 E=-1.6465804084 nfev=200 t=278.1s remaining=1810
    iter=191 E=-1.6466107229 nfev=201 t=279.5s remaining=1809
    iter=192 E=-1.6466374761 nfev=202 t=280.9s remaining=1808
    iter=193 E=-1.6466599786 nfev=203 t=282.3s remaining=1807
    iter=194 E=-1.6466814467 nfev=204 t=283.7s remaining=1806
    iter=195 E=-1.6467076705 nfev=205 t=285.0s remaining=1805
    iter=196 E=-1.6467350367 nfev=206 t=286.3s remaining=1804
    iter=197 E=-1.6467668630 nfev=207 t=287.6s remaining=1803
    iter=198 E=-1.6468044064 nfev=208 t=289.0s remaining=1802
    iter=199 E=-1.6468362812 nfev=209 t=290.4s remaining=1801
    iter=200 E=-1.6468615704 nfev=210 t=291.9s remaining=1800
    iter=201 E=-1.6468741033 nfev=211 t=293.2s remaining=1799
    iter=202 E=-1.6468894108 nfev=212 t=294.6s remaining=1798
    iter=203 E=-1.6469045371 nfev=213 t=295.9s remaining=1797
    iter=204 E=-1.6469232305 nfev=214 t=297.3s remaining=1796
    iter=205 E=-1.6469524802 nfev=215 t=298.7s remaining=1795
    iter=206 E=-1.6469898178 nfev=216 t=300.1s remaining=1794
    iter=207 E=-1.6470157598 nfev=217 t=301.4s remaining=1793
    iter=208 E=-1.6470466312 nfev=218 t=302.8s remaining=1792
    iter=209 E=-1.6470744222 nfev=219 t=304.4s remaining=1791
    iter=210 E=-1.6470931599 nfev=220 t=305.8s remaining=1790
    iter=211 E=-1.6471078820 nfev=221 t=307.2s remaining=1789
    iter=212 E=-1.6471210064 nfev=222 t=308.6s remaining=1788
    iter=213 E=-1.6471361689 nfev=223 t=309.9s remaining=1787
    iter=214 E=-1.6471545713 nfev=224 t=311.3s remaining=1786
    iter=215 E=-1.6471830585 nfev=225 t=312.6s remaining=1785
    iter=216 E=-1.6472236298 nfev=226 t=313.9s remaining=1784
    iter=217 E=-1.6472594629 nfev=227 t=315.4s remaining=1783
    iter=218 E=-1.6472926042 nfev=228 t=316.8s remaining=1782
    iter=219 E=-1.6473161605 nfev=229 t=318.2s remaining=1781
    iter=220 E=-1.6473261544 nfev=230 t=319.6s remaining=1780
    iter=221 E=-1.6473398503 nfev=231 t=321.0s remaining=1779
    iter=222 E=-1.6473523304 nfev=232 t=322.4s remaining=1778
    iter=223 E=-1.6473665766 nfev=233 t=323.8s remaining=1777
    iter=224 E=-1.6473887637 nfev=234 t=325.1s remaining=1776
    iter=225 E=-1.6474189494 nfev=235 t=326.5s remaining=1775
    iter=226 E=-1.6474455425 nfev=236 t=327.8s remaining=1774
    iter=227 E=-1.6474747803 nfev=237 t=329.2s remaining=1773
    iter=228 E=-1.6475069672 nfev=238 t=330.5s remaining=1772
    iter=229 E=-1.6475280758 nfev=239 t=331.9s remaining=1771
    iter=230 E=-1.6475389374 nfev=240 t=333.2s remaining=1770
    iter=231 E=-1.6475541625 nfev=241 t=334.5s remaining=1769
    iter=232 E=-1.6475742680 nfev=242 t=335.9s remaining=1768
    iter=233 E=-1.6475956804 nfev=243 t=337.2s remaining=1767
    iter=234 E=-1.6476173065 nfev=244 t=338.6s remaining=1766
    iter=235 E=-1.6476353735 nfev=245 t=340.1s remaining=1765
    iter=236 E=-1.6476559572 nfev=246 t=341.5s remaining=1764
    iter=237 E=-1.6476735040 nfev=247 t=342.9s remaining=1763
    iter=238 E=-1.6476915284 nfev=248 t=344.3s remaining=1762
    iter=239 E=-1.6477072097 nfev=249 t=345.6s remaining=1761
    iter=240 E=-1.6477201023 nfev=250 t=346.9s remaining=1760
    iter=241 E=-1.6477372310 nfev=251 t=348.4s remaining=1759
    iter=242 E=-1.6477615275 nfev=252 t=349.8s remaining=1758
    iter=243 E=-1.6477839249 nfev=253 t=351.3s remaining=1757
    iter=244 E=-1.6477988450 nfev=254 t=352.7s remaining=1756
    iter=245 E=-1.6478175916 nfev=255 t=354.0s remaining=1755
    iter=246 E=-1.6478373783 nfev=256 t=355.4s remaining=1754
    iter=247 E=-1.6478559147 nfev=257 t=356.9s remaining=1753
    iter=248 E=-1.6478790998 nfev=258 t=358.4s remaining=1752
    iter=249 E=-1.6479004642 nfev=259 t=359.8s remaining=1751
    iter=250 E=-1.6479173531 nfev=260 t=361.1s remaining=1750
    iter=251 E=-1.6479331360 nfev=261 t=362.4s remaining=1749
    iter=252 E=-1.6479499775 nfev=262 t=363.8s remaining=1748
    iter=253 E=-1.6479711895 nfev=263 t=365.1s remaining=1747
    iter=254 E=-1.6479931238 nfev=264 t=366.4s remaining=1746
    iter=255 E=-1.6480046966 nfev=265 t=367.8s remaining=1745
    iter=256 E=-1.6480209666 nfev=266 t=369.1s remaining=1744
    iter=257 E=-1.6480413734 nfev=267 t=370.5s remaining=1743
    iter=258 E=-1.6480664820 nfev=268 t=371.9s remaining=1742
    iter=259 E=-1.6480986399 nfev=269 t=373.2s remaining=1741
    iter=260 E=-1.6481322221 nfev=270 t=374.6s remaining=1740
    iter=261 E=-1.6481553505 nfev=271 t=375.9s remaining=1739
    iter=262 E=-1.6481696310 nfev=272 t=377.2s remaining=1738
    iter=263 E=-1.6481879649 nfev=273 t=378.5s remaining=1737
    iter=264 E=-1.6482077724 nfev=274 t=379.9s remaining=1736
    iter=265 E=-1.6482257029 nfev=275 t=381.2s remaining=1735
    iter=266 E=-1.6482481829 nfev=276 t=382.6s remaining=1734
    iter=267 E=-1.6482670444 nfev=277 t=383.9s remaining=1733
    iter=268 E=-1.6482864689 nfev=278 t=385.3s remaining=1732
    iter=269 E=-1.6483062546 nfev=279 t=386.7s remaining=1731
    iter=270 E=-1.6483283412 nfev=280 t=388.0s remaining=1730
    iter=271 E=-1.6483543110 nfev=281 t=389.3s remaining=1729
    iter=272 E=-1.6483710741 nfev=282 t=390.6s remaining=1728
    iter=273 E=-1.6483880072 nfev=283 t=392.0s remaining=1727
    iter=274 E=-1.6484032309 nfev=284 t=393.4s remaining=1726
    iter=275 E=-1.6484204023 nfev=285 t=394.8s remaining=1725
    iter=276 E=-1.6484387228 nfev=286 t=396.2s remaining=1724
    iter=277 E=-1.6484591895 nfev=287 t=397.6s remaining=1723
    iter=278 E=-1.6484770402 nfev=288 t=399.0s remaining=1722
    iter=279 E=-1.6484835955 nfev=289 t=400.4s remaining=1721
    iter=280 E=-1.6484940097 nfev=290 t=401.7s remaining=1720
    iter=281 E=-1.6485082664 nfev=291 t=403.0s remaining=1719
    iter=282 E=-1.6485206435 nfev=292 t=404.4s remaining=1718
    iter=283 E=-1.6485380189 nfev=293 t=405.8s remaining=1717
    iter=284 E=-1.6485620939 nfev=294 t=407.1s remaining=1716
    iter=285 E=-1.6485858457 nfev=295 t=408.6s remaining=1715
    iter=286 E=-1.6486035968 nfev=296 t=410.0s remaining=1714
    iter=287 E=-1.6486189048 nfev=297 t=411.4s remaining=1713
    iter=288 E=-1.6486403794 nfev=298 t=412.7s remaining=1712
    iter=289 E=-1.6486645434 nfev=299 t=414.1s remaining=1711
    iter=290 E=-1.6486768493 nfev=300 t=415.6s remaining=1710
    iter=291 E=-1.6486932333 nfev=301 t=417.0s remaining=1709
    iter=292 E=-1.6487084019 nfev=302 t=418.4s remaining=1708
    iter=293 E=-1.6487218539 nfev=303 t=419.7s remaining=1707
    iter=294 E=-1.6487366413 nfev=304 t=421.0s remaining=1706
    iter=295 E=-1.6487519322 nfev=305 t=422.4s remaining=1705
    iter=296 E=-1.6487696864 nfev=306 t=423.7s remaining=1704
    iter=297 E=-1.6487876505 nfev=307 t=425.2s remaining=1703
    iter=298 E=-1.6488072041 nfev=308 t=426.7s remaining=1702
    iter=299 E=-1.6488230522 nfev=309 t=428.1s remaining=1701
    iter=300 E=-1.6488364406 nfev=310 t=429.4s remaining=1700
    iter=301 E=-1.6488465992 nfev=311 t=430.8s remaining=1699
    iter=302 E=-1.6488579730 nfev=312 t=432.2s remaining=1698
    iter=303 E=-1.6488709250 nfev=313 t=433.5s remaining=1697
    iter=304 E=-1.6488847460 nfev=314 t=434.9s remaining=1696
    iter=305 E=-1.6489016427 nfev=315 t=436.2s remaining=1695
    iter=306 E=-1.6489188217 nfev=316 t=437.6s remaining=1694
    iter=307 E=-1.6489377419 nfev=317 t=439.0s remaining=1693
    iter=308 E=-1.6489516346 nfev=318 t=440.4s remaining=1692
    iter=309 E=-1.6489673949 nfev=319 t=441.8s remaining=1691
    iter=310 E=-1.6489817354 nfev=320 t=443.1s remaining=1690
    iter=311 E=-1.6489921531 nfev=321 t=444.5s remaining=1689
    iter=312 E=-1.6490057968 nfev=322 t=445.8s remaining=1688
    iter=313 E=-1.6490191165 nfev=323 t=447.1s remaining=1687
    iter=314 E=-1.6490332542 nfev=324 t=448.4s remaining=1686
    iter=315 E=-1.6490517557 nfev=325 t=449.8s remaining=1685
    iter=316 E=-1.6490722304 nfev=326 t=451.4s remaining=1684
    iter=317 E=-1.6490832976 nfev=327 t=452.7s remaining=1683
    iter=318 E=-1.6490935762 nfev=328 t=454.1s remaining=1682
    iter=319 E=-1.6491045369 nfev=329 t=455.7s remaining=1681
    iter=320 E=-1.6491159091 nfev=330 t=457.4s remaining=1680
    iter=321 E=-1.6491316211 nfev=331 t=459.0s remaining=1679
    iter=322 E=-1.6491518798 nfev=332 t=460.4s remaining=1678
    iter=323 E=-1.6491754004 nfev=333 t=461.9s remaining=1677
    iter=324 E=-1.6492016303 nfev=334 t=463.4s remaining=1676
    iter=325 E=-1.6492171059 nfev=335 t=464.8s remaining=1675
    iter=326 E=-1.6492315481 nfev=336 t=466.2s remaining=1674
    iter=327 E=-1.6492421342 nfev=337 t=467.5s remaining=1673
    iter=328 E=-1.6492521887 nfev=338 t=469.0s remaining=1672
    iter=329 E=-1.6492641017 nfev=339 t=470.4s remaining=1671
    iter=330 E=-1.6492736489 nfev=340 t=471.8s remaining=1670
    iter=331 E=-1.6492846389 nfev=341 t=473.2s remaining=1669
    iter=332 E=-1.6492976198 nfev=342 t=475.1s remaining=1668
    iter=333 E=-1.6493104457 nfev=343 t=476.7s remaining=1667
    iter=334 E=-1.6493238156 nfev=344 t=478.5s remaining=1666
    iter=335 E=-1.6493383071 nfev=345 t=480.3s remaining=1665
    iter=336 E=-1.6493523501 nfev=346 t=481.7s remaining=1664
    iter=337 E=-1.6493669951 nfev=347 t=483.0s remaining=1663
    iter=338 E=-1.6493838640 nfev=348 t=484.3s remaining=1662
    iter=339 E=-1.6493982645 nfev=349 t=485.7s remaining=1661
    iter=340 E=-1.6494114857 nfev=350 t=487.0s remaining=1660
    iter=341 E=-1.6494241150 nfev=351 t=488.4s remaining=1659
    iter=342 E=-1.6494377887 nfev=352 t=489.6s remaining=1658
    iter=343 E=-1.6494494621 nfev=353 t=490.9s remaining=1657
    iter=344 E=-1.6494590418 nfev=354 t=492.3s remaining=1656
    iter=345 E=-1.6494693757 nfev=355 t=493.7s remaining=1655
    iter=346 E=-1.6494795884 nfev=356 t=495.2s remaining=1654
    iter=347 E=-1.6494936571 nfev=357 t=496.5s remaining=1653
    iter=348 E=-1.6495120589 nfev=358 t=497.9s remaining=1652
    iter=349 E=-1.6495299639 nfev=359 t=499.2s remaining=1651
    iter=350 E=-1.6495423302 nfev=360 t=500.7s remaining=1650
    iter=351 E=-1.6495518788 nfev=361 t=502.1s remaining=1649
    iter=352 E=-1.6495623177 nfev=362 t=503.4s remaining=1648
    iter=353 E=-1.6495738483 nfev=363 t=504.8s remaining=1647
    iter=354 E=-1.6495870878 nfev=364 t=506.1s remaining=1646
    iter=355 E=-1.6495984093 nfev=365 t=507.5s remaining=1645
    iter=356 E=-1.6496110336 nfev=366 t=509.0s remaining=1644
    iter=357 E=-1.6496248913 nfev=367 t=510.4s remaining=1643
    iter=358 E=-1.6496370194 nfev=368 t=511.8s remaining=1642
    iter=359 E=-1.6496460062 nfev=369 t=513.2s remaining=1641
    iter=360 E=-1.6496566862 nfev=370 t=514.6s remaining=1640
    iter=361 E=-1.6496701278 nfev=371 t=515.9s remaining=1639
    iter=362 E=-1.6496809823 nfev=372 t=517.8s remaining=1638
    iter=363 E=-1.6496924050 nfev=373 t=519.6s remaining=1637
    iter=364 E=-1.6497066893 nfev=374 t=521.5s remaining=1636
    iter=365 E=-1.6497187501 nfev=375 t=523.4s remaining=1635
    iter=366 E=-1.6497290856 nfev=376 t=524.9s remaining=1634
    iter=367 E=-1.6497401395 nfev=377 t=526.3s remaining=1633
    iter=368 E=-1.6497528982 nfev=378 t=527.7s remaining=1632
    iter=369 E=-1.6497656999 nfev=379 t=529.0s remaining=1631
    iter=370 E=-1.6497787963 nfev=380 t=530.4s remaining=1630
    iter=371 E=-1.6497968097 nfev=381 t=531.8s remaining=1629
    iter=372 E=-1.6498159893 nfev=382 t=533.2s remaining=1628
    iter=373 E=-1.6498271697 nfev=383 t=534.5s remaining=1627
    iter=374 E=-1.6498393714 nfev=384 t=535.9s remaining=1626
    iter=375 E=-1.6498458541 nfev=385 t=537.3s remaining=1625
    iter=376 E=-1.6498506405 nfev=386 t=538.7s remaining=1624
    iter=377 E=-1.6498566183 nfev=387 t=540.1s remaining=1623
    iter=378 E=-1.6498655136 nfev=388 t=541.7s remaining=1622
    iter=379 E=-1.6498787356 nfev=389 t=543.1s remaining=1621
    iter=380 E=-1.6498924364 nfev=390 t=544.4s remaining=1620
    iter=381 E=-1.6499002496 nfev=391 t=545.8s remaining=1619
    iter=382 E=-1.6499083121 nfev=392 t=547.2s remaining=1618
    iter=383 E=-1.6499156171 nfev=393 t=548.9s remaining=1617
    iter=384 E=-1.6499210897 nfev=394 t=550.5s remaining=1616
    iter=385 E=-1.6499283556 nfev=395 t=552.1s remaining=1615
    iter=386 E=-1.6499364870 nfev=396 t=553.6s remaining=1614
    iter=387 E=-1.6499438585 nfev=397 t=555.1s remaining=1613
    iter=388 E=-1.6499525523 nfev=398 t=557.0s remaining=1612
    iter=389 E=-1.6499619419 nfev=399 t=558.4s remaining=1611
    iter=390 E=-1.6499691762 nfev=400 t=559.8s remaining=1610
    iter=391 E=-1.6499772112 nfev=401 t=561.2s remaining=1609
    iter=392 E=-1.6499865848 nfev=402 t=562.6s remaining=1608
    iter=393 E=-1.6499952795 nfev=403 t=564.0s remaining=1607
    iter=394 E=-1.6500046963 nfev=404 t=565.3s remaining=1606
    iter=395 E=-1.6500135291 nfev=405 t=566.7s remaining=1605
    iter=396 E=-1.6500238760 nfev=406 t=568.1s remaining=1604
    iter=397 E=-1.6500349326 nfev=407 t=569.6s remaining=1603
    iter=398 E=-1.6500454335 nfev=408 t=571.4s remaining=1602
    iter=399 E=-1.6500559811 nfev=409 t=573.3s remaining=1601
    iter=400 E=-1.6500637227 nfev=410 t=574.7s remaining=1600
    iter=401 E=-1.6500692869 nfev=411 t=576.6s remaining=1599
    iter=402 E=-1.6500769559 nfev=412 t=578.5s remaining=1598
    iter=403 E=-1.6500836150 nfev=413 t=580.2s remaining=1597
    iter=404 E=-1.6500878140 nfev=414 t=581.6s remaining=1596
    iter=405 E=-1.6500936947 nfev=415 t=583.3s remaining=1595
    iter=406 E=-1.6501010091 nfev=416 t=584.7s remaining=1594
    iter=407 E=-1.6501089855 nfev=417 t=586.1s remaining=1593
    iter=408 E=-1.6501200909 nfev=418 t=587.7s remaining=1592
    iter=409 E=-1.6501329899 nfev=419 t=589.2s remaining=1591
    iter=410 E=-1.6501402966 nfev=420 t=590.7s remaining=1590
    iter=411 E=-1.6501488281 nfev=421 t=592.1s remaining=1589
    iter=412 E=-1.6501597330 nfev=422 t=593.5s remaining=1588
    iter=413 E=-1.6501691569 nfev=423 t=595.1s remaining=1587
    iter=414 E=-1.6501751474 nfev=424 t=596.9s remaining=1586
    iter=415 E=-1.6501817124 nfev=425 t=598.7s remaining=1585
    iter=416 E=-1.6501864824 nfev=426 t=600.5s remaining=1584
    iter=417 E=-1.6501928342 nfev=427 t=602.3s remaining=1583
    iter=418 E=-1.6502012001 nfev=428 t=604.1s remaining=1582
    iter=419 E=-1.6502064268 nfev=429 t=606.0s remaining=1581
    iter=420 E=-1.6502106886 nfev=430 t=607.8s remaining=1580
    iter=421 E=-1.6502153293 nfev=431 t=609.7s remaining=1579
    iter=422 E=-1.6502206591 nfev=432 t=611.5s remaining=1578
    iter=423 E=-1.6502266953 nfev=433 t=613.3s remaining=1577
    iter=424 E=-1.6502339289 nfev=434 t=615.2s remaining=1576
    iter=425 E=-1.6502419428 nfev=435 t=617.0s remaining=1575
    iter=426 E=-1.6502491306 nfev=436 t=618.8s remaining=1574
    iter=427 E=-1.6502579009 nfev=437 t=620.7s remaining=1573
    iter=428 E=-1.6502677159 nfev=438 t=622.6s remaining=1572
    iter=429 E=-1.6502795868 nfev=439 t=624.4s remaining=1571
    iter=430 E=-1.6502922877 nfev=440 t=626.2s remaining=1570
    iter=431 E=-1.6503018096 nfev=441 t=627.6s remaining=1569
    iter=432 E=-1.6503102360 nfev=442 t=629.0s remaining=1568
    iter=433 E=-1.6503168674 nfev=443 t=630.6s remaining=1567
    iter=434 E=-1.6503226894 nfev=444 t=632.2s remaining=1566
    iter=435 E=-1.6503284798 nfev=445 t=633.7s remaining=1565
    iter=436 E=-1.6503362864 nfev=446 t=635.3s remaining=1564
    iter=437 E=-1.6503467791 nfev=447 t=636.7s remaining=1563
    iter=438 E=-1.6503564856 nfev=448 t=638.1s remaining=1562
    iter=439 E=-1.6503642010 nfev=449 t=639.5s remaining=1561
    iter=440 E=-1.6503720012 nfev=450 t=640.9s remaining=1560
    iter=441 E=-1.6503799456 nfev=451 t=642.5s remaining=1559
    iter=442 E=-1.6503875692 nfev=452 t=643.9s remaining=1558
    iter=443 E=-1.6503965355 nfev=453 t=645.3s remaining=1557
    iter=444 E=-1.6504040465 nfev=454 t=646.7s remaining=1556
    iter=445 E=-1.6504088994 nfev=455 t=648.1s remaining=1555
    iter=446 E=-1.6504131950 nfev=456 t=649.5s remaining=1554
    iter=447 E=-1.6504168263 nfev=457 t=650.9s remaining=1553
    iter=448 E=-1.6504207899 nfev=458 t=652.3s remaining=1552
    iter=449 E=-1.6504262648 nfev=459 t=653.7s remaining=1551
    iter=450 E=-1.6504331331 nfev=460 t=655.2s remaining=1550
    iter=451 E=-1.6504411969 nfev=461 t=656.6s remaining=1549
    iter=452 E=-1.6504503191 nfev=462 t=657.9s remaining=1548
    iter=453 E=-1.6504625077 nfev=463 t=659.3s remaining=1547
    iter=454 E=-1.6504787497 nfev=464 t=660.8s remaining=1546
    iter=455 E=-1.6504913738 nfev=465 t=662.2s remaining=1545
    iter=456 E=-1.6504983736 nfev=467 t=665.0s remaining=1544
    iter=457 E=-1.6505053222 nfev=468 t=666.4s remaining=1543
    iter=458 E=-1.6505126368 nfev=469 t=667.8s remaining=1542
    iter=459 E=-1.6505192483 nfev=470 t=669.3s remaining=1541
    iter=460 E=-1.6505248191 nfev=471 t=670.8s remaining=1540
    iter=461 E=-1.6505312454 nfev=472 t=672.2s remaining=1539
    iter=462 E=-1.6505380474 nfev=473 t=673.6s remaining=1538
    iter=463 E=-1.6505453566 nfev=474 t=675.1s remaining=1537
    iter=464 E=-1.6505534006 nfev=475 t=676.5s remaining=1536
    iter=465 E=-1.6505591414 nfev=476 t=677.9s remaining=1535
    iter=466 E=-1.6505640297 nfev=477 t=679.3s remaining=1534
    iter=467 E=-1.6505695150 nfev=478 t=680.9s remaining=1533
    iter=468 E=-1.6505747106 nfev=479 t=682.3s remaining=1532
    iter=469 E=-1.6505790847 nfev=480 t=683.7s remaining=1531
    iter=470 E=-1.6505831433 nfev=481 t=685.1s remaining=1530
    iter=471 E=-1.6505878818 nfev=482 t=686.5s remaining=1529
    iter=472 E=-1.6505954041 nfev=483 t=687.9s remaining=1528
    iter=473 E=-1.6506067703 nfev=484 t=689.3s remaining=1527
    iter=474 E=-1.6506209687 nfev=485 t=690.7s remaining=1526
    iter=475 E=-1.6506304364 nfev=486 t=692.1s remaining=1525
    iter=476 E=-1.6506420688 nfev=487 t=693.5s remaining=1524
    iter=477 E=-1.6506505602 nfev=488 t=694.8s remaining=1523
    iter=478 E=-1.6506582559 nfev=489 t=696.2s remaining=1522
    iter=479 E=-1.6506625321 nfev=490 t=697.6s remaining=1521
    iter=480 E=-1.6506652764 nfev=491 t=698.9s remaining=1520
    iter=481 E=-1.6506682814 nfev=492 t=700.3s remaining=1519
    iter=482 E=-1.6506709444 nfev=493 t=701.7s remaining=1518
    iter=483 E=-1.6506743605 nfev=494 t=703.0s remaining=1517
    iter=484 E=-1.6506790273 nfev=495 t=704.4s remaining=1516
    iter=485 E=-1.6506846979 nfev=496 t=705.8s remaining=1515
    iter=486 E=-1.6506906327 nfev=497 t=707.2s remaining=1514
    iter=487 E=-1.6506964720 nfev=498 t=708.6s remaining=1513
    iter=488 E=-1.6507041234 nfev=499 t=710.0s remaining=1512
    iter=489 E=-1.6507110854 nfev=500 t=711.8s remaining=1511
    iter=490 E=-1.6507165250 nfev=501 t=713.6s remaining=1510
    iter=491 E=-1.6507239918 nfev=502 t=715.4s remaining=1509
    iter=492 E=-1.6507349531 nfev=503 t=717.2s remaining=1508
    iter=493 E=-1.6507450810 nfev=504 t=719.0s remaining=1507
    iter=494 E=-1.6507511433 nfev=505 t=720.6s remaining=1506
    iter=495 E=-1.6507557181 nfev=506 t=721.9s remaining=1505
    iter=496 E=-1.6507599836 nfev=507 t=723.4s remaining=1504
    iter=497 E=-1.6507624049 nfev=508 t=724.8s remaining=1503
    iter=498 E=-1.6507656976 nfev=509 t=726.3s remaining=1502
    iter=499 E=-1.6507694702 nfev=510 t=727.8s remaining=1501
    iter=500 E=-1.6507736118 nfev=511 t=729.2s remaining=1500
    iter=501 E=-1.6507786289 nfev=512 t=730.6s remaining=1499
    iter=502 E=-1.6507850803 nfev=513 t=732.0s remaining=1498
    iter=503 E=-1.6507913018 nfev=514 t=733.3s remaining=1497
    iter=504 E=-1.6507968747 nfev=515 t=734.7s remaining=1496
    iter=505 E=-1.6508041083 nfev=516 t=736.1s remaining=1495
    iter=506 E=-1.6508110039 nfev=517 t=737.5s remaining=1494
    iter=507 E=-1.6508173612 nfev=518 t=738.9s remaining=1493
    iter=508 E=-1.6508239351 nfev=519 t=740.3s remaining=1492
    iter=509 E=-1.6508293776 nfev=520 t=741.7s remaining=1491
    iter=510 E=-1.6508329173 nfev=521 t=743.1s remaining=1490
    iter=511 E=-1.6508363075 nfev=522 t=744.5s remaining=1489
    iter=512 E=-1.6508407234 nfev=523 t=745.9s remaining=1488
    iter=513 E=-1.6508453454 nfev=524 t=747.3s remaining=1487
    iter=514 E=-1.6508510299 nfev=525 t=748.7s remaining=1486
    iter=515 E=-1.6508583261 nfev=526 t=750.1s remaining=1485
    iter=516 E=-1.6508661638 nfev=527 t=751.4s remaining=1484
    iter=517 E=-1.6508732565 nfev=528 t=752.8s remaining=1483
    iter=518 E=-1.6508813723 nfev=529 t=754.2s remaining=1482
    iter=519 E=-1.6508889908 nfev=530 t=755.6s remaining=1481
    iter=520 E=-1.6508934601 nfev=531 t=756.9s remaining=1480
    iter=521 E=-1.6508997752 nfev=532 t=758.3s remaining=1479
    iter=522 E=-1.6509062626 nfev=533 t=759.7s remaining=1478
    iter=523 E=-1.6509084826 nfev=534 t=761.1s remaining=1477
    iter=524 E=-1.6509121178 nfev=535 t=762.5s remaining=1476
    iter=525 E=-1.6509169488 nfev=536 t=763.9s remaining=1475
    iter=526 E=-1.6509190587 nfev=537 t=765.3s remaining=1474
    iter=527 E=-1.6509214490 nfev=538 t=766.7s remaining=1473
    iter=528 E=-1.6509239666 nfev=539 t=768.1s remaining=1472
    iter=529 E=-1.6509268810 nfev=540 t=769.5s remaining=1471
    iter=530 E=-1.6509307559 nfev=541 t=771.0s remaining=1470
    iter=531 E=-1.6509346247 nfev=542 t=772.6s remaining=1469
    iter=532 E=-1.6509389412 nfev=543 t=774.0s remaining=1468
    iter=533 E=-1.6509439355 nfev=544 t=775.3s remaining=1467
    iter=534 E=-1.6509471291 nfev=545 t=776.7s remaining=1466
    iter=535 E=-1.6509500212 nfev=546 t=778.1s remaining=1465
    iter=536 E=-1.6509531025 nfev=547 t=779.5s remaining=1464
    iter=537 E=-1.6509563122 nfev=548 t=780.9s remaining=1463
    iter=538 E=-1.6509607681 nfev=549 t=782.3s remaining=1462
    iter=539 E=-1.6509666673 nfev=550 t=783.7s remaining=1461
    iter=540 E=-1.6509720987 nfev=551 t=785.1s remaining=1460
    iter=541 E=-1.6509753321 nfev=552 t=786.5s remaining=1459
    iter=542 E=-1.6509779273 nfev=553 t=787.9s remaining=1458
    iter=543 E=-1.6509811915 nfev=554 t=789.2s remaining=1457
    iter=544 E=-1.6509860976 nfev=555 t=790.6s remaining=1456
    iter=545 E=-1.6509920717 nfev=556 t=792.0s remaining=1455
    iter=546 E=-1.6509951567 nfev=557 t=793.4s remaining=1454
    iter=547 E=-1.6509991160 nfev=558 t=794.8s remaining=1453
    iter=548 E=-1.6510029526 nfev=559 t=796.2s remaining=1452
    iter=549 E=-1.6510066852 nfev=560 t=797.5s remaining=1451
    iter=550 E=-1.6510114933 nfev=561 t=798.9s remaining=1450
    iter=551 E=-1.6510171159 nfev=562 t=800.3s remaining=1449
    iter=552 E=-1.6510245275 nfev=563 t=801.9s remaining=1448
    iter=553 E=-1.6510329786 nfev=564 t=803.3s remaining=1447
    iter=554 E=-1.6510406857 nfev=565 t=804.8s remaining=1446
    iter=555 E=-1.6510474907 nfev=566 t=806.2s remaining=1445
    iter=556 E=-1.6510525785 nfev=567 t=807.6s remaining=1444
    iter=557 E=-1.6510573371 nfev=568 t=809.1s remaining=1443
    iter=558 E=-1.6510620544 nfev=569 t=810.5s remaining=1442
    iter=559 E=-1.6510661005 nfev=570 t=811.9s remaining=1441
    iter=560 E=-1.6510689162 nfev=571 t=813.3s remaining=1440
    iter=561 E=-1.6510713961 nfev=572 t=814.7s remaining=1439
    iter=562 E=-1.6510737897 nfev=573 t=816.1s remaining=1438
    iter=563 E=-1.6510764720 nfev=574 t=817.5s remaining=1437
    iter=564 E=-1.6510802845 nfev=575 t=818.9s remaining=1436
    iter=565 E=-1.6510855585 nfev=576 t=820.3s remaining=1435
    iter=566 E=-1.6510905378 nfev=577 t=821.7s remaining=1434
    iter=567 E=-1.6510955824 nfev=578 t=823.1s remaining=1433
    iter=568 E=-1.6511009202 nfev=579 t=824.4s remaining=1432
    iter=569 E=-1.6511061369 nfev=580 t=825.9s remaining=1431
    iter=570 E=-1.6511110191 nfev=581 t=827.2s remaining=1430
    iter=571 E=-1.6511156603 nfev=582 t=828.7s remaining=1429
    iter=572 E=-1.6511203523 nfev=583 t=830.2s remaining=1428
    iter=573 E=-1.6511226335 nfev=584 t=831.6s remaining=1427
    iter=574 E=-1.6511257901 nfev=585 t=833.0s remaining=1426
    iter=575 E=-1.6511302086 nfev=586 t=834.4s remaining=1425
    iter=576 E=-1.6511358097 nfev=587 t=835.9s remaining=1424
    iter=577 E=-1.6511409375 nfev=588 t=837.3s remaining=1423
    iter=578 E=-1.6511458514 nfev=589 t=838.6s remaining=1422
    iter=579 E=-1.6511499903 nfev=590 t=840.0s remaining=1421
    iter=580 E=-1.6511536549 nfev=591 t=841.4s remaining=1420
    iter=581 E=-1.6511568954 nfev=592 t=842.8s remaining=1419
    iter=582 E=-1.6511601049 nfev=593 t=844.4s remaining=1418
    iter=583 E=-1.6511633937 nfev=594 t=845.8s remaining=1417
    iter=584 E=-1.6511670205 nfev=595 t=847.2s remaining=1416
    iter=585 E=-1.6511721421 nfev=596 t=848.6s remaining=1415
    iter=586 E=-1.6511793650 nfev=597 t=850.0s remaining=1414
    iter=587 E=-1.6511884212 nfev=598 t=851.4s remaining=1413
    iter=588 E=-1.6511947641 nfev=599 t=852.8s remaining=1412
    iter=589 E=-1.6512002407 nfev=600 t=854.3s remaining=1411
    iter=590 E=-1.6512050498 nfev=601 t=855.6s remaining=1410
    iter=591 E=-1.6512093716 nfev=602 t=857.0s remaining=1409
    iter=592 E=-1.6512139864 nfev=603 t=858.4s remaining=1408
    iter=593 E=-1.6512175227 nfev=604 t=859.8s remaining=1407
    iter=594 E=-1.6512207230 nfev=605 t=861.3s remaining=1406
    iter=595 E=-1.6512239453 nfev=606 t=862.7s remaining=1405
    iter=596 E=-1.6512266286 nfev=607 t=864.1s remaining=1404
    iter=597 E=-1.6512298387 nfev=608 t=865.5s remaining=1403
    iter=598 E=-1.6512329563 nfev=609 t=866.9s remaining=1402
    iter=599 E=-1.6512358557 nfev=610 t=868.3s remaining=1401
    iter=600 E=-1.6512385828 nfev=611 t=869.7s remaining=1400
    iter=601 E=-1.6512409013 nfev=612 t=871.1s remaining=1399
    iter=602 E=-1.6512443676 nfev=613 t=872.5s remaining=1398
    iter=603 E=-1.6512493510 nfev=614 t=873.9s remaining=1397
    iter=604 E=-1.6512542007 nfev=615 t=875.4s remaining=1396
    iter=605 E=-1.6512585304 nfev=616 t=876.8s remaining=1395
    iter=606 E=-1.6512631201 nfev=617 t=878.3s remaining=1394
    iter=607 E=-1.6512677002 nfev=618 t=879.7s remaining=1393
    iter=608 E=-1.6512717465 nfev=619 t=881.1s remaining=1392
    iter=609 E=-1.6512768004 nfev=620 t=882.5s remaining=1391
    iter=610 E=-1.6512817914 nfev=621 t=883.8s remaining=1390
    iter=611 E=-1.6512864926 nfev=622 t=885.3s remaining=1389
    iter=612 E=-1.6512902893 nfev=623 t=886.8s remaining=1388
    iter=613 E=-1.6512935223 nfev=624 t=888.1s remaining=1387
    iter=614 E=-1.6512963196 nfev=625 t=889.6s remaining=1386
    iter=615 E=-1.6512995345 nfev=626 t=891.0s remaining=1385
    iter=616 E=-1.6513037051 nfev=627 t=892.4s remaining=1384
    iter=617 E=-1.6513076043 nfev=628 t=893.8s remaining=1383
    iter=618 E=-1.6513105000 nfev=629 t=895.2s remaining=1382
    iter=619 E=-1.6513140930 nfev=630 t=896.5s remaining=1381
    iter=620 E=-1.6513166210 nfev=631 t=898.0s remaining=1380
    iter=621 E=-1.6513190910 nfev=632 t=899.5s remaining=1379
    iter=622 E=-1.6513214653 nfev=633 t=901.2s remaining=1378
    iter=623 E=-1.6513241711 nfev=634 t=902.7s remaining=1377
    iter=624 E=-1.6513274041 nfev=635 t=904.2s remaining=1376
    iter=625 E=-1.6513306862 nfev=636 t=905.6s remaining=1375
    iter=626 E=-1.6513343186 nfev=637 t=907.1s remaining=1374
    iter=627 E=-1.6513390209 nfev=638 t=908.6s remaining=1373
    iter=628 E=-1.6513452591 nfev=639 t=910.1s remaining=1372
    iter=629 E=-1.6513500528 nfev=640 t=911.6s remaining=1371
    iter=630 E=-1.6513540652 nfev=641 t=913.0s remaining=1370
    iter=631 E=-1.6513582160 nfev=642 t=914.4s remaining=1369
    iter=632 E=-1.6513622785 nfev=643 t=915.9s remaining=1368
    iter=633 E=-1.6513648552 nfev=644 t=917.3s remaining=1367
    iter=634 E=-1.6513669917 nfev=645 t=918.7s remaining=1366
    iter=635 E=-1.6513689176 nfev=646 t=920.1s remaining=1365
    iter=636 E=-1.6513706102 nfev=647 t=921.6s remaining=1364
    iter=637 E=-1.6513727500 nfev=648 t=923.2s remaining=1363
    iter=638 E=-1.6513745486 nfev=649 t=925.0s remaining=1362
    iter=639 E=-1.6513766672 nfev=650 t=926.6s remaining=1361
    iter=640 E=-1.6513795388 nfev=651 t=928.1s remaining=1360
    iter=641 E=-1.6513828409 nfev=652 t=929.7s remaining=1359
    iter=642 E=-1.6513855709 nfev=653 t=931.2s remaining=1358
    iter=643 E=-1.6513882312 nfev=654 t=932.7s remaining=1357
    iter=644 E=-1.6513909576 nfev=655 t=934.1s remaining=1356
    iter=645 E=-1.6513938610 nfev=656 t=935.7s remaining=1355
    iter=646 E=-1.6513964658 nfev=657 t=937.1s remaining=1354
    iter=647 E=-1.6513990505 nfev=658 t=938.6s remaining=1353
    iter=648 E=-1.6514011781 nfev=659 t=940.1s remaining=1352
    iter=649 E=-1.6514032762 nfev=660 t=941.6s remaining=1351
    iter=650 E=-1.6514062103 nfev=661 t=943.0s remaining=1350
    iter=651 E=-1.6514103908 nfev=662 t=944.5s remaining=1349
    iter=652 E=-1.6514154100 nfev=663 t=946.0s remaining=1348
    iter=653 E=-1.6514201977 nfev=664 t=947.5s remaining=1347
    iter=654 E=-1.6514254669 nfev=665 t=949.0s remaining=1346
    iter=655 E=-1.6514303670 nfev=666 t=950.5s remaining=1345
    iter=656 E=-1.6514328665 nfev=667 t=952.1s remaining=1344
    iter=657 E=-1.6514359084 nfev=668 t=953.5s remaining=1343
    iter=658 E=-1.6514379127 nfev=669 t=954.9s remaining=1342
    iter=659 E=-1.6514398365 nfev=670 t=956.3s remaining=1341
    iter=660 E=-1.6514420646 nfev=671 t=957.7s remaining=1340
    iter=661 E=-1.6514441802 nfev=672 t=959.1s remaining=1339
    iter=662 E=-1.6514459480 nfev=673 t=960.4s remaining=1338
    iter=663 E=-1.6514478285 nfev=674 t=961.8s remaining=1337
    iter=664 E=-1.6514502387 nfev=675 t=963.3s remaining=1336
    iter=665 E=-1.6514537142 nfev=676 t=964.7s remaining=1335
    iter=666 E=-1.6514568488 nfev=677 t=966.1s remaining=1334
    iter=667 E=-1.6514587212 nfev=678 t=967.5s remaining=1333
    iter=668 E=-1.6514611470 nfev=679 t=969.0s remaining=1332
    iter=669 E=-1.6514645358 nfev=680 t=970.5s remaining=1331
    iter=670 E=-1.6514676718 nfev=681 t=971.9s remaining=1330
    iter=671 E=-1.6514714349 nfev=682 t=973.3s remaining=1329
    iter=672 E=-1.6514751817 nfev=683 t=974.7s remaining=1328
    iter=673 E=-1.6514778409 nfev=684 t=976.1s remaining=1327
    iter=674 E=-1.6514800510 nfev=685 t=977.6s remaining=1326
    iter=675 E=-1.6514827539 nfev=686 t=979.0s remaining=1325
    iter=676 E=-1.6514857578 nfev=687 t=980.4s remaining=1324
    iter=677 E=-1.6514894922 nfev=688 t=981.8s remaining=1323
    iter=678 E=-1.6514934194 nfev=689 t=983.2s remaining=1322
    iter=679 E=-1.6514953943 nfev=690 t=984.6s remaining=1321
    iter=680 E=-1.6514980370 nfev=691 t=986.0s remaining=1320
    iter=681 E=-1.6515011995 nfev=692 t=987.4s remaining=1319
    iter=682 E=-1.6515046968 nfev=693 t=988.9s remaining=1318
    iter=683 E=-1.6515091747 nfev=694 t=990.4s remaining=1317
    iter=684 E=-1.6515145936 nfev=695 t=991.8s remaining=1316
    iter=685 E=-1.6515200884 nfev=696 t=993.2s remaining=1315
    iter=686 E=-1.6515248611 nfev=697 t=994.7s remaining=1314
    iter=687 E=-1.6515299958 nfev=698 t=996.1s remaining=1313
    iter=688 E=-1.6515355333 nfev=699 t=997.5s remaining=1312
    iter=689 E=-1.6515408178 nfev=700 t=998.9s remaining=1311
    iter=690 E=-1.6515453977 nfev=701 t=1000.3s remaining=1310
    iter=691 E=-1.6515474306 nfev=702 t=1001.8s remaining=1309
    iter=692 E=-1.6515500349 nfev=703 t=1003.2s remaining=1308
    iter=693 E=-1.6515527054 nfev=704 t=1004.6s remaining=1307
    iter=694 E=-1.6515553511 nfev=705 t=1006.1s remaining=1306
    iter=695 E=-1.6515589342 nfev=706 t=1007.6s remaining=1305
    iter=696 E=-1.6515618691 nfev=707 t=1009.0s remaining=1304
    iter=697 E=-1.6515654380 nfev=708 t=1010.5s remaining=1303
    iter=698 E=-1.6515689765 nfev=709 t=1012.0s remaining=1302
    iter=699 E=-1.6515723357 nfev=710 t=1013.5s remaining=1301
    iter=700 E=-1.6515765359 nfev=711 t=1015.0s remaining=1300
    iter=701 E=-1.6515809098 nfev=712 t=1016.4s remaining=1299
    iter=702 E=-1.6515849633 nfev=713 t=1017.8s remaining=1298
    iter=703 E=-1.6515877525 nfev=714 t=1019.3s remaining=1297
    iter=704 E=-1.6515913368 nfev=715 t=1020.7s remaining=1296
    iter=705 E=-1.6515940914 nfev=716 t=1022.1s remaining=1295
    iter=706 E=-1.6515960912 nfev=717 t=1023.5s remaining=1294
    iter=707 E=-1.6515986417 nfev=718 t=1024.8s remaining=1293
    iter=708 E=-1.6516008403 nfev=719 t=1026.2s remaining=1292
    iter=709 E=-1.6516031869 nfev=720 t=1027.6s remaining=1291
    iter=710 E=-1.6516065505 nfev=721 t=1029.1s remaining=1290
    iter=711 E=-1.6516116922 nfev=722 t=1030.5s remaining=1289
    iter=712 E=-1.6516192094 nfev=723 t=1031.9s remaining=1288
    iter=713 E=-1.6516285786 nfev=724 t=1033.4s remaining=1287
    iter=714 E=-1.6516357480 nfev=725 t=1034.8s remaining=1286
    iter=715 E=-1.6516418848 nfev=726 t=1036.2s remaining=1285
    iter=716 E=-1.6516478710 nfev=727 t=1037.7s remaining=1284
    iter=717 E=-1.6516510410 nfev=728 t=1039.1s remaining=1283
    iter=718 E=-1.6516534092 nfev=729 t=1040.6s remaining=1282
    iter=719 E=-1.6516560356 nfev=730 t=1042.0s remaining=1281
    iter=720 E=-1.6516592339 nfev=731 t=1043.5s remaining=1280
    iter=721 E=-1.6516617054 nfev=732 t=1044.9s remaining=1279
    iter=722 E=-1.6516644192 nfev=733 t=1046.5s remaining=1278
    iter=723 E=-1.6516675277 nfev=734 t=1048.1s remaining=1277
    iter=724 E=-1.6516721846 nfev=735 t=1049.5s remaining=1276
    iter=725 E=-1.6516778570 nfev=736 t=1051.0s remaining=1275
    iter=726 E=-1.6516817983 nfev=737 t=1052.4s remaining=1274
    iter=727 E=-1.6516862276 nfev=738 t=1053.7s remaining=1273
    iter=728 E=-1.6516923611 nfev=739 t=1055.1s remaining=1272
    iter=729 E=-1.6516999512 nfev=740 t=1056.5s remaining=1271
    iter=730 E=-1.6517073633 nfev=741 t=1057.9s remaining=1270
    iter=731 E=-1.6517149580 nfev=742 t=1059.2s remaining=1269
    iter=732 E=-1.6517232248 nfev=743 t=1060.6s remaining=1268
    iter=733 E=-1.6517279470 nfev=744 t=1062.0s remaining=1267
    iter=734 E=-1.6517328046 nfev=745 t=1063.4s remaining=1266
    iter=735 E=-1.6517368895 nfev=746 t=1064.8s remaining=1265
    iter=736 E=-1.6517403435 nfev=747 t=1066.3s remaining=1264
    iter=737 E=-1.6517437231 nfev=748 t=1067.7s remaining=1263
    iter=738 E=-1.6517467485 nfev=749 t=1069.2s remaining=1262
    iter=739 E=-1.6517506457 nfev=750 t=1070.6s remaining=1261
    iter=740 E=-1.6517545117 nfev=751 t=1072.0s remaining=1260
    iter=741 E=-1.6517580815 nfev=752 t=1073.5s remaining=1259
    iter=742 E=-1.6517621256 nfev=753 t=1074.9s remaining=1258
    iter=743 E=-1.6517649022 nfev=754 t=1076.4s remaining=1257
    iter=744 E=-1.6517669937 nfev=755 t=1077.8s remaining=1256
    iter=745 E=-1.6517699486 nfev=756 t=1079.3s remaining=1255
    iter=746 E=-1.6517739821 nfev=757 t=1080.7s remaining=1254
    iter=747 E=-1.6517783476 nfev=758 t=1082.1s remaining=1253
    iter=748 E=-1.6517817066 nfev=759 t=1083.6s remaining=1252
    iter=749 E=-1.6517847223 nfev=760 t=1085.0s remaining=1251
    iter=750 E=-1.6517871988 nfev=761 t=1086.5s remaining=1250
    iter=751 E=-1.6517895939 nfev=762 t=1087.9s remaining=1249
    iter=752 E=-1.6517925545 nfev=763 t=1089.4s remaining=1248
    iter=753 E=-1.6517956767 nfev=764 t=1090.9s remaining=1247
    iter=754 E=-1.6517981404 nfev=765 t=1092.4s remaining=1246
    iter=755 E=-1.6518001819 nfev=766 t=1093.8s remaining=1245
    iter=756 E=-1.6518029568 nfev=767 t=1095.2s remaining=1244
    iter=757 E=-1.6518062880 nfev=768 t=1096.6s remaining=1243
    iter=758 E=-1.6518084621 nfev=769 t=1097.9s remaining=1242
    iter=759 E=-1.6518111531 nfev=770 t=1099.4s remaining=1241
    iter=760 E=-1.6518139434 nfev=771 t=1100.7s remaining=1240
    iter=761 E=-1.6518169906 nfev=772 t=1102.1s remaining=1239
    iter=762 E=-1.6518204354 nfev=773 t=1103.5s remaining=1238
    iter=763 E=-1.6518240876 nfev=774 t=1105.0s remaining=1237
    iter=764 E=-1.6518282971 nfev=775 t=1106.5s remaining=1236
    iter=765 E=-1.6518329939 nfev=776 t=1107.9s remaining=1235
    iter=766 E=-1.6518374406 nfev=777 t=1109.3s remaining=1234
    iter=767 E=-1.6518428363 nfev=778 t=1110.7s remaining=1233
    iter=768 E=-1.6518470238 nfev=779 t=1112.1s remaining=1232
    iter=769 E=-1.6518512661 nfev=780 t=1113.6s remaining=1231
    iter=770 E=-1.6518546915 nfev=781 t=1115.1s remaining=1230
    iter=771 E=-1.6518571701 nfev=782 t=1116.5s remaining=1229
    iter=772 E=-1.6518587592 nfev=783 t=1117.9s remaining=1228
    iter=773 E=-1.6518601785 nfev=784 t=1119.4s remaining=1227
    iter=774 E=-1.6518620104 nfev=785 t=1120.8s remaining=1226
    iter=775 E=-1.6518645766 nfev=786 t=1122.4s remaining=1225
    iter=776 E=-1.6518678071 nfev=787 t=1123.8s remaining=1224
    iter=777 E=-1.6518710816 nfev=788 t=1125.2s remaining=1223
    iter=778 E=-1.6518752912 nfev=789 t=1126.6s remaining=1222
    iter=779 E=-1.6518808584 nfev=790 t=1128.1s remaining=1221
    iter=780 E=-1.6518874212 nfev=791 t=1129.5s remaining=1220
    iter=781 E=-1.6518931490 nfev=792 t=1131.1s remaining=1219
    iter=782 E=-1.6518980757 nfev=793 t=1132.6s remaining=1218
    iter=783 E=-1.6519019116 nfev=794 t=1134.0s remaining=1217
    iter=784 E=-1.6519040556 nfev=795 t=1135.4s remaining=1216
    iter=785 E=-1.6519060480 nfev=796 t=1136.8s remaining=1215
    iter=786 E=-1.6519079199 nfev=797 t=1138.3s remaining=1214
    iter=787 E=-1.6519096081 nfev=798 t=1139.7s remaining=1213
    iter=788 E=-1.6519118706 nfev=799 t=1141.2s remaining=1212
    iter=789 E=-1.6519149469 nfev=800 t=1142.6s remaining=1211
    iter=790 E=-1.6519185529 nfev=801 t=1144.0s remaining=1210
    iter=791 E=-1.6519205323 nfev=802 t=1145.6s remaining=1209
    iter=792 E=-1.6519228530 nfev=803 t=1147.0s remaining=1208
    iter=793 E=-1.6519260586 nfev=804 t=1148.3s remaining=1207
    iter=794 E=-1.6519299428 nfev=805 t=1149.7s remaining=1206
    iter=795 E=-1.6519336023 nfev=806 t=1151.2s remaining=1205
    iter=796 E=-1.6519371404 nfev=807 t=1152.5s remaining=1204
    iter=797 E=-1.6519406842 nfev=808 t=1153.9s remaining=1203
    iter=798 E=-1.6519430883 nfev=809 t=1155.5s remaining=1202
    iter=799 E=-1.6519454373 nfev=810 t=1157.0s remaining=1201
    iter=800 E=-1.6519483430 nfev=811 t=1158.5s remaining=1200
    iter=801 E=-1.6519515395 nfev=812 t=1160.0s remaining=1199
    iter=802 E=-1.6519544203 nfev=813 t=1161.4s remaining=1198
    iter=803 E=-1.6519568231 nfev=814 t=1162.9s remaining=1197
    iter=804 E=-1.6519597676 nfev=815 t=1164.3s remaining=1196
    iter=805 E=-1.6519622664 nfev=816 t=1165.8s remaining=1195
    iter=806 E=-1.6519645141 nfev=817 t=1167.4s remaining=1194
    iter=807 E=-1.6519663652 nfev=818 t=1169.1s remaining=1193
    iter=808 E=-1.6519680781 nfev=819 t=1170.6s remaining=1192
    iter=809 E=-1.6519700118 nfev=820 t=1172.1s remaining=1191
    iter=810 E=-1.6519723625 nfev=821 t=1173.5s remaining=1190
    iter=811 E=-1.6519752529 nfev=822 t=1175.0s remaining=1189
    iter=812 E=-1.6519780165 nfev=823 t=1176.3s remaining=1188
    iter=813 E=-1.6519810104 nfev=824 t=1177.7s remaining=1187
    iter=814 E=-1.6519849726 nfev=825 t=1179.2s remaining=1186
    iter=815 E=-1.6519900642 nfev=826 t=1180.6s remaining=1185
    iter=816 E=-1.6519934504 nfev=827 t=1182.0s remaining=1184
    iter=817 E=-1.6519971580 nfev=828 t=1183.4s remaining=1183
    iter=818 E=-1.6520000867 nfev=829 t=1185.1s remaining=1182
    iter=819 E=-1.6520039684 nfev=830 t=1186.6s remaining=1181
    iter=820 E=-1.6520079987 nfev=831 t=1188.0s remaining=1180
    iter=821 E=-1.6520114736 nfev=832 t=1189.5s remaining=1179
    iter=822 E=-1.6520141173 nfev=833 t=1190.9s remaining=1178
    iter=823 E=-1.6520161170 nfev=834 t=1192.4s remaining=1177
    iter=824 E=-1.6520179691 nfev=835 t=1193.8s remaining=1176
    iter=825 E=-1.6520203442 nfev=836 t=1195.2s remaining=1175
    iter=826 E=-1.6520235943 nfev=837 t=1196.6s remaining=1174
    iter=827 E=-1.6520274476 nfev=838 t=1198.2s remaining=1173
    iter=828 E=-1.6520313199 nfev=839 t=1199.6s remaining=1172
    iter=829 E=-1.6520351206 nfev=840 t=1201.1s remaining=1171
    iter=830 E=-1.6520395203 nfev=841 t=1202.5s remaining=1170
    iter=831 E=-1.6520422640 nfev=842 t=1203.8s remaining=1169
    iter=832 E=-1.6520458418 nfev=843 t=1205.2s remaining=1168
    iter=833 E=-1.6520497412 nfev=844 t=1206.6s remaining=1167
    iter=834 E=-1.6520522721 nfev=845 t=1208.0s remaining=1166
    iter=835 E=-1.6520548365 nfev=846 t=1209.4s remaining=1165
    iter=836 E=-1.6520574563 nfev=847 t=1210.8s remaining=1164
    iter=837 E=-1.6520599939 nfev=848 t=1212.2s remaining=1163
    iter=838 E=-1.6520620077 nfev=849 t=1213.6s remaining=1162
    iter=839 E=-1.6520642320 nfev=850 t=1215.0s remaining=1161
    iter=840 E=-1.6520669358 nfev=851 t=1216.4s remaining=1160
    iter=841 E=-1.6520697617 nfev=852 t=1217.8s remaining=1159
    iter=842 E=-1.6520723593 nfev=853 t=1219.2s remaining=1158
    iter=843 E=-1.6520757482 nfev=854 t=1220.7s remaining=1157
    iter=844 E=-1.6520799354 nfev=855 t=1222.1s remaining=1156
    iter=845 E=-1.6520830543 nfev=856 t=1223.5s remaining=1155
    iter=846 E=-1.6520849240 nfev=857 t=1224.8s remaining=1154
    iter=847 E=-1.6520868252 nfev=858 t=1226.2s remaining=1153
    iter=848 E=-1.6520885645 nfev=859 t=1227.6s remaining=1152
    iter=849 E=-1.6520908270 nfev=860 t=1228.9s remaining=1151
    iter=850 E=-1.6520936911 nfev=861 t=1230.2s remaining=1150
    iter=851 E=-1.6520958271 nfev=862 t=1231.6s remaining=1149
    iter=852 E=-1.6520978288 nfev=863 t=1233.0s remaining=1148
    iter=853 E=-1.6521003940 nfev=864 t=1234.3s remaining=1147
    iter=854 E=-1.6521039322 nfev=865 t=1235.7s remaining=1146
    iter=855 E=-1.6521075579 nfev=866 t=1237.1s remaining=1145
    iter=856 E=-1.6521108612 nfev=867 t=1238.5s remaining=1144
    iter=857 E=-1.6521149258 nfev=868 t=1239.9s remaining=1143
    iter=858 E=-1.6521197810 nfev=869 t=1241.4s remaining=1142
    iter=859 E=-1.6521241648 nfev=870 t=1242.8s remaining=1141
    iter=860 E=-1.6521275658 nfev=871 t=1244.2s remaining=1140
    iter=861 E=-1.6521310543 nfev=872 t=1245.6s remaining=1139
    iter=862 E=-1.6521335796 nfev=873 t=1247.0s remaining=1138
    iter=863 E=-1.6521361779 nfev=874 t=1248.5s remaining=1137
    iter=864 E=-1.6521392308 nfev=875 t=1250.0s remaining=1136
    iter=865 E=-1.6521419137 nfev=876 t=1251.5s remaining=1135
    iter=866 E=-1.6521436397 nfev=877 t=1252.9s remaining=1134
    iter=867 E=-1.6521452332 nfev=878 t=1254.3s remaining=1133
    iter=868 E=-1.6521469148 nfev=879 t=1255.7s remaining=1132
    iter=869 E=-1.6521491586 nfev=880 t=1257.1s remaining=1131
    iter=870 E=-1.6521525339 nfev=881 t=1258.6s remaining=1130
    iter=871 E=-1.6521573934 nfev=882 t=1260.0s remaining=1129
    iter=872 E=-1.6521624956 nfev=883 t=1261.5s remaining=1128
    iter=873 E=-1.6521668133 nfev=884 t=1262.9s remaining=1127
    iter=874 E=-1.6521710325 nfev=885 t=1264.3s remaining=1126
    iter=875 E=-1.6521742834 nfev=886 t=1265.6s remaining=1125
    iter=876 E=-1.6521756917 nfev=887 t=1267.1s remaining=1124
    iter=877 E=-1.6521777076 nfev=888 t=1268.5s remaining=1123
    iter=878 E=-1.6521801513 nfev=889 t=1269.9s remaining=1122
    iter=879 E=-1.6521823659 nfev=890 t=1271.3s remaining=1121
    iter=880 E=-1.6521850058 nfev=891 t=1272.7s remaining=1120
    iter=881 E=-1.6521875905 nfev=892 t=1274.1s remaining=1119
    iter=882 E=-1.6521900938 nfev=893 t=1275.5s remaining=1118
    iter=883 E=-1.6521928561 nfev=894 t=1276.9s remaining=1117
    iter=884 E=-1.6521958397 nfev=895 t=1278.3s remaining=1116
    iter=885 E=-1.6521975989 nfev=896 t=1279.7s remaining=1115
    iter=886 E=-1.6521991549 nfev=897 t=1281.1s remaining=1114
    iter=887 E=-1.6522004730 nfev=898 t=1282.5s remaining=1113
    iter=888 E=-1.6522018160 nfev=899 t=1283.9s remaining=1112
    iter=889 E=-1.6522032498 nfev=900 t=1285.3s remaining=1111
    iter=890 E=-1.6522050741 nfev=901 t=1286.8s remaining=1110
    iter=891 E=-1.6522071491 nfev=902 t=1288.2s remaining=1109
    iter=892 E=-1.6522099676 nfev=903 t=1289.7s remaining=1108
    iter=893 E=-1.6522138234 nfev=904 t=1291.3s remaining=1107
    iter=894 E=-1.6522168449 nfev=905 t=1292.8s remaining=1106
    iter=895 E=-1.6522196078 nfev=906 t=1294.3s remaining=1105
    iter=896 E=-1.6522223765 nfev=907 t=1295.8s remaining=1104
    iter=897 E=-1.6522255707 nfev=908 t=1297.3s remaining=1103
    iter=898 E=-1.6522289698 nfev=909 t=1298.7s remaining=1102
    iter=899 E=-1.6522310877 nfev=910 t=1300.0s remaining=1101
    iter=900 E=-1.6522326866 nfev=911 t=1301.4s remaining=1100
    iter=901 E=-1.6522339056 nfev=912 t=1302.8s remaining=1099
    iter=902 E=-1.6522354955 nfev=913 t=1304.2s remaining=1098
    iter=903 E=-1.6522374342 nfev=914 t=1305.6s remaining=1097
    iter=904 E=-1.6522396196 nfev=915 t=1306.9s remaining=1096
    iter=905 E=-1.6522419872 nfev=916 t=1308.3s remaining=1095
    iter=906 E=-1.6522449408 nfev=917 t=1309.7s remaining=1094
    iter=907 E=-1.6522480960 nfev=918 t=1311.1s remaining=1093
    iter=908 E=-1.6522509120 nfev=919 t=1312.5s remaining=1092
    iter=909 E=-1.6522536874 nfev=920 t=1313.9s remaining=1091
    iter=910 E=-1.6522566441 nfev=921 t=1315.2s remaining=1090
    iter=911 E=-1.6522600490 nfev=922 t=1316.6s remaining=1089
    iter=912 E=-1.6522631983 nfev=923 t=1318.0s remaining=1088
    iter=913 E=-1.6522661374 nfev=924 t=1319.5s remaining=1087
    iter=914 E=-1.6522688469 nfev=925 t=1320.9s remaining=1086
    iter=915 E=-1.6522707955 nfev=926 t=1322.3s remaining=1085
    iter=916 E=-1.6522728758 nfev=927 t=1323.8s remaining=1084
    iter=917 E=-1.6522750858 nfev=928 t=1325.2s remaining=1083
    iter=918 E=-1.6522767546 nfev=929 t=1326.6s remaining=1082
    iter=919 E=-1.6522786055 nfev=930 t=1328.1s remaining=1081
    iter=920 E=-1.6522803464 nfev=931 t=1329.5s remaining=1080
    iter=921 E=-1.6522819726 nfev=932 t=1330.9s remaining=1079
    iter=922 E=-1.6522830322 nfev=933 t=1332.4s remaining=1078
    iter=923 E=-1.6522845369 nfev=934 t=1333.9s remaining=1077
    iter=924 E=-1.6522866863 nfev=935 t=1335.4s remaining=1076
    iter=925 E=-1.6522888488 nfev=936 t=1336.9s remaining=1075
    iter=926 E=-1.6522909118 nfev=937 t=1338.3s remaining=1074
    iter=927 E=-1.6522930070 nfev=938 t=1339.7s remaining=1073
    iter=928 E=-1.6522955372 nfev=939 t=1341.3s remaining=1072
    iter=929 E=-1.6522974187 nfev=940 t=1342.7s remaining=1071
    iter=930 E=-1.6522994524 nfev=941 t=1344.1s remaining=1070
    iter=931 E=-1.6523013735 nfev=942 t=1345.5s remaining=1069
    iter=932 E=-1.6523031211 nfev=943 t=1346.9s remaining=1068
    iter=933 E=-1.6523052262 nfev=944 t=1348.3s remaining=1067
    iter=934 E=-1.6523072470 nfev=945 t=1349.7s remaining=1066
    iter=935 E=-1.6523087970 nfev=946 t=1351.0s remaining=1065
    iter=936 E=-1.6523098929 nfev=947 t=1352.3s remaining=1064
    iter=937 E=-1.6523109081 nfev=948 t=1353.7s remaining=1063
    iter=938 E=-1.6523118415 nfev=949 t=1355.0s remaining=1062
    iter=939 E=-1.6523128797 nfev=950 t=1356.4s remaining=1061
    iter=940 E=-1.6523142756 nfev=951 t=1357.8s remaining=1060
    iter=941 E=-1.6523156951 nfev=952 t=1359.5s remaining=1059
    iter=942 E=-1.6523172831 nfev=953 t=1361.2s remaining=1058
    iter=943 E=-1.6523191347 nfev=954 t=1363.0s remaining=1057
    iter=944 E=-1.6523210808 nfev=955 t=1364.8s remaining=1056
    iter=945 E=-1.6523230992 nfev=956 t=1366.5s remaining=1055
    iter=946 E=-1.6523248831 nfev=957 t=1368.3s remaining=1054
    iter=947 E=-1.6523269274 nfev=958 t=1370.0s remaining=1053
    iter=948 E=-1.6523288475 nfev=959 t=1371.7s remaining=1052
    iter=949 E=-1.6523297881 nfev=960 t=1373.4s remaining=1051
    iter=950 E=-1.6523309869 nfev=961 t=1375.1s remaining=1050
    iter=951 E=-1.6523321448 nfev=962 t=1376.8s remaining=1049
    iter=952 E=-1.6523330607 nfev=963 t=1378.5s remaining=1048
    iter=953 E=-1.6523342113 nfev=964 t=1380.2s remaining=1047
    iter=954 E=-1.6523357386 nfev=965 t=1382.0s remaining=1046
    iter=955 E=-1.6523372662 nfev=966 t=1383.7s remaining=1045
    iter=956 E=-1.6523386176 nfev=967 t=1385.5s remaining=1044
    iter=957 E=-1.6523398733 nfev=968 t=1387.2s remaining=1043
    iter=958 E=-1.6523409673 nfev=969 t=1389.0s remaining=1042
    iter=959 E=-1.6523418953 nfev=970 t=1390.7s remaining=1041
    iter=960 E=-1.6523430611 nfev=971 t=1392.6s remaining=1040
    iter=961 E=-1.6523439804 nfev=972 t=1394.3s remaining=1039
    iter=962 E=-1.6523452261 nfev=973 t=1396.1s remaining=1038
    iter=963 E=-1.6523468382 nfev=974 t=1397.9s remaining=1037
    iter=964 E=-1.6523483696 nfev=975 t=1399.6s remaining=1036
    iter=965 E=-1.6523498306 nfev=976 t=1401.4s remaining=1035
    iter=966 E=-1.6523517174 nfev=977 t=1403.2s remaining=1034
    iter=967 E=-1.6523532767 nfev=978 t=1404.9s remaining=1033
    iter=968 E=-1.6523548011 nfev=979 t=1406.7s remaining=1032
    iter=969 E=-1.6523566134 nfev=980 t=1408.4s remaining=1031
    iter=970 E=-1.6523582862 nfev=981 t=1410.2s remaining=1030
    iter=971 E=-1.6523600269 nfev=982 t=1411.9s remaining=1029
    iter=972 E=-1.6523616455 nfev=983 t=1413.6s remaining=1028
    iter=973 E=-1.6523635510 nfev=984 t=1415.0s remaining=1027
    iter=974 E=-1.6523652449 nfev=985 t=1416.4s remaining=1026
    iter=975 E=-1.6523669308 nfev=986 t=1418.0s remaining=1025
    iter=976 E=-1.6523686409 nfev=987 t=1419.5s remaining=1024
    iter=977 E=-1.6523706011 nfev=988 t=1421.0s remaining=1023
    iter=978 E=-1.6523726151 nfev=989 t=1422.4s remaining=1022
    iter=979 E=-1.6523746767 nfev=990 t=1423.9s remaining=1021
    iter=980 E=-1.6523766810 nfev=991 t=1425.3s remaining=1020
    iter=981 E=-1.6523780955 nfev=992 t=1426.8s remaining=1019
    iter=982 E=-1.6523792120 nfev=993 t=1428.2s remaining=1018
    iter=983 E=-1.6523802456 nfev=994 t=1429.7s remaining=1017
    iter=984 E=-1.6523816885 nfev=995 t=1431.2s remaining=1016
    iter=985 E=-1.6523837030 nfev=996 t=1432.6s remaining=1015
    iter=986 E=-1.6523859340 nfev=997 t=1434.0s remaining=1014
    iter=987 E=-1.6523880321 nfev=998 t=1435.4s remaining=1013
    iter=988 E=-1.6523901326 nfev=999 t=1436.8s remaining=1012
    iter=989 E=-1.6523919760 nfev=1000 t=1438.2s remaining=1011
    iter=990 E=-1.6523933540 nfev=1001 t=1439.6s remaining=1010
    iter=991 E=-1.6523947945 nfev=1002 t=1441.0s remaining=1009
    iter=992 E=-1.6523960466 nfev=1003 t=1442.3s remaining=1008
    iter=993 E=-1.6523972295 nfev=1004 t=1443.7s remaining=1007
    iter=994 E=-1.6523988212 nfev=1005 t=1445.0s remaining=1006
    iter=995 E=-1.6524009950 nfev=1006 t=1446.4s remaining=1005
    iter=996 E=-1.6524035420 nfev=1007 t=1447.8s remaining=1004
    iter=997 E=-1.6524062209 nfev=1008 t=1449.2s remaining=1003
    iter=998 E=-1.6524084351 nfev=1009 t=1450.6s remaining=1002
    iter=999 E=-1.6524099071 nfev=1010 t=1452.0s remaining=1001
    iter=1000 E=-1.6524113449 nfev=1011 t=1453.4s remaining=1000
    iter=1001 E=-1.6524127583 nfev=1012 t=1454.8s remaining=999
    iter=1002 E=-1.6524139822 nfev=1013 t=1456.2s remaining=998
    iter=1003 E=-1.6524153512 nfev=1014 t=1457.6s remaining=997
    iter=1004 E=-1.6524164952 nfev=1015 t=1459.0s remaining=996
    iter=1005 E=-1.6524179816 nfev=1016 t=1460.5s remaining=995
    iter=1006 E=-1.6524197706 nfev=1017 t=1461.9s remaining=994
    iter=1007 E=-1.6524213132 nfev=1018 t=1463.4s remaining=993
    iter=1008 E=-1.6524229071 nfev=1019 t=1464.8s remaining=992
    iter=1009 E=-1.6524249067 nfev=1020 t=1466.2s remaining=991
    iter=1010 E=-1.6524269237 nfev=1021 t=1467.6s remaining=990
    iter=1011 E=-1.6524293776 nfev=1022 t=1468.9s remaining=989
    iter=1012 E=-1.6524316637 nfev=1023 t=1470.3s remaining=988
    iter=1013 E=-1.6524336895 nfev=1024 t=1471.7s remaining=987
    iter=1014 E=-1.6524357390 nfev=1025 t=1473.0s remaining=986
    iter=1015 E=-1.6524375317 nfev=1026 t=1474.4s remaining=985
    iter=1016 E=-1.6524385152 nfev=1027 t=1475.8s remaining=984
    iter=1017 E=-1.6524398153 nfev=1028 t=1477.2s remaining=983
    iter=1018 E=-1.6524411671 nfev=1029 t=1478.6s remaining=982
    iter=1019 E=-1.6524427533 nfev=1030 t=1480.0s remaining=981
    iter=1020 E=-1.6524449096 nfev=1031 t=1481.4s remaining=980
    iter=1021 E=-1.6524468450 nfev=1032 t=1482.8s remaining=979
    iter=1022 E=-1.6524483055 nfev=1033 t=1484.2s remaining=978
    iter=1023 E=-1.6524495877 nfev=1034 t=1485.6s remaining=977
    iter=1024 E=-1.6524507107 nfev=1035 t=1487.0s remaining=976
    iter=1025 E=-1.6524518439 nfev=1036 t=1488.4s remaining=975
    iter=1026 E=-1.6524528771 nfev=1037 t=1489.7s remaining=974
    iter=1027 E=-1.6524541083 nfev=1038 t=1491.2s remaining=973
    iter=1028 E=-1.6524554197 nfev=1039 t=1492.6s remaining=972
    iter=1029 E=-1.6524566880 nfev=1040 t=1494.0s remaining=971
    iter=1030 E=-1.6524584196 nfev=1041 t=1495.4s remaining=970
    iter=1031 E=-1.6524601784 nfev=1042 t=1496.8s remaining=969
    iter=1032 E=-1.6524613385 nfev=1043 t=1498.2s remaining=968
    iter=1033 E=-1.6524627275 nfev=1044 t=1499.6s remaining=967
    iter=1034 E=-1.6524644923 nfev=1045 t=1501.0s remaining=966
    iter=1035 E=-1.6524657778 nfev=1046 t=1502.3s remaining=965
    iter=1036 E=-1.6524673138 nfev=1047 t=1503.7s remaining=964
    iter=1037 E=-1.6524688135 nfev=1048 t=1505.1s remaining=963
    iter=1038 E=-1.6524698682 nfev=1049 t=1506.5s remaining=962
    iter=1039 E=-1.6524706712 nfev=1050 t=1508.0s remaining=961
    iter=1040 E=-1.6524717135 nfev=1051 t=1509.4s remaining=960
    iter=1041 E=-1.6524728310 nfev=1052 t=1510.9s remaining=959
    iter=1042 E=-1.6524734899 nfev=1053 t=1512.3s remaining=958
    iter=1043 E=-1.6524741773 nfev=1054 t=1513.7s remaining=957
    iter=1044 E=-1.6524748599 nfev=1055 t=1515.1s remaining=956
    iter=1045 E=-1.6524756632 nfev=1056 t=1516.5s remaining=955
    iter=1046 E=-1.6524767138 nfev=1057 t=1517.9s remaining=954
    iter=1047 E=-1.6524782684 nfev=1058 t=1519.2s remaining=953
    iter=1048 E=-1.6524802790 nfev=1059 t=1520.6s remaining=952
    iter=1049 E=-1.6524822378 nfev=1060 t=1522.0s remaining=951
    iter=1050 E=-1.6524841856 nfev=1061 t=1523.4s remaining=950
    iter=1051 E=-1.6524857775 nfev=1062 t=1524.8s remaining=949
    iter=1052 E=-1.6524868888 nfev=1063 t=1526.1s remaining=948
    iter=1053 E=-1.6524878388 nfev=1064 t=1527.5s remaining=947
    iter=1054 E=-1.6524889612 nfev=1065 t=1528.8s remaining=946
    iter=1055 E=-1.6524899413 nfev=1066 t=1530.2s remaining=945
    iter=1056 E=-1.6524908741 nfev=1067 t=1531.5s remaining=944
    iter=1057 E=-1.6524918032 nfev=1068 t=1532.9s remaining=943
    iter=1058 E=-1.6524929155 nfev=1069 t=1534.5s remaining=942
    iter=1059 E=-1.6524944019 nfev=1070 t=1536.0s remaining=941
    iter=1060 E=-1.6524958482 nfev=1071 t=1537.7s remaining=940
    iter=1061 E=-1.6524974063 nfev=1072 t=1539.3s remaining=939
    iter=1062 E=-1.6524988942 nfev=1073 t=1540.9s remaining=938
    iter=1063 E=-1.6525005186 nfev=1074 t=1542.5s remaining=937
    iter=1064 E=-1.6525020891 nfev=1075 t=1544.0s remaining=936
    iter=1065 E=-1.6525033565 nfev=1076 t=1545.5s remaining=935
    iter=1066 E=-1.6525044006 nfev=1077 t=1547.0s remaining=934
    iter=1067 E=-1.6525053593 nfev=1078 t=1548.7s remaining=933
    iter=1068 E=-1.6525062542 nfev=1079 t=1550.2s remaining=932
    iter=1069 E=-1.6525071347 nfev=1080 t=1551.7s remaining=931
    iter=1070 E=-1.6525080469 nfev=1081 t=1553.1s remaining=930
    iter=1071 E=-1.6525091765 nfev=1082 t=1554.5s remaining=929
    iter=1072 E=-1.6525104151 nfev=1083 t=1555.8s remaining=928
    iter=1073 E=-1.6525112575 nfev=1084 t=1557.2s remaining=927
    iter=1074 E=-1.6525121571 nfev=1085 t=1558.7s remaining=926
    iter=1075 E=-1.6525130775 nfev=1086 t=1560.0s remaining=925
    iter=1076 E=-1.6525140419 nfev=1087 t=1561.4s remaining=924
    iter=1077 E=-1.6525149207 nfev=1088 t=1562.8s remaining=923
    iter=1078 E=-1.6525157983 nfev=1089 t=1564.2s remaining=922
    iter=1079 E=-1.6525167582 nfev=1090 t=1565.6s remaining=921
    iter=1080 E=-1.6525177041 nfev=1091 t=1567.0s remaining=920
    iter=1081 E=-1.6525188029 nfev=1092 t=1568.4s remaining=919
    iter=1082 E=-1.6525199547 nfev=1093 t=1569.8s remaining=918
    iter=1083 E=-1.6525210568 nfev=1094 t=1571.2s remaining=917
    iter=1084 E=-1.6525223586 nfev=1095 t=1572.6s remaining=916
    iter=1085 E=-1.6525234372 nfev=1096 t=1574.0s remaining=915
    iter=1086 E=-1.6525243918 nfev=1097 t=1575.4s remaining=914
    iter=1087 E=-1.6525252889 nfev=1098 t=1576.9s remaining=913
    iter=1088 E=-1.6525262783 nfev=1099 t=1578.4s remaining=912
    iter=1089 E=-1.6525272284 nfev=1100 t=1579.9s remaining=911
    iter=1090 E=-1.6525283681 nfev=1101 t=1581.4s remaining=910
    iter=1091 E=-1.6525293698 nfev=1102 t=1582.9s remaining=909
    iter=1092 E=-1.6525304237 nfev=1103 t=1584.4s remaining=908
    iter=1093 E=-1.6525313250 nfev=1104 t=1585.8s remaining=907
    iter=1094 E=-1.6525320382 nfev=1105 t=1587.2s remaining=906
    iter=1095 E=-1.6525328208 nfev=1106 t=1588.8s remaining=905
    iter=1096 E=-1.6525339112 nfev=1107 t=1590.3s remaining=904
    iter=1097 E=-1.6525349646 nfev=1108 t=1591.7s remaining=903
    iter=1098 E=-1.6525361737 nfev=1109 t=1593.1s remaining=902
    iter=1099 E=-1.6525373045 nfev=1110 t=1594.5s remaining=901
    iter=1100 E=-1.6525383376 nfev=1111 t=1596.0s remaining=900
    iter=1101 E=-1.6525395087 nfev=1112 t=1597.5s remaining=899
    iter=1102 E=-1.6525406889 nfev=1113 t=1598.9s remaining=898
    iter=1103 E=-1.6525420163 nfev=1114 t=1600.3s remaining=897
    iter=1104 E=-1.6525433042 nfev=1115 t=1601.6s remaining=896
    iter=1105 E=-1.6525443370 nfev=1116 t=1603.0s remaining=895
    iter=1106 E=-1.6525451072 nfev=1117 t=1604.3s remaining=894
    iter=1107 E=-1.6525461229 nfev=1118 t=1605.7s remaining=893
    iter=1108 E=-1.6525472161 nfev=1119 t=1607.0s remaining=892
    iter=1109 E=-1.6525481614 nfev=1120 t=1608.6s remaining=891
    iter=1110 E=-1.6525491004 nfev=1121 t=1609.9s remaining=890
    iter=1111 E=-1.6525500929 nfev=1122 t=1611.3s remaining=889
    iter=1112 E=-1.6525511597 nfev=1123 t=1612.8s remaining=888
    iter=1113 E=-1.6525524874 nfev=1124 t=1614.3s remaining=887
    iter=1114 E=-1.6525538539 nfev=1125 t=1615.8s remaining=886
    iter=1115 E=-1.6525549697 nfev=1126 t=1617.3s remaining=885
    iter=1116 E=-1.6525561552 nfev=1127 t=1618.7s remaining=884
    iter=1117 E=-1.6525575528 nfev=1128 t=1620.2s remaining=883
    iter=1118 E=-1.6525588077 nfev=1129 t=1621.7s remaining=882
    iter=1119 E=-1.6525599479 nfev=1130 t=1623.1s remaining=881
    iter=1120 E=-1.6525608582 nfev=1131 t=1624.6s remaining=880
    iter=1121 E=-1.6525614411 nfev=1132 t=1626.1s remaining=879
    iter=1122 E=-1.6525618244 nfev=1133 t=1627.6s remaining=878
    iter=1123 E=-1.6525623304 nfev=1134 t=1629.0s remaining=877
    iter=1124 E=-1.6525628983 nfev=1135 t=1630.4s remaining=876
    iter=1125 E=-1.6525635947 nfev=1136 t=1631.9s remaining=875
    iter=1126 E=-1.6525644629 nfev=1137 t=1633.5s remaining=874
    iter=1127 E=-1.6525654181 nfev=1138 t=1635.0s remaining=873
    iter=1128 E=-1.6525662224 nfev=1139 t=1636.5s remaining=872
    iter=1129 E=-1.6525671286 nfev=1140 t=1638.0s remaining=871
    iter=1130 E=-1.6525680775 nfev=1141 t=1639.5s remaining=870
    iter=1131 E=-1.6525689413 nfev=1142 t=1641.0s remaining=869
    iter=1132 E=-1.6525697345 nfev=1143 t=1642.5s remaining=868
    iter=1133 E=-1.6525705727 nfev=1144 t=1643.9s remaining=867
    iter=1134 E=-1.6525714647 nfev=1145 t=1645.3s remaining=866
    iter=1135 E=-1.6525724682 nfev=1146 t=1646.8s remaining=865
    iter=1136 E=-1.6525734519 nfev=1147 t=1648.2s remaining=864
    iter=1137 E=-1.6525743397 nfev=1148 t=1649.6s remaining=863
    iter=1138 E=-1.6525751678 nfev=1149 t=1651.2s remaining=862
    iter=1139 E=-1.6525760408 nfev=1150 t=1652.6s remaining=861
    iter=1140 E=-1.6525767137 nfev=1151 t=1654.2s remaining=860
    iter=1141 E=-1.6525773571 nfev=1152 t=1655.6s remaining=859
    iter=1142 E=-1.6525778939 nfev=1153 t=1657.1s remaining=858
    iter=1143 E=-1.6525784070 nfev=1154 t=1658.5s remaining=857
    iter=1144 E=-1.6525790972 nfev=1155 t=1659.9s remaining=856
    iter=1145 E=-1.6525799771 nfev=1156 t=1661.4s remaining=855
    iter=1146 E=-1.6525809927 nfev=1157 t=1662.8s remaining=854
    iter=1147 E=-1.6525820271 nfev=1158 t=1664.3s remaining=853
    iter=1148 E=-1.6525829923 nfev=1159 t=1665.7s remaining=852
    iter=1149 E=-1.6525838172 nfev=1160 t=1667.1s remaining=851
    iter=1150 E=-1.6525846171 nfev=1161 t=1668.7s remaining=850
    iter=1151 E=-1.6525855035 nfev=1162 t=1670.4s remaining=849
    iter=1152 E=-1.6525862866 nfev=1163 t=1671.9s remaining=848
    iter=1153 E=-1.6525868434 nfev=1164 t=1673.3s remaining=847
    iter=1154 E=-1.6525874253 nfev=1165 t=1674.8s remaining=846
    iter=1155 E=-1.6525878971 nfev=1166 t=1676.4s remaining=845
    iter=1156 E=-1.6525883745 nfev=1167 t=1677.9s remaining=844
    iter=1157 E=-1.6525890119 nfev=1168 t=1679.4s remaining=843
    iter=1158 E=-1.6525897614 nfev=1169 t=1680.9s remaining=842
    iter=1159 E=-1.6525904317 nfev=1170 t=1682.2s remaining=841
    iter=1160 E=-1.6525911478 nfev=1171 t=1683.7s remaining=840
    iter=1161 E=-1.6525920661 nfev=1172 t=1685.1s remaining=839
    iter=1162 E=-1.6525928089 nfev=1173 t=1686.5s remaining=838
    iter=1163 E=-1.6525934578 nfev=1174 t=1687.9s remaining=837
    iter=1164 E=-1.6525940858 nfev=1175 t=1689.4s remaining=836
    iter=1165 E=-1.6525948316 nfev=1176 t=1690.9s remaining=835
    iter=1166 E=-1.6525954495 nfev=1177 t=1692.2s remaining=834
    iter=1167 E=-1.6525963731 nfev=1178 t=1693.6s remaining=833
    iter=1168 E=-1.6525975960 nfev=1179 t=1695.0s remaining=832
    iter=1169 E=-1.6525986210 nfev=1180 t=1696.4s remaining=831
    iter=1170 E=-1.6525996662 nfev=1181 t=1697.8s remaining=830
    iter=1171 E=-1.6526007254 nfev=1182 t=1699.5s remaining=829
    iter=1172 E=-1.6526018209 nfev=1183 t=1701.1s remaining=828
    iter=1173 E=-1.6526026710 nfev=1184 t=1702.6s remaining=827
    iter=1174 E=-1.6526036317 nfev=1185 t=1704.1s remaining=826
    iter=1175 E=-1.6526043855 nfev=1186 t=1705.6s remaining=825
    iter=1176 E=-1.6526049307 nfev=1187 t=1707.1s remaining=824
    iter=1177 E=-1.6526056408 nfev=1188 t=1708.5s remaining=823
    iter=1178 E=-1.6526065466 nfev=1189 t=1710.0s remaining=822
    iter=1179 E=-1.6526074304 nfev=1190 t=1711.5s remaining=821
    iter=1180 E=-1.6526085773 nfev=1191 t=1712.9s remaining=820
    iter=1181 E=-1.6526097359 nfev=1192 t=1714.3s remaining=819
    iter=1182 E=-1.6526106456 nfev=1193 t=1715.8s remaining=818
    iter=1183 E=-1.6526114218 nfev=1194 t=1717.2s remaining=817
    iter=1184 E=-1.6526123649 nfev=1195 t=1718.7s remaining=816
    iter=1185 E=-1.6526135652 nfev=1196 t=1720.1s remaining=815
    iter=1186 E=-1.6526147986 nfev=1197 t=1721.5s remaining=814
    iter=1187 E=-1.6526161540 nfev=1198 t=1723.0s remaining=813
    iter=1188 E=-1.6526176964 nfev=1199 t=1724.4s remaining=812
    iter=1189 E=-1.6526193514 nfev=1200 t=1725.8s remaining=811
    iter=1190 E=-1.6526204591 nfev=1201 t=1727.3s remaining=810
    iter=1191 E=-1.6526213324 nfev=1202 t=1728.7s remaining=809
    iter=1192 E=-1.6526219964 nfev=1203 t=1730.1s remaining=808
    iter=1193 E=-1.6526226827 nfev=1204 t=1731.6s remaining=807
    iter=1194 E=-1.6526232760 nfev=1205 t=1733.1s remaining=806
    iter=1195 E=-1.6526240216 nfev=1206 t=1734.5s remaining=805
    iter=1196 E=-1.6526245906 nfev=1207 t=1736.0s remaining=804
    iter=1197 E=-1.6526251223 nfev=1208 t=1737.4s remaining=803
    iter=1198 E=-1.6526256675 nfev=1209 t=1738.8s remaining=802
    iter=1199 E=-1.6526262689 nfev=1210 t=1740.2s remaining=801
    iter=1200 E=-1.6526269568 nfev=1211 t=1741.6s remaining=800
    iter=1201 E=-1.6526278020 nfev=1212 t=1742.9s remaining=799
    iter=1202 E=-1.6526287124 nfev=1213 t=1744.4s remaining=798
    iter=1203 E=-1.6526296369 nfev=1214 t=1745.9s remaining=797
    iter=1204 E=-1.6526305735 nfev=1215 t=1747.3s remaining=796
    iter=1205 E=-1.6526314275 nfev=1216 t=1748.7s remaining=795
    iter=1206 E=-1.6526320374 nfev=1217 t=1750.2s remaining=794
    iter=1207 E=-1.6526327767 nfev=1218 t=1751.7s remaining=793
    iter=1208 E=-1.6526336001 nfev=1219 t=1753.0s remaining=792
    iter=1209 E=-1.6526343932 nfev=1220 t=1754.4s remaining=791
    iter=1210 E=-1.6526351090 nfev=1221 t=1755.8s remaining=790
    iter=1211 E=-1.6526359660 nfev=1222 t=1757.2s remaining=789
    iter=1212 E=-1.6526367328 nfev=1223 t=1758.6s remaining=788
    iter=1213 E=-1.6526377282 nfev=1224 t=1760.0s remaining=787
    iter=1214 E=-1.6526386663 nfev=1225 t=1761.6s remaining=786
    iter=1215 E=-1.6526397631 nfev=1226 t=1762.9s remaining=785
    iter=1216 E=-1.6526407676 nfev=1227 t=1764.3s remaining=784
    iter=1217 E=-1.6526415868 nfev=1228 t=1765.7s remaining=783
    iter=1218 E=-1.6526423196 nfev=1229 t=1767.0s remaining=782
    iter=1219 E=-1.6526430130 nfev=1230 t=1768.4s remaining=781
    iter=1220 E=-1.6526435574 nfev=1231 t=1769.8s remaining=780
    iter=1221 E=-1.6526441294 nfev=1232 t=1771.2s remaining=779
    iter=1222 E=-1.6526448171 nfev=1233 t=1772.6s remaining=778
    iter=1223 E=-1.6526454284 nfev=1234 t=1774.0s remaining=777
    iter=1224 E=-1.6526461145 nfev=1235 t=1775.5s remaining=776
    iter=1225 E=-1.6526469708 nfev=1236 t=1777.0s remaining=775
    iter=1226 E=-1.6526480693 nfev=1237 t=1778.4s remaining=774
    iter=1227 E=-1.6526493759 nfev=1238 t=1779.8s remaining=773
    iter=1228 E=-1.6526505129 nfev=1239 t=1781.2s remaining=772
    iter=1229 E=-1.6526514822 nfev=1240 t=1782.6s remaining=771
    iter=1230 E=-1.6526523273 nfev=1241 t=1784.0s remaining=770
    iter=1231 E=-1.6526532920 nfev=1242 t=1785.4s remaining=769
    iter=1232 E=-1.6526543567 nfev=1243 t=1786.8s remaining=768
    iter=1233 E=-1.6526552192 nfev=1244 t=1788.2s remaining=767
    iter=1234 E=-1.6526561090 nfev=1245 t=1789.7s remaining=766
    iter=1235 E=-1.6526568457 nfev=1246 t=1791.4s remaining=765
    iter=1236 E=-1.6526575076 nfev=1247 t=1793.0s remaining=764
    iter=1237 E=-1.6526581614 nfev=1248 t=1794.4s remaining=763
    iter=1238 E=-1.6526587084 nfev=1249 t=1795.8s remaining=762
    iter=1239 E=-1.6526593015 nfev=1250 t=1797.2s remaining=761
    iter=1240 E=-1.6526600121 nfev=1251 t=1798.6s remaining=760
    iter=1241 E=-1.6526607537 nfev=1252 t=1800.1s remaining=759
    iter=1242 E=-1.6526612959 nfev=1253 t=1801.5s remaining=758
    iter=1243 E=-1.6526618795 nfev=1254 t=1802.9s remaining=757
    iter=1244 E=-1.6526623386 nfev=1255 t=1804.3s remaining=756
    iter=1245 E=-1.6526628291 nfev=1256 t=1805.7s remaining=755
    iter=1246 E=-1.6526633134 nfev=1257 t=1807.1s remaining=754
    iter=1247 E=-1.6526638506 nfev=1258 t=1808.5s remaining=753
    iter=1248 E=-1.6526644246 nfev=1259 t=1809.9s remaining=752
    iter=1249 E=-1.6526652237 nfev=1260 t=1811.3s remaining=751
    iter=1250 E=-1.6526661498 nfev=1261 t=1812.8s remaining=750
    iter=1251 E=-1.6526671289 nfev=1262 t=1814.2s remaining=749
    iter=1252 E=-1.6526679669 nfev=1263 t=1815.6s remaining=748
    iter=1253 E=-1.6526690903 nfev=1264 t=1817.1s remaining=747
    iter=1254 E=-1.6526702954 nfev=1265 t=1818.4s remaining=746
    iter=1255 E=-1.6526712299 nfev=1266 t=1819.8s remaining=745
    iter=1256 E=-1.6526720730 nfev=1267 t=1821.2s remaining=744
    iter=1257 E=-1.6526728568 nfev=1268 t=1822.6s remaining=743
    iter=1258 E=-1.6526735764 nfev=1269 t=1824.0s remaining=742
    iter=1259 E=-1.6526743578 nfev=1270 t=1825.5s remaining=741
    iter=1260 E=-1.6526751958 nfev=1271 t=1826.9s remaining=740
    iter=1261 E=-1.6526759646 nfev=1272 t=1828.4s remaining=739
    iter=1262 E=-1.6526765357 nfev=1273 t=1829.8s remaining=738
    iter=1263 E=-1.6526770824 nfev=1274 t=1831.3s remaining=737
    iter=1264 E=-1.6526777056 nfev=1275 t=1832.7s remaining=736
    iter=1265 E=-1.6526782714 nfev=1276 t=1834.1s remaining=735
    iter=1266 E=-1.6526787902 nfev=1277 t=1835.5s remaining=734
    iter=1267 E=-1.6526793315 nfev=1278 t=1836.9s remaining=733
    iter=1268 E=-1.6526798042 nfev=1279 t=1838.4s remaining=732
    iter=1269 E=-1.6526804394 nfev=1280 t=1839.8s remaining=731
    iter=1270 E=-1.6526811408 nfev=1281 t=1841.3s remaining=730
    iter=1271 E=-1.6526815719 nfev=1282 t=1842.6s remaining=729
    iter=1272 E=-1.6526819907 nfev=1283 t=1844.1s remaining=728
    iter=1273 E=-1.6526824223 nfev=1284 t=1845.4s remaining=727
    iter=1274 E=-1.6526829086 nfev=1285 t=1846.8s remaining=726
    iter=1275 E=-1.6526835022 nfev=1286 t=1848.2s remaining=725
    iter=1276 E=-1.6526842817 nfev=1287 t=1849.6s remaining=724
    iter=1277 E=-1.6526853708 nfev=1288 t=1851.0s remaining=723
    iter=1278 E=-1.6526867673 nfev=1289 t=1852.4s remaining=722
    iter=1279 E=-1.6526880679 nfev=1290 t=1853.8s remaining=721
    iter=1280 E=-1.6526891270 nfev=1291 t=1855.2s remaining=720
    iter=1281 E=-1.6526897527 nfev=1292 t=1856.7s remaining=719
    iter=1282 E=-1.6526900769 nfev=1293 t=1858.1s remaining=718
    iter=1283 E=-1.6526902391 nfev=1294 t=1859.5s remaining=717
    iter=1284 E=-1.6526904182 nfev=1295 t=1860.9s remaining=716
    iter=1285 E=-1.6526906219 nfev=1296 t=1862.3s remaining=715
    iter=1286 E=-1.6526908313 nfev=1297 t=1863.9s remaining=714
    iter=1287 E=-1.6526910673 nfev=1298 t=1865.6s remaining=713
    iter=1288 E=-1.6526913906 nfev=1299 t=1867.1s remaining=712
    iter=1289 E=-1.6526918711 nfev=1300 t=1868.6s remaining=711
    iter=1290 E=-1.6526924006 nfev=1301 t=1869.9s remaining=710
    iter=1291 E=-1.6526929551 nfev=1302 t=1871.3s remaining=709
    iter=1292 E=-1.6526935970 nfev=1303 t=1872.6s remaining=708
    iter=1293 E=-1.6526944419 nfev=1304 t=1874.0s remaining=707
    iter=1294 E=-1.6526952106 nfev=1305 t=1875.4s remaining=706
    iter=1295 E=-1.6526959551 nfev=1306 t=1876.8s remaining=705
    iter=1296 E=-1.6526966404 nfev=1307 t=1878.2s remaining=704
    iter=1297 E=-1.6526972978 nfev=1308 t=1879.5s remaining=703
    iter=1298 E=-1.6526979968 nfev=1309 t=1880.9s remaining=702
    iter=1299 E=-1.6526989273 nfev=1310 t=1882.4s remaining=701
    iter=1300 E=-1.6526996538 nfev=1311 t=1883.8s remaining=700
    iter=1301 E=-1.6527004747 nfev=1312 t=1885.2s remaining=699
    iter=1302 E=-1.6527012656 nfev=1313 t=1886.5s remaining=698
    iter=1303 E=-1.6527018435 nfev=1314 t=1887.9s remaining=697
    iter=1304 E=-1.6527021561 nfev=1315 t=1889.2s remaining=696
    iter=1305 E=-1.6527025110 nfev=1316 t=1890.6s remaining=695
    iter=1306 E=-1.6527028277 nfev=1317 t=1892.0s remaining=694
    iter=1307 E=-1.6527031249 nfev=1318 t=1893.4s remaining=693
    iter=1308 E=-1.6527033510 nfev=1319 t=1894.8s remaining=692
    iter=1309 E=-1.6527036238 nfev=1320 t=1896.2s remaining=691
    iter=1310 E=-1.6527038869 nfev=1321 t=1897.6s remaining=690
    iter=1311 E=-1.6527041764 nfev=1322 t=1899.0s remaining=689
    iter=1312 E=-1.6527045054 nfev=1323 t=1900.5s remaining=688
    iter=1313 E=-1.6527048784 nfev=1324 t=1901.9s remaining=687
    iter=1314 E=-1.6527053490 nfev=1325 t=1903.3s remaining=686
    iter=1315 E=-1.6527058812 nfev=1326 t=1904.7s remaining=685
    iter=1316 E=-1.6527064874 nfev=1327 t=1906.2s remaining=684
    iter=1317 E=-1.6527072138 nfev=1328 t=1907.6s remaining=683
    iter=1318 E=-1.6527082463 nfev=1329 t=1909.1s remaining=682
    iter=1319 E=-1.6527091794 nfev=1330 t=1910.7s remaining=681
    iter=1320 E=-1.6527102234 nfev=1331 t=1912.2s remaining=680
    iter=1321 E=-1.6527111092 nfev=1332 t=1913.9s remaining=679
    iter=1322 E=-1.6527118192 nfev=1333 t=1915.4s remaining=678
    iter=1323 E=-1.6527123352 nfev=1334 t=1916.8s remaining=677
    iter=1324 E=-1.6527126302 nfev=1335 t=1918.3s remaining=676
    iter=1325 E=-1.6527129461 nfev=1336 t=1919.8s remaining=675
    iter=1326 E=-1.6527131404 nfev=1337 t=1921.2s remaining=674
    iter=1327 E=-1.6527133097 nfev=1338 t=1922.6s remaining=673
    iter=1328 E=-1.6527135345 nfev=1339 t=1924.0s remaining=672
    iter=1329 E=-1.6527138306 nfev=1340 t=1925.5s remaining=671
    iter=1330 E=-1.6527141825 nfev=1341 t=1927.0s remaining=670
    iter=1331 E=-1.6527145785 nfev=1342 t=1928.5s remaining=669
    iter=1332 E=-1.6527150177 nfev=1343 t=1930.0s remaining=668
    iter=1333 E=-1.6527154403 nfev=1344 t=1931.3s remaining=667
    iter=1334 E=-1.6527158085 nfev=1345 t=1932.8s remaining=666
    iter=1335 E=-1.6527161498 nfev=1346 t=1934.2s remaining=665
    iter=1336 E=-1.6527165133 nfev=1347 t=1935.8s remaining=664
    iter=1337 E=-1.6527168393 nfev=1348 t=1937.2s remaining=663
    iter=1338 E=-1.6527171967 nfev=1349 t=1938.6s remaining=662
    iter=1339 E=-1.6527175769 nfev=1350 t=1940.0s remaining=661
    iter=1340 E=-1.6527180333 nfev=1351 t=1941.4s remaining=660
    iter=1341 E=-1.6527186129 nfev=1352 t=1942.8s remaining=659
    iter=1342 E=-1.6527192708 nfev=1353 t=1944.2s remaining=658
    iter=1343 E=-1.6527199914 nfev=1354 t=1945.6s remaining=657
    iter=1344 E=-1.6527207883 nfev=1355 t=1947.0s remaining=656
    iter=1345 E=-1.6527215473 nfev=1356 t=1948.5s remaining=655
    iter=1346 E=-1.6527220149 nfev=1357 t=1949.9s remaining=654
    iter=1347 E=-1.6527224277 nfev=1358 t=1951.4s remaining=653
    iter=1348 E=-1.6527229034 nfev=1359 t=1952.8s remaining=652
    iter=1349 E=-1.6527233102 nfev=1360 t=1954.3s remaining=651
    iter=1350 E=-1.6527235060 nfev=1361 t=1955.7s remaining=650
    iter=1351 E=-1.6527237178 nfev=1362 t=1957.0s remaining=649
    iter=1352 E=-1.6527239758 nfev=1363 t=1958.5s remaining=648
    iter=1353 E=-1.6527241872 nfev=1364 t=1959.9s remaining=647
    iter=1354 E=-1.6527244064 nfev=1365 t=1961.3s remaining=646
    iter=1355 E=-1.6527246141 nfev=1366 t=1962.7s remaining=645
    iter=1356 E=-1.6527248489 nfev=1367 t=1964.2s remaining=644
    iter=1357 E=-1.6527251236 nfev=1368 t=1965.6s remaining=643
    iter=1358 E=-1.6527253995 nfev=1369 t=1967.2s remaining=642
    iter=1359 E=-1.6527257277 nfev=1370 t=1968.8s remaining=641
    iter=1360 E=-1.6527260923 nfev=1371 t=1970.2s remaining=640
    iter=1361 E=-1.6527264891 nfev=1372 t=1971.6s remaining=639
    iter=1362 E=-1.6527269313 nfev=1373 t=1972.9s remaining=638
    iter=1363 E=-1.6527274996 nfev=1374 t=1974.4s remaining=637
    iter=1364 E=-1.6527279500 nfev=1375 t=1975.7s remaining=636
    iter=1365 E=-1.6527284180 nfev=1376 t=1977.1s remaining=635
    iter=1366 E=-1.6527288616 nfev=1377 t=1978.6s remaining=634
    iter=1367 E=-1.6527292982 nfev=1378 t=1980.0s remaining=633
    iter=1368 E=-1.6527297308 nfev=1379 t=1981.5s remaining=632
    iter=1369 E=-1.6527300555 nfev=1380 t=1982.9s remaining=631
    iter=1370 E=-1.6527303344 nfev=1381 t=1984.2s remaining=630
    iter=1371 E=-1.6527306831 nfev=1382 t=1985.7s remaining=629
    iter=1372 E=-1.6527310213 nfev=1383 t=1987.1s remaining=628
    iter=1373 E=-1.6527313488 nfev=1384 t=1988.5s remaining=627
    iter=1374 E=-1.6527316457 nfev=1385 t=1989.9s remaining=626
    iter=1375 E=-1.6527319420 nfev=1386 t=1991.4s remaining=625
    iter=1376 E=-1.6527322856 nfev=1387 t=1992.8s remaining=624
    iter=1377 E=-1.6527327073 nfev=1388 t=1994.2s remaining=623
    iter=1378 E=-1.6527330429 nfev=1389 t=1995.8s remaining=622
    iter=1379 E=-1.6527334039 nfev=1390 t=1997.2s remaining=621
    iter=1380 E=-1.6527337281 nfev=1391 t=1998.7s remaining=620
    iter=1381 E=-1.6527339733 nfev=1392 t=2000.1s remaining=619
    iter=1382 E=-1.6527341467 nfev=1393 t=2001.7s remaining=618
    iter=1383 E=-1.6527343332 nfev=1394 t=2003.2s remaining=617
    iter=1384 E=-1.6527345445 nfev=1395 t=2004.6s remaining=616
    iter=1385 E=-1.6527348080 nfev=1396 t=2006.1s remaining=615
    iter=1386 E=-1.6527351320 nfev=1397 t=2007.5s remaining=614
    iter=1387 E=-1.6527355118 nfev=1398 t=2009.0s remaining=613
    iter=1388 E=-1.6527359468 nfev=1399 t=2010.4s remaining=612
    iter=1389 E=-1.6527363993 nfev=1400 t=2011.8s remaining=611
    iter=1390 E=-1.6527369071 nfev=1401 t=2013.2s remaining=610
    iter=1391 E=-1.6527374831 nfev=1402 t=2014.6s remaining=609
    iter=1392 E=-1.6527381833 nfev=1403 t=2015.9s remaining=608
    iter=1393 E=-1.6527388295 nfev=1404 t=2017.3s remaining=607
    iter=1394 E=-1.6527393239 nfev=1405 t=2018.7s remaining=606
    iter=1395 E=-1.6527396681 nfev=1406 t=2020.0s remaining=605
    iter=1396 E=-1.6527399750 nfev=1407 t=2021.4s remaining=604
    iter=1397 E=-1.6527401144 nfev=1408 t=2022.9s remaining=603
    iter=1398 E=-1.6527402719 nfev=1409 t=2024.3s remaining=602
    iter=1399 E=-1.6527404180 nfev=1410 t=2025.8s remaining=601
    iter=1400 E=-1.6527405573 nfev=1411 t=2027.2s remaining=600
    iter=1401 E=-1.6527406603 nfev=1412 t=2028.6s remaining=599
    iter=1402 E=-1.6527407765 nfev=1413 t=2030.0s remaining=598
    iter=1403 E=-1.6527409180 nfev=1414 t=2031.4s remaining=597
    iter=1404 E=-1.6527411118 nfev=1415 t=2032.9s remaining=596
    iter=1405 E=-1.6527413532 nfev=1416 t=2034.3s remaining=595
    iter=1406 E=-1.6527416771 nfev=1417 t=2036.1s remaining=594
    iter=1407 E=-1.6527419661 nfev=1418 t=2037.5s remaining=593
    iter=1408 E=-1.6527423010 nfev=1419 t=2039.0s remaining=592
    iter=1409 E=-1.6527425577 nfev=1420 t=2040.4s remaining=591
    iter=1410 E=-1.6527428532 nfev=1421 t=2041.8s remaining=590
    iter=1411 E=-1.6527431677 nfev=1422 t=2043.2s remaining=589
    iter=1412 E=-1.6527435855 nfev=1423 t=2044.6s remaining=588
    iter=1413 E=-1.6527440722 nfev=1424 t=2046.0s remaining=587
    iter=1414 E=-1.6527445754 nfev=1425 t=2047.4s remaining=586
    iter=1415 E=-1.6527450137 nfev=1426 t=2048.8s remaining=585
    iter=1416 E=-1.6527453321 nfev=1427 t=2050.2s remaining=584
    iter=1417 E=-1.6527458620 nfev=1428 t=2051.5s remaining=583
    iter=1418 E=-1.6527466305 nfev=1429 t=2052.9s remaining=582
    iter=1419 E=-1.6527472789 nfev=1430 t=2054.3s remaining=581
    iter=1420 E=-1.6527476216 nfev=1431 t=2055.7s remaining=580
    iter=1421 E=-1.6527480193 nfev=1432 t=2057.0s remaining=579
    iter=1422 E=-1.6527482697 nfev=1433 t=2058.4s remaining=578
    iter=1423 E=-1.6527484916 nfev=1434 t=2059.8s remaining=577
    iter=1424 E=-1.6527487028 nfev=1435 t=2061.2s remaining=576
    iter=1425 E=-1.6527489621 nfev=1436 t=2062.8s remaining=575
    iter=1426 E=-1.6527493133 nfev=1437 t=2064.4s remaining=574
    iter=1427 E=-1.6527497226 nfev=1438 t=2065.8s remaining=573
    iter=1428 E=-1.6527500558 nfev=1439 t=2067.1s remaining=572
    iter=1429 E=-1.6527503894 nfev=1440 t=2068.6s remaining=571
    iter=1430 E=-1.6527507593 nfev=1441 t=2069.9s remaining=570
    iter=1431 E=-1.6527510960 nfev=1442 t=2071.4s remaining=569
    iter=1432 E=-1.6527514942 nfev=1443 t=2072.8s remaining=568
    iter=1433 E=-1.6527518995 nfev=1444 t=2074.2s remaining=567
    iter=1434 E=-1.6527522536 nfev=1445 t=2075.8s remaining=566
    iter=1435 E=-1.6527526667 nfev=1446 t=2077.3s remaining=565
    iter=1436 E=-1.6527531700 nfev=1447 t=2078.7s remaining=564
    iter=1437 E=-1.6527534653 nfev=1448 t=2080.1s remaining=563
    iter=1438 E=-1.6527537526 nfev=1449 t=2081.5s remaining=562
    iter=1439 E=-1.6527538852 nfev=1450 t=2082.9s remaining=561
    iter=1440 E=-1.6527540399 nfev=1451 t=2084.4s remaining=560
    iter=1441 E=-1.6527542193 nfev=1452 t=2085.8s remaining=559
    iter=1442 E=-1.6527544397 nfev=1453 t=2087.2s remaining=558
    iter=1443 E=-1.6527546335 nfev=1454 t=2088.7s remaining=557
    iter=1444 E=-1.6527548523 nfev=1455 t=2090.1s remaining=556
    iter=1445 E=-1.6527550078 nfev=1456 t=2091.6s remaining=555
    iter=1446 E=-1.6527552371 nfev=1457 t=2093.0s remaining=554
    iter=1447 E=-1.6527555283 nfev=1458 t=2094.4s remaining=553
    iter=1448 E=-1.6527558916 nfev=1459 t=2096.0s remaining=552
    iter=1449 E=-1.6527561216 nfev=1460 t=2097.5s remaining=551
    iter=1450 E=-1.6527563848 nfev=1461 t=2098.9s remaining=550
    iter=1451 E=-1.6527567048 nfev=1462 t=2100.4s remaining=549
    iter=1452 E=-1.6527569226 nfev=1463 t=2101.8s remaining=548
    iter=1453 E=-1.6527571609 nfev=1464 t=2103.2s remaining=547
    iter=1454 E=-1.6527574839 nfev=1465 t=2104.6s remaining=546
    iter=1455 E=-1.6527578809 nfev=1466 t=2106.1s remaining=545
    iter=1456 E=-1.6527582298 nfev=1467 t=2107.5s remaining=544
    iter=1457 E=-1.6527586826 nfev=1468 t=2108.9s remaining=543
    iter=1458 E=-1.6527590661 nfev=1469 t=2110.3s remaining=542
    iter=1459 E=-1.6527594752 nfev=1470 t=2111.7s remaining=541
    iter=1460 E=-1.6527598933 nfev=1471 t=2113.0s remaining=540
    iter=1461 E=-1.6527602387 nfev=1472 t=2114.5s remaining=539
    iter=1462 E=-1.6527606687 nfev=1473 t=2115.8s remaining=538
    iter=1463 E=-1.6527610605 nfev=1474 t=2117.2s remaining=537
    iter=1464 E=-1.6527613420 nfev=1475 t=2118.6s remaining=536
    iter=1465 E=-1.6527615347 nfev=1476 t=2120.0s remaining=535
    iter=1466 E=-1.6527617538 nfev=1477 t=2121.5s remaining=534
    iter=1467 E=-1.6527619658 nfev=1478 t=2123.0s remaining=533
    iter=1468 E=-1.6527621681 nfev=1479 t=2124.6s remaining=532
    iter=1469 E=-1.6527623544 nfev=1480 t=2126.2s remaining=531
    iter=1470 E=-1.6527625697 nfev=1481 t=2127.8s remaining=530
    iter=1471 E=-1.6527627862 nfev=1482 t=2129.3s remaining=529
    iter=1472 E=-1.6527630703 nfev=1483 t=2130.7s remaining=528
    iter=1473 E=-1.6527632457 nfev=1484 t=2132.2s remaining=527
    iter=1474 E=-1.6527634526 nfev=1485 t=2133.6s remaining=526
    iter=1475 E=-1.6527637406 nfev=1486 t=2135.0s remaining=525
    iter=1476 E=-1.6527642583 nfev=1487 t=2136.3s remaining=524
    iter=1477 E=-1.6527648999 nfev=1488 t=2137.7s remaining=523
    iter=1478 E=-1.6527653073 nfev=1489 t=2139.0s remaining=522
    iter=1479 E=-1.6527656813 nfev=1490 t=2140.4s remaining=521
    iter=1480 E=-1.6527660443 nfev=1491 t=2141.7s remaining=520
    iter=1481 E=-1.6527663068 nfev=1492 t=2143.1s remaining=519
    iter=1482 E=-1.6527666769 nfev=1493 t=2144.5s remaining=518
    iter=1483 E=-1.6527672576 nfev=1494 t=2145.8s remaining=517
    iter=1484 E=-1.6527677997 nfev=1495 t=2147.2s remaining=516
    iter=1485 E=-1.6527681138 nfev=1496 t=2148.5s remaining=515
    iter=1486 E=-1.6527684405 nfev=1497 t=2150.0s remaining=514
    iter=1487 E=-1.6527687156 nfev=1498 t=2151.4s remaining=513
    iter=1488 E=-1.6527689205 nfev=1499 t=2152.8s remaining=512
    iter=1489 E=-1.6527691048 nfev=1500 t=2154.2s remaining=511
    iter=1490 E=-1.6527692573 nfev=1501 t=2155.5s remaining=510
    iter=1491 E=-1.6527693837 nfev=1502 t=2157.2s remaining=509
    iter=1492 E=-1.6527695502 nfev=1503 t=2158.9s remaining=508
    iter=1493 E=-1.6527697762 nfev=1504 t=2160.3s remaining=507
    iter=1494 E=-1.6527700861 nfev=1505 t=2161.7s remaining=506
    iter=1495 E=-1.6527704801 nfev=1506 t=2163.2s remaining=505
    iter=1496 E=-1.6527709234 nfev=1507 t=2164.5s remaining=504
    iter=1497 E=-1.6527712293 nfev=1508 t=2165.9s remaining=503
    iter=1498 E=-1.6527716485 nfev=1509 t=2167.3s remaining=502
    iter=1499 E=-1.6527720625 nfev=1510 t=2168.7s remaining=501
    iter=1500 E=-1.6527724155 nfev=1511 t=2170.1s remaining=500
    iter=1501 E=-1.6527727019 nfev=1512 t=2171.5s remaining=499
    iter=1502 E=-1.6527730557 nfev=1513 t=2172.8s remaining=498
    iter=1503 E=-1.6527733106 nfev=1514 t=2174.2s remaining=497
    iter=1504 E=-1.6527735080 nfev=1515 t=2175.6s remaining=496
    iter=1505 E=-1.6527737599 nfev=1516 t=2177.1s remaining=495
    iter=1506 E=-1.6527740072 nfev=1517 t=2178.5s remaining=494
    iter=1507 E=-1.6527742096 nfev=1518 t=2180.0s remaining=493
    iter=1508 E=-1.6527744005 nfev=1519 t=2181.4s remaining=492
    iter=1509 E=-1.6527746184 nfev=1520 t=2182.8s remaining=491
    iter=1510 E=-1.6527748597 nfev=1521 t=2184.3s remaining=490
    iter=1511 E=-1.6527750984 nfev=1522 t=2185.7s remaining=489
    iter=1512 E=-1.6527754266 nfev=1523 t=2187.2s remaining=488
    iter=1513 E=-1.6527758030 nfev=1524 t=2188.6s remaining=487
    iter=1514 E=-1.6527761150 nfev=1525 t=2190.1s remaining=486
    iter=1515 E=-1.6527764288 nfev=1526 t=2191.5s remaining=485
    iter=1516 E=-1.6527767536 nfev=1527 t=2192.9s remaining=484
    iter=1517 E=-1.6527770137 nfev=1528 t=2194.4s remaining=483
    iter=1518 E=-1.6527773167 nfev=1529 t=2195.8s remaining=482
    iter=1519 E=-1.6527775973 nfev=1530 t=2197.2s remaining=481
    iter=1520 E=-1.6527778619 nfev=1531 t=2198.6s remaining=480
    iter=1521 E=-1.6527780298 nfev=1532 t=2200.1s remaining=479
    iter=1522 E=-1.6527782059 nfev=1533 t=2201.5s remaining=478
    iter=1523 E=-1.6527783698 nfev=1534 t=2202.9s remaining=477
    iter=1524 E=-1.6527785158 nfev=1535 t=2204.4s remaining=476
    iter=1525 E=-1.6527786335 nfev=1536 t=2205.8s remaining=475
    iter=1526 E=-1.6527787452 nfev=1537 t=2207.2s remaining=474
    iter=1527 E=-1.6527788691 nfev=1538 t=2208.7s remaining=473
    iter=1528 E=-1.6527790038 nfev=1539 t=2210.1s remaining=472
    iter=1529 E=-1.6527791600 nfev=1540 t=2211.5s remaining=471
    iter=1530 E=-1.6527793211 nfev=1541 t=2213.0s remaining=470
    iter=1531 E=-1.6527795066 nfev=1542 t=2214.4s remaining=469
    iter=1532 E=-1.6527797319 nfev=1543 t=2215.8s remaining=468
    iter=1533 E=-1.6527800074 nfev=1544 t=2217.2s remaining=467
    iter=1534 E=-1.6527803163 nfev=1545 t=2218.7s remaining=466
    iter=1535 E=-1.6527804287 nfev=1546 t=2220.1s remaining=465
    iter=1536 E=-1.6527806096 nfev=1547 t=2221.5s remaining=464
    iter=1537 E=-1.6527808430 nfev=1548 t=2223.0s remaining=463
    iter=1538 E=-1.6527810940 nfev=1549 t=2224.4s remaining=462
    iter=1539 E=-1.6527812874 nfev=1550 t=2225.8s remaining=461
    iter=1540 E=-1.6527814921 nfev=1551 t=2227.3s remaining=460
    iter=1541 E=-1.6527817359 nfev=1552 t=2228.7s remaining=459
    iter=1542 E=-1.6527820216 nfev=1553 t=2230.2s remaining=458
    iter=1543 E=-1.6527823519 nfev=1554 t=2231.5s remaining=457
    iter=1544 E=-1.6527826171 nfev=1555 t=2232.9s remaining=456
    iter=1545 E=-1.6527827487 nfev=1556 t=2234.3s remaining=455
    iter=1546 E=-1.6527829213 nfev=1557 t=2235.8s remaining=454
    iter=1547 E=-1.6527831362 nfev=1558 t=2237.2s remaining=453
    iter=1548 E=-1.6527834287 nfev=1559 t=2238.7s remaining=452
    iter=1549 E=-1.6527836010 nfev=1560 t=2240.1s remaining=451
    iter=1550 E=-1.6527838361 nfev=1561 t=2241.6s remaining=450
    iter=1551 E=-1.6527841369 nfev=1562 t=2243.0s remaining=449
    iter=1552 E=-1.6527844242 nfev=1563 t=2244.5s remaining=448
    iter=1553 E=-1.6527845904 nfev=1564 t=2245.9s remaining=447
    iter=1554 E=-1.6527848055 nfev=1565 t=2247.4s remaining=446
    iter=1555 E=-1.6527850691 nfev=1566 t=2248.8s remaining=445
    iter=1556 E=-1.6527853565 nfev=1567 t=2250.2s remaining=444
    iter=1557 E=-1.6527855849 nfev=1568 t=2251.6s remaining=443
    iter=1558 E=-1.6527857491 nfev=1569 t=2253.0s remaining=442
    iter=1559 E=-1.6527859295 nfev=1570 t=2254.5s remaining=441
    iter=1560 E=-1.6527861150 nfev=1571 t=2255.9s remaining=440
    iter=1561 E=-1.6527863214 nfev=1572 t=2257.4s remaining=439
    iter=1562 E=-1.6527865386 nfev=1573 t=2259.0s remaining=438
    iter=1563 E=-1.6527867593 nfev=1574 t=2260.6s remaining=437
    iter=1564 E=-1.6527870603 nfev=1575 t=2262.1s remaining=436
    iter=1565 E=-1.6527873590 nfev=1576 t=2263.5s remaining=435
    iter=1566 E=-1.6527876605 nfev=1577 t=2264.9s remaining=434
    iter=1567 E=-1.6527878559 nfev=1578 t=2266.4s remaining=433
    iter=1568 E=-1.6527880956 nfev=1579 t=2267.8s remaining=432
    iter=1569 E=-1.6527883006 nfev=1580 t=2269.3s remaining=431
    iter=1570 E=-1.6527884782 nfev=1581 t=2270.8s remaining=430
    iter=1571 E=-1.6527886219 nfev=1582 t=2272.2s remaining=429
    iter=1572 E=-1.6527887369 nfev=1583 t=2273.8s remaining=428
    iter=1573 E=-1.6527888641 nfev=1584 t=2275.3s remaining=427
    iter=1574 E=-1.6527889824 nfev=1585 t=2276.8s remaining=426
    iter=1575 E=-1.6527891116 nfev=1586 t=2278.3s remaining=425
    iter=1576 E=-1.6527892140 nfev=1587 t=2279.9s remaining=424
    iter=1577 E=-1.6527893016 nfev=1588 t=2281.3s remaining=423
    iter=1578 E=-1.6527893585 nfev=1589 t=2282.8s remaining=422
    iter=1579 E=-1.6527893978 nfev=1590 t=2284.3s remaining=421
    iter=1580 E=-1.6527894772 nfev=1592 t=2287.2s remaining=420
    iter=1581 E=-1.6527894967 nfev=1593 t=2288.7s remaining=419
    iter=1582 E=-1.6527895425 nfev=1595 t=2291.5s remaining=418
    iter=1583 E=-1.6527895722 nfev=1596 t=2292.9s remaining=417
    iter=1584 E=-1.6527896992 nfev=1598 t=2295.7s remaining=416
    iter=1585 E=-1.6527898193 nfev=1599 t=2297.1s remaining=415
    iter=1586 E=-1.6527899545 nfev=1600 t=2298.4s remaining=414
    iter=1587 E=-1.6527901185 nfev=1601 t=2299.8s remaining=413
    iter=1588 E=-1.6527903260 nfev=1602 t=2301.2s remaining=412
    iter=1589 E=-1.6527905999 nfev=1603 t=2302.5s remaining=411
    iter=1590 E=-1.6527909205 nfev=1604 t=2303.9s remaining=410
    iter=1591 E=-1.6527913125 nfev=1605 t=2305.3s remaining=409
    iter=1592 E=-1.6527914651 nfev=1606 t=2306.7s remaining=408
    iter=1593 E=-1.6527917430 nfev=1607 t=2308.1s remaining=407
    iter=1594 E=-1.6527922179 nfev=1608 t=2309.5s remaining=406
    iter=1595 E=-1.6527927420 nfev=1609 t=2310.9s remaining=405
    iter=1596 E=-1.6527929614 nfev=1610 t=2312.4s remaining=404
    iter=1597 E=-1.6527930008 nfev=1611 t=2313.8s remaining=403
    iter=1598 E=-1.6527930316 nfev=1612 t=2315.3s remaining=402
    iter=1599 E=-1.6527930568 nfev=1613 t=2316.6s remaining=401
    iter=1600 E=-1.6527931372 nfev=1615 t=2319.4s remaining=400
    iter=1601 E=-1.6527931825 nfev=1616 t=2320.9s remaining=399
    iter=1602 E=-1.6527932121 nfev=1617 t=2322.4s remaining=398
    iter=1603 E=-1.6527932685 nfev=1619 t=2325.3s remaining=397
    iter=1604 E=-1.6527933057 nfev=1620 t=2326.8s remaining=396
    iter=1605 E=-1.6527933260 nfev=1621 t=2328.2s remaining=395
    iter=1606 E=-1.6527934070 nfev=1623 t=2331.0s remaining=394
    iter=1607 E=-1.6527934642 nfev=1624 t=2332.5s remaining=393
    iter=1608 E=-1.6527935158 nfev=1625 t=2333.8s remaining=392
    iter=1609 E=-1.6527936910 nfev=1627 t=2337.0s remaining=391
    iter=1610 E=-1.6527937975 nfev=1628 t=2338.8s remaining=390
    iter=1611 E=-1.6527938806 nfev=1629 t=2340.5s remaining=389
    iter=1612 E=-1.6527939744 nfev=1630 t=2342.3s remaining=388
    iter=1613 E=-1.6527941002 nfev=1631 t=2344.1s remaining=387
    iter=1614 E=-1.6527942908 nfev=1632 t=2345.9s remaining=386
    iter=1615 E=-1.6527945812 nfev=1633 t=2347.7s remaining=385
    iter=1616 E=-1.6527950108 nfev=1634 t=2349.5s remaining=384
    iter=1617 E=-1.6527955393 nfev=1635 t=2351.3s remaining=383
    iter=1618 E=-1.6527957103 nfev=1636 t=2353.1s remaining=382
    iter=1619 E=-1.6527960396 nfev=1637 t=2354.9s remaining=381
    iter=1620 E=-1.6527964049 nfev=1638 t=2356.7s remaining=380
    iter=1621 E=-1.6527967461 nfev=1639 t=2358.4s remaining=379
    iter=1622 E=-1.6527969202 nfev=1640 t=2360.3s remaining=378
    iter=1623 E=-1.6527969641 nfev=1641 t=2362.0s remaining=377
    iter=1624 E=-1.6527970068 nfev=1642 t=2363.8s remaining=376
    iter=1625 E=-1.6527971545 nfev=1644 t=2367.5s remaining=375
    iter=1626 E=-1.6527972886 nfev=1645 t=2369.3s remaining=374
    iter=1627 E=-1.6527973715 nfev=1646 t=2371.2s remaining=373
    iter=1628 E=-1.6527974577 nfev=1647 t=2373.0s remaining=372
    iter=1629 E=-1.6527975586 nfev=1648 t=2374.8s remaining=371
    iter=1630 E=-1.6527976900 nfev=1649 t=2376.6s remaining=370
    iter=1631 E=-1.6527978553 nfev=1650 t=2378.4s remaining=369
    iter=1632 E=-1.6527980553 nfev=1651 t=2380.2s remaining=368
    iter=1633 E=-1.6527982387 nfev=1652 t=2382.0s remaining=367
    iter=1634 E=-1.6527984025 nfev=1653 t=2383.8s remaining=366
    iter=1635 E=-1.6527985116 nfev=1654 t=2385.6s remaining=365
    iter=1636 E=-1.6527986124 nfev=1655 t=2387.4s remaining=364
    iter=1637 E=-1.6527987000 nfev=1656 t=2389.2s remaining=363
    iter=1638 E=-1.6527987974 nfev=1657 t=2391.0s remaining=362
    iter=1639 E=-1.6527988945 nfev=1658 t=2392.8s remaining=361
    iter=1640 E=-1.6527990091 nfev=1659 t=2394.6s remaining=360
    iter=1641 E=-1.6527991252 nfev=1660 t=2396.4s remaining=359
    iter=1642 E=-1.6527992571 nfev=1661 t=2398.2s remaining=358
    iter=1643 E=-1.6527993847 nfev=1662 t=2400.0s remaining=357
    iter=1644 E=-1.6527995147 nfev=1663 t=2401.6s remaining=356
    iter=1645 E=-1.6527996265 nfev=1664 t=2403.2s remaining=355
    iter=1646 E=-1.6527997239 nfev=1665 t=2404.7s remaining=354
    iter=1647 E=-1.6527997979 nfev=1666 t=2406.1s remaining=353
    iter=1648 E=-1.6527998610 nfev=1667 t=2407.6s remaining=352
    iter=1649 E=-1.6527999063 nfev=1668 t=2409.1s remaining=351
    iter=1650 E=-1.6528000496 nfev=1670 t=2411.8s remaining=350
    iter=1651 E=-1.6528000647 nfev=1672 t=2414.6s remaining=349
    iter=1652 E=-1.6528001173 nfev=1674 t=2417.3s remaining=348
    iter=1653 E=-1.6528001554 nfev=1675 t=2418.7s remaining=347
    iter=1654 E=-1.6528002773 nfev=1677 t=2421.6s remaining=346
    iter=1655 E=-1.6528003430 nfev=1678 t=2423.0s remaining=345
    iter=1656 E=-1.6528004159 nfev=1679 t=2424.4s remaining=344
    iter=1657 E=-1.6528005006 nfev=1680 t=2425.9s remaining=343
    iter=1658 E=-1.6528006575 nfev=1681 t=2427.3s remaining=342
    iter=1659 E=-1.6528008696 nfev=1682 t=2429.1s remaining=341
    iter=1660 E=-1.6528011158 nfev=1683 t=2430.5s remaining=340
    iter=1661 E=-1.6528013047 nfev=1684 t=2431.9s remaining=339
    iter=1662 E=-1.6528016235 nfev=1685 t=2433.3s remaining=338
    iter=1663 E=-1.6528020486 nfev=1686 t=2434.7s remaining=337
    iter=1664 E=-1.6528025015 nfev=1687 t=2436.1s remaining=336
    iter=1665 E=-1.6528030593 nfev=1688 t=2437.6s remaining=335
    iter=1666 E=-1.6528035126 nfev=1689 t=2439.0s remaining=334
    iter=1667 E=-1.6528038472 nfev=1690 t=2440.3s remaining=333
    iter=1668 E=-1.6528040740 nfev=1691 t=2441.7s remaining=332
    iter=1669 E=-1.6528043172 nfev=1692 t=2443.2s remaining=331
    iter=1670 E=-1.6528045911 nfev=1693 t=2444.6s remaining=330
    iter=1671 E=-1.6528049060 nfev=1694 t=2446.1s remaining=329
    iter=1672 E=-1.6528052358 nfev=1695 t=2447.4s remaining=328
    iter=1673 E=-1.6528054364 nfev=1696 t=2448.8s remaining=327
    iter=1674 E=-1.6528056032 nfev=1697 t=2450.3s remaining=326
    iter=1675 E=-1.6528056281 nfev=1699 t=2453.1s remaining=325
    iter=1676 E=-1.6528057336 nfev=1701 t=2455.9s remaining=324
    iter=1677 E=-1.6528058226 nfev=1702 t=2457.3s remaining=323
    iter=1678 E=-1.6528058863 nfev=1703 t=2458.8s remaining=322
    iter=1679 E=-1.6528059346 nfev=1704 t=2460.3s remaining=321
    iter=1680 E=-1.6528059563 nfev=1705 t=2461.8s remaining=320
    iter=1681 E=-1.6528059928 nfev=1707 t=2464.6s remaining=319
    iter=1681 E=-1.6528059928 nfev=1743 t=2516.4s remaining=319
    seed=0 E=-1.6528059928 dE=+3.110e-04 nit=1681 ok=False t=2516.4s
  r=0.50  L=9   npar=386   E=-1.6528059928  |E-FCI|=3.110e-04  FCI=no   chem=yes

=== summary (best seed per layer) ===
  bond   L ansatz                 npar              E     |E-FCI|  FCI? chem?
  0.50   9 (ECD+SNAP)^9 + ECD      386  -1.6528059928   3.110e-04    no   yes

wrote data/results/h4_hybrid_L9_nobs_r0050.json
