self-check ok (nfock=4, use_bs=False, worst FD rel err 0.00e+00)
per-iter log: data/results/h4_hybrid_L10_nobs_r0070_iters.jsonl
live snapshot: data/results/h4_hybrid_L10_nobs_r0070_live.json

=== build H4 JWT Hamiltonian at R=0.70 Å ===
=== r=0.70 Å   FCI(pyscf)=-2.1069969151  eig=-2.1069969151  paper_fci=-2.10699692  paper_SNAP_D20=-2.1069969178094183 ===
-- r=0.70  (ECD+SNAP)^10 + ECD   npar=428 --
    iter=1 E=0.8471013218 nfev=2 t=3.6s remaining=1999
    iter=2 E=0.6624252658 nfev=3 t=5.3s remaining=1998
    iter=3 E=0.5455656615 nfev=4 t=7.1s remaining=1997
    iter=4 E=0.3794579806 nfev=5 t=8.9s remaining=1996
    iter=5 E=0.2600844252 nfev=7 t=12.7s remaining=1995
    iter=6 E=0.2019561343 nfev=8 t=14.4s remaining=1994
    iter=7 E=0.1075519690 nfev=9 t=16.2s remaining=1993
    iter=8 E=0.0073134474 nfev=10 t=18.0s remaining=1992
    iter=9 E=-0.0472990671 nfev=12 t=21.5s remaining=1991
    iter=10 E=-0.1238789338 nfev=13 t=23.2s remaining=1990
    iter=11 E=-0.2271446075 nfev=14 t=25.0s remaining=1989
    iter=12 E=-0.3240692709 nfev=15 t=26.7s remaining=1988
    iter=13 E=-0.4215810918 nfev=16 t=28.5s remaining=1987
    iter=14 E=-0.5010382098 nfev=17 t=30.3s remaining=1986
    iter=15 E=-0.5810341802 nfev=18 t=32.0s remaining=1985
    iter=16 E=-0.6711403762 nfev=19 t=33.7s remaining=1984
    iter=17 E=-0.7715393327 nfev=20 t=35.4s remaining=1983
    iter=18 E=-0.8970898617 nfev=21 t=37.2s remaining=1982
    iter=19 E=-1.0270144291 nfev=22 t=39.0s remaining=1981
    iter=20 E=-1.1217784872 nfev=23 t=40.7s remaining=1980
    iter=21 E=-1.1982869214 nfev=24 t=42.6s remaining=1979
    iter=22 E=-1.2736072218 nfev=25 t=44.3s remaining=1978
    iter=23 E=-1.3748918073 nfev=26 t=46.0s remaining=1977
    iter=24 E=-1.4433656038 nfev=27 t=47.7s remaining=1976
    iter=25 E=-1.5215855761 nfev=28 t=49.5s remaining=1975
    iter=26 E=-1.5625970670 nfev=30 t=53.0s remaining=1974
    iter=27 E=-1.6077985127 nfev=31 t=54.8s remaining=1973
    iter=28 E=-1.6516137222 nfev=32 t=56.5s remaining=1972
    iter=29 E=-1.6830641519 nfev=33 t=58.2s remaining=1971
    iter=30 E=-1.7143690433 nfev=34 t=59.9s remaining=1970
    iter=31 E=-1.7271245037 nfev=35 t=61.7s remaining=1969
    iter=32 E=-1.7474773457 nfev=36 t=63.4s remaining=1968
    iter=33 E=-1.7749777879 nfev=37 t=65.0s remaining=1967
    iter=34 E=-1.8085410209 nfev=38 t=66.7s remaining=1966
    iter=35 E=-1.8177691653 nfev=39 t=68.5s remaining=1965
    iter=36 E=-1.8330997177 nfev=40 t=70.2s remaining=1964
    iter=37 E=-1.8546750809 nfev=41 t=72.0s remaining=1963
    iter=38 E=-1.8794027979 nfev=42 t=73.8s remaining=1962
    iter=39 E=-1.9059675334 nfev=43 t=75.6s remaining=1961
    iter=40 E=-1.9121616731 nfev=44 t=77.4s remaining=1960
    iter=41 E=-1.9225625452 nfev=45 t=79.1s remaining=1959
    iter=42 E=-1.9376714431 nfev=46 t=80.9s remaining=1958
    iter=43 E=-1.9581478085 nfev=47 t=82.6s remaining=1957
    iter=44 E=-1.9721697008 nfev=48 t=84.4s remaining=1956
    iter=45 E=-1.9844606836 nfev=49 t=86.4s remaining=1955
    iter=46 E=-1.9899539705 nfev=50 t=88.2s remaining=1954
    iter=47 E=-1.9984410244 nfev=51 t=89.9s remaining=1953
    iter=48 E=-2.0089609534 nfev=52 t=91.7s remaining=1952
    iter=49 E=-2.0202311460 nfev=53 t=93.4s remaining=1951
    iter=50 E=-2.0240607094 nfev=54 t=95.1s remaining=1950
    iter=51 E=-2.0296384850 nfev=55 t=96.9s remaining=1949
    iter=52 E=-2.0372802709 nfev=56 t=98.6s remaining=1948
    iter=53 E=-2.0443357710 nfev=57 t=100.3s remaining=1947
    iter=54 E=-2.0475933058 nfev=58 t=102.0s remaining=1946
    iter=55 E=-2.0522583391 nfev=59 t=103.8s remaining=1945
    iter=56 E=-2.0581862387 nfev=60 t=105.5s remaining=1944
    iter=57 E=-2.0629202165 nfev=61 t=107.2s remaining=1943
    iter=58 E=-2.0656447261 nfev=62 t=109.0s remaining=1942
    iter=59 E=-2.0693668271 nfev=63 t=110.7s remaining=1941
    iter=60 E=-2.0724425465 nfev=64 t=112.6s remaining=1940
    iter=61 E=-2.0745408165 nfev=65 t=114.5s remaining=1939
    iter=62 E=-2.0775068316 nfev=66 t=116.3s remaining=1938
    iter=63 E=-2.0795273983 nfev=67 t=118.0s remaining=1937
    iter=64 E=-2.0819163182 nfev=68 t=119.7s remaining=1936
    iter=65 E=-2.0825500218 nfev=69 t=121.5s remaining=1935
    iter=66 E=-2.0836164274 nfev=70 t=123.2s remaining=1934
    iter=67 E=-2.0851209314 nfev=71 t=125.0s remaining=1933
    iter=68 E=-2.0860539791 nfev=72 t=126.8s remaining=1932
    iter=69 E=-2.0869861617 nfev=73 t=128.5s remaining=1931
    iter=70 E=-2.0875633048 nfev=74 t=130.3s remaining=1930
    iter=71 E=-2.0884226257 nfev=75 t=132.0s remaining=1929
    iter=72 E=-2.0892656857 nfev=76 t=133.9s remaining=1928
    iter=73 E=-2.0897274524 nfev=77 t=135.6s remaining=1927
    iter=74 E=-2.0901009999 nfev=78 t=137.4s remaining=1926
    iter=75 E=-2.0905868409 nfev=79 t=139.2s remaining=1925
    iter=76 E=-2.0909745279 nfev=80 t=140.9s remaining=1924
    iter=77 E=-2.0912564391 nfev=81 t=142.6s remaining=1923
    iter=78 E=-2.0915332603 nfev=82 t=144.4s remaining=1922
    iter=79 E=-2.0917410690 nfev=83 t=146.2s remaining=1921
    iter=80 E=-2.0919634907 nfev=84 t=148.3s remaining=1920
    iter=81 E=-2.0921475111 nfev=85 t=150.1s remaining=1919
    iter=82 E=-2.0923151555 nfev=86 t=151.9s remaining=1918
    iter=83 E=-2.0924867571 nfev=87 t=153.8s remaining=1917
    iter=84 E=-2.0926657209 nfev=88 t=155.6s remaining=1916
    iter=85 E=-2.0928318040 nfev=89 t=157.4s remaining=1915
    iter=86 E=-2.0929686539 nfev=90 t=159.2s remaining=1914
    iter=87 E=-2.0931238358 nfev=91 t=161.1s remaining=1913
    iter=88 E=-2.0933067547 nfev=92 t=163.1s remaining=1912
    iter=89 E=-2.0934383080 nfev=93 t=165.0s remaining=1911
    iter=90 E=-2.0935793525 nfev=94 t=166.7s remaining=1910
    iter=91 E=-2.0937186996 nfev=95 t=168.4s remaining=1909
    iter=92 E=-2.0938548883 nfev=96 t=170.1s remaining=1908
    iter=93 E=-2.0939684811 nfev=97 t=171.9s remaining=1907
    iter=94 E=-2.0940938923 nfev=98 t=173.6s remaining=1906
    iter=95 E=-2.0941722561 nfev=99 t=175.3s remaining=1905
    iter=96 E=-2.0942974496 nfev=100 t=177.0s remaining=1904
    iter=97 E=-2.0944849179 nfev=101 t=178.8s remaining=1903
    iter=98 E=-2.0946963319 nfev=102 t=180.5s remaining=1902
    iter=99 E=-2.0948429061 nfev=103 t=182.2s remaining=1901
    iter=100 E=-2.0949733484 nfev=104 t=184.0s remaining=1900
    iter=101 E=-2.0950569408 nfev=105 t=186.0s remaining=1899
    iter=102 E=-2.0951449366 nfev=106 t=187.7s remaining=1898
    iter=103 E=-2.0952230809 nfev=107 t=189.5s remaining=1897
    iter=104 E=-2.0953158047 nfev=108 t=191.2s remaining=1896
    iter=105 E=-2.0954353675 nfev=109 t=193.0s remaining=1895
    iter=106 E=-2.0955723293 nfev=110 t=194.8s remaining=1894
    iter=107 E=-2.0957051891 nfev=111 t=196.6s remaining=1893
    iter=108 E=-2.0958217495 nfev=112 t=198.6s remaining=1892
    iter=109 E=-2.0959179217 nfev=113 t=200.5s remaining=1891
    iter=110 E=-2.0959916364 nfev=114 t=202.4s remaining=1890
    iter=111 E=-2.0960753828 nfev=115 t=204.3s remaining=1889
    iter=112 E=-2.0961545578 nfev=116 t=206.1s remaining=1888
    iter=113 E=-2.0962474839 nfev=117 t=208.3s remaining=1887
    iter=114 E=-2.0963579391 nfev=118 t=210.1s remaining=1886
    iter=115 E=-2.0964647927 nfev=119 t=211.9s remaining=1885
    iter=116 E=-2.0965696219 nfev=120 t=213.7s remaining=1884
    iter=117 E=-2.0966839020 nfev=121 t=215.6s remaining=1883
    iter=118 E=-2.0967903862 nfev=122 t=217.4s remaining=1882
    iter=119 E=-2.0968987492 nfev=123 t=219.2s remaining=1881
    iter=120 E=-2.0970108124 nfev=124 t=220.8s remaining=1880
    iter=121 E=-2.0970845426 nfev=125 t=222.5s remaining=1879
    iter=122 E=-2.0971594226 nfev=126 t=224.2s remaining=1878
    iter=123 E=-2.0972353263 nfev=127 t=226.0s remaining=1877
    iter=124 E=-2.0973188020 nfev=128 t=227.7s remaining=1876
    iter=125 E=-2.0973973503 nfev=129 t=229.4s remaining=1875
    iter=126 E=-2.0974588611 nfev=130 t=231.1s remaining=1874
    iter=127 E=-2.0975457711 nfev=131 t=232.9s remaining=1873
    iter=128 E=-2.0976464215 nfev=132 t=234.8s remaining=1872
    iter=129 E=-2.0977020987 nfev=133 t=236.7s remaining=1871
    iter=130 E=-2.0977685377 nfev=134 t=238.4s remaining=1870
    iter=131 E=-2.0978229572 nfev=135 t=240.2s remaining=1869
    iter=132 E=-2.0978739653 nfev=136 t=241.9s remaining=1868
    iter=133 E=-2.0979359142 nfev=137 t=243.6s remaining=1867
    iter=134 E=-2.0980033525 nfev=138 t=245.4s remaining=1866
    iter=135 E=-2.0980751403 nfev=139 t=247.1s remaining=1865
    iter=136 E=-2.0981406855 nfev=140 t=248.7s remaining=1864
    iter=137 E=-2.0982077408 nfev=141 t=250.5s remaining=1863
    iter=138 E=-2.0982935398 nfev=142 t=252.3s remaining=1862
    iter=139 E=-2.0983517516 nfev=143 t=254.0s remaining=1861
    iter=140 E=-2.0984089539 nfev=144 t=255.7s remaining=1860
    iter=141 E=-2.0984777958 nfev=145 t=257.6s remaining=1859
    iter=142 E=-2.0985457556 nfev=146 t=259.4s remaining=1858
    iter=143 E=-2.0986304820 nfev=147 t=261.1s remaining=1857
    iter=144 E=-2.0987106957 nfev=148 t=262.9s remaining=1856
    iter=145 E=-2.0987823699 nfev=149 t=264.7s remaining=1855
    iter=146 E=-2.0988528679 nfev=150 t=266.4s remaining=1854
    iter=147 E=-2.0989078653 nfev=151 t=268.2s remaining=1853
    iter=148 E=-2.0989621138 nfev=152 t=269.9s remaining=1852
    iter=149 E=-2.0990205988 nfev=153 t=271.7s remaining=1851
    iter=150 E=-2.0990725208 nfev=154 t=273.4s remaining=1850
    iter=151 E=-2.0990976139 nfev=155 t=275.1s remaining=1849
    iter=152 E=-2.0991373299 nfev=156 t=276.8s remaining=1848
    iter=153 E=-2.0991932822 nfev=157 t=278.6s remaining=1847
    iter=154 E=-2.0992494751 nfev=158 t=280.4s remaining=1846
    iter=155 E=-2.0993067059 nfev=159 t=282.2s remaining=1845
    iter=156 E=-2.0993836304 nfev=160 t=284.0s remaining=1844
    iter=157 E=-2.0994492487 nfev=161 t=285.6s remaining=1843
    iter=158 E=-2.0995078220 nfev=162 t=287.4s remaining=1842
    iter=159 E=-2.0995711120 nfev=163 t=289.2s remaining=1841
    iter=160 E=-2.0996333112 nfev=164 t=290.9s remaining=1840
    iter=161 E=-2.0996853980 nfev=165 t=292.8s remaining=1839
    iter=162 E=-2.0997468850 nfev=166 t=294.5s remaining=1838
    iter=163 E=-2.0998179030 nfev=167 t=296.3s remaining=1837
    iter=164 E=-2.0998927771 nfev=168 t=298.1s remaining=1836
    iter=165 E=-2.0999465081 nfev=169 t=299.8s remaining=1835
    iter=166 E=-2.0999981337 nfev=170 t=301.6s remaining=1834
    iter=167 E=-2.1000555633 nfev=171 t=303.2s remaining=1833
    iter=168 E=-2.1001163559 nfev=172 t=304.9s remaining=1832
    iter=169 E=-2.1002007355 nfev=173 t=306.7s remaining=1831
    iter=170 E=-2.1003057051 nfev=174 t=308.6s remaining=1830
    iter=171 E=-2.1003895346 nfev=175 t=310.6s remaining=1829
    iter=172 E=-2.1004423853 nfev=176 t=312.9s remaining=1828
    iter=173 E=-2.1004959926 nfev=177 t=314.7s remaining=1827
    iter=174 E=-2.1005568330 nfev=178 t=316.6s remaining=1826
    iter=175 E=-2.1006263014 nfev=179 t=318.4s remaining=1825
    iter=176 E=-2.1007031412 nfev=180 t=320.3s remaining=1824
    iter=177 E=-2.1007663380 nfev=181 t=322.1s remaining=1823
    iter=178 E=-2.1008389524 nfev=182 t=323.9s remaining=1822
    iter=179 E=-2.1009030939 nfev=183 t=325.7s remaining=1821
    iter=180 E=-2.1009721727 nfev=184 t=327.4s remaining=1820
    iter=181 E=-2.1010372904 nfev=185 t=329.2s remaining=1819
    iter=182 E=-2.1010767868 nfev=186 t=331.2s remaining=1818
    iter=183 E=-2.1011133048 nfev=187 t=333.1s remaining=1817
    iter=184 E=-2.1011511479 nfev=188 t=334.9s remaining=1816
    iter=185 E=-2.1011977968 nfev=189 t=336.8s remaining=1815
    iter=186 E=-2.1012465961 nfev=190 t=338.6s remaining=1814
    iter=187 E=-2.1012995977 nfev=191 t=340.4s remaining=1813
    iter=188 E=-2.1013474875 nfev=192 t=342.2s remaining=1812
    iter=189 E=-2.1013968648 nfev=193 t=344.0s remaining=1811
    iter=190 E=-2.1014431625 nfev=194 t=345.9s remaining=1810
    iter=191 E=-2.1014998576 nfev=195 t=347.8s remaining=1809
    iter=192 E=-2.1015482152 nfev=196 t=349.8s remaining=1808
    iter=193 E=-2.1015890638 nfev=197 t=351.7s remaining=1807
    iter=194 E=-2.1016338477 nfev=198 t=353.7s remaining=1806
    iter=195 E=-2.1016871494 nfev=199 t=355.5s remaining=1805
    iter=196 E=-2.1017369286 nfev=200 t=357.2s remaining=1804
    iter=197 E=-2.1017888363 nfev=201 t=359.0s remaining=1803
    iter=198 E=-2.1018329934 nfev=202 t=360.8s remaining=1802
    iter=199 E=-2.1018847963 nfev=203 t=362.6s remaining=1801
    iter=200 E=-2.1019340866 nfev=204 t=364.4s remaining=1800
    iter=201 E=-2.1019649932 nfev=205 t=366.3s remaining=1799
    iter=202 E=-2.1019967227 nfev=206 t=368.2s remaining=1798
    iter=203 E=-2.1020258680 nfev=207 t=369.9s remaining=1797
    iter=204 E=-2.1020582295 nfev=208 t=371.7s remaining=1796
    iter=205 E=-2.1020979686 nfev=209 t=373.6s remaining=1795
    iter=206 E=-2.1021475646 nfev=210 t=375.4s remaining=1794
    iter=207 E=-2.1021893698 nfev=211 t=377.3s remaining=1793
    iter=208 E=-2.1022406279 nfev=212 t=379.1s remaining=1792
    iter=209 E=-2.1022859352 nfev=213 t=380.9s remaining=1791
    iter=210 E=-2.1023159185 nfev=214 t=382.8s remaining=1790
    iter=211 E=-2.1023452731 nfev=215 t=384.7s remaining=1789
    iter=212 E=-2.1023778252 nfev=216 t=386.5s remaining=1788
    iter=213 E=-2.1024091347 nfev=217 t=388.3s remaining=1787
    iter=214 E=-2.1024316003 nfev=218 t=390.0s remaining=1786
    iter=215 E=-2.1024555390 nfev=219 t=391.9s remaining=1785
    iter=216 E=-2.1024807916 nfev=220 t=393.7s remaining=1784
    iter=217 E=-2.1025133372 nfev=221 t=395.4s remaining=1783
    iter=218 E=-2.1025534288 nfev=222 t=397.3s remaining=1782
    iter=219 E=-2.1025827074 nfev=223 t=399.3s remaining=1781
    iter=220 E=-2.1026073861 nfev=224 t=401.1s remaining=1780
    iter=221 E=-2.1026363788 nfev=225 t=403.0s remaining=1779
    iter=222 E=-2.1026733185 nfev=226 t=404.7s remaining=1778
    iter=223 E=-2.1027030680 nfev=227 t=406.6s remaining=1777
    iter=224 E=-2.1027320347 nfev=228 t=408.3s remaining=1776
    iter=225 E=-2.1027646497 nfev=229 t=410.2s remaining=1775
    iter=226 E=-2.1027929343 nfev=230 t=412.0s remaining=1774
    iter=227 E=-2.1028241115 nfev=231 t=413.8s remaining=1773
    iter=228 E=-2.1028629376 nfev=232 t=415.5s remaining=1772
    iter=229 E=-2.1028971641 nfev=233 t=417.6s remaining=1771
    iter=230 E=-2.1029244705 nfev=234 t=419.5s remaining=1770
    iter=231 E=-2.1029531012 nfev=235 t=421.4s remaining=1769
    iter=232 E=-2.1029791932 nfev=236 t=423.1s remaining=1768
    iter=233 E=-2.1030060585 nfev=237 t=424.8s remaining=1767
    iter=234 E=-2.1030343845 nfev=238 t=426.5s remaining=1766
    iter=235 E=-2.1030651977 nfev=239 t=428.2s remaining=1765
    iter=236 E=-2.1030928984 nfev=240 t=429.9s remaining=1764
    iter=237 E=-2.1031239137 nfev=241 t=431.8s remaining=1763
    iter=238 E=-2.1031557086 nfev=242 t=433.5s remaining=1762
    iter=239 E=-2.1031818630 nfev=243 t=435.2s remaining=1761
    iter=240 E=-2.1032051580 nfev=244 t=437.0s remaining=1760
    iter=241 E=-2.1032232416 nfev=245 t=438.7s remaining=1759
    iter=242 E=-2.1032415225 nfev=246 t=440.5s remaining=1758
    iter=243 E=-2.1032595594 nfev=247 t=442.2s remaining=1757
    iter=244 E=-2.1032848975 nfev=248 t=444.0s remaining=1756
    iter=245 E=-2.1033176141 nfev=249 t=445.7s remaining=1755
    iter=246 E=-2.1033422816 nfev=250 t=447.5s remaining=1754
    iter=247 E=-2.1033687386 nfev=251 t=449.2s remaining=1753
    iter=248 E=-2.1033938471 nfev=252 t=450.9s remaining=1752
    iter=249 E=-2.1034207137 nfev=253 t=452.9s remaining=1751
    iter=250 E=-2.1034470301 nfev=254 t=454.6s remaining=1750
    iter=251 E=-2.1034702365 nfev=255 t=456.3s remaining=1749
    iter=252 E=-2.1034935596 nfev=256 t=458.1s remaining=1748
    iter=253 E=-2.1035104772 nfev=257 t=459.8s remaining=1747
    iter=254 E=-2.1035271303 nfev=258 t=461.6s remaining=1746
    iter=255 E=-2.1035460620 nfev=259 t=463.3s remaining=1745
    iter=256 E=-2.1035704880 nfev=260 t=465.1s remaining=1744
    iter=257 E=-2.1035941748 nfev=261 t=466.8s remaining=1743
    iter=258 E=-2.1036188843 nfev=262 t=468.6s remaining=1742
    iter=259 E=-2.1036397849 nfev=263 t=470.3s remaining=1741
    iter=260 E=-2.1036600836 nfev=264 t=472.0s remaining=1740
    iter=261 E=-2.1036806023 nfev=265 t=473.8s remaining=1739
    iter=262 E=-2.1037011851 nfev=266 t=475.6s remaining=1738
    iter=263 E=-2.1037138385 nfev=267 t=477.3s remaining=1737
    iter=264 E=-2.1037291752 nfev=268 t=479.1s remaining=1736
    iter=265 E=-2.1037509555 nfev=269 t=480.8s remaining=1735
    iter=266 E=-2.1037747851 nfev=270 t=482.6s remaining=1734
    iter=267 E=-2.1037982829 nfev=271 t=484.4s remaining=1733
    iter=268 E=-2.1038242250 nfev=272 t=486.1s remaining=1732
    iter=269 E=-2.1038424054 nfev=273 t=487.9s remaining=1731
    iter=270 E=-2.1038572871 nfev=274 t=489.7s remaining=1730
    iter=271 E=-2.1038727995 nfev=275 t=491.4s remaining=1729
    iter=272 E=-2.1038913418 nfev=276 t=493.2s remaining=1728
    iter=273 E=-2.1039079333 nfev=277 t=495.0s remaining=1727
    iter=274 E=-2.1039272087 nfev=278 t=496.8s remaining=1726
    iter=275 E=-2.1039483844 nfev=279 t=498.5s remaining=1725
    iter=276 E=-2.1039702936 nfev=280 t=500.3s remaining=1724
    iter=277 E=-2.1039858832 nfev=281 t=502.2s remaining=1723
    iter=278 E=-2.1040003054 nfev=282 t=504.0s remaining=1722
    iter=279 E=-2.1040157742 nfev=283 t=505.9s remaining=1721
    iter=280 E=-2.1040339145 nfev=284 t=507.6s remaining=1720
    iter=281 E=-2.1040520827 nfev=285 t=509.8s remaining=1719
    iter=282 E=-2.1040696387 nfev=286 t=511.6s remaining=1718
    iter=283 E=-2.1040933602 nfev=287 t=513.3s remaining=1717
    iter=284 E=-2.1041176030 nfev=288 t=515.0s remaining=1716
    iter=285 E=-2.1041402225 nfev=289 t=516.6s remaining=1715
    iter=286 E=-2.1041602203 nfev=290 t=518.3s remaining=1714
    iter=287 E=-2.1041869798 nfev=291 t=520.0s remaining=1713
    iter=288 E=-2.1042205289 nfev=292 t=521.9s remaining=1712
    iter=289 E=-2.1042430411 nfev=293 t=523.6s remaining=1711
    iter=290 E=-2.1042641947 nfev=294 t=525.4s remaining=1710
    iter=291 E=-2.1042828080 nfev=295 t=527.1s remaining=1709
    iter=292 E=-2.1042979198 nfev=296 t=528.8s remaining=1708
    iter=293 E=-2.1043118567 nfev=297 t=530.5s remaining=1707
    iter=294 E=-2.1043258951 nfev=298 t=532.2s remaining=1706
    iter=295 E=-2.1043394326 nfev=299 t=534.0s remaining=1705
    iter=296 E=-2.1043565053 nfev=300 t=535.7s remaining=1704
    iter=297 E=-2.1043702831 nfev=301 t=537.3s remaining=1703
    iter=298 E=-2.1043842198 nfev=302 t=539.0s remaining=1702
    iter=299 E=-2.1043975630 nfev=303 t=540.6s remaining=1701
    iter=300 E=-2.1044098208 nfev=304 t=542.5s remaining=1700
    iter=301 E=-2.1044228860 nfev=305 t=544.2s remaining=1699
    iter=302 E=-2.1044368771 nfev=306 t=545.9s remaining=1698
    iter=303 E=-2.1044542384 nfev=307 t=547.6s remaining=1697
    iter=304 E=-2.1044762498 nfev=308 t=549.3s remaining=1696
    iter=305 E=-2.1044983806 nfev=309 t=551.0s remaining=1695
    iter=306 E=-2.1045136886 nfev=310 t=552.8s remaining=1694
    iter=307 E=-2.1045249872 nfev=311 t=554.4s remaining=1693
    iter=308 E=-2.1045351462 nfev=312 t=556.1s remaining=1692
    iter=309 E=-2.1045476709 nfev=313 t=557.9s remaining=1691
    iter=310 E=-2.1045630103 nfev=314 t=559.8s remaining=1690
    iter=311 E=-2.1045759269 nfev=315 t=561.6s remaining=1689
    iter=312 E=-2.1045875607 nfev=316 t=563.4s remaining=1688
    iter=313 E=-2.1045998753 nfev=317 t=565.1s remaining=1687
    iter=314 E=-2.1046163458 nfev=318 t=566.9s remaining=1686
    iter=315 E=-2.1046315853 nfev=319 t=568.6s remaining=1685
    iter=316 E=-2.1046506615 nfev=320 t=570.3s remaining=1684
    iter=317 E=-2.1046734925 nfev=321 t=572.1s remaining=1683
    iter=318 E=-2.1046929990 nfev=322 t=574.0s remaining=1682
    iter=319 E=-2.1047083774 nfev=323 t=575.9s remaining=1681
    iter=320 E=-2.1047197098 nfev=324 t=577.7s remaining=1680
    iter=321 E=-2.1047288457 nfev=325 t=579.5s remaining=1679
    iter=322 E=-2.1047395914 nfev=326 t=581.3s remaining=1678
    iter=323 E=-2.1047522174 nfev=327 t=583.0s remaining=1677
    iter=324 E=-2.1047675042 nfev=328 t=584.9s remaining=1676
    iter=325 E=-2.1047828681 nfev=329 t=586.6s remaining=1675
    iter=326 E=-2.1047966532 nfev=330 t=588.2s remaining=1674
    iter=327 E=-2.1048094973 nfev=331 t=589.9s remaining=1673
    iter=328 E=-2.1048212450 nfev=332 t=591.8s remaining=1672
    iter=329 E=-2.1048322028 nfev=333 t=593.6s remaining=1671
    iter=330 E=-2.1048440267 nfev=334 t=595.2s remaining=1670
    iter=331 E=-2.1048568122 nfev=335 t=597.0s remaining=1669
    iter=332 E=-2.1048670858 nfev=336 t=598.6s remaining=1668
    iter=333 E=-2.1048776840 nfev=337 t=600.4s remaining=1667
    iter=334 E=-2.1048869213 nfev=338 t=602.3s remaining=1666
    iter=335 E=-2.1048962484 nfev=339 t=604.0s remaining=1665
    iter=336 E=-2.1049077039 nfev=340 t=605.9s remaining=1664
    iter=337 E=-2.1049199524 nfev=341 t=607.9s remaining=1663
    iter=338 E=-2.1049326749 nfev=342 t=609.7s remaining=1662
    iter=339 E=-2.1049447766 nfev=343 t=611.5s remaining=1661
    iter=340 E=-2.1049541737 nfev=344 t=613.4s remaining=1660
    iter=341 E=-2.1049634939 nfev=345 t=615.2s remaining=1659
    iter=342 E=-2.1049735582 nfev=346 t=616.9s remaining=1658
    iter=343 E=-2.1049836772 nfev=347 t=618.7s remaining=1657
    iter=344 E=-2.1049940859 nfev=348 t=620.3s remaining=1656
    iter=345 E=-2.1050063554 nfev=349 t=622.2s remaining=1655
    iter=346 E=-2.1050188288 nfev=350 t=623.9s remaining=1654
    iter=347 E=-2.1050346514 nfev=351 t=625.7s remaining=1653
    iter=348 E=-2.1050482833 nfev=352 t=627.4s remaining=1652
    iter=349 E=-2.1050580289 nfev=353 t=629.3s remaining=1651
    iter=350 E=-2.1050652682 nfev=354 t=630.9s remaining=1650
    iter=351 E=-2.1050726380 nfev=355 t=632.6s remaining=1649
    iter=352 E=-2.1050824167 nfev=356 t=634.3s remaining=1648
    iter=353 E=-2.1050955777 nfev=357 t=636.0s remaining=1647
    iter=354 E=-2.1051102255 nfev=358 t=637.9s remaining=1646
    iter=355 E=-2.1051234796 nfev=359 t=639.7s remaining=1645
    iter=356 E=-2.1051355622 nfev=360 t=641.5s remaining=1644
    iter=357 E=-2.1051463247 nfev=361 t=643.5s remaining=1643
    iter=358 E=-2.1051541005 nfev=362 t=645.2s remaining=1642
    iter=359 E=-2.1051616592 nfev=363 t=647.1s remaining=1641
    iter=360 E=-2.1051695220 nfev=364 t=648.8s remaining=1640
    iter=361 E=-2.1051782027 nfev=365 t=650.5s remaining=1639
    iter=362 E=-2.1051892103 nfev=366 t=652.2s remaining=1638
    iter=363 E=-2.1052002595 nfev=367 t=654.1s remaining=1637
    iter=364 E=-2.1052113644 nfev=368 t=655.9s remaining=1636
    iter=365 E=-2.1052216025 nfev=369 t=657.7s remaining=1635
    iter=366 E=-2.1052306170 nfev=370 t=659.5s remaining=1634
    iter=367 E=-2.1052393372 nfev=371 t=661.1s remaining=1633
    iter=368 E=-2.1052472230 nfev=372 t=662.9s remaining=1632
    iter=369 E=-2.1052535673 nfev=373 t=664.8s remaining=1631
    iter=370 E=-2.1052600232 nfev=374 t=666.6s remaining=1630
    iter=371 E=-2.1052674033 nfev=375 t=668.4s remaining=1629
    iter=372 E=-2.1052746134 nfev=376 t=670.2s remaining=1628
    iter=373 E=-2.1052813903 nfev=377 t=671.9s remaining=1627
    iter=374 E=-2.1052879426 nfev=378 t=673.7s remaining=1626
    iter=375 E=-2.1052947475 nfev=379 t=675.5s remaining=1625
    iter=376 E=-2.1053013936 nfev=380 t=677.3s remaining=1624
    iter=377 E=-2.1053105697 nfev=381 t=679.1s remaining=1623
    iter=378 E=-2.1053218228 nfev=382 t=681.0s remaining=1622
    iter=379 E=-2.1053278826 nfev=383 t=682.9s remaining=1621
    iter=380 E=-2.1053328872 nfev=384 t=684.6s remaining=1620
    iter=381 E=-2.1053373100 nfev=385 t=686.3s remaining=1619
    iter=382 E=-2.1053413826 nfev=386 t=688.1s remaining=1618
    iter=383 E=-2.1053472059 nfev=387 t=690.0s remaining=1617
    iter=384 E=-2.1053552256 nfev=388 t=691.7s remaining=1616
    iter=385 E=-2.1053627266 nfev=389 t=693.4s remaining=1615
    iter=386 E=-2.1053682169 nfev=390 t=695.3s remaining=1614
    iter=387 E=-2.1053736051 nfev=391 t=697.2s remaining=1613
    iter=388 E=-2.1053788107 nfev=392 t=699.5s remaining=1612
    iter=389 E=-2.1053840762 nfev=393 t=701.6s remaining=1611
    iter=390 E=-2.1053898667 nfev=394 t=703.6s remaining=1610
    iter=391 E=-2.1053945857 nfev=395 t=705.5s remaining=1609
    iter=392 E=-2.1054000537 nfev=396 t=707.4s remaining=1608
    iter=393 E=-2.1054073000 nfev=397 t=709.3s remaining=1607
    iter=394 E=-2.1054158072 nfev=398 t=711.0s remaining=1606
    iter=395 E=-2.1054229970 nfev=399 t=712.8s remaining=1605
    iter=396 E=-2.1054303342 nfev=400 t=714.5s remaining=1604
    iter=397 E=-2.1054396852 nfev=401 t=716.3s remaining=1603
    iter=398 E=-2.1054487008 nfev=402 t=718.0s remaining=1602
    iter=399 E=-2.1054578671 nfev=403 t=719.8s remaining=1601
    iter=400 E=-2.1054665795 nfev=404 t=721.5s remaining=1600
    iter=401 E=-2.1054744266 nfev=405 t=723.2s remaining=1599
    iter=402 E=-2.1054833779 nfev=406 t=725.0s remaining=1598
    iter=403 E=-2.1054935582 nfev=407 t=726.7s remaining=1597
    iter=404 E=-2.1055017830 nfev=408 t=728.4s remaining=1596
    iter=405 E=-2.1055091755 nfev=409 t=730.1s remaining=1595
    iter=406 E=-2.1055163204 nfev=410 t=731.8s remaining=1594
    iter=407 E=-2.1055230806 nfev=411 t=733.5s remaining=1593
    iter=408 E=-2.1055288682 nfev=412 t=735.4s remaining=1592
    iter=409 E=-2.1055351165 nfev=413 t=737.2s remaining=1591
    iter=410 E=-2.1055431971 nfev=414 t=738.9s remaining=1590
    iter=411 E=-2.1055488980 nfev=415 t=740.7s remaining=1589
    iter=412 E=-2.1055545036 nfev=416 t=742.5s remaining=1588
    iter=413 E=-2.1055615301 nfev=417 t=744.2s remaining=1587
    iter=414 E=-2.1055698194 nfev=418 t=746.0s remaining=1586
    iter=415 E=-2.1055778502 nfev=419 t=747.7s remaining=1585
    iter=416 E=-2.1055852042 nfev=420 t=749.5s remaining=1584
    iter=417 E=-2.1055903425 nfev=421 t=751.2s remaining=1583
    iter=418 E=-2.1055942006 nfev=422 t=752.9s remaining=1582
    iter=419 E=-2.1055992772 nfev=423 t=754.6s remaining=1581
    iter=420 E=-2.1056050646 nfev=424 t=756.5s remaining=1580
    iter=421 E=-2.1056098866 nfev=425 t=758.2s remaining=1579
    iter=422 E=-2.1056150485 nfev=426 t=759.9s remaining=1578
    iter=423 E=-2.1056214291 nfev=427 t=761.6s remaining=1577
    iter=424 E=-2.1056280797 nfev=428 t=763.4s remaining=1576
    iter=425 E=-2.1056349871 nfev=429 t=765.1s remaining=1575
    iter=426 E=-2.1056416391 nfev=430 t=766.8s remaining=1574
    iter=427 E=-2.1056475238 nfev=431 t=768.6s remaining=1573
    iter=428 E=-2.1056539766 nfev=432 t=770.3s remaining=1572
    iter=429 E=-2.1056609909 nfev=433 t=772.0s remaining=1571
    iter=430 E=-2.1056691228 nfev=434 t=773.7s remaining=1570
    iter=431 E=-2.1056756459 nfev=435 t=775.4s remaining=1569
    iter=432 E=-2.1056824279 nfev=436 t=777.2s remaining=1568
    iter=433 E=-2.1056895161 nfev=437 t=778.9s remaining=1567
    iter=434 E=-2.1056953750 nfev=438 t=780.6s remaining=1566
    iter=435 E=-2.1057020083 nfev=439 t=782.3s remaining=1565
    iter=436 E=-2.1057097558 nfev=440 t=784.0s remaining=1564
    iter=437 E=-2.1057191239 nfev=441 t=785.8s remaining=1563
    iter=438 E=-2.1057264257 nfev=442 t=787.5s remaining=1562
    iter=439 E=-2.1057314912 nfev=443 t=789.2s remaining=1561
    iter=440 E=-2.1057351767 nfev=444 t=790.9s remaining=1560
    iter=441 E=-2.1057387474 nfev=445 t=792.7s remaining=1559
    iter=442 E=-2.1057430831 nfev=446 t=794.4s remaining=1558
    iter=443 E=-2.1057477825 nfev=447 t=796.1s remaining=1557
    iter=444 E=-2.1057540555 nfev=448 t=797.8s remaining=1556
    iter=445 E=-2.1057617410 nfev=449 t=799.5s remaining=1555
    iter=446 E=-2.1057681860 nfev=450 t=801.3s remaining=1554
    iter=447 E=-2.1057749410 nfev=451 t=803.0s remaining=1553
    iter=448 E=-2.1057829863 nfev=452 t=804.7s remaining=1552
    iter=449 E=-2.1057906310 nfev=453 t=806.4s remaining=1551
    iter=450 E=-2.1057977204 nfev=454 t=808.1s remaining=1550
    iter=451 E=-2.1058035804 nfev=455 t=809.8s remaining=1549
    iter=452 E=-2.1058086464 nfev=456 t=811.6s remaining=1548
    iter=453 E=-2.1058134685 nfev=457 t=813.3s remaining=1547
    iter=454 E=-2.1058183179 nfev=458 t=815.0s remaining=1546
    iter=455 E=-2.1058228246 nfev=459 t=816.7s remaining=1545
    iter=456 E=-2.1058279685 nfev=460 t=818.4s remaining=1544
    iter=457 E=-2.1058337334 nfev=461 t=820.1s remaining=1543
    iter=458 E=-2.1058394945 nfev=462 t=821.8s remaining=1542
    iter=459 E=-2.1058442420 nfev=463 t=823.6s remaining=1541
    iter=460 E=-2.1058493636 nfev=464 t=825.3s remaining=1540
    iter=461 E=-2.1058556301 nfev=465 t=827.0s remaining=1539
    iter=462 E=-2.1058624136 nfev=466 t=828.7s remaining=1538
    iter=463 E=-2.1058677486 nfev=467 t=830.5s remaining=1537
    iter=464 E=-2.1058731808 nfev=468 t=832.5s remaining=1536
    iter=465 E=-2.1058785569 nfev=469 t=834.2s remaining=1535
    iter=466 E=-2.1058829504 nfev=470 t=836.0s remaining=1534
    iter=467 E=-2.1058882817 nfev=471 t=837.7s remaining=1533
    iter=468 E=-2.1058933592 nfev=472 t=839.4s remaining=1532
    iter=469 E=-2.1058973493 nfev=473 t=841.2s remaining=1531
    iter=470 E=-2.1059024238 nfev=474 t=842.9s remaining=1530
    iter=471 E=-2.1059083362 nfev=475 t=844.6s remaining=1529
    iter=472 E=-2.1059140178 nfev=476 t=846.3s remaining=1528
    iter=473 E=-2.1059200621 nfev=477 t=848.0s remaining=1527
    iter=474 E=-2.1059274713 nfev=478 t=849.8s remaining=1526
    iter=475 E=-2.1059325038 nfev=479 t=851.5s remaining=1525
    iter=476 E=-2.1059370686 nfev=480 t=853.2s remaining=1524
    iter=477 E=-2.1059403295 nfev=481 t=854.9s remaining=1523
    iter=478 E=-2.1059433099 nfev=482 t=856.6s remaining=1522
    iter=479 E=-2.1059474909 nfev=483 t=858.3s remaining=1521
    iter=480 E=-2.1059531387 nfev=484 t=860.1s remaining=1520
    iter=481 E=-2.1059580925 nfev=485 t=861.8s remaining=1519
    iter=482 E=-2.1059625518 nfev=486 t=863.6s remaining=1518
    iter=483 E=-2.1059667301 nfev=487 t=865.3s remaining=1517
    iter=484 E=-2.1059711309 nfev=488 t=867.1s remaining=1516
    iter=485 E=-2.1059748008 nfev=489 t=868.8s remaining=1515
    iter=486 E=-2.1059797948 nfev=490 t=870.7s remaining=1514
    iter=487 E=-2.1059854931 nfev=491 t=872.5s remaining=1513
    iter=488 E=-2.1059905373 nfev=492 t=874.3s remaining=1512
    iter=489 E=-2.1059947418 nfev=493 t=876.0s remaining=1511
    iter=490 E=-2.1059981623 nfev=494 t=877.8s remaining=1510
    iter=491 E=-2.1060020944 nfev=495 t=879.5s remaining=1509
    iter=492 E=-2.1060070237 nfev=496 t=881.3s remaining=1508
    iter=493 E=-2.1060115114 nfev=497 t=883.0s remaining=1507
    iter=494 E=-2.1060146702 nfev=498 t=884.8s remaining=1506
    iter=495 E=-2.1060186935 nfev=499 t=886.5s remaining=1505
    iter=496 E=-2.1060219082 nfev=500 t=888.3s remaining=1504
    iter=497 E=-2.1060253183 nfev=501 t=890.0s remaining=1503
    iter=498 E=-2.1060302945 nfev=502 t=891.8s remaining=1502
    iter=499 E=-2.1060367392 nfev=503 t=893.5s remaining=1501
    iter=500 E=-2.1060426273 nfev=504 t=895.3s remaining=1500
    iter=501 E=-2.1060478816 nfev=505 t=897.0s remaining=1499
    iter=502 E=-2.1060522676 nfev=506 t=898.8s remaining=1498
    iter=503 E=-2.1060553316 nfev=507 t=900.6s remaining=1497
    iter=504 E=-2.1060582925 nfev=508 t=902.5s remaining=1496
    iter=505 E=-2.1060620756 nfev=509 t=904.4s remaining=1495
    iter=506 E=-2.1060657315 nfev=510 t=906.1s remaining=1494
    iter=507 E=-2.1060696478 nfev=511 t=907.9s remaining=1493
    iter=508 E=-2.1060741563 nfev=512 t=909.6s remaining=1492
    iter=509 E=-2.1060783614 nfev=513 t=911.4s remaining=1491
    iter=510 E=-2.1060812974 nfev=514 t=913.1s remaining=1490
    iter=511 E=-2.1060841632 nfev=515 t=914.8s remaining=1489
    iter=512 E=-2.1060873001 nfev=516 t=916.6s remaining=1488
    iter=513 E=-2.1060900785 nfev=517 t=918.3s remaining=1487
    iter=514 E=-2.1060933920 nfev=518 t=920.1s remaining=1486
    iter=515 E=-2.1060967890 nfev=519 t=921.8s remaining=1485
    iter=516 E=-2.1060990493 nfev=520 t=923.5s remaining=1484
    iter=517 E=-2.1061023624 nfev=521 t=925.2s remaining=1483
    iter=518 E=-2.1061068548 nfev=522 t=927.0s remaining=1482
    iter=519 E=-2.1061098225 nfev=523 t=928.7s remaining=1481
    iter=520 E=-2.1061125186 nfev=524 t=930.6s remaining=1480
    iter=521 E=-2.1061159406 nfev=525 t=932.3s remaining=1479
    iter=522 E=-2.1061196579 nfev=526 t=934.2s remaining=1478
    iter=523 E=-2.1061227550 nfev=527 t=936.0s remaining=1477
    iter=524 E=-2.1061257092 nfev=528 t=937.7s remaining=1476
    iter=525 E=-2.1061287139 nfev=529 t=939.6s remaining=1475
    iter=526 E=-2.1061309568 nfev=530 t=941.4s remaining=1474
    iter=527 E=-2.1061327532 nfev=531 t=943.0s remaining=1473
    iter=528 E=-2.1061351065 nfev=532 t=944.8s remaining=1472
    iter=529 E=-2.1061378425 nfev=533 t=946.5s remaining=1471
    iter=530 E=-2.1061404798 nfev=534 t=948.3s remaining=1470
    iter=531 E=-2.1061436238 nfev=535 t=950.1s remaining=1469
    iter=532 E=-2.1061471535 nfev=536 t=951.8s remaining=1468
    iter=533 E=-2.1061505076 nfev=537 t=953.8s remaining=1467
    iter=534 E=-2.1061529357 nfev=538 t=955.6s remaining=1466
    iter=535 E=-2.1061556566 nfev=539 t=957.4s remaining=1465
    iter=536 E=-2.1061587555 nfev=540 t=959.1s remaining=1464
    iter=537 E=-2.1061616026 nfev=541 t=960.9s remaining=1463
    iter=538 E=-2.1061638804 nfev=542 t=962.6s remaining=1462
    iter=539 E=-2.1061659725 nfev=543 t=964.4s remaining=1461
    iter=540 E=-2.1061679843 nfev=544 t=966.2s remaining=1460
    iter=541 E=-2.1061699109 nfev=545 t=968.1s remaining=1459
    iter=542 E=-2.1061717833 nfev=546 t=969.8s remaining=1458
    iter=543 E=-2.1061736121 nfev=547 t=971.6s remaining=1457
    iter=544 E=-2.1061756024 nfev=548 t=973.5s remaining=1456
    iter=545 E=-2.1061784842 nfev=549 t=975.2s remaining=1455
    iter=546 E=-2.1061818225 nfev=550 t=976.9s remaining=1454
    iter=547 E=-2.1061849993 nfev=551 t=978.7s remaining=1453
    iter=548 E=-2.1061882547 nfev=552 t=980.4s remaining=1452
    iter=549 E=-2.1061915918 nfev=553 t=982.2s remaining=1451
    iter=550 E=-2.1061946607 nfev=554 t=984.0s remaining=1450
    iter=551 E=-2.1061970094 nfev=555 t=985.7s remaining=1449
    iter=552 E=-2.1061991343 nfev=556 t=987.5s remaining=1448
    iter=553 E=-2.1062011838 nfev=557 t=989.2s remaining=1447
    iter=554 E=-2.1062031162 nfev=558 t=991.0s remaining=1446
    iter=555 E=-2.1062049817 nfev=559 t=992.7s remaining=1445
    iter=556 E=-2.1062071659 nfev=560 t=994.6s remaining=1444
    iter=557 E=-2.1062092309 nfev=561 t=996.4s remaining=1443
    iter=558 E=-2.1062114544 nfev=562 t=998.2s remaining=1442
    iter=559 E=-2.1062140846 nfev=563 t=1000.0s remaining=1441
    iter=560 E=-2.1062164293 nfev=564 t=1001.7s remaining=1440
    iter=561 E=-2.1062183713 nfev=565 t=1003.4s remaining=1439
    iter=562 E=-2.1062205875 nfev=566 t=1005.4s remaining=1438
    iter=563 E=-2.1062236237 nfev=567 t=1007.2s remaining=1437
    iter=564 E=-2.1062272959 nfev=568 t=1009.1s remaining=1436
    iter=565 E=-2.1062302740 nfev=569 t=1010.9s remaining=1435
    iter=566 E=-2.1062323751 nfev=570 t=1012.7s remaining=1434
    iter=567 E=-2.1062340620 nfev=571 t=1014.4s remaining=1433
    iter=568 E=-2.1062358032 nfev=572 t=1016.2s remaining=1432
    iter=569 E=-2.1062374633 nfev=573 t=1018.1s remaining=1431
    iter=570 E=-2.1062396129 nfev=574 t=1019.9s remaining=1430
    iter=571 E=-2.1062415201 nfev=575 t=1021.6s remaining=1429
    iter=572 E=-2.1062435859 nfev=576 t=1023.5s remaining=1428
    iter=573 E=-2.1062458092 nfev=577 t=1025.2s remaining=1427
    iter=574 E=-2.1062480048 nfev=578 t=1026.9s remaining=1426
    iter=575 E=-2.1062499111 nfev=579 t=1028.7s remaining=1425
    iter=576 E=-2.1062522713 nfev=580 t=1030.4s remaining=1424
    iter=577 E=-2.1062546734 nfev=581 t=1032.1s remaining=1423
    iter=578 E=-2.1062573817 nfev=582 t=1033.9s remaining=1422
    iter=579 E=-2.1062607947 nfev=583 t=1035.6s remaining=1421
    iter=580 E=-2.1062642654 nfev=584 t=1037.3s remaining=1420
    iter=581 E=-2.1062668701 nfev=585 t=1039.1s remaining=1419
    iter=582 E=-2.1062688598 nfev=586 t=1040.8s remaining=1418
    iter=583 E=-2.1062706122 nfev=587 t=1042.5s remaining=1417
    iter=584 E=-2.1062722079 nfev=588 t=1044.3s remaining=1416
    iter=585 E=-2.1062738239 nfev=589 t=1046.0s remaining=1415
    iter=586 E=-2.1062755812 nfev=590 t=1047.8s remaining=1414
    iter=587 E=-2.1062774336 nfev=591 t=1049.5s remaining=1413
    iter=588 E=-2.1062794288 nfev=592 t=1051.3s remaining=1412
    iter=589 E=-2.1062815364 nfev=593 t=1053.0s remaining=1411
    iter=590 E=-2.1062838465 nfev=594 t=1054.8s remaining=1410
    iter=591 E=-2.1062864098 nfev=595 t=1056.5s remaining=1409
    iter=592 E=-2.1062890220 nfev=596 t=1058.3s remaining=1408
    iter=593 E=-2.1062914454 nfev=597 t=1060.0s remaining=1407
    iter=594 E=-2.1062940543 nfev=598 t=1061.8s remaining=1406
    iter=595 E=-2.1062969838 nfev=599 t=1063.5s remaining=1405
    iter=596 E=-2.1062995516 nfev=600 t=1065.3s remaining=1404
    iter=597 E=-2.1063014960 nfev=601 t=1067.0s remaining=1403
    iter=598 E=-2.1063032881 nfev=602 t=1068.8s remaining=1402
    iter=599 E=-2.1063049837 nfev=603 t=1070.6s remaining=1401
    iter=600 E=-2.1063065503 nfev=604 t=1072.3s remaining=1400
    iter=601 E=-2.1063088206 nfev=605 t=1074.1s remaining=1399
    iter=602 E=-2.1063112354 nfev=606 t=1075.9s remaining=1398
    iter=603 E=-2.1063130045 nfev=607 t=1077.7s remaining=1397
    iter=604 E=-2.1063145227 nfev=608 t=1079.5s remaining=1396
    iter=605 E=-2.1063157108 nfev=609 t=1081.3s remaining=1395
    iter=606 E=-2.1063168089 nfev=610 t=1083.1s remaining=1394
    iter=607 E=-2.1063181376 nfev=611 t=1084.9s remaining=1393
    iter=608 E=-2.1063197820 nfev=612 t=1086.6s remaining=1392
    iter=609 E=-2.1063219249 nfev=613 t=1088.3s remaining=1391
    iter=610 E=-2.1063244052 nfev=614 t=1090.2s remaining=1390
    iter=611 E=-2.1063270667 nfev=615 t=1092.0s remaining=1389
    iter=612 E=-2.1063297506 nfev=616 t=1093.7s remaining=1388
    iter=613 E=-2.1063323720 nfev=617 t=1095.5s remaining=1387
    iter=614 E=-2.1063349235 nfev=618 t=1097.4s remaining=1386
    iter=615 E=-2.1063367553 nfev=619 t=1099.3s remaining=1385
    iter=616 E=-2.1063378019 nfev=620 t=1101.1s remaining=1384
    iter=617 E=-2.1063387279 nfev=621 t=1102.8s remaining=1383
    iter=618 E=-2.1063399930 nfev=622 t=1104.6s remaining=1382
    iter=619 E=-2.1063419669 nfev=623 t=1106.4s remaining=1381
    iter=620 E=-2.1063447975 nfev=624 t=1108.1s remaining=1380
    iter=621 E=-2.1063477741 nfev=625 t=1109.7s remaining=1379
    iter=622 E=-2.1063501827 nfev=626 t=1111.4s remaining=1378
    iter=623 E=-2.1063527309 nfev=627 t=1113.1s remaining=1377
    iter=624 E=-2.1063551700 nfev=628 t=1115.0s remaining=1376
    iter=625 E=-2.1063569814 nfev=629 t=1116.7s remaining=1375
    iter=626 E=-2.1063590421 nfev=630 t=1118.5s remaining=1374
    iter=627 E=-2.1063604697 nfev=631 t=1120.2s remaining=1373
    iter=628 E=-2.1063620399 nfev=632 t=1122.0s remaining=1372
    iter=629 E=-2.1063637818 nfev=633 t=1123.7s remaining=1371
    iter=630 E=-2.1063650815 nfev=634 t=1125.3s remaining=1370
    iter=631 E=-2.1063665061 nfev=635 t=1127.0s remaining=1369
    iter=632 E=-2.1063684541 nfev=636 t=1128.8s remaining=1368
    iter=633 E=-2.1063702767 nfev=637 t=1130.5s remaining=1367
    iter=634 E=-2.1063723352 nfev=638 t=1132.4s remaining=1366
    iter=635 E=-2.1063744627 nfev=639 t=1134.2s remaining=1365
    iter=636 E=-2.1063763692 nfev=640 t=1136.0s remaining=1364
    iter=637 E=-2.1063780391 nfev=641 t=1137.9s remaining=1363
    iter=638 E=-2.1063796160 nfev=642 t=1139.7s remaining=1362
    iter=639 E=-2.1063811918 nfev=643 t=1141.5s remaining=1361
    iter=640 E=-2.1063824931 nfev=644 t=1143.3s remaining=1360
    iter=641 E=-2.1063840821 nfev=645 t=1145.0s remaining=1359
    iter=642 E=-2.1063857266 nfev=646 t=1146.9s remaining=1358
    iter=643 E=-2.1063873566 nfev=647 t=1148.8s remaining=1357
    iter=644 E=-2.1063889710 nfev=648 t=1150.6s remaining=1356
    iter=645 E=-2.1063903875 nfev=649 t=1152.4s remaining=1355
    iter=646 E=-2.1063917198 nfev=650 t=1154.1s remaining=1354
    iter=647 E=-2.1063932583 nfev=651 t=1155.9s remaining=1353
    iter=648 E=-2.1063947107 nfev=652 t=1157.7s remaining=1352
    iter=649 E=-2.1063961937 nfev=653 t=1159.4s remaining=1351
    iter=650 E=-2.1063977331 nfev=654 t=1161.1s remaining=1350
    iter=651 E=-2.1063990598 nfev=655 t=1162.9s remaining=1349
    iter=652 E=-2.1064006754 nfev=656 t=1164.7s remaining=1348
    iter=653 E=-2.1064028140 nfev=657 t=1166.4s remaining=1347
    iter=654 E=-2.1064054406 nfev=658 t=1168.1s remaining=1346
    iter=655 E=-2.1064077319 nfev=659 t=1169.9s remaining=1345
    iter=656 E=-2.1064090504 nfev=660 t=1171.7s remaining=1344
    iter=657 E=-2.1064100891 nfev=661 t=1173.6s remaining=1343
    iter=658 E=-2.1064112425 nfev=662 t=1175.4s remaining=1342
    iter=659 E=-2.1064125469 nfev=663 t=1177.2s remaining=1341
    iter=660 E=-2.1064140287 nfev=664 t=1178.9s remaining=1340
    iter=661 E=-2.1064150521 nfev=665 t=1180.8s remaining=1339
    iter=662 E=-2.1064164776 nfev=666 t=1182.6s remaining=1338
    iter=663 E=-2.1064180456 nfev=667 t=1184.4s remaining=1337
    iter=664 E=-2.1064195640 nfev=668 t=1186.3s remaining=1336
    iter=665 E=-2.1064215241 nfev=669 t=1188.2s remaining=1335
    iter=666 E=-2.1064232090 nfev=670 t=1190.4s remaining=1334
    iter=667 E=-2.1064246242 nfev=671 t=1192.6s remaining=1333
    iter=668 E=-2.1064260153 nfev=672 t=1194.7s remaining=1332
    iter=669 E=-2.1064274429 nfev=673 t=1197.1s remaining=1331
    iter=670 E=-2.1064289024 nfev=674 t=1199.0s remaining=1330
    iter=671 E=-2.1064301379 nfev=675 t=1200.9s remaining=1329
    iter=672 E=-2.1064310319 nfev=676 t=1202.6s remaining=1328
    iter=673 E=-2.1064318685 nfev=677 t=1204.4s remaining=1327
    iter=674 E=-2.1064327823 nfev=678 t=1206.2s remaining=1326
    iter=675 E=-2.1064336664 nfev=679 t=1207.9s remaining=1325
    iter=676 E=-2.1064345478 nfev=680 t=1209.7s remaining=1324
    iter=677 E=-2.1064354647 nfev=681 t=1211.4s remaining=1323
    iter=678 E=-2.1064365121 nfev=682 t=1213.1s remaining=1322
    iter=679 E=-2.1064378934 nfev=683 t=1214.8s remaining=1321
    iter=680 E=-2.1064398419 nfev=684 t=1216.7s remaining=1320
    iter=681 E=-2.1064420538 nfev=685 t=1218.6s remaining=1319
    iter=682 E=-2.1064436213 nfev=686 t=1220.4s remaining=1318
    iter=683 E=-2.1064448763 nfev=687 t=1222.2s remaining=1317
    iter=684 E=-2.1064457697 nfev=688 t=1224.0s remaining=1316
    iter=685 E=-2.1064464997 nfev=689 t=1225.9s remaining=1315
    iter=686 E=-2.1064473041 nfev=690 t=1227.7s remaining=1314
    iter=687 E=-2.1064484143 nfev=691 t=1229.4s remaining=1313
    iter=688 E=-2.1064496270 nfev=692 t=1231.3s remaining=1312
    iter=689 E=-2.1064511146 nfev=693 t=1233.1s remaining=1311
    iter=690 E=-2.1064528757 nfev=694 t=1234.9s remaining=1310
    iter=691 E=-2.1064545413 nfev=695 t=1236.7s remaining=1309
    iter=692 E=-2.1064561875 nfev=696 t=1238.4s remaining=1308
    iter=693 E=-2.1064583095 nfev=697 t=1240.1s remaining=1307
    iter=694 E=-2.1064605083 nfev=698 t=1242.1s remaining=1306
    iter=695 E=-2.1064620003 nfev=699 t=1243.8s remaining=1305
    iter=696 E=-2.1064631124 nfev=700 t=1245.5s remaining=1304
    iter=697 E=-2.1064641514 nfev=701 t=1247.3s remaining=1303
    iter=698 E=-2.1064654243 nfev=702 t=1249.0s remaining=1302
    iter=699 E=-2.1064668432 nfev=703 t=1250.7s remaining=1301
    iter=700 E=-2.1064681607 nfev=704 t=1252.5s remaining=1300
    iter=701 E=-2.1064692543 nfev=705 t=1254.3s remaining=1299
    iter=702 E=-2.1064703207 nfev=706 t=1256.1s remaining=1298
    iter=703 E=-2.1064713195 nfev=707 t=1258.0s remaining=1297
    iter=704 E=-2.1064723243 nfev=708 t=1259.8s remaining=1296
    iter=705 E=-2.1064732717 nfev=709 t=1261.8s remaining=1295
    iter=706 E=-2.1064742995 nfev=710 t=1263.8s remaining=1294
    iter=707 E=-2.1064754202 nfev=711 t=1265.7s remaining=1293
    iter=708 E=-2.1064764823 nfev=712 t=1267.5s remaining=1292
    iter=709 E=-2.1064775903 nfev=713 t=1269.4s remaining=1291
    iter=710 E=-2.1064790229 nfev=714 t=1271.3s remaining=1290
    iter=711 E=-2.1064802643 nfev=715 t=1273.3s remaining=1289
    iter=712 E=-2.1064812925 nfev=716 t=1275.3s remaining=1288
    iter=713 E=-2.1064823340 nfev=717 t=1277.1s remaining=1287
    iter=714 E=-2.1064833691 nfev=718 t=1278.9s remaining=1286
    iter=715 E=-2.1064844392 nfev=719 t=1280.7s remaining=1285
    iter=716 E=-2.1064856456 nfev=720 t=1282.5s remaining=1284
    iter=717 E=-2.1064869909 nfev=721 t=1284.2s remaining=1283
    iter=718 E=-2.1064884355 nfev=722 t=1286.0s remaining=1282
    iter=719 E=-2.1064899107 nfev=723 t=1287.7s remaining=1281
    iter=720 E=-2.1064914980 nfev=724 t=1289.5s remaining=1280
    iter=721 E=-2.1064930688 nfev=725 t=1291.2s remaining=1279
    iter=722 E=-2.1064944244 nfev=726 t=1293.0s remaining=1278
    iter=723 E=-2.1064955941 nfev=727 t=1294.7s remaining=1277
    iter=724 E=-2.1064966117 nfev=728 t=1296.3s remaining=1276
    iter=725 E=-2.1064974453 nfev=729 t=1298.1s remaining=1275
    iter=726 E=-2.1064980524 nfev=730 t=1299.8s remaining=1274
    iter=727 E=-2.1064986856 nfev=731 t=1301.5s remaining=1273
    iter=728 E=-2.1064994172 nfev=732 t=1303.2s remaining=1272
    iter=729 E=-2.1065001378 nfev=733 t=1305.1s remaining=1271
    iter=730 E=-2.1065012229 nfev=734 t=1306.9s remaining=1270
    iter=731 E=-2.1065028336 nfev=735 t=1308.7s remaining=1269
    iter=732 E=-2.1065047726 nfev=736 t=1310.4s remaining=1268
    iter=733 E=-2.1065062255 nfev=737 t=1312.2s remaining=1267
    iter=734 E=-2.1065077906 nfev=738 t=1314.0s remaining=1266
    iter=735 E=-2.1065092177 nfev=739 t=1315.8s remaining=1265
    iter=736 E=-2.1065100097 nfev=740 t=1317.5s remaining=1264
    iter=737 E=-2.1065107783 nfev=741 t=1319.3s remaining=1263
    iter=738 E=-2.1065114913 nfev=742 t=1321.3s remaining=1262
    iter=739 E=-2.1065120860 nfev=743 t=1323.1s remaining=1261
    iter=740 E=-2.1065128227 nfev=744 t=1324.8s remaining=1260
    iter=741 E=-2.1065135773 nfev=745 t=1326.7s remaining=1259
    iter=742 E=-2.1065143329 nfev=746 t=1328.4s remaining=1258
    iter=743 E=-2.1065152817 nfev=747 t=1330.1s remaining=1257
    iter=744 E=-2.1065162297 nfev=748 t=1331.8s remaining=1256
    iter=745 E=-2.1065171870 nfev=749 t=1333.6s remaining=1255
    iter=746 E=-2.1065183291 nfev=750 t=1335.3s remaining=1254
    iter=747 E=-2.1065196550 nfev=751 t=1337.1s remaining=1253
    iter=748 E=-2.1065208992 nfev=752 t=1339.1s remaining=1252
    iter=749 E=-2.1065221477 nfev=753 t=1341.1s remaining=1251
    iter=750 E=-2.1065232426 nfev=754 t=1342.8s remaining=1250
    iter=751 E=-2.1065242102 nfev=755 t=1344.6s remaining=1249
    iter=752 E=-2.1065250472 nfev=756 t=1346.3s remaining=1248
    iter=753 E=-2.1065257210 nfev=757 t=1348.1s remaining=1247
    iter=754 E=-2.1065263122 nfev=758 t=1350.0s remaining=1246
    iter=755 E=-2.1065270097 nfev=759 t=1351.7s remaining=1245
    iter=756 E=-2.1065279417 nfev=760 t=1353.5s remaining=1244
    iter=757 E=-2.1065291592 nfev=761 t=1355.1s remaining=1243
    iter=758 E=-2.1065304577 nfev=762 t=1356.8s remaining=1242
    iter=759 E=-2.1065315744 nfev=763 t=1358.5s remaining=1241
    iter=760 E=-2.1065324880 nfev=764 t=1360.2s remaining=1240
    iter=761 E=-2.1065332118 nfev=765 t=1361.9s remaining=1239
    iter=762 E=-2.1065340289 nfev=766 t=1363.6s remaining=1238
    iter=763 E=-2.1065350770 nfev=767 t=1365.4s remaining=1237
    iter=764 E=-2.1065361150 nfev=768 t=1367.2s remaining=1236
    iter=765 E=-2.1065372261 nfev=769 t=1369.0s remaining=1235
    iter=766 E=-2.1065384532 nfev=770 t=1370.8s remaining=1234
    iter=767 E=-2.1065394276 nfev=771 t=1372.5s remaining=1233
    iter=768 E=-2.1065402564 nfev=772 t=1374.1s remaining=1232
    iter=769 E=-2.1065409747 nfev=773 t=1375.8s remaining=1231
    iter=770 E=-2.1065414642 nfev=774 t=1377.6s remaining=1230
    iter=771 E=-2.1065421766 nfev=775 t=1379.3s remaining=1229
    iter=772 E=-2.1065429269 nfev=776 t=1381.0s remaining=1228
    iter=773 E=-2.1065437682 nfev=777 t=1382.9s remaining=1227
    iter=774 E=-2.1065448974 nfev=778 t=1384.9s remaining=1226
    iter=775 E=-2.1065462490 nfev=779 t=1386.7s remaining=1225
    iter=776 E=-2.1065474671 nfev=780 t=1388.5s remaining=1224
    iter=777 E=-2.1065486129 nfev=781 t=1390.3s remaining=1223
    iter=778 E=-2.1065495744 nfev=782 t=1392.0s remaining=1222
    iter=779 E=-2.1065503642 nfev=783 t=1393.8s remaining=1221
    iter=780 E=-2.1065508807 nfev=784 t=1395.6s remaining=1220
    iter=781 E=-2.1065515604 nfev=785 t=1397.4s remaining=1219
    iter=782 E=-2.1065521584 nfev=786 t=1399.3s remaining=1218
    iter=783 E=-2.1065527777 nfev=787 t=1401.0s remaining=1217
    iter=784 E=-2.1065534842 nfev=788 t=1402.8s remaining=1216
    iter=785 E=-2.1065541622 nfev=789 t=1404.8s remaining=1215
    iter=786 E=-2.1065548551 nfev=790 t=1406.8s remaining=1214
    iter=787 E=-2.1065556018 nfev=791 t=1408.7s remaining=1213
    iter=788 E=-2.1065562422 nfev=792 t=1410.5s remaining=1212
    iter=789 E=-2.1065571243 nfev=793 t=1412.3s remaining=1211
    iter=790 E=-2.1065582498 nfev=794 t=1414.2s remaining=1210
    iter=791 E=-2.1065593523 nfev=795 t=1415.9s remaining=1209
    iter=792 E=-2.1065605563 nfev=796 t=1417.6s remaining=1208
    iter=793 E=-2.1065617238 nfev=797 t=1419.3s remaining=1207
    iter=794 E=-2.1065626442 nfev=798 t=1421.0s remaining=1206
    iter=795 E=-2.1065633750 nfev=799 t=1422.8s remaining=1205
    iter=796 E=-2.1065639707 nfev=800 t=1424.6s remaining=1204
    iter=797 E=-2.1065644851 nfev=801 t=1426.5s remaining=1203
    iter=798 E=-2.1065649332 nfev=802 t=1428.3s remaining=1202
    iter=799 E=-2.1065653070 nfev=803 t=1430.0s remaining=1201
    iter=800 E=-2.1065656347 nfev=804 t=1431.7s remaining=1200
    iter=801 E=-2.1065660996 nfev=805 t=1433.4s remaining=1199
    iter=802 E=-2.1065667374 nfev=806 t=1435.1s remaining=1198
    iter=803 E=-2.1065676399 nfev=807 t=1436.9s remaining=1197
    iter=804 E=-2.1065688149 nfev=808 t=1438.7s remaining=1196
    iter=805 E=-2.1065699714 nfev=809 t=1440.5s remaining=1195
    iter=806 E=-2.1065710028 nfev=810 t=1442.7s remaining=1194
    iter=807 E=-2.1065719369 nfev=811 t=1444.6s remaining=1193
    iter=808 E=-2.1065727079 nfev=812 t=1446.3s remaining=1192
    iter=809 E=-2.1065733162 nfev=813 t=1448.2s remaining=1191
    iter=810 E=-2.1065738426 nfev=814 t=1449.9s remaining=1190
    iter=811 E=-2.1065742808 nfev=815 t=1451.7s remaining=1189
    iter=812 E=-2.1065747513 nfev=816 t=1453.5s remaining=1188
    iter=813 E=-2.1065752045 nfev=817 t=1455.2s remaining=1187
    iter=814 E=-2.1065757234 nfev=818 t=1457.0s remaining=1186
    iter=815 E=-2.1065762903 nfev=819 t=1458.7s remaining=1185
    iter=816 E=-2.1065769390 nfev=820 t=1460.5s remaining=1184
    iter=817 E=-2.1065778024 nfev=821 t=1462.4s remaining=1183
    iter=818 E=-2.1065789098 nfev=822 t=1464.1s remaining=1182
    iter=819 E=-2.1065802290 nfev=823 t=1465.8s remaining=1181
    iter=820 E=-2.1065814959 nfev=824 t=1467.5s remaining=1180
    iter=821 E=-2.1065824949 nfev=825 t=1469.3s remaining=1179
    iter=822 E=-2.1065832612 nfev=826 t=1471.1s remaining=1178
    iter=823 E=-2.1065837882 nfev=827 t=1472.8s remaining=1177
    iter=824 E=-2.1065841090 nfev=828 t=1474.9s remaining=1176
    iter=825 E=-2.1065843060 nfev=829 t=1476.7s remaining=1175
    iter=826 E=-2.1065844815 nfev=830 t=1478.6s remaining=1174
    iter=827 E=-2.1065846920 nfev=831 t=1480.4s remaining=1173
    iter=828 E=-2.1065849896 nfev=832 t=1482.2s remaining=1172
    iter=829 E=-2.1065853959 nfev=833 t=1483.9s remaining=1171
    iter=830 E=-2.1065859021 nfev=834 t=1485.6s remaining=1170
    iter=831 E=-2.1065865154 nfev=835 t=1487.3s remaining=1169
    iter=832 E=-2.1065873611 nfev=836 t=1489.0s remaining=1168
    iter=833 E=-2.1065884024 nfev=837 t=1490.7s remaining=1167
    iter=834 E=-2.1065895261 nfev=838 t=1492.4s remaining=1166
    iter=835 E=-2.1065905522 nfev=839 t=1494.1s remaining=1165
    iter=836 E=-2.1065910034 nfev=840 t=1495.8s remaining=1164
    iter=837 E=-2.1065912874 nfev=841 t=1497.5s remaining=1163
    iter=838 E=-2.1065915026 nfev=842 t=1499.1s remaining=1162
    iter=839 E=-2.1065917348 nfev=843 t=1500.9s remaining=1161
    iter=840 E=-2.1065920391 nfev=844 t=1502.6s remaining=1160
    iter=841 E=-2.1065925188 nfev=845 t=1504.3s remaining=1159
    iter=842 E=-2.1065931630 nfev=846 t=1506.0s remaining=1158
    iter=843 E=-2.1065937035 nfev=847 t=1507.7s remaining=1157
    iter=844 E=-2.1065944701 nfev=848 t=1509.3s remaining=1156
    iter=845 E=-2.1065953703 nfev=849 t=1511.0s remaining=1155
    iter=846 E=-2.1065963851 nfev=850 t=1512.7s remaining=1154
    iter=847 E=-2.1065973974 nfev=851 t=1514.7s remaining=1153
    iter=848 E=-2.1065981726 nfev=852 t=1516.6s remaining=1152
    iter=849 E=-2.1065986074 nfev=853 t=1518.2s remaining=1151
    iter=850 E=-2.1065988964 nfev=854 t=1520.0s remaining=1150
    iter=851 E=-2.1065991496 nfev=855 t=1521.7s remaining=1149
    iter=852 E=-2.1065994120 nfev=856 t=1523.5s remaining=1148
    iter=853 E=-2.1065997844 nfev=857 t=1525.4s remaining=1147
    iter=854 E=-2.1066002901 nfev=858 t=1527.2s remaining=1146
    iter=855 E=-2.1066008474 nfev=859 t=1528.9s remaining=1145
    iter=856 E=-2.1066014567 nfev=860 t=1530.6s remaining=1144
    iter=857 E=-2.1066021844 nfev=861 t=1532.3s remaining=1143
    iter=858 E=-2.1066031094 nfev=862 t=1534.2s remaining=1142
    iter=859 E=-2.1066039477 nfev=863 t=1535.9s remaining=1141
    iter=860 E=-2.1066047004 nfev=864 t=1537.6s remaining=1140
    iter=861 E=-2.1066052005 nfev=865 t=1539.3s remaining=1139
    iter=862 E=-2.1066055158 nfev=866 t=1541.1s remaining=1138
    iter=863 E=-2.1066057615 nfev=867 t=1542.8s remaining=1137
    iter=864 E=-2.1066060217 nfev=868 t=1544.5s remaining=1136
    iter=865 E=-2.1066063270 nfev=869 t=1546.3s remaining=1135
    iter=866 E=-2.1066066837 nfev=870 t=1548.1s remaining=1134
    iter=867 E=-2.1066071511 nfev=871 t=1549.9s remaining=1133
    iter=868 E=-2.1066077794 nfev=872 t=1551.7s remaining=1132
    iter=869 E=-2.1066085371 nfev=873 t=1553.6s remaining=1131
    iter=870 E=-2.1066094669 nfev=874 t=1555.6s remaining=1130
    iter=871 E=-2.1066104956 nfev=875 t=1557.2s remaining=1129
    iter=872 E=-2.1066112827 nfev=876 t=1558.9s remaining=1128
    iter=873 E=-2.1066118405 nfev=877 t=1560.7s remaining=1127
    iter=874 E=-2.1066122618 nfev=878 t=1562.4s remaining=1126
    iter=875 E=-2.1066126209 nfev=879 t=1564.4s remaining=1125
    iter=876 E=-2.1066129608 nfev=880 t=1566.1s remaining=1124
    iter=877 E=-2.1066132999 nfev=881 t=1567.8s remaining=1123
    iter=878 E=-2.1066135235 nfev=882 t=1569.5s remaining=1122
    iter=879 E=-2.1066137349 nfev=883 t=1571.2s remaining=1121
    iter=880 E=-2.1066140142 nfev=884 t=1572.9s remaining=1120
    iter=881 E=-2.1066144174 nfev=885 t=1574.6s remaining=1119
    iter=882 E=-2.1066149398 nfev=886 t=1576.4s remaining=1118
    iter=883 E=-2.1066155268 nfev=887 t=1578.1s remaining=1117
    iter=884 E=-2.1066162067 nfev=888 t=1579.9s remaining=1116
    iter=885 E=-2.1066169637 nfev=889 t=1581.7s remaining=1115
    iter=886 E=-2.1066177498 nfev=890 t=1583.4s remaining=1114
    iter=887 E=-2.1066185601 nfev=891 t=1585.1s remaining=1113
    iter=888 E=-2.1066191348 nfev=892 t=1586.9s remaining=1112
    iter=889 E=-2.1066195739 nfev=893 t=1588.8s remaining=1111
    iter=890 E=-2.1066199726 nfev=894 t=1590.7s remaining=1110
    iter=891 E=-2.1066202876 nfev=895 t=1592.5s remaining=1109
    iter=892 E=-2.1066205662 nfev=896 t=1594.3s remaining=1108
    iter=893 E=-2.1066208195 nfev=897 t=1596.1s remaining=1107
    iter=894 E=-2.1066210074 nfev=898 t=1597.8s remaining=1106
    iter=895 E=-2.1066211839 nfev=899 t=1599.5s remaining=1105
    iter=896 E=-2.1066214381 nfev=900 t=1601.2s remaining=1104
    iter=897 E=-2.1066218111 nfev=901 t=1602.9s remaining=1103
    iter=898 E=-2.1066223888 nfev=902 t=1604.7s remaining=1102
    iter=899 E=-2.1066232869 nfev=903 t=1606.4s remaining=1101
    iter=900 E=-2.1066244969 nfev=904 t=1608.2s remaining=1100
    iter=901 E=-2.1066254316 nfev=905 t=1610.0s remaining=1099
    iter=902 E=-2.1066261342 nfev=906 t=1611.8s remaining=1098
    iter=903 E=-2.1066266807 nfev=907 t=1613.6s remaining=1097
    iter=904 E=-2.1066271272 nfev=908 t=1615.3s remaining=1096
    iter=905 E=-2.1066275253 nfev=909 t=1617.0s remaining=1095
    iter=906 E=-2.1066279117 nfev=910 t=1618.8s remaining=1094
    iter=907 E=-2.1066282001 nfev=911 t=1620.7s remaining=1093
    iter=908 E=-2.1066285460 nfev=912 t=1622.4s remaining=1092
    iter=909 E=-2.1066290039 nfev=913 t=1624.0s remaining=1091
    iter=910 E=-2.1066292886 nfev=914 t=1625.8s remaining=1090
    iter=911 E=-2.1066295994 nfev=915 t=1627.5s remaining=1089
    iter=912 E=-2.1066299125 nfev=916 t=1629.2s remaining=1088
    iter=913 E=-2.1066301688 nfev=917 t=1631.0s remaining=1087
    iter=914 E=-2.1066304704 nfev=918 t=1632.7s remaining=1086
    iter=915 E=-2.1066309012 nfev=919 t=1634.4s remaining=1085
    iter=916 E=-2.1066315173 nfev=920 t=1636.2s remaining=1084
    iter=917 E=-2.1066323130 nfev=921 t=1637.9s remaining=1083
    iter=918 E=-2.1066330727 nfev=922 t=1639.7s remaining=1082
    iter=919 E=-2.1066338435 nfev=923 t=1641.6s remaining=1081
    iter=920 E=-2.1066344016 nfev=924 t=1643.5s remaining=1080
    iter=921 E=-2.1066348118 nfev=925 t=1645.2s remaining=1079
    iter=922 E=-2.1066351406 nfev=926 t=1646.9s remaining=1078
    iter=923 E=-2.1066353712 nfev=927 t=1648.5s remaining=1077
    iter=924 E=-2.1066355397 nfev=928 t=1650.2s remaining=1076
    iter=925 E=-2.1066357245 nfev=929 t=1651.9s remaining=1075
    iter=926 E=-2.1066359960 nfev=930 t=1653.8s remaining=1074
    iter=927 E=-2.1066363682 nfev=931 t=1655.6s remaining=1073
    iter=928 E=-2.1066368877 nfev=932 t=1657.4s remaining=1072
    iter=929 E=-2.1066375300 nfev=933 t=1659.1s remaining=1071
    iter=930 E=-2.1066383965 nfev=934 t=1660.8s remaining=1070
    iter=931 E=-2.1066396424 nfev=935 t=1662.6s remaining=1069
    iter=932 E=-2.1066409774 nfev=936 t=1664.4s remaining=1068
    iter=933 E=-2.1066416478 nfev=937 t=1666.2s remaining=1067
    iter=934 E=-2.1066422973 nfev=938 t=1668.0s remaining=1066
    iter=935 E=-2.1066427418 nfev=939 t=1669.8s remaining=1065
    iter=936 E=-2.1066431221 nfev=940 t=1671.6s remaining=1064
    iter=937 E=-2.1066435011 nfev=941 t=1673.5s remaining=1063
    iter=938 E=-2.1066438576 nfev=942 t=1675.3s remaining=1062
    iter=939 E=-2.1066441323 nfev=943 t=1677.1s remaining=1061
    iter=940 E=-2.1066444100 nfev=944 t=1678.9s remaining=1060
    iter=941 E=-2.1066447106 nfev=945 t=1680.7s remaining=1059
    iter=942 E=-2.1066450098 nfev=946 t=1682.5s remaining=1058
    iter=943 E=-2.1066454095 nfev=947 t=1684.2s remaining=1057
    iter=944 E=-2.1066459735 nfev=948 t=1686.3s remaining=1056
    iter=945 E=-2.1066466663 nfev=949 t=1688.4s remaining=1055
    iter=946 E=-2.1066473260 nfev=950 t=1690.3s remaining=1054
    iter=947 E=-2.1066481053 nfev=951 t=1692.2s remaining=1053
    iter=948 E=-2.1066488858 nfev=952 t=1693.9s remaining=1052
    iter=949 E=-2.1066496480 nfev=953 t=1695.7s remaining=1051
    iter=950 E=-2.1066503575 nfev=954 t=1697.5s remaining=1050
    iter=951 E=-2.1066509783 nfev=955 t=1699.2s remaining=1049
    iter=952 E=-2.1066515132 nfev=956 t=1701.0s remaining=1048
    iter=953 E=-2.1066519072 nfev=957 t=1702.8s remaining=1047
    iter=954 E=-2.1066522618 nfev=958 t=1704.6s remaining=1046
    iter=955 E=-2.1066526380 nfev=959 t=1706.3s remaining=1045
    iter=956 E=-2.1066529742 nfev=960 t=1708.1s remaining=1044
    iter=957 E=-2.1066532550 nfev=961 t=1709.9s remaining=1043
    iter=958 E=-2.1066535083 nfev=962 t=1711.8s remaining=1042
    iter=959 E=-2.1066537493 nfev=963 t=1713.5s remaining=1041
    iter=960 E=-2.1066539459 nfev=964 t=1715.3s remaining=1040
    iter=961 E=-2.1066542008 nfev=965 t=1717.2s remaining=1039
    iter=962 E=-2.1066545474 nfev=966 t=1719.2s remaining=1038
    iter=963 E=-2.1066550142 nfev=967 t=1721.2s remaining=1037
    iter=964 E=-2.1066555456 nfev=968 t=1723.2s remaining=1036
    iter=965 E=-2.1066561062 nfev=969 t=1725.1s remaining=1035
    iter=966 E=-2.1066567628 nfev=970 t=1727.0s remaining=1034
    iter=967 E=-2.1066574832 nfev=971 t=1728.9s remaining=1033
    iter=968 E=-2.1066580547 nfev=972 t=1730.8s remaining=1032
    iter=969 E=-2.1066584845 nfev=973 t=1732.8s remaining=1031
    iter=970 E=-2.1066588478 nfev=974 t=1734.5s remaining=1030
    iter=971 E=-2.1066590889 nfev=975 t=1736.2s remaining=1029
    iter=972 E=-2.1066592931 nfev=976 t=1738.0s remaining=1028
    iter=973 E=-2.1066594288 nfev=977 t=1739.8s remaining=1027
    iter=974 E=-2.1066595413 nfev=978 t=1741.5s remaining=1026
    iter=975 E=-2.1066596821 nfev=979 t=1743.6s remaining=1025
    iter=976 E=-2.1066598881 nfev=980 t=1745.4s remaining=1024
    iter=977 E=-2.1066601654 nfev=981 t=1747.1s remaining=1023
    iter=978 E=-2.1066605069 nfev=982 t=1749.1s remaining=1022
    iter=979 E=-2.1066608969 nfev=983 t=1750.9s remaining=1021
    iter=980 E=-2.1066613082 nfev=984 t=1752.8s remaining=1020
    iter=981 E=-2.1066617351 nfev=985 t=1754.5s remaining=1019
    iter=982 E=-2.1066622494 nfev=986 t=1756.2s remaining=1018
    iter=983 E=-2.1066626711 nfev=987 t=1758.0s remaining=1017
    iter=984 E=-2.1066630733 nfev=988 t=1760.0s remaining=1016
    iter=985 E=-2.1066633429 nfev=989 t=1761.8s remaining=1015
    iter=986 E=-2.1066635238 nfev=990 t=1763.6s remaining=1014
    iter=987 E=-2.1066637024 nfev=991 t=1765.3s remaining=1013
    iter=988 E=-2.1066638681 nfev=992 t=1767.0s remaining=1012
    iter=989 E=-2.1066640510 nfev=993 t=1768.7s remaining=1011
    iter=990 E=-2.1066642369 nfev=994 t=1770.5s remaining=1010
    iter=991 E=-2.1066644100 nfev=995 t=1772.2s remaining=1009
    iter=992 E=-2.1066646074 nfev=996 t=1774.3s remaining=1008
    iter=993 E=-2.1066648807 nfev=997 t=1776.4s remaining=1007
    iter=994 E=-2.1066652688 nfev=998 t=1778.1s remaining=1006
    iter=995 E=-2.1066657135 nfev=999 t=1779.8s remaining=1005
    iter=996 E=-2.1066661770 nfev=1000 t=1781.5s remaining=1004
    iter=997 E=-2.1066667288 nfev=1001 t=1783.4s remaining=1003
    iter=998 E=-2.1066672046 nfev=1002 t=1785.2s remaining=1002
    iter=999 E=-2.1066675712 nfev=1003 t=1787.0s remaining=1001
    iter=1000 E=-2.1066678876 nfev=1004 t=1788.9s remaining=1000
    iter=1001 E=-2.1066681166 nfev=1005 t=1790.5s remaining=999
    iter=1002 E=-2.1066683507 nfev=1006 t=1792.2s remaining=998
    iter=1003 E=-2.1066685614 nfev=1007 t=1793.9s remaining=997
    iter=1004 E=-2.1066687283 nfev=1008 t=1795.7s remaining=996
    iter=1005 E=-2.1066688804 nfev=1009 t=1797.4s remaining=995
    iter=1006 E=-2.1066690592 nfev=1010 t=1799.1s remaining=994
    iter=1007 E=-2.1066693307 nfev=1011 t=1800.8s remaining=993
    iter=1008 E=-2.1066697429 nfev=1012 t=1802.5s remaining=992
    iter=1009 E=-2.1066703212 nfev=1013 t=1804.2s remaining=991
    iter=1010 E=-2.1066709041 nfev=1014 t=1806.0s remaining=990
    iter=1011 E=-2.1066714260 nfev=1015 t=1807.8s remaining=989
    iter=1012 E=-2.1066718950 nfev=1016 t=1809.6s remaining=988
    iter=1013 E=-2.1066723374 nfev=1017 t=1811.5s remaining=987
    iter=1014 E=-2.1066727220 nfev=1018 t=1813.4s remaining=986
    iter=1015 E=-2.1066729531 nfev=1019 t=1815.5s remaining=985
    iter=1016 E=-2.1066731350 nfev=1020 t=1817.2s remaining=984
    iter=1017 E=-2.1066732977 nfev=1021 t=1819.3s remaining=983
    iter=1018 E=-2.1066734150 nfev=1022 t=1821.1s remaining=982
    iter=1019 E=-2.1066735347 nfev=1023 t=1823.2s remaining=981
    iter=1020 E=-2.1066736572 nfev=1024 t=1825.2s remaining=980
    iter=1021 E=-2.1066738150 nfev=1025 t=1827.4s remaining=979
    iter=1022 E=-2.1066740429 nfev=1026 t=1829.3s remaining=978
    iter=1023 E=-2.1066743486 nfev=1027 t=1831.1s remaining=977
    iter=1024 E=-2.1066747268 nfev=1028 t=1832.9s remaining=976
    iter=1025 E=-2.1066751541 nfev=1029 t=1834.8s remaining=975
    iter=1026 E=-2.1066756534 nfev=1030 t=1836.5s remaining=974
    iter=1027 E=-2.1066761798 nfev=1031 t=1838.2s remaining=973
    iter=1028 E=-2.1066765974 nfev=1032 t=1840.0s remaining=972
    iter=1029 E=-2.1066769282 nfev=1033 t=1842.0s remaining=971
    iter=1030 E=-2.1066772355 nfev=1034 t=1844.0s remaining=970
    iter=1031 E=-2.1066775009 nfev=1035 t=1845.7s remaining=969
    iter=1032 E=-2.1066777265 nfev=1036 t=1847.4s remaining=968
    iter=1033 E=-2.1066779355 nfev=1037 t=1849.1s remaining=967
    iter=1034 E=-2.1066780942 nfev=1038 t=1850.9s remaining=966
    iter=1035 E=-2.1066782373 nfev=1039 t=1852.7s remaining=965
    iter=1036 E=-2.1066783782 nfev=1040 t=1854.5s remaining=964
    iter=1037 E=-2.1066785411 nfev=1041 t=1856.3s remaining=963
    iter=1038 E=-2.1066787837 nfev=1042 t=1858.0s remaining=962
    iter=1039 E=-2.1066791108 nfev=1043 t=1859.8s remaining=961
    iter=1040 E=-2.1066794920 nfev=1044 t=1861.9s remaining=960
    iter=1041 E=-2.1066799347 nfev=1045 t=1863.9s remaining=959
    iter=1042 E=-2.1066804116 nfev=1046 t=1865.6s remaining=958
    iter=1043 E=-2.1066807738 nfev=1047 t=1867.6s remaining=957
    iter=1044 E=-2.1066811010 nfev=1048 t=1869.3s remaining=956
    iter=1045 E=-2.1066814618 nfev=1049 t=1871.0s remaining=955
    iter=1046 E=-2.1066818922 nfev=1050 t=1872.8s remaining=954
    iter=1047 E=-2.1066822009 nfev=1051 t=1874.7s remaining=953
    iter=1048 E=-2.1066825190 nfev=1052 t=1876.5s remaining=952
    iter=1049 E=-2.1066827457 nfev=1053 t=1878.2s remaining=951
    iter=1050 E=-2.1066829540 nfev=1054 t=1880.0s remaining=950
    iter=1051 E=-2.1066831637 nfev=1055 t=1881.8s remaining=949
    iter=1052 E=-2.1066833425 nfev=1056 t=1883.6s remaining=948
    iter=1053 E=-2.1066835070 nfev=1057 t=1885.5s remaining=947
    iter=1054 E=-2.1066837360 nfev=1058 t=1887.2s remaining=946
    iter=1055 E=-2.1066840254 nfev=1059 t=1889.0s remaining=945
    iter=1056 E=-2.1066844231 nfev=1060 t=1890.7s remaining=944
    iter=1057 E=-2.1066849950 nfev=1061 t=1892.4s remaining=943
    iter=1058 E=-2.1066857816 nfev=1062 t=1894.2s remaining=942
    iter=1059 E=-2.1066866546 nfev=1063 t=1896.3s remaining=941
    iter=1060 E=-2.1066874657 nfev=1064 t=1898.1s remaining=940
    iter=1061 E=-2.1066879176 nfev=1065 t=1899.8s remaining=939
    iter=1062 E=-2.1066881750 nfev=1066 t=1901.5s remaining=938
    iter=1063 E=-2.1066883469 nfev=1067 t=1903.2s remaining=937
    iter=1064 E=-2.1066885228 nfev=1068 t=1904.9s remaining=936
    iter=1065 E=-2.1066886803 nfev=1069 t=1906.7s remaining=935
    iter=1066 E=-2.1066888381 nfev=1070 t=1908.4s remaining=934
    iter=1067 E=-2.1066889869 nfev=1071 t=1910.1s remaining=933
    iter=1068 E=-2.1066891572 nfev=1072 t=1911.8s remaining=932
    iter=1069 E=-2.1066893920 nfev=1073 t=1913.6s remaining=931
    iter=1070 E=-2.1066897316 nfev=1074 t=1915.3s remaining=930
    iter=1071 E=-2.1066901650 nfev=1075 t=1917.1s remaining=929
    iter=1072 E=-2.1066906281 nfev=1076 t=1918.9s remaining=928
    iter=1073 E=-2.1066911891 nfev=1077 t=1920.6s remaining=927
    iter=1074 E=-2.1066917264 nfev=1078 t=1922.4s remaining=926
    iter=1075 E=-2.1066921540 nfev=1079 t=1924.1s remaining=925
    iter=1076 E=-2.1066924479 nfev=1080 t=1925.9s remaining=924
    iter=1077 E=-2.1066927423 nfev=1081 t=1927.7s remaining=923
    iter=1078 E=-2.1066930504 nfev=1082 t=1929.5s remaining=922
    iter=1079 E=-2.1066933363 nfev=1083 t=1931.2s remaining=921
    iter=1080 E=-2.1066935809 nfev=1084 t=1932.9s remaining=920
    iter=1081 E=-2.1066938126 nfev=1085 t=1934.7s remaining=919
    iter=1082 E=-2.1066940033 nfev=1086 t=1936.4s remaining=918
    iter=1083 E=-2.1066941507 nfev=1087 t=1938.1s remaining=917
    iter=1084 E=-2.1066942963 nfev=1088 t=1939.9s remaining=916
    iter=1085 E=-2.1066945043 nfev=1089 t=1941.7s remaining=915
    iter=1086 E=-2.1066947276 nfev=1090 t=1943.6s remaining=914
    iter=1087 E=-2.1066949712 nfev=1091 t=1945.4s remaining=913
    iter=1088 E=-2.1066952531 nfev=1092 t=1947.4s remaining=912
    iter=1089 E=-2.1066955315 nfev=1093 t=1949.3s remaining=911
    iter=1090 E=-2.1066958477 nfev=1094 t=1951.3s remaining=910
    iter=1091 E=-2.1066961815 nfev=1095 t=1953.0s remaining=909
    iter=1092 E=-2.1066965291 nfev=1096 t=1954.7s remaining=908
    iter=1093 E=-2.1066969818 nfev=1097 t=1956.5s remaining=907
    iter=1094 E=-2.1066975291 nfev=1098 t=1958.3s remaining=906
    iter=1095 E=-2.1066981304 nfev=1099 t=1960.1s remaining=905
    iter=1096 E=-2.1066987256 nfev=1100 t=1961.8s remaining=904
    iter=1097 E=-2.1066992670 nfev=1101 t=1963.6s remaining=903
    iter=1098 E=-2.1066996773 nfev=1102 t=1965.3s remaining=902
    iter=1099 E=-2.1066999387 nfev=1103 t=1967.0s remaining=901
    iter=1100 E=-2.1067001371 nfev=1104 t=1968.8s remaining=900
    iter=1101 E=-2.1067003076 nfev=1105 t=1970.6s remaining=899
    iter=1102 E=-2.1067004968 nfev=1106 t=1972.4s remaining=898
    iter=1103 E=-2.1067006740 nfev=1107 t=1974.0s remaining=897
    iter=1104 E=-2.1067008139 nfev=1108 t=1975.7s remaining=896
    iter=1105 E=-2.1067009383 nfev=1109 t=1977.3s remaining=895
    iter=1106 E=-2.1067010969 nfev=1110 t=1979.0s remaining=894
    iter=1107 E=-2.1067013181 nfev=1111 t=1980.7s remaining=893
    iter=1108 E=-2.1067015521 nfev=1112 t=1982.4s remaining=892
    iter=1109 E=-2.1067018144 nfev=1113 t=1984.2s remaining=891
    iter=1110 E=-2.1067021778 nfev=1114 t=1985.9s remaining=890
    iter=1111 E=-2.1067025220 nfev=1115 t=1987.6s remaining=889
    iter=1112 E=-2.1067028899 nfev=1116 t=1989.2s remaining=888
    iter=1113 E=-2.1067033300 nfev=1117 t=1991.0s remaining=887
    iter=1114 E=-2.1067038341 nfev=1118 t=1992.7s remaining=886
    iter=1115 E=-2.1067043276 nfev=1119 t=1994.5s remaining=885
    iter=1116 E=-2.1067047437 nfev=1120 t=1996.2s remaining=884
    iter=1117 E=-2.1067050209 nfev=1121 t=1998.0s remaining=883
    iter=1118 E=-2.1067051984 nfev=1122 t=1999.9s remaining=882
    iter=1119 E=-2.1067053582 nfev=1123 t=2001.7s remaining=881
    iter=1120 E=-2.1067055108 nfev=1124 t=2003.5s remaining=880
    iter=1121 E=-2.1067057019 nfev=1125 t=2005.3s remaining=879
    iter=1122 E=-2.1067058343 nfev=1126 t=2007.0s remaining=878
    iter=1123 E=-2.1067059790 nfev=1127 t=2008.8s remaining=877
    iter=1124 E=-2.1067061196 nfev=1128 t=2010.4s remaining=876
    iter=1125 E=-2.1067062684 nfev=1129 t=2012.2s remaining=875
    iter=1126 E=-2.1067064610 nfev=1130 t=2014.0s remaining=874
    iter=1127 E=-2.1067066746 nfev=1131 t=2015.7s remaining=873
    iter=1128 E=-2.1067069898 nfev=1132 t=2017.6s remaining=872
    iter=1129 E=-2.1067074525 nfev=1133 t=2019.5s remaining=871
    iter=1130 E=-2.1067079811 nfev=1134 t=2021.1s remaining=870
    iter=1131 E=-2.1067084981 nfev=1135 t=2022.8s remaining=869
    iter=1132 E=-2.1067091076 nfev=1136 t=2024.5s remaining=868
    iter=1133 E=-2.1067097060 nfev=1137 t=2026.6s remaining=867
    iter=1134 E=-2.1067101501 nfev=1138 t=2028.3s remaining=866
    iter=1135 E=-2.1067105561 nfev=1139 t=2030.0s remaining=865
    iter=1136 E=-2.1067108461 nfev=1140 t=2031.8s remaining=864
    iter=1137 E=-2.1067110031 nfev=1141 t=2033.5s remaining=863
    iter=1138 E=-2.1067111356 nfev=1142 t=2035.3s remaining=862
    iter=1139 E=-2.1067112844 nfev=1143 t=2037.0s remaining=861
    iter=1140 E=-2.1067114514 nfev=1144 t=2038.6s remaining=860
    iter=1141 E=-2.1067116610 nfev=1145 t=2040.2s remaining=859
    iter=1142 E=-2.1067119126 nfev=1146 t=2041.9s remaining=858
    iter=1143 E=-2.1067122559 nfev=1147 t=2043.5s remaining=857
    iter=1144 E=-2.1067127059 nfev=1148 t=2045.2s remaining=856
    iter=1145 E=-2.1067132959 nfev=1149 t=2046.9s remaining=855
    iter=1146 E=-2.1067139353 nfev=1150 t=2048.8s remaining=854
    iter=1147 E=-2.1067144515 nfev=1151 t=2050.7s remaining=853
    iter=1148 E=-2.1067149838 nfev=1152 t=2052.4s remaining=852
    iter=1149 E=-2.1067154788 nfev=1153 t=2054.1s remaining=851
    iter=1150 E=-2.1067157853 nfev=1154 t=2055.9s remaining=850
    iter=1151 E=-2.1067160359 nfev=1155 t=2057.8s remaining=849
    iter=1152 E=-2.1067162755 nfev=1156 t=2059.5s remaining=848
    iter=1153 E=-2.1067165652 nfev=1157 t=2061.2s remaining=847
    iter=1154 E=-2.1067168415 nfev=1158 t=2063.1s remaining=846
    iter=1155 E=-2.1067171138 nfev=1159 t=2064.9s remaining=845
    iter=1156 E=-2.1067173754 nfev=1160 t=2066.5s remaining=844
    iter=1157 E=-2.1067176055 nfev=1161 t=2068.3s remaining=843
    iter=1158 E=-2.1067179394 nfev=1162 t=2070.1s remaining=842
    iter=1159 E=-2.1067183545 nfev=1163 t=2071.8s remaining=841
    iter=1160 E=-2.1067187381 nfev=1164 t=2073.6s remaining=840
    iter=1161 E=-2.1067191713 nfev=1165 t=2075.4s remaining=839
    iter=1162 E=-2.1067196946 nfev=1166 t=2077.2s remaining=838
    iter=1163 E=-2.1067203141 nfev=1167 t=2078.9s remaining=837
    iter=1164 E=-2.1067208668 nfev=1168 t=2080.5s remaining=836
    iter=1165 E=-2.1067212913 nfev=1169 t=2082.4s remaining=835
    iter=1166 E=-2.1067216417 nfev=1170 t=2084.3s remaining=834
    iter=1167 E=-2.1067219855 nfev=1171 t=2086.1s remaining=833
    iter=1168 E=-2.1067223403 nfev=1172 t=2088.1s remaining=832
    iter=1169 E=-2.1067226317 nfev=1173 t=2089.7s remaining=831
    iter=1170 E=-2.1067228789 nfev=1174 t=2091.5s remaining=830
    iter=1171 E=-2.1067230831 nfev=1175 t=2093.3s remaining=829
    iter=1172 E=-2.1067232878 nfev=1176 t=2095.2s remaining=828
    iter=1173 E=-2.1067235432 nfev=1177 t=2097.1s remaining=827
    iter=1174 E=-2.1067237394 nfev=1178 t=2098.8s remaining=826
    iter=1175 E=-2.1067239783 nfev=1179 t=2100.6s remaining=825
    iter=1176 E=-2.1067242259 nfev=1180 t=2102.4s remaining=824
    iter=1177 E=-2.1067245028 nfev=1181 t=2104.3s remaining=823
    iter=1178 E=-2.1067248301 nfev=1182 t=2106.1s remaining=822
    iter=1179 E=-2.1067252673 nfev=1183 t=2107.8s remaining=821
    iter=1180 E=-2.1067256776 nfev=1184 t=2109.8s remaining=820
    iter=1181 E=-2.1067260476 nfev=1185 t=2111.6s remaining=819
    iter=1182 E=-2.1067264658 nfev=1186 t=2113.3s remaining=818
    iter=1183 E=-2.1067269199 nfev=1187 t=2115.0s remaining=817
    iter=1184 E=-2.1067274274 nfev=1188 t=2116.7s remaining=816
    iter=1185 E=-2.1067279386 nfev=1189 t=2118.4s remaining=815
    iter=1186 E=-2.1067283116 nfev=1190 t=2120.1s remaining=814
    iter=1187 E=-2.1067286922 nfev=1191 t=2122.0s remaining=813
    iter=1188 E=-2.1067290561 nfev=1192 t=2123.8s remaining=812
    iter=1189 E=-2.1067293738 nfev=1193 t=2125.6s remaining=811
    iter=1190 E=-2.1067296948 nfev=1194 t=2127.5s remaining=810
    iter=1191 E=-2.1067300585 nfev=1195 t=2129.2s remaining=809
    iter=1192 E=-2.1067303535 nfev=1196 t=2131.1s remaining=808
    iter=1193 E=-2.1067306917 nfev=1197 t=2132.7s remaining=807
    iter=1194 E=-2.1067310203 nfev=1198 t=2134.5s remaining=806
    iter=1195 E=-2.1067312903 nfev=1199 t=2136.1s remaining=805
    iter=1196 E=-2.1067316074 nfev=1200 t=2137.8s remaining=804
    iter=1197 E=-2.1067319620 nfev=1201 t=2139.5s remaining=803
    iter=1198 E=-2.1067322460 nfev=1202 t=2141.1s remaining=802
    iter=1199 E=-2.1067326209 nfev=1203 t=2142.8s remaining=801
    iter=1200 E=-2.1067330614 nfev=1204 t=2144.5s remaining=800
    iter=1201 E=-2.1067335656 nfev=1205 t=2146.2s remaining=799
    iter=1202 E=-2.1067342286 nfev=1206 t=2148.0s remaining=798
    iter=1203 E=-2.1067350712 nfev=1207 t=2149.7s remaining=797
    iter=1204 E=-2.1067356567 nfev=1208 t=2151.5s remaining=796
    iter=1205 E=-2.1067361727 nfev=1209 t=2153.1s remaining=795
    iter=1206 E=-2.1067367653 nfev=1210 t=2155.0s remaining=794
    iter=1207 E=-2.1067372385 nfev=1211 t=2156.7s remaining=793
    iter=1208 E=-2.1067375314 nfev=1212 t=2158.5s remaining=792
    iter=1209 E=-2.1067377929 nfev=1213 t=2160.1s remaining=791
    iter=1210 E=-2.1067379156 nfev=1214 t=2162.0s remaining=790
    iter=1211 E=-2.1067380268 nfev=1215 t=2163.8s remaining=789
    iter=1212 E=-2.1067381631 nfev=1216 t=2165.6s remaining=788
    iter=1213 E=-2.1067383119 nfev=1217 t=2167.4s remaining=787
    iter=1214 E=-2.1067384801 nfev=1218 t=2169.4s remaining=786
    iter=1215 E=-2.1067386907 nfev=1219 t=2171.2s remaining=785
    iter=1216 E=-2.1067389048 nfev=1220 t=2172.8s remaining=784
    iter=1217 E=-2.1067391664 nfev=1221 t=2174.4s remaining=783
    iter=1218 E=-2.1067395334 nfev=1222 t=2176.2s remaining=782
    iter=1219 E=-2.1067400515 nfev=1223 t=2178.1s remaining=781
    iter=1220 E=-2.1067407542 nfev=1224 t=2180.1s remaining=780
    iter=1221 E=-2.1067415637 nfev=1225 t=2181.9s remaining=779
    iter=1222 E=-2.1067424261 nfev=1226 t=2184.4s remaining=778
    iter=1223 E=-2.1067432304 nfev=1227 t=2186.5s remaining=777
    iter=1224 E=-2.1067437466 nfev=1228 t=2188.2s remaining=776
    iter=1225 E=-2.1067440808 nfev=1229 t=2189.9s remaining=775
    iter=1226 E=-2.1067443196 nfev=1230 t=2191.6s remaining=774
    iter=1227 E=-2.1067445101 nfev=1231 t=2193.4s remaining=773
    iter=1228 E=-2.1067446860 nfev=1232 t=2195.2s remaining=772
    iter=1229 E=-2.1067448730 nfev=1233 t=2196.8s remaining=771
    iter=1230 E=-2.1067451028 nfev=1234 t=2198.6s remaining=770
    iter=1231 E=-2.1067453048 nfev=1235 t=2200.3s remaining=769
    iter=1232 E=-2.1067455079 nfev=1236 t=2202.2s remaining=768
    iter=1233 E=-2.1067457475 nfev=1237 t=2204.0s remaining=767
    iter=1234 E=-2.1067460739 nfev=1238 t=2205.7s remaining=766
    iter=1235 E=-2.1067464622 nfev=1239 t=2207.6s remaining=765
    iter=1236 E=-2.1067468568 nfev=1240 t=2209.4s remaining=764
    iter=1237 E=-2.1067473283 nfev=1241 t=2211.2s remaining=763
    iter=1238 E=-2.1067479485 nfev=1242 t=2213.0s remaining=762
    iter=1239 E=-2.1067486321 nfev=1243 t=2214.9s remaining=761
    iter=1240 E=-2.1067493239 nfev=1244 t=2216.7s remaining=760
    iter=1241 E=-2.1067500196 nfev=1245 t=2218.4s remaining=759
    iter=1242 E=-2.1067505838 nfev=1246 t=2220.1s remaining=758
    iter=1243 E=-2.1067509568 nfev=1247 t=2221.8s remaining=757
    iter=1244 E=-2.1067512872 nfev=1248 t=2223.8s remaining=756
    iter=1245 E=-2.1067515957 nfev=1249 t=2226.1s remaining=755
    iter=1246 E=-2.1067518331 nfev=1250 t=2228.3s remaining=754
    iter=1247 E=-2.1067520627 nfev=1251 t=2230.6s remaining=753
    iter=1248 E=-2.1067522545 nfev=1252 t=2232.4s remaining=752
    iter=1249 E=-2.1067524331 nfev=1253 t=2234.1s remaining=751
    iter=1250 E=-2.1067526407 nfev=1254 t=2236.0s remaining=750
    iter=1251 E=-2.1067528575 nfev=1255 t=2237.7s remaining=749
    iter=1252 E=-2.1067531303 nfev=1256 t=2239.4s remaining=748
    iter=1253 E=-2.1067534856 nfev=1257 t=2241.1s remaining=747
    iter=1254 E=-2.1067539667 nfev=1258 t=2242.9s remaining=746
    iter=1255 E=-2.1067544810 nfev=1259 t=2244.6s remaining=745
    iter=1256 E=-2.1067550389 nfev=1260 t=2246.4s remaining=744
    iter=1257 E=-2.1067556133 nfev=1261 t=2248.0s remaining=743
    iter=1258 E=-2.1067561577 nfev=1262 t=2249.7s remaining=742
    iter=1259 E=-2.1067566679 nfev=1263 t=2251.5s remaining=741
    iter=1260 E=-2.1067571114 nfev=1264 t=2253.2s remaining=740
    iter=1261 E=-2.1067575173 nfev=1265 t=2254.8s remaining=739
    iter=1262 E=-2.1067578705 nfev=1266 t=2256.5s remaining=738
    iter=1263 E=-2.1067581718 nfev=1267 t=2258.3s remaining=737
    iter=1264 E=-2.1067584224 nfev=1268 t=2259.9s remaining=736
    iter=1265 E=-2.1067586454 nfev=1269 t=2261.6s remaining=735
    iter=1266 E=-2.1067588386 nfev=1270 t=2263.3s remaining=734
    iter=1267 E=-2.1067590304 nfev=1271 t=2265.1s remaining=733
    iter=1268 E=-2.1067592297 nfev=1272 t=2266.8s remaining=732
    iter=1269 E=-2.1067594194 nfev=1273 t=2268.7s remaining=731
    iter=1270 E=-2.1067596838 nfev=1274 t=2270.4s remaining=730
    iter=1271 E=-2.1067599606 nfev=1275 t=2272.3s remaining=729
    iter=1272 E=-2.1067601946 nfev=1276 t=2274.0s remaining=728
    iter=1273 E=-2.1067604629 nfev=1277 t=2275.7s remaining=727
    iter=1274 E=-2.1067607248 nfev=1278 t=2277.5s remaining=726
    iter=1275 E=-2.1067609913 nfev=1279 t=2279.2s remaining=725
    iter=1276 E=-2.1067613344 nfev=1280 t=2280.8s remaining=724
    iter=1277 E=-2.1067617483 nfev=1281 t=2282.4s remaining=723
    iter=1278 E=-2.1067621326 nfev=1282 t=2284.2s remaining=722
    iter=1279 E=-2.1067626099 nfev=1283 t=2286.0s remaining=721
    iter=1280 E=-2.1067631470 nfev=1284 t=2287.8s remaining=720
    iter=1281 E=-2.1067636314 nfev=1285 t=2289.4s remaining=719
    iter=1282 E=-2.1067641067 nfev=1286 t=2291.1s remaining=718
    iter=1283 E=-2.1067645347 nfev=1287 t=2292.9s remaining=717
    iter=1284 E=-2.1067650057 nfev=1288 t=2294.6s remaining=716
    iter=1285 E=-2.1067653473 nfev=1289 t=2296.3s remaining=715
    iter=1286 E=-2.1067655245 nfev=1290 t=2298.0s remaining=714
    iter=1287 E=-2.1067656372 nfev=1291 t=2299.7s remaining=713
    iter=1288 E=-2.1067657323 nfev=1292 t=2301.7s remaining=712
    iter=1289 E=-2.1067658357 nfev=1293 t=2303.9s remaining=711
    iter=1290 E=-2.1067659419 nfev=1294 t=2305.9s remaining=710
    iter=1291 E=-2.1067660549 nfev=1295 t=2308.2s remaining=709
    iter=1292 E=-2.1067662127 nfev=1296 t=2310.4s remaining=708
    iter=1293 E=-2.1067664381 nfev=1297 t=2312.1s remaining=707
    iter=1294 E=-2.1067667239 nfev=1298 t=2314.3s remaining=706
    iter=1295 E=-2.1067670700 nfev=1299 t=2316.5s remaining=705
    iter=1296 E=-2.1067674910 nfev=1300 t=2318.7s remaining=704
    iter=1297 E=-2.1067679223 nfev=1301 t=2320.5s remaining=703
    iter=1298 E=-2.1067682674 nfev=1302 t=2322.3s remaining=702
    iter=1299 E=-2.1067684944 nfev=1303 t=2324.5s remaining=701
    iter=1300 E=-2.1067686449 nfev=1304 t=2326.8s remaining=700
    iter=1301 E=-2.1067687586 nfev=1305 t=2329.0s remaining=699
    iter=1302 E=-2.1067688585 nfev=1306 t=2331.3s remaining=698
    iter=1303 E=-2.1067689861 nfev=1307 t=2333.3s remaining=697
    iter=1304 E=-2.1067691134 nfev=1308 t=2335.1s remaining=696
    iter=1305 E=-2.1067692251 nfev=1309 t=2336.8s remaining=695
    iter=1306 E=-2.1067693331 nfev=1310 t=2338.5s remaining=694
    iter=1307 E=-2.1067694294 nfev=1311 t=2340.1s remaining=693
    iter=1308 E=-2.1067695386 nfev=1312 t=2342.0s remaining=692
    iter=1309 E=-2.1067696519 nfev=1313 t=2343.8s remaining=691
    iter=1310 E=-2.1067697823 nfev=1314 t=2345.9s remaining=690
    iter=1311 E=-2.1067699453 nfev=1315 t=2348.2s remaining=689
    iter=1312 E=-2.1067701547 nfev=1316 t=2350.1s remaining=688
    iter=1313 E=-2.1067703833 nfev=1317 t=2351.8s remaining=687
    iter=1314 E=-2.1067705938 nfev=1318 t=2353.5s remaining=686
    iter=1315 E=-2.1067708031 nfev=1319 t=2355.2s remaining=685
    iter=1316 E=-2.1067709946 nfev=1320 t=2356.9s remaining=684
    iter=1317 E=-2.1067711673 nfev=1321 t=2358.6s remaining=683
    iter=1318 E=-2.1067713993 nfev=1322 t=2360.3s remaining=682
    iter=1319 E=-2.1067716142 nfev=1323 t=2362.1s remaining=681
    iter=1320 E=-2.1067717874 nfev=1324 t=2364.1s remaining=680
    iter=1321 E=-2.1067719275 nfev=1325 t=2365.7s remaining=679
    iter=1322 E=-2.1067720471 nfev=1326 t=2367.4s remaining=678
    iter=1323 E=-2.1067721550 nfev=1327 t=2369.1s remaining=677
    iter=1324 E=-2.1067722669 nfev=1328 t=2370.8s remaining=676
    iter=1325 E=-2.1067723924 nfev=1329 t=2372.6s remaining=675
    iter=1326 E=-2.1067725348 nfev=1330 t=2374.6s remaining=674
    iter=1327 E=-2.1067726990 nfev=1331 t=2376.9s remaining=673
    iter=1328 E=-2.1067728708 nfev=1332 t=2378.7s remaining=672
    iter=1329 E=-2.1067730383 nfev=1333 t=2380.4s remaining=671
    iter=1330 E=-2.1067732243 nfev=1334 t=2382.1s remaining=670
    iter=1331 E=-2.1067734109 nfev=1335 t=2383.8s remaining=669
    iter=1332 E=-2.1067736262 nfev=1336 t=2385.5s remaining=668
    iter=1333 E=-2.1067739256 nfev=1337 t=2387.7s remaining=667
    iter=1334 E=-2.1067742985 nfev=1338 t=2390.0s remaining=666
    iter=1335 E=-2.1067746657 nfev=1339 t=2391.8s remaining=665
    iter=1336 E=-2.1067750236 nfev=1340 t=2393.8s remaining=664
    iter=1337 E=-2.1067753310 nfev=1341 t=2395.7s remaining=663
    iter=1338 E=-2.1067755442 nfev=1342 t=2397.4s remaining=662
    iter=1339 E=-2.1067756834 nfev=1343 t=2399.1s remaining=661
    iter=1340 E=-2.1067758164 nfev=1344 t=2400.8s remaining=660
    iter=1341 E=-2.1067759266 nfev=1345 t=2402.6s remaining=659
    iter=1342 E=-2.1067760148 nfev=1346 t=2404.4s remaining=658
    iter=1343 E=-2.1067761095 nfev=1347 t=2406.4s remaining=657
    iter=1344 E=-2.1067762102 nfev=1348 t=2408.1s remaining=656
    iter=1345 E=-2.1067763548 nfev=1349 t=2410.3s remaining=655
    iter=1346 E=-2.1067765544 nfev=1350 t=2412.6s remaining=654
    iter=1347 E=-2.1067768125 nfev=1351 t=2414.9s remaining=653
    iter=1348 E=-2.1067771268 nfev=1352 t=2416.6s remaining=652
    iter=1349 E=-2.1067775064 nfev=1353 t=2418.3s remaining=651
    iter=1350 E=-2.1067779218 nfev=1354 t=2419.9s remaining=650
    iter=1351 E=-2.1067782811 nfev=1355 t=2421.6s remaining=649
    iter=1352 E=-2.1067786087 nfev=1356 t=2423.4s remaining=648
    iter=1353 E=-2.1067789355 nfev=1357 t=2425.1s remaining=647
    iter=1354 E=-2.1067793218 nfev=1358 t=2427.0s remaining=646
    iter=1355 E=-2.1067796036 nfev=1359 t=2429.1s remaining=645
    iter=1356 E=-2.1067799265 nfev=1360 t=2430.9s remaining=644
    iter=1357 E=-2.1067802310 nfev=1361 t=2432.6s remaining=643
    iter=1358 E=-2.1067804794 nfev=1362 t=2434.4s remaining=642
    iter=1359 E=-2.1067806254 nfev=1363 t=2436.1s remaining=641
    iter=1360 E=-2.1067807562 nfev=1364 t=2437.8s remaining=640
    iter=1361 E=-2.1067808699 nfev=1365 t=2439.6s remaining=639
    iter=1362 E=-2.1067809459 nfev=1366 t=2441.4s remaining=638
    iter=1363 E=-2.1067810336 nfev=1367 t=2443.1s remaining=637
    iter=1364 E=-2.1067811383 nfev=1368 t=2445.3s remaining=636
    iter=1365 E=-2.1067812645 nfev=1369 t=2447.0s remaining=635
    iter=1366 E=-2.1067814467 nfev=1370 t=2448.7s remaining=634
    iter=1367 E=-2.1067816963 nfev=1371 t=2450.5s remaining=633
    iter=1368 E=-2.1067819657 nfev=1372 t=2452.2s remaining=632
    iter=1369 E=-2.1067823097 nfev=1373 t=2454.2s remaining=631
    iter=1370 E=-2.1067827300 nfev=1374 t=2456.1s remaining=630
    iter=1371 E=-2.1067830865 nfev=1375 t=2458.2s remaining=629
    iter=1372 E=-2.1067834244 nfev=1376 t=2460.0s remaining=628
    iter=1373 E=-2.1067837602 nfev=1377 t=2461.9s remaining=627
    iter=1374 E=-2.1067840578 nfev=1378 t=2463.6s remaining=626
    iter=1375 E=-2.1067842660 nfev=1379 t=2465.2s remaining=625
    iter=1376 E=-2.1067844303 nfev=1380 t=2466.9s remaining=624
    iter=1377 E=-2.1067845645 nfev=1381 t=2468.6s remaining=623
    iter=1378 E=-2.1067846794 nfev=1382 t=2470.6s remaining=622
    iter=1379 E=-2.1067847966 nfev=1383 t=2472.9s remaining=621
    iter=1380 E=-2.1067849451 nfev=1384 t=2475.1s remaining=620
    iter=1381 E=-2.1067851035 nfev=1385 t=2477.4s remaining=619
    iter=1382 E=-2.1067852903 nfev=1386 t=2479.6s remaining=618
    iter=1383 E=-2.1067854714 nfev=1387 t=2481.3s remaining=617
    iter=1384 E=-2.1067855606 nfev=1389 t=2485.0s remaining=616
    iter=1385 E=-2.1067856632 nfev=1390 t=2486.8s remaining=615
    iter=1386 E=-2.1067857472 nfev=1391 t=2488.6s remaining=614
    iter=1387 E=-2.1067858269 nfev=1392 t=2490.3s remaining=613
    iter=1388 E=-2.1067859005 nfev=1393 t=2492.2s remaining=612
    iter=1389 E=-2.1067859793 nfev=1394 t=2494.0s remaining=611
    iter=1390 E=-2.1067860920 nfev=1395 t=2495.9s remaining=610
    iter=1391 E=-2.1067862297 nfev=1396 t=2497.8s remaining=609
    iter=1392 E=-2.1067863858 nfev=1397 t=2499.6s remaining=608
    iter=1393 E=-2.1067865882 nfev=1398 t=2501.4s remaining=607
    iter=1394 E=-2.1067867779 nfev=1399 t=2503.2s remaining=606
    iter=1395 E=-2.1067870011 nfev=1400 t=2504.9s remaining=605
    iter=1396 E=-2.1067872682 nfev=1401 t=2506.6s remaining=604
    iter=1397 E=-2.1067875043 nfev=1402 t=2508.4s remaining=603
    iter=1398 E=-2.1067877708 nfev=1403 t=2510.1s remaining=602
    iter=1399 E=-2.1067879783 nfev=1404 t=2511.9s remaining=601
    iter=1400 E=-2.1067881688 nfev=1405 t=2513.6s remaining=600
    iter=1401 E=-2.1067883085 nfev=1406 t=2515.3s remaining=599
    iter=1402 E=-2.1067884074 nfev=1407 t=2517.2s remaining=598
    iter=1403 E=-2.1067884674 nfev=1408 t=2518.9s remaining=597
    iter=1404 E=-2.1067885336 nfev=1409 t=2520.7s remaining=596
    iter=1405 E=-2.1067886131 nfev=1410 t=2522.6s remaining=595
    iter=1406 E=-2.1067886929 nfev=1411 t=2524.4s remaining=594
    iter=1407 E=-2.1067887899 nfev=1412 t=2526.3s remaining=593
    iter=1408 E=-2.1067889019 nfev=1413 t=2527.9s remaining=592
    iter=1409 E=-2.1067890010 nfev=1414 t=2529.7s remaining=591
    iter=1410 E=-2.1067891128 nfev=1415 t=2531.5s remaining=590
    iter=1411 E=-2.1067892649 nfev=1416 t=2533.4s remaining=589
    iter=1412 E=-2.1067894671 nfev=1417 t=2535.1s remaining=588
    iter=1413 E=-2.1067896801 nfev=1418 t=2537.1s remaining=587
    iter=1414 E=-2.1067899132 nfev=1419 t=2538.9s remaining=586
    iter=1415 E=-2.1067901700 nfev=1420 t=2540.8s remaining=585
    iter=1416 E=-2.1067904477 nfev=1421 t=2542.7s remaining=584
    iter=1417 E=-2.1067906137 nfev=1422 t=2544.5s remaining=583
    iter=1418 E=-2.1067907594 nfev=1423 t=2546.3s remaining=582
    iter=1419 E=-2.1067908492 nfev=1424 t=2548.1s remaining=581
    iter=1420 E=-2.1067909193 nfev=1425 t=2550.1s remaining=580
    iter=1421 E=-2.1067909893 nfev=1426 t=2552.2s remaining=579
    iter=1422 E=-2.1067910451 nfev=1427 t=2554.0s remaining=578
    iter=1423 E=-2.1067910871 nfev=1428 t=2555.8s remaining=577
    iter=1424 E=-2.1067911467 nfev=1429 t=2557.7s remaining=576
    iter=1425 E=-2.1067912281 nfev=1430 t=2559.5s remaining=575
    iter=1426 E=-2.1067913280 nfev=1431 t=2561.3s remaining=574
    iter=1427 E=-2.1067914535 nfev=1432 t=2563.1s remaining=573
    iter=1428 E=-2.1067916417 nfev=1433 t=2564.8s remaining=572
    iter=1429 E=-2.1067918688 nfev=1434 t=2566.8s remaining=571
    iter=1430 E=-2.1067920785 nfev=1435 t=2568.6s remaining=570
    iter=1431 E=-2.1067923068 nfev=1436 t=2570.3s remaining=569
    iter=1432 E=-2.1067925255 nfev=1437 t=2572.0s remaining=568
    iter=1433 E=-2.1067926743 nfev=1438 t=2573.8s remaining=567
    iter=1434 E=-2.1067928078 nfev=1439 t=2575.5s remaining=566
    iter=1435 E=-2.1067929213 nfev=1440 t=2577.1s remaining=565
    iter=1436 E=-2.1067930231 nfev=1441 t=2578.9s remaining=564
    iter=1437 E=-2.1067931150 nfev=1442 t=2581.1s remaining=563
    iter=1438 E=-2.1067931837 nfev=1443 t=2582.8s remaining=562
    iter=1439 E=-2.1067932410 nfev=1444 t=2584.5s remaining=561
    iter=1440 E=-2.1067932909 nfev=1445 t=2586.1s remaining=560
    iter=1441 E=-2.1067933407 nfev=1446 t=2587.8s remaining=559
    iter=1442 E=-2.1067933969 nfev=1447 t=2589.7s remaining=558
    iter=1443 E=-2.1067934650 nfev=1448 t=2591.5s remaining=557
    iter=1444 E=-2.1067935537 nfev=1449 t=2593.2s remaining=556
    iter=1445 E=-2.1067936810 nfev=1450 t=2594.9s remaining=555
    iter=1446 E=-2.1067938517 nfev=1451 t=2596.6s remaining=554
    iter=1447 E=-2.1067940368 nfev=1452 t=2598.5s remaining=553
    iter=1448 E=-2.1067942595 nfev=1453 t=2600.2s remaining=552
    iter=1449 E=-2.1067944907 nfev=1454 t=2601.9s remaining=551
    iter=1450 E=-2.1067947052 nfev=1455 t=2603.5s remaining=550
    iter=1451 E=-2.1067949327 nfev=1456 t=2605.3s remaining=549
    iter=1452 E=-2.1067951627 nfev=1457 t=2607.5s remaining=548
    iter=1453 E=-2.1067953371 nfev=1458 t=2609.5s remaining=547
    iter=1454 E=-2.1067954513 nfev=1459 t=2611.1s remaining=546
    iter=1455 E=-2.1067955307 nfev=1460 t=2612.8s remaining=545
    iter=1456 E=-2.1067955967 nfev=1461 t=2614.5s remaining=544
    iter=1457 E=-2.1067956596 nfev=1462 t=2616.6s remaining=543
    iter=1458 E=-2.1067957329 nfev=1463 t=2618.5s remaining=542
    iter=1459 E=-2.1067957941 nfev=1464 t=2620.2s remaining=541
    iter=1460 E=-2.1067958546 nfev=1465 t=2622.2s remaining=540
    iter=1461 E=-2.1067959128 nfev=1466 t=2624.5s remaining=539
    iter=1462 E=-2.1067959738 nfev=1467 t=2626.7s remaining=538
    iter=1463 E=-2.1067960369 nfev=1468 t=2628.9s remaining=537
    iter=1464 E=-2.1067961191 nfev=1469 t=2631.2s remaining=536
    iter=1465 E=-2.1067962394 nfev=1470 t=2633.4s remaining=535
    iter=1466 E=-2.1067964186 nfev=1471 t=2635.1s remaining=534
    iter=1467 E=-2.1067966623 nfev=1472 t=2636.9s remaining=533
    iter=1468 E=-2.1067969165 nfev=1473 t=2638.7s remaining=532
    iter=1469 E=-2.1067971173 nfev=1474 t=2640.4s remaining=531
    iter=1470 E=-2.1067972882 nfev=1475 t=2642.1s remaining=530
    iter=1471 E=-2.1067974363 nfev=1476 t=2643.9s remaining=529
    iter=1472 E=-2.1067975549 nfev=1477 t=2645.7s remaining=528
    iter=1473 E=-2.1067976551 nfev=1478 t=2647.4s remaining=527
    iter=1474 E=-2.1067977341 nfev=1479 t=2649.0s remaining=526
    iter=1475 E=-2.1067978050 nfev=1480 t=2650.8s remaining=525
    iter=1476 E=-2.1067978566 nfev=1481 t=2652.6s remaining=524
    iter=1477 E=-2.1067978946 nfev=1482 t=2654.3s remaining=523
    iter=1478 E=-2.1067979277 nfev=1483 t=2656.1s remaining=522
    iter=1479 E=-2.1067979607 nfev=1484 t=2657.7s remaining=521
    iter=1480 E=-2.1067980054 nfev=1485 t=2659.3s remaining=520
    iter=1481 E=-2.1067980632 nfev=1486 t=2661.1s remaining=519
    iter=1482 E=-2.1067981477 nfev=1487 t=2662.8s remaining=518
    iter=1483 E=-2.1067982568 nfev=1488 t=2664.6s remaining=517
    iter=1484 E=-2.1067984124 nfev=1489 t=2666.4s remaining=516
    iter=1485 E=-2.1067986227 nfev=1490 t=2668.1s remaining=515
    iter=1486 E=-2.1067988709 nfev=1491 t=2669.8s remaining=514
    iter=1487 E=-2.1067990973 nfev=1492 t=2671.5s remaining=513
    iter=1488 E=-2.1067992767 nfev=1493 t=2673.5s remaining=512
    iter=1489 E=-2.1067994081 nfev=1494 t=2675.5s remaining=511
    iter=1490 E=-2.1067995058 nfev=1495 t=2677.3s remaining=510
    iter=1491 E=-2.1067995721 nfev=1496 t=2679.2s remaining=509
    iter=1492 E=-2.1067996161 nfev=1497 t=2681.1s remaining=508
    iter=1493 E=-2.1067996513 nfev=1498 t=2683.1s remaining=507
    iter=1494 E=-2.1067996980 nfev=1499 t=2684.9s remaining=506
    iter=1495 E=-2.1067997517 nfev=1500 t=2686.6s remaining=505
    iter=1496 E=-2.1067998124 nfev=1501 t=2688.4s remaining=504
    iter=1497 E=-2.1067999019 nfev=1502 t=2690.1s remaining=503
    iter=1498 E=-2.1068000163 nfev=1503 t=2692.1s remaining=502
    iter=1499 E=-2.1068001774 nfev=1504 t=2694.2s remaining=501
    iter=1500 E=-2.1068004010 nfev=1505 t=2696.2s remaining=500
    iter=1501 E=-2.1068007042 nfev=1506 t=2698.0s remaining=499
    iter=1502 E=-2.1068010064 nfev=1507 t=2699.9s remaining=498
    iter=1503 E=-2.1068012112 nfev=1508 t=2702.1s remaining=497
    iter=1504 E=-2.1068013646 nfev=1509 t=2704.2s remaining=496
    iter=1505 E=-2.1068014920 nfev=1510 t=2706.2s remaining=495
    iter=1506 E=-2.1068016033 nfev=1511 t=2708.4s remaining=494
    iter=1507 E=-2.1068016955 nfev=1512 t=2710.4s remaining=493
    iter=1508 E=-2.1068017572 nfev=1513 t=2712.2s remaining=492
    iter=1509 E=-2.1068018024 nfev=1514 t=2714.1s remaining=491
    iter=1510 E=-2.1068018450 nfev=1515 t=2716.1s remaining=490
    iter=1511 E=-2.1068018965 nfev=1516 t=2718.0s remaining=489
    iter=1512 E=-2.1068019552 nfev=1517 t=2719.9s remaining=488
    iter=1513 E=-2.1068020134 nfev=1518 t=2721.7s remaining=487
    iter=1514 E=-2.1068020755 nfev=1519 t=2723.8s remaining=486
    iter=1515 E=-2.1068021410 nfev=1520 t=2725.8s remaining=485
    iter=1516 E=-2.1068022162 nfev=1521 t=2727.8s remaining=484
    iter=1517 E=-2.1068023020 nfev=1522 t=2729.6s remaining=483
    iter=1518 E=-2.1068024179 nfev=1523 t=2731.4s remaining=482
    iter=1519 E=-2.1068025674 nfev=1524 t=2733.2s remaining=481
    iter=1520 E=-2.1068027635 nfev=1525 t=2735.4s remaining=480
    iter=1521 E=-2.1068030073 nfev=1526 t=2737.7s remaining=479
    iter=1522 E=-2.1068032496 nfev=1527 t=2739.9s remaining=478
    iter=1523 E=-2.1068034680 nfev=1528 t=2742.2s remaining=477
    iter=1524 E=-2.1068036218 nfev=1529 t=2744.5s remaining=476
    iter=1525 E=-2.1068037418 nfev=1530 t=2746.8s remaining=475
    iter=1526 E=-2.1068038238 nfev=1531 t=2748.9s remaining=474
    iter=1527 E=-2.1068039086 nfev=1532 t=2750.9s remaining=473
    iter=1528 E=-2.1068039829 nfev=1533 t=2752.8s remaining=472
    iter=1529 E=-2.1068040526 nfev=1534 t=2754.5s remaining=471
    iter=1530 E=-2.1068041100 nfev=1535 t=2756.2s remaining=470
    iter=1531 E=-2.1068041696 nfev=1536 t=2757.9s remaining=469
    iter=1532 E=-2.1068042374 nfev=1537 t=2759.6s remaining=468
    iter=1533 E=-2.1068043133 nfev=1538 t=2761.4s remaining=467
    iter=1534 E=-2.1068043819 nfev=1539 t=2763.2s remaining=466
    iter=1535 E=-2.1068044493 nfev=1540 t=2764.8s remaining=465
    iter=1536 E=-2.1068045165 nfev=1541 t=2766.7s remaining=464
    iter=1537 E=-2.1068045788 nfev=1542 t=2768.4s remaining=463
    iter=1538 E=-2.1068046506 nfev=1543 t=2770.1s remaining=462
    iter=1539 E=-2.1068047501 nfev=1544 t=2771.9s remaining=461
    iter=1540 E=-2.1068048931 nfev=1545 t=2773.7s remaining=460
    iter=1541 E=-2.1068051009 nfev=1546 t=2775.6s remaining=459
    iter=1542 E=-2.1068053878 nfev=1547 t=2777.7s remaining=458
    iter=1543 E=-2.1068057083 nfev=1548 t=2779.4s remaining=457
    iter=1544 E=-2.1068060129 nfev=1549 t=2781.2s remaining=456
    iter=1545 E=-2.1068062187 nfev=1550 t=2783.1s remaining=455
    iter=1546 E=-2.1068063369 nfev=1551 t=2784.9s remaining=454
    iter=1547 E=-2.1068063891 nfev=1552 t=2786.6s remaining=453
    iter=1548 E=-2.1068064354 nfev=1553 t=2788.4s remaining=452
    iter=1549 E=-2.1068064712 nfev=1554 t=2790.2s remaining=451
    iter=1550 E=-2.1068065077 nfev=1555 t=2792.2s remaining=450
    iter=1551 E=-2.1068065613 nfev=1556 t=2793.9s remaining=449
    iter=1552 E=-2.1068066179 nfev=1557 t=2795.7s remaining=448
    iter=1553 E=-2.1068066912 nfev=1558 t=2797.4s remaining=447
    iter=1554 E=-2.1068067926 nfev=1559 t=2799.1s remaining=446
    iter=1555 E=-2.1068069267 nfev=1560 t=2800.8s remaining=445
    iter=1556 E=-2.1068070831 nfev=1561 t=2802.9s remaining=444
    iter=1557 E=-2.1068072439 nfev=1562 t=2805.1s remaining=443
    iter=1558 E=-2.1068074499 nfev=1563 t=2807.4s remaining=442
    iter=1559 E=-2.1068076822 nfev=1564 t=2809.7s remaining=441
    iter=1560 E=-2.1068078950 nfev=1565 t=2812.0s remaining=440
    iter=1561 E=-2.1068080710 nfev=1566 t=2814.3s remaining=439
    iter=1562 E=-2.1068082368 nfev=1567 t=2816.6s remaining=438
    iter=1563 E=-2.1068083632 nfev=1568 t=2818.3s remaining=437
    iter=1564 E=-2.1068084694 nfev=1569 t=2820.1s remaining=436
    iter=1565 E=-2.1068085477 nfev=1570 t=2821.8s remaining=435
    iter=1566 E=-2.1068086193 nfev=1571 t=2823.7s remaining=434
    iter=1567 E=-2.1068086814 nfev=1572 t=2825.4s remaining=433
    iter=1568 E=-2.1068087360 nfev=1573 t=2827.2s remaining=432
    iter=1569 E=-2.1068087868 nfev=1574 t=2828.9s remaining=431
    iter=1570 E=-2.1068088555 nfev=1575 t=2830.7s remaining=430
    iter=1571 E=-2.1068089195 nfev=1576 t=2832.9s remaining=429
    iter=1572 E=-2.1068089835 nfev=1577 t=2834.7s remaining=428
    iter=1573 E=-2.1068090556 nfev=1578 t=2836.4s remaining=427
    iter=1574 E=-2.1068091399 nfev=1579 t=2838.2s remaining=426
    iter=1575 E=-2.1068092516 nfev=1580 t=2840.0s remaining=425
    iter=1576 E=-2.1068094139 nfev=1581 t=2841.8s remaining=424
    iter=1577 E=-2.1068096412 nfev=1582 t=2843.6s remaining=423
    iter=1578 E=-2.1068099179 nfev=1583 t=2845.3s remaining=422
    iter=1579 E=-2.1068102174 nfev=1584 t=2847.0s remaining=421
    iter=1580 E=-2.1068105228 nfev=1585 t=2848.8s remaining=420
    iter=1581 E=-2.1068107713 nfev=1586 t=2850.5s remaining=419
    iter=1582 E=-2.1068109701 nfev=1587 t=2852.2s remaining=418
    iter=1583 E=-2.1068111476 nfev=1588 t=2854.1s remaining=417
    iter=1584 E=-2.1068112725 nfev=1589 t=2855.9s remaining=416
    iter=1585 E=-2.1068113565 nfev=1590 t=2858.0s remaining=415
    iter=1586 E=-2.1068114231 nfev=1591 t=2860.2s remaining=414
    iter=1587 E=-2.1068114716 nfev=1592 t=2862.5s remaining=413
    iter=1588 E=-2.1068115372 nfev=1593 t=2864.7s remaining=412
    iter=1589 E=-2.1068115901 nfev=1594 t=2866.6s remaining=411
    iter=1590 E=-2.1068116410 nfev=1595 t=2868.6s remaining=410
    iter=1591 E=-2.1068116853 nfev=1596 t=2870.9s remaining=409
    iter=1592 E=-2.1068117340 nfev=1597 t=2872.8s remaining=408
    iter=1593 E=-2.1068118070 nfev=1598 t=2874.6s remaining=407
    iter=1594 E=-2.1068119145 nfev=1599 t=2876.5s remaining=406
    iter=1595 E=-2.1068120727 nfev=1600 t=2878.3s remaining=405
    iter=1596 E=-2.1068122971 nfev=1601 t=2880.1s remaining=404
    iter=1597 E=-2.1068125400 nfev=1602 t=2882.0s remaining=403
    iter=1598 E=-2.1068127727 nfev=1603 t=2883.8s remaining=402
    iter=1599 E=-2.1068129807 nfev=1604 t=2885.8s remaining=401
    iter=1600 E=-2.1068131934 nfev=1605 t=2887.6s remaining=400
    iter=1601 E=-2.1068133492 nfev=1606 t=2889.4s remaining=399
    iter=1602 E=-2.1068135149 nfev=1607 t=2891.2s remaining=398
    iter=1603 E=-2.1068136728 nfev=1608 t=2893.0s remaining=397
    iter=1604 E=-2.1068137498 nfev=1609 t=2894.7s remaining=396
    iter=1605 E=-2.1068138386 nfev=1610 t=2896.4s remaining=395
    iter=1606 E=-2.1068139001 nfev=1611 t=2898.3s remaining=394
    iter=1607 E=-2.1068139385 nfev=1612 t=2900.0s remaining=393
    iter=1608 E=-2.1068139725 nfev=1613 t=2901.8s remaining=392
    iter=1609 E=-2.1068140184 nfev=1614 t=2903.9s remaining=391
    iter=1610 E=-2.1068140636 nfev=1615 t=2905.9s remaining=390
    iter=1611 E=-2.1068141269 nfev=1616 t=2907.6s remaining=389
    iter=1612 E=-2.1068141937 nfev=1617 t=2909.3s remaining=388
    iter=1613 E=-2.1068142677 nfev=1618 t=2911.0s remaining=387
    iter=1614 E=-2.1068143690 nfev=1619 t=2912.7s remaining=386
    iter=1615 E=-2.1068145166 nfev=1620 t=2914.5s remaining=385
    iter=1616 E=-2.1068146933 nfev=1621 t=2916.2s remaining=384
    iter=1617 E=-2.1068148940 nfev=1622 t=2918.0s remaining=383
    iter=1618 E=-2.1068151321 nfev=1623 t=2919.7s remaining=382
    iter=1619 E=-2.1068153800 nfev=1624 t=2921.5s remaining=381
    iter=1620 E=-2.1068155517 nfev=1625 t=2923.6s remaining=380
    iter=1621 E=-2.1068157197 nfev=1626 t=2925.9s remaining=379
    iter=1622 E=-2.1068159111 nfev=1627 t=2928.0s remaining=378
    iter=1623 E=-2.1068160484 nfev=1628 t=2930.1s remaining=377
    iter=1624 E=-2.1068161334 nfev=1629 t=2931.9s remaining=376
    iter=1625 E=-2.1068161991 nfev=1630 t=2933.7s remaining=375
    iter=1626 E=-2.1068162450 nfev=1631 t=2935.4s remaining=374
    iter=1627 E=-2.1068163037 nfev=1632 t=2937.1s remaining=373
    iter=1628 E=-2.1068163633 nfev=1633 t=2938.8s remaining=372
    iter=1629 E=-2.1068164358 nfev=1634 t=2940.6s remaining=371
    iter=1630 E=-2.1068164977 nfev=1635 t=2942.6s remaining=370
    iter=1631 E=-2.1068165536 nfev=1636 t=2944.3s remaining=369
    iter=1632 E=-2.1068166278 nfev=1637 t=2946.0s remaining=368
    iter=1633 E=-2.1068167167 nfev=1638 t=2948.1s remaining=367
    iter=1634 E=-2.1068168036 nfev=1639 t=2950.4s remaining=366
    iter=1635 E=-2.1068169004 nfev=1640 t=2952.6s remaining=365
    iter=1636 E=-2.1068170010 nfev=1641 t=2954.6s remaining=364
    iter=1637 E=-2.1068170970 nfev=1642 t=2956.4s remaining=363
    iter=1638 E=-2.1068171936 nfev=1643 t=2958.0s remaining=362
    iter=1639 E=-2.1068172868 nfev=1644 t=2959.7s remaining=361
    iter=1640 E=-2.1068173934 nfev=1645 t=2961.8s remaining=360
    iter=1641 E=-2.1068175062 nfev=1646 t=2964.1s remaining=359
    iter=1642 E=-2.1068176238 nfev=1647 t=2966.4s remaining=358
    iter=1643 E=-2.1068177581 nfev=1648 t=2968.7s remaining=357
    iter=1644 E=-2.1068179063 nfev=1649 t=2970.5s remaining=356
    iter=1645 E=-2.1068180576 nfev=1650 t=2972.2s remaining=355
    iter=1646 E=-2.1068181694 nfev=1651 t=2973.8s remaining=354
    iter=1647 E=-2.1068182809 nfev=1652 t=2975.5s remaining=353
    iter=1648 E=-2.1068183825 nfev=1653 t=2977.3s remaining=352
    iter=1649 E=-2.1068184369 nfev=1654 t=2979.1s remaining=351
    iter=1650 E=-2.1068184743 nfev=1655 t=2980.7s remaining=350
    iter=1651 E=-2.1068185055 nfev=1656 t=2982.4s remaining=349
    iter=1652 E=-2.1068185316 nfev=1657 t=2984.0s remaining=348
    iter=1653 E=-2.1068185599 nfev=1658 t=2985.8s remaining=347
    iter=1654 E=-2.1068186033 nfev=1659 t=2987.4s remaining=346
    iter=1655 E=-2.1068186689 nfev=1660 t=2989.1s remaining=345
    iter=1656 E=-2.1068187666 nfev=1661 t=2990.7s remaining=344
    iter=1657 E=-2.1068189096 nfev=1662 t=2992.4s remaining=343
    iter=1658 E=-2.1068190953 nfev=1663 t=2994.1s remaining=342
    iter=1659 E=-2.1068192934 nfev=1664 t=2995.9s remaining=341
    iter=1660 E=-2.1068195151 nfev=1665 t=2997.7s remaining=340
    iter=1661 E=-2.1068197780 nfev=1666 t=2999.5s remaining=339
    iter=1662 E=-2.1068199554 nfev=1667 t=3001.3s remaining=338
    iter=1663 E=-2.1068200810 nfev=1668 t=3003.2s remaining=337
    iter=1664 E=-2.1068201876 nfev=1669 t=3005.0s remaining=336
    iter=1665 E=-2.1068202539 nfev=1670 t=3006.7s remaining=335
    iter=1666 E=-2.1068203172 nfev=1671 t=3008.5s remaining=334
    iter=1667 E=-2.1068203881 nfev=1672 t=3010.3s remaining=333
    iter=1668 E=-2.1068204448 nfev=1673 t=3012.1s remaining=332
    iter=1669 E=-2.1068204893 nfev=1674 t=3013.9s remaining=331
    iter=1670 E=-2.1068205370 nfev=1675 t=3015.7s remaining=330
    iter=1671 E=-2.1068205893 nfev=1676 t=3017.5s remaining=329
    iter=1672 E=-2.1068206207 nfev=1677 t=3019.3s remaining=328
    iter=1673 E=-2.1068206642 nfev=1678 t=3021.1s remaining=327
    iter=1674 E=-2.1068207232 nfev=1679 t=3022.9s remaining=326
    iter=1675 E=-2.1068208034 nfev=1680 t=3024.6s remaining=325
    iter=1676 E=-2.1068209073 nfev=1681 t=3026.6s remaining=324
    iter=1677 E=-2.1068210362 nfev=1682 t=3028.8s remaining=323
    iter=1678 E=-2.1068211973 nfev=1683 t=3030.7s remaining=322
    iter=1679 E=-2.1068213676 nfev=1684 t=3032.5s remaining=321
    iter=1680 E=-2.1068215251 nfev=1685 t=3034.4s remaining=320
    iter=1681 E=-2.1068216792 nfev=1686 t=3036.2s remaining=319
    iter=1682 E=-2.1068218308 nfev=1687 t=3037.9s remaining=318
    iter=1683 E=-2.1068219853 nfev=1688 t=3039.6s remaining=317
    iter=1684 E=-2.1068220948 nfev=1689 t=3041.4s remaining=316
    iter=1685 E=-2.1068221696 nfev=1690 t=3043.2s remaining=315
    iter=1686 E=-2.1068222243 nfev=1691 t=3045.1s remaining=314
    iter=1687 E=-2.1068222724 nfev=1692 t=3046.8s remaining=313
    iter=1688 E=-2.1068223299 nfev=1693 t=3048.8s remaining=312
    iter=1689 E=-2.1068223735 nfev=1694 t=3050.7s remaining=311
    iter=1690 E=-2.1068224147 nfev=1695 t=3052.6s remaining=310
    iter=1691 E=-2.1068224507 nfev=1696 t=3054.5s remaining=309
    iter=1692 E=-2.1068224880 nfev=1697 t=3056.3s remaining=308
    iter=1693 E=-2.1068225340 nfev=1698 t=3058.2s remaining=307
    iter=1694 E=-2.1068226034 nfev=1699 t=3060.2s remaining=306
    iter=1695 E=-2.1068227027 nfev=1700 t=3061.9s remaining=305
    iter=1696 E=-2.1068228336 nfev=1701 t=3063.7s remaining=304
    iter=1697 E=-2.1068229862 nfev=1702 t=3065.5s remaining=303
    iter=1698 E=-2.1068231620 nfev=1703 t=3067.3s remaining=302
    iter=1699 E=-2.1068233768 nfev=1704 t=3069.4s remaining=301
    iter=1700 E=-2.1068236234 nfev=1705 t=3071.6s remaining=300
    iter=1701 E=-2.1068238009 nfev=1706 t=3073.8s remaining=299
    iter=1702 E=-2.1068239564 nfev=1707 t=3075.8s remaining=298
    iter=1703 E=-2.1068240692 nfev=1708 t=3077.5s remaining=297
    iter=1704 E=-2.1068241507 nfev=1709 t=3079.2s remaining=296
    iter=1705 E=-2.1068242072 nfev=1710 t=3081.3s remaining=295
    iter=1706 E=-2.1068242649 nfev=1711 t=3083.4s remaining=294
    iter=1707 E=-2.1068243134 nfev=1712 t=3085.7s remaining=293
    iter=1708 E=-2.1068243546 nfev=1713 t=3087.9s remaining=292
    iter=1709 E=-2.1068244016 nfev=1714 t=3090.2s remaining=291
    iter=1710 E=-2.1068244412 nfev=1715 t=3092.5s remaining=290
    iter=1711 E=-2.1068244775 nfev=1716 t=3094.3s remaining=289
    iter=1712 E=-2.1068245047 nfev=1717 t=3096.1s remaining=288
    iter=1713 E=-2.1068245333 nfev=1718 t=3098.1s remaining=287
    iter=1714 E=-2.1068245678 nfev=1719 t=3099.9s remaining=286
    iter=1715 E=-2.1068246118 nfev=1720 t=3101.7s remaining=285
    iter=1716 E=-2.1068246692 nfev=1721 t=3103.6s remaining=284
    iter=1717 E=-2.1068247476 nfev=1722 t=3105.9s remaining=283
    iter=1718 E=-2.1068248523 nfev=1723 t=3108.1s remaining=282
    iter=1719 E=-2.1068249928 nfev=1724 t=3110.3s remaining=281
    iter=1720 E=-2.1068251583 nfev=1725 t=3112.3s remaining=280
    iter=1721 E=-2.1068253105 nfev=1726 t=3114.0s remaining=279
    iter=1722 E=-2.1068254470 nfev=1727 t=3115.9s remaining=278
    iter=1723 E=-2.1068255457 nfev=1728 t=3117.6s remaining=277
    iter=1724 E=-2.1068256599 nfev=1729 t=3119.2s remaining=276
    iter=1725 E=-2.1068257503 nfev=1730 t=3121.0s remaining=275
    iter=1726 E=-2.1068258563 nfev=1731 t=3122.7s remaining=274
    iter=1727 E=-2.1068259745 nfev=1732 t=3124.4s remaining=273
    iter=1728 E=-2.1068260408 nfev=1733 t=3126.1s remaining=272
    iter=1729 E=-2.1068261045 nfev=1734 t=3128.0s remaining=271
    iter=1730 E=-2.1068261925 nfev=1735 t=3129.8s remaining=270
    iter=1731 E=-2.1068262483 nfev=1736 t=3131.5s remaining=269
    iter=1732 E=-2.1068263009 nfev=1737 t=3133.4s remaining=268
    iter=1733 E=-2.1068263451 nfev=1738 t=3135.2s remaining=267
    iter=1734 E=-2.1068263931 nfev=1739 t=3137.1s remaining=266
    iter=1735 E=-2.1068264288 nfev=1740 t=3139.0s remaining=265
    iter=1736 E=-2.1068264701 nfev=1741 t=3141.0s remaining=264
    iter=1737 E=-2.1068265265 nfev=1742 t=3142.9s remaining=263
    iter=1738 E=-2.1068266084 nfev=1743 t=3144.8s remaining=262
    iter=1739 E=-2.1068267018 nfev=1744 t=3146.7s remaining=261
    iter=1740 E=-2.1068268171 nfev=1745 t=3148.5s remaining=260
    iter=1741 E=-2.1068269711 nfev=1746 t=3150.3s remaining=259
    iter=1742 E=-2.1068271547 nfev=1747 t=3152.0s remaining=258
    iter=1743 E=-2.1068272904 nfev=1748 t=3153.7s remaining=257
    iter=1744 E=-2.1068274347 nfev=1749 t=3155.8s remaining=256
    iter=1745 E=-2.1068275851 nfev=1750 t=3158.0s remaining=255
    iter=1746 E=-2.1068276911 nfev=1751 t=3160.0s remaining=254
    iter=1747 E=-2.1068277945 nfev=1752 t=3161.6s remaining=253
    iter=1748 E=-2.1068278974 nfev=1753 t=3163.3s remaining=252
    iter=1749 E=-2.1068279648 nfev=1754 t=3165.1s remaining=251
    iter=1750 E=-2.1068280260 nfev=1755 t=3166.8s remaining=250
    iter=1751 E=-2.1068280832 nfev=1756 t=3169.1s remaining=249
    iter=1752 E=-2.1068281253 nfev=1757 t=3171.0s remaining=248
    iter=1753 E=-2.1068281724 nfev=1758 t=3172.8s remaining=247
    iter=1754 E=-2.1068281888 nfev=1759 t=3174.7s remaining=246
    iter=1755 E=-2.1068282114 nfev=1760 t=3176.3s remaining=245
    iter=1756 E=-2.1068282354 nfev=1761 t=3178.0s remaining=244
    iter=1757 E=-2.1068282591 nfev=1762 t=3179.7s remaining=243
    iter=1758 E=-2.1068282842 nfev=1763 t=3181.6s remaining=242
    iter=1759 E=-2.1068283201 nfev=1764 t=3183.5s remaining=241
    iter=1760 E=-2.1068283729 nfev=1765 t=3185.6s remaining=240
    iter=1761 E=-2.1068284465 nfev=1766 t=3187.7s remaining=239
    iter=1762 E=-2.1068285156 nfev=1767 t=3189.3s remaining=238
    iter=1763 E=-2.1068285852 nfev=1768 t=3190.9s remaining=237
    iter=1764 E=-2.1068286585 nfev=1769 t=3192.6s remaining=236
    iter=1765 E=-2.1068287560 nfev=1770 t=3194.6s remaining=235
    iter=1766 E=-2.1068288347 nfev=1771 t=3196.6s remaining=234
    iter=1767 E=-2.1068289242 nfev=1772 t=3198.5s remaining=233
    iter=1768 E=-2.1068290460 nfev=1773 t=3200.2s remaining=232
    iter=1769 E=-2.1068291742 nfev=1774 t=3201.9s remaining=231
    iter=1770 E=-2.1068292603 nfev=1775 t=3203.7s remaining=230
    iter=1771 E=-2.1068293511 nfev=1776 t=3205.4s remaining=229
    iter=1772 E=-2.1068294459 nfev=1777 t=3207.2s remaining=228
    iter=1773 E=-2.1068295330 nfev=1778 t=3209.1s remaining=227
    iter=1774 E=-2.1068295993 nfev=1779 t=3210.9s remaining=226
    iter=1775 E=-2.1068296784 nfev=1780 t=3212.7s remaining=225
    iter=1776 E=-2.1068297184 nfev=1781 t=3214.5s remaining=224
    iter=1777 E=-2.1068297643 nfev=1782 t=3216.3s remaining=223
    iter=1778 E=-2.1068298117 nfev=1783 t=3218.1s remaining=222
    iter=1779 E=-2.1068298619 nfev=1784 t=3219.9s remaining=221
    iter=1780 E=-2.1068298995 nfev=1785 t=3221.8s remaining=220
    iter=1781 E=-2.1068299336 nfev=1786 t=3223.7s remaining=219
    iter=1782 E=-2.1068299729 nfev=1787 t=3225.5s remaining=218
    iter=1783 E=-2.1068300087 nfev=1788 t=3227.2s remaining=217
    iter=1784 E=-2.1068300559 nfev=1789 t=3229.0s remaining=216
    iter=1785 E=-2.1068301214 nfev=1790 t=3230.6s remaining=215
    iter=1786 E=-2.1068301995 nfev=1791 t=3232.4s remaining=214
    iter=1787 E=-2.1068302889 nfev=1792 t=3234.1s remaining=213
    iter=1788 E=-2.1068303842 nfev=1793 t=3236.3s remaining=212
    iter=1789 E=-2.1068305018 nfev=1794 t=3238.2s remaining=211
    iter=1790 E=-2.1068306332 nfev=1795 t=3239.9s remaining=210
    iter=1791 E=-2.1068308038 nfev=1796 t=3241.6s remaining=209
    iter=1792 E=-2.1068309814 nfev=1797 t=3243.5s remaining=208
    iter=1793 E=-2.1068311713 nfev=1798 t=3245.3s remaining=207
    iter=1794 E=-2.1068313115 nfev=1799 t=3247.0s remaining=206
    iter=1795 E=-2.1068313857 nfev=1800 t=3248.9s remaining=205
    iter=1796 E=-2.1068314515 nfev=1801 t=3250.8s remaining=204
    iter=1797 E=-2.1068314997 nfev=1802 t=3252.5s remaining=203
    iter=1798 E=-2.1068315432 nfev=1803 t=3254.5s remaining=202
    iter=1799 E=-2.1068315804 nfev=1804 t=3256.6s remaining=201
    iter=1800 E=-2.1068316251 nfev=1805 t=3258.3s remaining=200
    iter=1801 E=-2.1068316579 nfev=1806 t=3260.1s remaining=199
    iter=1802 E=-2.1068316864 nfev=1807 t=3261.8s remaining=198
    iter=1803 E=-2.1068317086 nfev=1808 t=3263.5s remaining=197
    iter=1804 E=-2.1068317277 nfev=1809 t=3265.4s remaining=196
    iter=1805 E=-2.1068317544 nfev=1810 t=3267.5s remaining=195
    iter=1806 E=-2.1068317893 nfev=1811 t=3269.2s remaining=194
    iter=1807 E=-2.1068318413 nfev=1812 t=3270.9s remaining=193
    iter=1808 E=-2.1068319055 nfev=1813 t=3272.7s remaining=192
    iter=1809 E=-2.1068320007 nfev=1814 t=3274.5s remaining=191
    iter=1810 E=-2.1068321431 nfev=1815 t=3276.2s remaining=190
    iter=1811 E=-2.1068323411 nfev=1816 t=3277.9s remaining=189
    iter=1812 E=-2.1068325182 nfev=1817 t=3279.5s remaining=188
    iter=1813 E=-2.1068326500 nfev=1818 t=3281.4s remaining=187
    iter=1814 E=-2.1068327437 nfev=1819 t=3283.2s remaining=186
    iter=1815 E=-2.1068328333 nfev=1820 t=3285.1s remaining=185
    iter=1816 E=-2.1068328959 nfev=1821 t=3287.0s remaining=184
    iter=1817 E=-2.1068329479 nfev=1822 t=3288.7s remaining=183
    iter=1818 E=-2.1068329878 nfev=1823 t=3290.4s remaining=182
    iter=1819 E=-2.1068330155 nfev=1824 t=3292.6s remaining=181
    iter=1820 E=-2.1068330456 nfev=1825 t=3294.6s remaining=180
    iter=1821 E=-2.1068330673 nfev=1826 t=3296.9s remaining=179
    iter=1822 E=-2.1068330926 nfev=1827 t=3299.2s remaining=178
    iter=1823 E=-2.1068331282 nfev=1828 t=3301.3s remaining=177
    iter=1824 E=-2.1068331641 nfev=1829 t=3303.1s remaining=176
    iter=1825 E=-2.1068332128 nfev=1830 t=3305.0s remaining=175
    iter=1826 E=-2.1068332786 nfev=1831 t=3306.8s remaining=174
    iter=1827 E=-2.1068333721 nfev=1832 t=3308.8s remaining=173
    iter=1828 E=-2.1068335008 nfev=1833 t=3310.8s remaining=172
    iter=1829 E=-2.1068336481 nfev=1834 t=3312.7s remaining=171
    iter=1830 E=-2.1068338048 nfev=1835 t=3314.3s remaining=170
    iter=1831 E=-2.1068339779 nfev=1836 t=3316.0s remaining=169
    iter=1832 E=-2.1068341162 nfev=1837 t=3317.8s remaining=168
    iter=1833 E=-2.1068342447 nfev=1838 t=3319.7s remaining=167
    iter=1834 E=-2.1068343486 nfev=1839 t=3321.5s remaining=166
    iter=1835 E=-2.1068344436 nfev=1840 t=3323.4s remaining=165
    iter=1836 E=-2.1068345132 nfev=1841 t=3325.1s remaining=164
    iter=1837 E=-2.1068345512 nfev=1842 t=3326.8s remaining=163
    iter=1838 E=-2.1068345991 nfev=1843 t=3328.5s remaining=162
    iter=1839 E=-2.1068346323 nfev=1844 t=3330.2s remaining=161
    iter=1840 E=-2.1068346681 nfev=1845 t=3332.2s remaining=160
    iter=1841 E=-2.1068346920 nfev=1846 t=3334.2s remaining=159
    iter=1842 E=-2.1068347250 nfev=1847 t=3335.9s remaining=158
    iter=1843 E=-2.1068347480 nfev=1848 t=3337.7s remaining=157
    iter=1844 E=-2.1068347737 nfev=1849 t=3339.4s remaining=156
    iter=1845 E=-2.1068347986 nfev=1850 t=3341.2s remaining=155
    iter=1846 E=-2.1068348209 nfev=1851 t=3342.9s remaining=154
    iter=1847 E=-2.1068348441 nfev=1852 t=3344.8s remaining=153
    iter=1848 E=-2.1068348709 nfev=1853 t=3346.6s remaining=152
    iter=1849 E=-2.1068349016 nfev=1854 t=3349.0s remaining=151
    iter=1850 E=-2.1068349405 nfev=1855 t=3351.3s remaining=150
    iter=1851 E=-2.1068349817 nfev=1856 t=3353.6s remaining=149
    iter=1852 E=-2.1068350317 nfev=1857 t=3355.4s remaining=148
    iter=1853 E=-2.1068350981 nfev=1858 t=3357.2s remaining=147
    iter=1854 E=-2.1068351668 nfev=1859 t=3359.2s remaining=146
    iter=1855 E=-2.1068352315 nfev=1860 t=3361.0s remaining=145
    iter=1856 E=-2.1068352928 nfev=1861 t=3362.8s remaining=144
    iter=1857 E=-2.1068353782 nfev=1862 t=3364.7s remaining=143
    iter=1858 E=-2.1068354350 nfev=1863 t=3366.7s remaining=142
    iter=1859 E=-2.1068354964 nfev=1864 t=3368.5s remaining=141
    iter=1860 E=-2.1068355633 nfev=1865 t=3370.3s remaining=140
    iter=1861 E=-2.1068356353 nfev=1866 t=3372.2s remaining=139
    iter=1862 E=-2.1068357003 nfev=1867 t=3373.9s remaining=138
    iter=1863 E=-2.1068357803 nfev=1868 t=3375.8s remaining=137
    iter=1864 E=-2.1068358597 nfev=1869 t=3377.5s remaining=136
    iter=1865 E=-2.1068359151 nfev=1870 t=3379.3s remaining=135
    iter=1866 E=-2.1068359785 nfev=1871 t=3381.0s remaining=134
    iter=1867 E=-2.1068360773 nfev=1872 t=3382.8s remaining=133
    iter=1868 E=-2.1068361764 nfev=1873 t=3384.5s remaining=132
    iter=1869 E=-2.1068362493 nfev=1874 t=3386.8s remaining=131
    iter=1870 E=-2.1068363099 nfev=1875 t=3389.1s remaining=130
    iter=1871 E=-2.1068363505 nfev=1876 t=3391.3s remaining=129
    iter=1872 E=-2.1068363866 nfev=1877 t=3393.6s remaining=128
    iter=1873 E=-2.1068364246 nfev=1878 t=3395.9s remaining=127
    iter=1874 E=-2.1068364687 nfev=1879 t=3398.0s remaining=126
    iter=1875 E=-2.1068365190 nfev=1880 t=3399.9s remaining=125
    iter=1876 E=-2.1068365835 nfev=1881 t=3401.7s remaining=124
    iter=1877 E=-2.1068366687 nfev=1882 t=3403.4s remaining=123
    iter=1878 E=-2.1068367732 nfev=1883 t=3405.3s remaining=122
    iter=1879 E=-2.1068368938 nfev=1884 t=3407.0s remaining=121
    iter=1880 E=-2.1068369960 nfev=1885 t=3409.0s remaining=120
    iter=1881 E=-2.1068370973 nfev=1886 t=3411.2s remaining=119
    iter=1882 E=-2.1068371636 nfev=1887 t=3413.1s remaining=118
    iter=1883 E=-2.1068372476 nfev=1888 t=3415.1s remaining=117
    iter=1884 E=-2.1068373075 nfev=1889 t=3417.1s remaining=116
    iter=1885 E=-2.1068373661 nfev=1890 t=3418.9s remaining=115
    iter=1886 E=-2.1068374086 nfev=1891 t=3420.8s remaining=114
    iter=1887 E=-2.1068374383 nfev=1892 t=3422.9s remaining=113
    iter=1888 E=-2.1068374629 nfev=1893 t=3424.7s remaining=112
    iter=1889 E=-2.1068374829 nfev=1894 t=3426.5s remaining=111
    iter=1890 E=-2.1068375034 nfev=1895 t=3428.6s remaining=110
    iter=1891 E=-2.1068375234 nfev=1896 t=3430.8s remaining=109
    iter=1892 E=-2.1068375503 nfev=1897 t=3432.6s remaining=108
    iter=1893 E=-2.1068375869 nfev=1898 t=3434.4s remaining=107
    iter=1894 E=-2.1068376373 nfev=1899 t=3436.2s remaining=106
    iter=1895 E=-2.1068376956 nfev=1900 t=3438.2s remaining=105
    iter=1896 E=-2.1068377604 nfev=1901 t=3440.2s remaining=104
    iter=1897 E=-2.1068378330 nfev=1902 t=3442.4s remaining=103
    iter=1898 E=-2.1068379115 nfev=1903 t=3444.7s remaining=102
    iter=1899 E=-2.1068380114 nfev=1904 t=3447.0s remaining=101
    iter=1900 E=-2.1068381028 nfev=1905 t=3449.3s remaining=100
    iter=1901 E=-2.1068381940 nfev=1906 t=3451.7s remaining=99
    iter=1902 E=-2.1068383034 nfev=1907 t=3454.2s remaining=98
    iter=1903 E=-2.1068383921 nfev=1908 t=3456.7s remaining=97
    iter=1904 E=-2.1068384869 nfev=1909 t=3458.9s remaining=96
    iter=1905 E=-2.1068385538 nfev=1910 t=3461.2s remaining=95
    iter=1906 E=-2.1068386305 nfev=1911 t=3463.5s remaining=94
    iter=1907 E=-2.1068386772 nfev=1912 t=3465.5s remaining=93
    iter=1908 E=-2.1068387095 nfev=1913 t=3467.2s remaining=92
    iter=1909 E=-2.1068387390 nfev=1914 t=3469.0s remaining=91
    iter=1910 E=-2.1068387600 nfev=1915 t=3470.7s remaining=90
    iter=1911 E=-2.1068387808 nfev=1916 t=3472.8s remaining=89
    iter=1912 E=-2.1068388039 nfev=1917 t=3475.1s remaining=88
    iter=1913 E=-2.1068388250 nfev=1918 t=3477.0s remaining=87
    iter=1914 E=-2.1068388447 nfev=1919 t=3479.3s remaining=86
    iter=1915 E=-2.1068388670 nfev=1920 t=3481.4s remaining=85
    iter=1916 E=-2.1068388939 nfev=1921 t=3483.3s remaining=84
    iter=1917 E=-2.1068389313 nfev=1922 t=3485.2s remaining=83
    iter=1918 E=-2.1068389783 nfev=1923 t=3486.9s remaining=82
    iter=1919 E=-2.1068390363 nfev=1924 t=3488.7s remaining=81
    iter=1920 E=-2.1068390957 nfev=1925 t=3490.4s remaining=80
    iter=1921 E=-2.1068391793 nfev=1926 t=3492.2s remaining=79
    iter=1922 E=-2.1068392888 nfev=1927 t=3494.0s remaining=78
    iter=1923 E=-2.1068393752 nfev=1928 t=3495.8s remaining=77
    iter=1924 E=-2.1068394402 nfev=1929 t=3497.6s remaining=76
    iter=1925 E=-2.1068395175 nfev=1930 t=3499.5s remaining=75
    iter=1926 E=-2.1068396011 nfev=1931 t=3501.5s remaining=74
    iter=1927 E=-2.1068396786 nfev=1932 t=3503.3s remaining=73
    iter=1928 E=-2.1068397411 nfev=1933 t=3505.1s remaining=72
    iter=1929 E=-2.1068398317 nfev=1934 t=3506.9s remaining=71
    iter=1930 E=-2.1068399404 nfev=1935 t=3509.0s remaining=70
    iter=1931 E=-2.1068400201 nfev=1936 t=3511.3s remaining=69
    iter=1932 E=-2.1068400766 nfev=1937 t=3513.5s remaining=68
    iter=1933 E=-2.1068401264 nfev=1938 t=3515.3s remaining=67
    iter=1934 E=-2.1068401786 nfev=1939 t=3517.4s remaining=66
    iter=1935 E=-2.1068402128 nfev=1940 t=3519.6s remaining=65
    iter=1936 E=-2.1068402555 nfev=1941 t=3521.8s remaining=64
    iter=1937 E=-2.1068403035 nfev=1942 t=3524.1s remaining=63
    iter=1938 E=-2.1068403379 nfev=1943 t=3526.2s remaining=62
    iter=1939 E=-2.1068403842 nfev=1944 t=3528.5s remaining=61
    iter=1940 E=-2.1068404487 nfev=1945 t=3530.8s remaining=60
    iter=1941 E=-2.1068405139 nfev=1946 t=3533.0s remaining=59
    iter=1942 E=-2.1068406124 nfev=1947 t=3535.3s remaining=58
    iter=1943 E=-2.1068407703 nfev=1948 t=3537.6s remaining=57
    iter=1944 E=-2.1068409526 nfev=1949 t=3539.4s remaining=56
    iter=1945 E=-2.1068410909 nfev=1950 t=3541.2s remaining=55
    iter=1946 E=-2.1068412164 nfev=1951 t=3543.1s remaining=54
    iter=1947 E=-2.1068413004 nfev=1952 t=3544.8s remaining=53
    iter=1948 E=-2.1068413688 nfev=1953 t=3546.6s remaining=52
    iter=1949 E=-2.1068414424 nfev=1954 t=3548.4s remaining=51
    iter=1950 E=-2.1068415273 nfev=1955 t=3550.2s remaining=50
    iter=1951 E=-2.1068416036 nfev=1956 t=3552.1s remaining=49
    iter=1952 E=-2.1068416821 nfev=1957 t=3553.9s remaining=48
    iter=1953 E=-2.1068417572 nfev=1958 t=3555.6s remaining=47
    iter=1954 E=-2.1068418003 nfev=1959 t=3557.4s remaining=46
    iter=1955 E=-2.1068418516 nfev=1960 t=3559.2s remaining=45
    iter=1956 E=-2.1068418774 nfev=1961 t=3561.5s remaining=44
    iter=1957 E=-2.1068419027 nfev=1962 t=3563.8s remaining=43
    iter=1958 E=-2.1068419176 nfev=1963 t=3566.1s remaining=42
    iter=1959 E=-2.1068419321 nfev=1964 t=3568.3s remaining=41
    iter=1960 E=-2.1068419457 nfev=1965 t=3570.5s remaining=40
    iter=1961 E=-2.1068419625 nfev=1966 t=3572.5s remaining=39
    iter=1962 E=-2.1068419797 nfev=1967 t=3574.4s remaining=38
    iter=1963 E=-2.1068420006 nfev=1968 t=3576.1s remaining=37
    iter=1964 E=-2.1068420273 nfev=1969 t=3578.3s remaining=36
    iter=1965 E=-2.1068420629 nfev=1970 t=3580.3s remaining=35
    iter=1966 E=-2.1068421130 nfev=1971 t=3582.1s remaining=34
    iter=1967 E=-2.1068421833 nfev=1972 t=3583.9s remaining=33
    iter=1968 E=-2.1068422709 nfev=1973 t=3585.7s remaining=32
    iter=1969 E=-2.1068423691 nfev=1974 t=3587.5s remaining=31
    iter=1970 E=-2.1068424888 nfev=1975 t=3589.4s remaining=30
    iter=1971 E=-2.1068426309 nfev=1976 t=3591.2s remaining=29
    iter=1972 E=-2.1068427266 nfev=1977 t=3593.0s remaining=28
    iter=1973 E=-2.1068428600 nfev=1978 t=3594.8s remaining=27
    iter=1974 E=-2.1068429679 nfev=1979 t=3596.5s remaining=26
    iter=1975 E=-2.1068430254 nfev=1980 t=3598.2s remaining=25
    iter=1976 E=-2.1068430888 nfev=1981 t=3600.0s remaining=24
    iter=1977 E=-2.1068431446 nfev=1982 t=3601.7s remaining=23
    iter=1978 E=-2.1068431761 nfev=1983 t=3603.5s remaining=22
    iter=1979 E=-2.1068432084 nfev=1984 t=3605.5s remaining=21
    iter=1980 E=-2.1068432373 nfev=1985 t=3607.3s remaining=20
    iter=1981 E=-2.1068432696 nfev=1986 t=3609.1s remaining=19
    iter=1982 E=-2.1068432987 nfev=1987 t=3610.9s remaining=18
    iter=1983 E=-2.1068433319 nfev=1988 t=3612.6s remaining=17
    iter=1984 E=-2.1068433640 nfev=1989 t=3614.3s remaining=16
    iter=1985 E=-2.1068434039 nfev=1990 t=3616.1s remaining=15
    iter=1986 E=-2.1068434525 nfev=1991 t=3617.9s remaining=14
    iter=1987 E=-2.1068434911 nfev=1992 t=3619.6s remaining=13
    iter=1988 E=-2.1068435326 nfev=1993 t=3621.3s remaining=12
    iter=1989 E=-2.1068435635 nfev=1994 t=3623.2s remaining=11
    iter=1990 E=-2.1068435969 nfev=1995 t=3625.0s remaining=10
    iter=1991 E=-2.1068436429 nfev=1996 t=3626.8s remaining=9
    iter=1992 E=-2.1068437073 nfev=1997 t=3628.7s remaining=8
    iter=1993 E=-2.1068437931 nfev=1998 t=3631.0s remaining=7
    iter=1994 E=-2.1068439020 nfev=1999 t=3633.3s remaining=6
    iter=1995 E=-2.1068440357 nfev=2000 t=3635.5s remaining=5
    iter=1996 E=-2.1068441705 nfev=2001 t=3637.5s remaining=4
    iter=1997 E=-2.1068443418 nfev=2002 t=3639.3s remaining=3
    iter=1998 E=-2.1068444678 nfev=2003 t=3641.1s remaining=2
    iter=1999 E=-2.1068445862 nfev=2004 t=3642.8s remaining=1
    iter=2000 E=-2.1068446754 nfev=2005 t=3644.5s remaining=0
    iter=2000 E=-2.1068446754 nfev=2005 t=3644.6s remaining=0
    seed=0 E=-2.1068446754 dE=+1.522e-04 nit=2000 ok=False t=3644.6s
  r=0.70  L=10  npar=428   E=-2.1068446754  |E-FCI|=1.522e-04  FCI=no   chem=yes

=== summary (best seed per layer) ===
  bond   L ansatz                 npar              E     |E-FCI|  FCI? chem?
  0.70  10 (ECD+SNAP)^10 + ECD     428  -2.1068446754   1.522e-04    no   yes

wrote data/results/h4_hybrid_L10_nobs_r0070.json
