self-check ok (nfock=4, use_bs=False, worst FD rel err 0.00e+00)
per-iter log: data/results/h4_hybrid_L10_nobs_r250_iters.jsonl
live snapshot: data/results/h4_hybrid_L10_nobs_r250_live.json

=== build H4 JWT Hamiltonian at R=2.50 Å ===
=== r=2.50 Å stretched  FCI(pyscf)=-1.8722159944  eig=-1.8722159944  paper_fci=-1.87221599  paper_SNAP_D20=-1.872215990639203 ===
-- r=2.50  (ECD+SNAP)^10 + ECD   npar=428 --
    iter=1 E=-1.1691635213 nfev=3 t=4.7s remaining=1999
    iter=2 E=-1.2298681022 nfev=5 t=7.8s remaining=1998
    iter=3 E=-1.2569526401 nfev=6 t=9.3s remaining=1997
    iter=4 E=-1.2976703543 nfev=7 t=10.9s remaining=1996
    iter=5 E=-1.3386491163 nfev=8 t=12.5s remaining=1995
    iter=6 E=-1.3503556122 nfev=9 t=14.1s remaining=1994
    iter=7 E=-1.3696239998 nfev=10 t=15.6s remaining=1993
    iter=8 E=-1.3964191198 nfev=11 t=17.2s remaining=1992
    iter=9 E=-1.4126400260 nfev=12 t=18.7s remaining=1991
    iter=10 E=-1.4271191027 nfev=13 t=20.4s remaining=1990
    iter=11 E=-1.4368448724 nfev=14 t=22.0s remaining=1989
    iter=12 E=-1.4479381351 nfev=15 t=23.7s remaining=1988
    iter=13 E=-1.4612350628 nfev=16 t=25.3s remaining=1987
    iter=14 E=-1.4755362750 nfev=17 t=27.0s remaining=1986
    iter=15 E=-1.4923163064 nfev=18 t=28.6s remaining=1985
    iter=16 E=-1.5083409903 nfev=19 t=30.1s remaining=1984
    iter=17 E=-1.5253797528 nfev=20 t=31.7s remaining=1983
    iter=18 E=-1.5404069880 nfev=21 t=33.4s remaining=1982
    iter=19 E=-1.5505428650 nfev=22 t=35.1s remaining=1981
    iter=20 E=-1.5662083158 nfev=23 t=36.8s remaining=1980
    iter=21 E=-1.5812609474 nfev=24 t=38.5s remaining=1979
    iter=22 E=-1.5992907620 nfev=25 t=40.2s remaining=1978
    iter=23 E=-1.6125041969 nfev=26 t=41.8s remaining=1977
    iter=24 E=-1.6300267379 nfev=27 t=43.4s remaining=1976
    iter=25 E=-1.6366832459 nfev=28 t=45.0s remaining=1975
    iter=26 E=-1.6477259949 nfev=29 t=46.7s remaining=1974
    iter=27 E=-1.6631631551 nfev=30 t=48.3s remaining=1973
    iter=28 E=-1.6794247048 nfev=31 t=50.0s remaining=1972
    iter=29 E=-1.6924350552 nfev=32 t=51.6s remaining=1971
    iter=30 E=-1.6994053452 nfev=33 t=53.2s remaining=1970
    iter=31 E=-1.7099754674 nfev=34 t=54.8s remaining=1969
    iter=32 E=-1.7260345126 nfev=35 t=56.5s remaining=1968
    iter=33 E=-1.7444491672 nfev=36 t=58.4s remaining=1967
    iter=34 E=-1.7527664364 nfev=37 t=60.0s remaining=1966
    iter=35 E=-1.7609254617 nfev=38 t=61.6s remaining=1965
    iter=36 E=-1.7703407449 nfev=39 t=63.1s remaining=1964
    iter=37 E=-1.7806667819 nfev=40 t=64.7s remaining=1963
    iter=38 E=-1.7828422248 nfev=41 t=66.2s remaining=1962
    iter=39 E=-1.7868535329 nfev=42 t=67.9s remaining=1961
    iter=40 E=-1.7936783293 nfev=43 t=69.4s remaining=1960
    iter=41 E=-1.8045186358 nfev=44 t=71.1s remaining=1959
    iter=42 E=-1.8133597071 nfev=45 t=72.6s remaining=1958
    iter=43 E=-1.8200876948 nfev=46 t=74.3s remaining=1957
    iter=44 E=-1.8275825033 nfev=47 t=76.0s remaining=1956
    iter=45 E=-1.8339089787 nfev=48 t=77.5s remaining=1955
    iter=46 E=-1.8422704687 nfev=49 t=79.0s remaining=1954
    iter=47 E=-1.8453877700 nfev=50 t=80.7s remaining=1953
    iter=48 E=-1.8501025848 nfev=51 t=82.2s remaining=1952
    iter=49 E=-1.8542173235 nfev=52 t=83.9s remaining=1951
    iter=50 E=-1.8552864608 nfev=53 t=85.5s remaining=1950
    iter=51 E=-1.8570054125 nfev=54 t=87.0s remaining=1949
    iter=52 E=-1.8592325213 nfev=55 t=88.6s remaining=1948
    iter=53 E=-1.8599857607 nfev=56 t=90.1s remaining=1947
    iter=54 E=-1.8610637369 nfev=57 t=91.6s remaining=1946
    iter=55 E=-1.8620124057 nfev=58 t=93.2s remaining=1945
    iter=56 E=-1.8625812152 nfev=59 t=94.7s remaining=1944
    iter=57 E=-1.8632174112 nfev=60 t=96.3s remaining=1943
    iter=58 E=-1.8636329063 nfev=61 t=97.9s remaining=1942
    iter=59 E=-1.8641568193 nfev=62 t=99.6s remaining=1941
    iter=60 E=-1.8646338919 nfev=63 t=101.2s remaining=1940
    iter=61 E=-1.8648077285 nfev=64 t=102.8s remaining=1939
    iter=62 E=-1.8650691581 nfev=65 t=104.4s remaining=1938
    iter=63 E=-1.8653993584 nfev=66 t=106.1s remaining=1937
    iter=64 E=-1.8655903430 nfev=67 t=108.1s remaining=1936
    iter=65 E=-1.8658217928 nfev=68 t=110.1s remaining=1935
    iter=66 E=-1.8660720712 nfev=69 t=111.6s remaining=1934
    iter=67 E=-1.8663638813 nfev=70 t=113.2s remaining=1933
    iter=68 E=-1.8666026008 nfev=71 t=114.7s remaining=1932
    iter=69 E=-1.8667774268 nfev=72 t=116.2s remaining=1931
    iter=70 E=-1.8668997515 nfev=73 t=117.8s remaining=1930
    iter=71 E=-1.8670525884 nfev=74 t=119.3s remaining=1929
    iter=72 E=-1.8671720661 nfev=75 t=120.9s remaining=1928
    iter=73 E=-1.8672417733 nfev=76 t=122.5s remaining=1927
    iter=74 E=-1.8673317278 nfev=77 t=124.1s remaining=1926
    iter=75 E=-1.8674070094 nfev=78 t=125.9s remaining=1925
    iter=76 E=-1.8674640458 nfev=79 t=127.9s remaining=1924
    iter=77 E=-1.8675103159 nfev=80 t=129.5s remaining=1923
    iter=78 E=-1.8675588188 nfev=81 t=131.1s remaining=1922
    iter=79 E=-1.8676013836 nfev=82 t=132.6s remaining=1921
    iter=80 E=-1.8676541648 nfev=83 t=134.1s remaining=1920
    iter=81 E=-1.8677256960 nfev=84 t=135.8s remaining=1919
    iter=82 E=-1.8677959726 nfev=85 t=137.4s remaining=1918
    iter=83 E=-1.8678431959 nfev=86 t=139.0s remaining=1917
    iter=84 E=-1.8678751075 nfev=87 t=140.7s remaining=1916
    iter=85 E=-1.8678984114 nfev=88 t=142.3s remaining=1915
    iter=86 E=-1.8679145672 nfev=89 t=144.0s remaining=1914
    iter=87 E=-1.8679291281 nfev=90 t=145.7s remaining=1913
    iter=88 E=-1.8679464975 nfev=91 t=147.3s remaining=1912
    iter=89 E=-1.8679580363 nfev=92 t=149.0s remaining=1911
    iter=90 E=-1.8679693859 nfev=93 t=150.7s remaining=1910
    iter=91 E=-1.8679794089 nfev=94 t=152.3s remaining=1909
    iter=92 E=-1.8679855860 nfev=95 t=153.9s remaining=1908
    iter=93 E=-1.8679884519 nfev=96 t=155.6s remaining=1907
    iter=94 E=-1.8679903712 nfev=97 t=157.2s remaining=1906
    iter=95 E=-1.8679924979 nfev=98 t=158.8s remaining=1905
    iter=96 E=-1.8679952783 nfev=99 t=160.4s remaining=1904
    iter=97 E=-1.8679980416 nfev=100 t=161.9s remaining=1903
    iter=98 E=-1.8680002587 nfev=101 t=163.5s remaining=1902
    iter=99 E=-1.8680015946 nfev=102 t=165.0s remaining=1901
    iter=100 E=-1.8680028711 nfev=103 t=166.6s remaining=1900
    iter=101 E=-1.8680045370 nfev=104 t=168.3s remaining=1899
    iter=102 E=-1.8680069053 nfev=105 t=170.1s remaining=1898
    iter=103 E=-1.8680099135 nfev=106 t=171.7s remaining=1897
    iter=104 E=-1.8680125610 nfev=107 t=173.3s remaining=1896
    iter=105 E=-1.8680139000 nfev=108 t=174.9s remaining=1895
    iter=106 E=-1.8680144033 nfev=109 t=176.5s remaining=1894
    iter=107 E=-1.8680146452 nfev=110 t=178.1s remaining=1893
    iter=108 E=-1.8680148291 nfev=111 t=179.7s remaining=1892
    iter=109 E=-1.8680150968 nfev=112 t=181.3s remaining=1891
    iter=110 E=-1.8680155107 nfev=113 t=183.1s remaining=1890
    iter=111 E=-1.8680161409 nfev=114 t=185.0s remaining=1889
    iter=112 E=-1.8680170409 nfev=115 t=186.7s remaining=1888
    iter=113 E=-1.8680180105 nfev=116 t=188.4s remaining=1887
    iter=114 E=-1.8680189191 nfev=117 t=190.0s remaining=1886
    iter=115 E=-1.8680196349 nfev=118 t=191.8s remaining=1885
    iter=116 E=-1.8680202815 nfev=119 t=193.4s remaining=1884
    iter=117 E=-1.8680207829 nfev=120 t=194.9s remaining=1883
    iter=118 E=-1.8680210365 nfev=121 t=196.5s remaining=1882
    iter=119 E=-1.8680211308 nfev=122 t=198.0s remaining=1881
    iter=120 E=-1.8680211781 nfev=123 t=199.7s remaining=1880
    iter=121 E=-1.8680212287 nfev=124 t=201.4s remaining=1879
    iter=122 E=-1.8680213010 nfev=125 t=203.1s remaining=1878
    iter=123 E=-1.8680214204 nfev=126 t=204.9s remaining=1877
    iter=124 E=-1.8680216261 nfev=127 t=206.5s remaining=1876
    iter=125 E=-1.8680219875 nfev=128 t=208.1s remaining=1875
    iter=126 E=-1.8680226206 nfev=129 t=209.7s remaining=1874
    iter=127 E=-1.8680236978 nfev=130 t=211.5s remaining=1873
    iter=128 E=-1.8680253590 nfev=131 t=213.2s remaining=1872
    iter=129 E=-1.8680271365 nfev=132 t=214.7s remaining=1871
    iter=130 E=-1.8680286440 nfev=133 t=216.3s remaining=1870
    iter=131 E=-1.8680297572 nfev=134 t=218.0s remaining=1869
    iter=132 E=-1.8680299067 nfev=135 t=219.6s remaining=1868
    iter=133 E=-1.8680300145 nfev=136 t=221.2s remaining=1867
    iter=134 E=-1.8680301138 nfev=137 t=222.8s remaining=1866
    iter=135 E=-1.8680302183 nfev=138 t=224.3s remaining=1865
    iter=136 E=-1.8680304020 nfev=139 t=225.9s remaining=1864
    iter=137 E=-1.8680307342 nfev=140 t=227.5s remaining=1863
    iter=138 E=-1.8680313321 nfev=141 t=229.1s remaining=1862
    iter=139 E=-1.8680323720 nfev=142 t=230.6s remaining=1861
    iter=140 E=-1.8680340098 nfev=143 t=232.1s remaining=1860
    iter=141 E=-1.8680358981 nfev=144 t=233.7s remaining=1859
    iter=142 E=-1.8680373904 nfev=145 t=235.2s remaining=1858
    iter=143 E=-1.8680386913 nfev=146 t=236.8s remaining=1857
    iter=144 E=-1.8680387921 nfev=147 t=238.3s remaining=1856
    iter=145 E=-1.8680389574 nfev=148 t=239.9s remaining=1855
    iter=146 E=-1.8680391026 nfev=149 t=241.4s remaining=1854
    iter=147 E=-1.8680391665 nfev=150 t=243.0s remaining=1853
    iter=148 E=-1.8680392820 nfev=151 t=244.6s remaining=1852
    iter=149 E=-1.8680394818 nfev=152 t=246.3s remaining=1851
    iter=150 E=-1.8680398016 nfev=153 t=247.8s remaining=1850
    iter=151 E=-1.8680402740 nfev=154 t=249.4s remaining=1849
    iter=152 E=-1.8680410051 nfev=155 t=250.9s remaining=1848
    iter=153 E=-1.8680422618 nfev=156 t=252.6s remaining=1847
    iter=154 E=-1.8680444111 nfev=157 t=254.2s remaining=1846
    iter=155 E=-1.8680476744 nfev=158 t=255.8s remaining=1845
    iter=156 E=-1.8680509160 nfev=159 t=257.4s remaining=1844
    iter=157 E=-1.8680526287 nfev=160 t=259.0s remaining=1843
    iter=158 E=-1.8680529815 nfev=161 t=260.5s remaining=1842
    iter=159 E=-1.8680533522 nfev=162 t=262.1s remaining=1841
    iter=160 E=-1.8680534632 nfev=163 t=263.7s remaining=1840
    iter=161 E=-1.8680536396 nfev=164 t=265.2s remaining=1839
    iter=162 E=-1.8680539080 nfev=165 t=266.8s remaining=1838
    iter=163 E=-1.8680543221 nfev=166 t=268.5s remaining=1837
    iter=164 E=-1.8680549934 nfev=167 t=270.1s remaining=1836
    iter=165 E=-1.8680561128 nfev=168 t=271.7s remaining=1835
    iter=166 E=-1.8680579350 nfev=169 t=273.2s remaining=1834
    iter=167 E=-1.8680604984 nfev=170 t=274.9s remaining=1833
    iter=168 E=-1.8680622393 nfev=171 t=276.5s remaining=1832
    iter=169 E=-1.8680631577 nfev=172 t=278.2s remaining=1831
    iter=170 E=-1.8680636445 nfev=173 t=279.8s remaining=1830
    iter=171 E=-1.8680639271 nfev=174 t=281.4s remaining=1829
    iter=172 E=-1.8680641532 nfev=175 t=282.9s remaining=1828
    iter=173 E=-1.8680642828 nfev=176 t=284.5s remaining=1827
    iter=174 E=-1.8680644091 nfev=177 t=286.1s remaining=1826
    iter=175 E=-1.8680645969 nfev=178 t=287.7s remaining=1825
    iter=176 E=-1.8680649068 nfev=179 t=289.4s remaining=1824
    iter=177 E=-1.8680654380 nfev=180 t=291.0s remaining=1823
    iter=178 E=-1.8680663411 nfev=181 t=292.7s remaining=1822
    iter=179 E=-1.8680677809 nfev=182 t=294.5s remaining=1821
    iter=180 E=-1.8680697291 nfev=183 t=296.2s remaining=1820
    iter=181 E=-1.8680715643 nfev=184 t=297.8s remaining=1819
    iter=182 E=-1.8680738280 nfev=185 t=299.5s remaining=1818
    iter=183 E=-1.8680748062 nfev=186 t=301.2s remaining=1817
    iter=184 E=-1.8680749948 nfev=187 t=303.4s remaining=1816
    iter=185 E=-1.8680752832 nfev=188 t=305.1s remaining=1815
    iter=186 E=-1.8680754955 nfev=189 t=306.8s remaining=1814
    iter=187 E=-1.8680755838 nfev=190 t=308.6s remaining=1813
    iter=188 E=-1.8680757329 nfev=191 t=310.8s remaining=1812
    iter=189 E=-1.8680759849 nfev=192 t=313.0s remaining=1811
    iter=190 E=-1.8680763967 nfev=193 t=314.9s remaining=1810
    iter=191 E=-1.8680770355 nfev=194 t=316.5s remaining=1809
    iter=192 E=-1.8680779533 nfev=195 t=318.1s remaining=1808
    iter=193 E=-1.8680790870 nfev=196 t=319.7s remaining=1807
    iter=194 E=-1.8680801650 nfev=197 t=321.3s remaining=1806
    iter=195 E=-1.8680810020 nfev=198 t=323.0s remaining=1805
    iter=196 E=-1.8680820499 nfev=199 t=324.9s remaining=1804
    iter=197 E=-1.8680829788 nfev=200 t=326.4s remaining=1803
    iter=198 E=-1.8680839272 nfev=201 t=328.1s remaining=1802
    iter=199 E=-1.8680847493 nfev=202 t=329.8s remaining=1801
    iter=200 E=-1.8680855963 nfev=203 t=331.4s remaining=1800
    iter=201 E=-1.8680860791 nfev=204 t=333.3s remaining=1799
    iter=202 E=-1.8680863059 nfev=205 t=334.8s remaining=1798
    iter=203 E=-1.8680865301 nfev=206 t=336.4s remaining=1797
    iter=204 E=-1.8680866903 nfev=207 t=338.0s remaining=1796
    iter=205 E=-1.8680868322 nfev=208 t=339.6s remaining=1795
    iter=206 E=-1.8680870478 nfev=209 t=341.2s remaining=1794
    iter=207 E=-1.8680873822 nfev=210 t=342.8s remaining=1793
    iter=208 E=-1.8680879193 nfev=211 t=344.5s remaining=1792
    iter=209 E=-1.8680887807 nfev=212 t=346.0s remaining=1791
    iter=210 E=-1.8680901132 nfev=213 t=347.5s remaining=1790
    iter=211 E=-1.8680918649 nfev=214 t=349.1s remaining=1789
    iter=212 E=-1.8680933333 nfev=215 t=350.7s remaining=1788
    iter=213 E=-1.8680942864 nfev=216 t=352.3s remaining=1787
    iter=214 E=-1.8680949888 nfev=217 t=353.9s remaining=1786
    iter=215 E=-1.8680952372 nfev=218 t=355.4s remaining=1785
    iter=216 E=-1.8680953762 nfev=219 t=357.1s remaining=1784
    iter=217 E=-1.8680954989 nfev=220 t=358.7s remaining=1783
    iter=218 E=-1.8680956858 nfev=221 t=360.3s remaining=1782
    iter=219 E=-1.8680959825 nfev=222 t=361.9s remaining=1781
    iter=220 E=-1.8680964708 nfev=223 t=363.5s remaining=1780
    iter=221 E=-1.8680972706 nfev=224 t=365.2s remaining=1779
    iter=222 E=-1.8680985073 nfev=225 t=366.9s remaining=1778
    iter=223 E=-1.8680997777 nfev=226 t=368.4s remaining=1777
    iter=224 E=-1.8681001302 nfev=227 t=370.0s remaining=1776
    iter=225 E=-1.8681006927 nfev=228 t=371.6s remaining=1775
    iter=226 E=-1.8681013995 nfev=229 t=373.2s remaining=1774
    iter=227 E=-1.8681017995 nfev=230 t=374.8s remaining=1773
    iter=228 E=-1.8681020833 nfev=231 t=376.4s remaining=1772
    iter=229 E=-1.8681023684 nfev=232 t=378.1s remaining=1771
    iter=230 E=-1.8681026887 nfev=233 t=379.7s remaining=1770
    iter=231 E=-1.8681031374 nfev=234 t=381.3s remaining=1769
    iter=232 E=-1.8681038294 nfev=235 t=383.0s remaining=1768
    iter=233 E=-1.8681047179 nfev=236 t=384.6s remaining=1767
    iter=234 E=-1.8681053450 nfev=237 t=386.3s remaining=1766
    iter=235 E=-1.8681058587 nfev=238 t=387.9s remaining=1765
    iter=236 E=-1.8681063720 nfev=239 t=389.5s remaining=1764
    iter=237 E=-1.8681066386 nfev=240 t=391.0s remaining=1763
    iter=238 E=-1.8681069399 nfev=241 t=392.5s remaining=1762
    iter=239 E=-1.8681071780 nfev=242 t=394.2s remaining=1761
    iter=240 E=-1.8681074638 nfev=243 t=396.0s remaining=1760
    iter=241 E=-1.8681079212 nfev=244 t=397.7s remaining=1759
    iter=242 E=-1.8681086465 nfev=245 t=399.3s remaining=1758
    iter=243 E=-1.8681098774 nfev=246 t=401.0s remaining=1757
    iter=244 E=-1.8681117840 nfev=247 t=402.7s remaining=1756
    iter=245 E=-1.8681140412 nfev=248 t=404.4s remaining=1755
    iter=246 E=-1.8681154910 nfev=249 t=406.0s remaining=1754
    iter=247 E=-1.8681168943 nfev=250 t=407.7s remaining=1753
    iter=248 E=-1.8681174025 nfev=251 t=409.3s remaining=1752
    iter=249 E=-1.8681177003 nfev=252 t=410.9s remaining=1751
    iter=250 E=-1.8681179753 nfev=253 t=412.5s remaining=1750
    iter=251 E=-1.8681183259 nfev=254 t=414.2s remaining=1749
    iter=252 E=-1.8681188790 nfev=255 t=415.8s remaining=1748
    iter=253 E=-1.8681197219 nfev=256 t=417.4s remaining=1747
    iter=254 E=-1.8681208106 nfev=257 t=419.0s remaining=1746
    iter=255 E=-1.8681221750 nfev=258 t=420.6s remaining=1745
    iter=256 E=-1.8681236541 nfev=259 t=422.2s remaining=1744
    iter=257 E=-1.8681248735 nfev=260 t=423.8s remaining=1743
    iter=258 E=-1.8681258278 nfev=261 t=425.5s remaining=1742
    iter=259 E=-1.8681264269 nfev=262 t=427.3s remaining=1741
    iter=260 E=-1.8681269783 nfev=263 t=428.8s remaining=1740
    iter=261 E=-1.8681275268 nfev=264 t=430.4s remaining=1739
    iter=262 E=-1.8681279280 nfev=265 t=432.1s remaining=1738
    iter=263 E=-1.8681282889 nfev=266 t=433.8s remaining=1737
    iter=264 E=-1.8681285812 nfev=267 t=435.6s remaining=1736
    iter=265 E=-1.8681288348 nfev=268 t=437.3s remaining=1735
    iter=266 E=-1.8681291208 nfev=269 t=438.9s remaining=1734
    iter=267 E=-1.8681294724 nfev=270 t=440.7s remaining=1733
    iter=268 E=-1.8681299927 nfev=271 t=442.6s remaining=1732
    iter=269 E=-1.8681307142 nfev=272 t=444.2s remaining=1731
    iter=270 E=-1.8681316278 nfev=273 t=445.8s remaining=1730
    iter=271 E=-1.8681329633 nfev=274 t=447.4s remaining=1729
    iter=272 E=-1.8681343270 nfev=275 t=449.1s remaining=1728
    iter=273 E=-1.8681352794 nfev=276 t=450.7s remaining=1727
    iter=274 E=-1.8681359088 nfev=277 t=452.3s remaining=1726
    iter=275 E=-1.8681362489 nfev=278 t=454.1s remaining=1725
    iter=276 E=-1.8681364312 nfev=279 t=455.8s remaining=1724
    iter=277 E=-1.8681366052 nfev=280 t=457.4s remaining=1723
    iter=278 E=-1.8681367985 nfev=281 t=458.9s remaining=1722
    iter=279 E=-1.8681370701 nfev=282 t=460.6s remaining=1721
    iter=280 E=-1.8681374913 nfev=283 t=462.2s remaining=1720
    iter=281 E=-1.8681381692 nfev=284 t=463.9s remaining=1719
    iter=282 E=-1.8681392737 nfev=285 t=465.5s remaining=1718
    iter=283 E=-1.8681409861 nfev=286 t=467.1s remaining=1717
    iter=284 E=-1.8681430552 nfev=287 t=468.6s remaining=1716
    iter=285 E=-1.8681440397 nfev=289 t=471.7s remaining=1715
    iter=286 E=-1.8681454171 nfev=290 t=473.2s remaining=1714
    iter=287 E=-1.8681470254 nfev=291 t=474.8s remaining=1713
    iter=288 E=-1.8681479565 nfev=292 t=476.4s remaining=1712
    iter=289 E=-1.8681488515 nfev=293 t=478.0s remaining=1711
    iter=290 E=-1.8681493266 nfev=294 t=479.6s remaining=1710
    iter=291 E=-1.8681497189 nfev=295 t=481.2s remaining=1709
    iter=292 E=-1.8681501074 nfev=296 t=482.8s remaining=1708
    iter=293 E=-1.8681505040 nfev=297 t=484.3s remaining=1707
    iter=294 E=-1.8681508905 nfev=298 t=485.9s remaining=1706
    iter=295 E=-1.8681511616 nfev=299 t=487.4s remaining=1705
    iter=296 E=-1.8681514322 nfev=300 t=489.0s remaining=1704
    iter=297 E=-1.8681518593 nfev=301 t=490.5s remaining=1703
    iter=298 E=-1.8681525073 nfev=302 t=492.1s remaining=1702
    iter=299 E=-1.8681534509 nfev=303 t=493.7s remaining=1701
    iter=300 E=-1.8681546170 nfev=304 t=495.2s remaining=1700
    iter=301 E=-1.8681557010 nfev=305 t=496.8s remaining=1699
    iter=302 E=-1.8681564580 nfev=306 t=498.4s remaining=1698
    iter=303 E=-1.8681570078 nfev=307 t=500.0s remaining=1697
    iter=304 E=-1.8681572432 nfev=308 t=501.7s remaining=1696
    iter=305 E=-1.8681574636 nfev=309 t=503.3s remaining=1695
    iter=306 E=-1.8681577849 nfev=310 t=504.8s remaining=1694
    iter=307 E=-1.8681582166 nfev=311 t=506.5s remaining=1693
    iter=308 E=-1.8681586971 nfev=312 t=508.1s remaining=1692
    iter=309 E=-1.8681592706 nfev=313 t=509.8s remaining=1691
    iter=310 E=-1.8681598143 nfev=314 t=511.5s remaining=1690
    iter=311 E=-1.8681603042 nfev=315 t=513.0s remaining=1689
    iter=312 E=-1.8681608505 nfev=316 t=514.7s remaining=1688
    iter=313 E=-1.8681615193 nfev=317 t=516.3s remaining=1687
    iter=314 E=-1.8681624627 nfev=318 t=517.9s remaining=1686
    iter=315 E=-1.8681637083 nfev=319 t=519.6s remaining=1685
    iter=316 E=-1.8681651980 nfev=320 t=521.1s remaining=1684
    iter=317 E=-1.8681665583 nfev=321 t=522.8s remaining=1683
    iter=318 E=-1.8681678718 nfev=322 t=524.4s remaining=1682
    iter=319 E=-1.8681687110 nfev=323 t=525.9s remaining=1681
    iter=320 E=-1.8681690910 nfev=324 t=527.5s remaining=1680
    iter=321 E=-1.8681692754 nfev=325 t=529.0s remaining=1679
    iter=322 E=-1.8681694595 nfev=326 t=530.6s remaining=1678
    iter=323 E=-1.8681697001 nfev=327 t=532.2s remaining=1677
    iter=324 E=-1.8681700927 nfev=328 t=533.7s remaining=1676
    iter=325 E=-1.8681707563 nfev=329 t=535.3s remaining=1675
    iter=326 E=-1.8681717710 nfev=330 t=536.8s remaining=1674
    iter=327 E=-1.8681728280 nfev=331 t=538.4s remaining=1673
    iter=328 E=-1.8681737795 nfev=332 t=539.9s remaining=1672
    iter=329 E=-1.8681750946 nfev=333 t=541.5s remaining=1671
    iter=330 E=-1.8681762211 nfev=334 t=543.0s remaining=1670
    iter=331 E=-1.8681777740 nfev=335 t=544.6s remaining=1669
    iter=332 E=-1.8681793552 nfev=336 t=546.3s remaining=1668
    iter=333 E=-1.8681805034 nfev=337 t=547.9s remaining=1667
    iter=334 E=-1.8681812581 nfev=338 t=549.6s remaining=1666
    iter=335 E=-1.8681818358 nfev=339 t=551.2s remaining=1665
    iter=336 E=-1.8681822708 nfev=340 t=552.7s remaining=1664
    iter=337 E=-1.8681825644 nfev=341 t=554.3s remaining=1663
    iter=338 E=-1.8681829183 nfev=342 t=556.0s remaining=1662
    iter=339 E=-1.8681831329 nfev=343 t=557.7s remaining=1661
    iter=340 E=-1.8681832910 nfev=344 t=559.4s remaining=1660
    iter=341 E=-1.8681834876 nfev=345 t=561.0s remaining=1659
    iter=342 E=-1.8681836650 nfev=346 t=562.6s remaining=1658
    iter=343 E=-1.8681838856 nfev=347 t=564.2s remaining=1657
    iter=344 E=-1.8681841114 nfev=348 t=565.8s remaining=1656
    iter=345 E=-1.8681844569 nfev=349 t=567.5s remaining=1655
    iter=346 E=-1.8681850489 nfev=350 t=569.2s remaining=1654
    iter=347 E=-1.8681860558 nfev=351 t=570.8s remaining=1653
    iter=348 E=-1.8681876538 nfev=352 t=572.5s remaining=1652
    iter=349 E=-1.8681895863 nfev=353 t=574.1s remaining=1651
    iter=350 E=-1.8681907658 nfev=354 t=575.7s remaining=1650
    iter=351 E=-1.8681916611 nfev=355 t=577.3s remaining=1649
    iter=352 E=-1.8681923404 nfev=356 t=579.0s remaining=1648
    iter=353 E=-1.8681927937 nfev=357 t=580.7s remaining=1647
    iter=354 E=-1.8681932195 nfev=358 t=582.3s remaining=1646
    iter=355 E=-1.8681935611 nfev=359 t=584.0s remaining=1645
    iter=356 E=-1.8681938277 nfev=360 t=585.7s remaining=1644
    iter=357 E=-1.8681941872 nfev=361 t=587.4s remaining=1643
    iter=358 E=-1.8681945173 nfev=362 t=589.0s remaining=1642
    iter=359 E=-1.8681948418 nfev=363 t=590.5s remaining=1641
    iter=360 E=-1.8681951544 nfev=364 t=592.1s remaining=1640
    iter=361 E=-1.8681954640 nfev=365 t=593.7s remaining=1639
    iter=362 E=-1.8681958663 nfev=366 t=595.4s remaining=1638
    iter=363 E=-1.8681965111 nfev=367 t=597.0s remaining=1637
    iter=364 E=-1.8681975006 nfev=368 t=598.6s remaining=1636
    iter=365 E=-1.8681987606 nfev=369 t=600.2s remaining=1635
    iter=366 E=-1.8681998189 nfev=370 t=601.8s remaining=1634
    iter=367 E=-1.8682010163 nfev=371 t=603.4s remaining=1633
    iter=368 E=-1.8682015248 nfev=372 t=605.0s remaining=1632
    iter=369 E=-1.8682018655 nfev=373 t=606.6s remaining=1631
    iter=370 E=-1.8682022134 nfev=374 t=608.3s remaining=1630
    iter=371 E=-1.8682024376 nfev=375 t=609.9s remaining=1629
    iter=372 E=-1.8682027540 nfev=376 t=611.5s remaining=1628
    iter=373 E=-1.8682031685 nfev=377 t=613.1s remaining=1627
    iter=374 E=-1.8682037234 nfev=378 t=614.7s remaining=1626
    iter=375 E=-1.8682045634 nfev=379 t=616.4s remaining=1625
    iter=376 E=-1.8682056982 nfev=380 t=618.0s remaining=1624
    iter=377 E=-1.8682068894 nfev=381 t=619.6s remaining=1623
    iter=378 E=-1.8682083783 nfev=382 t=621.1s remaining=1622
    iter=379 E=-1.8682101163 nfev=383 t=622.6s remaining=1621
    iter=380 E=-1.8682121322 nfev=384 t=624.2s remaining=1620
    iter=381 E=-1.8682137426 nfev=385 t=625.8s remaining=1619
    iter=382 E=-1.8682143153 nfev=386 t=627.4s remaining=1618
    iter=383 E=-1.8682147315 nfev=387 t=629.0s remaining=1617
    iter=384 E=-1.8682151226 nfev=388 t=630.5s remaining=1616
    iter=385 E=-1.8682154125 nfev=389 t=632.1s remaining=1615
    iter=386 E=-1.8682156805 nfev=390 t=633.8s remaining=1614
    iter=387 E=-1.8682159820 nfev=391 t=635.3s remaining=1613
    iter=388 E=-1.8682163390 nfev=392 t=637.0s remaining=1612
    iter=389 E=-1.8682167577 nfev=393 t=638.6s remaining=1611
    iter=390 E=-1.8682171270 nfev=394 t=640.1s remaining=1610
    iter=391 E=-1.8682174893 nfev=395 t=641.6s remaining=1609
    iter=392 E=-1.8682179808 nfev=396 t=643.3s remaining=1608
    iter=393 E=-1.8682185136 nfev=397 t=644.9s remaining=1607
    iter=394 E=-1.8682191496 nfev=398 t=646.5s remaining=1606
    iter=395 E=-1.8682199692 nfev=399 t=648.1s remaining=1605
    iter=396 E=-1.8682206822 nfev=400 t=649.7s remaining=1604
    iter=397 E=-1.8682212682 nfev=401 t=651.3s remaining=1603
    iter=398 E=-1.8682218608 nfev=402 t=653.1s remaining=1602
    iter=399 E=-1.8682222937 nfev=403 t=654.7s remaining=1601
    iter=400 E=-1.8682226667 nfev=404 t=656.3s remaining=1600
    iter=401 E=-1.8682231420 nfev=405 t=657.8s remaining=1599
    iter=402 E=-1.8682235841 nfev=406 t=659.4s remaining=1598
    iter=403 E=-1.8682240547 nfev=407 t=660.9s remaining=1597
    iter=404 E=-1.8682244724 nfev=408 t=662.5s remaining=1596
    iter=405 E=-1.8682248563 nfev=409 t=664.3s remaining=1595
    iter=406 E=-1.8682252636 nfev=410 t=666.0s remaining=1594
    iter=407 E=-1.8682257954 nfev=411 t=667.6s remaining=1593
    iter=408 E=-1.8682264536 nfev=412 t=669.2s remaining=1592
    iter=409 E=-1.8682271656 nfev=413 t=670.8s remaining=1591
    iter=410 E=-1.8682278089 nfev=414 t=672.3s remaining=1590
    iter=411 E=-1.8682283183 nfev=415 t=673.8s remaining=1589
    iter=412 E=-1.8682288333 nfev=416 t=675.4s remaining=1588
    iter=413 E=-1.8682293932 nfev=417 t=677.0s remaining=1587
    iter=414 E=-1.8682301631 nfev=418 t=678.6s remaining=1586
    iter=415 E=-1.8682309897 nfev=419 t=680.2s remaining=1585
    iter=416 E=-1.8682319141 nfev=420 t=681.9s remaining=1584
    iter=417 E=-1.8682330493 nfev=421 t=683.6s remaining=1583
    iter=418 E=-1.8682340735 nfev=422 t=685.1s remaining=1582
    iter=419 E=-1.8682347403 nfev=423 t=686.6s remaining=1581
    iter=420 E=-1.8682349414 nfev=424 t=688.2s remaining=1580
    iter=421 E=-1.8682352187 nfev=425 t=689.7s remaining=1579
    iter=422 E=-1.8682353780 nfev=426 t=691.3s remaining=1578
    iter=423 E=-1.8682355744 nfev=427 t=692.9s remaining=1577
    iter=424 E=-1.8682358667 nfev=428 t=694.5s remaining=1576
    iter=425 E=-1.8682361561 nfev=429 t=696.1s remaining=1575
    iter=426 E=-1.8682362855 nfev=430 t=697.7s remaining=1574
    iter=427 E=-1.8682364478 nfev=431 t=699.5s remaining=1573
    iter=428 E=-1.8682366587 nfev=432 t=701.2s remaining=1572
    iter=429 E=-1.8682368889 nfev=433 t=702.8s remaining=1571
    iter=430 E=-1.8682371709 nfev=434 t=704.4s remaining=1570
    iter=431 E=-1.8682374233 nfev=435 t=706.3s remaining=1569
    iter=432 E=-1.8682376781 nfev=436 t=708.1s remaining=1568
    iter=433 E=-1.8682380678 nfev=437 t=709.6s remaining=1567
    iter=434 E=-1.8682386497 nfev=438 t=711.2s remaining=1566
    iter=435 E=-1.8682395069 nfev=439 t=712.8s remaining=1565
    iter=436 E=-1.8682406761 nfev=440 t=714.5s remaining=1564
    iter=437 E=-1.8682420893 nfev=441 t=716.1s remaining=1563
    iter=438 E=-1.8682434694 nfev=442 t=717.8s remaining=1562
    iter=439 E=-1.8682442263 nfev=443 t=719.4s remaining=1561
    iter=440 E=-1.8682445466 nfev=444 t=721.1s remaining=1560
    iter=441 E=-1.8682447025 nfev=445 t=722.8s remaining=1559
    iter=442 E=-1.8682448109 nfev=446 t=724.3s remaining=1558
    iter=443 E=-1.8682448938 nfev=447 t=725.9s remaining=1557
    iter=444 E=-1.8682450258 nfev=448 t=727.6s remaining=1556
    iter=445 E=-1.8682452433 nfev=449 t=729.2s remaining=1555
    iter=446 E=-1.8682455819 nfev=450 t=730.8s remaining=1554
    iter=447 E=-1.8682460007 nfev=451 t=732.4s remaining=1553
    iter=448 E=-1.8682463390 nfev=452 t=733.9s remaining=1552
    iter=449 E=-1.8682467229 nfev=453 t=735.5s remaining=1551
    iter=450 E=-1.8682471949 nfev=454 t=737.1s remaining=1550
    iter=451 E=-1.8682478352 nfev=455 t=738.7s remaining=1549
    iter=452 E=-1.8682486644 nfev=456 t=740.2s remaining=1548
    iter=453 E=-1.8682497012 nfev=457 t=741.8s remaining=1547
    iter=454 E=-1.8682508184 nfev=458 t=743.5s remaining=1546
    iter=455 E=-1.8682518322 nfev=459 t=745.1s remaining=1545
    iter=456 E=-1.8682523533 nfev=460 t=746.8s remaining=1544
    iter=457 E=-1.8682527206 nfev=461 t=748.4s remaining=1543
    iter=458 E=-1.8682529058 nfev=462 t=749.9s remaining=1542
    iter=459 E=-1.8682531019 nfev=463 t=751.6s remaining=1541
    iter=460 E=-1.8682533296 nfev=464 t=753.3s remaining=1540
    iter=461 E=-1.8682535730 nfev=465 t=754.8s remaining=1539
    iter=462 E=-1.8682539363 nfev=466 t=756.4s remaining=1538
    iter=463 E=-1.8682545044 nfev=467 t=758.1s remaining=1537
    iter=464 E=-1.8682553327 nfev=468 t=759.7s remaining=1536
    iter=465 E=-1.8682562736 nfev=469 t=761.4s remaining=1535
    iter=466 E=-1.8682573348 nfev=470 t=763.0s remaining=1534
    iter=467 E=-1.8682582867 nfev=471 t=764.7s remaining=1533
    iter=468 E=-1.8682585994 nfev=472 t=766.3s remaining=1532
    iter=469 E=-1.8682590569 nfev=473 t=767.9s remaining=1531
    iter=470 E=-1.8682593674 nfev=474 t=769.6s remaining=1530
    iter=471 E=-1.8682595670 nfev=475 t=771.2s remaining=1529
    iter=472 E=-1.8682597168 nfev=476 t=772.9s remaining=1528
    iter=473 E=-1.8682598894 nfev=477 t=774.5s remaining=1527
    iter=474 E=-1.8682600611 nfev=478 t=776.1s remaining=1526
    iter=475 E=-1.8682602327 nfev=479 t=777.7s remaining=1525
    iter=476 E=-1.8682603611 nfev=480 t=779.4s remaining=1524
    iter=477 E=-1.8682605327 nfev=481 t=781.0s remaining=1523
    iter=478 E=-1.8682607405 nfev=482 t=782.6s remaining=1522
    iter=479 E=-1.8682609934 nfev=483 t=784.2s remaining=1521
    iter=480 E=-1.8682613080 nfev=484 t=785.9s remaining=1520
    iter=481 E=-1.8682617527 nfev=485 t=787.4s remaining=1519
    iter=482 E=-1.8682624329 nfev=486 t=789.0s remaining=1518
    iter=483 E=-1.8682634391 nfev=487 t=790.6s remaining=1517
    iter=484 E=-1.8682646759 nfev=488 t=792.3s remaining=1516
    iter=485 E=-1.8682650034 nfev=489 t=793.9s remaining=1515
    iter=486 E=-1.8682655471 nfev=490 t=795.5s remaining=1514
    iter=487 E=-1.8682662363 nfev=491 t=797.1s remaining=1513
    iter=488 E=-1.8682665256 nfev=492 t=798.9s remaining=1512
    iter=489 E=-1.8682667283 nfev=493 t=800.7s remaining=1511
    iter=490 E=-1.8682669489 nfev=494 t=802.4s remaining=1510
    iter=491 E=-1.8682671726 nfev=495 t=804.0s remaining=1509
    iter=492 E=-1.8682673875 nfev=496 t=805.7s remaining=1508
    iter=493 E=-1.8682676201 nfev=497 t=807.4s remaining=1507
    iter=494 E=-1.8682678915 nfev=498 t=809.1s remaining=1506
    iter=495 E=-1.8682682101 nfev=499 t=810.8s remaining=1505
    iter=496 E=-1.8682684078 nfev=500 t=812.5s remaining=1504
    iter=497 E=-1.8682687295 nfev=501 t=814.1s remaining=1503
    iter=498 E=-1.8682692417 nfev=502 t=815.7s remaining=1502
    iter=499 E=-1.8682700073 nfev=503 t=817.3s remaining=1501
    iter=500 E=-1.8682710094 nfev=504 t=819.1s remaining=1500
    iter=501 E=-1.8682724978 nfev=505 t=820.7s remaining=1499
    iter=502 E=-1.8682745097 nfev=506 t=822.2s remaining=1498
    iter=503 E=-1.8682762438 nfev=507 t=823.8s remaining=1497
    iter=504 E=-1.8682775884 nfev=508 t=825.4s remaining=1496
    iter=505 E=-1.8682785953 nfev=509 t=827.0s remaining=1495
    iter=506 E=-1.8682790593 nfev=510 t=828.6s remaining=1494
    iter=507 E=-1.8682795998 nfev=511 t=830.4s remaining=1493
    iter=508 E=-1.8682801291 nfev=512 t=832.0s remaining=1492
    iter=509 E=-1.8682803688 nfev=513 t=833.5s remaining=1491
    iter=510 E=-1.8682805135 nfev=514 t=835.0s remaining=1490
    iter=511 E=-1.8682806668 nfev=515 t=836.6s remaining=1489
    iter=512 E=-1.8682808412 nfev=516 t=838.2s remaining=1488
    iter=513 E=-1.8682810767 nfev=517 t=840.1s remaining=1487
    iter=514 E=-1.8682813899 nfev=518 t=841.6s remaining=1486
    iter=515 E=-1.8682817315 nfev=519 t=843.2s remaining=1485
    iter=516 E=-1.8682821320 nfev=520 t=844.8s remaining=1484
    iter=517 E=-1.8682825648 nfev=521 t=846.3s remaining=1483
    iter=518 E=-1.8682830801 nfev=522 t=847.9s remaining=1482
    iter=519 E=-1.8682835862 nfev=523 t=849.6s remaining=1481
    iter=520 E=-1.8682841154 nfev=524 t=851.3s remaining=1480
    iter=521 E=-1.8682845683 nfev=525 t=852.8s remaining=1479
    iter=522 E=-1.8682850456 nfev=526 t=854.4s remaining=1478
    iter=523 E=-1.8682855277 nfev=527 t=856.0s remaining=1477
    iter=524 E=-1.8682859715 nfev=528 t=857.7s remaining=1476
    iter=525 E=-1.8682863483 nfev=529 t=859.3s remaining=1475
    iter=526 E=-1.8682865981 nfev=530 t=861.0s remaining=1474
    iter=527 E=-1.8682867420 nfev=531 t=862.9s remaining=1473
    iter=528 E=-1.8682868779 nfev=532 t=864.6s remaining=1472
    iter=529 E=-1.8682870687 nfev=533 t=866.2s remaining=1471
    iter=530 E=-1.8682873250 nfev=534 t=868.4s remaining=1470
    iter=531 E=-1.8682876315 nfev=535 t=870.6s remaining=1469
    iter=532 E=-1.8682879698 nfev=536 t=872.1s remaining=1468
    iter=533 E=-1.8682884383 nfev=537 t=873.7s remaining=1467
    iter=534 E=-1.8682889429 nfev=538 t=875.3s remaining=1466
    iter=535 E=-1.8682894628 nfev=539 t=877.0s remaining=1465
    iter=536 E=-1.8682899450 nfev=540 t=878.6s remaining=1464
    iter=537 E=-1.8682902831 nfev=541 t=880.2s remaining=1463
    iter=538 E=-1.8682904989 nfev=542 t=881.8s remaining=1462
    iter=539 E=-1.8682906098 nfev=543 t=883.3s remaining=1461
    iter=540 E=-1.8682906959 nfev=544 t=885.0s remaining=1460
    iter=541 E=-1.8682907692 nfev=545 t=886.6s remaining=1459
    iter=542 E=-1.8682908769 nfev=546 t=888.2s remaining=1458
    iter=543 E=-1.8682910465 nfev=547 t=889.8s remaining=1457
    iter=544 E=-1.8682913202 nfev=548 t=891.4s remaining=1456
    iter=545 E=-1.8682917582 nfev=549 t=892.9s remaining=1455
    iter=546 E=-1.8682924191 nfev=550 t=894.5s remaining=1454
    iter=547 E=-1.8682933300 nfev=551 t=896.2s remaining=1453
    iter=548 E=-1.8682942599 nfev=552 t=897.8s remaining=1452
    iter=549 E=-1.8682954423 nfev=553 t=899.4s remaining=1451
    iter=550 E=-1.8682961381 nfev=554 t=901.1s remaining=1450
    iter=551 E=-1.8682970028 nfev=555 t=902.6s remaining=1449
    iter=552 E=-1.8682973449 nfev=556 t=904.2s remaining=1448
    iter=553 E=-1.8682979347 nfev=557 t=905.8s remaining=1447
    iter=554 E=-1.8682988559 nfev=558 t=907.4s remaining=1446
    iter=555 E=-1.8682997812 nfev=559 t=909.0s remaining=1445
    iter=556 E=-1.8683004209 nfev=560 t=910.7s remaining=1444
    iter=557 E=-1.8683009670 nfev=561 t=912.3s remaining=1443
    iter=558 E=-1.8683014108 nfev=562 t=914.0s remaining=1442
    iter=559 E=-1.8683015707 nfev=563 t=915.6s remaining=1441
    iter=560 E=-1.8683017061 nfev=564 t=917.3s remaining=1440
    iter=561 E=-1.8683018789 nfev=565 t=918.9s remaining=1439
    iter=562 E=-1.8683020697 nfev=566 t=920.5s remaining=1438
    iter=563 E=-1.8683022780 nfev=567 t=922.1s remaining=1437
    iter=564 E=-1.8683025871 nfev=568 t=923.8s remaining=1436
    iter=565 E=-1.8683030328 nfev=569 t=925.4s remaining=1435
    iter=566 E=-1.8683035134 nfev=570 t=927.1s remaining=1434
    iter=567 E=-1.8683037337 nfev=571 t=928.7s remaining=1433
    iter=568 E=-1.8683040866 nfev=572 t=930.2s remaining=1432
    iter=569 E=-1.8683045908 nfev=573 t=931.8s remaining=1431
    iter=570 E=-1.8683051077 nfev=574 t=933.5s remaining=1430
    iter=571 E=-1.8683057002 nfev=575 t=935.1s remaining=1429
    iter=572 E=-1.8683066589 nfev=576 t=936.6s remaining=1428
    iter=573 E=-1.8683079839 nfev=577 t=938.3s remaining=1427
    iter=574 E=-1.8683088846 nfev=578 t=940.0s remaining=1426
    iter=575 E=-1.8683095089 nfev=579 t=941.5s remaining=1425
    iter=576 E=-1.8683100778 nfev=580 t=943.1s remaining=1424
    iter=577 E=-1.8683104355 nfev=581 t=944.9s remaining=1423
    iter=578 E=-1.8683106261 nfev=582 t=946.5s remaining=1422
    iter=579 E=-1.8683107902 nfev=583 t=948.2s remaining=1421
    iter=580 E=-1.8683109399 nfev=584 t=949.9s remaining=1420
    iter=581 E=-1.8683110704 nfev=585 t=951.6s remaining=1419
    iter=582 E=-1.8683112454 nfev=586 t=953.4s remaining=1418
    iter=583 E=-1.8683114628 nfev=587 t=955.0s remaining=1417
    iter=584 E=-1.8683117007 nfev=588 t=956.6s remaining=1416
    iter=585 E=-1.8683119468 nfev=589 t=958.3s remaining=1415
    iter=586 E=-1.8683122077 nfev=590 t=960.1s remaining=1414
    iter=587 E=-1.8683125325 nfev=591 t=961.6s remaining=1413
    iter=588 E=-1.8683129463 nfev=592 t=963.2s remaining=1412
    iter=589 E=-1.8683134887 nfev=593 t=964.9s remaining=1411
    iter=590 E=-1.8683142245 nfev=594 t=966.6s remaining=1410
    iter=591 E=-1.8683150894 nfev=595 t=968.2s remaining=1409
    iter=592 E=-1.8683158998 nfev=596 t=969.7s remaining=1408
    iter=593 E=-1.8683168273 nfev=597 t=971.2s remaining=1407
    iter=594 E=-1.8683177974 nfev=598 t=972.8s remaining=1406
    iter=595 E=-1.8683185059 nfev=599 t=974.5s remaining=1405
    iter=596 E=-1.8683188521 nfev=600 t=976.1s remaining=1404
    iter=597 E=-1.8683191918 nfev=601 t=977.8s remaining=1403
    iter=598 E=-1.8683196425 nfev=602 t=979.5s remaining=1402
    iter=599 E=-1.8683201677 nfev=603 t=981.1s remaining=1401
    iter=600 E=-1.8683205829 nfev=604 t=982.7s remaining=1400
    iter=601 E=-1.8683207581 nfev=605 t=984.2s remaining=1399
    iter=602 E=-1.8683208929 nfev=606 t=985.9s remaining=1398
    iter=603 E=-1.8683209924 nfev=607 t=987.5s remaining=1397
    iter=604 E=-1.8683211165 nfev=608 t=989.2s remaining=1396
    iter=605 E=-1.8683212916 nfev=609 t=990.9s remaining=1395
    iter=606 E=-1.8683214659 nfev=610 t=992.6s remaining=1394
    iter=607 E=-1.8683217277 nfev=611 t=994.2s remaining=1393
    iter=608 E=-1.8683221200 nfev=612 t=995.8s remaining=1392
    iter=609 E=-1.8683227526 nfev=613 t=997.4s remaining=1391
    iter=610 E=-1.8683237283 nfev=614 t=999.0s remaining=1390
    iter=611 E=-1.8683248988 nfev=615 t=1000.6s remaining=1389
    iter=612 E=-1.8683263128 nfev=616 t=1002.2s remaining=1388
    iter=613 E=-1.8683276723 nfev=617 t=1003.8s remaining=1387
    iter=614 E=-1.8683287084 nfev=618 t=1005.4s remaining=1386
    iter=615 E=-1.8683293481 nfev=619 t=1007.0s remaining=1385
    iter=616 E=-1.8683297747 nfev=620 t=1008.6s remaining=1384
    iter=617 E=-1.8683303560 nfev=621 t=1010.3s remaining=1383
    iter=618 E=-1.8683309962 nfev=622 t=1011.8s remaining=1382
    iter=619 E=-1.8683315551 nfev=623 t=1013.4s remaining=1381
    iter=620 E=-1.8683321665 nfev=624 t=1015.0s remaining=1380
    iter=621 E=-1.8683324999 nfev=625 t=1016.6s remaining=1379
    iter=622 E=-1.8683327356 nfev=626 t=1018.1s remaining=1378
    iter=623 E=-1.8683330484 nfev=627 t=1019.8s remaining=1377
    iter=624 E=-1.8683334067 nfev=628 t=1021.5s remaining=1376
    iter=625 E=-1.8683337873 nfev=629 t=1023.2s remaining=1375
    iter=626 E=-1.8683341606 nfev=630 t=1025.0s remaining=1374
    iter=627 E=-1.8683345934 nfev=631 t=1027.2s remaining=1373
    iter=628 E=-1.8683349196 nfev=632 t=1028.8s remaining=1372
    iter=629 E=-1.8683351839 nfev=633 t=1030.3s remaining=1371
    iter=630 E=-1.8683353825 nfev=634 t=1031.9s remaining=1370
    iter=631 E=-1.8683355818 nfev=635 t=1033.5s remaining=1369
    iter=632 E=-1.8683358144 nfev=636 t=1035.1s remaining=1368
    iter=633 E=-1.8683361031 nfev=637 t=1036.7s remaining=1367
    iter=634 E=-1.8683364453 nfev=638 t=1038.2s remaining=1366
    iter=635 E=-1.8683367142 nfev=639 t=1039.8s remaining=1365
    iter=636 E=-1.8683370120 nfev=640 t=1041.4s remaining=1364
    iter=637 E=-1.8683372270 nfev=641 t=1043.0s remaining=1363
    iter=638 E=-1.8683374533 nfev=642 t=1044.7s remaining=1362
    iter=639 E=-1.8683376579 nfev=643 t=1046.3s remaining=1361
    iter=640 E=-1.8683378900 nfev=644 t=1047.9s remaining=1360
    iter=641 E=-1.8683381440 nfev=645 t=1049.4s remaining=1359
    iter=642 E=-1.8683384427 nfev=646 t=1051.1s remaining=1358
    iter=643 E=-1.8683387171 nfev=647 t=1052.8s remaining=1357
    iter=644 E=-1.8683389751 nfev=648 t=1054.4s remaining=1356
    iter=645 E=-1.8683392686 nfev=649 t=1056.3s remaining=1355
    iter=646 E=-1.8683396546 nfev=650 t=1058.0s remaining=1354
    iter=647 E=-1.8683399694 nfev=651 t=1059.6s remaining=1353
    iter=648 E=-1.8683403793 nfev=652 t=1061.2s remaining=1352
    iter=649 E=-1.8683409910 nfev=653 t=1062.8s remaining=1351
    iter=650 E=-1.8683417847 nfev=654 t=1064.3s remaining=1350
    iter=651 E=-1.8683421537 nfev=655 t=1065.9s remaining=1349
    iter=652 E=-1.8683427093 nfev=656 t=1067.4s remaining=1348
    iter=653 E=-1.8683434689 nfev=657 t=1069.0s remaining=1347
    iter=654 E=-1.8683441569 nfev=658 t=1070.5s remaining=1346
    iter=655 E=-1.8683450030 nfev=659 t=1072.2s remaining=1345
    iter=656 E=-1.8683458785 nfev=660 t=1073.8s remaining=1344
    iter=657 E=-1.8683468642 nfev=661 t=1075.5s remaining=1343
    iter=658 E=-1.8683472922 nfev=662 t=1077.0s remaining=1342
    iter=659 E=-1.8683478325 nfev=663 t=1078.6s remaining=1341
    iter=660 E=-1.8683485256 nfev=664 t=1080.2s remaining=1340
    iter=661 E=-1.8683492630 nfev=665 t=1081.9s remaining=1339
    iter=662 E=-1.8683502329 nfev=666 t=1083.5s remaining=1338
    iter=663 E=-1.8683510978 nfev=667 t=1085.1s remaining=1337
    iter=664 E=-1.8683513424 nfev=668 t=1086.7s remaining=1336
    iter=665 E=-1.8683517348 nfev=669 t=1088.3s remaining=1335
    iter=666 E=-1.8683522435 nfev=670 t=1089.9s remaining=1334
    iter=667 E=-1.8683526125 nfev=671 t=1091.4s remaining=1333
    iter=668 E=-1.8683529902 nfev=672 t=1092.9s remaining=1332
    iter=669 E=-1.8683535905 nfev=673 t=1094.5s remaining=1331
    iter=670 E=-1.8683544227 nfev=674 t=1096.2s remaining=1330
    iter=671 E=-1.8683551644 nfev=675 t=1097.8s remaining=1329
    iter=672 E=-1.8683558730 nfev=676 t=1099.5s remaining=1328
    iter=673 E=-1.8683563930 nfev=677 t=1101.1s remaining=1327
    iter=674 E=-1.8683567082 nfev=678 t=1102.7s remaining=1326
    iter=675 E=-1.8683570335 nfev=679 t=1104.3s remaining=1325
    iter=676 E=-1.8683574904 nfev=680 t=1105.9s remaining=1324
    iter=677 E=-1.8683580644 nfev=681 t=1107.4s remaining=1323
    iter=678 E=-1.8683586227 nfev=682 t=1109.1s remaining=1322
    iter=679 E=-1.8683591527 nfev=683 t=1110.8s remaining=1321
    iter=680 E=-1.8683594901 nfev=684 t=1112.5s remaining=1320
    iter=681 E=-1.8683597236 nfev=685 t=1114.1s remaining=1319
    iter=682 E=-1.8683600515 nfev=686 t=1115.7s remaining=1318
    iter=683 E=-1.8683604542 nfev=687 t=1117.3s remaining=1317
    iter=684 E=-1.8683607862 nfev=688 t=1118.9s remaining=1316
    iter=685 E=-1.8683611865 nfev=689 t=1120.6s remaining=1315
    iter=686 E=-1.8683616656 nfev=690 t=1122.2s remaining=1314
    iter=687 E=-1.8683623024 nfev=691 t=1123.8s remaining=1313
    iter=688 E=-1.8683628986 nfev=692 t=1125.4s remaining=1312
    iter=689 E=-1.8683635648 nfev=693 t=1126.9s remaining=1311
    iter=690 E=-1.8683642360 nfev=694 t=1128.6s remaining=1310
    iter=691 E=-1.8683649147 nfev=695 t=1130.3s remaining=1309
    iter=692 E=-1.8683653734 nfev=696 t=1132.0s remaining=1308
    iter=693 E=-1.8683656985 nfev=697 t=1133.6s remaining=1307
    iter=694 E=-1.8683659221 nfev=698 t=1135.2s remaining=1306
    iter=695 E=-1.8683661508 nfev=699 t=1136.8s remaining=1305
    iter=696 E=-1.8683664767 nfev=700 t=1138.4s remaining=1304
    iter=697 E=-1.8683669238 nfev=701 t=1140.0s remaining=1303
    iter=698 E=-1.8683673892 nfev=702 t=1141.7s remaining=1302
    iter=699 E=-1.8683678785 nfev=703 t=1143.3s remaining=1301
    iter=700 E=-1.8683683713 nfev=704 t=1144.9s remaining=1300
    iter=701 E=-1.8683687901 nfev=705 t=1146.5s remaining=1299
    iter=702 E=-1.8683690588 nfev=706 t=1148.1s remaining=1298
    iter=703 E=-1.8683693728 nfev=707 t=1149.9s remaining=1297
    iter=704 E=-1.8683695979 nfev=708 t=1151.6s remaining=1296
    iter=705 E=-1.8683697931 nfev=709 t=1153.2s remaining=1295
    iter=706 E=-1.8683699492 nfev=710 t=1154.8s remaining=1294
    iter=707 E=-1.8683701651 nfev=711 t=1156.4s remaining=1293
    iter=708 E=-1.8683704243 nfev=712 t=1158.1s remaining=1292
    iter=709 E=-1.8683707749 nfev=713 t=1159.6s remaining=1291
    iter=710 E=-1.8683712346 nfev=714 t=1161.2s remaining=1290
    iter=711 E=-1.8683717353 nfev=715 t=1162.8s remaining=1289
    iter=712 E=-1.8683721237 nfev=716 t=1164.3s remaining=1288
    iter=713 E=-1.8683726950 nfev=717 t=1165.9s remaining=1287
    iter=714 E=-1.8683732848 nfev=718 t=1167.5s remaining=1286
    iter=715 E=-1.8683736858 nfev=719 t=1169.3s remaining=1285
    iter=716 E=-1.8683741312 nfev=720 t=1171.0s remaining=1284
    iter=717 E=-1.8683745977 nfev=721 t=1172.7s remaining=1283
    iter=718 E=-1.8683750656 nfev=722 t=1174.3s remaining=1282
    iter=719 E=-1.8683757093 nfev=723 t=1176.0s remaining=1281
    iter=720 E=-1.8683762990 nfev=724 t=1177.7s remaining=1280
    iter=721 E=-1.8683767252 nfev=725 t=1179.2s remaining=1279
    iter=722 E=-1.8683771254 nfev=726 t=1180.8s remaining=1278
    iter=723 E=-1.8683776062 nfev=727 t=1182.5s remaining=1277
    iter=724 E=-1.8683782877 nfev=728 t=1184.1s remaining=1276
    iter=725 E=-1.8683792480 nfev=729 t=1185.7s remaining=1275
    iter=726 E=-1.8683802238 nfev=730 t=1187.3s remaining=1274
    iter=727 E=-1.8683812770 nfev=731 t=1188.9s remaining=1273
    iter=728 E=-1.8683825627 nfev=732 t=1190.5s remaining=1272
    iter=729 E=-1.8683833309 nfev=733 t=1192.1s remaining=1271
    iter=730 E=-1.8683840340 nfev=734 t=1193.6s remaining=1270
    iter=731 E=-1.8683845926 nfev=735 t=1195.2s remaining=1269
    iter=732 E=-1.8683850157 nfev=736 t=1196.8s remaining=1268
    iter=733 E=-1.8683853908 nfev=737 t=1198.4s remaining=1267
    iter=734 E=-1.8683857241 nfev=738 t=1199.9s remaining=1266
    iter=735 E=-1.8683859980 nfev=739 t=1201.6s remaining=1265
    iter=736 E=-1.8683862259 nfev=740 t=1203.2s remaining=1264
    iter=737 E=-1.8683864220 nfev=741 t=1204.8s remaining=1263
    iter=738 E=-1.8683866911 nfev=742 t=1206.6s remaining=1262
    iter=739 E=-1.8683869971 nfev=743 t=1208.2s remaining=1261
    iter=740 E=-1.8683872789 nfev=744 t=1209.8s remaining=1260
    iter=741 E=-1.8683875956 nfev=745 t=1211.5s remaining=1259
    iter=742 E=-1.8683879564 nfev=746 t=1213.1s remaining=1258
    iter=743 E=-1.8683882523 nfev=747 t=1214.7s remaining=1257
    iter=744 E=-1.8683884885 nfev=748 t=1216.4s remaining=1256
    iter=745 E=-1.8683887761 nfev=749 t=1218.0s remaining=1255
    iter=746 E=-1.8683891479 nfev=750 t=1219.6s remaining=1254
    iter=747 E=-1.8683895349 nfev=751 t=1221.2s remaining=1253
    iter=748 E=-1.8683899142 nfev=752 t=1222.8s remaining=1252
    iter=749 E=-1.8683902773 nfev=753 t=1224.5s remaining=1251
    iter=750 E=-1.8683907234 nfev=754 t=1226.2s remaining=1250
    iter=751 E=-1.8683913271 nfev=755 t=1227.9s remaining=1249
    iter=752 E=-1.8683919021 nfev=756 t=1229.6s remaining=1248
    iter=753 E=-1.8683923958 nfev=757 t=1231.3s remaining=1247
    iter=754 E=-1.8683929644 nfev=758 t=1232.9s remaining=1246
    iter=755 E=-1.8683937250 nfev=759 t=1234.5s remaining=1245
    iter=756 E=-1.8683944210 nfev=760 t=1236.1s remaining=1244
    iter=757 E=-1.8683949447 nfev=761 t=1237.7s remaining=1243
    iter=758 E=-1.8683954331 nfev=762 t=1239.3s remaining=1242
    iter=759 E=-1.8683957526 nfev=763 t=1240.8s remaining=1241
    iter=760 E=-1.8683960501 nfev=764 t=1242.3s remaining=1240
    iter=761 E=-1.8683963199 nfev=765 t=1243.8s remaining=1239
    iter=762 E=-1.8683966045 nfev=766 t=1245.3s remaining=1238
    iter=763 E=-1.8683969452 nfev=767 t=1246.9s remaining=1237
    iter=764 E=-1.8683973792 nfev=768 t=1248.6s remaining=1236
    iter=765 E=-1.8683978436 nfev=769 t=1250.3s remaining=1235
    iter=766 E=-1.8683983204 nfev=770 t=1251.9s remaining=1234
    iter=767 E=-1.8683986967 nfev=771 t=1253.4s remaining=1233
    iter=768 E=-1.8683989544 nfev=772 t=1255.0s remaining=1232
    iter=769 E=-1.8683992357 nfev=773 t=1256.6s remaining=1231
    iter=770 E=-1.8683996247 nfev=774 t=1258.3s remaining=1230
    iter=771 E=-1.8684001147 nfev=775 t=1260.0s remaining=1229
    iter=772 E=-1.8684006189 nfev=776 t=1261.6s remaining=1228
    iter=773 E=-1.8684011277 nfev=777 t=1263.2s remaining=1227
    iter=774 E=-1.8684014665 nfev=778 t=1264.9s remaining=1226
    iter=775 E=-1.8684017044 nfev=779 t=1266.4s remaining=1225
    iter=776 E=-1.8684019504 nfev=780 t=1268.0s remaining=1224
    iter=777 E=-1.8684021715 nfev=781 t=1269.7s remaining=1223
    iter=778 E=-1.8684023588 nfev=782 t=1271.3s remaining=1222
    iter=779 E=-1.8684025318 nfev=783 t=1272.9s remaining=1221
    iter=780 E=-1.8684027386 nfev=784 t=1274.6s remaining=1220
    iter=781 E=-1.8684030288 nfev=785 t=1276.3s remaining=1219
    iter=782 E=-1.8684034247 nfev=786 t=1278.1s remaining=1218
    iter=783 E=-1.8684039626 nfev=787 t=1279.7s remaining=1217
    iter=784 E=-1.8684045242 nfev=788 t=1281.4s remaining=1216
    iter=785 E=-1.8684050514 nfev=789 t=1283.2s remaining=1215
    iter=786 E=-1.8684055597 nfev=790 t=1284.8s remaining=1214
    iter=787 E=-1.8684061662 nfev=791 t=1286.4s remaining=1213
    iter=788 E=-1.8684068413 nfev=792 t=1287.9s remaining=1212
    iter=789 E=-1.8684074778 nfev=793 t=1289.5s remaining=1211
    iter=790 E=-1.8684079178 nfev=794 t=1291.0s remaining=1210
    iter=791 E=-1.8684083023 nfev=795 t=1292.7s remaining=1209
    iter=792 E=-1.8684085741 nfev=796 t=1294.4s remaining=1208
    iter=793 E=-1.8684088802 nfev=797 t=1296.2s remaining=1207
    iter=794 E=-1.8684092082 nfev=798 t=1297.9s remaining=1206
    iter=795 E=-1.8684095621 nfev=799 t=1299.5s remaining=1205
    iter=796 E=-1.8684097798 nfev=800 t=1301.2s remaining=1204
    iter=797 E=-1.8684099437 nfev=801 t=1302.8s remaining=1203
    iter=798 E=-1.8684101610 nfev=802 t=1304.5s remaining=1202
    iter=799 E=-1.8684104722 nfev=803 t=1306.1s remaining=1201
    iter=800 E=-1.8684107173 nfev=804 t=1307.7s remaining=1200
    iter=801 E=-1.8684109237 nfev=805 t=1309.2s remaining=1199
    iter=802 E=-1.8684111355 nfev=806 t=1310.8s remaining=1198
    iter=803 E=-1.8684113349 nfev=807 t=1312.4s remaining=1197
    iter=804 E=-1.8684115576 nfev=808 t=1314.0s remaining=1196
    iter=805 E=-1.8684117748 nfev=809 t=1315.6s remaining=1195
    iter=806 E=-1.8684120628 nfev=810 t=1317.2s remaining=1194
    iter=807 E=-1.8684125095 nfev=811 t=1318.7s remaining=1193
    iter=808 E=-1.8684132396 nfev=812 t=1320.4s remaining=1192
    iter=809 E=-1.8684143698 nfev=813 t=1322.0s remaining=1191
    iter=810 E=-1.8684155404 nfev=814 t=1323.5s remaining=1190
    iter=811 E=-1.8684160575 nfev=815 t=1325.2s remaining=1189
    iter=812 E=-1.8684166612 nfev=816 t=1326.8s remaining=1188
    iter=813 E=-1.8684169551 nfev=817 t=1328.5s remaining=1187
    iter=814 E=-1.8684172258 nfev=818 t=1330.0s remaining=1186
    iter=815 E=-1.8684176116 nfev=819 t=1331.5s remaining=1185
    iter=816 E=-1.8684180625 nfev=820 t=1333.1s remaining=1184
    iter=817 E=-1.8684185345 nfev=821 t=1334.7s remaining=1183
    iter=818 E=-1.8684191957 nfev=822 t=1336.4s remaining=1182
    iter=819 E=-1.8684196960 nfev=823 t=1338.1s remaining=1181
    iter=820 E=-1.8684200339 nfev=824 t=1339.8s remaining=1180
    iter=821 E=-1.8684203023 nfev=825 t=1341.4s remaining=1179
    iter=822 E=-1.8684205881 nfev=826 t=1343.2s remaining=1178
    iter=823 E=-1.8684208541 nfev=827 t=1344.9s remaining=1177
    iter=824 E=-1.8684209995 nfev=828 t=1346.5s remaining=1176
    iter=825 E=-1.8684211538 nfev=829 t=1348.1s remaining=1175
    iter=826 E=-1.8684213792 nfev=830 t=1349.8s remaining=1174
    iter=827 E=-1.8684216109 nfev=831 t=1351.4s remaining=1173
    iter=828 E=-1.8684218417 nfev=832 t=1353.0s remaining=1172
    iter=829 E=-1.8684220196 nfev=833 t=1354.7s remaining=1171
    iter=830 E=-1.8684221855 nfev=834 t=1356.5s remaining=1170
    iter=831 E=-1.8684223754 nfev=835 t=1358.2s remaining=1169
    iter=832 E=-1.8684226633 nfev=836 t=1359.9s remaining=1168
    iter=833 E=-1.8684230927 nfev=837 t=1361.5s remaining=1167
    iter=834 E=-1.8684236622 nfev=838 t=1363.2s remaining=1166
    iter=835 E=-1.8684242232 nfev=839 t=1364.7s remaining=1165
    iter=836 E=-1.8684247718 nfev=840 t=1366.3s remaining=1164
    iter=837 E=-1.8684253144 nfev=841 t=1367.9s remaining=1163
    iter=838 E=-1.8684258194 nfev=842 t=1369.5s remaining=1162
    iter=839 E=-1.8684264772 nfev=843 t=1371.1s remaining=1161
    iter=840 E=-1.8684274982 nfev=844 t=1372.8s remaining=1160
    iter=841 E=-1.8684287661 nfev=845 t=1374.4s remaining=1159
    iter=842 E=-1.8684295563 nfev=846 t=1376.0s remaining=1158
    iter=843 E=-1.8684305112 nfev=847 t=1377.6s remaining=1157
    iter=844 E=-1.8684316615 nfev=848 t=1379.1s remaining=1156
    iter=845 E=-1.8684325401 nfev=849 t=1380.7s remaining=1155
    iter=846 E=-1.8684330871 nfev=850 t=1382.5s remaining=1154
    iter=847 E=-1.8684334427 nfev=851 t=1384.1s remaining=1153
    iter=848 E=-1.8684338316 nfev=852 t=1385.8s remaining=1152
    iter=849 E=-1.8684341453 nfev=853 t=1387.4s remaining=1151
    iter=850 E=-1.8684344144 nfev=854 t=1389.0s remaining=1150
    iter=851 E=-1.8684346314 nfev=855 t=1390.6s remaining=1149
    iter=852 E=-1.8684347729 nfev=856 t=1392.4s remaining=1148
    iter=853 E=-1.8684348746 nfev=857 t=1394.0s remaining=1147
    iter=854 E=-1.8684349827 nfev=858 t=1395.6s remaining=1146
    iter=855 E=-1.8684351063 nfev=859 t=1397.3s remaining=1145
    iter=856 E=-1.8684352654 nfev=860 t=1398.9s remaining=1144
    iter=857 E=-1.8684354519 nfev=861 t=1400.5s remaining=1143
    iter=858 E=-1.8684357184 nfev=862 t=1402.1s remaining=1142
    iter=859 E=-1.8684360545 nfev=863 t=1403.8s remaining=1141
    iter=860 E=-1.8684364841 nfev=864 t=1405.5s remaining=1140
    iter=861 E=-1.8684370367 nfev=865 t=1407.1s remaining=1139
    iter=862 E=-1.8684377713 nfev=866 t=1408.8s remaining=1138
    iter=863 E=-1.8684385773 nfev=867 t=1410.5s remaining=1137
    iter=864 E=-1.8684393365 nfev=868 t=1412.2s remaining=1136
    iter=865 E=-1.8684401132 nfev=869 t=1413.8s remaining=1135
    iter=866 E=-1.8684407427 nfev=870 t=1415.5s remaining=1134
    iter=867 E=-1.8684416229 nfev=871 t=1417.1s remaining=1133
    iter=868 E=-1.8684422598 nfev=872 t=1418.8s remaining=1132
    iter=869 E=-1.8684426941 nfev=873 t=1420.5s remaining=1131
    iter=870 E=-1.8684430957 nfev=874 t=1422.2s remaining=1130
    iter=871 E=-1.8684435200 nfev=875 t=1423.9s remaining=1129
    iter=872 E=-1.8684439067 nfev=876 t=1425.5s remaining=1128
    iter=873 E=-1.8684442624 nfev=877 t=1427.1s remaining=1127
    iter=874 E=-1.8684444958 nfev=878 t=1428.7s remaining=1126
    iter=875 E=-1.8684447670 nfev=879 t=1430.3s remaining=1125
    iter=876 E=-1.8684450538 nfev=880 t=1431.8s remaining=1124
    iter=877 E=-1.8684453360 nfev=881 t=1433.4s remaining=1123
    iter=878 E=-1.8684455853 nfev=882 t=1435.0s remaining=1122
    iter=879 E=-1.8684457513 nfev=883 t=1436.6s remaining=1121
    iter=880 E=-1.8684458824 nfev=884 t=1438.3s remaining=1120
    iter=881 E=-1.8684459839 nfev=885 t=1439.8s remaining=1119
    iter=882 E=-1.8684460696 nfev=886 t=1441.5s remaining=1118
    iter=883 E=-1.8684461740 nfev=887 t=1443.1s remaining=1117
    iter=884 E=-1.8684463017 nfev=888 t=1445.0s remaining=1116
    iter=885 E=-1.8684464537 nfev=889 t=1446.6s remaining=1115
    iter=886 E=-1.8684466583 nfev=890 t=1448.2s remaining=1114
    iter=887 E=-1.8684469567 nfev=891 t=1449.7s remaining=1113
    iter=888 E=-1.8684474351 nfev=892 t=1451.3s remaining=1112
    iter=889 E=-1.8684481997 nfev=893 t=1452.9s remaining=1111
    iter=890 E=-1.8684492977 nfev=894 t=1454.5s remaining=1110
    iter=891 E=-1.8684502298 nfev=895 t=1456.3s remaining=1109
    iter=892 E=-1.8684507315 nfev=896 t=1458.0s remaining=1108
    iter=893 E=-1.8684513564 nfev=897 t=1459.7s remaining=1107
    iter=894 E=-1.8684519572 nfev=898 t=1461.2s remaining=1106
    iter=895 E=-1.8684523814 nfev=899 t=1462.9s remaining=1105
    iter=896 E=-1.8684528472 nfev=900 t=1464.5s remaining=1104
    iter=897 E=-1.8684532654 nfev=901 t=1466.2s remaining=1103
    iter=898 E=-1.8684535850 nfev=902 t=1467.8s remaining=1102
    iter=899 E=-1.8684537265 nfev=903 t=1469.8s remaining=1101
    iter=900 E=-1.8684539340 nfev=904 t=1471.5s remaining=1100
    iter=901 E=-1.8684542058 nfev=905 t=1473.1s remaining=1099
    iter=902 E=-1.8684544478 nfev=906 t=1474.6s remaining=1098
    iter=903 E=-1.8684547025 nfev=907 t=1476.7s remaining=1097
    iter=904 E=-1.8684548822 nfev=908 t=1478.8s remaining=1096
    iter=905 E=-1.8684550670 nfev=909 t=1480.6s remaining=1095
    iter=906 E=-1.8684553257 nfev=910 t=1482.4s remaining=1094
    iter=907 E=-1.8684556167 nfev=911 t=1484.0s remaining=1093
    iter=908 E=-1.8684557776 nfev=912 t=1485.7s remaining=1092
    iter=909 E=-1.8684559031 nfev=913 t=1487.4s remaining=1091
    iter=910 E=-1.8684560103 nfev=914 t=1489.0s remaining=1090
    iter=911 E=-1.8684561396 nfev=915 t=1490.6s remaining=1089
    iter=912 E=-1.8684563265 nfev=916 t=1492.3s remaining=1088
    iter=913 E=-1.8684565633 nfev=917 t=1493.9s remaining=1087
    iter=914 E=-1.8684567697 nfev=918 t=1495.5s remaining=1086
    iter=915 E=-1.8684570460 nfev=919 t=1497.2s remaining=1085
    iter=916 E=-1.8684573716 nfev=920 t=1498.9s remaining=1084
    iter=917 E=-1.8684578747 nfev=921 t=1500.5s remaining=1083
    iter=918 E=-1.8684586378 nfev=922 t=1502.2s remaining=1082
    iter=919 E=-1.8684597036 nfev=923 t=1503.9s remaining=1081
    iter=920 E=-1.8684608305 nfev=924 t=1505.5s remaining=1080
    iter=921 E=-1.8684619412 nfev=925 t=1507.1s remaining=1079
    iter=922 E=-1.8684629312 nfev=926 t=1508.7s remaining=1078
    iter=923 E=-1.8684632478 nfev=927 t=1510.2s remaining=1077
    iter=924 E=-1.8684636567 nfev=928 t=1511.8s remaining=1076
    iter=925 E=-1.8684640484 nfev=929 t=1513.4s remaining=1075
    iter=926 E=-1.8684643716 nfev=930 t=1515.0s remaining=1074
    iter=927 E=-1.8684647586 nfev=931 t=1516.6s remaining=1073
    iter=928 E=-1.8684650261 nfev=932 t=1518.2s remaining=1072
    iter=929 E=-1.8684652610 nfev=933 t=1519.7s remaining=1071
    iter=930 E=-1.8684654939 nfev=934 t=1521.3s remaining=1070
    iter=931 E=-1.8684655969 nfev=935 t=1522.9s remaining=1069
    iter=932 E=-1.8684657034 nfev=936 t=1524.4s remaining=1068
    iter=933 E=-1.8684658057 nfev=937 t=1526.1s remaining=1067
    iter=934 E=-1.8684659275 nfev=938 t=1527.7s remaining=1066
    iter=935 E=-1.8684660264 nfev=939 t=1529.5s remaining=1065
    iter=936 E=-1.8684661336 nfev=940 t=1531.1s remaining=1064
    iter=937 E=-1.8684662286 nfev=941 t=1533.0s remaining=1063
    iter=938 E=-1.8684663776 nfev=942 t=1534.9s remaining=1062
    iter=939 E=-1.8684665748 nfev=943 t=1536.6s remaining=1061
    iter=940 E=-1.8684668151 nfev=944 t=1538.3s remaining=1060
    iter=941 E=-1.8684671816 nfev=945 t=1540.1s remaining=1059
    iter=942 E=-1.8684677213 nfev=946 t=1541.9s remaining=1058
    iter=943 E=-1.8684683396 nfev=947 t=1543.6s remaining=1057
    iter=944 E=-1.8684689277 nfev=948 t=1545.3s remaining=1056
    iter=945 E=-1.8684696629 nfev=949 t=1546.9s remaining=1055
    iter=946 E=-1.8684706001 nfev=950 t=1548.7s remaining=1054
    iter=947 E=-1.8684711609 nfev=951 t=1550.3s remaining=1053
    iter=948 E=-1.8684716685 nfev=952 t=1551.9s remaining=1052
    iter=949 E=-1.8684720156 nfev=953 t=1553.6s remaining=1051
    iter=950 E=-1.8684722729 nfev=954 t=1555.2s remaining=1050
    iter=951 E=-1.8684724517 nfev=955 t=1557.0s remaining=1049
    iter=952 E=-1.8684725968 nfev=956 t=1558.6s remaining=1048
    iter=953 E=-1.8684727603 nfev=957 t=1560.2s remaining=1047
    iter=954 E=-1.8684729257 nfev=958 t=1561.9s remaining=1046
    iter=955 E=-1.8684730983 nfev=959 t=1563.6s remaining=1045
    iter=956 E=-1.8684732950 nfev=960 t=1565.1s remaining=1044
    iter=957 E=-1.8684734973 nfev=961 t=1566.8s remaining=1043
    iter=958 E=-1.8684736997 nfev=962 t=1568.4s remaining=1042
    iter=959 E=-1.8684739529 nfev=963 t=1569.9s remaining=1041
    iter=960 E=-1.8684743296 nfev=964 t=1571.5s remaining=1040
    iter=961 E=-1.8684748122 nfev=965 t=1573.1s remaining=1039
    iter=962 E=-1.8684752415 nfev=966 t=1574.7s remaining=1038
    iter=963 E=-1.8684757766 nfev=967 t=1576.4s remaining=1037
    iter=964 E=-1.8684764003 nfev=968 t=1578.1s remaining=1036
    iter=965 E=-1.8684771430 nfev=969 t=1579.7s remaining=1035
    iter=966 E=-1.8684778196 nfev=970 t=1581.2s remaining=1034
    iter=967 E=-1.8684787771 nfev=971 t=1582.8s remaining=1033
    iter=968 E=-1.8684800015 nfev=972 t=1584.5s remaining=1032
    iter=969 E=-1.8684811120 nfev=973 t=1586.1s remaining=1031
    iter=970 E=-1.8684823824 nfev=974 t=1587.7s remaining=1030
    iter=971 E=-1.8684835582 nfev=975 t=1589.3s remaining=1029
    iter=972 E=-1.8684842652 nfev=976 t=1591.1s remaining=1028
    iter=973 E=-1.8684849220 nfev=977 t=1592.6s remaining=1027
    iter=974 E=-1.8684853836 nfev=978 t=1594.3s remaining=1026
    iter=975 E=-1.8684858609 nfev=979 t=1595.9s remaining=1025
    iter=976 E=-1.8684863655 nfev=980 t=1597.5s remaining=1024
    iter=977 E=-1.8684866825 nfev=981 t=1599.3s remaining=1023
    iter=978 E=-1.8684869342 nfev=982 t=1600.9s remaining=1022
    iter=979 E=-1.8684870702 nfev=983 t=1602.5s remaining=1021
    iter=980 E=-1.8684871886 nfev=984 t=1604.0s remaining=1020
    iter=981 E=-1.8684873265 nfev=985 t=1605.7s remaining=1019
    iter=982 E=-1.8684874550 nfev=986 t=1607.3s remaining=1018
    iter=983 E=-1.8684875893 nfev=987 t=1609.0s remaining=1017
    iter=984 E=-1.8684877360 nfev=988 t=1610.6s remaining=1016
    iter=985 E=-1.8684879209 nfev=989 t=1612.1s remaining=1015
    iter=986 E=-1.8684881452 nfev=990 t=1613.8s remaining=1014
    iter=987 E=-1.8684883532 nfev=991 t=1615.5s remaining=1013
    iter=988 E=-1.8684886107 nfev=992 t=1617.1s remaining=1012
    iter=989 E=-1.8684889723 nfev=993 t=1618.7s remaining=1011
    iter=990 E=-1.8684893360 nfev=994 t=1620.4s remaining=1010
    iter=991 E=-1.8684898133 nfev=995 t=1621.9s remaining=1009
    iter=992 E=-1.8684905194 nfev=996 t=1623.5s remaining=1008
    iter=993 E=-1.8684914892 nfev=997 t=1625.1s remaining=1007
    iter=994 E=-1.8684927336 nfev=998 t=1626.6s remaining=1006
    iter=995 E=-1.8684939853 nfev=999 t=1628.2s remaining=1005
    iter=996 E=-1.8684953427 nfev=1000 t=1629.9s remaining=1004
    iter=997 E=-1.8684958283 nfev=1001 t=1631.5s remaining=1003
    iter=998 E=-1.8684963325 nfev=1002 t=1633.0s remaining=1002
    iter=999 E=-1.8684966765 nfev=1003 t=1634.6s remaining=1001
    iter=1000 E=-1.8684970744 nfev=1004 t=1636.2s remaining=1000
    iter=1001 E=-1.8684975730 nfev=1005 t=1637.8s remaining=999
    iter=1002 E=-1.8684980074 nfev=1006 t=1639.4s remaining=998
    iter=1003 E=-1.8684983022 nfev=1007 t=1641.0s remaining=997
    iter=1004 E=-1.8684986243 nfev=1008 t=1642.6s remaining=996
    iter=1005 E=-1.8684988883 nfev=1009 t=1644.2s remaining=995
    iter=1006 E=-1.8684991582 nfev=1010 t=1645.8s remaining=994
    iter=1007 E=-1.8684993340 nfev=1011 t=1647.3s remaining=993
    iter=1008 E=-1.8684995282 nfev=1012 t=1648.9s remaining=992
    iter=1009 E=-1.8684996805 nfev=1013 t=1650.6s remaining=991
    iter=1010 E=-1.8684998195 nfev=1014 t=1652.3s remaining=990
    iter=1011 E=-1.8684999839 nfev=1015 t=1653.9s remaining=989
    iter=1012 E=-1.8685001947 nfev=1016 t=1655.5s remaining=988
    iter=1013 E=-1.8685003567 nfev=1017 t=1657.1s remaining=987
    iter=1014 E=-1.8685005027 nfev=1018 t=1658.7s remaining=986
    iter=1015 E=-1.8685006511 nfev=1019 t=1660.3s remaining=985
    iter=1016 E=-1.8685007914 nfev=1020 t=1662.1s remaining=984
    iter=1017 E=-1.8685010012 nfev=1021 t=1663.7s remaining=983
    iter=1018 E=-1.8685013285 nfev=1022 t=1665.4s remaining=982
    iter=1019 E=-1.8685017896 nfev=1023 t=1667.0s remaining=981
    iter=1020 E=-1.8685023005 nfev=1024 t=1668.8s remaining=980
    iter=1021 E=-1.8685029101 nfev=1025 t=1670.5s remaining=979
    iter=1022 E=-1.8685037859 nfev=1026 t=1672.4s remaining=978
    iter=1023 E=-1.8685049370 nfev=1027 t=1674.0s remaining=977
    iter=1024 E=-1.8685058985 nfev=1028 t=1675.8s remaining=976
    iter=1025 E=-1.8685068631 nfev=1029 t=1677.3s remaining=975
    iter=1026 E=-1.8685080022 nfev=1030 t=1679.0s remaining=974
    iter=1027 E=-1.8685090011 nfev=1031 t=1680.7s remaining=973
    iter=1028 E=-1.8685094576 nfev=1032 t=1682.2s remaining=972
    iter=1029 E=-1.8685101088 nfev=1033 t=1683.8s remaining=971
    iter=1030 E=-1.8685108505 nfev=1034 t=1685.4s remaining=970
    iter=1031 E=-1.8685114349 nfev=1035 t=1687.1s remaining=969
    iter=1032 E=-1.8685121157 nfev=1036 t=1688.7s remaining=968
    iter=1033 E=-1.8685125355 nfev=1037 t=1690.3s remaining=967
    iter=1034 E=-1.8685128322 nfev=1038 t=1692.0s remaining=966
    iter=1035 E=-1.8685130176 nfev=1039 t=1693.7s remaining=965
    iter=1036 E=-1.8685132027 nfev=1040 t=1695.3s remaining=964
    iter=1037 E=-1.8685133715 nfev=1041 t=1696.9s remaining=963
    iter=1038 E=-1.8685135327 nfev=1042 t=1698.5s remaining=962
    iter=1039 E=-1.8685137393 nfev=1043 t=1700.1s remaining=961
    iter=1040 E=-1.8685139961 nfev=1044 t=1701.7s remaining=960
    iter=1041 E=-1.8685142856 nfev=1045 t=1703.3s remaining=959
    iter=1042 E=-1.8685145455 nfev=1046 t=1704.8s remaining=958
    iter=1043 E=-1.8685147705 nfev=1047 t=1706.5s remaining=957
    iter=1044 E=-1.8685150011 nfev=1048 t=1708.1s remaining=956
    iter=1045 E=-1.8685152580 nfev=1049 t=1709.8s remaining=955
    iter=1046 E=-1.8685154893 nfev=1050 t=1711.4s remaining=954
    iter=1047 E=-1.8685157495 nfev=1051 t=1713.0s remaining=953
    iter=1048 E=-1.8685160177 nfev=1052 t=1714.6s remaining=952
    iter=1049 E=-1.8685164332 nfev=1053 t=1716.3s remaining=951
    iter=1050 E=-1.8685170702 nfev=1054 t=1718.0s remaining=950
    iter=1051 E=-1.8685179394 nfev=1055 t=1719.7s remaining=949
    iter=1052 E=-1.8685187209 nfev=1056 t=1721.2s remaining=948
    iter=1053 E=-1.8685194095 nfev=1057 t=1722.8s remaining=947
    iter=1054 E=-1.8685200420 nfev=1058 t=1724.3s remaining=946
    iter=1055 E=-1.8685207641 nfev=1059 t=1725.9s remaining=945
    iter=1056 E=-1.8685215130 nfev=1060 t=1727.5s remaining=944
    iter=1057 E=-1.8685225415 nfev=1061 t=1729.2s remaining=943
    iter=1058 E=-1.8685233135 nfev=1062 t=1730.8s remaining=942
    iter=1059 E=-1.8685237373 nfev=1063 t=1732.4s remaining=941
    iter=1060 E=-1.8685240883 nfev=1064 t=1733.9s remaining=940
    iter=1061 E=-1.8685243221 nfev=1065 t=1735.4s remaining=939
    iter=1062 E=-1.8685245273 nfev=1066 t=1737.0s remaining=938
    iter=1063 E=-1.8685247318 nfev=1067 t=1738.6s remaining=937
    iter=1064 E=-1.8685249596 nfev=1068 t=1740.3s remaining=936
    iter=1065 E=-1.8685252141 nfev=1069 t=1741.9s remaining=935
    iter=1066 E=-1.8685255719 nfev=1070 t=1743.6s remaining=934
    iter=1067 E=-1.8685259989 nfev=1071 t=1745.5s remaining=933
    iter=1068 E=-1.8685263374 nfev=1072 t=1747.2s remaining=932
    iter=1069 E=-1.8685265536 nfev=1073 t=1748.9s remaining=931
    iter=1070 E=-1.8685267246 nfev=1074 t=1750.6s remaining=930
    iter=1071 E=-1.8685269474 nfev=1075 t=1752.2s remaining=929
    iter=1072 E=-1.8685272996 nfev=1076 t=1753.9s remaining=928
    iter=1073 E=-1.8685278675 nfev=1077 t=1755.4s remaining=927
    iter=1074 E=-1.8685287188 nfev=1078 t=1756.9s remaining=926
    iter=1075 E=-1.8685297593 nfev=1079 t=1758.6s remaining=925
    iter=1076 E=-1.8685305040 nfev=1080 t=1760.2s remaining=924
    iter=1077 E=-1.8685314869 nfev=1081 t=1761.8s remaining=923
    iter=1078 E=-1.8685325236 nfev=1082 t=1763.3s remaining=922
    iter=1079 E=-1.8685335679 nfev=1083 t=1764.9s remaining=921
    iter=1080 E=-1.8685348260 nfev=1084 t=1766.4s remaining=920
    iter=1081 E=-1.8685359443 nfev=1085 t=1768.0s remaining=919
    iter=1082 E=-1.8685369915 nfev=1086 t=1769.6s remaining=918
    iter=1083 E=-1.8685379511 nfev=1087 t=1771.4s remaining=917
    iter=1084 E=-1.8685385660 nfev=1088 t=1772.9s remaining=916
    iter=1085 E=-1.8685392585 nfev=1089 t=1774.6s remaining=915
    iter=1086 E=-1.8685397124 nfev=1090 t=1776.2s remaining=914
    iter=1087 E=-1.8685400430 nfev=1091 t=1777.9s remaining=913
    iter=1088 E=-1.8685404509 nfev=1092 t=1779.7s remaining=912
    iter=1089 E=-1.8685409004 nfev=1093 t=1781.3s remaining=911
    iter=1090 E=-1.8685411885 nfev=1094 t=1783.1s remaining=910
    iter=1091 E=-1.8685413405 nfev=1095 t=1784.6s remaining=909
    iter=1092 E=-1.8685415428 nfev=1096 t=1786.3s remaining=908
    iter=1093 E=-1.8685417124 nfev=1097 t=1787.9s remaining=907
    iter=1094 E=-1.8685419266 nfev=1098 t=1789.5s remaining=906
    iter=1095 E=-1.8685422507 nfev=1099 t=1791.1s remaining=905
    iter=1096 E=-1.8685426900 nfev=1100 t=1792.7s remaining=904
    iter=1097 E=-1.8685431591 nfev=1101 t=1794.3s remaining=903
    iter=1098 E=-1.8685436748 nfev=1102 t=1795.9s remaining=902
    iter=1099 E=-1.8685443711 nfev=1103 t=1797.5s remaining=901
    iter=1100 E=-1.8685452047 nfev=1104 t=1799.2s remaining=900
    iter=1101 E=-1.8685457433 nfev=1105 t=1800.8s remaining=899
    iter=1102 E=-1.8685462325 nfev=1106 t=1802.3s remaining=898
    iter=1103 E=-1.8685468626 nfev=1107 t=1804.0s remaining=897
    iter=1104 E=-1.8685476020 nfev=1108 t=1805.6s remaining=896
    iter=1105 E=-1.8685482771 nfev=1109 t=1807.3s remaining=895
    iter=1106 E=-1.8685490086 nfev=1110 t=1809.5s remaining=894
    iter=1107 E=-1.8685498549 nfev=1111 t=1811.9s remaining=893
    iter=1108 E=-1.8685506244 nfev=1112 t=1813.8s remaining=892
    iter=1109 E=-1.8685514005 nfev=1113 t=1815.4s remaining=891
    iter=1110 E=-1.8685520293 nfev=1114 t=1816.9s remaining=890
    iter=1111 E=-1.8685526351 nfev=1115 t=1818.5s remaining=889
    iter=1112 E=-1.8685532375 nfev=1116 t=1820.1s remaining=888
    iter=1113 E=-1.8685536556 nfev=1117 t=1821.8s remaining=887
    iter=1114 E=-1.8685540219 nfev=1118 t=1823.5s remaining=886
    iter=1115 E=-1.8685543785 nfev=1119 t=1825.1s remaining=885
    iter=1116 E=-1.8685547529 nfev=1120 t=1826.8s remaining=884
    iter=1117 E=-1.8685551461 nfev=1121 t=1828.6s remaining=883
    iter=1118 E=-1.8685556457 nfev=1122 t=1830.3s remaining=882
    iter=1119 E=-1.8685560390 nfev=1123 t=1832.0s remaining=881
    iter=1120 E=-1.8685563960 nfev=1124 t=1833.7s remaining=880
    iter=1121 E=-1.8685568838 nfev=1125 t=1835.4s remaining=879
    iter=1122 E=-1.8685575103 nfev=1126 t=1837.2s remaining=878
    iter=1123 E=-1.8685583140 nfev=1127 t=1838.9s remaining=877
    iter=1124 E=-1.8685590259 nfev=1128 t=1840.5s remaining=876
    iter=1125 E=-1.8685594303 nfev=1129 t=1842.1s remaining=875
    iter=1126 E=-1.8685598402 nfev=1130 t=1843.6s remaining=874
    iter=1127 E=-1.8685601690 nfev=1131 t=1845.2s remaining=873
    iter=1128 E=-1.8685605420 nfev=1132 t=1846.8s remaining=872
    iter=1129 E=-1.8685610344 nfev=1133 t=1848.4s remaining=871
    iter=1130 E=-1.8685615170 nfev=1134 t=1850.3s remaining=870
    iter=1131 E=-1.8685617958 nfev=1135 t=1852.0s remaining=869
    iter=1132 E=-1.8685621173 nfev=1136 t=1853.6s remaining=868
    iter=1133 E=-1.8685624172 nfev=1137 t=1855.2s remaining=867
    iter=1134 E=-1.8685627607 nfev=1138 t=1856.9s remaining=866
    iter=1135 E=-1.8685631966 nfev=1139 t=1858.5s remaining=865
    iter=1136 E=-1.8685636870 nfev=1140 t=1860.1s remaining=864
    iter=1137 E=-1.8685641484 nfev=1141 t=1861.7s remaining=863
    iter=1138 E=-1.8685646721 nfev=1142 t=1863.3s remaining=862
    iter=1139 E=-1.8685653650 nfev=1143 t=1864.9s remaining=861
    iter=1140 E=-1.8685662911 nfev=1144 t=1866.6s remaining=860
    iter=1141 E=-1.8685675699 nfev=1145 t=1868.3s remaining=859
    iter=1142 E=-1.8685692952 nfev=1146 t=1870.1s remaining=858
    iter=1143 E=-1.8685710404 nfev=1147 t=1871.7s remaining=857
    iter=1144 E=-1.8685726729 nfev=1148 t=1873.3s remaining=856
    iter=1145 E=-1.8685741043 nfev=1149 t=1874.8s remaining=855
    iter=1146 E=-1.8685757569 nfev=1150 t=1876.3s remaining=854
    iter=1147 E=-1.8685772454 nfev=1151 t=1877.9s remaining=853
    iter=1148 E=-1.8685780406 nfev=1152 t=1879.5s remaining=852
    iter=1149 E=-1.8685791507 nfev=1153 t=1881.1s remaining=851
    iter=1150 E=-1.8685801535 nfev=1154 t=1882.7s remaining=850
    iter=1151 E=-1.8685807520 nfev=1155 t=1884.3s remaining=849
    iter=1152 E=-1.8685813869 nfev=1156 t=1886.0s remaining=848
    iter=1153 E=-1.8685818920 nfev=1157 t=1887.6s remaining=847
    iter=1154 E=-1.8685823496 nfev=1158 t=1889.2s remaining=846
    iter=1155 E=-1.8685828067 nfev=1159 t=1890.7s remaining=845
    iter=1156 E=-1.8685830855 nfev=1160 t=1892.4s remaining=844
    iter=1157 E=-1.8685834976 nfev=1161 t=1894.0s remaining=843
    iter=1158 E=-1.8685839416 nfev=1162 t=1895.6s remaining=842
    iter=1159 E=-1.8685842847 nfev=1163 t=1897.3s remaining=841
    iter=1160 E=-1.8685846860 nfev=1164 t=1898.9s remaining=840
    iter=1161 E=-1.8685849671 nfev=1165 t=1900.6s remaining=839
    iter=1162 E=-1.8685851756 nfev=1166 t=1902.2s remaining=838
    iter=1163 E=-1.8685853713 nfev=1167 t=1903.9s remaining=837
    iter=1164 E=-1.8685855511 nfev=1168 t=1905.8s remaining=836
    iter=1165 E=-1.8685857931 nfev=1169 t=1907.5s remaining=835
    iter=1166 E=-1.8685861027 nfev=1170 t=1909.3s remaining=834
    iter=1167 E=-1.8685864194 nfev=1171 t=1911.0s remaining=833
    iter=1168 E=-1.8685868457 nfev=1172 t=1912.7s remaining=832
    iter=1169 E=-1.8685874861 nfev=1173 t=1914.4s remaining=831
    iter=1170 E=-1.8685883744 nfev=1174 t=1916.1s remaining=830
    iter=1171 E=-1.8685894722 nfev=1175 t=1917.9s remaining=829
    iter=1172 E=-1.8685905900 nfev=1176 t=1919.5s remaining=828
    iter=1173 E=-1.8685917980 nfev=1177 t=1921.1s remaining=827
    iter=1174 E=-1.8685929439 nfev=1178 t=1922.7s remaining=826
    iter=1175 E=-1.8685941482 nfev=1179 t=1924.2s remaining=825
    iter=1176 E=-1.8685955769 nfev=1180 t=1925.9s remaining=824
    iter=1177 E=-1.8685970814 nfev=1181 t=1927.4s remaining=823
    iter=1178 E=-1.8685982482 nfev=1182 t=1929.1s remaining=822
    iter=1179 E=-1.8685995499 nfev=1183 t=1930.8s remaining=821
    iter=1180 E=-1.8686011318 nfev=1184 t=1932.5s remaining=820
    iter=1181 E=-1.8686023919 nfev=1185 t=1934.1s remaining=819
    iter=1182 E=-1.8686033791 nfev=1186 t=1935.7s remaining=818
    iter=1183 E=-1.8686042489 nfev=1187 t=1937.2s remaining=817
    iter=1184 E=-1.8686051852 nfev=1188 t=1938.8s remaining=816
    iter=1185 E=-1.8686056883 nfev=1189 t=1940.4s remaining=815
    iter=1186 E=-1.8686062636 nfev=1190 t=1941.9s remaining=814
    iter=1187 E=-1.8686066117 nfev=1191 t=1943.5s remaining=813
    iter=1188 E=-1.8686068790 nfev=1192 t=1945.2s remaining=812
    iter=1189 E=-1.8686071698 nfev=1193 t=1946.9s remaining=811
    iter=1190 E=-1.8686073790 nfev=1194 t=1948.6s remaining=810
    iter=1191 E=-1.8686076508 nfev=1195 t=1950.2s remaining=809
    iter=1192 E=-1.8686079664 nfev=1196 t=1951.8s remaining=808
    iter=1193 E=-1.8686082599 nfev=1197 t=1953.4s remaining=807
    iter=1194 E=-1.8686085224 nfev=1198 t=1955.0s remaining=806
    iter=1195 E=-1.8686087995 nfev=1199 t=1956.6s remaining=805
    iter=1196 E=-1.8686091175 nfev=1200 t=1958.2s remaining=804
    iter=1197 E=-1.8686095300 nfev=1201 t=1959.8s remaining=803
    iter=1198 E=-1.8686100075 nfev=1202 t=1961.5s remaining=802
    iter=1199 E=-1.8686105259 nfev=1203 t=1963.1s remaining=801
    iter=1200 E=-1.8686111607 nfev=1204 t=1964.8s remaining=800
    iter=1201 E=-1.8686118779 nfev=1205 t=1966.4s remaining=799
    iter=1202 E=-1.8686128278 nfev=1206 t=1968.2s remaining=798
    iter=1203 E=-1.8686142289 nfev=1207 t=1969.8s remaining=797
    iter=1204 E=-1.8686159353 nfev=1208 t=1971.4s remaining=796
    iter=1205 E=-1.8686171976 nfev=1209 t=1973.1s remaining=795
    iter=1206 E=-1.8686184430 nfev=1210 t=1974.6s remaining=794
    iter=1207 E=-1.8686194411 nfev=1211 t=1976.2s remaining=793
    iter=1208 E=-1.8686204307 nfev=1212 t=1977.9s remaining=792
    iter=1209 E=-1.8686212737 nfev=1213 t=1979.6s remaining=791
    iter=1210 E=-1.8686222506 nfev=1214 t=1981.2s remaining=790
    iter=1211 E=-1.8686229433 nfev=1215 t=1982.8s remaining=789
    iter=1212 E=-1.8686236952 nfev=1216 t=1984.4s remaining=788
    iter=1213 E=-1.8686245953 nfev=1217 t=1986.1s remaining=787
    iter=1214 E=-1.8686253446 nfev=1218 t=1987.8s remaining=786
    iter=1215 E=-1.8686258319 nfev=1219 t=1989.6s remaining=785
    iter=1216 E=-1.8686262033 nfev=1220 t=1991.4s remaining=784
    iter=1217 E=-1.8686265347 nfev=1221 t=1993.0s remaining=783
    iter=1218 E=-1.8686268209 nfev=1222 t=1994.6s remaining=782
    iter=1219 E=-1.8686271660 nfev=1223 t=1996.4s remaining=781
    iter=1220 E=-1.8686276099 nfev=1224 t=1998.0s remaining=780
    iter=1221 E=-1.8686281907 nfev=1225 t=1999.8s remaining=779
    iter=1222 E=-1.8686287703 nfev=1226 t=2001.4s remaining=778
    iter=1223 E=-1.8686294693 nfev=1227 t=2003.1s remaining=777
    iter=1224 E=-1.8686302209 nfev=1228 t=2004.8s remaining=776
    iter=1225 E=-1.8686309734 nfev=1229 t=2006.4s remaining=775
    iter=1226 E=-1.8686314418 nfev=1230 t=2008.0s remaining=774
    iter=1227 E=-1.8686319650 nfev=1231 t=2009.6s remaining=773
    iter=1228 E=-1.8686327662 nfev=1232 t=2011.3s remaining=772
    iter=1229 E=-1.8686339250 nfev=1233 t=2012.9s remaining=771
    iter=1230 E=-1.8686352516 nfev=1234 t=2014.5s remaining=770
    iter=1231 E=-1.8686366856 nfev=1235 t=2016.0s remaining=769
    iter=1232 E=-1.8686384542 nfev=1236 t=2017.6s remaining=768
    iter=1233 E=-1.8686406038 nfev=1237 t=2019.3s remaining=767
    iter=1234 E=-1.8686423263 nfev=1238 t=2021.1s remaining=766
    iter=1235 E=-1.8686438938 nfev=1239 t=2022.9s remaining=765
    iter=1236 E=-1.8686449672 nfev=1240 t=2024.5s remaining=764
    iter=1237 E=-1.8686461382 nfev=1241 t=2026.1s remaining=763
    iter=1238 E=-1.8686471918 nfev=1242 t=2027.7s remaining=762
    iter=1239 E=-1.8686482083 nfev=1243 t=2029.3s remaining=761
    iter=1240 E=-1.8686492089 nfev=1244 t=2030.9s remaining=760
    iter=1241 E=-1.8686500306 nfev=1245 t=2032.6s remaining=759
    iter=1242 E=-1.8686506250 nfev=1246 t=2034.3s remaining=758
    iter=1243 E=-1.8686513968 nfev=1247 t=2035.9s remaining=757
    iter=1244 E=-1.8686523352 nfev=1248 t=2037.5s remaining=756
    iter=1245 E=-1.8686532057 nfev=1249 t=2039.1s remaining=755
    iter=1246 E=-1.8686538931 nfev=1250 t=2041.0s remaining=754
    iter=1247 E=-1.8686544806 nfev=1251 t=2042.7s remaining=753
    iter=1248 E=-1.8686549642 nfev=1252 t=2044.4s remaining=752
    iter=1249 E=-1.8686554449 nfev=1253 t=2046.1s remaining=751
    iter=1250 E=-1.8686559306 nfev=1254 t=2047.7s remaining=750
    iter=1251 E=-1.8686563652 nfev=1255 t=2049.4s remaining=749
    iter=1252 E=-1.8686568470 nfev=1256 t=2051.0s remaining=748
    iter=1253 E=-1.8686573876 nfev=1257 t=2052.7s remaining=747
    iter=1254 E=-1.8686581090 nfev=1258 t=2054.3s remaining=746
    iter=1255 E=-1.8686590645 nfev=1259 t=2055.9s remaining=745
    iter=1256 E=-1.8686603335 nfev=1260 t=2057.7s remaining=744
    iter=1257 E=-1.8686618348 nfev=1261 t=2059.4s remaining=743
    iter=1258 E=-1.8686633956 nfev=1262 t=2061.0s remaining=742
    iter=1259 E=-1.8686652542 nfev=1263 t=2062.6s remaining=741
    iter=1260 E=-1.8686673133 nfev=1264 t=2064.1s remaining=740
    iter=1261 E=-1.8686697450 nfev=1265 t=2065.7s remaining=739
    iter=1262 E=-1.8686722335 nfev=1266 t=2067.3s remaining=738
    iter=1263 E=-1.8686738374 nfev=1267 t=2068.8s remaining=737
    iter=1264 E=-1.8686757237 nfev=1268 t=2070.5s remaining=736
    iter=1265 E=-1.8686770230 nfev=1269 t=2072.2s remaining=735
    iter=1266 E=-1.8686785574 nfev=1270 t=2073.7s remaining=734
    iter=1267 E=-1.8686796598 nfev=1271 t=2075.3s remaining=733
    iter=1268 E=-1.8686808162 nfev=1272 t=2077.0s remaining=732
    iter=1269 E=-1.8686815785 nfev=1273 t=2078.8s remaining=731
    iter=1270 E=-1.8686823022 nfev=1274 t=2080.5s remaining=730
    iter=1271 E=-1.8686828203 nfev=1275 t=2082.2s remaining=729
    iter=1272 E=-1.8686832571 nfev=1276 t=2083.8s remaining=728
    iter=1273 E=-1.8686837352 nfev=1277 t=2085.5s remaining=727
    iter=1274 E=-1.8686842230 nfev=1278 t=2087.1s remaining=726
    iter=1275 E=-1.8686846939 nfev=1279 t=2088.7s remaining=725
    iter=1276 E=-1.8686852705 nfev=1280 t=2090.2s remaining=724
    iter=1277 E=-1.8686858404 nfev=1281 t=2091.7s remaining=723
    iter=1278 E=-1.8686865913 nfev=1282 t=2093.3s remaining=722
    iter=1279 E=-1.8686875687 nfev=1283 t=2095.0s remaining=721
    iter=1280 E=-1.8686885320 nfev=1284 t=2096.6s remaining=720
    iter=1281 E=-1.8686896063 nfev=1285 t=2098.2s remaining=719
    iter=1282 E=-1.8686908756 nfev=1286 t=2099.8s remaining=718
    iter=1283 E=-1.8686922760 nfev=1287 t=2101.4s remaining=717
    iter=1284 E=-1.8686935139 nfev=1288 t=2103.0s remaining=716
    iter=1285 E=-1.8686947472 nfev=1289 t=2104.6s remaining=715
    iter=1286 E=-1.8686965318 nfev=1290 t=2106.2s remaining=714
    iter=1287 E=-1.8686991493 nfev=1291 t=2108.0s remaining=713
    iter=1288 E=-1.8687024739 nfev=1292 t=2109.6s remaining=712
    iter=1289 E=-1.8687052002 nfev=1293 t=2111.1s remaining=711
    iter=1290 E=-1.8687072422 nfev=1294 t=2112.7s remaining=710
    iter=1291 E=-1.8687101322 nfev=1295 t=2114.3s remaining=709
    iter=1292 E=-1.8687128962 nfev=1296 t=2115.8s remaining=708
    iter=1293 E=-1.8687148355 nfev=1297 t=2117.5s remaining=707
    iter=1294 E=-1.8687170727 nfev=1298 t=2119.1s remaining=706
    iter=1295 E=-1.8687188527 nfev=1299 t=2120.7s remaining=705
    iter=1296 E=-1.8687206390 nfev=1300 t=2122.3s remaining=704
    iter=1297 E=-1.8687222533 nfev=1301 t=2123.9s remaining=703
    iter=1298 E=-1.8687242458 nfev=1302 t=2125.5s remaining=702
    iter=1299 E=-1.8687263867 nfev=1303 t=2127.1s remaining=701
    iter=1300 E=-1.8687276645 nfev=1304 t=2128.7s remaining=700
    iter=1301 E=-1.8687286416 nfev=1305 t=2130.2s remaining=699
    iter=1302 E=-1.8687293786 nfev=1306 t=2131.9s remaining=698
    iter=1303 E=-1.8687301906 nfev=1307 t=2133.6s remaining=697
    iter=1304 E=-1.8687312537 nfev=1308 t=2135.2s remaining=696
    iter=1305 E=-1.8687327136 nfev=1309 t=2136.7s remaining=695
    iter=1306 E=-1.8687337764 nfev=1310 t=2138.4s remaining=694
    iter=1307 E=-1.8687349311 nfev=1311 t=2140.0s remaining=693
    iter=1308 E=-1.8687360137 nfev=1312 t=2141.5s remaining=692
    iter=1309 E=-1.8687367964 nfev=1313 t=2143.2s remaining=691
    iter=1310 E=-1.8687378538 nfev=1314 t=2144.7s remaining=690
    iter=1311 E=-1.8687390955 nfev=1315 t=2146.2s remaining=689
    iter=1312 E=-1.8687402554 nfev=1316 t=2147.8s remaining=688
    iter=1313 E=-1.8687415740 nfev=1317 t=2149.4s remaining=687
    iter=1314 E=-1.8687431613 nfev=1318 t=2151.1s remaining=686
    iter=1315 E=-1.8687450507 nfev=1319 t=2152.6s remaining=685
    iter=1316 E=-1.8687476203 nfev=1320 t=2154.3s remaining=684
    iter=1317 E=-1.8687507993 nfev=1321 t=2156.0s remaining=683
    iter=1318 E=-1.8687534173 nfev=1322 t=2157.7s remaining=682
    iter=1319 E=-1.8687556637 nfev=1323 t=2159.3s remaining=681
    iter=1320 E=-1.8687586729 nfev=1324 t=2160.9s remaining=680
    iter=1321 E=-1.8687617326 nfev=1325 t=2162.7s remaining=679
    iter=1322 E=-1.8687640846 nfev=1326 t=2164.2s remaining=678
    iter=1323 E=-1.8687664499 nfev=1327 t=2165.8s remaining=677
    iter=1324 E=-1.8687681801 nfev=1328 t=2167.4s remaining=676
    iter=1325 E=-1.8687695301 nfev=1329 t=2169.0s remaining=675
    iter=1326 E=-1.8687701684 nfev=1330 t=2170.6s remaining=674
    iter=1327 E=-1.8687711250 nfev=1331 t=2172.2s remaining=673
    iter=1328 E=-1.8687723591 nfev=1332 t=2174.1s remaining=672
    iter=1329 E=-1.8687735484 nfev=1333 t=2175.9s remaining=671
    iter=1330 E=-1.8687751092 nfev=1334 t=2177.5s remaining=670
    iter=1331 E=-1.8687768758 nfev=1335 t=2179.1s remaining=669
    iter=1332 E=-1.8687779221 nfev=1336 t=2180.8s remaining=668
    iter=1333 E=-1.8687792928 nfev=1337 t=2182.4s remaining=667
    iter=1334 E=-1.8687808267 nfev=1338 t=2184.0s remaining=666
    iter=1335 E=-1.8687820726 nfev=1339 t=2185.6s remaining=665
    iter=1336 E=-1.8687834504 nfev=1340 t=2187.2s remaining=664
    iter=1337 E=-1.8687843441 nfev=1341 t=2188.8s remaining=663
    iter=1338 E=-1.8687853700 nfev=1342 t=2190.4s remaining=662
    iter=1339 E=-1.8687866923 nfev=1343 t=2192.1s remaining=661
    iter=1340 E=-1.8687882817 nfev=1344 t=2193.7s remaining=660
    iter=1341 E=-1.8687897694 nfev=1345 t=2195.3s remaining=659
    iter=1342 E=-1.8687917046 nfev=1346 t=2196.9s remaining=658
    iter=1343 E=-1.8687940413 nfev=1347 t=2198.4s remaining=657
    iter=1344 E=-1.8687970538 nfev=1348 t=2200.0s remaining=656
    iter=1345 E=-1.8688006576 nfev=1349 t=2201.5s remaining=655
    iter=1346 E=-1.8688046218 nfev=1350 t=2203.2s remaining=654
    iter=1347 E=-1.8688090066 nfev=1351 t=2204.8s remaining=653
    iter=1348 E=-1.8688139544 nfev=1352 t=2206.5s remaining=652
    iter=1349 E=-1.8688181737 nfev=1353 t=2208.3s remaining=651
    iter=1350 E=-1.8688225247 nfev=1354 t=2210.0s remaining=650
    iter=1351 E=-1.8688265124 nfev=1355 t=2211.8s remaining=649
    iter=1352 E=-1.8688297692 nfev=1356 t=2213.3s remaining=648
    iter=1353 E=-1.8688326303 nfev=1357 t=2215.0s remaining=647
    iter=1354 E=-1.8688345687 nfev=1358 t=2216.6s remaining=646
    iter=1355 E=-1.8688368943 nfev=1359 t=2218.2s remaining=645
    iter=1356 E=-1.8688388287 nfev=1360 t=2219.9s remaining=644
    iter=1357 E=-1.8688407022 nfev=1361 t=2221.5s remaining=643
    iter=1358 E=-1.8688420904 nfev=1362 t=2223.1s remaining=642
    iter=1359 E=-1.8688440354 nfev=1363 t=2224.8s remaining=641
    iter=1360 E=-1.8688462625 nfev=1364 t=2226.3s remaining=640
    iter=1361 E=-1.8688486001 nfev=1365 t=2228.1s remaining=639
    iter=1362 E=-1.8688517782 nfev=1366 t=2229.8s remaining=638
    iter=1363 E=-1.8688562989 nfev=1367 t=2231.4s remaining=637
    iter=1364 E=-1.8688612140 nfev=1368 t=2233.0s remaining=636
    iter=1365 E=-1.8688647024 nfev=1369 t=2234.5s remaining=635
    iter=1366 E=-1.8688691680 nfev=1370 t=2236.2s remaining=634
    iter=1367 E=-1.8688749747 nfev=1371 t=2237.8s remaining=633
    iter=1368 E=-1.8688806213 nfev=1372 t=2239.4s remaining=632
    iter=1369 E=-1.8688854566 nfev=1373 t=2241.2s remaining=631
    iter=1370 E=-1.8688907509 nfev=1374 t=2243.4s remaining=630
    iter=1371 E=-1.8688963404 nfev=1375 t=2245.0s remaining=629
    iter=1372 E=-1.8689022831 nfev=1376 t=2246.6s remaining=628
    iter=1373 E=-1.8689088940 nfev=1377 t=2248.3s remaining=627
    iter=1374 E=-1.8689161156 nfev=1378 t=2249.9s remaining=626
    iter=1375 E=-1.8689214972 nfev=1379 t=2251.4s remaining=625
    iter=1376 E=-1.8689285149 nfev=1380 t=2253.1s remaining=624
    iter=1377 E=-1.8689359196 nfev=1381 t=2254.6s remaining=623
    iter=1378 E=-1.8689384918 nfev=1382 t=2256.3s remaining=622
    iter=1379 E=-1.8689426799 nfev=1383 t=2258.0s remaining=621
    iter=1380 E=-1.8689481019 nfev=1384 t=2259.5s remaining=620
    iter=1381 E=-1.8689524286 nfev=1385 t=2261.1s remaining=619
    iter=1382 E=-1.8689564722 nfev=1386 t=2262.7s remaining=618
    iter=1383 E=-1.8689612564 nfev=1387 t=2264.4s remaining=617
    iter=1384 E=-1.8689680924 nfev=1388 t=2266.1s remaining=616
    iter=1385 E=-1.8689765318 nfev=1389 t=2267.7s remaining=615
    iter=1386 E=-1.8689788041 nfev=1390 t=2269.2s remaining=614
    iter=1387 E=-1.8689825612 nfev=1391 t=2270.7s remaining=613
    iter=1388 E=-1.8689876073 nfev=1392 t=2272.3s remaining=612
    iter=1389 E=-1.8689918168 nfev=1393 t=2274.0s remaining=611
    iter=1390 E=-1.8689944647 nfev=1394 t=2275.6s remaining=610
    iter=1391 E=-1.8689980691 nfev=1395 t=2277.3s remaining=609
    iter=1392 E=-1.8690028927 nfev=1396 t=2278.9s remaining=608
    iter=1393 E=-1.8690084844 nfev=1397 t=2280.6s remaining=607
    iter=1394 E=-1.8690135081 nfev=1398 t=2282.2s remaining=606
    iter=1395 E=-1.8690189367 nfev=1399 t=2284.1s remaining=605
    iter=1396 E=-1.8690249445 nfev=1400 t=2285.8s remaining=604
    iter=1397 E=-1.8690312744 nfev=1401 t=2287.4s remaining=603
    iter=1398 E=-1.8690368920 nfev=1402 t=2289.0s remaining=602
    iter=1399 E=-1.8690413403 nfev=1403 t=2290.5s remaining=601
    iter=1400 E=-1.8690473273 nfev=1404 t=2292.1s remaining=600
    iter=1401 E=-1.8690547519 nfev=1405 t=2293.6s remaining=599
    iter=1402 E=-1.8690629008 nfev=1406 t=2295.3s remaining=598
    iter=1403 E=-1.8690731003 nfev=1407 t=2297.1s remaining=597
    iter=1404 E=-1.8690827263 nfev=1408 t=2298.8s remaining=596
    iter=1405 E=-1.8690928925 nfev=1409 t=2300.4s remaining=595
    iter=1406 E=-1.8690974733 nfev=1410 t=2302.2s remaining=594
    iter=1407 E=-1.8691043757 nfev=1411 t=2303.8s remaining=593
    iter=1408 E=-1.8691130769 nfev=1412 t=2305.4s remaining=592
    iter=1409 E=-1.8691214126 nfev=1413 t=2307.1s remaining=591
    iter=1410 E=-1.8691279089 nfev=1414 t=2308.8s remaining=590
    iter=1411 E=-1.8691351406 nfev=1415 t=2310.5s remaining=589
    iter=1412 E=-1.8691439948 nfev=1416 t=2312.1s remaining=588
    iter=1413 E=-1.8691480258 nfev=1417 t=2313.8s remaining=587
    iter=1414 E=-1.8691538221 nfev=1418 t=2315.4s remaining=586
    iter=1415 E=-1.8691584247 nfev=1419 t=2317.1s remaining=585
    iter=1416 E=-1.8691624218 nfev=1420 t=2319.0s remaining=584
    iter=1417 E=-1.8691665337 nfev=1421 t=2320.8s remaining=583
    iter=1418 E=-1.8691719555 nfev=1422 t=2322.4s remaining=582
    iter=1419 E=-1.8691800000 nfev=1423 t=2324.0s remaining=581
    iter=1420 E=-1.8691905085 nfev=1424 t=2325.6s remaining=580
    iter=1421 E=-1.8692019818 nfev=1425 t=2327.2s remaining=579
    iter=1422 E=-1.8692100713 nfev=1426 t=2328.8s remaining=578
    iter=1423 E=-1.8692193650 nfev=1427 t=2330.5s remaining=577
    iter=1424 E=-1.8692307270 nfev=1428 t=2332.1s remaining=576
    iter=1425 E=-1.8692374676 nfev=1429 t=2333.7s remaining=575
    iter=1426 E=-1.8692447293 nfev=1430 t=2335.3s remaining=574
    iter=1427 E=-1.8692519269 nfev=1431 t=2336.9s remaining=573
    iter=1428 E=-1.8692562923 nfev=1432 t=2338.5s remaining=572
    iter=1429 E=-1.8692625219 nfev=1433 t=2340.1s remaining=571
    iter=1430 E=-1.8692706209 nfev=1434 t=2341.8s remaining=570
    iter=1431 E=-1.8692765144 nfev=1435 t=2343.4s remaining=569
    iter=1432 E=-1.8692827179 nfev=1436 t=2345.1s remaining=568
    iter=1433 E=-1.8692892612 nfev=1437 t=2346.7s remaining=567
    iter=1434 E=-1.8692952084 nfev=1438 t=2348.3s remaining=566
    iter=1435 E=-1.8693032108 nfev=1439 t=2350.1s remaining=565
    iter=1436 E=-1.8693138528 nfev=1440 t=2351.7s remaining=564
    iter=1437 E=-1.8693253138 nfev=1441 t=2353.5s remaining=563
    iter=1438 E=-1.8693336183 nfev=1442 t=2355.1s remaining=562
    iter=1439 E=-1.8693420110 nfev=1443 t=2356.8s remaining=561
    iter=1440 E=-1.8693512542 nfev=1444 t=2358.3s remaining=560
    iter=1441 E=-1.8693569383 nfev=1445 t=2359.9s remaining=559
    iter=1442 E=-1.8693644938 nfev=1446 t=2361.4s remaining=558
    iter=1443 E=-1.8693738685 nfev=1447 t=2363.1s remaining=557
    iter=1444 E=-1.8693824864 nfev=1448 t=2364.8s remaining=556
    iter=1445 E=-1.8693885169 nfev=1449 t=2366.4s remaining=555
    iter=1446 E=-1.8693946849 nfev=1450 t=2368.2s remaining=554
    iter=1447 E=-1.8693985324 nfev=1451 t=2370.0s remaining=553
    iter=1448 E=-1.8694027772 nfev=1452 t=2371.5s remaining=552
    iter=1449 E=-1.8694056961 nfev=1453 t=2373.1s remaining=551
    iter=1450 E=-1.8694096868 nfev=1454 t=2374.7s remaining=550
    iter=1451 E=-1.8694147924 nfev=1455 t=2376.2s remaining=549
    iter=1452 E=-1.8694204642 nfev=1456 t=2377.9s remaining=548
    iter=1453 E=-1.8694271886 nfev=1457 t=2379.5s remaining=547
    iter=1454 E=-1.8694322140 nfev=1458 t=2381.1s remaining=546
    iter=1455 E=-1.8694381655 nfev=1459 t=2382.7s remaining=545
    iter=1456 E=-1.8694432232 nfev=1460 t=2384.3s remaining=544
    iter=1457 E=-1.8694481324 nfev=1461 t=2385.9s remaining=543
    iter=1458 E=-1.8694532832 nfev=1462 t=2387.5s remaining=542
    iter=1459 E=-1.8694583253 nfev=1463 t=2389.2s remaining=541
    iter=1460 E=-1.8694610447 nfev=1464 t=2390.8s remaining=540
    iter=1461 E=-1.8694640041 nfev=1465 t=2392.4s remaining=539
    iter=1462 E=-1.8694655446 nfev=1466 t=2394.0s remaining=538
    iter=1463 E=-1.8694675809 nfev=1467 t=2395.6s remaining=537
    iter=1464 E=-1.8694697042 nfev=1468 t=2397.2s remaining=536
    iter=1465 E=-1.8694723014 nfev=1469 t=2398.8s remaining=535
    iter=1466 E=-1.8694748876 nfev=1470 t=2400.3s remaining=534
    iter=1467 E=-1.8694777483 nfev=1471 t=2402.3s remaining=533
    iter=1468 E=-1.8694807100 nfev=1472 t=2403.9s remaining=532
    iter=1469 E=-1.8694833914 nfev=1473 t=2405.7s remaining=531
    iter=1470 E=-1.8694866543 nfev=1474 t=2407.4s remaining=530
    iter=1471 E=-1.8694900526 nfev=1475 t=2409.1s remaining=529
    iter=1472 E=-1.8694931676 nfev=1476 t=2410.7s remaining=528
    iter=1473 E=-1.8694962354 nfev=1477 t=2412.4s remaining=527
    iter=1474 E=-1.8695002555 nfev=1478 t=2414.0s remaining=526
    iter=1475 E=-1.8695031445 nfev=1479 t=2415.6s remaining=525
    iter=1476 E=-1.8695049406 nfev=1480 t=2417.2s remaining=524
    iter=1477 E=-1.8695068524 nfev=1481 t=2418.9s remaining=523
    iter=1478 E=-1.8695080511 nfev=1482 t=2420.5s remaining=522
    iter=1479 E=-1.8695094645 nfev=1483 t=2422.0s remaining=521
    iter=1480 E=-1.8695109880 nfev=1484 t=2423.6s remaining=520
    iter=1481 E=-1.8695123936 nfev=1485 t=2425.3s remaining=519
    iter=1482 E=-1.8695139193 nfev=1486 t=2426.9s remaining=518
    iter=1483 E=-1.8695155956 nfev=1487 t=2428.5s remaining=517
    iter=1484 E=-1.8695173193 nfev=1488 t=2430.2s remaining=516
    iter=1485 E=-1.8695192626 nfev=1489 t=2431.9s remaining=515
    iter=1486 E=-1.8695210793 nfev=1490 t=2433.5s remaining=514
    iter=1487 E=-1.8695225306 nfev=1491 t=2435.2s remaining=513
    iter=1488 E=-1.8695238023 nfev=1492 t=2436.8s remaining=512
    iter=1489 E=-1.8695251300 nfev=1493 t=2438.4s remaining=511
    iter=1490 E=-1.8695264856 nfev=1494 t=2440.0s remaining=510
    iter=1491 E=-1.8695278944 nfev=1495 t=2441.6s remaining=509
    iter=1492 E=-1.8695289604 nfev=1496 t=2443.2s remaining=508
    iter=1493 E=-1.8695301440 nfev=1497 t=2444.8s remaining=507
    iter=1494 E=-1.8695314342 nfev=1498 t=2446.4s remaining=506
    iter=1495 E=-1.8695331690 nfev=1499 t=2448.0s remaining=505
    iter=1496 E=-1.8695351265 nfev=1500 t=2449.6s remaining=504
    iter=1497 E=-1.8695367839 nfev=1501 t=2451.2s remaining=503
    iter=1498 E=-1.8695383851 nfev=1502 t=2453.0s remaining=502
    iter=1499 E=-1.8695398182 nfev=1503 t=2454.6s remaining=501
    iter=1500 E=-1.8695413196 nfev=1504 t=2456.2s remaining=500
    iter=1501 E=-1.8695427090 nfev=1505 t=2457.9s remaining=499
    iter=1502 E=-1.8695442550 nfev=1506 t=2459.5s remaining=498
    iter=1503 E=-1.8695461145 nfev=1507 t=2461.1s remaining=497
    iter=1504 E=-1.8695480030 nfev=1508 t=2462.6s remaining=496
    iter=1505 E=-1.8695495744 nfev=1509 t=2464.2s remaining=495
    iter=1506 E=-1.8695513683 nfev=1510 t=2465.8s remaining=494
    iter=1507 E=-1.8695534867 nfev=1511 t=2467.4s remaining=493
    iter=1508 E=-1.8695555314 nfev=1512 t=2469.0s remaining=492
    iter=1509 E=-1.8695572626 nfev=1513 t=2470.9s remaining=491
    iter=1510 E=-1.8695590152 nfev=1514 t=2472.7s remaining=490
    iter=1511 E=-1.8695610128 nfev=1515 t=2474.3s remaining=489
    iter=1512 E=-1.8695624409 nfev=1516 t=2475.9s remaining=488
    iter=1513 E=-1.8695639092 nfev=1517 t=2477.5s remaining=487
    iter=1514 E=-1.8695652256 nfev=1518 t=2479.2s remaining=486
    iter=1515 E=-1.8695663457 nfev=1519 t=2480.8s remaining=485
    iter=1516 E=-1.8695676836 nfev=1520 t=2482.3s remaining=484
    iter=1517 E=-1.8695688719 nfev=1521 t=2483.8s remaining=483
    iter=1518 E=-1.8695699191 nfev=1522 t=2485.4s remaining=482
    iter=1519 E=-1.8695709278 nfev=1523 t=2487.1s remaining=481
    iter=1520 E=-1.8695719638 nfev=1524 t=2488.7s remaining=480
    iter=1521 E=-1.8695731449 nfev=1525 t=2490.4s remaining=479
    iter=1522 E=-1.8695741015 nfev=1526 t=2492.0s remaining=478
    iter=1523 E=-1.8695752569 nfev=1527 t=2493.6s remaining=477
    iter=1524 E=-1.8695765027 nfev=1528 t=2495.3s remaining=476
    iter=1525 E=-1.8695778369 nfev=1529 t=2496.9s remaining=475
    iter=1526 E=-1.8695791794 nfev=1530 t=2498.5s remaining=474
    iter=1527 E=-1.8695805997 nfev=1531 t=2500.2s remaining=473
    iter=1528 E=-1.8695821196 nfev=1532 t=2501.8s remaining=472
    iter=1529 E=-1.8695836499 nfev=1533 t=2503.6s remaining=471
    iter=1530 E=-1.8695849354 nfev=1534 t=2505.5s remaining=470
    iter=1531 E=-1.8695867199 nfev=1535 t=2507.2s remaining=469
    iter=1532 E=-1.8695886494 nfev=1536 t=2508.8s remaining=468
    iter=1533 E=-1.8695902336 nfev=1537 t=2510.5s remaining=467
    iter=1534 E=-1.8695917701 nfev=1538 t=2512.1s remaining=466
    iter=1535 E=-1.8695931748 nfev=1539 t=2513.7s remaining=465
    iter=1536 E=-1.8695944497 nfev=1540 t=2515.4s remaining=464
    iter=1537 E=-1.8695954761 nfev=1541 t=2517.1s remaining=463
    iter=1538 E=-1.8695965813 nfev=1542 t=2518.7s remaining=462
    iter=1539 E=-1.8695978433 nfev=1543 t=2520.3s remaining=461
    iter=1540 E=-1.8695988963 nfev=1544 t=2522.0s remaining=460
    iter=1541 E=-1.8695998608 nfev=1545 t=2523.6s remaining=459
    iter=1542 E=-1.8696009334 nfev=1546 t=2525.2s remaining=458
    iter=1543 E=-1.8696020658 nfev=1547 t=2527.0s remaining=457
    iter=1544 E=-1.8696032587 nfev=1548 t=2528.6s remaining=456
    iter=1545 E=-1.8696045554 nfev=1549 t=2530.2s remaining=455
    iter=1546 E=-1.8696055488 nfev=1550 t=2531.9s remaining=454
    iter=1547 E=-1.8696064719 nfev=1551 t=2533.5s remaining=453
    iter=1548 E=-1.8696074333 nfev=1552 t=2535.1s remaining=452
    iter=1549 E=-1.8696087587 nfev=1553 t=2536.7s remaining=451
    iter=1550 E=-1.8696104162 nfev=1554 t=2538.4s remaining=450
    iter=1551 E=-1.8696122141 nfev=1555 t=2539.9s remaining=449
    iter=1552 E=-1.8696140233 nfev=1556 t=2541.5s remaining=448
    iter=1553 E=-1.8696155573 nfev=1557 t=2543.1s remaining=447
    iter=1554 E=-1.8696169525 nfev=1558 t=2544.8s remaining=446
    iter=1555 E=-1.8696183808 nfev=1559 t=2546.4s remaining=445
    iter=1556 E=-1.8696197849 nfev=1560 t=2548.1s remaining=444
    iter=1557 E=-1.8696214814 nfev=1561 t=2549.7s remaining=443
    iter=1558 E=-1.8696231977 nfev=1562 t=2551.4s remaining=442
    iter=1559 E=-1.8696243768 nfev=1563 t=2552.9s remaining=441
    iter=1560 E=-1.8696251746 nfev=1564 t=2554.6s remaining=440
    iter=1561 E=-1.8696259387 nfev=1565 t=2556.2s remaining=439
    iter=1562 E=-1.8696267094 nfev=1566 t=2557.7s remaining=438
    iter=1563 E=-1.8696278637 nfev=1567 t=2559.3s remaining=437
    iter=1564 E=-1.8696293339 nfev=1568 t=2560.8s remaining=436
    iter=1565 E=-1.8696305789 nfev=1569 t=2562.9s remaining=435
    iter=1566 E=-1.8696318475 nfev=1570 t=2564.6s remaining=434
    iter=1567 E=-1.8696329473 nfev=1571 t=2566.3s remaining=433
    iter=1568 E=-1.8696338450 nfev=1572 t=2568.0s remaining=432
    iter=1569 E=-1.8696349344 nfev=1573 t=2569.6s remaining=431
    iter=1570 E=-1.8696359801 nfev=1574 t=2571.2s remaining=430
    iter=1571 E=-1.8696368421 nfev=1575 t=2572.8s remaining=429
    iter=1572 E=-1.8696377701 nfev=1576 t=2574.4s remaining=428
    iter=1573 E=-1.8696388165 nfev=1577 t=2576.0s remaining=427
    iter=1574 E=-1.8696400067 nfev=1578 t=2577.7s remaining=426
    iter=1575 E=-1.8696411668 nfev=1579 t=2579.4s remaining=425
    iter=1576 E=-1.8696421993 nfev=1580 t=2581.0s remaining=424
    iter=1577 E=-1.8696431044 nfev=1581 t=2582.6s remaining=423
    iter=1578 E=-1.8696440829 nfev=1582 t=2584.3s remaining=422
    iter=1579 E=-1.8696450228 nfev=1583 t=2585.9s remaining=421
    iter=1580 E=-1.8696458904 nfev=1584 t=2587.5s remaining=420
    iter=1581 E=-1.8696465007 nfev=1585 t=2589.1s remaining=419
    iter=1582 E=-1.8696470000 nfev=1586 t=2590.8s remaining=418
    iter=1583 E=-1.8696476313 nfev=1587 t=2592.4s remaining=417
    iter=1584 E=-1.8696482383 nfev=1588 t=2593.9s remaining=416
    iter=1585 E=-1.8696490607 nfev=1589 t=2595.5s remaining=415
    iter=1586 E=-1.8696498501 nfev=1590 t=2597.1s remaining=414
    iter=1587 E=-1.8696504382 nfev=1591 t=2598.8s remaining=413
    iter=1588 E=-1.8696511171 nfev=1592 t=2600.5s remaining=412
    iter=1589 E=-1.8696520109 nfev=1593 t=2602.2s remaining=411
    iter=1590 E=-1.8696528591 nfev=1594 t=2603.9s remaining=410
    iter=1591 E=-1.8696536992 nfev=1595 t=2605.5s remaining=409
    iter=1592 E=-1.8696544595 nfev=1596 t=2607.2s remaining=408
    iter=1593 E=-1.8696550016 nfev=1597 t=2608.9s remaining=407
    iter=1594 E=-1.8696557647 nfev=1598 t=2610.6s remaining=406
    iter=1595 E=-1.8696568517 nfev=1599 t=2612.2s remaining=405
    iter=1596 E=-1.8696580891 nfev=1600 t=2613.9s remaining=404
    iter=1597 E=-1.8696589896 nfev=1601 t=2615.6s remaining=403
    iter=1598 E=-1.8696598047 nfev=1602 t=2617.1s remaining=402
    iter=1599 E=-1.8696606891 nfev=1603 t=2618.7s remaining=401
    iter=1600 E=-1.8696618420 nfev=1604 t=2620.4s remaining=400
    iter=1601 E=-1.8696632257 nfev=1605 t=2622.0s remaining=399
    iter=1602 E=-1.8696645121 nfev=1606 t=2623.6s remaining=398
    iter=1603 E=-1.8696659834 nfev=1607 t=2625.2s remaining=397
    iter=1604 E=-1.8696674089 nfev=1608 t=2626.7s remaining=396
    iter=1605 E=-1.8696687627 nfev=1609 t=2628.3s remaining=395
    iter=1606 E=-1.8696698921 nfev=1610 t=2630.0s remaining=394
    iter=1607 E=-1.8696708532 nfev=1611 t=2631.6s remaining=393
    iter=1608 E=-1.8696717420 nfev=1612 t=2633.3s remaining=392
    iter=1609 E=-1.8696725367 nfev=1613 t=2634.9s remaining=391
    iter=1610 E=-1.8696733875 nfev=1614 t=2636.6s remaining=390
    iter=1611 E=-1.8696741966 nfev=1615 t=2638.2s remaining=389
    iter=1612 E=-1.8696747686 nfev=1616 t=2639.8s remaining=388
    iter=1613 E=-1.8696754920 nfev=1617 t=2641.4s remaining=387
    iter=1614 E=-1.8696761132 nfev=1618 t=2643.0s remaining=386
    iter=1615 E=-1.8696766190 nfev=1619 t=2644.5s remaining=385
    iter=1616 E=-1.8696772028 nfev=1620 t=2646.2s remaining=384
    iter=1617 E=-1.8696779099 nfev=1621 t=2648.0s remaining=383
    iter=1618 E=-1.8696785562 nfev=1622 t=2649.5s remaining=382
    iter=1619 E=-1.8696792702 nfev=1623 t=2651.2s remaining=381
    iter=1620 E=-1.8696800282 nfev=1624 t=2652.9s remaining=380
    iter=1621 E=-1.8696808150 nfev=1625 t=2654.5s remaining=379
    iter=1622 E=-1.8696815064 nfev=1626 t=2656.1s remaining=378
    iter=1623 E=-1.8696820176 nfev=1627 t=2657.8s remaining=377
    iter=1624 E=-1.8696824639 nfev=1628 t=2659.4s remaining=376
    iter=1625 E=-1.8696830368 nfev=1629 t=2661.0s remaining=375
    iter=1626 E=-1.8696838515 nfev=1630 t=2662.5s remaining=374
    iter=1627 E=-1.8696849451 nfev=1631 t=2664.1s remaining=373
    iter=1628 E=-1.8696862175 nfev=1632 t=2665.7s remaining=372
    iter=1629 E=-1.8696876649 nfev=1633 t=2667.3s remaining=371
    iter=1630 E=-1.8696889910 nfev=1634 t=2668.9s remaining=370
    iter=1631 E=-1.8696900466 nfev=1635 t=2670.5s remaining=369
    iter=1632 E=-1.8696909050 nfev=1636 t=2672.2s remaining=368
    iter=1633 E=-1.8696917159 nfev=1637 t=2673.9s remaining=367
    iter=1634 E=-1.8696922290 nfev=1638 t=2675.6s remaining=366
    iter=1635 E=-1.8696926241 nfev=1639 t=2677.2s remaining=365
    iter=1636 E=-1.8696929647 nfev=1640 t=2678.8s remaining=364
    iter=1637 E=-1.8696933310 nfev=1641 t=2680.3s remaining=363
    iter=1638 E=-1.8696938778 nfev=1642 t=2681.9s remaining=362
    iter=1639 E=-1.8696945464 nfev=1643 t=2683.6s remaining=361
    iter=1640 E=-1.8696951526 nfev=1644 t=2685.3s remaining=360
    iter=1641 E=-1.8696959404 nfev=1645 t=2686.9s remaining=359
    iter=1642 E=-1.8696965353 nfev=1646 t=2688.5s remaining=358
    iter=1643 E=-1.8696970341 nfev=1647 t=2690.1s remaining=357
    iter=1644 E=-1.8696975605 nfev=1648 t=2691.7s remaining=356
    iter=1645 E=-1.8696981444 nfev=1649 t=2693.5s remaining=355
    iter=1646 E=-1.8696984902 nfev=1650 t=2695.1s remaining=354
    iter=1647 E=-1.8696989442 nfev=1651 t=2696.8s remaining=353
    iter=1648 E=-1.8696993925 nfev=1652 t=2698.5s remaining=352
    iter=1649 E=-1.8696998762 nfev=1653 t=2700.1s remaining=351
    iter=1650 E=-1.8697003443 nfev=1654 t=2701.8s remaining=350
    iter=1651 E=-1.8697008170 nfev=1655 t=2703.5s remaining=349
    iter=1652 E=-1.8697012683 nfev=1656 t=2705.3s remaining=348
    iter=1653 E=-1.8697016454 nfev=1657 t=2706.9s remaining=347
    iter=1654 E=-1.8697019684 nfev=1658 t=2708.5s remaining=346
    iter=1655 E=-1.8697022746 nfev=1659 t=2710.2s remaining=345
    iter=1656 E=-1.8697025716 nfev=1660 t=2711.7s remaining=344
    iter=1657 E=-1.8697029632 nfev=1661 t=2713.4s remaining=343
    iter=1658 E=-1.8697034403 nfev=1662 t=2715.0s remaining=342
    iter=1659 E=-1.8697038573 nfev=1663 t=2716.7s remaining=341
    iter=1660 E=-1.8697042432 nfev=1664 t=2718.3s remaining=340
    iter=1661 E=-1.8697046875 nfev=1665 t=2719.9s remaining=339
    iter=1662 E=-1.8697052865 nfev=1666 t=2721.5s remaining=338
    iter=1663 E=-1.8697061370 nfev=1667 t=2723.1s remaining=337
    iter=1664 E=-1.8697073188 nfev=1668 t=2724.9s remaining=336
    iter=1665 E=-1.8697086999 nfev=1669 t=2726.6s remaining=335
    iter=1666 E=-1.8697099857 nfev=1670 t=2728.2s remaining=334
    iter=1667 E=-1.8697109076 nfev=1671 t=2729.8s remaining=333
    iter=1668 E=-1.8697115193 nfev=1672 t=2731.5s remaining=332
    iter=1669 E=-1.8697120012 nfev=1673 t=2733.0s remaining=331
    iter=1670 E=-1.8697124540 nfev=1674 t=2734.6s remaining=330
    iter=1671 E=-1.8697128890 nfev=1675 t=2736.1s remaining=329
    iter=1672 E=-1.8697134797 nfev=1676 t=2737.7s remaining=328
    iter=1673 E=-1.8697141723 nfev=1677 t=2739.3s remaining=327
    iter=1674 E=-1.8697146672 nfev=1678 t=2740.8s remaining=326
    iter=1675 E=-1.8697151070 nfev=1679 t=2742.4s remaining=325
    iter=1676 E=-1.8697155358 nfev=1680 t=2744.0s remaining=324
    iter=1677 E=-1.8697159610 nfev=1681 t=2745.6s remaining=323
    iter=1678 E=-1.8697163380 nfev=1682 t=2747.3s remaining=322
    iter=1679 E=-1.8697166859 nfev=1683 t=2748.9s remaining=321
    iter=1680 E=-1.8697170148 nfev=1684 t=2750.6s remaining=320
    iter=1681 E=-1.8697173311 nfev=1685 t=2752.3s remaining=319
    iter=1682 E=-1.8697176932 nfev=1686 t=2754.3s remaining=318
    iter=1683 E=-1.8697181610 nfev=1687 t=2756.4s remaining=317
    iter=1684 E=-1.8697186759 nfev=1688 t=2758.5s remaining=316
    iter=1685 E=-1.8697193554 nfev=1689 t=2760.1s remaining=315
    iter=1686 E=-1.8697202125 nfev=1690 t=2761.7s remaining=314
    iter=1687 E=-1.8697211577 nfev=1691 t=2763.3s remaining=313
    iter=1688 E=-1.8697220196 nfev=1692 t=2765.0s remaining=312
    iter=1689 E=-1.8697227197 nfev=1693 t=2766.8s remaining=311
    iter=1690 E=-1.8697231780 nfev=1694 t=2768.5s remaining=310
    iter=1691 E=-1.8697235265 nfev=1695 t=2770.1s remaining=309
    iter=1692 E=-1.8697237902 nfev=1696 t=2771.7s remaining=308
    iter=1693 E=-1.8697240114 nfev=1697 t=2773.3s remaining=307
    iter=1694 E=-1.8697242692 nfev=1698 t=2774.9s remaining=306
    iter=1695 E=-1.8697246666 nfev=1699 t=2776.5s remaining=305
    iter=1696 E=-1.8697252511 nfev=1700 t=2778.1s remaining=304
    iter=1697 E=-1.8697260067 nfev=1701 t=2779.6s remaining=303
    iter=1698 E=-1.8697268157 nfev=1702 t=2781.3s remaining=302
    iter=1699 E=-1.8697275913 nfev=1703 t=2782.9s remaining=301
    iter=1700 E=-1.8697283982 nfev=1704 t=2784.4s remaining=300
    iter=1701 E=-1.8697291001 nfev=1705 t=2786.1s remaining=299
    iter=1702 E=-1.8697296416 nfev=1706 t=2787.6s remaining=298
    iter=1703 E=-1.8697303380 nfev=1707 t=2789.2s remaining=297
    iter=1704 E=-1.8697308704 nfev=1708 t=2790.7s remaining=296
    iter=1705 E=-1.8697312674 nfev=1709 t=2792.4s remaining=295
    iter=1706 E=-1.8697316043 nfev=1710 t=2794.0s remaining=294
    iter=1707 E=-1.8697319094 nfev=1711 t=2795.7s remaining=293
    iter=1708 E=-1.8697322126 nfev=1712 t=2797.4s remaining=292
    iter=1709 E=-1.8697325717 nfev=1713 t=2798.9s remaining=291
    iter=1710 E=-1.8697329554 nfev=1714 t=2800.5s remaining=290
    iter=1711 E=-1.8697333550 nfev=1715 t=2802.2s remaining=289
    iter=1712 E=-1.8697339736 nfev=1716 t=2803.9s remaining=288
    iter=1713 E=-1.8697347804 nfev=1717 t=2805.5s remaining=287
    iter=1714 E=-1.8697355306 nfev=1718 t=2807.1s remaining=286
    iter=1715 E=-1.8697365035 nfev=1719 t=2808.7s remaining=285
    iter=1716 E=-1.8697378094 nfev=1720 t=2810.3s remaining=284
    iter=1717 E=-1.8697391133 nfev=1721 t=2812.0s remaining=283
    iter=1718 E=-1.8697406029 nfev=1722 t=2813.7s remaining=282
    iter=1719 E=-1.8697423628 nfev=1723 t=2815.4s remaining=281
    iter=1720 E=-1.8697437152 nfev=1724 t=2817.0s remaining=280
    iter=1721 E=-1.8697443559 nfev=1725 t=2818.6s remaining=279
    iter=1722 E=-1.8697448943 nfev=1726 t=2820.2s remaining=278
    iter=1723 E=-1.8697453423 nfev=1727 t=2821.7s remaining=277
    iter=1724 E=-1.8697457125 nfev=1728 t=2823.4s remaining=276
    iter=1725 E=-1.8697461419 nfev=1729 t=2825.0s remaining=275
    iter=1726 E=-1.8697467529 nfev=1730 t=2826.7s remaining=274
    iter=1727 E=-1.8697474817 nfev=1731 t=2828.3s remaining=273
    iter=1728 E=-1.8697480719 nfev=1732 t=2830.0s remaining=272
    iter=1729 E=-1.8697486357 nfev=1733 t=2831.5s remaining=271
    iter=1730 E=-1.8697491081 nfev=1734 t=2833.2s remaining=270
    iter=1731 E=-1.8697495514 nfev=1735 t=2835.0s remaining=269
    iter=1732 E=-1.8697499467 nfev=1736 t=2836.7s remaining=268
    iter=1733 E=-1.8697501853 nfev=1737 t=2838.3s remaining=267
    iter=1734 E=-1.8697503811 nfev=1738 t=2839.9s remaining=266
    iter=1735 E=-1.8697506299 nfev=1739 t=2841.5s remaining=265
    iter=1736 E=-1.8697509484 nfev=1740 t=2843.3s remaining=264
    iter=1737 E=-1.8697512821 nfev=1741 t=2844.9s remaining=263
    iter=1738 E=-1.8697516549 nfev=1742 t=2846.4s remaining=262
    iter=1739 E=-1.8697521097 nfev=1743 t=2848.1s remaining=261
    iter=1740 E=-1.8697526211 nfev=1744 t=2849.8s remaining=260
    iter=1741 E=-1.8697532138 nfev=1745 t=2851.4s remaining=259
    iter=1742 E=-1.8697537390 nfev=1746 t=2853.4s remaining=258
    iter=1743 E=-1.8697543243 nfev=1747 t=2855.0s remaining=257
    iter=1744 E=-1.8697550101 nfev=1748 t=2856.6s remaining=256
    iter=1745 E=-1.8697558508 nfev=1749 t=2858.3s remaining=255
    iter=1746 E=-1.8697568798 nfev=1750 t=2859.9s remaining=254
    iter=1747 E=-1.8697578217 nfev=1751 t=2861.4s remaining=253
    iter=1748 E=-1.8697585743 nfev=1752 t=2863.0s remaining=252
    iter=1749 E=-1.8697591613 nfev=1753 t=2864.5s remaining=251
    iter=1750 E=-1.8697597096 nfev=1754 t=2866.3s remaining=250
    iter=1751 E=-1.8697600342 nfev=1755 t=2867.9s remaining=249
    iter=1752 E=-1.8697603617 nfev=1756 t=2869.5s remaining=248
    iter=1753 E=-1.8697606436 nfev=1757 t=2871.2s remaining=247
    iter=1754 E=-1.8697608638 nfev=1758 t=2872.8s remaining=246
    iter=1755 E=-1.8697610866 nfev=1759 t=2874.5s remaining=245
    iter=1756 E=-1.8697613705 nfev=1760 t=2876.2s remaining=244
    iter=1757 E=-1.8697617146 nfev=1761 t=2877.8s remaining=243
    iter=1758 E=-1.8697622018 nfev=1762 t=2879.3s remaining=242
    iter=1759 E=-1.8697628856 nfev=1763 t=2881.1s remaining=241
    iter=1760 E=-1.8697636964 nfev=1764 t=2882.8s remaining=240
    iter=1761 E=-1.8697646824 nfev=1765 t=2884.5s remaining=239
    iter=1762 E=-1.8697656380 nfev=1766 t=2886.3s remaining=238
    iter=1763 E=-1.8697666301 nfev=1767 t=2888.0s remaining=237
    iter=1764 E=-1.8697674836 nfev=1768 t=2889.7s remaining=236
    iter=1765 E=-1.8697684221 nfev=1769 t=2891.5s remaining=235
    iter=1766 E=-1.8697691773 nfev=1770 t=2893.2s remaining=234
    iter=1767 E=-1.8697699197 nfev=1771 t=2895.0s remaining=233
    iter=1768 E=-1.8697704362 nfev=1772 t=2896.6s remaining=232
    iter=1769 E=-1.8697707800 nfev=1773 t=2898.2s remaining=231
    iter=1770 E=-1.8697711139 nfev=1774 t=2899.9s remaining=230
    iter=1771 E=-1.8697714368 nfev=1775 t=2901.6s remaining=229
    iter=1772 E=-1.8697717072 nfev=1776 t=2903.3s remaining=228
    iter=1773 E=-1.8697719749 nfev=1777 t=2904.9s remaining=227
    iter=1774 E=-1.8697723600 nfev=1778 t=2906.5s remaining=226
    iter=1775 E=-1.8697727744 nfev=1779 t=2908.1s remaining=225
    iter=1776 E=-1.8697732533 nfev=1780 t=2909.7s remaining=224
    iter=1777 E=-1.8697739741 nfev=1781 t=2911.3s remaining=223
    iter=1778 E=-1.8697750041 nfev=1782 t=2912.9s remaining=222
    iter=1779 E=-1.8697762723 nfev=1783 t=2914.6s remaining=221
    iter=1780 E=-1.8697775921 nfev=1784 t=2916.1s remaining=220
    iter=1781 E=-1.8697792237 nfev=1785 t=2917.7s remaining=219
    iter=1782 E=-1.8697806104 nfev=1786 t=2919.2s remaining=218
    iter=1783 E=-1.8697817111 nfev=1787 t=2920.9s remaining=217
    iter=1784 E=-1.8697824351 nfev=1788 t=2922.7s remaining=216
    iter=1785 E=-1.8697828885 nfev=1789 t=2924.2s remaining=215
    iter=1786 E=-1.8697832220 nfev=1790 t=2925.9s remaining=214
    iter=1787 E=-1.8697835066 nfev=1791 t=2927.6s remaining=213
    iter=1788 E=-1.8697838273 nfev=1792 t=2929.3s remaining=212
    iter=1789 E=-1.8697842493 nfev=1793 t=2931.0s remaining=211
    iter=1790 E=-1.8697848256 nfev=1794 t=2932.7s remaining=210
    iter=1791 E=-1.8697855469 nfev=1795 t=2934.4s remaining=209
    iter=1792 E=-1.8697864011 nfev=1796 t=2936.1s remaining=208
    iter=1793 E=-1.8697874580 nfev=1797 t=2937.6s remaining=207
    iter=1794 E=-1.8697886868 nfev=1798 t=2939.2s remaining=206
    iter=1795 E=-1.8697896936 nfev=1799 t=2940.8s remaining=205
    iter=1796 E=-1.8697903484 nfev=1800 t=2942.4s remaining=204
    iter=1797 E=-1.8697909014 nfev=1801 t=2944.1s remaining=203
    iter=1798 E=-1.8697912278 nfev=1802 t=2945.6s remaining=202
    iter=1799 E=-1.8697915737 nfev=1803 t=2947.2s remaining=201
    iter=1800 E=-1.8697918773 nfev=1804 t=2948.8s remaining=200
    iter=1801 E=-1.8697921856 nfev=1805 t=2950.4s remaining=199
    iter=1802 E=-1.8697924524 nfev=1806 t=2952.0s remaining=198
    iter=1803 E=-1.8697926600 nfev=1807 t=2953.5s remaining=197
    iter=1804 E=-1.8697929311 nfev=1808 t=2955.2s remaining=196
    iter=1805 E=-1.8697933059 nfev=1809 t=2956.7s remaining=195
    iter=1806 E=-1.8697938156 nfev=1810 t=2958.3s remaining=194
    iter=1807 E=-1.8697945295 nfev=1811 t=2960.0s remaining=193
    iter=1808 E=-1.8697954682 nfev=1812 t=2961.7s remaining=192
    iter=1809 E=-1.8697965305 nfev=1813 t=2963.5s remaining=191
    iter=1810 E=-1.8697975681 nfev=1814 t=2965.1s remaining=190
    iter=1811 E=-1.8697986765 nfev=1815 t=2966.6s remaining=189
    iter=1812 E=-1.8697999283 nfev=1816 t=2968.3s remaining=188
    iter=1813 E=-1.8698006718 nfev=1817 t=2970.0s remaining=187
    iter=1814 E=-1.8698013456 nfev=1818 t=2971.5s remaining=186
    iter=1815 E=-1.8698018965 nfev=1819 t=2973.1s remaining=185
    iter=1816 E=-1.8698023296 nfev=1820 t=2975.0s remaining=184
    iter=1817 E=-1.8698026995 nfev=1821 t=2976.5s remaining=183
    iter=1818 E=-1.8698030998 nfev=1822 t=2978.2s remaining=182
    iter=1819 E=-1.8698035970 nfev=1823 t=2979.8s remaining=181
    iter=1820 E=-1.8698040558 nfev=1824 t=2981.5s remaining=180
    iter=1821 E=-1.8698046940 nfev=1825 t=2983.2s remaining=179
    iter=1822 E=-1.8698056770 nfev=1826 t=2984.8s remaining=178
    iter=1823 E=-1.8698071940 nfev=1827 t=2986.3s remaining=177
    iter=1824 E=-1.8698092543 nfev=1828 t=2987.9s remaining=176
    iter=1825 E=-1.8698111171 nfev=1829 t=2989.7s remaining=175
    iter=1826 E=-1.8698125088 nfev=1830 t=2991.3s remaining=174
    iter=1827 E=-1.8698134716 nfev=1831 t=2993.0s remaining=173
    iter=1828 E=-1.8698143226 nfev=1832 t=2994.6s remaining=172
    iter=1829 E=-1.8698149608 nfev=1833 t=2996.2s remaining=171
    iter=1830 E=-1.8698157132 nfev=1834 t=2997.8s remaining=170
    iter=1831 E=-1.8698165041 nfev=1835 t=2999.4s remaining=169
    iter=1832 E=-1.8698170801 nfev=1836 t=3001.1s remaining=168
    iter=1833 E=-1.8698178958 nfev=1837 t=3002.6s remaining=167
    iter=1834 E=-1.8698188800 nfev=1838 t=3004.3s remaining=166
    iter=1835 E=-1.8698194303 nfev=1839 t=3005.9s remaining=165
    iter=1836 E=-1.8698199524 nfev=1840 t=3007.5s remaining=164
    iter=1837 E=-1.8698204559 nfev=1841 t=3009.2s remaining=163
    iter=1838 E=-1.8698210012 nfev=1842 t=3010.9s remaining=162
    iter=1839 E=-1.8698214735 nfev=1843 t=3012.5s remaining=161
    iter=1840 E=-1.8698219769 nfev=1844 t=3014.1s remaining=160
    iter=1841 E=-1.8698224557 nfev=1845 t=3015.9s remaining=159
    iter=1842 E=-1.8698228920 nfev=1846 t=3017.7s remaining=158
    iter=1843 E=-1.8698232492 nfev=1847 t=3019.3s remaining=157
    iter=1844 E=-1.8698237432 nfev=1848 t=3021.0s remaining=156
    iter=1845 E=-1.8698244306 nfev=1849 t=3022.6s remaining=155
    iter=1846 E=-1.8698251190 nfev=1850 t=3024.4s remaining=154
    iter=1847 E=-1.8698256744 nfev=1851 t=3025.9s remaining=153
    iter=1848 E=-1.8698263010 nfev=1852 t=3027.5s remaining=152
    iter=1849 E=-1.8698269158 nfev=1853 t=3029.1s remaining=151
    iter=1850 E=-1.8698276740 nfev=1854 t=3030.7s remaining=150
    iter=1851 E=-1.8698287568 nfev=1855 t=3032.2s remaining=149
    iter=1852 E=-1.8698303467 nfev=1856 t=3033.8s remaining=148
    iter=1853 E=-1.8698320335 nfev=1857 t=3035.6s remaining=147
    iter=1854 E=-1.8698331569 nfev=1858 t=3037.1s remaining=146
    iter=1855 E=-1.8698347371 nfev=1859 t=3038.7s remaining=145
    iter=1856 E=-1.8698367126 nfev=1860 t=3040.4s remaining=144
    iter=1857 E=-1.8698377855 nfev=1861 t=3042.0s remaining=143
    iter=1858 E=-1.8698389390 nfev=1862 t=3043.7s remaining=142
    iter=1859 E=-1.8698394790 nfev=1863 t=3045.3s remaining=141
    iter=1860 E=-1.8698399860 nfev=1864 t=3046.9s remaining=140
    iter=1861 E=-1.8698405702 nfev=1865 t=3048.5s remaining=139
    iter=1862 E=-1.8698411654 nfev=1866 t=3050.1s remaining=138
    iter=1863 E=-1.8698420377 nfev=1867 t=3051.8s remaining=137
    iter=1864 E=-1.8698431624 nfev=1868 t=3053.3s remaining=136
    iter=1865 E=-1.8698439868 nfev=1869 t=3054.9s remaining=135
    iter=1866 E=-1.8698446750 nfev=1870 t=3056.5s remaining=134
    iter=1867 E=-1.8698454123 nfev=1871 t=3058.1s remaining=133
    iter=1868 E=-1.8698460874 nfev=1872 t=3059.8s remaining=132
    iter=1869 E=-1.8698467510 nfev=1873 t=3061.4s remaining=131
    iter=1870 E=-1.8698475120 nfev=1874 t=3063.3s remaining=130
    iter=1871 E=-1.8698483507 nfev=1875 t=3065.4s remaining=129
    iter=1872 E=-1.8698493376 nfev=1876 t=3067.0s remaining=128
    iter=1873 E=-1.8698506894 nfev=1877 t=3068.6s remaining=127
    iter=1874 E=-1.8698523415 nfev=1878 t=3070.1s remaining=126
    iter=1875 E=-1.8698541817 nfev=1879 t=3071.8s remaining=125
    iter=1876 E=-1.8698560087 nfev=1880 t=3073.5s remaining=124
    iter=1877 E=-1.8698578670 nfev=1881 t=3075.0s remaining=123
    iter=1878 E=-1.8698594455 nfev=1882 t=3076.7s remaining=122
    iter=1879 E=-1.8698612073 nfev=1883 t=3078.2s remaining=121
    iter=1880 E=-1.8698625863 nfev=1884 t=3079.9s remaining=120
    iter=1881 E=-1.8698641272 nfev=1885 t=3081.6s remaining=119
    iter=1882 E=-1.8698656999 nfev=1886 t=3083.2s remaining=118
    iter=1883 E=-1.8698669573 nfev=1887 t=3084.7s remaining=117
    iter=1884 E=-1.8698680488 nfev=1888 t=3086.3s remaining=116
    iter=1885 E=-1.8698688437 nfev=1889 t=3088.0s remaining=115
    iter=1886 E=-1.8698697851 nfev=1890 t=3089.6s remaining=114
    iter=1887 E=-1.8698707052 nfev=1891 t=3091.2s remaining=113
    iter=1888 E=-1.8698717401 nfev=1892 t=3092.9s remaining=112
    iter=1889 E=-1.8698726556 nfev=1893 t=3094.5s remaining=111
    iter=1890 E=-1.8698734406 nfev=1894 t=3096.1s remaining=110
    iter=1891 E=-1.8698744975 nfev=1895 t=3097.7s remaining=109
    iter=1892 E=-1.8698755367 nfev=1896 t=3099.4s remaining=108
    iter=1893 E=-1.8698765849 nfev=1897 t=3101.1s remaining=107
    iter=1894 E=-1.8698779172 nfev=1898 t=3102.9s remaining=106
    iter=1895 E=-1.8698795506 nfev=1899 t=3104.5s remaining=105
    iter=1896 E=-1.8698808382 nfev=1900 t=3106.1s remaining=104
    iter=1897 E=-1.8698824579 nfev=1901 t=3107.8s remaining=103
    iter=1898 E=-1.8698841072 nfev=1902 t=3109.4s remaining=102
    iter=1899 E=-1.8698859068 nfev=1903 t=3111.0s remaining=101
    iter=1900 E=-1.8698879881 nfev=1904 t=3112.7s remaining=100
    iter=1901 E=-1.8698900533 nfev=1905 t=3114.3s remaining=99
    iter=1902 E=-1.8698922603 nfev=1906 t=3115.9s remaining=98
    iter=1903 E=-1.8698938562 nfev=1907 t=3117.6s remaining=97
    iter=1904 E=-1.8698951334 nfev=1908 t=3119.3s remaining=96
    iter=1905 E=-1.8698958726 nfev=1909 t=3120.9s remaining=95
    iter=1906 E=-1.8698967860 nfev=1910 t=3122.4s remaining=94
    iter=1907 E=-1.8698977775 nfev=1911 t=3124.1s remaining=93
    iter=1908 E=-1.8698988822 nfev=1912 t=3125.9s remaining=92
    iter=1909 E=-1.8699002127 nfev=1913 t=3127.6s remaining=91
    iter=1910 E=-1.8699013315 nfev=1914 t=3129.1s remaining=90
    iter=1911 E=-1.8699024186 nfev=1915 t=3130.8s remaining=89
    iter=1912 E=-1.8699033874 nfev=1916 t=3132.5s remaining=88
    iter=1913 E=-1.8699046913 nfev=1917 t=3134.2s remaining=87
    iter=1914 E=-1.8699063841 nfev=1918 t=3135.9s remaining=86
    iter=1915 E=-1.8699080926 nfev=1919 t=3137.6s remaining=85
    iter=1916 E=-1.8699094725 nfev=1920 t=3139.5s remaining=84
    iter=1917 E=-1.8699111808 nfev=1921 t=3141.2s remaining=83
    iter=1918 E=-1.8699127671 nfev=1922 t=3142.9s remaining=82
    iter=1919 E=-1.8699139308 nfev=1923 t=3144.5s remaining=81
    iter=1920 E=-1.8699150550 nfev=1924 t=3146.5s remaining=80
    iter=1921 E=-1.8699161377 nfev=1925 t=3148.1s remaining=79
    iter=1922 E=-1.8699171660 nfev=1926 t=3149.7s remaining=78
    iter=1923 E=-1.8699184919 nfev=1927 t=3151.4s remaining=77
    iter=1924 E=-1.8699198689 nfev=1928 t=3153.0s remaining=76
    iter=1925 E=-1.8699208607 nfev=1929 t=3154.5s remaining=75
    iter=1926 E=-1.8699218358 nfev=1930 t=3156.1s remaining=74
    iter=1927 E=-1.8699228820 nfev=1931 t=3157.7s remaining=73
    iter=1928 E=-1.8699236500 nfev=1932 t=3159.3s remaining=72
    iter=1929 E=-1.8699246792 nfev=1933 t=3161.0s remaining=71
    iter=1930 E=-1.8699259589 nfev=1934 t=3162.5s remaining=70
    iter=1931 E=-1.8699271046 nfev=1935 t=3164.2s remaining=69
    iter=1932 E=-1.8699286636 nfev=1936 t=3165.8s remaining=68
    iter=1933 E=-1.8699308291 nfev=1937 t=3167.4s remaining=67
    iter=1934 E=-1.8699333599 nfev=1938 t=3168.9s remaining=66
    iter=1935 E=-1.8699353337 nfev=1939 t=3170.6s remaining=65
    iter=1936 E=-1.8699374065 nfev=1940 t=3172.1s remaining=64
    iter=1937 E=-1.8699399879 nfev=1941 t=3173.8s remaining=63
    iter=1938 E=-1.8699425997 nfev=1942 t=3175.4s remaining=62
    iter=1939 E=-1.8699450984 nfev=1943 t=3177.1s remaining=61
    iter=1940 E=-1.8699470745 nfev=1944 t=3178.7s remaining=60
    iter=1941 E=-1.8699492332 nfev=1945 t=3180.3s remaining=59
    iter=1942 E=-1.8699508599 nfev=1946 t=3181.8s remaining=58
    iter=1943 E=-1.8699525930 nfev=1947 t=3183.5s remaining=57
    iter=1944 E=-1.8699543795 nfev=1948 t=3185.2s remaining=56
    iter=1945 E=-1.8699559153 nfev=1949 t=3186.8s remaining=55
    iter=1946 E=-1.8699576285 nfev=1950 t=3188.4s remaining=54
    iter=1947 E=-1.8699593429 nfev=1951 t=3190.0s remaining=53
    iter=1948 E=-1.8699612462 nfev=1952 t=3191.8s remaining=52
    iter=1949 E=-1.8699631445 nfev=1953 t=3193.4s remaining=51
    iter=1950 E=-1.8699652959 nfev=1954 t=3195.0s remaining=50
    iter=1951 E=-1.8699666487 nfev=1955 t=3196.6s remaining=49
    iter=1952 E=-1.8699682631 nfev=1956 t=3198.2s remaining=48
    iter=1953 E=-1.8699698917 nfev=1957 t=3199.8s remaining=47
    iter=1954 E=-1.8699715637 nfev=1958 t=3201.4s remaining=46
    iter=1955 E=-1.8699735783 nfev=1959 t=3203.1s remaining=45
    iter=1956 E=-1.8699757687 nfev=1960 t=3204.8s remaining=44
    iter=1957 E=-1.8699784600 nfev=1961 t=3206.6s remaining=43
    iter=1958 E=-1.8699818756 nfev=1962 t=3208.4s remaining=42
    iter=1959 E=-1.8699857727 nfev=1963 t=3210.1s remaining=41
    iter=1960 E=-1.8699888868 nfev=1964 t=3211.9s remaining=40
    iter=1961 E=-1.8699926313 nfev=1965 t=3213.8s remaining=39
    iter=1962 E=-1.8699958868 nfev=1966 t=3216.0s remaining=38
    iter=1963 E=-1.8699976991 nfev=1967 t=3218.2s remaining=37
    iter=1964 E=-1.8699997528 nfev=1968 t=3220.1s remaining=36
    iter=1965 E=-1.8700009872 nfev=1969 t=3221.8s remaining=35
    iter=1966 E=-1.8700020110 nfev=1970 t=3223.6s remaining=34
    iter=1967 E=-1.8700031389 nfev=1971 t=3225.4s remaining=33
    iter=1968 E=-1.8700041954 nfev=1972 t=3227.2s remaining=32
    iter=1969 E=-1.8700054508 nfev=1973 t=3228.9s remaining=31
    iter=1970 E=-1.8700064953 nfev=1974 t=3230.5s remaining=30
    iter=1971 E=-1.8700077420 nfev=1975 t=3232.1s remaining=29
    iter=1972 E=-1.8700093440 nfev=1976 t=3233.8s remaining=28
    iter=1973 E=-1.8700114180 nfev=1977 t=3235.5s remaining=27
    iter=1974 E=-1.8700135348 nfev=1978 t=3237.2s remaining=26
    iter=1975 E=-1.8700155590 nfev=1979 t=3238.8s remaining=25
    iter=1976 E=-1.8700173913 nfev=1980 t=3240.4s remaining=24
    iter=1977 E=-1.8700194900 nfev=1981 t=3242.0s remaining=23
    iter=1978 E=-1.8700212987 nfev=1982 t=3243.6s remaining=22
    iter=1979 E=-1.8700234781 nfev=1983 t=3245.3s remaining=21
    iter=1980 E=-1.8700259471 nfev=1984 t=3246.9s remaining=20
    iter=1981 E=-1.8700281708 nfev=1985 t=3248.6s remaining=19
    iter=1982 E=-1.8700306577 nfev=1986 t=3250.2s remaining=18
    iter=1983 E=-1.8700331847 nfev=1987 t=3251.9s remaining=17
    iter=1984 E=-1.8700351671 nfev=1988 t=3253.7s remaining=16
    iter=1985 E=-1.8700367670 nfev=1989 t=3255.3s remaining=15
    iter=1986 E=-1.8700385001 nfev=1990 t=3257.0s remaining=14
    iter=1987 E=-1.8700398727 nfev=1991 t=3258.6s remaining=13
    iter=1988 E=-1.8700415916 nfev=1992 t=3260.4s remaining=12
    iter=1989 E=-1.8700432989 nfev=1993 t=3262.0s remaining=11
    iter=1990 E=-1.8700448607 nfev=1994 t=3263.6s remaining=10
    iter=1991 E=-1.8700465768 nfev=1995 t=3265.3s remaining=9
    iter=1992 E=-1.8700482957 nfev=1996 t=3266.9s remaining=8
    iter=1993 E=-1.8700501537 nfev=1997 t=3268.6s remaining=7
    iter=1994 E=-1.8700524636 nfev=1998 t=3270.2s remaining=6
    iter=1995 E=-1.8700552910 nfev=1999 t=3271.9s remaining=5
    iter=1996 E=-1.8700575932 nfev=2000 t=3273.5s remaining=4
    iter=1997 E=-1.8700596785 nfev=2001 t=3275.1s remaining=3
    iter=1998 E=-1.8700618912 nfev=2002 t=3276.9s remaining=2
    iter=1999 E=-1.8700644921 nfev=2003 t=3278.9s remaining=1
    iter=2000 E=-1.8700674554 nfev=2004 t=3280.5s remaining=0
    iter=2000 E=-1.8700674554 nfev=2004 t=3280.5s remaining=0
    seed=0 E=-1.8700674554 dE=+2.149e-03 nit=2000 ok=False t=3280.5s
  r=2.50  L=10  npar=428   E=-1.8700674554  |E-FCI|=2.149e-03  FCI=no   chem=no

=== summary (best seed per layer) ===
  bond   L ansatz                 npar              E     |E-FCI|  FCI? chem?
  2.50  10 (ECD+SNAP)^10 + ECD     428  -1.8700674554   2.149e-03    no    no

wrote data/results/h4_hybrid_L10_nobs_r250.json
