self-check ok (nfock=4, use_bs=False, worst FD rel err 0.00e+00)
per-iter log: data/results/h4_hybrid_L7_nobs_r0088_iters.jsonl
live snapshot: data/results/h4_hybrid_L7_nobs_r0088_live.json

=== build H4 JWT Hamiltonian at R=0.88 Å ===
=== r=0.88 Å equilibrium  FCI(pyscf)=-2.1804101685  eig=-2.1804101685  paper_fci=-2.18041017  paper_SNAP_D20=-2.1804101724879494 ===
-- r=0.88  (ECD+SNAP)^7 + ECD   npar=302 --
    iter=1 E=-0.1356239594 nfev=3 t=3.0s remaining=1999
    iter=2 E=-0.2325984926 nfev=4 t=4.0s remaining=1998
    iter=3 E=-0.3574644207 nfev=5 t=5.0s remaining=1997
    iter=4 E=-0.3932732282 nfev=6 t=5.9s remaining=1996
    iter=5 E=-0.4433910997 nfev=7 t=6.9s remaining=1995
    iter=6 E=-0.5230996322 nfev=8 t=7.8s remaining=1994
    iter=7 E=-0.5949775652 nfev=9 t=8.8s remaining=1993
    iter=8 E=-0.6334202422 nfev=10 t=9.8s remaining=1992
    iter=9 E=-0.6885839582 nfev=11 t=10.7s remaining=1991
    iter=10 E=-0.7527056039 nfev=12 t=11.6s remaining=1990
    iter=11 E=-0.7946169859 nfev=13 t=12.5s remaining=1989
    iter=12 E=-0.8506169169 nfev=14 t=13.4s remaining=1988
    iter=13 E=-0.9142524585 nfev=15 t=14.5s remaining=1987
    iter=14 E=-0.9815361110 nfev=16 t=15.5s remaining=1986
    iter=15 E=-1.0211146718 nfev=17 t=16.5s remaining=1985
    iter=16 E=-1.0753959952 nfev=18 t=17.4s remaining=1984
    iter=17 E=-1.1479228553 nfev=19 t=18.3s remaining=1983
    iter=18 E=-1.2334360814 nfev=20 t=19.2s remaining=1982
    iter=19 E=-1.3085399498 nfev=21 t=20.1s remaining=1981
    iter=20 E=-1.3305435926 nfev=22 t=21.0s remaining=1980
    iter=21 E=-1.3658505149 nfev=23 t=21.9s remaining=1979
    iter=22 E=-1.4212092405 nfev=24 t=22.8s remaining=1978
    iter=23 E=-1.5010180073 nfev=25 t=23.7s remaining=1977
    iter=24 E=-1.5762741047 nfev=26 t=24.6s remaining=1976
    iter=25 E=-1.6311416730 nfev=27 t=25.5s remaining=1975
    iter=26 E=-1.6904871953 nfev=28 t=26.4s remaining=1974
    iter=27 E=-1.7423669258 nfev=29 t=27.3s remaining=1973
    iter=28 E=-1.7664233550 nfev=30 t=28.2s remaining=1972
    iter=29 E=-1.8010773360 nfev=31 t=29.1s remaining=1971
    iter=30 E=-1.8443207277 nfev=32 t=29.9s remaining=1970
    iter=31 E=-1.8966061089 nfev=33 t=30.8s remaining=1969
    iter=32 E=-1.9102768770 nfev=34 t=31.7s remaining=1968
    iter=33 E=-1.9322601425 nfev=35 t=32.6s remaining=1967
    iter=34 E=-1.9659070873 nfev=36 t=33.5s remaining=1966
    iter=35 E=-1.9952801941 nfev=37 t=34.4s remaining=1965
    iter=36 E=-2.0166607221 nfev=38 t=35.4s remaining=1964
    iter=37 E=-2.0221246620 nfev=39 t=36.3s remaining=1963
    iter=38 E=-2.0318606361 nfev=40 t=37.2s remaining=1962
    iter=39 E=-2.0481853469 nfev=41 t=38.1s remaining=1961
    iter=40 E=-2.0715822247 nfev=42 t=39.0s remaining=1960
    iter=41 E=-2.0834280648 nfev=43 t=39.9s remaining=1959
    iter=42 E=-2.0968163192 nfev=44 t=40.8s remaining=1958
    iter=43 E=-2.1079998358 nfev=45 t=41.7s remaining=1957
    iter=44 E=-2.1143294591 nfev=46 t=42.6s remaining=1956
    iter=45 E=-2.1219258036 nfev=47 t=43.5s remaining=1955
    iter=46 E=-2.1266596060 nfev=48 t=44.4s remaining=1954
    iter=47 E=-2.1313677282 nfev=49 t=45.2s remaining=1953
    iter=48 E=-2.1346086502 nfev=50 t=46.1s remaining=1952
    iter=49 E=-2.1379525562 nfev=51 t=46.9s remaining=1951
    iter=50 E=-2.1399792526 nfev=52 t=47.8s remaining=1950
    iter=51 E=-2.1421800566 nfev=53 t=48.7s remaining=1949
    iter=52 E=-2.1433643146 nfev=54 t=49.5s remaining=1948
    iter=53 E=-2.1447374587 nfev=55 t=50.4s remaining=1947
    iter=54 E=-2.1456943993 nfev=56 t=51.3s remaining=1946
    iter=55 E=-2.1467593258 nfev=57 t=52.2s remaining=1945
    iter=56 E=-2.1475225131 nfev=58 t=53.2s remaining=1944
    iter=57 E=-2.1483940407 nfev=59 t=54.0s remaining=1943
    iter=58 E=-2.1489385190 nfev=60 t=54.9s remaining=1942
    iter=59 E=-2.1494712251 nfev=61 t=55.8s remaining=1941
    iter=60 E=-2.1500859356 nfev=62 t=56.7s remaining=1940
    iter=61 E=-2.1505996525 nfev=63 t=57.6s remaining=1939
    iter=62 E=-2.1510244359 nfev=64 t=58.5s remaining=1938
    iter=63 E=-2.1515170973 nfev=65 t=59.5s remaining=1937
    iter=64 E=-2.1520635270 nfev=66 t=60.4s remaining=1936
    iter=65 E=-2.1525368646 nfev=67 t=61.2s remaining=1935
    iter=66 E=-2.1529543157 nfev=68 t=62.1s remaining=1934
    iter=67 E=-2.1531612720 nfev=69 t=62.9s remaining=1933
    iter=68 E=-2.1534197212 nfev=70 t=63.7s remaining=1932
    iter=69 E=-2.1536486204 nfev=71 t=64.6s remaining=1931
    iter=70 E=-2.1538676138 nfev=72 t=65.5s remaining=1930
    iter=71 E=-2.1541755622 nfev=73 t=66.4s remaining=1929
    iter=72 E=-2.1544186132 nfev=74 t=67.3s remaining=1928
    iter=73 E=-2.1546321197 nfev=75 t=68.2s remaining=1927
    iter=74 E=-2.1548825712 nfev=76 t=69.1s remaining=1926
    iter=75 E=-2.1551649138 nfev=77 t=70.1s remaining=1925
    iter=76 E=-2.1554709615 nfev=78 t=71.2s remaining=1924
    iter=77 E=-2.1557649460 nfev=79 t=72.1s remaining=1923
    iter=78 E=-2.1560802670 nfev=80 t=72.9s remaining=1922
    iter=79 E=-2.1565095616 nfev=81 t=73.8s remaining=1921
    iter=80 E=-2.1569143166 nfev=82 t=74.7s remaining=1920
    iter=81 E=-2.1572225093 nfev=83 t=75.6s remaining=1919
    iter=82 E=-2.1574616896 nfev=84 t=76.6s remaining=1918
    iter=83 E=-2.1577433645 nfev=85 t=77.5s remaining=1917
    iter=84 E=-2.1580115813 nfev=86 t=78.5s remaining=1916
    iter=85 E=-2.1582563205 nfev=87 t=79.4s remaining=1915
    iter=86 E=-2.1585078342 nfev=88 t=80.3s remaining=1914
    iter=87 E=-2.1587460171 nfev=89 t=81.3s remaining=1913
    iter=88 E=-2.1590061003 nfev=90 t=82.3s remaining=1912
    iter=89 E=-2.1592980597 nfev=91 t=83.2s remaining=1911
    iter=90 E=-2.1595858241 nfev=92 t=84.1s remaining=1910
    iter=91 E=-2.1597530743 nfev=93 t=85.0s remaining=1909
    iter=92 E=-2.1599088118 nfev=94 t=85.8s remaining=1908
    iter=93 E=-2.1600503903 nfev=95 t=86.7s remaining=1907
    iter=94 E=-2.1602089593 nfev=96 t=87.5s remaining=1906
    iter=95 E=-2.1603960075 nfev=97 t=88.4s remaining=1905
    iter=96 E=-2.1605785492 nfev=98 t=89.3s remaining=1904
    iter=97 E=-2.1607389113 nfev=99 t=90.2s remaining=1903
    iter=98 E=-2.1609098840 nfev=100 t=91.0s remaining=1902
    iter=99 E=-2.1610767162 nfev=101 t=91.9s remaining=1901
    iter=100 E=-2.1612414332 nfev=102 t=92.8s remaining=1900
    iter=101 E=-2.1613849629 nfev=103 t=93.7s remaining=1899
    iter=102 E=-2.1614990473 nfev=104 t=94.6s remaining=1898
    iter=103 E=-2.1615946589 nfev=105 t=95.6s remaining=1897
    iter=104 E=-2.1616819447 nfev=106 t=96.5s remaining=1896
    iter=105 E=-2.1617512374 nfev=107 t=97.4s remaining=1895
    iter=106 E=-2.1618091699 nfev=108 t=98.2s remaining=1894
    iter=107 E=-2.1618705777 nfev=109 t=99.1s remaining=1893
    iter=108 E=-2.1619444615 nfev=110 t=100.0s remaining=1892
    iter=109 E=-2.1620387282 nfev=111 t=100.9s remaining=1891
    iter=110 E=-2.1621383799 nfev=112 t=101.7s remaining=1890
    iter=111 E=-2.1622333768 nfev=113 t=102.6s remaining=1889
    iter=112 E=-2.1623452562 nfev=114 t=103.5s remaining=1888
    iter=113 E=-2.1624627056 nfev=115 t=104.4s remaining=1887
    iter=114 E=-2.1625619515 nfev=116 t=105.2s remaining=1886
    iter=115 E=-2.1626460401 nfev=117 t=106.1s remaining=1885
    iter=116 E=-2.1627466803 nfev=118 t=107.0s remaining=1884
    iter=117 E=-2.1628470041 nfev=119 t=107.8s remaining=1883
    iter=118 E=-2.1629609411 nfev=120 t=108.7s remaining=1882
    iter=119 E=-2.1630780121 nfev=121 t=109.6s remaining=1881
    iter=120 E=-2.1631873599 nfev=122 t=110.4s remaining=1880
    iter=121 E=-2.1632862449 nfev=123 t=111.3s remaining=1879
    iter=122 E=-2.1633872192 nfev=124 t=112.2s remaining=1878
    iter=123 E=-2.1634980703 nfev=125 t=113.1s remaining=1877
    iter=124 E=-2.1636270343 nfev=126 t=114.0s remaining=1876
    iter=125 E=-2.1637389486 nfev=127 t=115.0s remaining=1875
    iter=126 E=-2.1638380865 nfev=128 t=115.8s remaining=1874
    iter=127 E=-2.1639538957 nfev=129 t=116.7s remaining=1873
    iter=128 E=-2.1640838233 nfev=130 t=117.6s remaining=1872
    iter=129 E=-2.1642311489 nfev=131 t=118.5s remaining=1871
    iter=130 E=-2.1643704673 nfev=132 t=119.4s remaining=1870
    iter=131 E=-2.1645196765 nfev=133 t=120.3s remaining=1869
    iter=132 E=-2.1645962969 nfev=134 t=121.2s remaining=1868
    iter=133 E=-2.1646774592 nfev=135 t=122.1s remaining=1867
    iter=134 E=-2.1647717123 nfev=136 t=123.0s remaining=1866
    iter=135 E=-2.1649006775 nfev=137 t=123.9s remaining=1865
    iter=136 E=-2.1650533388 nfev=138 t=124.8s remaining=1864
    iter=137 E=-2.1651907538 nfev=139 t=125.7s remaining=1863
    iter=138 E=-2.1653041455 nfev=140 t=126.6s remaining=1862
    iter=139 E=-2.1654091773 nfev=141 t=127.4s remaining=1861
    iter=140 E=-2.1655106351 nfev=142 t=128.3s remaining=1860
    iter=141 E=-2.1656087687 nfev=143 t=129.1s remaining=1859
    iter=142 E=-2.1657093111 nfev=144 t=130.0s remaining=1858
    iter=143 E=-2.1658209799 nfev=145 t=130.9s remaining=1857
    iter=144 E=-2.1659133890 nfev=146 t=131.8s remaining=1856
    iter=145 E=-2.1660073519 nfev=147 t=132.7s remaining=1855
    iter=146 E=-2.1660870925 nfev=148 t=133.7s remaining=1854
    iter=147 E=-2.1661604470 nfev=149 t=134.5s remaining=1853
    iter=148 E=-2.1662347742 nfev=150 t=135.5s remaining=1852
    iter=149 E=-2.1663175869 nfev=151 t=136.4s remaining=1851
    iter=150 E=-2.1664240692 nfev=152 t=137.5s remaining=1850
    iter=151 E=-2.1665405878 nfev=153 t=138.6s remaining=1849
    iter=152 E=-2.1666555530 nfev=154 t=139.5s remaining=1848
    iter=153 E=-2.1667763304 nfev=155 t=140.4s remaining=1847
    iter=154 E=-2.1668905420 nfev=156 t=141.4s remaining=1846
    iter=155 E=-2.1670000274 nfev=157 t=142.2s remaining=1845
    iter=156 E=-2.1670852462 nfev=158 t=143.1s remaining=1844
    iter=157 E=-2.1671732377 nfev=159 t=144.0s remaining=1843
    iter=158 E=-2.1672592473 nfev=160 t=145.0s remaining=1842
    iter=159 E=-2.1673353951 nfev=161 t=146.0s remaining=1841
    iter=160 E=-2.1674120288 nfev=162 t=146.9s remaining=1840
    iter=161 E=-2.1674893823 nfev=163 t=147.8s remaining=1839
    iter=162 E=-2.1675649432 nfev=164 t=148.7s remaining=1838
    iter=163 E=-2.1676503367 nfev=165 t=149.5s remaining=1837
    iter=164 E=-2.1677558145 nfev=166 t=150.4s remaining=1836
    iter=165 E=-2.1678262741 nfev=167 t=151.3s remaining=1835
    iter=166 E=-2.1678936334 nfev=168 t=152.2s remaining=1834
    iter=167 E=-2.1679675053 nfev=169 t=153.2s remaining=1833
    iter=168 E=-2.1680537508 nfev=170 t=154.1s remaining=1832
    iter=169 E=-2.1681432834 nfev=171 t=155.0s remaining=1831
    iter=170 E=-2.1682294045 nfev=172 t=156.0s remaining=1830
    iter=171 E=-2.1683079832 nfev=173 t=156.9s remaining=1829
    iter=172 E=-2.1683935319 nfev=174 t=157.8s remaining=1828
    iter=173 E=-2.1684953080 nfev=175 t=158.8s remaining=1827
    iter=174 E=-2.1685708181 nfev=176 t=159.7s remaining=1826
    iter=175 E=-2.1686456839 nfev=177 t=160.6s remaining=1825
    iter=176 E=-2.1687229180 nfev=178 t=161.5s remaining=1824
    iter=177 E=-2.1688126037 nfev=179 t=162.4s remaining=1823
    iter=178 E=-2.1688731468 nfev=180 t=163.3s remaining=1822
    iter=179 E=-2.1689456531 nfev=181 t=164.2s remaining=1821
    iter=180 E=-2.1690138215 nfev=182 t=165.2s remaining=1820
    iter=181 E=-2.1690843775 nfev=183 t=166.1s remaining=1819
    iter=182 E=-2.1691698113 nfev=184 t=167.0s remaining=1818
    iter=183 E=-2.1692659888 nfev=185 t=167.9s remaining=1817
    iter=184 E=-2.1693661341 nfev=186 t=168.8s remaining=1816
    iter=185 E=-2.1694368734 nfev=187 t=169.7s remaining=1815
    iter=186 E=-2.1695144862 nfev=188 t=170.6s remaining=1814
    iter=187 E=-2.1695928682 nfev=189 t=171.4s remaining=1813
    iter=188 E=-2.1696499530 nfev=190 t=172.3s remaining=1812
    iter=189 E=-2.1696866608 nfev=191 t=173.2s remaining=1811
    iter=190 E=-2.1697342250 nfev=192 t=174.1s remaining=1810
    iter=191 E=-2.1697849293 nfev=193 t=174.9s remaining=1809
    iter=192 E=-2.1698279889 nfev=194 t=175.8s remaining=1808
    iter=193 E=-2.1698667785 nfev=195 t=176.6s remaining=1807
    iter=194 E=-2.1699118299 nfev=196 t=177.5s remaining=1806
    iter=195 E=-2.1699685964 nfev=197 t=178.4s remaining=1805
    iter=196 E=-2.1700245771 nfev=198 t=179.3s remaining=1804
    iter=197 E=-2.1700874746 nfev=199 t=180.2s remaining=1803
    iter=198 E=-2.1701375974 nfev=200 t=181.0s remaining=1802
    iter=199 E=-2.1701801774 nfev=201 t=181.9s remaining=1801
    iter=200 E=-2.1702221372 nfev=202 t=182.8s remaining=1800
    iter=201 E=-2.1702707685 nfev=203 t=183.7s remaining=1799
    iter=202 E=-2.1703232809 nfev=204 t=184.6s remaining=1798
    iter=203 E=-2.1703826357 nfev=205 t=185.5s remaining=1797
    iter=204 E=-2.1704374512 nfev=206 t=186.4s remaining=1796
    iter=205 E=-2.1704715848 nfev=207 t=187.3s remaining=1795
    iter=206 E=-2.1705151590 nfev=208 t=188.1s remaining=1794
    iter=207 E=-2.1705641708 nfev=209 t=189.0s remaining=1793
    iter=208 E=-2.1706145011 nfev=210 t=189.9s remaining=1792
    iter=209 E=-2.1706517004 nfev=211 t=190.8s remaining=1791
    iter=210 E=-2.1706829191 nfev=212 t=191.7s remaining=1790
    iter=211 E=-2.1707166852 nfev=213 t=192.6s remaining=1789
    iter=212 E=-2.1707612975 nfev=214 t=193.5s remaining=1788
    iter=213 E=-2.1707999971 nfev=215 t=194.4s remaining=1787
    iter=214 E=-2.1708368893 nfev=216 t=195.3s remaining=1786
    iter=215 E=-2.1708753825 nfev=217 t=196.1s remaining=1785
    iter=216 E=-2.1709104969 nfev=218 t=197.0s remaining=1784
    iter=217 E=-2.1709410548 nfev=219 t=197.9s remaining=1783
    iter=218 E=-2.1709727135 nfev=220 t=198.8s remaining=1782
    iter=219 E=-2.1710055779 nfev=221 t=199.7s remaining=1781
    iter=220 E=-2.1710425917 nfev=222 t=200.5s remaining=1780
    iter=221 E=-2.1710817467 nfev=223 t=201.4s remaining=1779
    iter=222 E=-2.1711215727 nfev=224 t=202.3s remaining=1778
    iter=223 E=-2.1711582597 nfev=225 t=203.2s remaining=1777
    iter=224 E=-2.1711864626 nfev=226 t=204.1s remaining=1776
    iter=225 E=-2.1712101694 nfev=227 t=204.9s remaining=1775
    iter=226 E=-2.1712338074 nfev=228 t=205.8s remaining=1774
    iter=227 E=-2.1712595306 nfev=229 t=206.7s remaining=1773
    iter=228 E=-2.1712850337 nfev=230 t=207.6s remaining=1772
    iter=229 E=-2.1713093977 nfev=231 t=208.5s remaining=1771
    iter=230 E=-2.1713360068 nfev=232 t=209.4s remaining=1770
    iter=231 E=-2.1713695673 nfev=233 t=210.3s remaining=1769
    iter=232 E=-2.1714040106 nfev=234 t=211.2s remaining=1768
    iter=233 E=-2.1714420593 nfev=235 t=212.0s remaining=1767
    iter=234 E=-2.1714742919 nfev=236 t=212.9s remaining=1766
    iter=235 E=-2.1715027579 nfev=237 t=213.8s remaining=1765
    iter=236 E=-2.1715318666 nfev=238 t=214.7s remaining=1764
    iter=237 E=-2.1715619045 nfev=239 t=215.6s remaining=1763
    iter=238 E=-2.1715913913 nfev=240 t=216.5s remaining=1762
    iter=239 E=-2.1716222489 nfev=241 t=217.4s remaining=1761
    iter=240 E=-2.1716570586 nfev=242 t=218.2s remaining=1760
    iter=241 E=-2.1716931187 nfev=243 t=219.1s remaining=1759
    iter=242 E=-2.1717305248 nfev=244 t=220.1s remaining=1758
    iter=243 E=-2.1717694671 nfev=245 t=221.0s remaining=1757
    iter=244 E=-2.1718114573 nfev=246 t=222.0s remaining=1756
    iter=245 E=-2.1718523180 nfev=247 t=222.9s remaining=1755
    iter=246 E=-2.1718839712 nfev=248 t=223.7s remaining=1754
    iter=247 E=-2.1719082753 nfev=249 t=224.7s remaining=1753
    iter=248 E=-2.1719294137 nfev=250 t=225.7s remaining=1752
    iter=249 E=-2.1719519773 nfev=251 t=226.6s remaining=1751
    iter=250 E=-2.1719785813 nfev=252 t=227.5s remaining=1750
    iter=251 E=-2.1720138254 nfev=253 t=228.4s remaining=1749
    iter=252 E=-2.1720449307 nfev=254 t=229.3s remaining=1748
    iter=253 E=-2.1720784372 nfev=255 t=230.2s remaining=1747
    iter=254 E=-2.1721130503 nfev=256 t=231.1s remaining=1746
    iter=255 E=-2.1721431236 nfev=257 t=232.0s remaining=1745
    iter=256 E=-2.1721698511 nfev=258 t=232.8s remaining=1744
    iter=257 E=-2.1721952581 nfev=259 t=233.8s remaining=1743
    iter=258 E=-2.1722203447 nfev=260 t=234.7s remaining=1742
    iter=259 E=-2.1722421269 nfev=261 t=235.6s remaining=1741
    iter=260 E=-2.1722659758 nfev=262 t=236.4s remaining=1740
    iter=261 E=-2.1722865916 nfev=263 t=237.4s remaining=1739
    iter=262 E=-2.1723035698 nfev=264 t=238.3s remaining=1738
    iter=263 E=-2.1723207478 nfev=265 t=239.2s remaining=1737
    iter=264 E=-2.1723376512 nfev=266 t=240.2s remaining=1736
    iter=265 E=-2.1723544640 nfev=267 t=241.1s remaining=1735
    iter=266 E=-2.1723726170 nfev=268 t=242.0s remaining=1734
    iter=267 E=-2.1723933627 nfev=269 t=242.9s remaining=1733
    iter=268 E=-2.1724143819 nfev=270 t=243.8s remaining=1732
    iter=269 E=-2.1724356468 nfev=271 t=244.7s remaining=1731
    iter=270 E=-2.1724576742 nfev=272 t=245.7s remaining=1730
    iter=271 E=-2.1724808654 nfev=273 t=246.6s remaining=1729
    iter=272 E=-2.1725029990 nfev=274 t=247.5s remaining=1728
    iter=273 E=-2.1725267664 nfev=275 t=248.4s remaining=1727
    iter=274 E=-2.1725430256 nfev=276 t=249.4s remaining=1726
    iter=275 E=-2.1725552061 nfev=277 t=250.4s remaining=1725
    iter=276 E=-2.1725690492 nfev=278 t=251.3s remaining=1724
    iter=277 E=-2.1725862846 nfev=279 t=252.2s remaining=1723
    iter=278 E=-2.1726055774 nfev=280 t=253.1s remaining=1722
    iter=279 E=-2.1726228912 nfev=281 t=254.0s remaining=1721
    iter=280 E=-2.1726414091 nfev=282 t=254.9s remaining=1720
    iter=281 E=-2.1726622420 nfev=283 t=255.9s remaining=1719
    iter=282 E=-2.1726828750 nfev=284 t=256.9s remaining=1718
    iter=283 E=-2.1726999728 nfev=285 t=257.8s remaining=1717
    iter=284 E=-2.1727157546 nfev=286 t=258.8s remaining=1716
    iter=285 E=-2.1727338480 nfev=287 t=259.7s remaining=1715
    iter=286 E=-2.1727536112 nfev=288 t=260.6s remaining=1714
    iter=287 E=-2.1727763519 nfev=289 t=261.5s remaining=1713
    iter=288 E=-2.1727977453 nfev=290 t=262.4s remaining=1712
    iter=289 E=-2.1728132664 nfev=291 t=263.3s remaining=1711
    iter=290 E=-2.1728271253 nfev=292 t=264.2s remaining=1710
    iter=291 E=-2.1728445553 nfev=293 t=265.0s remaining=1709
    iter=292 E=-2.1728655841 nfev=294 t=265.9s remaining=1708
    iter=293 E=-2.1728914664 nfev=295 t=266.8s remaining=1707
    iter=294 E=-2.1729174476 nfev=296 t=267.7s remaining=1706
    iter=295 E=-2.1729366396 nfev=297 t=268.5s remaining=1705
    iter=296 E=-2.1729526092 nfev=298 t=269.4s remaining=1704
    iter=297 E=-2.1729691603 nfev=299 t=270.3s remaining=1703
    iter=298 E=-2.1729878067 nfev=300 t=271.1s remaining=1702
    iter=299 E=-2.1730049151 nfev=301 t=271.9s remaining=1701
    iter=300 E=-2.1730231770 nfev=302 t=272.8s remaining=1700
    iter=301 E=-2.1730438991 nfev=303 t=273.7s remaining=1699
    iter=302 E=-2.1730672932 nfev=304 t=274.5s remaining=1698
    iter=303 E=-2.1730870857 nfev=305 t=275.3s remaining=1697
    iter=304 E=-2.1731062722 nfev=306 t=276.1s remaining=1696
    iter=305 E=-2.1731280837 nfev=307 t=277.0s remaining=1695
    iter=306 E=-2.1731473740 nfev=308 t=277.9s remaining=1694
    iter=307 E=-2.1731648911 nfev=309 t=278.7s remaining=1693
    iter=308 E=-2.1731839011 nfev=310 t=279.6s remaining=1692
    iter=309 E=-2.1732055522 nfev=311 t=280.5s remaining=1691
    iter=310 E=-2.1732281700 nfev=312 t=281.3s remaining=1690
    iter=311 E=-2.1732470739 nfev=313 t=282.2s remaining=1689
    iter=312 E=-2.1732663484 nfev=314 t=283.1s remaining=1688
    iter=313 E=-2.1732877813 nfev=315 t=284.0s remaining=1687
    iter=314 E=-2.1733119522 nfev=316 t=284.9s remaining=1686
    iter=315 E=-2.1733388571 nfev=317 t=285.7s remaining=1685
    iter=316 E=-2.1733623070 nfev=318 t=286.6s remaining=1684
    iter=317 E=-2.1733772874 nfev=319 t=287.4s remaining=1683
    iter=318 E=-2.1733928232 nfev=320 t=288.4s remaining=1682
    iter=319 E=-2.1734118526 nfev=321 t=289.3s remaining=1681
    iter=320 E=-2.1734360407 nfev=322 t=290.2s remaining=1680
    iter=321 E=-2.1734598662 nfev=323 t=291.2s remaining=1679
    iter=322 E=-2.1734907549 nfev=324 t=292.1s remaining=1678
    iter=323 E=-2.1735206326 nfev=325 t=293.0s remaining=1677
    iter=324 E=-2.1735424490 nfev=326 t=293.9s remaining=1676
    iter=325 E=-2.1735652556 nfev=327 t=294.8s remaining=1675
    iter=326 E=-2.1735903409 nfev=328 t=295.6s remaining=1674
    iter=327 E=-2.1736202704 nfev=329 t=296.5s remaining=1673
    iter=328 E=-2.1736465840 nfev=330 t=297.3s remaining=1672
    iter=329 E=-2.1736775520 nfev=331 t=298.2s remaining=1671
    iter=330 E=-2.1737086326 nfev=332 t=299.1s remaining=1670
    iter=331 E=-2.1737412908 nfev=333 t=300.0s remaining=1669
    iter=332 E=-2.1737643131 nfev=334 t=300.8s remaining=1668
    iter=333 E=-2.1737893234 nfev=335 t=301.7s remaining=1667
    iter=334 E=-2.1738128652 nfev=336 t=302.6s remaining=1666
    iter=335 E=-2.1738425061 nfev=337 t=303.6s remaining=1665
    iter=336 E=-2.1738794469 nfev=338 t=304.5s remaining=1664
    iter=337 E=-2.1739078148 nfev=339 t=305.4s remaining=1663
    iter=338 E=-2.1739267539 nfev=340 t=306.3s remaining=1662
    iter=339 E=-2.1739461420 nfev=341 t=307.2s remaining=1661
    iter=340 E=-2.1739699096 nfev=342 t=308.1s remaining=1660
    iter=341 E=-2.1739915641 nfev=343 t=308.9s remaining=1659
    iter=342 E=-2.1740145795 nfev=344 t=309.9s remaining=1658
    iter=343 E=-2.1740393114 nfev=345 t=310.8s remaining=1657
    iter=344 E=-2.1740589641 nfev=346 t=311.6s remaining=1656
    iter=345 E=-2.1740850700 nfev=347 t=312.5s remaining=1655
    iter=346 E=-2.1741168153 nfev=348 t=313.4s remaining=1654
    iter=347 E=-2.1741382267 nfev=349 t=314.2s remaining=1653
    iter=348 E=-2.1741622010 nfev=350 t=315.1s remaining=1652
    iter=349 E=-2.1741813635 nfev=351 t=316.0s remaining=1651
    iter=350 E=-2.1741949306 nfev=352 t=316.8s remaining=1650
    iter=351 E=-2.1742116327 nfev=353 t=317.8s remaining=1649
    iter=352 E=-2.1742352936 nfev=354 t=318.7s remaining=1648
    iter=353 E=-2.1742610651 nfev=355 t=319.5s remaining=1647
    iter=354 E=-2.1742843882 nfev=356 t=320.4s remaining=1646
    iter=355 E=-2.1743098027 nfev=357 t=321.3s remaining=1645
    iter=356 E=-2.1743332656 nfev=358 t=322.2s remaining=1644
    iter=357 E=-2.1743581388 nfev=359 t=323.1s remaining=1643
    iter=358 E=-2.1743882851 nfev=360 t=324.0s remaining=1642
    iter=359 E=-2.1744219851 nfev=361 t=324.8s remaining=1641
    iter=360 E=-2.1744474163 nfev=362 t=325.7s remaining=1640
    iter=361 E=-2.1744676473 nfev=363 t=326.5s remaining=1639
    iter=362 E=-2.1744868296 nfev=364 t=327.4s remaining=1638
    iter=363 E=-2.1745060400 nfev=365 t=328.3s remaining=1637
    iter=364 E=-2.1745256733 nfev=366 t=329.2s remaining=1636
    iter=365 E=-2.1745435811 nfev=367 t=330.1s remaining=1635
    iter=366 E=-2.1745640480 nfev=368 t=331.0s remaining=1634
    iter=367 E=-2.1745881454 nfev=369 t=332.0s remaining=1633
    iter=368 E=-2.1746131030 nfev=370 t=332.9s remaining=1632
    iter=369 E=-2.1746420981 nfev=371 t=333.7s remaining=1631
    iter=370 E=-2.1746740531 nfev=372 t=334.6s remaining=1630
    iter=371 E=-2.1746979844 nfev=373 t=335.5s remaining=1629
    iter=372 E=-2.1747214548 nfev=374 t=336.4s remaining=1628
    iter=373 E=-2.1747455188 nfev=375 t=337.4s remaining=1627
    iter=374 E=-2.1747624490 nfev=376 t=338.3s remaining=1626
    iter=375 E=-2.1747794805 nfev=377 t=339.2s remaining=1625
    iter=376 E=-2.1747937603 nfev=378 t=340.1s remaining=1624
    iter=377 E=-2.1748093889 nfev=379 t=341.0s remaining=1623
    iter=378 E=-2.1748280871 nfev=380 t=341.9s remaining=1622
    iter=379 E=-2.1748486099 nfev=381 t=342.8s remaining=1621
    iter=380 E=-2.1748671308 nfev=382 t=343.7s remaining=1620
    iter=381 E=-2.1748840985 nfev=383 t=344.6s remaining=1619
    iter=382 E=-2.1749019018 nfev=384 t=345.5s remaining=1618
    iter=383 E=-2.1749188466 nfev=385 t=346.5s remaining=1617
    iter=384 E=-2.1749322064 nfev=386 t=347.4s remaining=1616
    iter=385 E=-2.1749462468 nfev=387 t=348.2s remaining=1615
    iter=386 E=-2.1749616578 nfev=388 t=349.1s remaining=1614
    iter=387 E=-2.1749754278 nfev=389 t=350.0s remaining=1613
    iter=388 E=-2.1749908917 nfev=390 t=350.9s remaining=1612
    iter=389 E=-2.1750124339 nfev=391 t=351.8s remaining=1611
    iter=390 E=-2.1750297562 nfev=392 t=352.7s remaining=1610
    iter=391 E=-2.1750429158 nfev=393 t=353.6s remaining=1609
    iter=392 E=-2.1750562729 nfev=394 t=354.5s remaining=1608
    iter=393 E=-2.1750710184 nfev=395 t=355.4s remaining=1607
    iter=394 E=-2.1750870136 nfev=396 t=356.3s remaining=1606
    iter=395 E=-2.1751034339 nfev=397 t=357.2s remaining=1605
    iter=396 E=-2.1751178212 nfev=398 t=358.1s remaining=1604
    iter=397 E=-2.1751296240 nfev=399 t=359.0s remaining=1603
    iter=398 E=-2.1751397096 nfev=400 t=359.9s remaining=1602
    iter=399 E=-2.1751509571 nfev=401 t=360.9s remaining=1601
    iter=400 E=-2.1751658726 nfev=402 t=361.8s remaining=1600
    iter=401 E=-2.1751830771 nfev=403 t=362.7s remaining=1599
    iter=402 E=-2.1752011555 nfev=404 t=363.6s remaining=1598
    iter=403 E=-2.1752195012 nfev=405 t=364.5s remaining=1597
    iter=404 E=-2.1752361732 nfev=406 t=365.4s remaining=1596
    iter=405 E=-2.1752503067 nfev=407 t=366.3s remaining=1595
    iter=406 E=-2.1752630662 nfev=408 t=367.2s remaining=1594
    iter=407 E=-2.1752712960 nfev=409 t=368.3s remaining=1593
    iter=408 E=-2.1752779526 nfev=410 t=369.3s remaining=1592
    iter=409 E=-2.1752854840 nfev=411 t=370.2s remaining=1591
    iter=410 E=-2.1752961703 nfev=412 t=371.2s remaining=1590
    iter=411 E=-2.1753063603 nfev=413 t=372.2s remaining=1589
    iter=412 E=-2.1753150570 nfev=414 t=373.1s remaining=1588
    iter=413 E=-2.1753228651 nfev=415 t=374.0s remaining=1587
    iter=414 E=-2.1753313740 nfev=416 t=374.9s remaining=1586
    iter=415 E=-2.1753421181 nfev=417 t=375.8s remaining=1585
    iter=416 E=-2.1753538720 nfev=418 t=376.7s remaining=1584
    iter=417 E=-2.1753653278 nfev=419 t=377.7s remaining=1583
    iter=418 E=-2.1753757285 nfev=420 t=378.6s remaining=1582
    iter=419 E=-2.1753866139 nfev=421 t=379.5s remaining=1581
    iter=420 E=-2.1753976810 nfev=422 t=380.5s remaining=1580
    iter=421 E=-2.1754071774 nfev=423 t=381.6s remaining=1579
    iter=422 E=-2.1754158269 nfev=424 t=382.8s remaining=1578
    iter=423 E=-2.1754241831 nfev=425 t=383.9s remaining=1577
    iter=424 E=-2.1754334538 nfev=426 t=384.9s remaining=1576
    iter=425 E=-2.1754422834 nfev=427 t=385.9s remaining=1575
    iter=426 E=-2.1754508716 nfev=428 t=386.9s remaining=1574
    iter=427 E=-2.1754583919 nfev=429 t=387.9s remaining=1573
    iter=428 E=-2.1754665211 nfev=430 t=388.8s remaining=1572
    iter=429 E=-2.1754755106 nfev=431 t=389.8s remaining=1571
    iter=430 E=-2.1754842981 nfev=432 t=390.8s remaining=1570
    iter=431 E=-2.1754922998 nfev=433 t=391.8s remaining=1569
    iter=432 E=-2.1755005629 nfev=434 t=393.0s remaining=1568
    iter=433 E=-2.1755105997 nfev=435 t=394.0s remaining=1567
    iter=434 E=-2.1755219977 nfev=436 t=395.0s remaining=1566
    iter=435 E=-2.1755330170 nfev=437 t=396.0s remaining=1565
    iter=436 E=-2.1755422129 nfev=438 t=396.9s remaining=1564
    iter=437 E=-2.1755503239 nfev=439 t=397.9s remaining=1563
    iter=438 E=-2.1755590009 nfev=440 t=399.0s remaining=1562
    iter=439 E=-2.1755702588 nfev=441 t=400.0s remaining=1561
    iter=440 E=-2.1755841097 nfev=442 t=400.9s remaining=1560
    iter=441 E=-2.1755961696 nfev=443 t=401.8s remaining=1559
    iter=442 E=-2.1756050338 nfev=444 t=402.7s remaining=1558
    iter=443 E=-2.1756119097 nfev=445 t=403.7s remaining=1557
    iter=444 E=-2.1756182735 nfev=446 t=404.6s remaining=1556
    iter=445 E=-2.1756243639 nfev=447 t=405.5s remaining=1555
    iter=446 E=-2.1756302407 nfev=448 t=406.4s remaining=1554
    iter=447 E=-2.1756363779 nfev=449 t=407.3s remaining=1553
    iter=448 E=-2.1756436343 nfev=450 t=408.2s remaining=1552
    iter=449 E=-2.1756517590 nfev=451 t=409.1s remaining=1551
    iter=450 E=-2.1756610892 nfev=452 t=409.9s remaining=1550
    iter=451 E=-2.1756685302 nfev=453 t=410.8s remaining=1549
    iter=452 E=-2.1756746671 nfev=454 t=411.8s remaining=1548
    iter=453 E=-2.1756804404 nfev=455 t=412.7s remaining=1547
    iter=454 E=-2.1756868778 nfev=456 t=413.6s remaining=1546
    iter=455 E=-2.1756939277 nfev=457 t=414.5s remaining=1545
    iter=456 E=-2.1757008895 nfev=458 t=415.4s remaining=1544
    iter=457 E=-2.1757076019 nfev=459 t=416.3s remaining=1543
    iter=458 E=-2.1757146493 nfev=460 t=417.2s remaining=1542
    iter=459 E=-2.1757222550 nfev=461 t=418.1s remaining=1541
    iter=460 E=-2.1757298765 nfev=462 t=419.0s remaining=1540
    iter=461 E=-2.1757367360 nfev=463 t=419.9s remaining=1539
    iter=462 E=-2.1757436296 nfev=464 t=420.8s remaining=1538
    iter=463 E=-2.1757510544 nfev=465 t=421.7s remaining=1537
    iter=464 E=-2.1757585702 nfev=466 t=422.7s remaining=1536
    iter=465 E=-2.1757653065 nfev=467 t=423.8s remaining=1535
    iter=466 E=-2.1757714947 nfev=468 t=424.6s remaining=1534
    iter=467 E=-2.1757781543 nfev=469 t=425.6s remaining=1533
    iter=468 E=-2.1757853209 nfev=470 t=426.5s remaining=1532
    iter=469 E=-2.1757930438 nfev=471 t=427.4s remaining=1531
    iter=470 E=-2.1758005468 nfev=472 t=428.3s remaining=1530
    iter=471 E=-2.1758075685 nfev=473 t=429.3s remaining=1529
    iter=472 E=-2.1758137359 nfev=474 t=430.2s remaining=1528
    iter=473 E=-2.1758197957 nfev=475 t=431.1s remaining=1527
    iter=474 E=-2.1758260617 nfev=476 t=432.0s remaining=1526
    iter=475 E=-2.1758324691 nfev=477 t=432.9s remaining=1525
    iter=476 E=-2.1758388321 nfev=478 t=433.8s remaining=1524
    iter=477 E=-2.1758448218 nfev=479 t=434.7s remaining=1523
    iter=478 E=-2.1758502428 nfev=480 t=435.6s remaining=1522
    iter=479 E=-2.1758553836 nfev=481 t=436.5s remaining=1521
    iter=480 E=-2.1758606466 nfev=482 t=437.4s remaining=1520
    iter=481 E=-2.1758658813 nfev=483 t=438.2s remaining=1519
    iter=482 E=-2.1758704173 nfev=484 t=439.1s remaining=1518
    iter=483 E=-2.1758749808 nfev=485 t=440.0s remaining=1517
    iter=484 E=-2.1758799870 nfev=486 t=441.0s remaining=1516
    iter=485 E=-2.1758855473 nfev=487 t=441.9s remaining=1515
    iter=486 E=-2.1758907011 nfev=488 t=442.8s remaining=1514
    iter=487 E=-2.1758951277 nfev=489 t=443.7s remaining=1513
    iter=488 E=-2.1758989566 nfev=490 t=444.6s remaining=1512
    iter=489 E=-2.1759024694 nfev=491 t=445.5s remaining=1511
    iter=490 E=-2.1759061735 nfev=492 t=446.4s remaining=1510
    iter=491 E=-2.1759103228 nfev=493 t=447.3s remaining=1509
    iter=492 E=-2.1759149102 nfev=494 t=448.2s remaining=1508
    iter=493 E=-2.1759213254 nfev=495 t=449.1s remaining=1507
    iter=494 E=-2.1759301593 nfev=496 t=450.0s remaining=1506
    iter=495 E=-2.1759387078 nfev=497 t=450.9s remaining=1505
    iter=496 E=-2.1759449355 nfev=498 t=451.8s remaining=1504
    iter=497 E=-2.1759489306 nfev=499 t=452.7s remaining=1503
    iter=498 E=-2.1759518955 nfev=500 t=453.7s remaining=1502
    iter=499 E=-2.1759548070 nfev=501 t=454.6s remaining=1501
    iter=500 E=-2.1759577979 nfev=502 t=455.5s remaining=1500
    iter=501 E=-2.1759607335 nfev=503 t=456.4s remaining=1499
    iter=502 E=-2.1759638842 nfev=504 t=457.3s remaining=1498
    iter=503 E=-2.1759677916 nfev=505 t=458.2s remaining=1497
    iter=504 E=-2.1759721988 nfev=506 t=459.2s remaining=1496
    iter=505 E=-2.1759766662 nfev=507 t=460.1s remaining=1495
    iter=506 E=-2.1759811444 nfev=508 t=461.1s remaining=1494
    iter=507 E=-2.1759857443 nfev=509 t=462.1s remaining=1493
    iter=508 E=-2.1759901344 nfev=510 t=463.1s remaining=1492
    iter=509 E=-2.1759939185 nfev=511 t=464.0s remaining=1491
    iter=510 E=-2.1759972893 nfev=512 t=464.9s remaining=1490
    iter=511 E=-2.1760014705 nfev=513 t=465.9s remaining=1489
    iter=512 E=-2.1760079793 nfev=514 t=466.8s remaining=1488
    iter=513 E=-2.1760170369 nfev=515 t=467.8s remaining=1487
    iter=514 E=-2.1760248099 nfev=516 t=468.8s remaining=1486
    iter=515 E=-2.1760321707 nfev=517 t=469.8s remaining=1485
    iter=516 E=-2.1760374747 nfev=518 t=470.7s remaining=1484
    iter=517 E=-2.1760415995 nfev=519 t=471.7s remaining=1483
    iter=518 E=-2.1760457245 nfev=520 t=472.6s remaining=1482
    iter=519 E=-2.1760502864 nfev=521 t=473.5s remaining=1481
    iter=520 E=-2.1760558267 nfev=522 t=474.4s remaining=1480
    iter=521 E=-2.1760622083 nfev=523 t=475.4s remaining=1479
    iter=522 E=-2.1760694847 nfev=524 t=476.3s remaining=1478
    iter=523 E=-2.1760765664 nfev=525 t=477.2s remaining=1477
    iter=524 E=-2.1760813269 nfev=526 t=478.2s remaining=1476
    iter=525 E=-2.1760862580 nfev=527 t=479.1s remaining=1475
    iter=526 E=-2.1760901225 nfev=528 t=480.0s remaining=1474
    iter=527 E=-2.1760940164 nfev=529 t=480.9s remaining=1473
    iter=528 E=-2.1760987370 nfev=530 t=481.8s remaining=1472
    iter=529 E=-2.1761050232 nfev=531 t=482.7s remaining=1471
    iter=530 E=-2.1761118694 nfev=532 t=483.6s remaining=1470
    iter=531 E=-2.1761188992 nfev=533 t=484.6s remaining=1469
    iter=532 E=-2.1761259149 nfev=534 t=485.5s remaining=1468
    iter=533 E=-2.1761331459 nfev=535 t=486.4s remaining=1467
    iter=534 E=-2.1761398468 nfev=536 t=487.2s remaining=1466
    iter=535 E=-2.1761445287 nfev=537 t=488.1s remaining=1465
    iter=536 E=-2.1761484599 nfev=538 t=489.0s remaining=1464
    iter=537 E=-2.1761526829 nfev=539 t=489.9s remaining=1463
    iter=538 E=-2.1761589831 nfev=540 t=490.8s remaining=1462
    iter=539 E=-2.1761660161 nfev=541 t=491.7s remaining=1461
    iter=540 E=-2.1761719773 nfev=542 t=492.6s remaining=1460
    iter=541 E=-2.1761784197 nfev=543 t=493.5s remaining=1459
    iter=542 E=-2.1761857707 nfev=544 t=494.4s remaining=1458
    iter=543 E=-2.1761903045 nfev=545 t=495.3s remaining=1457
    iter=544 E=-2.1761968088 nfev=546 t=496.1s remaining=1456
    iter=545 E=-2.1762029272 nfev=547 t=497.0s remaining=1455
    iter=546 E=-2.1762075013 nfev=548 t=497.9s remaining=1454
    iter=547 E=-2.1762138434 nfev=549 t=498.8s remaining=1453
    iter=548 E=-2.1762213496 nfev=550 t=499.6s remaining=1452
    iter=549 E=-2.1762277211 nfev=551 t=500.5s remaining=1451
    iter=550 E=-2.1762346829 nfev=552 t=501.4s remaining=1450
    iter=551 E=-2.1762413451 nfev=553 t=502.4s remaining=1449
    iter=552 E=-2.1762474284 nfev=554 t=503.2s remaining=1448
    iter=553 E=-2.1762522225 nfev=555 t=504.1s remaining=1447
    iter=554 E=-2.1762568331 nfev=556 t=505.0s remaining=1446
    iter=555 E=-2.1762629706 nfev=557 t=505.8s remaining=1445
    iter=556 E=-2.1762684604 nfev=558 t=506.8s remaining=1444
    iter=557 E=-2.1762731452 nfev=559 t=507.6s remaining=1443
    iter=558 E=-2.1762771387 nfev=560 t=508.5s remaining=1442
    iter=559 E=-2.1762802108 nfev=561 t=509.5s remaining=1441
    iter=560 E=-2.1762828840 nfev=562 t=510.4s remaining=1440
    iter=561 E=-2.1762860329 nfev=563 t=511.3s remaining=1439
    iter=562 E=-2.1762909323 nfev=564 t=512.2s remaining=1438
    iter=563 E=-2.1762985233 nfev=565 t=513.0s remaining=1437
    iter=564 E=-2.1763092647 nfev=566 t=513.9s remaining=1436
    iter=565 E=-2.1763190600 nfev=567 t=514.9s remaining=1435
    iter=566 E=-2.1763274485 nfev=568 t=515.8s remaining=1434
    iter=567 E=-2.1763347308 nfev=569 t=516.9s remaining=1433
    iter=568 E=-2.1763414199 nfev=570 t=517.9s remaining=1432
    iter=569 E=-2.1763476328 nfev=571 t=518.9s remaining=1431
    iter=570 E=-2.1763526157 nfev=572 t=519.9s remaining=1430
    iter=571 E=-2.1763564660 nfev=573 t=520.9s remaining=1429
    iter=572 E=-2.1763594895 nfev=574 t=521.9s remaining=1428
    iter=573 E=-2.1763625149 nfev=575 t=522.9s remaining=1427
    iter=574 E=-2.1763661612 nfev=576 t=523.8s remaining=1426
    iter=575 E=-2.1763704530 nfev=577 t=524.7s remaining=1425
    iter=576 E=-2.1763767072 nfev=578 t=525.6s remaining=1424
    iter=577 E=-2.1763849848 nfev=579 t=526.5s remaining=1423
    iter=578 E=-2.1763934063 nfev=580 t=527.4s remaining=1422
    iter=579 E=-2.1764001558 nfev=581 t=528.3s remaining=1421
    iter=580 E=-2.1764049350 nfev=582 t=529.1s remaining=1420
    iter=581 E=-2.1764091401 nfev=583 t=530.0s remaining=1419
    iter=582 E=-2.1764149275 nfev=584 t=530.8s remaining=1418
    iter=583 E=-2.1764192352 nfev=585 t=531.7s remaining=1417
    iter=584 E=-2.1764222612 nfev=586 t=532.6s remaining=1416
    iter=585 E=-2.1764252583 nfev=587 t=533.4s remaining=1415
    iter=586 E=-2.1764285619 nfev=588 t=534.3s remaining=1414
    iter=587 E=-2.1764323095 nfev=589 t=535.2s remaining=1413
    iter=588 E=-2.1764375080 nfev=590 t=536.0s remaining=1412
    iter=589 E=-2.1764428450 nfev=591 t=536.9s remaining=1411
    iter=590 E=-2.1764485959 nfev=592 t=537.8s remaining=1410
    iter=591 E=-2.1764552630 nfev=593 t=538.7s remaining=1409
    iter=592 E=-2.1764629159 nfev=594 t=539.6s remaining=1408
    iter=593 E=-2.1764701372 nfev=595 t=540.5s remaining=1407
    iter=594 E=-2.1764756887 nfev=596 t=541.4s remaining=1406
    iter=595 E=-2.1764794571 nfev=597 t=542.3s remaining=1405
    iter=596 E=-2.1764824303 nfev=598 t=543.2s remaining=1404
    iter=597 E=-2.1764853325 nfev=599 t=544.0s remaining=1403
    iter=598 E=-2.1764880981 nfev=600 t=544.9s remaining=1402
    iter=599 E=-2.1764912896 nfev=601 t=545.7s remaining=1401
    iter=600 E=-2.1764960046 nfev=602 t=546.6s remaining=1400
    iter=601 E=-2.1765015141 nfev=603 t=547.5s remaining=1399
    iter=602 E=-2.1765073774 nfev=604 t=548.3s remaining=1398
    iter=603 E=-2.1765137904 nfev=605 t=549.2s remaining=1397
    iter=604 E=-2.1765197628 nfev=606 t=550.1s remaining=1396
    iter=605 E=-2.1765247905 nfev=607 t=551.0s remaining=1395
    iter=606 E=-2.1765289483 nfev=608 t=552.0s remaining=1394
    iter=607 E=-2.1765328348 nfev=609 t=552.9s remaining=1393
    iter=608 E=-2.1765380514 nfev=610 t=553.8s remaining=1392
    iter=609 E=-2.1765434289 nfev=611 t=554.7s remaining=1391
    iter=610 E=-2.1765476078 nfev=612 t=555.6s remaining=1390
    iter=611 E=-2.1765511266 nfev=613 t=556.5s remaining=1389
    iter=612 E=-2.1765545371 nfev=614 t=557.3s remaining=1388
    iter=613 E=-2.1765589660 nfev=615 t=558.2s remaining=1387
    iter=614 E=-2.1765635112 nfev=616 t=559.0s remaining=1386
    iter=615 E=-2.1765693212 nfev=617 t=559.8s remaining=1385
    iter=616 E=-2.1765760601 nfev=618 t=560.7s remaining=1384
    iter=617 E=-2.1765820743 nfev=619 t=561.5s remaining=1383
    iter=618 E=-2.1765868894 nfev=620 t=562.4s remaining=1382
    iter=619 E=-2.1765911279 nfev=621 t=563.3s remaining=1381
    iter=620 E=-2.1765954053 nfev=622 t=564.1s remaining=1380
    iter=621 E=-2.1766009632 nfev=623 t=565.0s remaining=1379
    iter=622 E=-2.1766063353 nfev=624 t=565.8s remaining=1378
    iter=623 E=-2.1766111015 nfev=625 t=566.7s remaining=1377
    iter=624 E=-2.1766163287 nfev=626 t=567.5s remaining=1376
    iter=625 E=-2.1766216418 nfev=627 t=568.4s remaining=1375
    iter=626 E=-2.1766263877 nfev=628 t=569.3s remaining=1374
    iter=627 E=-2.1766302009 nfev=629 t=570.1s remaining=1373
    iter=628 E=-2.1766333285 nfev=630 t=571.0s remaining=1372
    iter=629 E=-2.1766368710 nfev=631 t=571.9s remaining=1371
    iter=630 E=-2.1766408158 nfev=632 t=572.7s remaining=1370
    iter=631 E=-2.1766446398 nfev=633 t=573.7s remaining=1369
    iter=632 E=-2.1766474808 nfev=634 t=574.5s remaining=1368
    iter=633 E=-2.1766507313 nfev=635 t=575.4s remaining=1367
    iter=634 E=-2.1766546156 nfev=636 t=576.2s remaining=1366
    iter=635 E=-2.1766586726 nfev=637 t=577.2s remaining=1365
    iter=636 E=-2.1766629685 nfev=638 t=578.1s remaining=1364
    iter=637 E=-2.1766669350 nfev=639 t=578.9s remaining=1363
    iter=638 E=-2.1766704528 nfev=640 t=579.7s remaining=1362
    iter=639 E=-2.1766734740 nfev=641 t=580.6s remaining=1361
    iter=640 E=-2.1766759723 nfev=642 t=581.5s remaining=1360
    iter=641 E=-2.1766782320 nfev=643 t=582.3s remaining=1359
    iter=642 E=-2.1766808756 nfev=644 t=583.2s remaining=1358
    iter=643 E=-2.1766841636 nfev=645 t=584.0s remaining=1357
    iter=644 E=-2.1766872407 nfev=646 t=584.9s remaining=1356
    iter=645 E=-2.1766913528 nfev=647 t=585.8s remaining=1355
    iter=646 E=-2.1766972199 nfev=648 t=586.7s remaining=1354
    iter=647 E=-2.1767025207 nfev=649 t=587.5s remaining=1353
    iter=648 E=-2.1767080025 nfev=650 t=588.4s remaining=1352
    iter=649 E=-2.1767136049 nfev=651 t=589.2s remaining=1351
    iter=650 E=-2.1767183953 nfev=652 t=590.1s remaining=1350
    iter=651 E=-2.1767215877 nfev=653 t=590.9s remaining=1349
    iter=652 E=-2.1767236042 nfev=654 t=591.8s remaining=1348
    iter=653 E=-2.1767252125 nfev=655 t=592.7s remaining=1347
    iter=654 E=-2.1767266733 nfev=656 t=593.6s remaining=1346
    iter=655 E=-2.1767285848 nfev=657 t=594.4s remaining=1345
    iter=656 E=-2.1767314378 nfev=658 t=595.3s remaining=1344
    iter=657 E=-2.1767359120 nfev=659 t=596.1s remaining=1343
    iter=658 E=-2.1767426620 nfev=660 t=596.9s remaining=1342
    iter=659 E=-2.1767505813 nfev=661 t=597.8s remaining=1341
    iter=660 E=-2.1767570223 nfev=662 t=598.6s remaining=1340
    iter=661 E=-2.1767619322 nfev=663 t=599.4s remaining=1339
    iter=662 E=-2.1767650038 nfev=664 t=600.3s remaining=1338
    iter=663 E=-2.1767675325 nfev=665 t=601.1s remaining=1337
    iter=664 E=-2.1767699688 nfev=666 t=602.0s remaining=1336
    iter=665 E=-2.1767722264 nfev=667 t=602.9s remaining=1335
    iter=666 E=-2.1767742725 nfev=668 t=603.8s remaining=1334
    iter=667 E=-2.1767763865 nfev=669 t=604.7s remaining=1333
    iter=668 E=-2.1767793625 nfev=670 t=605.6s remaining=1332
    iter=669 E=-2.1767836511 nfev=671 t=606.5s remaining=1331
    iter=670 E=-2.1767886803 nfev=672 t=607.4s remaining=1330
    iter=671 E=-2.1767929218 nfev=673 t=608.3s remaining=1329
    iter=672 E=-2.1767963576 nfev=674 t=609.2s remaining=1328
    iter=673 E=-2.1767993427 nfev=675 t=610.1s remaining=1327
    iter=674 E=-2.1768020238 nfev=676 t=611.0s remaining=1326
    iter=675 E=-2.1768043994 nfev=677 t=612.1s remaining=1325
    iter=676 E=-2.1768067658 nfev=678 t=613.0s remaining=1324
    iter=677 E=-2.1768082955 nfev=679 t=614.0s remaining=1323
    iter=678 E=-2.1768097780 nfev=680 t=614.9s remaining=1322
    iter=679 E=-2.1768116567 nfev=681 t=615.9s remaining=1321
    iter=680 E=-2.1768140567 nfev=682 t=616.9s remaining=1320
    iter=681 E=-2.1768172916 nfev=683 t=617.9s remaining=1319
    iter=682 E=-2.1768213803 nfev=684 t=618.9s remaining=1318
    iter=683 E=-2.1768252804 nfev=685 t=619.9s remaining=1317
    iter=684 E=-2.1768286168 nfev=686 t=620.9s remaining=1316
    iter=685 E=-2.1768308402 nfev=687 t=621.9s remaining=1315
    iter=686 E=-2.1768319271 nfev=688 t=622.9s remaining=1314
    iter=687 E=-2.1768328569 nfev=689 t=623.8s remaining=1313
    iter=688 E=-2.1768338678 nfev=690 t=624.8s remaining=1312
    iter=689 E=-2.1768351021 nfev=691 t=625.8s remaining=1311
    iter=690 E=-2.1768368299 nfev=692 t=626.7s remaining=1310
    iter=691 E=-2.1768391322 nfev=693 t=627.6s remaining=1309
    iter=692 E=-2.1768418626 nfev=694 t=628.5s remaining=1308
    iter=693 E=-2.1768448689 nfev=695 t=629.4s remaining=1307
    iter=694 E=-2.1768480621 nfev=696 t=630.3s remaining=1306
    iter=695 E=-2.1768513647 nfev=697 t=631.2s remaining=1305
    iter=696 E=-2.1768547068 nfev=698 t=632.1s remaining=1304
    iter=697 E=-2.1768576215 nfev=699 t=633.1s remaining=1303
    iter=698 E=-2.1768601482 nfev=700 t=633.9s remaining=1302
    iter=699 E=-2.1768620004 nfev=701 t=634.9s remaining=1301
    iter=700 E=-2.1768633535 nfev=702 t=635.8s remaining=1300
    iter=701 E=-2.1768644928 nfev=703 t=636.7s remaining=1299
    iter=702 E=-2.1768657377 nfev=704 t=637.6s remaining=1298
    iter=703 E=-2.1768673633 nfev=705 t=638.6s remaining=1297
    iter=704 E=-2.1768695075 nfev=706 t=639.6s remaining=1296
    iter=705 E=-2.1768719898 nfev=707 t=640.5s remaining=1295
    iter=706 E=-2.1768747496 nfev=708 t=641.4s remaining=1294
    iter=707 E=-2.1768775542 nfev=709 t=642.4s remaining=1293
    iter=708 E=-2.1768806168 nfev=710 t=643.3s remaining=1292
    iter=709 E=-2.1768842229 nfev=711 t=644.1s remaining=1291
    iter=710 E=-2.1768882171 nfev=712 t=645.0s remaining=1290
    iter=711 E=-2.1768913766 nfev=713 t=645.9s remaining=1289
    iter=712 E=-2.1768936906 nfev=714 t=646.8s remaining=1288
    iter=713 E=-2.1768956203 nfev=715 t=647.7s remaining=1287
    iter=714 E=-2.1768973631 nfev=716 t=648.6s remaining=1286
    iter=715 E=-2.1768990554 nfev=717 t=649.5s remaining=1285
    iter=716 E=-2.1769008886 nfev=718 t=650.4s remaining=1284
    iter=717 E=-2.1769031039 nfev=719 t=651.4s remaining=1283
    iter=718 E=-2.1769059830 nfev=720 t=652.2s remaining=1282
    iter=719 E=-2.1769095431 nfev=721 t=653.1s remaining=1281
    iter=720 E=-2.1769130899 nfev=722 t=654.0s remaining=1280
    iter=721 E=-2.1769164651 nfev=723 t=654.9s remaining=1279
    iter=722 E=-2.1769192471 nfev=724 t=655.9s remaining=1278
    iter=723 E=-2.1769213194 nfev=725 t=656.8s remaining=1277
    iter=724 E=-2.1769227858 nfev=726 t=657.7s remaining=1276
    iter=725 E=-2.1769239576 nfev=727 t=658.6s remaining=1275
    iter=726 E=-2.1769253789 nfev=728 t=659.5s remaining=1274
    iter=727 E=-2.1769273545 nfev=729 t=660.3s remaining=1273
    iter=728 E=-2.1769294884 nfev=730 t=661.2s remaining=1272
    iter=729 E=-2.1769318781 nfev=731 t=662.1s remaining=1271
    iter=730 E=-2.1769345924 nfev=732 t=663.1s remaining=1270
    iter=731 E=-2.1769376755 nfev=733 t=663.9s remaining=1269
    iter=732 E=-2.1769406769 nfev=734 t=664.8s remaining=1268
    iter=733 E=-2.1769437922 nfev=735 t=665.7s remaining=1267
    iter=734 E=-2.1769467915 nfev=736 t=666.5s remaining=1266
    iter=735 E=-2.1769495992 nfev=737 t=667.4s remaining=1265
    iter=736 E=-2.1769524913 nfev=738 t=668.3s remaining=1264
    iter=737 E=-2.1769552816 nfev=739 t=669.3s remaining=1263
    iter=738 E=-2.1769581961 nfev=740 t=670.3s remaining=1262
    iter=739 E=-2.1769612292 nfev=741 t=671.3s remaining=1261
    iter=740 E=-2.1769640605 nfev=742 t=672.2s remaining=1260
    iter=741 E=-2.1769666376 nfev=743 t=673.1s remaining=1259
    iter=742 E=-2.1769688695 nfev=744 t=674.1s remaining=1258
    iter=743 E=-2.1769708384 nfev=745 t=675.0s remaining=1257
    iter=744 E=-2.1769730260 nfev=746 t=675.9s remaining=1256
    iter=745 E=-2.1769754086 nfev=747 t=676.9s remaining=1255
    iter=746 E=-2.1769778648 nfev=748 t=677.8s remaining=1254
    iter=747 E=-2.1769800562 nfev=749 t=678.7s remaining=1253
    iter=748 E=-2.1769818193 nfev=750 t=679.6s remaining=1252
    iter=749 E=-2.1769834653 nfev=751 t=680.5s remaining=1251
    iter=750 E=-2.1769856415 nfev=752 t=681.6s remaining=1250
    iter=751 E=-2.1769883315 nfev=753 t=682.5s remaining=1249
    iter=752 E=-2.1769915687 nfev=754 t=683.5s remaining=1248
    iter=753 E=-2.1769950334 nfev=755 t=684.4s remaining=1247
    iter=754 E=-2.1769980034 nfev=756 t=685.3s remaining=1246
    iter=755 E=-2.1770008443 nfev=757 t=686.2s remaining=1245
    iter=756 E=-2.1770034732 nfev=758 t=687.2s remaining=1244
    iter=757 E=-2.1770054790 nfev=759 t=688.1s remaining=1243
    iter=758 E=-2.1770073530 nfev=760 t=689.0s remaining=1242
    iter=759 E=-2.1770092619 nfev=761 t=689.9s remaining=1241
    iter=760 E=-2.1770108919 nfev=762 t=690.7s remaining=1240
    iter=761 E=-2.1770124700 nfev=763 t=691.6s remaining=1239
    iter=762 E=-2.1770140905 nfev=764 t=692.5s remaining=1238
    iter=763 E=-2.1770163864 nfev=765 t=693.4s remaining=1237
    iter=764 E=-2.1770191391 nfev=766 t=694.4s remaining=1236
    iter=765 E=-2.1770222133 nfev=767 t=695.3s remaining=1235
    iter=766 E=-2.1770257645 nfev=768 t=696.3s remaining=1234
    iter=767 E=-2.1770296477 nfev=769 t=697.2s remaining=1233
    iter=768 E=-2.1770338954 nfev=770 t=698.1s remaining=1232
    iter=769 E=-2.1770372057 nfev=771 t=699.0s remaining=1231
    iter=770 E=-2.1770400314 nfev=772 t=700.0s remaining=1230
    iter=771 E=-2.1770419483 nfev=773 t=700.9s remaining=1229
    iter=772 E=-2.1770432741 nfev=774 t=701.8s remaining=1228
    iter=773 E=-2.1770448539 nfev=775 t=702.6s remaining=1227
    iter=774 E=-2.1770468906 nfev=776 t=703.6s remaining=1226
    iter=775 E=-2.1770496412 nfev=777 t=704.4s remaining=1225
    iter=776 E=-2.1770537630 nfev=778 t=705.3s remaining=1224
    iter=777 E=-2.1770591385 nfev=779 t=706.3s remaining=1223
    iter=778 E=-2.1770649753 nfev=780 t=707.1s remaining=1222
    iter=779 E=-2.1770702172 nfev=781 t=708.0s remaining=1221
    iter=780 E=-2.1770737532 nfev=782 t=708.9s remaining=1220
    iter=781 E=-2.1770758820 nfev=783 t=709.9s remaining=1219
    iter=782 E=-2.1770776723 nfev=784 t=710.8s remaining=1218
    iter=783 E=-2.1770795621 nfev=785 t=711.6s remaining=1217
    iter=784 E=-2.1770813104 nfev=786 t=712.5s remaining=1216
    iter=785 E=-2.1770829751 nfev=787 t=713.4s remaining=1215
    iter=786 E=-2.1770849137 nfev=788 t=714.3s remaining=1214
    iter=787 E=-2.1770874476 nfev=789 t=715.4s remaining=1213
    iter=788 E=-2.1770910622 nfev=790 t=716.3s remaining=1212
    iter=789 E=-2.1770962126 nfev=791 t=717.2s remaining=1211
    iter=790 E=-2.1771029491 nfev=792 t=718.1s remaining=1210
    iter=791 E=-2.1771108053 nfev=793 t=719.0s remaining=1209
    iter=792 E=-2.1771177686 nfev=794 t=719.9s remaining=1208
    iter=793 E=-2.1771229034 nfev=795 t=720.8s remaining=1207
    iter=794 E=-2.1771264280 nfev=796 t=721.6s remaining=1206
    iter=795 E=-2.1771289784 nfev=797 t=722.5s remaining=1205
    iter=796 E=-2.1771311068 nfev=798 t=723.3s remaining=1204
    iter=797 E=-2.1771329732 nfev=799 t=724.2s remaining=1203
    iter=798 E=-2.1771347808 nfev=800 t=725.1s remaining=1202
    iter=799 E=-2.1771374053 nfev=801 t=726.0s remaining=1201
    iter=800 E=-2.1771409485 nfev=802 t=726.9s remaining=1200
    iter=801 E=-2.1771454336 nfev=803 t=727.8s remaining=1199
    iter=802 E=-2.1771510904 nfev=804 t=728.6s remaining=1198
    iter=803 E=-2.1771576629 nfev=805 t=729.6s remaining=1197
    iter=804 E=-2.1771641431 nfev=806 t=730.5s remaining=1196
    iter=805 E=-2.1771703339 nfev=807 t=731.4s remaining=1195
    iter=806 E=-2.1771778893 nfev=808 t=732.3s remaining=1194
    iter=807 E=-2.1771846100 nfev=809 t=733.2s remaining=1193
    iter=808 E=-2.1771902017 nfev=810 t=734.1s remaining=1192
    iter=809 E=-2.1771956701 nfev=811 t=735.0s remaining=1191
    iter=810 E=-2.1771994350 nfev=812 t=736.0s remaining=1190
    iter=811 E=-2.1772017902 nfev=813 t=736.9s remaining=1189
    iter=812 E=-2.1772045302 nfev=814 t=737.8s remaining=1188
    iter=813 E=-2.1772073807 nfev=815 t=738.8s remaining=1187
    iter=814 E=-2.1772105119 nfev=816 t=739.7s remaining=1186
    iter=815 E=-2.1772137075 nfev=817 t=740.6s remaining=1185
    iter=816 E=-2.1772170596 nfev=818 t=741.5s remaining=1184
    iter=817 E=-2.1772201653 nfev=819 t=742.4s remaining=1183
    iter=818 E=-2.1772231762 nfev=820 t=743.2s remaining=1182
    iter=819 E=-2.1772275070 nfev=821 t=744.3s remaining=1181
    iter=820 E=-2.1772330506 nfev=822 t=745.2s remaining=1180
    iter=821 E=-2.1772393027 nfev=823 t=746.1s remaining=1179
    iter=822 E=-2.1772470063 nfev=824 t=747.0s remaining=1178
    iter=823 E=-2.1772538391 nfev=825 t=748.0s remaining=1177
    iter=824 E=-2.1772570642 nfev=826 t=748.8s remaining=1176
    iter=825 E=-2.1772604304 nfev=827 t=749.7s remaining=1175
    iter=826 E=-2.1772633210 nfev=828 t=750.6s remaining=1174
    iter=827 E=-2.1772659910 nfev=829 t=751.4s remaining=1173
    iter=828 E=-2.1772678853 nfev=830 t=752.3s remaining=1172
    iter=829 E=-2.1772694425 nfev=831 t=753.2s remaining=1171
    iter=830 E=-2.1772710812 nfev=832 t=754.0s remaining=1170
    iter=831 E=-2.1772728932 nfev=833 t=754.9s remaining=1169
    iter=832 E=-2.1772752420 nfev=834 t=755.7s remaining=1168
    iter=833 E=-2.1772786197 nfev=835 t=756.6s remaining=1167
    iter=834 E=-2.1772828403 nfev=836 t=757.5s remaining=1166
    iter=835 E=-2.1772863682 nfev=837 t=758.3s remaining=1165
    iter=836 E=-2.1772903767 nfev=838 t=759.2s remaining=1164
    iter=837 E=-2.1772949588 nfev=839 t=760.1s remaining=1163
    iter=838 E=-2.1772982192 nfev=840 t=761.1s remaining=1162
    iter=839 E=-2.1773012179 nfev=841 t=762.0s remaining=1161
    iter=840 E=-2.1773045029 nfev=842 t=762.9s remaining=1160
    iter=841 E=-2.1773075267 nfev=843 t=763.7s remaining=1159
    iter=842 E=-2.1773102246 nfev=844 t=764.6s remaining=1158
    iter=843 E=-2.1773127770 nfev=845 t=765.5s remaining=1157
    iter=844 E=-2.1773146160 nfev=846 t=766.4s remaining=1156
    iter=845 E=-2.1773161161 nfev=847 t=767.2s remaining=1155
    iter=846 E=-2.1773183525 nfev=848 t=768.1s remaining=1154
    iter=847 E=-2.1773215835 nfev=849 t=769.0s remaining=1153
    iter=848 E=-2.1773255440 nfev=850 t=769.9s remaining=1152
    iter=849 E=-2.1773295936 nfev=851 t=770.8s remaining=1151
    iter=850 E=-2.1773342198 nfev=852 t=771.7s remaining=1150
    iter=851 E=-2.1773392084 nfev=853 t=772.5s remaining=1149
    iter=852 E=-2.1773443944 nfev=854 t=773.4s remaining=1148
    iter=853 E=-2.1773502732 nfev=855 t=774.3s remaining=1147
    iter=854 E=-2.1773571103 nfev=856 t=775.2s remaining=1146
    iter=855 E=-2.1773612216 nfev=857 t=776.1s remaining=1145
    iter=856 E=-2.1773639273 nfev=858 t=776.9s remaining=1144
    iter=857 E=-2.1773661760 nfev=859 t=777.8s remaining=1143
    iter=858 E=-2.1773679206 nfev=860 t=778.7s remaining=1142
    iter=859 E=-2.1773697413 nfev=861 t=779.6s remaining=1141
    iter=860 E=-2.1773717449 nfev=862 t=780.4s remaining=1140
    iter=861 E=-2.1773732651 nfev=863 t=781.3s remaining=1139
    iter=862 E=-2.1773751192 nfev=864 t=782.2s remaining=1138
    iter=863 E=-2.1773777827 nfev=865 t=783.1s remaining=1137
    iter=864 E=-2.1773814912 nfev=866 t=784.1s remaining=1136
    iter=865 E=-2.1773860563 nfev=867 t=784.9s remaining=1135
    iter=866 E=-2.1773909899 nfev=868 t=785.8s remaining=1134
    iter=867 E=-2.1773969750 nfev=869 t=786.7s remaining=1133
    iter=868 E=-2.1774025463 nfev=870 t=787.5s remaining=1132
    iter=869 E=-2.1774076909 nfev=871 t=788.4s remaining=1131
    iter=870 E=-2.1774131329 nfev=872 t=789.3s remaining=1130
    iter=871 E=-2.1774173933 nfev=873 t=790.2s remaining=1129
    iter=872 E=-2.1774200751 nfev=874 t=791.1s remaining=1128
    iter=873 E=-2.1774225224 nfev=875 t=792.0s remaining=1127
    iter=874 E=-2.1774243777 nfev=876 t=792.8s remaining=1126
    iter=875 E=-2.1774262367 nfev=877 t=793.7s remaining=1125
    iter=876 E=-2.1774284060 nfev=878 t=794.6s remaining=1124
    iter=877 E=-2.1774308514 nfev=879 t=795.4s remaining=1123
    iter=878 E=-2.1774332809 nfev=880 t=796.3s remaining=1122
    iter=879 E=-2.1774358938 nfev=881 t=797.1s remaining=1121
    iter=880 E=-2.1774387494 nfev=882 t=798.0s remaining=1120
    iter=881 E=-2.1774424333 nfev=883 t=798.8s remaining=1119
    iter=882 E=-2.1774476501 nfev=884 t=799.6s remaining=1118
    iter=883 E=-2.1774535676 nfev=885 t=800.4s remaining=1117
    iter=884 E=-2.1774590383 nfev=886 t=801.2s remaining=1116
    iter=885 E=-2.1774638728 nfev=887 t=802.1s remaining=1115
    iter=886 E=-2.1774680007 nfev=888 t=803.0s remaining=1114
    iter=887 E=-2.1774715331 nfev=889 t=803.8s remaining=1113
    iter=888 E=-2.1774745509 nfev=890 t=804.7s remaining=1112
    iter=889 E=-2.1774768835 nfev=891 t=805.6s remaining=1111
    iter=890 E=-2.1774788174 nfev=892 t=806.4s remaining=1110
    iter=891 E=-2.1774808281 nfev=893 t=807.3s remaining=1109
    iter=892 E=-2.1774828574 nfev=894 t=808.2s remaining=1108
    iter=893 E=-2.1774853050 nfev=895 t=809.1s remaining=1107
    iter=894 E=-2.1774886190 nfev=896 t=810.0s remaining=1106
    iter=895 E=-2.1774914958 nfev=897 t=810.9s remaining=1105
    iter=896 E=-2.1774945155 nfev=898 t=811.8s remaining=1104
    iter=897 E=-2.1774979490 nfev=899 t=812.7s remaining=1103
    iter=898 E=-2.1775021536 nfev=900 t=813.5s remaining=1102
    iter=899 E=-2.1775073202 nfev=901 t=814.4s remaining=1101
    iter=900 E=-2.1775140840 nfev=902 t=815.2s remaining=1100
    iter=901 E=-2.1775201563 nfev=903 t=816.2s remaining=1099
    iter=902 E=-2.1775243073 nfev=904 t=817.0s remaining=1098
    iter=903 E=-2.1775272943 nfev=905 t=817.9s remaining=1097
    iter=904 E=-2.1775302182 nfev=906 t=818.8s remaining=1096
    iter=905 E=-2.1775331746 nfev=907 t=819.6s remaining=1095
    iter=906 E=-2.1775365418 nfev=908 t=820.5s remaining=1094
    iter=907 E=-2.1775398694 nfev=909 t=821.4s remaining=1093
    iter=908 E=-2.1775430474 nfev=910 t=822.4s remaining=1092
    iter=909 E=-2.1775460515 nfev=911 t=823.3s remaining=1091
    iter=910 E=-2.1775480045 nfev=912 t=824.1s remaining=1090
    iter=911 E=-2.1775499417 nfev=913 t=825.0s remaining=1089
    iter=912 E=-2.1775520019 nfev=914 t=825.8s remaining=1088
    iter=913 E=-2.1775541445 nfev=915 t=826.7s remaining=1087
    iter=914 E=-2.1775567441 nfev=916 t=827.6s remaining=1086
    iter=915 E=-2.1775605304 nfev=917 t=828.5s remaining=1085
    iter=916 E=-2.1775657869 nfev=918 t=829.4s remaining=1084
    iter=917 E=-2.1775722802 nfev=919 t=830.3s remaining=1083
    iter=918 E=-2.1775791718 nfev=920 t=831.2s remaining=1082
    iter=919 E=-2.1775858087 nfev=921 t=832.0s remaining=1081
    iter=920 E=-2.1775907620 nfev=922 t=832.9s remaining=1080
    iter=921 E=-2.1775944534 nfev=923 t=833.7s remaining=1079
    iter=922 E=-2.1775976694 nfev=924 t=834.6s remaining=1078
    iter=923 E=-2.1775998393 nfev=925 t=835.5s remaining=1077
    iter=924 E=-2.1776015445 nfev=926 t=836.3s remaining=1076
    iter=925 E=-2.1776033504 nfev=927 t=837.2s remaining=1075
    iter=926 E=-2.1776054957 nfev=928 t=838.0s remaining=1074
    iter=927 E=-2.1776076976 nfev=929 t=838.9s remaining=1073
    iter=928 E=-2.1776098031 nfev=930 t=839.8s remaining=1072
    iter=929 E=-2.1776121904 nfev=931 t=840.6s remaining=1071
    iter=930 E=-2.1776149934 nfev=932 t=841.5s remaining=1070
    iter=931 E=-2.1776186811 nfev=933 t=842.5s remaining=1069
    iter=932 E=-2.1776229486 nfev=934 t=843.4s remaining=1068
    iter=933 E=-2.1776273907 nfev=935 t=844.3s remaining=1067
    iter=934 E=-2.1776323480 nfev=936 t=845.2s remaining=1066
    iter=935 E=-2.1776368286 nfev=937 t=846.1s remaining=1065
    iter=936 E=-2.1776417295 nfev=938 t=847.0s remaining=1064
    iter=937 E=-2.1776458615 nfev=939 t=848.0s remaining=1063
    iter=938 E=-2.1776493485 nfev=940 t=848.8s remaining=1062
    iter=939 E=-2.1776526966 nfev=941 t=849.8s remaining=1061
    iter=940 E=-2.1776554817 nfev=942 t=850.7s remaining=1060
    iter=941 E=-2.1776576326 nfev=943 t=851.6s remaining=1059
    iter=942 E=-2.1776594610 nfev=944 t=852.5s remaining=1058
    iter=943 E=-2.1776612869 nfev=945 t=853.3s remaining=1057
    iter=944 E=-2.1776627137 nfev=946 t=854.2s remaining=1056
    iter=945 E=-2.1776645361 nfev=947 t=855.1s remaining=1055
    iter=946 E=-2.1776669274 nfev=948 t=855.9s remaining=1054
    iter=947 E=-2.1776693931 nfev=949 t=856.8s remaining=1053
    iter=948 E=-2.1776728908 nfev=950 t=857.7s remaining=1052
    iter=949 E=-2.1776774093 nfev=951 t=858.5s remaining=1051
    iter=950 E=-2.1776812935 nfev=952 t=859.4s remaining=1050
    iter=951 E=-2.1776846988 nfev=953 t=860.3s remaining=1049
    iter=952 E=-2.1776880799 nfev=954 t=861.1s remaining=1048
    iter=953 E=-2.1776917281 nfev=955 t=862.0s remaining=1047
    iter=954 E=-2.1776957415 nfev=956 t=862.9s remaining=1046
    iter=955 E=-2.1776992666 nfev=957 t=863.7s remaining=1045
    iter=956 E=-2.1777019707 nfev=958 t=864.5s remaining=1044
    iter=957 E=-2.1777044644 nfev=959 t=865.4s remaining=1043
    iter=958 E=-2.1777065557 nfev=960 t=866.3s remaining=1042
    iter=959 E=-2.1777084123 nfev=961 t=867.2s remaining=1041
    iter=960 E=-2.1777103043 nfev=962 t=868.1s remaining=1040
    iter=961 E=-2.1777124406 nfev=963 t=868.9s remaining=1039
    iter=962 E=-2.1777150533 nfev=964 t=869.8s remaining=1038
    iter=963 E=-2.1777184155 nfev=965 t=870.7s remaining=1037
    iter=964 E=-2.1777215102 nfev=966 t=871.6s remaining=1036
    iter=965 E=-2.1777240784 nfev=967 t=872.5s remaining=1035
    iter=966 E=-2.1777267513 nfev=968 t=873.4s remaining=1034
    iter=967 E=-2.1777293364 nfev=969 t=874.3s remaining=1033
    iter=968 E=-2.1777315359 nfev=970 t=875.3s remaining=1032
    iter=969 E=-2.1777340314 nfev=971 t=876.3s remaining=1031
    iter=970 E=-2.1777367557 nfev=972 t=877.1s remaining=1030
    iter=971 E=-2.1777393559 nfev=973 t=878.1s remaining=1029
    iter=972 E=-2.1777422420 nfev=974 t=879.0s remaining=1028
    iter=973 E=-2.1777451180 nfev=975 t=879.9s remaining=1027
    iter=974 E=-2.1777482554 nfev=976 t=880.9s remaining=1026
    iter=975 E=-2.1777511545 nfev=977 t=881.8s remaining=1025
    iter=976 E=-2.1777536825 nfev=978 t=882.9s remaining=1024
    iter=977 E=-2.1777556598 nfev=979 t=883.8s remaining=1023
    iter=978 E=-2.1777574994 nfev=980 t=884.8s remaining=1022
    iter=979 E=-2.1777590588 nfev=981 t=885.7s remaining=1021
    iter=980 E=-2.1777609853 nfev=982 t=886.6s remaining=1020
    iter=981 E=-2.1777630091 nfev=983 t=887.5s remaining=1019
    iter=982 E=-2.1777654999 nfev=984 t=888.5s remaining=1018
    iter=983 E=-2.1777679136 nfev=985 t=889.4s remaining=1017
    iter=984 E=-2.1777711839 nfev=986 t=890.3s remaining=1016
    iter=985 E=-2.1777760332 nfev=987 t=891.3s remaining=1015
    iter=986 E=-2.1777825774 nfev=988 t=892.2s remaining=1014
    iter=987 E=-2.1777888951 nfev=989 t=893.2s remaining=1013
    iter=988 E=-2.1777941423 nfev=990 t=894.2s remaining=1012
    iter=989 E=-2.1777983235 nfev=991 t=895.1s remaining=1011
    iter=990 E=-2.1778004853 nfev=992 t=896.1s remaining=1010
    iter=991 E=-2.1778021487 nfev=993 t=897.0s remaining=1009
    iter=992 E=-2.1778040404 nfev=994 t=897.8s remaining=1008
    iter=993 E=-2.1778057373 nfev=995 t=898.8s remaining=1007
    iter=994 E=-2.1778069188 nfev=996 t=899.6s remaining=1006
    iter=995 E=-2.1778082406 nfev=997 t=900.6s remaining=1005
    iter=996 E=-2.1778097502 nfev=998 t=901.4s remaining=1004
    iter=997 E=-2.1778112999 nfev=999 t=902.3s remaining=1003
    iter=998 E=-2.1778131621 nfev=1000 t=903.2s remaining=1002
    iter=999 E=-2.1778155900 nfev=1001 t=904.0s remaining=1001
    iter=1000 E=-2.1778180424 nfev=1002 t=904.9s remaining=1000
    iter=1001 E=-2.1778209954 nfev=1003 t=905.8s remaining=999
    iter=1002 E=-2.1778247093 nfev=1004 t=906.7s remaining=998
    iter=1003 E=-2.1778277488 nfev=1005 t=907.6s remaining=997
    iter=1004 E=-2.1778308142 nfev=1006 t=908.4s remaining=996
    iter=1005 E=-2.1778342053 nfev=1007 t=909.3s remaining=995
    iter=1006 E=-2.1778370353 nfev=1008 t=910.2s remaining=994
    iter=1007 E=-2.1778390960 nfev=1009 t=911.0s remaining=993
    iter=1008 E=-2.1778410375 nfev=1010 t=911.9s remaining=992
    iter=1009 E=-2.1778426572 nfev=1011 t=912.7s remaining=991
    iter=1010 E=-2.1778439633 nfev=1012 t=913.6s remaining=990
    iter=1011 E=-2.1778453978 nfev=1013 t=914.5s remaining=989
    iter=1012 E=-2.1778470343 nfev=1014 t=915.6s remaining=988
    iter=1013 E=-2.1778487916 nfev=1015 t=916.5s remaining=987
    iter=1014 E=-2.1778510828 nfev=1016 t=917.5s remaining=986
    iter=1015 E=-2.1778540933 nfev=1017 t=918.4s remaining=985
    iter=1016 E=-2.1778575185 nfev=1018 t=919.3s remaining=984
    iter=1017 E=-2.1778615608 nfev=1019 t=920.1s remaining=983
    iter=1018 E=-2.1778664965 nfev=1020 t=921.0s remaining=982
    iter=1019 E=-2.1778704387 nfev=1021 t=921.8s remaining=981
    iter=1020 E=-2.1778741906 nfev=1022 t=922.7s remaining=980
    iter=1021 E=-2.1778779360 nfev=1023 t=923.6s remaining=979
    iter=1022 E=-2.1778815542 nfev=1024 t=924.5s remaining=978
    iter=1023 E=-2.1778846500 nfev=1025 t=925.3s remaining=977
    iter=1024 E=-2.1778878854 nfev=1026 t=926.2s remaining=976
    iter=1025 E=-2.1778917103 nfev=1027 t=927.1s remaining=975
    iter=1026 E=-2.1778950833 nfev=1028 t=928.0s remaining=974
    iter=1027 E=-2.1778976303 nfev=1029 t=928.9s remaining=973
    iter=1028 E=-2.1779002895 nfev=1030 t=929.8s remaining=972
    iter=1029 E=-2.1779035812 nfev=1031 t=930.7s remaining=971
    iter=1030 E=-2.1779056355 nfev=1032 t=931.6s remaining=970
    iter=1031 E=-2.1779076833 nfev=1033 t=932.5s remaining=969
    iter=1032 E=-2.1779096561 nfev=1034 t=933.3s remaining=968
    iter=1033 E=-2.1779113888 nfev=1035 t=934.2s remaining=967
    iter=1034 E=-2.1779135025 nfev=1036 t=935.1s remaining=966
    iter=1035 E=-2.1779163173 nfev=1037 t=936.0s remaining=965
    iter=1036 E=-2.1779195349 nfev=1038 t=936.9s remaining=964
    iter=1037 E=-2.1779218911 nfev=1039 t=937.8s remaining=963
    iter=1038 E=-2.1779244590 nfev=1040 t=938.7s remaining=962
    iter=1039 E=-2.1779277508 nfev=1041 t=939.6s remaining=961
    iter=1040 E=-2.1779317894 nfev=1042 t=940.5s remaining=960
    iter=1041 E=-2.1779356183 nfev=1043 t=941.5s remaining=959
    iter=1042 E=-2.1779400300 nfev=1044 t=942.4s remaining=958
    iter=1043 E=-2.1779447928 nfev=1045 t=943.2s remaining=957
    iter=1044 E=-2.1779502722 nfev=1046 t=944.1s remaining=956
    iter=1045 E=-2.1779555704 nfev=1047 t=945.0s remaining=955
    iter=1046 E=-2.1779607895 nfev=1048 t=946.0s remaining=954
    iter=1047 E=-2.1779653970 nfev=1049 t=946.9s remaining=953
    iter=1048 E=-2.1779685996 nfev=1050 t=947.8s remaining=952
    iter=1049 E=-2.1779720993 nfev=1051 t=948.7s remaining=951
    iter=1050 E=-2.1779748180 nfev=1052 t=949.5s remaining=950
    iter=1051 E=-2.1779772097 nfev=1053 t=950.4s remaining=949
    iter=1052 E=-2.1779796494 nfev=1054 t=951.2s remaining=948
    iter=1053 E=-2.1779816182 nfev=1055 t=952.1s remaining=947
    iter=1054 E=-2.1779838765 nfev=1056 t=953.0s remaining=946
    iter=1055 E=-2.1779863334 nfev=1057 t=953.9s remaining=945
    iter=1056 E=-2.1779884391 nfev=1058 t=954.8s remaining=944
    iter=1057 E=-2.1779899318 nfev=1059 t=955.8s remaining=943
    iter=1058 E=-2.1779916420 nfev=1060 t=956.7s remaining=942
    iter=1059 E=-2.1779938072 nfev=1061 t=957.6s remaining=941
    iter=1060 E=-2.1779960672 nfev=1062 t=958.4s remaining=940
    iter=1061 E=-2.1779986579 nfev=1063 t=959.3s remaining=939
    iter=1062 E=-2.1780020554 nfev=1064 t=960.1s remaining=938
    iter=1063 E=-2.1780053002 nfev=1065 t=961.0s remaining=937
    iter=1064 E=-2.1780085725 nfev=1066 t=961.9s remaining=936
    iter=1065 E=-2.1780123757 nfev=1067 t=962.8s remaining=935
    iter=1066 E=-2.1780159403 nfev=1068 t=963.7s remaining=934
    iter=1067 E=-2.1780195208 nfev=1069 t=964.6s remaining=933
    iter=1068 E=-2.1780230576 nfev=1070 t=965.5s remaining=932
    iter=1069 E=-2.1780261411 nfev=1071 t=966.4s remaining=931
    iter=1070 E=-2.1780283823 nfev=1072 t=967.3s remaining=930
    iter=1071 E=-2.1780308677 nfev=1073 t=968.2s remaining=929
    iter=1072 E=-2.1780330544 nfev=1074 t=969.2s remaining=928
    iter=1073 E=-2.1780348019 nfev=1075 t=970.2s remaining=927
    iter=1074 E=-2.1780368308 nfev=1076 t=971.1s remaining=926
    iter=1075 E=-2.1780390112 nfev=1077 t=972.0s remaining=925
    iter=1076 E=-2.1780414494 nfev=1078 t=972.9s remaining=924
    iter=1077 E=-2.1780443214 nfev=1079 t=973.8s remaining=923
    iter=1078 E=-2.1780471791 nfev=1080 t=974.7s remaining=922
    iter=1079 E=-2.1780490622 nfev=1081 t=975.6s remaining=921
    iter=1080 E=-2.1780515046 nfev=1082 t=976.5s remaining=920
    iter=1081 E=-2.1780542145 nfev=1083 t=977.4s remaining=919
    iter=1082 E=-2.1780566110 nfev=1084 t=978.4s remaining=918
    iter=1083 E=-2.1780602423 nfev=1085 t=979.2s remaining=917
    iter=1084 E=-2.1780654813 nfev=1086 t=980.1s remaining=916
    iter=1085 E=-2.1780710980 nfev=1087 t=981.1s remaining=915
    iter=1086 E=-2.1780751143 nfev=1088 t=982.0s remaining=914
    iter=1087 E=-2.1780792505 nfev=1089 t=982.9s remaining=913
    iter=1088 E=-2.1780830423 nfev=1090 t=983.8s remaining=912
    iter=1089 E=-2.1780863563 nfev=1091 t=984.6s remaining=911
    iter=1090 E=-2.1780904721 nfev=1092 t=985.5s remaining=910
    iter=1091 E=-2.1780942693 nfev=1093 t=986.4s remaining=909
    iter=1092 E=-2.1780979558 nfev=1094 t=987.3s remaining=908
    iter=1093 E=-2.1781025313 nfev=1095 t=988.2s remaining=907
    iter=1094 E=-2.1781067655 nfev=1096 t=989.0s remaining=906
    iter=1095 E=-2.1781096064 nfev=1097 t=989.9s remaining=905
    iter=1096 E=-2.1781126175 nfev=1098 t=990.7s remaining=904
    iter=1097 E=-2.1781159726 nfev=1099 t=991.6s remaining=903
    iter=1098 E=-2.1781183129 nfev=1100 t=992.5s remaining=902
    iter=1099 E=-2.1781212998 nfev=1101 t=993.3s remaining=901
    iter=1100 E=-2.1781250702 nfev=1102 t=994.2s remaining=900
    iter=1101 E=-2.1781296259 nfev=1103 t=995.1s remaining=899
    iter=1102 E=-2.1781353824 nfev=1104 t=996.0s remaining=898
    iter=1103 E=-2.1781410115 nfev=1105 t=996.8s remaining=897
    iter=1104 E=-2.1781478230 nfev=1106 t=997.7s remaining=896
    iter=1105 E=-2.1781563912 nfev=1107 t=998.6s remaining=895
    iter=1106 E=-2.1781658774 nfev=1108 t=999.5s remaining=894
    iter=1107 E=-2.1781718388 nfev=1109 t=1000.3s remaining=893
    iter=1108 E=-2.1781779000 nfev=1110 t=1001.2s remaining=892
    iter=1109 E=-2.1781825641 nfev=1111 t=1002.1s remaining=891
    iter=1110 E=-2.1781855032 nfev=1112 t=1002.9s remaining=890
    iter=1111 E=-2.1781874460 nfev=1113 t=1003.8s remaining=889
    iter=1112 E=-2.1781893801 nfev=1114 t=1004.8s remaining=888
    iter=1113 E=-2.1781912730 nfev=1115 t=1005.8s remaining=887
    iter=1114 E=-2.1781931527 nfev=1116 t=1006.8s remaining=886
    iter=1115 E=-2.1781948351 nfev=1117 t=1007.7s remaining=885
    iter=1116 E=-2.1781967762 nfev=1118 t=1008.5s remaining=884
    iter=1117 E=-2.1781993464 nfev=1119 t=1009.4s remaining=883
    iter=1118 E=-2.1782025362 nfev=1120 t=1010.3s remaining=882
    iter=1119 E=-2.1782053164 nfev=1121 t=1011.1s remaining=881
    iter=1120 E=-2.1782085619 nfev=1122 t=1012.0s remaining=880
    iter=1121 E=-2.1782125597 nfev=1123 t=1013.0s remaining=879
    iter=1122 E=-2.1782178220 nfev=1124 t=1013.9s remaining=878
    iter=1123 E=-2.1782249764 nfev=1125 t=1014.8s remaining=877
    iter=1124 E=-2.1782340773 nfev=1126 t=1015.7s remaining=876
    iter=1125 E=-2.1782430385 nfev=1127 t=1016.7s remaining=875
    iter=1126 E=-2.1782497782 nfev=1128 t=1017.6s remaining=874
    iter=1127 E=-2.1782547048 nfev=1129 t=1018.6s remaining=873
    iter=1128 E=-2.1782583115 nfev=1130 t=1019.5s remaining=872
    iter=1129 E=-2.1782616683 nfev=1131 t=1020.4s remaining=871
    iter=1130 E=-2.1782645493 nfev=1132 t=1021.4s remaining=870
    iter=1131 E=-2.1782669328 nfev=1133 t=1022.4s remaining=869
    iter=1132 E=-2.1782690247 nfev=1134 t=1023.3s remaining=868
    iter=1133 E=-2.1782709881 nfev=1135 t=1024.3s remaining=867
    iter=1134 E=-2.1782731744 nfev=1136 t=1025.2s remaining=866
    iter=1135 E=-2.1782758996 nfev=1137 t=1026.1s remaining=865
    iter=1136 E=-2.1782788203 nfev=1138 t=1027.1s remaining=864
    iter=1137 E=-2.1782821516 nfev=1139 t=1028.1s remaining=863
    iter=1138 E=-2.1782861998 nfev=1140 t=1029.0s remaining=862
    iter=1139 E=-2.1782899469 nfev=1141 t=1030.2s remaining=861
    iter=1140 E=-2.1782935629 nfev=1142 t=1031.1s remaining=860
    iter=1141 E=-2.1782972121 nfev=1143 t=1032.0s remaining=859
    iter=1142 E=-2.1783012026 nfev=1144 t=1032.9s remaining=858
    iter=1143 E=-2.1783059047 nfev=1145 t=1033.8s remaining=857
    iter=1144 E=-2.1783113180 nfev=1146 t=1034.7s remaining=856
    iter=1145 E=-2.1783173475 nfev=1147 t=1035.6s remaining=855
    iter=1146 E=-2.1783227156 nfev=1148 t=1036.5s remaining=854
    iter=1147 E=-2.1783278560 nfev=1149 t=1037.4s remaining=853
    iter=1148 E=-2.1783328252 nfev=1150 t=1038.3s remaining=852
    iter=1149 E=-2.1783381427 nfev=1151 t=1039.2s remaining=851
    iter=1150 E=-2.1783426654 nfev=1152 t=1040.1s remaining=850
    iter=1151 E=-2.1783460426 nfev=1153 t=1041.0s remaining=849
    iter=1152 E=-2.1783481128 nfev=1154 t=1041.8s remaining=848
    iter=1153 E=-2.1783507931 nfev=1155 t=1042.7s remaining=847
    iter=1154 E=-2.1783537644 nfev=1156 t=1043.6s remaining=846
    iter=1155 E=-2.1783563483 nfev=1157 t=1044.4s remaining=845
    iter=1156 E=-2.1783584587 nfev=1158 t=1045.3s remaining=844
    iter=1157 E=-2.1783608811 nfev=1159 t=1046.2s remaining=843
    iter=1158 E=-2.1783632391 nfev=1160 t=1047.0s remaining=842
    iter=1159 E=-2.1783664727 nfev=1161 t=1047.9s remaining=841
    iter=1160 E=-2.1783704862 nfev=1162 t=1048.8s remaining=840
    iter=1161 E=-2.1783749526 nfev=1163 t=1049.7s remaining=839
    iter=1162 E=-2.1783798288 nfev=1164 t=1050.6s remaining=838
    iter=1163 E=-2.1783847731 nfev=1165 t=1051.4s remaining=837
    iter=1164 E=-2.1783884993 nfev=1166 t=1052.3s remaining=836
    iter=1165 E=-2.1783921855 nfev=1167 t=1053.2s remaining=835
    iter=1166 E=-2.1783967624 nfev=1168 t=1054.1s remaining=834
    iter=1167 E=-2.1784009431 nfev=1169 t=1055.0s remaining=833
    iter=1168 E=-2.1784040377 nfev=1170 t=1055.9s remaining=832
    iter=1169 E=-2.1784068426 nfev=1171 t=1056.8s remaining=831
    iter=1170 E=-2.1784096483 nfev=1172 t=1057.7s remaining=830
    iter=1171 E=-2.1784128867 nfev=1173 t=1058.6s remaining=829
    iter=1172 E=-2.1784158252 nfev=1174 t=1059.5s remaining=828
    iter=1173 E=-2.1784177427 nfev=1175 t=1060.4s remaining=827
    iter=1174 E=-2.1784198454 nfev=1176 t=1061.3s remaining=826
    iter=1175 E=-2.1784226222 nfev=1177 t=1062.2s remaining=825
    iter=1176 E=-2.1784254935 nfev=1178 t=1063.1s remaining=824
    iter=1177 E=-2.1784283358 nfev=1179 t=1064.0s remaining=823
    iter=1178 E=-2.1784318749 nfev=1180 t=1064.9s remaining=822
    iter=1179 E=-2.1784358734 nfev=1181 t=1065.8s remaining=821
    iter=1180 E=-2.1784390412 nfev=1182 t=1066.6s remaining=820
    iter=1181 E=-2.1784419357 nfev=1183 t=1067.5s remaining=819
    iter=1182 E=-2.1784442554 nfev=1184 t=1068.4s remaining=818
    iter=1183 E=-2.1784465181 nfev=1185 t=1069.3s remaining=817
    iter=1184 E=-2.1784487680 nfev=1186 t=1070.3s remaining=816
    iter=1185 E=-2.1784508771 nfev=1187 t=1071.2s remaining=815
    iter=1186 E=-2.1784531914 nfev=1188 t=1072.2s remaining=814
    iter=1187 E=-2.1784556435 nfev=1189 t=1073.1s remaining=813
    iter=1188 E=-2.1784578135 nfev=1190 t=1074.1s remaining=812
    iter=1189 E=-2.1784601091 nfev=1191 t=1075.0s remaining=811
    iter=1190 E=-2.1784627807 nfev=1192 t=1075.9s remaining=810
    iter=1191 E=-2.1784655146 nfev=1193 t=1076.8s remaining=809
    iter=1192 E=-2.1784686397 nfev=1194 t=1077.8s remaining=808
    iter=1193 E=-2.1784711581 nfev=1195 t=1078.8s remaining=807
    iter=1194 E=-2.1784726469 nfev=1196 t=1079.7s remaining=806
    iter=1195 E=-2.1784737188 nfev=1197 t=1080.6s remaining=805
    iter=1196 E=-2.1784746266 nfev=1198 t=1081.5s remaining=804
    iter=1197 E=-2.1784755285 nfev=1199 t=1082.5s remaining=803
    iter=1198 E=-2.1784764234 nfev=1200 t=1083.4s remaining=802
    iter=1199 E=-2.1784773971 nfev=1201 t=1084.2s remaining=801
    iter=1200 E=-2.1784786060 nfev=1202 t=1085.1s remaining=800
    iter=1201 E=-2.1784800660 nfev=1203 t=1086.0s remaining=799
    iter=1202 E=-2.1784815442 nfev=1204 t=1086.9s remaining=798
    iter=1203 E=-2.1784831363 nfev=1205 t=1087.7s remaining=797
    iter=1204 E=-2.1784846557 nfev=1206 t=1088.6s remaining=796
    iter=1205 E=-2.1784860323 nfev=1207 t=1089.5s remaining=795
    iter=1206 E=-2.1784874110 nfev=1208 t=1090.4s remaining=794
    iter=1207 E=-2.1784889014 nfev=1209 t=1091.3s remaining=793
    iter=1208 E=-2.1784905158 nfev=1210 t=1092.2s remaining=792
    iter=1209 E=-2.1784924690 nfev=1211 t=1093.0s remaining=791
    iter=1210 E=-2.1784947075 nfev=1212 t=1093.9s remaining=790
    iter=1211 E=-2.1784971288 nfev=1213 t=1094.8s remaining=789
    iter=1212 E=-2.1784996655 nfev=1214 t=1095.7s remaining=788
    iter=1213 E=-2.1785016668 nfev=1215 t=1096.7s remaining=787
    iter=1214 E=-2.1785030456 nfev=1216 t=1097.6s remaining=786
    iter=1215 E=-2.1785040075 nfev=1217 t=1098.6s remaining=785
    iter=1216 E=-2.1785048930 nfev=1218 t=1099.5s remaining=784
    iter=1217 E=-2.1785057987 nfev=1219 t=1100.4s remaining=783
    iter=1218 E=-2.1785067419 nfev=1220 t=1101.4s remaining=782
    iter=1219 E=-2.1785076405 nfev=1221 t=1102.3s remaining=781
    iter=1220 E=-2.1785084797 nfev=1222 t=1103.2s remaining=780
    iter=1221 E=-2.1785092917 nfev=1223 t=1104.1s remaining=779
    iter=1222 E=-2.1785101778 nfev=1224 t=1105.0s remaining=778
    iter=1223 E=-2.1785112476 nfev=1225 t=1106.0s remaining=777
    iter=1224 E=-2.1785123706 nfev=1226 t=1106.8s remaining=776
    iter=1225 E=-2.1785133536 nfev=1227 t=1107.8s remaining=775
    iter=1226 E=-2.1785142401 nfev=1228 t=1108.7s remaining=774
    iter=1227 E=-2.1785152774 nfev=1229 t=1109.6s remaining=773
    iter=1228 E=-2.1785166919 nfev=1230 t=1110.5s remaining=772
    iter=1229 E=-2.1785184870 nfev=1231 t=1111.4s remaining=771
    iter=1230 E=-2.1785202698 nfev=1232 t=1112.4s remaining=770
    iter=1231 E=-2.1785217497 nfev=1233 t=1113.3s remaining=769
    iter=1232 E=-2.1785229791 nfev=1234 t=1114.2s remaining=768
    iter=1233 E=-2.1785240071 nfev=1235 t=1115.1s remaining=767
    iter=1234 E=-2.1785247658 nfev=1236 t=1116.0s remaining=766
    iter=1235 E=-2.1785255014 nfev=1237 t=1116.9s remaining=765
    iter=1236 E=-2.1785262754 nfev=1238 t=1117.8s remaining=764
    iter=1237 E=-2.1785270111 nfev=1239 t=1118.7s remaining=763
    iter=1238 E=-2.1785277011 nfev=1240 t=1119.6s remaining=762
    iter=1239 E=-2.1785283622 nfev=1241 t=1120.5s remaining=761
    iter=1240 E=-2.1785289719 nfev=1242 t=1121.3s remaining=760
    iter=1241 E=-2.1785295433 nfev=1243 t=1122.2s remaining=759
    iter=1242 E=-2.1785301723 nfev=1244 t=1123.1s remaining=758
    iter=1243 E=-2.1785309183 nfev=1245 t=1124.0s remaining=757
    iter=1244 E=-2.1785318097 nfev=1246 t=1124.9s remaining=756
    iter=1245 E=-2.1785327641 nfev=1247 t=1125.8s remaining=755
    iter=1246 E=-2.1785338509 nfev=1248 t=1126.8s remaining=754
    iter=1247 E=-2.1785350816 nfev=1249 t=1127.7s remaining=753
    iter=1248 E=-2.1785363548 nfev=1250 t=1128.6s remaining=752
    iter=1249 E=-2.1785375125 nfev=1251 t=1129.5s remaining=751
    iter=1250 E=-2.1785385365 nfev=1252 t=1130.6s remaining=750
    iter=1251 E=-2.1785395270 nfev=1253 t=1131.5s remaining=749
    iter=1252 E=-2.1785405421 nfev=1254 t=1132.4s remaining=748
    iter=1253 E=-2.1785415165 nfev=1255 t=1133.3s remaining=747
    iter=1254 E=-2.1785423361 nfev=1256 t=1134.2s remaining=746
    iter=1255 E=-2.1785430084 nfev=1257 t=1135.1s remaining=745
    iter=1256 E=-2.1785436280 nfev=1258 t=1136.1s remaining=744
    iter=1257 E=-2.1785443000 nfev=1259 t=1136.9s remaining=743
    iter=1258 E=-2.1785450280 nfev=1260 t=1137.8s remaining=742
    iter=1259 E=-2.1785457420 nfev=1261 t=1138.7s remaining=741
    iter=1260 E=-2.1785464120 nfev=1262 t=1139.6s remaining=740
    iter=1261 E=-2.1785470000 nfev=1263 t=1140.5s remaining=739
    iter=1262 E=-2.1785475244 nfev=1264 t=1141.4s remaining=738
    iter=1263 E=-2.1785480638 nfev=1265 t=1142.3s remaining=737
    iter=1264 E=-2.1785487168 nfev=1266 t=1143.2s remaining=736
    iter=1265 E=-2.1785495995 nfev=1267 t=1144.1s remaining=735
    iter=1266 E=-2.1785506906 nfev=1268 t=1145.0s remaining=734
    iter=1267 E=-2.1785519516 nfev=1269 t=1145.8s remaining=733
    iter=1268 E=-2.1785533187 nfev=1270 t=1146.7s remaining=732
    iter=1269 E=-2.1785547225 nfev=1271 t=1147.6s remaining=731
    iter=1270 E=-2.1785560318 nfev=1272 t=1148.6s remaining=730
    iter=1271 E=-2.1785570678 nfev=1273 t=1149.5s remaining=729
    iter=1272 E=-2.1785577725 nfev=1274 t=1150.5s remaining=728
    iter=1273 E=-2.1785582993 nfev=1275 t=1151.5s remaining=727
    iter=1274 E=-2.1785587563 nfev=1276 t=1152.5s remaining=726
    iter=1275 E=-2.1785591938 nfev=1277 t=1153.4s remaining=725
    iter=1276 E=-2.1785596058 nfev=1278 t=1154.4s remaining=724
    iter=1277 E=-2.1785600319 nfev=1279 t=1155.3s remaining=723
    iter=1278 E=-2.1785605365 nfev=1280 t=1156.2s remaining=722
    iter=1279 E=-2.1785611382 nfev=1281 t=1157.2s remaining=721
    iter=1280 E=-2.1785617707 nfev=1282 t=1158.1s remaining=720
    iter=1281 E=-2.1785624010 nfev=1283 t=1159.0s remaining=719
    iter=1282 E=-2.1785630770 nfev=1284 t=1160.0s remaining=718
    iter=1283 E=-2.1785638903 nfev=1285 t=1160.9s remaining=717
    iter=1284 E=-2.1785648554 nfev=1286 t=1161.9s remaining=716
    iter=1285 E=-2.1785657554 nfev=1287 t=1162.8s remaining=715
    iter=1286 E=-2.1785665045 nfev=1288 t=1163.7s remaining=714
    iter=1287 E=-2.1785672185 nfev=1289 t=1164.6s remaining=713
    iter=1288 E=-2.1785679964 nfev=1290 t=1165.6s remaining=712
    iter=1289 E=-2.1785689136 nfev=1291 t=1166.5s remaining=711
    iter=1290 E=-2.1785699293 nfev=1292 t=1167.4s remaining=710
    iter=1291 E=-2.1785709636 nfev=1293 t=1168.3s remaining=709
    iter=1292 E=-2.1785719706 nfev=1294 t=1169.2s remaining=708
    iter=1293 E=-2.1785729002 nfev=1295 t=1170.1s remaining=707
    iter=1294 E=-2.1785735992 nfev=1296 t=1171.1s remaining=706
    iter=1295 E=-2.1785740501 nfev=1297 t=1171.9s remaining=705
    iter=1296 E=-2.1785743492 nfev=1298 t=1172.9s remaining=704
    iter=1297 E=-2.1785746110 nfev=1299 t=1173.7s remaining=703
    iter=1298 E=-2.1785749079 nfev=1300 t=1174.6s remaining=702
    iter=1299 E=-2.1785752605 nfev=1301 t=1175.5s remaining=701
    iter=1300 E=-2.1785756198 nfev=1302 t=1176.3s remaining=700
    iter=1301 E=-2.1785760200 nfev=1303 t=1177.2s remaining=699
    iter=1302 E=-2.1785765169 nfev=1304 t=1178.1s remaining=698
    iter=1303 E=-2.1785771330 nfev=1305 t=1178.9s remaining=697
    iter=1304 E=-2.1785778021 nfev=1306 t=1179.8s remaining=696
    iter=1305 E=-2.1785785396 nfev=1307 t=1180.7s remaining=695
    iter=1306 E=-2.1785794062 nfev=1308 t=1181.6s remaining=694
    iter=1307 E=-2.1785803696 nfev=1309 t=1182.4s remaining=693
    iter=1308 E=-2.1785813040 nfev=1310 t=1183.4s remaining=692
    iter=1309 E=-2.1785821193 nfev=1311 t=1184.4s remaining=691
    iter=1310 E=-2.1785828005 nfev=1312 t=1185.3s remaining=690
    iter=1311 E=-2.1785833786 nfev=1313 t=1186.1s remaining=689
    iter=1312 E=-2.1785838790 nfev=1314 t=1187.0s remaining=688
    iter=1313 E=-2.1785843594 nfev=1315 t=1187.9s remaining=687
    iter=1314 E=-2.1785848990 nfev=1316 t=1188.8s remaining=686
    iter=1315 E=-2.1785855616 nfev=1317 t=1189.7s remaining=685
    iter=1316 E=-2.1785863087 nfev=1318 t=1190.6s remaining=684
    iter=1317 E=-2.1785870342 nfev=1319 t=1191.5s remaining=683
    iter=1318 E=-2.1785877069 nfev=1320 t=1192.4s remaining=682
    iter=1319 E=-2.1785883280 nfev=1321 t=1193.7s remaining=681
    iter=1320 E=-2.1785889043 nfev=1322 t=1194.7s remaining=680
    iter=1321 E=-2.1785894345 nfev=1323 t=1195.6s remaining=679
    iter=1322 E=-2.1785898964 nfev=1324 t=1196.7s remaining=678
    iter=1323 E=-2.1785902379 nfev=1325 t=1197.7s remaining=677
    iter=1324 E=-2.1785905151 nfev=1326 t=1198.5s remaining=676
    iter=1325 E=-2.1785907819 nfev=1327 t=1199.4s remaining=675
    iter=1326 E=-2.1785910663 nfev=1328 t=1200.2s remaining=674
    iter=1327 E=-2.1785914003 nfev=1329 t=1201.1s remaining=673
    iter=1328 E=-2.1785918143 nfev=1330 t=1202.0s remaining=672
    iter=1329 E=-2.1785923604 nfev=1331 t=1202.8s remaining=671
    iter=1330 E=-2.1785930772 nfev=1332 t=1203.7s remaining=670
    iter=1331 E=-2.1785939997 nfev=1333 t=1204.6s remaining=669
    iter=1332 E=-2.1785950946 nfev=1334 t=1205.4s remaining=668
    iter=1333 E=-2.1785961003 nfev=1335 t=1206.3s remaining=667
    iter=1334 E=-2.1785968008 nfev=1336 t=1207.2s remaining=666
    iter=1335 E=-2.1785972404 nfev=1337 t=1208.0s remaining=665
    iter=1336 E=-2.1785975730 nfev=1338 t=1208.9s remaining=664
    iter=1337 E=-2.1785979355 nfev=1339 t=1209.8s remaining=663
    iter=1338 E=-2.1785983447 nfev=1340 t=1210.7s remaining=662
    iter=1339 E=-2.1785987226 nfev=1341 t=1211.5s remaining=661
    iter=1340 E=-2.1785990513 nfev=1342 t=1212.4s remaining=660
    iter=1341 E=-2.1785993103 nfev=1343 t=1213.3s remaining=659
    iter=1342 E=-2.1785995274 nfev=1344 t=1214.2s remaining=658
    iter=1343 E=-2.1785997609 nfev=1345 t=1215.1s remaining=657
    iter=1344 E=-2.1786000696 nfev=1346 t=1215.9s remaining=656
    iter=1345 E=-2.1786004304 nfev=1347 t=1216.8s remaining=655
    iter=1346 E=-2.1786008587 nfev=1348 t=1217.7s remaining=654
    iter=1347 E=-2.1786013786 nfev=1349 t=1218.6s remaining=653
    iter=1348 E=-2.1786019651 nfev=1350 t=1219.4s remaining=652
    iter=1349 E=-2.1786026045 nfev=1351 t=1220.3s remaining=651
    iter=1350 E=-2.1786033847 nfev=1352 t=1221.2s remaining=650
    iter=1351 E=-2.1786044278 nfev=1353 t=1222.1s remaining=649
    iter=1352 E=-2.1786057421 nfev=1354 t=1223.0s remaining=648
    iter=1353 E=-2.1786069018 nfev=1355 t=1223.9s remaining=647
    iter=1354 E=-2.1786075898 nfev=1356 t=1224.8s remaining=646
    iter=1355 E=-2.1786079754 nfev=1357 t=1225.7s remaining=645
    iter=1356 E=-2.1786083084 nfev=1358 t=1226.6s remaining=644
    iter=1357 E=-2.1786087037 nfev=1359 t=1227.5s remaining=643
    iter=1358 E=-2.1786090217 nfev=1360 t=1228.4s remaining=642
    iter=1359 E=-2.1786093268 nfev=1361 t=1229.3s remaining=641
    iter=1360 E=-2.1786096397 nfev=1362 t=1230.3s remaining=640
    iter=1361 E=-2.1786100200 nfev=1363 t=1231.3s remaining=639
    iter=1362 E=-2.1786104987 nfev=1364 t=1232.2s remaining=638
    iter=1363 E=-2.1786109420 nfev=1365 t=1233.2s remaining=637
    iter=1364 E=-2.1786112912 nfev=1366 t=1234.1s remaining=636
    iter=1365 E=-2.1786115853 nfev=1367 t=1234.9s remaining=635
    iter=1366 E=-2.1786119489 nfev=1368 t=1235.9s remaining=634
    iter=1367 E=-2.1786125309 nfev=1369 t=1236.8s remaining=633
    iter=1368 E=-2.1786134645 nfev=1370 t=1237.8s remaining=632
    iter=1369 E=-2.1786148561 nfev=1371 t=1238.7s remaining=631
    iter=1370 E=-2.1786163131 nfev=1372 t=1239.6s remaining=630
    iter=1371 E=-2.1786174653 nfev=1373 t=1240.5s remaining=629
    iter=1372 E=-2.1786182955 nfev=1374 t=1241.4s remaining=628
    iter=1373 E=-2.1786187498 nfev=1375 t=1242.3s remaining=627
    iter=1374 E=-2.1786190689 nfev=1376 t=1243.2s remaining=626
    iter=1375 E=-2.1786193261 nfev=1377 t=1244.1s remaining=625
    iter=1376 E=-2.1786195268 nfev=1378 t=1245.0s remaining=624
    iter=1377 E=-2.1786196521 nfev=1379 t=1245.9s remaining=623
    iter=1378 E=-2.1786198169 nfev=1380 t=1246.7s remaining=622
    iter=1379 E=-2.1786200287 nfev=1381 t=1247.7s remaining=621
    iter=1380 E=-2.1786203184 nfev=1382 t=1248.7s remaining=620
    iter=1381 E=-2.1786207723 nfev=1383 t=1249.7s remaining=619
    iter=1382 E=-2.1786215014 nfev=1384 t=1250.7s remaining=618
    iter=1383 E=-2.1786226344 nfev=1385 t=1251.5s remaining=617
    iter=1384 E=-2.1786241397 nfev=1386 t=1252.5s remaining=616
    iter=1385 E=-2.1786252278 nfev=1387 t=1253.4s remaining=615
    iter=1386 E=-2.1786261178 nfev=1388 t=1254.3s remaining=614
    iter=1387 E=-2.1786266107 nfev=1389 t=1255.1s remaining=613
    iter=1388 E=-2.1786268822 nfev=1390 t=1256.1s remaining=612
    iter=1389 E=-2.1786270547 nfev=1391 t=1256.9s remaining=611
    iter=1390 E=-2.1786271731 nfev=1392 t=1257.8s remaining=610
    iter=1391 E=-2.1786272857 nfev=1393 t=1258.8s remaining=609
    iter=1392 E=-2.1786274616 nfev=1394 t=1259.7s remaining=608
    iter=1393 E=-2.1786277359 nfev=1395 t=1260.6s remaining=607
    iter=1394 E=-2.1786281646 nfev=1396 t=1261.5s remaining=606
    iter=1395 E=-2.1786287995 nfev=1397 t=1262.4s remaining=605
    iter=1396 E=-2.1786295929 nfev=1398 t=1263.3s remaining=604
    iter=1397 E=-2.1786305098 nfev=1399 t=1264.2s remaining=603
    iter=1398 E=-2.1786313953 nfev=1400 t=1265.1s remaining=602
    iter=1399 E=-2.1786321318 nfev=1401 t=1266.0s remaining=601
    iter=1400 E=-2.1786327580 nfev=1402 t=1266.9s remaining=600
    iter=1401 E=-2.1786333247 nfev=1403 t=1267.8s remaining=599
    iter=1402 E=-2.1786338708 nfev=1404 t=1268.6s remaining=598
    iter=1403 E=-2.1786343220 nfev=1405 t=1269.7s remaining=597
    iter=1404 E=-2.1786346979 nfev=1406 t=1271.1s remaining=596
    iter=1405 E=-2.1786350171 nfev=1407 t=1272.1s remaining=595
    iter=1406 E=-2.1786353154 nfev=1408 t=1273.1s remaining=594
    iter=1407 E=-2.1786356118 nfev=1409 t=1274.0s remaining=593
    iter=1408 E=-2.1786359036 nfev=1410 t=1274.8s remaining=592
    iter=1409 E=-2.1786361632 nfev=1411 t=1275.7s remaining=591
    iter=1410 E=-2.1786363903 nfev=1412 t=1276.6s remaining=590
    iter=1411 E=-2.1786366221 nfev=1413 t=1277.5s remaining=589
    iter=1412 E=-2.1786369215 nfev=1414 t=1278.3s remaining=588
    iter=1413 E=-2.1786373544 nfev=1415 t=1279.2s remaining=587
    iter=1414 E=-2.1786379144 nfev=1416 t=1280.1s remaining=586
    iter=1415 E=-2.1786385986 nfev=1417 t=1281.0s remaining=585
    iter=1416 E=-2.1786393458 nfev=1418 t=1281.9s remaining=584
    iter=1417 E=-2.1786401069 nfev=1419 t=1282.9s remaining=583
    iter=1418 E=-2.1786407767 nfev=1420 t=1283.7s remaining=582
    iter=1419 E=-2.1786412691 nfev=1421 t=1284.7s remaining=581
    iter=1420 E=-2.1786416415 nfev=1422 t=1285.6s remaining=580
    iter=1421 E=-2.1786419100 nfev=1423 t=1286.6s remaining=579
    iter=1422 E=-2.1786420811 nfev=1424 t=1287.5s remaining=578
    iter=1423 E=-2.1786422060 nfev=1425 t=1288.4s remaining=577
    iter=1424 E=-2.1786423334 nfev=1426 t=1289.3s remaining=576
    iter=1425 E=-2.1786424813 nfev=1427 t=1290.2s remaining=575
    iter=1426 E=-2.1786427066 nfev=1428 t=1291.1s remaining=574
    iter=1427 E=-2.1786430589 nfev=1429 t=1292.0s remaining=573
    iter=1428 E=-2.1786436226 nfev=1430 t=1292.8s remaining=572
    iter=1429 E=-2.1786444902 nfev=1431 t=1293.7s remaining=571
    iter=1430 E=-2.1786455648 nfev=1432 t=1294.6s remaining=570
    iter=1431 E=-2.1786463739 nfev=1433 t=1295.5s remaining=569
    iter=1432 E=-2.1786470111 nfev=1434 t=1296.4s remaining=568
    iter=1433 E=-2.1786473602 nfev=1435 t=1297.3s remaining=567
    iter=1434 E=-2.1786475327 nfev=1436 t=1298.1s remaining=566
    iter=1435 E=-2.1786476501 nfev=1437 t=1299.0s remaining=565
    iter=1436 E=-2.1786477280 nfev=1438 t=1300.0s remaining=564
    iter=1437 E=-2.1786478047 nfev=1439 t=1301.0s remaining=563
    iter=1438 E=-2.1786479137 nfev=1440 t=1301.9s remaining=562
    iter=1439 E=-2.1786480823 nfev=1441 t=1302.8s remaining=561
    iter=1440 E=-2.1786483372 nfev=1442 t=1303.7s remaining=560
    iter=1441 E=-2.1786487142 nfev=1443 t=1304.6s remaining=559
    iter=1442 E=-2.1786492839 nfev=1444 t=1305.5s remaining=558
    iter=1443 E=-2.1786501721 nfev=1445 t=1306.4s remaining=557
    iter=1444 E=-2.1786514853 nfev=1446 t=1307.3s remaining=556
    iter=1445 E=-2.1786528825 nfev=1447 t=1308.2s remaining=555
    iter=1446 E=-2.1786539306 nfev=1448 t=1309.1s remaining=554
    iter=1447 E=-2.1786545847 nfev=1449 t=1310.0s remaining=553
    iter=1448 E=-2.1786548672 nfev=1450 t=1310.9s remaining=552
    iter=1449 E=-2.1786550102 nfev=1451 t=1311.8s remaining=551
    iter=1450 E=-2.1786550968 nfev=1452 t=1312.7s remaining=550
    iter=1451 E=-2.1786551893 nfev=1453 t=1313.6s remaining=549
    iter=1452 E=-2.1786553001 nfev=1454 t=1314.5s remaining=548
    iter=1453 E=-2.1786554691 nfev=1455 t=1315.4s remaining=547
    iter=1454 E=-2.1786557227 nfev=1456 t=1316.5s remaining=546
    iter=1455 E=-2.1786561020 nfev=1457 t=1317.7s remaining=545
    iter=1456 E=-2.1786566912 nfev=1458 t=1318.6s remaining=544
    iter=1457 E=-2.1786576183 nfev=1459 t=1319.5s remaining=543
    iter=1458 E=-2.1786589475 nfev=1460 t=1320.4s remaining=542
    iter=1459 E=-2.1786601393 nfev=1461 t=1321.4s remaining=541
    iter=1460 E=-2.1786608087 nfev=1462 t=1322.6s remaining=540
    iter=1461 E=-2.1786612117 nfev=1463 t=1323.6s remaining=539
    iter=1462 E=-2.1786614360 nfev=1464 t=1324.7s remaining=538
    iter=1463 E=-2.1786615595 nfev=1465 t=1325.6s remaining=537
    iter=1464 E=-2.1786616820 nfev=1466 t=1326.6s remaining=536
    iter=1465 E=-2.1786617565 nfev=1467 t=1327.6s remaining=535
    iter=1466 E=-2.1786618506 nfev=1468 t=1328.5s remaining=534
    iter=1467 E=-2.1786619763 nfev=1469 t=1329.4s remaining=533
    iter=1468 E=-2.1786621339 nfev=1470 t=1330.3s remaining=532
    iter=1469 E=-2.1786623616 nfev=1471 t=1331.3s remaining=531
    iter=1470 E=-2.1786626986 nfev=1472 t=1332.2s remaining=530
    iter=1471 E=-2.1786631954 nfev=1473 t=1333.1s remaining=529
    iter=1472 E=-2.1786638796 nfev=1474 t=1334.0s remaining=528
    iter=1473 E=-2.1786646351 nfev=1475 t=1334.9s remaining=527
    iter=1474 E=-2.1786654002 nfev=1476 t=1335.8s remaining=526
    iter=1475 E=-2.1786658347 nfev=1477 t=1336.8s remaining=525
    iter=1476 E=-2.1786660719 nfev=1478 t=1337.9s remaining=524
    iter=1477 E=-2.1786661928 nfev=1479 t=1338.8s remaining=523
    iter=1478 E=-2.1786662757 nfev=1480 t=1339.8s remaining=522
    iter=1479 E=-2.1786663396 nfev=1481 t=1340.7s remaining=521
    iter=1480 E=-2.1786664205 nfev=1482 t=1341.5s remaining=520
    iter=1481 E=-2.1786665370 nfev=1483 t=1342.4s remaining=519
    iter=1482 E=-2.1786667191 nfev=1484 t=1343.4s remaining=518
    iter=1483 E=-2.1786670153 nfev=1485 t=1344.3s remaining=517
    iter=1484 E=-2.1786674979 nfev=1486 t=1345.2s remaining=516
    iter=1485 E=-2.1786682552 nfev=1487 t=1346.2s remaining=515
    iter=1486 E=-2.1786693228 nfev=1488 t=1347.2s remaining=514
    iter=1487 E=-2.1786703183 nfev=1489 t=1348.2s remaining=513
    iter=1488 E=-2.1786711769 nfev=1490 t=1349.1s remaining=512
    iter=1489 E=-2.1786716701 nfev=1491 t=1350.0s remaining=511
    iter=1490 E=-2.1786719085 nfev=1492 t=1350.9s remaining=510
    iter=1491 E=-2.1786720708 nfev=1493 t=1351.8s remaining=509
    iter=1492 E=-2.1786721756 nfev=1494 t=1352.8s remaining=508
    iter=1493 E=-2.1786722645 nfev=1495 t=1353.8s remaining=507
    iter=1494 E=-2.1786723871 nfev=1496 t=1354.7s remaining=506
    iter=1495 E=-2.1786725844 nfev=1497 t=1355.6s remaining=505
    iter=1496 E=-2.1786729122 nfev=1498 t=1356.6s remaining=504
    iter=1497 E=-2.1786734426 nfev=1499 t=1357.5s remaining=503
    iter=1498 E=-2.1786742235 nfev=1500 t=1358.4s remaining=502
    iter=1499 E=-2.1786751160 nfev=1501 t=1359.3s remaining=501
    iter=1500 E=-2.1786758973 nfev=1502 t=1360.3s remaining=500
    iter=1501 E=-2.1786768008 nfev=1503 t=1361.2s remaining=499
    iter=1502 E=-2.1786774941 nfev=1504 t=1362.1s remaining=498
    iter=1503 E=-2.1786778714 nfev=1505 t=1363.1s remaining=497
    iter=1504 E=-2.1786781653 nfev=1506 t=1364.0s remaining=496
    iter=1505 E=-2.1786784050 nfev=1507 t=1365.0s remaining=495
    iter=1506 E=-2.1786785546 nfev=1508 t=1366.0s remaining=494
    iter=1507 E=-2.1786786677 nfev=1509 t=1367.1s remaining=493
    iter=1508 E=-2.1786787955 nfev=1510 t=1368.1s remaining=492
    iter=1509 E=-2.1786789254 nfev=1511 t=1369.2s remaining=491
    iter=1510 E=-2.1786790777 nfev=1512 t=1370.2s remaining=490
    iter=1511 E=-2.1786793002 nfev=1513 t=1371.2s remaining=489
    iter=1512 E=-2.1786795804 nfev=1514 t=1372.4s remaining=488
    iter=1513 E=-2.1786799313 nfev=1515 t=1373.4s remaining=487
    iter=1514 E=-2.1786804619 nfev=1516 t=1374.8s remaining=486
    iter=1515 E=-2.1786812886 nfev=1517 t=1376.0s remaining=485
    iter=1516 E=-2.1786824808 nfev=1518 t=1377.0s remaining=484
    iter=1517 E=-2.1786834915 nfev=1519 t=1377.9s remaining=483
    iter=1518 E=-2.1786840277 nfev=1520 t=1378.9s remaining=482
    iter=1519 E=-2.1786843491 nfev=1521 t=1380.2s remaining=481
    iter=1520 E=-2.1786845371 nfev=1522 t=1381.5s remaining=480
    iter=1521 E=-2.1786846497 nfev=1523 t=1382.5s remaining=479
    iter=1522 E=-2.1786847317 nfev=1524 t=1383.4s remaining=478
    iter=1523 E=-2.1786847980 nfev=1525 t=1384.4s remaining=477
    iter=1524 E=-2.1786848722 nfev=1526 t=1385.4s remaining=476
    iter=1525 E=-2.1786849636 nfev=1527 t=1386.5s remaining=475
    iter=1526 E=-2.1786850831 nfev=1528 t=1387.6s remaining=474
    iter=1527 E=-2.1786852681 nfev=1529 t=1388.8s remaining=473
    iter=1528 E=-2.1786855666 nfev=1530 t=1390.0s remaining=472
    iter=1529 E=-2.1786860381 nfev=1531 t=1391.0s remaining=471
    iter=1530 E=-2.1786866748 nfev=1532 t=1391.9s remaining=470
    iter=1531 E=-2.1786872272 nfev=1533 t=1392.8s remaining=469
    iter=1532 E=-2.1786877621 nfev=1534 t=1393.7s remaining=468
    iter=1533 E=-2.1786882864 nfev=1535 t=1394.6s remaining=467
    iter=1534 E=-2.1786885425 nfev=1536 t=1395.5s remaining=466
    iter=1535 E=-2.1786886934 nfev=1537 t=1396.5s remaining=465
    iter=1536 E=-2.1786888079 nfev=1538 t=1397.4s remaining=464
    iter=1537 E=-2.1786888716 nfev=1539 t=1398.3s remaining=463
    iter=1538 E=-2.1786889358 nfev=1540 t=1399.2s remaining=462
    iter=1539 E=-2.1786890283 nfev=1541 t=1400.2s remaining=461
    iter=1540 E=-2.1786891501 nfev=1542 t=1401.1s remaining=460
    iter=1541 E=-2.1786893243 nfev=1543 t=1402.1s remaining=459
    iter=1542 E=-2.1786896090 nfev=1544 t=1402.9s remaining=458
    iter=1543 E=-2.1786900571 nfev=1545 t=1403.8s remaining=457
    iter=1544 E=-2.1786906926 nfev=1546 t=1404.7s remaining=456
    iter=1545 E=-2.1786914117 nfev=1547 t=1405.7s remaining=455
    iter=1546 E=-2.1786921697 nfev=1548 t=1406.6s remaining=454
    iter=1547 E=-2.1786928808 nfev=1549 t=1407.5s remaining=453
    iter=1548 E=-2.1786932944 nfev=1550 t=1408.4s remaining=452
    iter=1549 E=-2.1786935500 nfev=1551 t=1409.3s remaining=451
    iter=1550 E=-2.1786937164 nfev=1552 t=1410.3s remaining=450
    iter=1551 E=-2.1786938298 nfev=1553 t=1411.3s remaining=449
    iter=1552 E=-2.1786938900 nfev=1554 t=1412.3s remaining=448
    iter=1553 E=-2.1786939643 nfev=1555 t=1413.2s remaining=447
    iter=1554 E=-2.1786940455 nfev=1556 t=1414.1s remaining=446
    iter=1555 E=-2.1786941522 nfev=1557 t=1415.1s remaining=445
    iter=1556 E=-2.1786943083 nfev=1558 t=1416.1s remaining=444
    iter=1557 E=-2.1786945392 nfev=1559 t=1417.1s remaining=443
    iter=1558 E=-2.1786948970 nfev=1560 t=1418.0s remaining=442
    iter=1559 E=-2.1786954323 nfev=1561 t=1418.9s remaining=441
    iter=1560 E=-2.1786961767 nfev=1562 t=1419.8s remaining=440
    iter=1561 E=-2.1786969278 nfev=1563 t=1420.7s remaining=439
    iter=1562 E=-2.1786976323 nfev=1564 t=1421.8s remaining=438
    iter=1563 E=-2.1786980405 nfev=1565 t=1423.0s remaining=437
    iter=1564 E=-2.1786982773 nfev=1566 t=1423.9s remaining=436
    iter=1565 E=-2.1786983898 nfev=1567 t=1424.9s remaining=435
    iter=1566 E=-2.1786984748 nfev=1568 t=1425.8s remaining=434
    iter=1567 E=-2.1786985604 nfev=1569 t=1426.8s remaining=433
    iter=1568 E=-2.1786986885 nfev=1570 t=1427.6s remaining=432
    iter=1569 E=-2.1786988433 nfev=1571 t=1428.5s remaining=431
    iter=1570 E=-2.1786990737 nfev=1572 t=1429.5s remaining=430
    iter=1571 E=-2.1786994181 nfev=1573 t=1430.4s remaining=429
    iter=1572 E=-2.1786999222 nfev=1574 t=1431.3s remaining=428
    iter=1573 E=-2.1787006206 nfev=1575 t=1432.2s remaining=427
    iter=1574 E=-2.1787014710 nfev=1576 t=1433.1s remaining=426
    iter=1575 E=-2.1787024151 nfev=1577 t=1434.0s remaining=425
    iter=1576 E=-2.1787032337 nfev=1578 t=1434.9s remaining=424
    iter=1577 E=-2.1787037341 nfev=1579 t=1435.8s remaining=423
    iter=1578 E=-2.1787041189 nfev=1580 t=1436.8s remaining=422
    iter=1579 E=-2.1787043431 nfev=1581 t=1437.7s remaining=421
    iter=1580 E=-2.1787045087 nfev=1582 t=1438.6s remaining=420
    iter=1581 E=-2.1787046180 nfev=1583 t=1439.5s remaining=419
    iter=1582 E=-2.1787047335 nfev=1584 t=1440.4s remaining=418
    iter=1583 E=-2.1787048534 nfev=1585 t=1441.3s remaining=417
    iter=1584 E=-2.1787049456 nfev=1586 t=1442.2s remaining=416
    iter=1585 E=-2.1787050659 nfev=1587 t=1443.0s remaining=415
    iter=1586 E=-2.1787052260 nfev=1588 t=1443.9s remaining=414
    iter=1587 E=-2.1787054382 nfev=1589 t=1444.8s remaining=413
    iter=1588 E=-2.1787057543 nfev=1590 t=1445.6s remaining=412
    iter=1589 E=-2.1787062340 nfev=1591 t=1446.5s remaining=411
    iter=1590 E=-2.1787069568 nfev=1592 t=1447.5s remaining=410
    iter=1591 E=-2.1787079821 nfev=1593 t=1448.4s remaining=409
    iter=1592 E=-2.1787090586 nfev=1594 t=1449.3s remaining=408
    iter=1593 E=-2.1787098580 nfev=1595 t=1450.2s remaining=407
    iter=1594 E=-2.1787103861 nfev=1596 t=1451.1s remaining=406
    iter=1595 E=-2.1787108242 nfev=1597 t=1452.0s remaining=405
    iter=1596 E=-2.1787112626 nfev=1598 t=1452.9s remaining=404
    iter=1597 E=-2.1787115570 nfev=1599 t=1453.9s remaining=403
    iter=1598 E=-2.1787118921 nfev=1600 t=1454.7s remaining=402
    iter=1599 E=-2.1787121159 nfev=1601 t=1455.6s remaining=401
    iter=1600 E=-2.1787122692 nfev=1602 t=1456.5s remaining=400
    iter=1601 E=-2.1787124055 nfev=1603 t=1457.4s remaining=399
    iter=1602 E=-2.1787125114 nfev=1604 t=1458.3s remaining=398
    iter=1603 E=-2.1787126138 nfev=1605 t=1459.2s remaining=397
    iter=1604 E=-2.1787127706 nfev=1606 t=1460.0s remaining=396
    iter=1605 E=-2.1787129327 nfev=1607 t=1460.9s remaining=395
    iter=1606 E=-2.1787131321 nfev=1608 t=1461.8s remaining=394
    iter=1607 E=-2.1787134341 nfev=1609 t=1462.6s remaining=393
    iter=1608 E=-2.1787138775 nfev=1610 t=1463.5s remaining=392
    iter=1609 E=-2.1787145159 nfev=1611 t=1464.3s remaining=391
    iter=1610 E=-2.1787154194 nfev=1612 t=1465.2s remaining=390
    iter=1611 E=-2.1787164842 nfev=1613 t=1466.0s remaining=389
    iter=1612 E=-2.1787173784 nfev=1614 t=1466.9s remaining=388
    iter=1613 E=-2.1787179928 nfev=1615 t=1467.8s remaining=387
    iter=1614 E=-2.1787183576 nfev=1616 t=1468.7s remaining=386
    iter=1615 E=-2.1787186087 nfev=1617 t=1469.6s remaining=385
    iter=1616 E=-2.1787187885 nfev=1618 t=1470.5s remaining=384
    iter=1617 E=-2.1787189051 nfev=1619 t=1471.3s remaining=383
    iter=1618 E=-2.1787189918 nfev=1620 t=1472.2s remaining=382
    iter=1619 E=-2.1787190733 nfev=1621 t=1473.1s remaining=381
    iter=1620 E=-2.1787191462 nfev=1622 t=1474.1s remaining=380
    iter=1621 E=-2.1787192414 nfev=1623 t=1474.9s remaining=379
    iter=1622 E=-2.1787193785 nfev=1624 t=1475.9s remaining=378
    iter=1623 E=-2.1787195954 nfev=1625 t=1476.7s remaining=377
    iter=1624 E=-2.1787199451 nfev=1626 t=1477.6s remaining=376
    iter=1625 E=-2.1787204945 nfev=1627 t=1478.5s remaining=375
    iter=1626 E=-2.1787212972 nfev=1628 t=1479.4s remaining=374
    iter=1627 E=-2.1787222118 nfev=1629 t=1480.3s remaining=373
    iter=1628 E=-2.1787229729 nfev=1630 t=1481.2s remaining=372
    iter=1629 E=-2.1787237652 nfev=1631 t=1482.1s remaining=371
    iter=1630 E=-2.1787243536 nfev=1632 t=1483.1s remaining=370
    iter=1631 E=-2.1787247228 nfev=1633 t=1484.0s remaining=369
    iter=1632 E=-2.1787249816 nfev=1634 t=1484.9s remaining=368
    iter=1633 E=-2.1787252231 nfev=1635 t=1485.7s remaining=367
    iter=1634 E=-2.1787253454 nfev=1636 t=1486.6s remaining=366
    iter=1635 E=-2.1787254581 nfev=1637 t=1487.4s remaining=365
    iter=1636 E=-2.1787255938 nfev=1638 t=1488.3s remaining=364
    iter=1637 E=-2.1787256640 nfev=1639 t=1489.2s remaining=363
    iter=1638 E=-2.1787257302 nfev=1640 t=1490.1s remaining=362
    iter=1639 E=-2.1787258322 nfev=1641 t=1491.0s remaining=361
    iter=1640 E=-2.1787259878 nfev=1642 t=1491.9s remaining=360
    iter=1641 E=-2.1787262217 nfev=1643 t=1492.8s remaining=359
    iter=1642 E=-2.1787265721 nfev=1644 t=1493.7s remaining=358
    iter=1643 E=-2.1787270793 nfev=1645 t=1494.5s remaining=357
    iter=1644 E=-2.1787277723 nfev=1646 t=1495.4s remaining=356
    iter=1645 E=-2.1787286573 nfev=1647 t=1496.3s remaining=355
    iter=1646 E=-2.1787296964 nfev=1648 t=1497.2s remaining=354
    iter=1647 E=-2.1787306388 nfev=1649 t=1498.1s remaining=353
    iter=1648 E=-2.1787312771 nfev=1650 t=1498.9s remaining=352
    iter=1649 E=-2.1787315721 nfev=1651 t=1499.8s remaining=351
    iter=1650 E=-2.1787317291 nfev=1652 t=1500.6s remaining=350
    iter=1651 E=-2.1787318157 nfev=1653 t=1501.5s remaining=349
    iter=1652 E=-2.1787318760 nfev=1654 t=1502.4s remaining=348
    iter=1653 E=-2.1787319302 nfev=1655 t=1503.3s remaining=347
    iter=1654 E=-2.1787320064 nfev=1656 t=1504.1s remaining=346
    iter=1655 E=-2.1787320829 nfev=1657 t=1505.1s remaining=345
    iter=1656 E=-2.1787321785 nfev=1658 t=1506.2s remaining=344
    iter=1657 E=-2.1787322863 nfev=1659 t=1507.1s remaining=343
    iter=1658 E=-2.1787323963 nfev=1660 t=1508.0s remaining=342
    iter=1659 E=-2.1787325440 nfev=1661 t=1508.9s remaining=341
    iter=1660 E=-2.1787327731 nfev=1662 t=1509.8s remaining=340
    iter=1661 E=-2.1787331282 nfev=1663 t=1510.8s remaining=339
    iter=1662 E=-2.1787336580 nfev=1664 t=1511.7s remaining=338
    iter=1663 E=-2.1787343475 nfev=1665 t=1512.6s remaining=337
    iter=1664 E=-2.1787350533 nfev=1666 t=1513.5s remaining=336
    iter=1665 E=-2.1787356771 nfev=1667 t=1514.4s remaining=335
    iter=1666 E=-2.1787360836 nfev=1668 t=1515.3s remaining=334
    iter=1667 E=-2.1787362788 nfev=1669 t=1516.2s remaining=333
    iter=1668 E=-2.1787364097 nfev=1670 t=1517.1s remaining=332
    iter=1669 E=-2.1787364960 nfev=1671 t=1518.0s remaining=331
    iter=1670 E=-2.1787365520 nfev=1672 t=1519.0s remaining=330
    iter=1671 E=-2.1787365998 nfev=1673 t=1519.9s remaining=329
    iter=1672 E=-2.1787366576 nfev=1674 t=1520.9s remaining=328
    iter=1673 E=-2.1787367179 nfev=1675 t=1521.8s remaining=327
    iter=1674 E=-2.1787368022 nfev=1676 t=1522.7s remaining=326
    iter=1675 E=-2.1787369270 nfev=1677 t=1523.6s remaining=325
    iter=1676 E=-2.1787371131 nfev=1678 t=1524.6s remaining=324
    iter=1677 E=-2.1787373822 nfev=1679 t=1525.5s remaining=323
    iter=1678 E=-2.1787377675 nfev=1680 t=1526.4s remaining=322
    iter=1679 E=-2.1787382930 nfev=1681 t=1527.4s remaining=321
    iter=1680 E=-2.1787389385 nfev=1682 t=1528.3s remaining=320
    iter=1681 E=-2.1787396236 nfev=1683 t=1529.2s remaining=319
    iter=1682 E=-2.1787402768 nfev=1684 t=1530.1s remaining=318
    iter=1683 E=-2.1787408136 nfev=1685 t=1531.0s remaining=317
    iter=1684 E=-2.1787411322 nfev=1686 t=1531.9s remaining=316
    iter=1685 E=-2.1787413399 nfev=1687 t=1532.8s remaining=315
    iter=1686 E=-2.1787414431 nfev=1688 t=1533.8s remaining=314
    iter=1687 E=-2.1787415203 nfev=1689 t=1534.6s remaining=313
    iter=1688 E=-2.1787415911 nfev=1690 t=1535.5s remaining=312
    iter=1689 E=-2.1787416464 nfev=1691 t=1536.4s remaining=311
    iter=1690 E=-2.1787416935 nfev=1692 t=1537.2s remaining=310
    iter=1691 E=-2.1787417432 nfev=1693 t=1538.1s remaining=309
    iter=1692 E=-2.1787418053 nfev=1694 t=1539.1s remaining=308
    iter=1693 E=-2.1787418928 nfev=1695 t=1540.0s remaining=307
    iter=1694 E=-2.1787420244 nfev=1696 t=1540.9s remaining=306
    iter=1695 E=-2.1787422294 nfev=1697 t=1541.8s remaining=305
    iter=1696 E=-2.1787425467 nfev=1698 t=1542.7s remaining=304
    iter=1697 E=-2.1787430243 nfev=1699 t=1543.5s remaining=303
    iter=1698 E=-2.1787436936 nfev=1700 t=1544.4s remaining=302
    iter=1699 E=-2.1787444227 nfev=1701 t=1545.3s remaining=301
    iter=1700 E=-2.1787450815 nfev=1702 t=1546.3s remaining=300
    iter=1701 E=-2.1787454976 nfev=1703 t=1547.2s remaining=299
    iter=1702 E=-2.1787457101 nfev=1704 t=1548.2s remaining=298
    iter=1703 E=-2.1787458338 nfev=1705 t=1549.1s remaining=297
    iter=1704 E=-2.1787459155 nfev=1706 t=1550.1s remaining=296
    iter=1705 E=-2.1787459736 nfev=1707 t=1551.0s remaining=295
    iter=1706 E=-2.1787460000 nfev=1708 t=1551.9s remaining=294
    iter=1707 E=-2.1787460279 nfev=1709 t=1552.8s remaining=293
    iter=1708 E=-2.1787460692 nfev=1710 t=1553.7s remaining=292
    iter=1709 E=-2.1787461302 nfev=1711 t=1554.5s remaining=291
    iter=1710 E=-2.1787462231 nfev=1712 t=1555.4s remaining=290
    iter=1711 E=-2.1787463731 nfev=1713 t=1556.3s remaining=289
    iter=1712 E=-2.1787466243 nfev=1714 t=1557.2s remaining=288
    iter=1713 E=-2.1787470372 nfev=1715 t=1558.1s remaining=287
    iter=1714 E=-2.1787476746 nfev=1716 t=1559.0s remaining=286
    iter=1715 E=-2.1787484761 nfev=1717 t=1559.9s remaining=285
    iter=1716 E=-2.1787491076 nfev=1718 t=1560.9s remaining=284
    iter=1717 E=-2.1787497261 nfev=1719 t=1561.8s remaining=283
    iter=1718 E=-2.1787500602 nfev=1720 t=1562.7s remaining=282
    iter=1719 E=-2.1787502681 nfev=1721 t=1563.6s remaining=281
    iter=1720 E=-2.1787503737 nfev=1722 t=1564.6s remaining=280
    iter=1721 E=-2.1787504452 nfev=1723 t=1565.5s remaining=279
    iter=1722 E=-2.1787504798 nfev=1724 t=1566.3s remaining=278
    iter=1723 E=-2.1787505113 nfev=1725 t=1567.3s remaining=277
    iter=1724 E=-2.1787505578 nfev=1726 t=1568.2s remaining=276
    iter=1725 E=-2.1787506232 nfev=1727 t=1569.1s remaining=275
    iter=1726 E=-2.1787507211 nfev=1728 t=1570.0s remaining=274
    iter=1727 E=-2.1787508667 nfev=1729 t=1571.0s remaining=273
    iter=1728 E=-2.1787510908 nfev=1730 t=1572.0s remaining=272
    iter=1729 E=-2.1787514214 nfev=1731 t=1572.9s remaining=271
    iter=1730 E=-2.1787518778 nfev=1732 t=1573.9s remaining=270
    iter=1731 E=-2.1787523816 nfev=1733 t=1574.8s remaining=269
    iter=1732 E=-2.1787528561 nfev=1734 t=1575.7s remaining=268
    iter=1733 E=-2.1787533232 nfev=1735 t=1576.6s remaining=267
    iter=1734 E=-2.1787537176 nfev=1736 t=1577.5s remaining=266
    iter=1735 E=-2.1787539228 nfev=1737 t=1578.4s remaining=265
    iter=1736 E=-2.1787541246 nfev=1738 t=1579.3s remaining=264
    iter=1737 E=-2.1787542703 nfev=1739 t=1580.1s remaining=263
    iter=1738 E=-2.1787543782 nfev=1740 t=1581.0s remaining=262
    iter=1739 E=-2.1787544817 nfev=1741 t=1581.9s remaining=261
    iter=1740 E=-2.1787545619 nfev=1742 t=1582.8s remaining=260
    iter=1741 E=-2.1787546294 nfev=1743 t=1583.7s remaining=259
    iter=1742 E=-2.1787547334 nfev=1744 t=1584.6s remaining=258
    iter=1743 E=-2.1787548883 nfev=1745 t=1585.5s remaining=257
    iter=1744 E=-2.1787551040 nfev=1746 t=1586.4s remaining=256
    iter=1745 E=-2.1787554010 nfev=1747 t=1587.3s remaining=255
    iter=1746 E=-2.1787558372 nfev=1748 t=1588.1s remaining=254
    iter=1747 E=-2.1787564999 nfev=1749 t=1589.1s remaining=253
    iter=1748 E=-2.1787574685 nfev=1750 t=1590.0s remaining=252
    iter=1749 E=-2.1787585769 nfev=1751 t=1590.8s remaining=251
    iter=1750 E=-2.1787593730 nfev=1752 t=1591.7s remaining=250
    iter=1751 E=-2.1787601243 nfev=1753 t=1592.5s remaining=249
    iter=1752 E=-2.1787606275 nfev=1754 t=1593.4s remaining=248
    iter=1753 E=-2.1787607581 nfev=1755 t=1594.3s remaining=247
    iter=1754 E=-2.1787609698 nfev=1756 t=1595.2s remaining=246
    iter=1755 E=-2.1787612208 nfev=1757 t=1596.2s remaining=245
    iter=1756 E=-2.1787612649 nfev=1758 t=1597.2s remaining=244
    iter=1757 E=-2.1787613308 nfev=1759 t=1598.1s remaining=243
    iter=1758 E=-2.1787614092 nfev=1760 t=1599.0s remaining=242
    iter=1759 E=-2.1787614597 nfev=1761 t=1600.0s remaining=241
    iter=1760 E=-2.1787615204 nfev=1762 t=1601.0s remaining=240
    iter=1761 E=-2.1787616096 nfev=1763 t=1601.9s remaining=239
    iter=1762 E=-2.1787617411 nfev=1764 t=1602.7s remaining=238
    iter=1763 E=-2.1787619341 nfev=1765 t=1603.6s remaining=237
    iter=1764 E=-2.1787622035 nfev=1766 t=1604.4s remaining=236
    iter=1765 E=-2.1787625889 nfev=1767 t=1605.3s remaining=235
    iter=1766 E=-2.1787631693 nfev=1768 t=1606.2s remaining=234
    iter=1767 E=-2.1787640782 nfev=1769 t=1607.0s remaining=233
    iter=1768 E=-2.1787653988 nfev=1770 t=1607.9s remaining=232
    iter=1769 E=-2.1787668287 nfev=1771 t=1608.8s remaining=231
    iter=1770 E=-2.1787676548 nfev=1772 t=1609.7s remaining=230
    iter=1771 E=-2.1787682837 nfev=1773 t=1610.6s remaining=229
    iter=1772 E=-2.1787685855 nfev=1774 t=1611.5s remaining=228
    iter=1773 E=-2.1787689620 nfev=1775 t=1612.3s remaining=227
    iter=1774 E=-2.1787692110 nfev=1776 t=1613.2s remaining=226
    iter=1775 E=-2.1787694282 nfev=1777 t=1614.1s remaining=225
    iter=1776 E=-2.1787696089 nfev=1778 t=1615.0s remaining=224
    iter=1777 E=-2.1787697379 nfev=1779 t=1615.9s remaining=223
    iter=1778 E=-2.1787698624 nfev=1780 t=1616.7s remaining=222
    iter=1779 E=-2.1787700196 nfev=1781 t=1617.6s remaining=221
    iter=1780 E=-2.1787702036 nfev=1782 t=1618.5s remaining=220
    iter=1781 E=-2.1787704144 nfev=1783 t=1619.3s remaining=219
    iter=1782 E=-2.1787706656 nfev=1784 t=1620.2s remaining=218
    iter=1783 E=-2.1787709693 nfev=1785 t=1621.0s remaining=217
    iter=1784 E=-2.1787713776 nfev=1786 t=1621.9s remaining=216
    iter=1785 E=-2.1787719050 nfev=1787 t=1622.8s remaining=215
    iter=1786 E=-2.1787725477 nfev=1788 t=1623.7s remaining=214
    iter=1787 E=-2.1787732469 nfev=1789 t=1624.6s remaining=213
    iter=1788 E=-2.1787740259 nfev=1790 t=1625.4s remaining=212
    iter=1789 E=-2.1787747055 nfev=1791 t=1626.3s remaining=211
    iter=1790 E=-2.1787751851 nfev=1792 t=1627.4s remaining=210
    iter=1791 E=-2.1787756037 nfev=1793 t=1628.5s remaining=209
    iter=1792 E=-2.1787759690 nfev=1794 t=1629.5s remaining=208
    iter=1793 E=-2.1787763581 nfev=1795 t=1630.4s remaining=207
    iter=1794 E=-2.1787766748 nfev=1796 t=1631.2s remaining=206
    iter=1795 E=-2.1787770402 nfev=1797 t=1632.1s remaining=205
    iter=1796 E=-2.1787772877 nfev=1798 t=1633.0s remaining=204
    iter=1797 E=-2.1787774596 nfev=1799 t=1634.0s remaining=203
    iter=1798 E=-2.1787776398 nfev=1800 t=1635.0s remaining=202
    iter=1799 E=-2.1787777915 nfev=1801 t=1635.9s remaining=201
    iter=1800 E=-2.1787779385 nfev=1802 t=1636.7s remaining=200
    iter=1801 E=-2.1787780606 nfev=1803 t=1637.6s remaining=199
    iter=1802 E=-2.1787781920 nfev=1804 t=1638.5s remaining=198
    iter=1803 E=-2.1787783512 nfev=1805 t=1639.4s remaining=197
    iter=1804 E=-2.1787785524 nfev=1806 t=1640.2s remaining=196
    iter=1805 E=-2.1787787667 nfev=1807 t=1641.1s remaining=195
    iter=1806 E=-2.1787790222 nfev=1808 t=1642.0s remaining=194
    iter=1807 E=-2.1787793308 nfev=1809 t=1642.9s remaining=193
    iter=1808 E=-2.1787796762 nfev=1810 t=1643.8s remaining=192
    iter=1809 E=-2.1787800152 nfev=1811 t=1644.6s remaining=191
    iter=1810 E=-2.1787804647 nfev=1812 t=1645.5s remaining=190
    iter=1811 E=-2.1787810397 nfev=1813 t=1646.4s remaining=189
    iter=1812 E=-2.1787816678 nfev=1814 t=1647.4s remaining=188
    iter=1813 E=-2.1787822191 nfev=1815 t=1648.3s remaining=187
    iter=1814 E=-2.1787827290 nfev=1816 t=1649.2s remaining=186
    iter=1815 E=-2.1787833320 nfev=1817 t=1650.1s remaining=185
    iter=1816 E=-2.1787839038 nfev=1818 t=1650.9s remaining=184
    iter=1817 E=-2.1787844054 nfev=1819 t=1651.8s remaining=183
    iter=1818 E=-2.1787848074 nfev=1820 t=1652.7s remaining=182
    iter=1819 E=-2.1787851271 nfev=1821 t=1653.6s remaining=181
    iter=1820 E=-2.1787852846 nfev=1822 t=1654.5s remaining=180
    iter=1821 E=-2.1787854179 nfev=1823 t=1655.4s remaining=179
    iter=1822 E=-2.1787855258 nfev=1824 t=1656.4s remaining=178
    iter=1823 E=-2.1787856230 nfev=1825 t=1657.3s remaining=177
    iter=1824 E=-2.1787857612 nfev=1826 t=1658.3s remaining=176
    iter=1825 E=-2.1787859538 nfev=1827 t=1659.2s remaining=175
    iter=1826 E=-2.1787862074 nfev=1828 t=1660.1s remaining=174
    iter=1827 E=-2.1787865695 nfev=1829 t=1661.0s remaining=173
    iter=1828 E=-2.1787871230 nfev=1830 t=1661.9s remaining=172
    iter=1829 E=-2.1787879503 nfev=1831 t=1662.9s remaining=171
    iter=1830 E=-2.1787891150 nfev=1832 t=1663.8s remaining=170
    iter=1831 E=-2.1787905394 nfev=1833 t=1664.7s remaining=169
    iter=1832 E=-2.1787922147 nfev=1834 t=1665.6s remaining=168
    iter=1833 E=-2.1787938166 nfev=1835 t=1666.5s remaining=167
    iter=1834 E=-2.1787955359 nfev=1836 t=1667.5s remaining=166
    iter=1835 E=-2.1787969041 nfev=1837 t=1668.5s remaining=165
    iter=1836 E=-2.1787979876 nfev=1838 t=1669.4s remaining=164
    iter=1837 E=-2.1787984367 nfev=1839 t=1670.3s remaining=163
    iter=1838 E=-2.1787988271 nfev=1840 t=1671.2s remaining=162
    iter=1839 E=-2.1787990114 nfev=1841 t=1672.0s remaining=161
    iter=1840 E=-2.1787991849 nfev=1842 t=1672.9s remaining=160
    iter=1841 E=-2.1787993423 nfev=1843 t=1673.8s remaining=159
    iter=1842 E=-2.1787995160 nfev=1844 t=1674.7s remaining=158
    iter=1843 E=-2.1787997599 nfev=1845 t=1675.6s remaining=157
    iter=1844 E=-2.1787999937 nfev=1846 t=1676.4s remaining=156
    iter=1845 E=-2.1788002766 nfev=1847 t=1677.3s remaining=155
    iter=1846 E=-2.1788006628 nfev=1848 t=1678.2s remaining=154
    iter=1847 E=-2.1788011853 nfev=1849 t=1679.1s remaining=153
    iter=1848 E=-2.1788017975 nfev=1850 t=1680.0s remaining=152
    iter=1849 E=-2.1788026852 nfev=1851 t=1680.9s remaining=151
    iter=1850 E=-2.1788040233 nfev=1852 t=1681.8s remaining=150
    iter=1851 E=-2.1788057798 nfev=1853 t=1682.7s remaining=149
    iter=1852 E=-2.1788072571 nfev=1854 t=1683.6s remaining=148
    iter=1853 E=-2.1788084611 nfev=1855 t=1684.5s remaining=147
    iter=1854 E=-2.1788094805 nfev=1856 t=1685.5s remaining=146
    iter=1855 E=-2.1788104645 nfev=1857 t=1686.3s remaining=145
    iter=1856 E=-2.1788110220 nfev=1858 t=1687.2s remaining=144
    iter=1857 E=-2.1788115080 nfev=1859 t=1688.1s remaining=143
    iter=1858 E=-2.1788119308 nfev=1860 t=1688.9s remaining=142
    iter=1859 E=-2.1788122215 nfev=1861 t=1689.8s remaining=141
    iter=1860 E=-2.1788124270 nfev=1862 t=1690.7s remaining=140
    iter=1861 E=-2.1788126068 nfev=1863 t=1691.6s remaining=139
    iter=1862 E=-2.1788127660 nfev=1864 t=1692.4s remaining=138
    iter=1863 E=-2.1788129245 nfev=1865 t=1693.3s remaining=137
    iter=1864 E=-2.1788130838 nfev=1866 t=1694.2s remaining=136
    iter=1865 E=-2.1788132782 nfev=1867 t=1695.1s remaining=135
    iter=1866 E=-2.1788135301 nfev=1868 t=1696.0s remaining=134
    iter=1867 E=-2.1788138537 nfev=1869 t=1696.9s remaining=133
    iter=1868 E=-2.1788142529 nfev=1870 t=1697.8s remaining=132
    iter=1869 E=-2.1788147472 nfev=1871 t=1698.7s remaining=131
    iter=1870 E=-2.1788152227 nfev=1872 t=1699.6s remaining=130
    iter=1871 E=-2.1788156257 nfev=1873 t=1700.5s remaining=129
    iter=1872 E=-2.1788160251 nfev=1874 t=1701.5s remaining=128
    iter=1873 E=-2.1788163407 nfev=1875 t=1702.4s remaining=127
    iter=1874 E=-2.1788166762 nfev=1876 t=1703.3s remaining=126
    iter=1875 E=-2.1788170812 nfev=1877 t=1704.2s remaining=125
    iter=1876 E=-2.1788175683 nfev=1878 t=1705.1s remaining=124
    iter=1877 E=-2.1788180755 nfev=1879 t=1706.0s remaining=123
    iter=1878 E=-2.1788186333 nfev=1880 t=1706.9s remaining=122
    iter=1879 E=-2.1788193102 nfev=1881 t=1707.8s remaining=121
    iter=1880 E=-2.1788201607 nfev=1882 t=1708.7s remaining=120
    iter=1881 E=-2.1788211407 nfev=1883 t=1709.6s remaining=119
    iter=1882 E=-2.1788222893 nfev=1884 t=1710.6s remaining=118
    iter=1883 E=-2.1788233853 nfev=1885 t=1711.5s remaining=117
    iter=1884 E=-2.1788240143 nfev=1886 t=1712.4s remaining=116
    iter=1885 E=-2.1788245896 nfev=1887 t=1713.3s remaining=115
    iter=1886 E=-2.1788251040 nfev=1888 t=1714.2s remaining=114
    iter=1887 E=-2.1788254141 nfev=1889 t=1715.2s remaining=113
    iter=1888 E=-2.1788256648 nfev=1890 t=1716.1s remaining=112
    iter=1889 E=-2.1788258679 nfev=1891 t=1717.0s remaining=111
    iter=1890 E=-2.1788260549 nfev=1892 t=1717.9s remaining=110
    iter=1891 E=-2.1788262629 nfev=1893 t=1718.8s remaining=109
    iter=1892 E=-2.1788264611 nfev=1894 t=1719.6s remaining=108
    iter=1893 E=-2.1788266477 nfev=1895 t=1720.6s remaining=107
    iter=1894 E=-2.1788268958 nfev=1896 t=1721.5s remaining=106
    iter=1895 E=-2.1788272295 nfev=1897 t=1722.4s remaining=105
    iter=1896 E=-2.1788275639 nfev=1898 t=1723.3s remaining=104
    iter=1897 E=-2.1788279842 nfev=1899 t=1724.1s remaining=103
    iter=1898 E=-2.1788284783 nfev=1900 t=1725.0s remaining=102
    iter=1899 E=-2.1788290632 nfev=1901 t=1725.9s remaining=101
    iter=1900 E=-2.1788296867 nfev=1902 t=1726.9s remaining=100
    iter=1901 E=-2.1788304354 nfev=1903 t=1727.8s remaining=99
    iter=1902 E=-2.1788313867 nfev=1904 t=1728.7s remaining=98
    iter=1903 E=-2.1788323832 nfev=1905 t=1729.6s remaining=97
    iter=1904 E=-2.1788333262 nfev=1906 t=1730.5s remaining=96
    iter=1905 E=-2.1788343066 nfev=1907 t=1731.4s remaining=95
    iter=1906 E=-2.1788352071 nfev=1908 t=1732.3s remaining=94
    iter=1907 E=-2.1788359078 nfev=1909 t=1733.2s remaining=93
    iter=1908 E=-2.1788365034 nfev=1910 t=1734.1s remaining=92
    iter=1909 E=-2.1788368854 nfev=1911 t=1735.0s remaining=91
    iter=1910 E=-2.1788371869 nfev=1912 t=1735.9s remaining=90
    iter=1911 E=-2.1788374797 nfev=1913 t=1736.8s remaining=89
    iter=1912 E=-2.1788377377 nfev=1914 t=1737.7s remaining=88
    iter=1913 E=-2.1788379187 nfev=1915 t=1738.5s remaining=87
    iter=1914 E=-2.1788380753 nfev=1916 t=1739.4s remaining=86
    iter=1915 E=-2.1788382236 nfev=1917 t=1740.4s remaining=85
    iter=1916 E=-2.1788383412 nfev=1918 t=1741.3s remaining=84
    iter=1917 E=-2.1788384868 nfev=1919 t=1742.2s remaining=83
    iter=1918 E=-2.1788386509 nfev=1920 t=1743.1s remaining=82
    iter=1919 E=-2.1788388521 nfev=1921 t=1744.0s remaining=81
    iter=1920 E=-2.1788390852 nfev=1922 t=1744.9s remaining=80
    iter=1921 E=-2.1788393392 nfev=1923 t=1745.8s remaining=79
    iter=1922 E=-2.1788396662 nfev=1924 t=1746.7s remaining=78
    iter=1923 E=-2.1788400461 nfev=1925 t=1747.6s remaining=77
    iter=1924 E=-2.1788405276 nfev=1926 t=1748.5s remaining=76
    iter=1925 E=-2.1788412195 nfev=1927 t=1749.6s remaining=75
    iter=1926 E=-2.1788420375 nfev=1928 t=1750.6s remaining=74
    iter=1927 E=-2.1788429534 nfev=1929 t=1751.5s remaining=73
    iter=1928 E=-2.1788439873 nfev=1930 t=1752.5s remaining=72
    iter=1929 E=-2.1788451106 nfev=1931 t=1753.3s remaining=71
    iter=1930 E=-2.1788462264 nfev=1932 t=1754.2s remaining=70
    iter=1931 E=-2.1788471427 nfev=1933 t=1755.1s remaining=69
    iter=1932 E=-2.1788478434 nfev=1934 t=1756.0s remaining=68
    iter=1933 E=-2.1788483347 nfev=1935 t=1756.9s remaining=67
    iter=1934 E=-2.1788486918 nfev=1936 t=1757.8s remaining=66
    iter=1935 E=-2.1788489410 nfev=1937 t=1758.7s remaining=65
    iter=1936 E=-2.1788491657 nfev=1938 t=1759.5s remaining=64
    iter=1937 E=-2.1788493177 nfev=1939 t=1760.4s remaining=63
    iter=1938 E=-2.1788494491 nfev=1940 t=1761.3s remaining=62
    iter=1939 E=-2.1788496103 nfev=1941 t=1762.1s remaining=61
    iter=1940 E=-2.1788497658 nfev=1942 t=1762.9s remaining=60
    iter=1941 E=-2.1788499028 nfev=1943 t=1763.8s remaining=59
    iter=1942 E=-2.1788500681 nfev=1944 t=1764.6s remaining=58
    iter=1943 E=-2.1788502710 nfev=1945 t=1765.5s remaining=57
    iter=1944 E=-2.1788505306 nfev=1946 t=1766.4s remaining=56
    iter=1945 E=-2.1788508949 nfev=1947 t=1767.2s remaining=55
    iter=1946 E=-2.1788513934 nfev=1948 t=1768.2s remaining=54
    iter=1947 E=-2.1788520429 nfev=1949 t=1769.1s remaining=53
    iter=1948 E=-2.1788527781 nfev=1950 t=1770.0s remaining=52
    iter=1949 E=-2.1788536121 nfev=1951 t=1770.9s remaining=51
    iter=1950 E=-2.1788544397 nfev=1952 t=1771.8s remaining=50
    iter=1951 E=-2.1788552100 nfev=1953 t=1772.7s remaining=49
    iter=1952 E=-2.1788557493 nfev=1954 t=1773.5s remaining=48
    iter=1953 E=-2.1788563382 nfev=1955 t=1774.4s remaining=47
    iter=1954 E=-2.1788569723 nfev=1956 t=1775.3s remaining=46
    iter=1955 E=-2.1788573962 nfev=1957 t=1776.1s remaining=45
    iter=1956 E=-2.1788577969 nfev=1958 t=1777.0s remaining=44
    iter=1957 E=-2.1788581535 nfev=1959 t=1777.9s remaining=43
    iter=1958 E=-2.1788585578 nfev=1960 t=1778.8s remaining=42
    iter=1959 E=-2.1788588894 nfev=1961 t=1779.6s remaining=41
    iter=1960 E=-2.1788590936 nfev=1962 t=1780.6s remaining=40
    iter=1961 E=-2.1788592351 nfev=1963 t=1781.6s remaining=39
    iter=1962 E=-2.1788593317 nfev=1964 t=1782.5s remaining=38
    iter=1963 E=-2.1788594218 nfev=1965 t=1783.5s remaining=37
    iter=1964 E=-2.1788595391 nfev=1966 t=1784.4s remaining=36
    iter=1965 E=-2.1788596689 nfev=1967 t=1785.3s remaining=35
    iter=1966 E=-2.1788598323 nfev=1968 t=1786.2s remaining=34
    iter=1967 E=-2.1788600714 nfev=1969 t=1787.0s remaining=33
    iter=1968 E=-2.1788603819 nfev=1970 t=1787.9s remaining=32
    iter=1969 E=-2.1788606855 nfev=1971 t=1788.8s remaining=31
    iter=1970 E=-2.1788610089 nfev=1972 t=1789.7s remaining=30
    iter=1971 E=-2.1788614231 nfev=1973 t=1790.6s remaining=29
    iter=1972 E=-2.1788618974 nfev=1974 t=1791.5s remaining=28
    iter=1973 E=-2.1788624314 nfev=1975 t=1792.4s remaining=27
    iter=1974 E=-2.1788631185 nfev=1976 t=1793.2s remaining=26
    iter=1975 E=-2.1788637272 nfev=1977 t=1794.0s remaining=25
    iter=1976 E=-2.1788643622 nfev=1978 t=1794.9s remaining=24
    iter=1977 E=-2.1788650788 nfev=1979 t=1795.8s remaining=23
    iter=1978 E=-2.1788656971 nfev=1980 t=1796.6s remaining=22
    iter=1979 E=-2.1788662233 nfev=1981 t=1797.5s remaining=21
    iter=1980 E=-2.1788666108 nfev=1982 t=1798.3s remaining=20
    iter=1981 E=-2.1788668614 nfev=1983 t=1799.2s remaining=19
    iter=1982 E=-2.1788670163 nfev=1984 t=1800.0s remaining=18
    iter=1983 E=-2.1788671734 nfev=1985 t=1800.9s remaining=17
    iter=1984 E=-2.1788672904 nfev=1986 t=1801.7s remaining=16
    iter=1985 E=-2.1788673793 nfev=1987 t=1802.6s remaining=15
    iter=1986 E=-2.1788674636 nfev=1988 t=1803.5s remaining=14
    iter=1987 E=-2.1788675512 nfev=1989 t=1804.4s remaining=13
    iter=1988 E=-2.1788676525 nfev=1990 t=1805.3s remaining=12
    iter=1989 E=-2.1788677588 nfev=1991 t=1806.1s remaining=11
    iter=1990 E=-2.1788678887 nfev=1992 t=1807.0s remaining=10
    iter=1991 E=-2.1788680559 nfev=1993 t=1807.9s remaining=9
    iter=1992 E=-2.1788682821 nfev=1994 t=1808.8s remaining=8
    iter=1993 E=-2.1788686035 nfev=1995 t=1809.7s remaining=7
    iter=1994 E=-2.1788689946 nfev=1996 t=1810.6s remaining=6
    iter=1995 E=-2.1788693476 nfev=1997 t=1811.4s remaining=5
    iter=1996 E=-2.1788697360 nfev=1998 t=1812.3s remaining=4
    iter=1997 E=-2.1788701356 nfev=1999 t=1813.1s remaining=3
    iter=1998 E=-2.1788705394 nfev=2000 t=1814.0s remaining=2
    iter=1999 E=-2.1788711151 nfev=2001 t=1814.9s remaining=1
    iter=2000 E=-2.1788719613 nfev=2002 t=1815.8s remaining=0
    iter=2000 E=-2.1788719613 nfev=2002 t=1815.8s remaining=0
    seed=0 E=-2.1788719613 dE=+1.538e-03 nit=2000 ok=False t=1815.8s
  r=0.88  L=7   npar=302   E=-2.1788719613  |E-FCI|=1.538e-03  FCI=no   chem=yes

=== summary (best seed per layer) ===
  bond   L ansatz                 npar              E     |E-FCI|  FCI? chem?
  0.88   7 (ECD+SNAP)^7 + ECD      302  -2.1788719613   1.538e-03    no   yes

wrote data/results/h4_hybrid_L7_nobs_r0088.json
