self-check ok (nfock=4, use_bs=False, worst FD rel err 0.00e+00)
per-iter log: data/results/h4_hybrid_L6_nobs_r0088_iters.jsonl
live snapshot: data/results/h4_hybrid_L6_nobs_r0088_live.json

=== build H4 JWT Hamiltonian at R=0.88 Å ===
=== r=0.88 Å equilibrium  FCI(pyscf)=-2.1804101685  eig=-2.1804101685  paper_fci=-2.18041017  paper_SNAP_D20=-2.1804101724879494 ===
-- r=0.88  (ECD+SNAP)^6 + ECD   npar=260 --
    iter=1 E=-0.0016725719 nfev=2 t=1.5s remaining=1999
    iter=2 E=-0.0980085866 nfev=3 t=2.2s remaining=1998
    iter=3 E=-0.2255898316 nfev=4 t=2.9s remaining=1997
    iter=4 E=-0.3913283972 nfev=5 t=3.6s remaining=1996
    iter=5 E=-0.4850177951 nfev=7 t=5.0s remaining=1995
    iter=6 E=-0.5543048781 nfev=8 t=5.7s remaining=1994
    iter=7 E=-0.6379551153 nfev=9 t=6.4s remaining=1993
    iter=8 E=-0.6605312251 nfev=10 t=7.1s remaining=1992
    iter=9 E=-0.6991227246 nfev=11 t=7.9s remaining=1991
    iter=10 E=-0.7623581997 nfev=12 t=8.6s remaining=1990
    iter=11 E=-0.8490876555 nfev=13 t=9.3s remaining=1989
    iter=12 E=-0.9171617780 nfev=14 t=10.0s remaining=1988
    iter=13 E=-0.9946940186 nfev=15 t=10.7s remaining=1987
    iter=14 E=-1.0658662294 nfev=16 t=11.4s remaining=1986
    iter=15 E=-1.1145572115 nfev=17 t=12.1s remaining=1985
    iter=16 E=-1.1817189779 nfev=18 t=12.9s remaining=1984
    iter=17 E=-1.2935317244 nfev=19 t=13.6s remaining=1983
    iter=18 E=-1.4340664359 nfev=20 t=14.3s remaining=1982
    iter=19 E=-1.5046351953 nfev=22 t=15.7s remaining=1981
    iter=20 E=-1.5654371431 nfev=23 t=16.4s remaining=1980
    iter=21 E=-1.6268882702 nfev=24 t=17.1s remaining=1979
    iter=22 E=-1.7017399618 nfev=25 t=17.8s remaining=1978
    iter=23 E=-1.7156161103 nfev=26 t=18.5s remaining=1977
    iter=24 E=-1.7400029591 nfev=27 t=19.2s remaining=1976
    iter=25 E=-1.7795710227 nfev=28 t=20.0s remaining=1975
    iter=26 E=-1.8407718446 nfev=29 t=20.7s remaining=1974
    iter=27 E=-1.8916260994 nfev=30 t=21.4s remaining=1973
    iter=28 E=-1.9145445156 nfev=31 t=22.1s remaining=1972
    iter=29 E=-1.9480824877 nfev=32 t=22.8s remaining=1971
    iter=30 E=-1.9850429362 nfev=33 t=23.5s remaining=1970
    iter=31 E=-1.9908358894 nfev=34 t=24.2s remaining=1969
    iter=32 E=-2.0014461816 nfev=35 t=24.9s remaining=1968
    iter=33 E=-2.0197785674 nfev=36 t=25.6s remaining=1967
    iter=34 E=-2.0482725030 nfev=37 t=26.3s remaining=1966
    iter=35 E=-2.0679574175 nfev=38 t=27.0s remaining=1965
    iter=36 E=-2.0865995782 nfev=39 t=27.7s remaining=1964
    iter=37 E=-2.0979125619 nfev=40 t=28.4s remaining=1963
    iter=38 E=-2.1113655728 nfev=41 t=29.1s remaining=1962
    iter=39 E=-2.1209528447 nfev=42 t=29.8s remaining=1961
    iter=40 E=-2.1293602893 nfev=43 t=30.5s remaining=1960
    iter=41 E=-2.1336472326 nfev=44 t=31.2s remaining=1959
    iter=42 E=-2.1390547806 nfev=45 t=31.9s remaining=1958
    iter=43 E=-2.1431357534 nfev=46 t=32.6s remaining=1957
    iter=44 E=-2.1447675196 nfev=47 t=33.4s remaining=1956
    iter=45 E=-2.1469540336 nfev=48 t=34.1s remaining=1955
    iter=46 E=-2.1484194196 nfev=49 t=34.8s remaining=1954
    iter=47 E=-2.1494177778 nfev=50 t=35.5s remaining=1953
    iter=48 E=-2.1498063464 nfev=51 t=36.3s remaining=1952
    iter=49 E=-2.1503081124 nfev=52 t=37.0s remaining=1951
    iter=50 E=-2.1504763472 nfev=53 t=37.7s remaining=1950
    iter=51 E=-2.1507363777 nfev=54 t=38.4s remaining=1949
    iter=52 E=-2.1509293840 nfev=55 t=39.1s remaining=1948
    iter=53 E=-2.1510472937 nfev=56 t=39.8s remaining=1947
    iter=54 E=-2.1511470957 nfev=57 t=40.5s remaining=1946
    iter=55 E=-2.1512187554 nfev=58 t=41.2s remaining=1945
    iter=56 E=-2.1512576145 nfev=59 t=41.8s remaining=1944
    iter=57 E=-2.1512908613 nfev=60 t=42.5s remaining=1943
    iter=58 E=-2.1513210585 nfev=61 t=43.2s remaining=1942
    iter=59 E=-2.1513534016 nfev=62 t=43.9s remaining=1941
    iter=60 E=-2.1513897041 nfev=63 t=44.6s remaining=1940
    iter=61 E=-2.1514455186 nfev=64 t=45.2s remaining=1939
    iter=62 E=-2.1515346050 nfev=65 t=45.9s remaining=1938
    iter=63 E=-2.1516748778 nfev=66 t=46.7s remaining=1937
    iter=64 E=-2.1518807780 nfev=67 t=47.5s remaining=1936
    iter=65 E=-2.1521354503 nfev=68 t=48.3s remaining=1935
    iter=66 E=-2.1524675589 nfev=69 t=49.0s remaining=1934
    iter=67 E=-2.1528563830 nfev=70 t=49.7s remaining=1933
    iter=68 E=-2.1531485292 nfev=71 t=50.4s remaining=1932
    iter=69 E=-2.1533129544 nfev=72 t=51.1s remaining=1931
    iter=70 E=-2.1535590119 nfev=73 t=51.9s remaining=1930
    iter=71 E=-2.1538376467 nfev=74 t=52.7s remaining=1929
    iter=72 E=-2.1539757775 nfev=75 t=53.3s remaining=1928
    iter=73 E=-2.1541067226 nfev=76 t=54.0s remaining=1927
    iter=74 E=-2.1542351565 nfev=77 t=54.7s remaining=1926
    iter=75 E=-2.1542902884 nfev=78 t=55.4s remaining=1925
    iter=76 E=-2.1543746905 nfev=79 t=56.1s remaining=1924
    iter=77 E=-2.1544784910 nfev=80 t=56.7s remaining=1923
    iter=78 E=-2.1545790601 nfev=81 t=57.4s remaining=1922
    iter=79 E=-2.1547224338 nfev=82 t=58.2s remaining=1921
    iter=80 E=-2.1548783996 nfev=83 t=58.8s remaining=1920
    iter=81 E=-2.1550263245 nfev=84 t=59.6s remaining=1919
    iter=82 E=-2.1551924271 nfev=85 t=60.3s remaining=1918
    iter=83 E=-2.1553329601 nfev=86 t=61.0s remaining=1917
    iter=84 E=-2.1554746315 nfev=87 t=61.7s remaining=1916
    iter=85 E=-2.1556328926 nfev=88 t=62.4s remaining=1915
    iter=86 E=-2.1558186141 nfev=89 t=63.1s remaining=1914
    iter=87 E=-2.1559762071 nfev=90 t=63.8s remaining=1913
    iter=88 E=-2.1561280088 nfev=91 t=64.5s remaining=1912
    iter=89 E=-2.1563282497 nfev=92 t=65.2s remaining=1911
    iter=90 E=-2.1564690332 nfev=93 t=65.8s remaining=1910
    iter=91 E=-2.1566297653 nfev=94 t=66.5s remaining=1909
    iter=92 E=-2.1568537532 nfev=95 t=67.2s remaining=1908
    iter=93 E=-2.1571793393 nfev=96 t=67.8s remaining=1907
    iter=94 E=-2.1574312066 nfev=97 t=68.5s remaining=1906
    iter=95 E=-2.1575952710 nfev=98 t=69.2s remaining=1905
    iter=96 E=-2.1577387792 nfev=99 t=69.9s remaining=1904
    iter=97 E=-2.1578884726 nfev=100 t=70.6s remaining=1903
    iter=98 E=-2.1580499983 nfev=101 t=71.3s remaining=1902
    iter=99 E=-2.1581992690 nfev=102 t=71.9s remaining=1901
    iter=100 E=-2.1583981395 nfev=103 t=72.6s remaining=1900
    iter=101 E=-2.1586622371 nfev=104 t=73.3s remaining=1899
    iter=102 E=-2.1589144170 nfev=105 t=74.0s remaining=1898
    iter=103 E=-2.1591663519 nfev=106 t=74.6s remaining=1897
    iter=104 E=-2.1594055091 nfev=107 t=75.3s remaining=1896
    iter=105 E=-2.1596023675 nfev=108 t=75.9s remaining=1895
    iter=106 E=-2.1597290299 nfev=109 t=76.6s remaining=1894
    iter=107 E=-2.1598608802 nfev=110 t=77.3s remaining=1893
    iter=108 E=-2.1600031516 nfev=111 t=78.0s remaining=1892
    iter=109 E=-2.1601017589 nfev=112 t=78.7s remaining=1891
    iter=110 E=-2.1601917077 nfev=113 t=79.4s remaining=1890
    iter=111 E=-2.1602828027 nfev=114 t=80.1s remaining=1889
    iter=112 E=-2.1603741608 nfev=115 t=80.8s remaining=1888
    iter=113 E=-2.1604628413 nfev=116 t=81.4s remaining=1887
    iter=114 E=-2.1605544480 nfev=117 t=82.1s remaining=1886
    iter=115 E=-2.1606556332 nfev=118 t=82.8s remaining=1885
    iter=116 E=-2.1607892646 nfev=119 t=83.4s remaining=1884
    iter=117 E=-2.1609517923 nfev=120 t=84.1s remaining=1883
    iter=118 E=-2.1611058521 nfev=121 t=84.8s remaining=1882
    iter=119 E=-2.1612891239 nfev=122 t=85.4s remaining=1881
    iter=120 E=-2.1615181523 nfev=123 t=86.1s remaining=1880
    iter=121 E=-2.1617346040 nfev=124 t=86.7s remaining=1879
    iter=122 E=-2.1618978551 nfev=125 t=87.4s remaining=1878
    iter=123 E=-2.1620600287 nfev=126 t=88.1s remaining=1877
    iter=124 E=-2.1622036607 nfev=127 t=88.8s remaining=1876
    iter=125 E=-2.1623386864 nfev=128 t=89.5s remaining=1875
    iter=126 E=-2.1624772846 nfev=129 t=90.1s remaining=1874
    iter=127 E=-2.1625915421 nfev=130 t=90.8s remaining=1873
    iter=128 E=-2.1626866068 nfev=131 t=91.5s remaining=1872
    iter=129 E=-2.1627756580 nfev=132 t=92.2s remaining=1871
    iter=130 E=-2.1628582168 nfev=133 t=92.8s remaining=1870
    iter=131 E=-2.1629373069 nfev=134 t=93.5s remaining=1869
    iter=132 E=-2.1630265323 nfev=135 t=94.1s remaining=1868
    iter=133 E=-2.1631331324 nfev=136 t=94.8s remaining=1867
    iter=134 E=-2.1632450925 nfev=137 t=95.5s remaining=1866
    iter=135 E=-2.1633573829 nfev=138 t=96.2s remaining=1865
    iter=136 E=-2.1634626289 nfev=139 t=96.8s remaining=1864
    iter=137 E=-2.1635643309 nfev=140 t=97.5s remaining=1863
    iter=138 E=-2.1636625885 nfev=141 t=98.1s remaining=1862
    iter=139 E=-2.1637583958 nfev=142 t=98.7s remaining=1861
    iter=140 E=-2.1638559329 nfev=143 t=99.4s remaining=1860
    iter=141 E=-2.1639583467 nfev=144 t=100.1s remaining=1859
    iter=142 E=-2.1640540300 nfev=145 t=100.7s remaining=1858
    iter=143 E=-2.1641396994 nfev=146 t=101.4s remaining=1857
    iter=144 E=-2.1642320762 nfev=147 t=102.1s remaining=1856
    iter=145 E=-2.1643219872 nfev=148 t=102.7s remaining=1855
    iter=146 E=-2.1643864459 nfev=149 t=103.4s remaining=1854
    iter=147 E=-2.1644522104 nfev=150 t=104.1s remaining=1853
    iter=148 E=-2.1645287348 nfev=151 t=104.8s remaining=1852
    iter=149 E=-2.1645981552 nfev=152 t=105.5s remaining=1851
    iter=150 E=-2.1646785937 nfev=153 t=106.1s remaining=1850
    iter=151 E=-2.1647594321 nfev=154 t=106.8s remaining=1849
    iter=152 E=-2.1648427676 nfev=155 t=107.5s remaining=1848
    iter=153 E=-2.1649337615 nfev=156 t=108.1s remaining=1847
    iter=154 E=-2.1650211439 nfev=157 t=108.8s remaining=1846
    iter=155 E=-2.1651072422 nfev=158 t=109.5s remaining=1845
    iter=156 E=-2.1651934309 nfev=159 t=110.1s remaining=1844
    iter=157 E=-2.1652818149 nfev=160 t=110.7s remaining=1843
    iter=158 E=-2.1653671989 nfev=161 t=111.4s remaining=1842
    iter=159 E=-2.1654398249 nfev=162 t=112.0s remaining=1841
    iter=160 E=-2.1654923595 nfev=163 t=112.7s remaining=1840
    iter=161 E=-2.1655524629 nfev=164 t=113.4s remaining=1839
    iter=162 E=-2.1656284692 nfev=165 t=114.0s remaining=1838
    iter=163 E=-2.1657276918 nfev=166 t=114.7s remaining=1837
    iter=164 E=-2.1658337712 nfev=167 t=115.4s remaining=1836
    iter=165 E=-2.1659551695 nfev=168 t=116.0s remaining=1835
    iter=166 E=-2.1660773632 nfev=169 t=116.7s remaining=1834
    iter=167 E=-2.1661931399 nfev=170 t=117.4s remaining=1833
    iter=168 E=-2.1662930115 nfev=171 t=118.1s remaining=1832
    iter=169 E=-2.1663750679 nfev=172 t=118.9s remaining=1831
    iter=170 E=-2.1664532461 nfev=173 t=119.5s remaining=1830
    iter=171 E=-2.1665220262 nfev=174 t=120.2s remaining=1829
    iter=172 E=-2.1665877255 nfev=175 t=120.8s remaining=1828
    iter=173 E=-2.1666562459 nfev=176 t=121.5s remaining=1827
    iter=174 E=-2.1667276825 nfev=177 t=122.2s remaining=1826
    iter=175 E=-2.1668061025 nfev=178 t=122.9s remaining=1825
    iter=176 E=-2.1668479876 nfev=179 t=123.5s remaining=1824
    iter=177 E=-2.1669031477 nfev=180 t=124.2s remaining=1823
    iter=178 E=-2.1669492032 nfev=181 t=124.9s remaining=1822
    iter=179 E=-2.1669862568 nfev=182 t=125.5s remaining=1821
    iter=180 E=-2.1670293904 nfev=183 t=126.2s remaining=1820
    iter=181 E=-2.1670863318 nfev=184 t=126.9s remaining=1819
    iter=182 E=-2.1671489695 nfev=185 t=127.6s remaining=1818
    iter=183 E=-2.1672200541 nfev=186 t=128.3s remaining=1817
    iter=184 E=-2.1672872621 nfev=187 t=129.0s remaining=1816
    iter=185 E=-2.1673449350 nfev=188 t=129.7s remaining=1815
    iter=186 E=-2.1673980991 nfev=189 t=130.4s remaining=1814
    iter=187 E=-2.1674520154 nfev=190 t=131.1s remaining=1813
    iter=188 E=-2.1675086262 nfev=191 t=131.7s remaining=1812
    iter=189 E=-2.1675846161 nfev=192 t=132.4s remaining=1811
    iter=190 E=-2.1676787953 nfev=193 t=133.1s remaining=1810
    iter=191 E=-2.1677406954 nfev=194 t=133.7s remaining=1809
    iter=192 E=-2.1678051054 nfev=195 t=134.4s remaining=1808
    iter=193 E=-2.1678607995 nfev=196 t=135.0s remaining=1807
    iter=194 E=-2.1679027840 nfev=197 t=135.7s remaining=1806
    iter=195 E=-2.1679391059 nfev=198 t=136.4s remaining=1805
    iter=196 E=-2.1679736273 nfev=199 t=137.0s remaining=1804
    iter=197 E=-2.1680071132 nfev=200 t=137.7s remaining=1803
    iter=198 E=-2.1680424725 nfev=201 t=138.4s remaining=1802
    iter=199 E=-2.1680799605 nfev=202 t=139.1s remaining=1801
    iter=200 E=-2.1681179768 nfev=203 t=139.8s remaining=1800
    iter=201 E=-2.1681576799 nfev=204 t=140.5s remaining=1799
    iter=202 E=-2.1682022720 nfev=205 t=141.1s remaining=1798
    iter=203 E=-2.1682465759 nfev=206 t=141.8s remaining=1797
    iter=204 E=-2.1682936941 nfev=207 t=142.4s remaining=1796
    iter=205 E=-2.1683419356 nfev=208 t=143.1s remaining=1795
    iter=206 E=-2.1683935588 nfev=209 t=143.8s remaining=1794
    iter=207 E=-2.1684403867 nfev=210 t=144.4s remaining=1793
    iter=208 E=-2.1684861505 nfev=211 t=145.1s remaining=1792
    iter=209 E=-2.1685283201 nfev=212 t=145.7s remaining=1791
    iter=210 E=-2.1685635663 nfev=213 t=146.4s remaining=1790
    iter=211 E=-2.1686117882 nfev=214 t=147.1s remaining=1789
    iter=212 E=-2.1686745070 nfev=215 t=147.8s remaining=1788
    iter=213 E=-2.1687056398 nfev=216 t=148.5s remaining=1787
    iter=214 E=-2.1687362392 nfev=217 t=149.1s remaining=1786
    iter=215 E=-2.1687690394 nfev=218 t=149.8s remaining=1785
    iter=216 E=-2.1688022170 nfev=219 t=150.5s remaining=1784
    iter=217 E=-2.1688291871 nfev=220 t=151.2s remaining=1783
    iter=218 E=-2.1688490981 nfev=221 t=151.9s remaining=1782
    iter=219 E=-2.1688667889 nfev=222 t=152.5s remaining=1781
    iter=220 E=-2.1688870053 nfev=223 t=153.2s remaining=1780
    iter=221 E=-2.1689120223 nfev=224 t=153.9s remaining=1779
    iter=222 E=-2.1689380659 nfev=225 t=154.6s remaining=1778
    iter=223 E=-2.1689685474 nfev=226 t=155.3s remaining=1777
    iter=224 E=-2.1689980053 nfev=227 t=155.9s remaining=1776
    iter=225 E=-2.1690252488 nfev=228 t=156.6s remaining=1775
    iter=226 E=-2.1690544333 nfev=229 t=157.3s remaining=1774
    iter=227 E=-2.1690841634 nfev=230 t=158.0s remaining=1773
    iter=228 E=-2.1691113300 nfev=231 t=158.7s remaining=1772
    iter=229 E=-2.1691410636 nfev=232 t=159.4s remaining=1771
    iter=230 E=-2.1691745031 nfev=233 t=160.1s remaining=1770
    iter=231 E=-2.1692067446 nfev=234 t=160.8s remaining=1769
    iter=232 E=-2.1692322785 nfev=235 t=161.5s remaining=1768
    iter=233 E=-2.1692556148 nfev=236 t=162.1s remaining=1767
    iter=234 E=-2.1692825010 nfev=237 t=162.8s remaining=1766
    iter=235 E=-2.1693149188 nfev=238 t=163.5s remaining=1765
    iter=236 E=-2.1693358519 nfev=239 t=164.1s remaining=1764
    iter=237 E=-2.1693571565 nfev=240 t=164.8s remaining=1763
    iter=238 E=-2.1693795867 nfev=241 t=165.5s remaining=1762
    iter=239 E=-2.1694049271 nfev=242 t=166.2s remaining=1761
    iter=240 E=-2.1694300184 nfev=243 t=166.8s remaining=1760
    iter=241 E=-2.1694519299 nfev=244 t=167.5s remaining=1759
    iter=242 E=-2.1694696726 nfev=245 t=168.2s remaining=1758
    iter=243 E=-2.1694880153 nfev=246 t=168.9s remaining=1757
    iter=244 E=-2.1695097116 nfev=247 t=169.6s remaining=1756
    iter=245 E=-2.1695361702 nfev=248 t=170.3s remaining=1755
    iter=246 E=-2.1695701861 nfev=249 t=171.0s remaining=1754
    iter=247 E=-2.1696166859 nfev=250 t=171.6s remaining=1753
    iter=248 E=-2.1696675905 nfev=251 t=172.3s remaining=1752
    iter=249 E=-2.1697168264 nfev=252 t=173.0s remaining=1751
    iter=250 E=-2.1697654861 nfev=253 t=173.9s remaining=1750
    iter=251 E=-2.1698109945 nfev=254 t=174.6s remaining=1749
    iter=252 E=-2.1698608617 nfev=255 t=175.2s remaining=1748
    iter=253 E=-2.1698979237 nfev=256 t=176.0s remaining=1747
    iter=254 E=-2.1699423382 nfev=257 t=176.7s remaining=1746
    iter=255 E=-2.1699714318 nfev=258 t=177.4s remaining=1745
    iter=256 E=-2.1699999627 nfev=259 t=178.1s remaining=1744
    iter=257 E=-2.1700303032 nfev=260 t=178.8s remaining=1743
    iter=258 E=-2.1700632473 nfev=261 t=179.5s remaining=1742
    iter=259 E=-2.1700912742 nfev=262 t=180.2s remaining=1741
    iter=260 E=-2.1701145824 nfev=263 t=180.9s remaining=1740
    iter=261 E=-2.1701422328 nfev=264 t=181.6s remaining=1739
    iter=262 E=-2.1701788077 nfev=265 t=182.3s remaining=1738
    iter=263 E=-2.1702119195 nfev=266 t=183.0s remaining=1737
    iter=264 E=-2.1702595773 nfev=267 t=183.7s remaining=1736
    iter=265 E=-2.1703181449 nfev=268 t=184.4s remaining=1735
    iter=266 E=-2.1703711581 nfev=269 t=185.1s remaining=1734
    iter=267 E=-2.1704154332 nfev=270 t=185.8s remaining=1733
    iter=268 E=-2.1704512010 nfev=271 t=186.5s remaining=1732
    iter=269 E=-2.1704808050 nfev=272 t=187.1s remaining=1731
    iter=270 E=-2.1705084254 nfev=273 t=187.8s remaining=1730
    iter=271 E=-2.1705317441 nfev=274 t=188.5s remaining=1729
    iter=272 E=-2.1705544047 nfev=275 t=189.2s remaining=1728
    iter=273 E=-2.1705781674 nfev=276 t=189.9s remaining=1727
    iter=274 E=-2.1706064538 nfev=277 t=190.6s remaining=1726
    iter=275 E=-2.1706308031 nfev=278 t=191.3s remaining=1725
    iter=276 E=-2.1706583936 nfev=279 t=192.0s remaining=1724
    iter=277 E=-2.1706866435 nfev=280 t=192.7s remaining=1723
    iter=278 E=-2.1707094805 nfev=281 t=193.4s remaining=1722
    iter=279 E=-2.1707394937 nfev=282 t=194.1s remaining=1721
    iter=280 E=-2.1707729791 nfev=283 t=194.8s remaining=1720
    iter=281 E=-2.1708040795 nfev=284 t=195.5s remaining=1719
    iter=282 E=-2.1708342360 nfev=285 t=196.2s remaining=1718
    iter=283 E=-2.1708643691 nfev=286 t=196.9s remaining=1717
    iter=284 E=-2.1708939168 nfev=287 t=197.6s remaining=1716
    iter=285 E=-2.1709229661 nfev=288 t=198.3s remaining=1715
    iter=286 E=-2.1709497464 nfev=289 t=199.0s remaining=1714
    iter=287 E=-2.1709700661 nfev=290 t=199.7s remaining=1713
    iter=288 E=-2.1709864972 nfev=291 t=200.4s remaining=1712
    iter=289 E=-2.1710008886 nfev=292 t=201.1s remaining=1711
    iter=290 E=-2.1710160469 nfev=293 t=201.8s remaining=1710
    iter=291 E=-2.1710283484 nfev=294 t=202.5s remaining=1709
    iter=292 E=-2.1710430374 nfev=295 t=203.2s remaining=1708
    iter=293 E=-2.1710574835 nfev=296 t=203.8s remaining=1707
    iter=294 E=-2.1710705212 nfev=297 t=204.5s remaining=1706
    iter=295 E=-2.1710865520 nfev=298 t=205.3s remaining=1705
    iter=296 E=-2.1711025601 nfev=299 t=206.0s remaining=1704
    iter=297 E=-2.1711203970 nfev=300 t=206.6s remaining=1703
    iter=298 E=-2.1711454834 nfev=301 t=207.3s remaining=1702
    iter=299 E=-2.1711742214 nfev=302 t=208.0s remaining=1701
    iter=300 E=-2.1712079508 nfev=303 t=208.7s remaining=1700
    iter=301 E=-2.1712369332 nfev=304 t=209.4s remaining=1699
    iter=302 E=-2.1712590795 nfev=305 t=210.1s remaining=1698
    iter=303 E=-2.1712745159 nfev=306 t=210.8s remaining=1697
    iter=304 E=-2.1712881893 nfev=307 t=211.5s remaining=1696
    iter=305 E=-2.1713041006 nfev=308 t=212.2s remaining=1695
    iter=306 E=-2.1713234536 nfev=309 t=212.9s remaining=1694
    iter=307 E=-2.1713446414 nfev=310 t=213.6s remaining=1693
    iter=308 E=-2.1713672537 nfev=311 t=214.3s remaining=1692
    iter=309 E=-2.1713905596 nfev=312 t=215.0s remaining=1691
    iter=310 E=-2.1714126677 nfev=313 t=215.7s remaining=1690
    iter=311 E=-2.1714358201 nfev=314 t=216.4s remaining=1689
    iter=312 E=-2.1714572654 nfev=315 t=217.1s remaining=1688
    iter=313 E=-2.1714765040 nfev=316 t=217.8s remaining=1687
    iter=314 E=-2.1714937952 nfev=317 t=218.5s remaining=1686
    iter=315 E=-2.1715105433 nfev=318 t=219.2s remaining=1685
    iter=316 E=-2.1715250699 nfev=319 t=219.9s remaining=1684
    iter=317 E=-2.1715397171 nfev=320 t=220.5s remaining=1683
    iter=318 E=-2.1715562359 nfev=321 t=221.2s remaining=1682
    iter=319 E=-2.1715780815 nfev=322 t=221.9s remaining=1681
    iter=320 E=-2.1715969717 nfev=323 t=222.6s remaining=1680
    iter=321 E=-2.1716161944 nfev=324 t=223.3s remaining=1679
    iter=322 E=-2.1716311171 nfev=325 t=224.0s remaining=1678
    iter=323 E=-2.1716424272 nfev=326 t=224.7s remaining=1677
    iter=324 E=-2.1716524136 nfev=327 t=225.4s remaining=1676
    iter=325 E=-2.1716626084 nfev=328 t=226.1s remaining=1675
    iter=326 E=-2.1716764641 nfev=329 t=226.8s remaining=1674
    iter=327 E=-2.1716919345 nfev=330 t=227.5s remaining=1673
    iter=328 E=-2.1717140939 nfev=331 t=228.2s remaining=1672
    iter=329 E=-2.1717390424 nfev=332 t=228.9s remaining=1671
    iter=330 E=-2.1717613966 nfev=333 t=229.6s remaining=1670
    iter=331 E=-2.1717797504 nfev=334 t=230.3s remaining=1669
    iter=332 E=-2.1717988696 nfev=335 t=231.0s remaining=1668
    iter=333 E=-2.1718197012 nfev=336 t=231.7s remaining=1667
    iter=334 E=-2.1718453339 nfev=337 t=232.4s remaining=1666
    iter=335 E=-2.1718684094 nfev=338 t=233.1s remaining=1665
    iter=336 E=-2.1719021305 nfev=339 t=233.8s remaining=1664
    iter=337 E=-2.1719375528 nfev=340 t=234.5s remaining=1663
    iter=338 E=-2.1719659258 nfev=341 t=235.2s remaining=1662
    iter=339 E=-2.1719902086 nfev=342 t=235.9s remaining=1661
    iter=340 E=-2.1720102821 nfev=343 t=236.5s remaining=1660
    iter=341 E=-2.1720261120 nfev=344 t=237.2s remaining=1659
    iter=342 E=-2.1720397614 nfev=345 t=237.8s remaining=1658
    iter=343 E=-2.1720533468 nfev=346 t=238.5s remaining=1657
    iter=344 E=-2.1720677959 nfev=347 t=239.2s remaining=1656
    iter=345 E=-2.1720798704 nfev=348 t=240.0s remaining=1655
    iter=346 E=-2.1720924877 nfev=349 t=240.8s remaining=1654
    iter=347 E=-2.1721046530 nfev=350 t=241.5s remaining=1653
    iter=348 E=-2.1721192884 nfev=351 t=242.2s remaining=1652
    iter=349 E=-2.1721378953 nfev=352 t=242.9s remaining=1651
    iter=350 E=-2.1721604314 nfev=353 t=243.5s remaining=1650
    iter=351 E=-2.1721811401 nfev=354 t=244.2s remaining=1649
    iter=352 E=-2.1722020075 nfev=355 t=244.9s remaining=1648
    iter=353 E=-2.1722175941 nfev=356 t=245.6s remaining=1647
    iter=354 E=-2.1722296928 nfev=357 t=246.4s remaining=1646
    iter=355 E=-2.1722441168 nfev=358 t=247.0s remaining=1645
    iter=356 E=-2.1722647072 nfev=359 t=247.7s remaining=1644
    iter=357 E=-2.1722828853 nfev=360 t=248.3s remaining=1643
    iter=358 E=-2.1722973785 nfev=361 t=249.0s remaining=1642
    iter=359 E=-2.1723125712 nfev=362 t=249.7s remaining=1641
    iter=360 E=-2.1723293584 nfev=363 t=250.4s remaining=1640
    iter=361 E=-2.1723441713 nfev=364 t=251.1s remaining=1639
    iter=362 E=-2.1723623385 nfev=365 t=251.7s remaining=1638
    iter=363 E=-2.1723794799 nfev=366 t=252.4s remaining=1637
    iter=364 E=-2.1723945820 nfev=367 t=253.1s remaining=1636
    iter=365 E=-2.1724097889 nfev=368 t=253.8s remaining=1635
    iter=366 E=-2.1724288439 nfev=369 t=254.4s remaining=1634
    iter=367 E=-2.1724519463 nfev=370 t=255.1s remaining=1633
    iter=368 E=-2.1724768417 nfev=371 t=255.7s remaining=1632
    iter=369 E=-2.1724999147 nfev=372 t=256.4s remaining=1631
    iter=370 E=-2.1725204030 nfev=373 t=257.1s remaining=1630
    iter=371 E=-2.1725326781 nfev=374 t=257.8s remaining=1629
    iter=372 E=-2.1725491427 nfev=375 t=258.5s remaining=1628
    iter=373 E=-2.1725678226 nfev=376 t=259.2s remaining=1627
    iter=374 E=-2.1725898418 nfev=377 t=259.8s remaining=1626
    iter=375 E=-2.1726111829 nfev=378 t=260.6s remaining=1625
    iter=376 E=-2.1726303667 nfev=379 t=261.3s remaining=1624
    iter=377 E=-2.1726493013 nfev=380 t=261.9s remaining=1623
    iter=378 E=-2.1726690909 nfev=381 t=262.6s remaining=1622
    iter=379 E=-2.1726907099 nfev=382 t=263.3s remaining=1621
    iter=380 E=-2.1727150216 nfev=383 t=263.9s remaining=1620
    iter=381 E=-2.1727403699 nfev=384 t=264.6s remaining=1619
    iter=382 E=-2.1727676663 nfev=385 t=265.3s remaining=1618
    iter=383 E=-2.1727970292 nfev=386 t=265.9s remaining=1617
    iter=384 E=-2.1728196246 nfev=387 t=266.6s remaining=1616
    iter=385 E=-2.1728394967 nfev=388 t=267.3s remaining=1615
    iter=386 E=-2.1728614590 nfev=389 t=268.0s remaining=1614
    iter=387 E=-2.1728848058 nfev=390 t=268.6s remaining=1613
    iter=388 E=-2.1729083564 nfev=391 t=269.3s remaining=1612
    iter=389 E=-2.1729259041 nfev=392 t=270.0s remaining=1611
    iter=390 E=-2.1729433431 nfev=393 t=270.6s remaining=1610
    iter=391 E=-2.1729632393 nfev=394 t=271.4s remaining=1609
    iter=392 E=-2.1729888418 nfev=395 t=272.0s remaining=1608
    iter=393 E=-2.1730241958 nfev=396 t=272.7s remaining=1607
    iter=394 E=-2.1730650471 nfev=397 t=273.4s remaining=1606
    iter=395 E=-2.1730935862 nfev=398 t=274.0s remaining=1605
    iter=396 E=-2.1731133215 nfev=399 t=274.7s remaining=1604
    iter=397 E=-2.1731284118 nfev=400 t=275.4s remaining=1603
    iter=398 E=-2.1731437597 nfev=401 t=276.0s remaining=1602
    iter=399 E=-2.1731605257 nfev=402 t=276.7s remaining=1601
    iter=400 E=-2.1731813245 nfev=403 t=277.4s remaining=1600
    iter=401 E=-2.1732037042 nfev=404 t=278.0s remaining=1599
    iter=402 E=-2.1732282284 nfev=405 t=278.7s remaining=1598
    iter=403 E=-2.1732539189 nfev=406 t=279.4s remaining=1597
    iter=404 E=-2.1732812975 nfev=407 t=280.1s remaining=1596
    iter=405 E=-2.1733085891 nfev=408 t=280.8s remaining=1595
    iter=406 E=-2.1733326142 nfev=409 t=281.4s remaining=1594
    iter=407 E=-2.1733530810 nfev=410 t=282.1s remaining=1593
    iter=408 E=-2.1733706473 nfev=411 t=282.8s remaining=1592
    iter=409 E=-2.1733908209 nfev=412 t=283.5s remaining=1591
    iter=410 E=-2.1734151407 nfev=413 t=284.1s remaining=1590
    iter=411 E=-2.1734328910 nfev=414 t=284.8s remaining=1589
    iter=412 E=-2.1734493184 nfev=415 t=285.5s remaining=1588
    iter=413 E=-2.1734668823 nfev=416 t=286.1s remaining=1587
    iter=414 E=-2.1734854620 nfev=417 t=286.8s remaining=1586
    iter=415 E=-2.1735016651 nfev=418 t=287.5s remaining=1585
    iter=416 E=-2.1735243147 nfev=419 t=288.2s remaining=1584
    iter=417 E=-2.1735456115 nfev=420 t=288.9s remaining=1583
    iter=418 E=-2.1735694466 nfev=421 t=289.6s remaining=1582
    iter=419 E=-2.1736004893 nfev=422 t=290.3s remaining=1581
    iter=420 E=-2.1736348956 nfev=423 t=290.9s remaining=1580
    iter=421 E=-2.1736493274 nfev=424 t=291.6s remaining=1579
    iter=422 E=-2.1736602855 nfev=425 t=292.3s remaining=1578
    iter=423 E=-2.1736703987 nfev=426 t=293.0s remaining=1577
    iter=424 E=-2.1736786136 nfev=427 t=293.7s remaining=1576
    iter=425 E=-2.1736906908 nfev=428 t=294.4s remaining=1575
    iter=426 E=-2.1737060075 nfev=429 t=295.1s remaining=1574
    iter=427 E=-2.1737227310 nfev=430 t=296.0s remaining=1573
    iter=428 E=-2.1737427423 nfev=431 t=296.7s remaining=1572
    iter=429 E=-2.1737672812 nfev=432 t=297.4s remaining=1571
    iter=430 E=-2.1737824531 nfev=433 t=298.1s remaining=1570
    iter=431 E=-2.1737992254 nfev=434 t=298.8s remaining=1569
    iter=432 E=-2.1738214975 nfev=435 t=299.6s remaining=1568
    iter=433 E=-2.1738411721 nfev=436 t=300.3s remaining=1567
    iter=434 E=-2.1738581540 nfev=437 t=301.0s remaining=1566
    iter=435 E=-2.1738763016 nfev=438 t=301.7s remaining=1565
    iter=436 E=-2.1738900515 nfev=439 t=302.4s remaining=1564
    iter=437 E=-2.1739029275 nfev=440 t=303.1s remaining=1563
    iter=438 E=-2.1739184189 nfev=441 t=303.8s remaining=1562
    iter=439 E=-2.1739348272 nfev=442 t=304.5s remaining=1561
    iter=440 E=-2.1739474213 nfev=443 t=305.2s remaining=1560
    iter=441 E=-2.1739596896 nfev=444 t=305.9s remaining=1559
    iter=442 E=-2.1739708415 nfev=445 t=306.6s remaining=1558
    iter=443 E=-2.1739816407 nfev=446 t=307.2s remaining=1557
    iter=444 E=-2.1739919154 nfev=447 t=307.9s remaining=1556
    iter=445 E=-2.1740035802 nfev=448 t=308.6s remaining=1555
    iter=446 E=-2.1740176966 nfev=449 t=309.3s remaining=1554
    iter=447 E=-2.1740345840 nfev=450 t=310.0s remaining=1553
    iter=448 E=-2.1740527154 nfev=451 t=310.6s remaining=1552
    iter=449 E=-2.1740666057 nfev=452 t=311.3s remaining=1551
    iter=450 E=-2.1740774722 nfev=453 t=312.0s remaining=1550
    iter=451 E=-2.1740885350 nfev=454 t=312.7s remaining=1549
    iter=452 E=-2.1741013358 nfev=455 t=313.3s remaining=1548
    iter=453 E=-2.1741123185 nfev=456 t=314.0s remaining=1547
    iter=454 E=-2.1741236041 nfev=457 t=314.7s remaining=1546
    iter=455 E=-2.1741347635 nfev=458 t=315.4s remaining=1545
    iter=456 E=-2.1741456133 nfev=459 t=316.0s remaining=1544
    iter=457 E=-2.1741597067 nfev=460 t=316.7s remaining=1543
    iter=458 E=-2.1741739320 nfev=461 t=317.4s remaining=1542
    iter=459 E=-2.1741847829 nfev=462 t=318.1s remaining=1541
    iter=460 E=-2.1741946902 nfev=463 t=318.8s remaining=1540
    iter=461 E=-2.1742051005 nfev=464 t=319.5s remaining=1539
    iter=462 E=-2.1742142313 nfev=465 t=320.1s remaining=1538
    iter=463 E=-2.1742224932 nfev=466 t=320.8s remaining=1537
    iter=464 E=-2.1742299342 nfev=467 t=321.5s remaining=1536
    iter=465 E=-2.1742374669 nfev=468 t=322.2s remaining=1535
    iter=466 E=-2.1742465085 nfev=469 t=322.8s remaining=1534
    iter=467 E=-2.1742553458 nfev=470 t=323.5s remaining=1533
    iter=468 E=-2.1742634660 nfev=471 t=324.2s remaining=1532
    iter=469 E=-2.1742715244 nfev=472 t=324.8s remaining=1531
    iter=470 E=-2.1742798683 nfev=473 t=325.5s remaining=1530
    iter=471 E=-2.1742889618 nfev=474 t=326.2s remaining=1529
    iter=472 E=-2.1742994056 nfev=475 t=326.8s remaining=1528
    iter=473 E=-2.1743086731 nfev=476 t=327.5s remaining=1527
    iter=474 E=-2.1743170961 nfev=477 t=328.2s remaining=1526
    iter=475 E=-2.1743258282 nfev=478 t=328.9s remaining=1525
    iter=476 E=-2.1743349860 nfev=479 t=329.6s remaining=1524
    iter=477 E=-2.1743443504 nfev=480 t=330.2s remaining=1523
    iter=478 E=-2.1743538201 nfev=481 t=330.9s remaining=1522
    iter=479 E=-2.1743629490 nfev=482 t=331.6s remaining=1521
    iter=480 E=-2.1743720092 nfev=483 t=332.2s remaining=1520
    iter=481 E=-2.1743806244 nfev=484 t=332.9s remaining=1519
    iter=482 E=-2.1743891919 nfev=485 t=333.5s remaining=1518
    iter=483 E=-2.1743975566 nfev=486 t=334.2s remaining=1517
    iter=484 E=-2.1744058524 nfev=487 t=334.8s remaining=1516
    iter=485 E=-2.1744145128 nfev=488 t=335.5s remaining=1515
    iter=486 E=-2.1744220842 nfev=489 t=336.2s remaining=1514
    iter=487 E=-2.1744299411 nfev=490 t=336.8s remaining=1513
    iter=488 E=-2.1744391550 nfev=491 t=337.6s remaining=1512
    iter=489 E=-2.1744493431 nfev=492 t=338.3s remaining=1511
    iter=490 E=-2.1744608023 nfev=493 t=338.9s remaining=1510
    iter=491 E=-2.1744761651 nfev=494 t=339.6s remaining=1509
    iter=492 E=-2.1744921638 nfev=495 t=340.3s remaining=1508
    iter=493 E=-2.1745081172 nfev=496 t=341.0s remaining=1507
    iter=494 E=-2.1745241849 nfev=497 t=341.7s remaining=1506
    iter=495 E=-2.1745410595 nfev=498 t=342.3s remaining=1505
    iter=496 E=-2.1745537345 nfev=499 t=343.0s remaining=1504
    iter=497 E=-2.1745625716 nfev=500 t=343.6s remaining=1503
    iter=498 E=-2.1745686380 nfev=501 t=344.3s remaining=1502
    iter=499 E=-2.1745749079 nfev=502 t=345.1s remaining=1501
    iter=500 E=-2.1745836911 nfev=503 t=345.8s remaining=1500
    iter=501 E=-2.1745951971 nfev=504 t=346.5s remaining=1499
    iter=502 E=-2.1746057054 nfev=505 t=347.2s remaining=1498
    iter=503 E=-2.1746182995 nfev=506 t=348.0s remaining=1497
    iter=504 E=-2.1746363301 nfev=507 t=348.7s remaining=1496
    iter=505 E=-2.1746555170 nfev=508 t=349.4s remaining=1495
    iter=506 E=-2.1746693192 nfev=509 t=350.1s remaining=1494
    iter=507 E=-2.1746805608 nfev=510 t=350.8s remaining=1493
    iter=508 E=-2.1746896103 nfev=511 t=351.5s remaining=1492
    iter=509 E=-2.1746974518 nfev=512 t=352.2s remaining=1491
    iter=510 E=-2.1747062422 nfev=513 t=352.9s remaining=1490
    iter=511 E=-2.1747159621 nfev=514 t=353.6s remaining=1489
    iter=512 E=-2.1747255031 nfev=515 t=354.3s remaining=1488
    iter=513 E=-2.1747367445 nfev=516 t=355.0s remaining=1487
    iter=514 E=-2.1747471522 nfev=517 t=355.7s remaining=1486
    iter=515 E=-2.1747561742 nfev=518 t=356.3s remaining=1485
    iter=516 E=-2.1747642153 nfev=519 t=357.0s remaining=1484
    iter=517 E=-2.1747709778 nfev=520 t=357.7s remaining=1483
    iter=518 E=-2.1747768611 nfev=521 t=358.3s remaining=1482
    iter=519 E=-2.1747811753 nfev=522 t=359.0s remaining=1481
    iter=520 E=-2.1747856920 nfev=523 t=359.7s remaining=1480
    iter=521 E=-2.1747905934 nfev=524 t=360.4s remaining=1479
    iter=522 E=-2.1747974218 nfev=525 t=361.0s remaining=1478
    iter=523 E=-2.1748035439 nfev=526 t=361.7s remaining=1477
    iter=524 E=-2.1748095718 nfev=527 t=362.4s remaining=1476
    iter=525 E=-2.1748158571 nfev=528 t=363.1s remaining=1475
    iter=526 E=-2.1748224401 nfev=529 t=363.8s remaining=1474
    iter=527 E=-2.1748280656 nfev=530 t=364.4s remaining=1473
    iter=528 E=-2.1748321772 nfev=531 t=365.1s remaining=1472
    iter=529 E=-2.1748361955 nfev=532 t=365.8s remaining=1471
    iter=530 E=-2.1748410634 nfev=533 t=366.5s remaining=1470
    iter=531 E=-2.1748460450 nfev=534 t=367.2s remaining=1469
    iter=532 E=-2.1748502075 nfev=535 t=367.8s remaining=1468
    iter=533 E=-2.1748536183 nfev=536 t=368.5s remaining=1467
    iter=534 E=-2.1748566864 nfev=537 t=369.2s remaining=1466
    iter=535 E=-2.1748602966 nfev=538 t=370.0s remaining=1465
    iter=536 E=-2.1748647771 nfev=539 t=370.7s remaining=1464
    iter=537 E=-2.1748695603 nfev=540 t=371.4s remaining=1463
    iter=538 E=-2.1748754822 nfev=541 t=372.2s remaining=1462
    iter=539 E=-2.1748819159 nfev=542 t=372.9s remaining=1461
    iter=540 E=-2.1748874412 nfev=543 t=373.5s remaining=1460
    iter=541 E=-2.1748927060 nfev=544 t=374.2s remaining=1459
    iter=542 E=-2.1748984865 nfev=545 t=374.9s remaining=1458
    iter=543 E=-2.1749046185 nfev=546 t=375.5s remaining=1457
    iter=544 E=-2.1749106047 nfev=547 t=376.2s remaining=1456
    iter=545 E=-2.1749156807 nfev=548 t=376.9s remaining=1455
    iter=546 E=-2.1749197693 nfev=549 t=377.5s remaining=1454
    iter=547 E=-2.1749241211 nfev=550 t=378.2s remaining=1453
    iter=548 E=-2.1749292385 nfev=551 t=378.8s remaining=1452
    iter=549 E=-2.1749343154 nfev=552 t=379.5s remaining=1451
    iter=550 E=-2.1749387732 nfev=553 t=380.1s remaining=1450
    iter=551 E=-2.1749428519 nfev=554 t=380.8s remaining=1449
    iter=552 E=-2.1749476126 nfev=555 t=381.5s remaining=1448
    iter=553 E=-2.1749535759 nfev=556 t=382.1s remaining=1447
    iter=554 E=-2.1749603926 nfev=557 t=382.8s remaining=1446
    iter=555 E=-2.1749669680 nfev=558 t=383.5s remaining=1445
    iter=556 E=-2.1749723723 nfev=559 t=384.1s remaining=1444
    iter=557 E=-2.1749764160 nfev=560 t=384.8s remaining=1443
    iter=558 E=-2.1749794287 nfev=561 t=385.5s remaining=1442
    iter=559 E=-2.1749821014 nfev=562 t=386.1s remaining=1441
    iter=560 E=-2.1749850812 nfev=563 t=386.8s remaining=1440
    iter=561 E=-2.1749882670 nfev=564 t=387.5s remaining=1439
    iter=562 E=-2.1749921238 nfev=565 t=388.2s remaining=1438
    iter=563 E=-2.1749966972 nfev=566 t=388.8s remaining=1437
    iter=564 E=-2.1750017742 nfev=567 t=389.5s remaining=1436
    iter=565 E=-2.1750071089 nfev=568 t=390.1s remaining=1435
    iter=566 E=-2.1750129017 nfev=569 t=390.8s remaining=1434
    iter=567 E=-2.1750188925 nfev=570 t=391.5s remaining=1433
    iter=568 E=-2.1750247685 nfev=571 t=392.1s remaining=1432
    iter=569 E=-2.1750304121 nfev=572 t=392.8s remaining=1431
    iter=570 E=-2.1750350814 nfev=573 t=393.6s remaining=1430
    iter=571 E=-2.1750384345 nfev=574 t=394.2s remaining=1429
    iter=572 E=-2.1750415629 nfev=575 t=394.9s remaining=1428
    iter=573 E=-2.1750444586 nfev=576 t=395.6s remaining=1427
    iter=574 E=-2.1750470487 nfev=577 t=396.2s remaining=1426
    iter=575 E=-2.1750507731 nfev=578 t=396.9s remaining=1425
    iter=576 E=-2.1750553345 nfev=579 t=397.6s remaining=1424
    iter=577 E=-2.1750613126 nfev=580 t=398.4s remaining=1423
    iter=578 E=-2.1750688170 nfev=581 t=399.1s remaining=1422
    iter=579 E=-2.1750764786 nfev=582 t=399.8s remaining=1421
    iter=580 E=-2.1750824188 nfev=583 t=400.6s remaining=1420
    iter=581 E=-2.1750874126 nfev=584 t=401.2s remaining=1419
    iter=582 E=-2.1750925050 nfev=585 t=401.9s remaining=1418
    iter=583 E=-2.1750980551 nfev=586 t=402.6s remaining=1417
    iter=584 E=-2.1751028295 nfev=587 t=403.3s remaining=1416
    iter=585 E=-2.1751065666 nfev=588 t=404.0s remaining=1415
    iter=586 E=-2.1751099350 nfev=589 t=404.7s remaining=1414
    iter=587 E=-2.1751133988 nfev=590 t=405.4s remaining=1413
    iter=588 E=-2.1751165717 nfev=591 t=406.1s remaining=1412
    iter=589 E=-2.1751206415 nfev=592 t=406.8s remaining=1411
    iter=590 E=-2.1751268267 nfev=593 t=407.4s remaining=1410
    iter=591 E=-2.1751346894 nfev=594 t=408.2s remaining=1409
    iter=592 E=-2.1751422107 nfev=595 t=408.9s remaining=1408
    iter=593 E=-2.1751508727 nfev=596 t=409.6s remaining=1407
    iter=594 E=-2.1751615280 nfev=597 t=410.4s remaining=1406
    iter=595 E=-2.1751707012 nfev=598 t=411.1s remaining=1405
    iter=596 E=-2.1751778619 nfev=599 t=411.8s remaining=1404
    iter=597 E=-2.1751864391 nfev=600 t=412.5s remaining=1403
    iter=598 E=-2.1751906935 nfev=601 t=413.2s remaining=1402
    iter=599 E=-2.1751952671 nfev=602 t=413.9s remaining=1401
    iter=600 E=-2.1752004955 nfev=603 t=414.6s remaining=1400
    iter=601 E=-2.1752057518 nfev=604 t=415.2s remaining=1399
    iter=602 E=-2.1752112103 nfev=605 t=415.9s remaining=1398
    iter=603 E=-2.1752182441 nfev=606 t=416.6s remaining=1397
    iter=604 E=-2.1752253328 nfev=607 t=417.4s remaining=1396
    iter=605 E=-2.1752313942 nfev=608 t=418.2s remaining=1395
    iter=606 E=-2.1752371781 nfev=609 t=418.9s remaining=1394
    iter=607 E=-2.1752435473 nfev=610 t=419.5s remaining=1393
    iter=608 E=-2.1752516651 nfev=611 t=420.2s remaining=1392
    iter=609 E=-2.1752613887 nfev=612 t=420.9s remaining=1391
    iter=610 E=-2.1752718971 nfev=613 t=421.6s remaining=1390
    iter=611 E=-2.1752821266 nfev=614 t=422.4s remaining=1389
    iter=612 E=-2.1752900417 nfev=615 t=423.1s remaining=1388
    iter=613 E=-2.1752954459 nfev=616 t=423.8s remaining=1387
    iter=614 E=-2.1753009132 nfev=617 t=424.5s remaining=1386
    iter=615 E=-2.1753060875 nfev=618 t=425.2s remaining=1385
    iter=616 E=-2.1753110443 nfev=619 t=425.9s remaining=1384
    iter=617 E=-2.1753174383 nfev=620 t=426.6s remaining=1383
    iter=618 E=-2.1753253220 nfev=621 t=427.3s remaining=1382
    iter=619 E=-2.1753335175 nfev=622 t=428.0s remaining=1381
    iter=620 E=-2.1753431294 nfev=623 t=428.7s remaining=1380
    iter=621 E=-2.1753551691 nfev=624 t=429.4s remaining=1379
    iter=622 E=-2.1753680422 nfev=625 t=430.1s remaining=1378
    iter=623 E=-2.1753783410 nfev=626 t=430.8s remaining=1377
    iter=624 E=-2.1753858755 nfev=627 t=431.5s remaining=1376
    iter=625 E=-2.1753938600 nfev=628 t=432.2s remaining=1375
    iter=626 E=-2.1754025291 nfev=629 t=432.9s remaining=1374
    iter=627 E=-2.1754085755 nfev=630 t=433.5s remaining=1373
    iter=628 E=-2.1754136290 nfev=631 t=434.2s remaining=1372
    iter=629 E=-2.1754181288 nfev=632 t=434.9s remaining=1371
    iter=630 E=-2.1754225796 nfev=633 t=435.5s remaining=1370
    iter=631 E=-2.1754270244 nfev=634 t=436.2s remaining=1369
    iter=632 E=-2.1754329950 nfev=635 t=436.9s remaining=1368
    iter=633 E=-2.1754399030 nfev=636 t=437.6s remaining=1367
    iter=634 E=-2.1754492248 nfev=637 t=438.2s remaining=1366
    iter=635 E=-2.1754625431 nfev=638 t=438.9s remaining=1365
    iter=636 E=-2.1754765760 nfev=639 t=439.6s remaining=1364
    iter=637 E=-2.1754867253 nfev=640 t=440.3s remaining=1363
    iter=638 E=-2.1754965056 nfev=641 t=441.0s remaining=1362
    iter=639 E=-2.1755034670 nfev=642 t=441.7s remaining=1361
    iter=640 E=-2.1755063884 nfev=643 t=442.4s remaining=1360
    iter=641 E=-2.1755104774 nfev=644 t=443.0s remaining=1359
    iter=642 E=-2.1755147118 nfev=645 t=443.7s remaining=1358
    iter=643 E=-2.1755177849 nfev=646 t=444.4s remaining=1357
    iter=644 E=-2.1755220047 nfev=647 t=445.0s remaining=1356
    iter=645 E=-2.1755268474 nfev=648 t=445.7s remaining=1355
    iter=646 E=-2.1755331545 nfev=649 t=446.4s remaining=1354
    iter=647 E=-2.1755418653 nfev=650 t=447.1s remaining=1353
    iter=648 E=-2.1755514656 nfev=651 t=447.7s remaining=1352
    iter=649 E=-2.1755567867 nfev=652 t=448.4s remaining=1351
    iter=650 E=-2.1755618447 nfev=653 t=449.0s remaining=1350
    iter=651 E=-2.1755654384 nfev=654 t=449.7s remaining=1349
    iter=652 E=-2.1755686601 nfev=655 t=450.3s remaining=1348
    iter=653 E=-2.1755725226 nfev=656 t=451.0s remaining=1347
    iter=654 E=-2.1755770660 nfev=657 t=451.7s remaining=1346
    iter=655 E=-2.1755804028 nfev=658 t=452.4s remaining=1345
    iter=656 E=-2.1755838081 nfev=659 t=453.0s remaining=1344
    iter=657 E=-2.1755861779 nfev=660 t=453.7s remaining=1343
    iter=658 E=-2.1755884035 nfev=661 t=454.4s remaining=1342
    iter=659 E=-2.1755911261 nfev=662 t=455.0s remaining=1341
    iter=660 E=-2.1755951223 nfev=663 t=455.7s remaining=1340
    iter=661 E=-2.1755999395 nfev=664 t=456.3s remaining=1339
    iter=662 E=-2.1756042962 nfev=665 t=457.0s remaining=1338
    iter=663 E=-2.1756080256 nfev=666 t=457.8s remaining=1337
    iter=664 E=-2.1756106855 nfev=667 t=458.5s remaining=1336
    iter=665 E=-2.1756127693 nfev=668 t=459.2s remaining=1335
    iter=666 E=-2.1756151986 nfev=669 t=459.9s remaining=1334
    iter=667 E=-2.1756187780 nfev=670 t=460.5s remaining=1333
    iter=668 E=-2.1756238375 nfev=671 t=461.2s remaining=1332
    iter=669 E=-2.1756287338 nfev=672 t=461.9s remaining=1331
    iter=670 E=-2.1756333423 nfev=673 t=462.5s remaining=1330
    iter=671 E=-2.1756376168 nfev=674 t=463.2s remaining=1329
    iter=672 E=-2.1756411340 nfev=675 t=463.9s remaining=1328
    iter=673 E=-2.1756438083 nfev=676 t=464.5s remaining=1327
    iter=674 E=-2.1756460059 nfev=677 t=465.2s remaining=1326
    iter=675 E=-2.1756479596 nfev=678 t=465.9s remaining=1325
    iter=676 E=-2.1756503053 nfev=679 t=466.6s remaining=1324
    iter=677 E=-2.1756535435 nfev=680 t=467.2s remaining=1323
    iter=678 E=-2.1756567873 nfev=681 t=467.9s remaining=1322
    iter=679 E=-2.1756603904 nfev=682 t=468.6s remaining=1321
    iter=680 E=-2.1756646767 nfev=683 t=469.3s remaining=1320
    iter=681 E=-2.1756695496 nfev=684 t=470.0s remaining=1319
    iter=682 E=-2.1756742185 nfev=685 t=470.7s remaining=1318
    iter=683 E=-2.1756774343 nfev=686 t=471.4s remaining=1317
    iter=684 E=-2.1756791945 nfev=687 t=472.1s remaining=1316
    iter=685 E=-2.1756810755 nfev=688 t=472.8s remaining=1315
    iter=686 E=-2.1756828592 nfev=689 t=473.5s remaining=1314
    iter=687 E=-2.1756842618 nfev=690 t=474.2s remaining=1313
    iter=688 E=-2.1756857095 nfev=691 t=474.8s remaining=1312
    iter=689 E=-2.1756875108 nfev=692 t=475.5s remaining=1311
    iter=690 E=-2.1756896685 nfev=693 t=476.2s remaining=1310
    iter=691 E=-2.1756922632 nfev=694 t=476.9s remaining=1309
    iter=692 E=-2.1756956130 nfev=695 t=477.5s remaining=1308
    iter=693 E=-2.1756997779 nfev=696 t=478.2s remaining=1307
    iter=694 E=-2.1757042286 nfev=697 t=478.9s remaining=1306
    iter=695 E=-2.1757081988 nfev=698 t=479.6s remaining=1305
    iter=696 E=-2.1757109930 nfev=699 t=480.3s remaining=1304
    iter=697 E=-2.1757128105 nfev=700 t=481.0s remaining=1303
    iter=698 E=-2.1757141207 nfev=701 t=481.7s remaining=1302
    iter=699 E=-2.1757151711 nfev=702 t=482.4s remaining=1301
    iter=700 E=-2.1757162687 nfev=703 t=483.0s remaining=1300
    iter=701 E=-2.1757176588 nfev=704 t=483.7s remaining=1299
    iter=702 E=-2.1757195114 nfev=705 t=484.5s remaining=1298
    iter=703 E=-2.1757219747 nfev=706 t=485.2s remaining=1297
    iter=704 E=-2.1757249341 nfev=707 t=485.9s remaining=1296
    iter=705 E=-2.1757278823 nfev=708 t=486.6s remaining=1295
    iter=706 E=-2.1757304404 nfev=709 t=487.3s remaining=1294
    iter=707 E=-2.1757330088 nfev=710 t=487.9s remaining=1293
    iter=708 E=-2.1757358607 nfev=711 t=488.6s remaining=1292
    iter=709 E=-2.1757387204 nfev=712 t=489.3s remaining=1291
    iter=710 E=-2.1757410848 nfev=713 t=489.9s remaining=1290
    iter=711 E=-2.1757431821 nfev=714 t=490.5s remaining=1289
    iter=712 E=-2.1757451375 nfev=715 t=491.2s remaining=1288
    iter=713 E=-2.1757468713 nfev=716 t=491.9s remaining=1287
    iter=714 E=-2.1757484056 nfev=717 t=492.5s remaining=1286
    iter=715 E=-2.1757501117 nfev=718 t=493.2s remaining=1285
    iter=716 E=-2.1757523786 nfev=719 t=493.9s remaining=1284
    iter=717 E=-2.1757552615 nfev=720 t=494.5s remaining=1283
    iter=718 E=-2.1757591668 nfev=721 t=495.2s remaining=1282
    iter=719 E=-2.1757642128 nfev=722 t=495.8s remaining=1281
    iter=720 E=-2.1757696711 nfev=723 t=496.5s remaining=1280
    iter=721 E=-2.1757747485 nfev=724 t=497.1s remaining=1279
    iter=722 E=-2.1757786627 nfev=725 t=497.8s remaining=1278
    iter=723 E=-2.1757815117 nfev=726 t=498.5s remaining=1277
    iter=724 E=-2.1757831392 nfev=727 t=499.2s remaining=1276
    iter=725 E=-2.1757846440 nfev=728 t=499.8s remaining=1275
    iter=726 E=-2.1757863457 nfev=729 t=500.5s remaining=1274
    iter=727 E=-2.1757882784 nfev=730 t=501.1s remaining=1273
    iter=728 E=-2.1757904813 nfev=731 t=501.8s remaining=1272
    iter=729 E=-2.1757932714 nfev=732 t=502.4s remaining=1271
    iter=730 E=-2.1757975838 nfev=733 t=503.1s remaining=1270
    iter=731 E=-2.1758041850 nfev=734 t=503.7s remaining=1269
    iter=732 E=-2.1758132949 nfev=735 t=504.4s remaining=1268
    iter=733 E=-2.1758210977 nfev=736 t=505.0s remaining=1267
    iter=734 E=-2.1758275939 nfev=737 t=505.7s remaining=1266
    iter=735 E=-2.1758325211 nfev=738 t=506.4s remaining=1265
    iter=736 E=-2.1758360802 nfev=739 t=507.1s remaining=1264
    iter=737 E=-2.1758387233 nfev=740 t=507.7s remaining=1263
    iter=738 E=-2.1758409353 nfev=741 t=508.4s remaining=1262
    iter=739 E=-2.1758427082 nfev=742 t=509.0s remaining=1261
    iter=740 E=-2.1758445205 nfev=743 t=509.7s remaining=1260
    iter=741 E=-2.1758466664 nfev=744 t=510.4s remaining=1259
    iter=742 E=-2.1758490092 nfev=745 t=511.1s remaining=1258
    iter=743 E=-2.1758516907 nfev=746 t=511.7s remaining=1257
    iter=744 E=-2.1758546361 nfev=747 t=512.4s remaining=1256
    iter=745 E=-2.1758577730 nfev=748 t=513.0s remaining=1255
    iter=746 E=-2.1758600189 nfev=749 t=513.7s remaining=1254
    iter=747 E=-2.1758635063 nfev=750 t=514.4s remaining=1253
    iter=748 E=-2.1758688482 nfev=751 t=515.1s remaining=1252
    iter=749 E=-2.1758756600 nfev=752 t=515.8s remaining=1251
    iter=750 E=-2.1758804144 nfev=753 t=516.5s remaining=1250
    iter=751 E=-2.1758848377 nfev=754 t=517.2s remaining=1249
    iter=752 E=-2.1758884794 nfev=755 t=517.9s remaining=1248
    iter=753 E=-2.1758915316 nfev=756 t=518.6s remaining=1247
    iter=754 E=-2.1758944173 nfev=757 t=519.3s remaining=1246
    iter=755 E=-2.1758972006 nfev=758 t=520.0s remaining=1245
    iter=756 E=-2.1758995169 nfev=759 t=520.7s remaining=1244
    iter=757 E=-2.1759019942 nfev=760 t=521.4s remaining=1243
    iter=758 E=-2.1759052704 nfev=761 t=522.0s remaining=1242
    iter=759 E=-2.1759095010 nfev=762 t=522.7s remaining=1241
    iter=760 E=-2.1759140005 nfev=763 t=523.6s remaining=1240
    iter=761 E=-2.1759196590 nfev=764 t=524.3s remaining=1239
    iter=762 E=-2.1759258438 nfev=765 t=525.0s remaining=1238
    iter=763 E=-2.1759326595 nfev=766 t=525.7s remaining=1237
    iter=764 E=-2.1759401140 nfev=767 t=526.3s remaining=1236
    iter=765 E=-2.1759470851 nfev=768 t=527.0s remaining=1235
    iter=766 E=-2.1759510767 nfev=769 t=527.7s remaining=1234
    iter=767 E=-2.1759543939 nfev=770 t=528.4s remaining=1233
    iter=768 E=-2.1759571180 nfev=771 t=529.1s remaining=1232
    iter=769 E=-2.1759585150 nfev=772 t=529.8s remaining=1231
    iter=770 E=-2.1759601010 nfev=773 t=530.6s remaining=1230
    iter=771 E=-2.1759620023 nfev=774 t=531.3s remaining=1229
    iter=772 E=-2.1759643668 nfev=775 t=532.0s remaining=1228
    iter=773 E=-2.1759671002 nfev=776 t=532.7s remaining=1227
    iter=774 E=-2.1759706974 nfev=777 t=533.3s remaining=1226
    iter=775 E=-2.1759751786 nfev=778 t=534.0s remaining=1225
    iter=776 E=-2.1759808351 nfev=779 t=534.7s remaining=1224
    iter=777 E=-2.1759876501 nfev=780 t=535.3s remaining=1223
    iter=778 E=-2.1759950748 nfev=781 t=536.0s remaining=1222
    iter=779 E=-2.1760011764 nfev=782 t=536.7s remaining=1221
    iter=780 E=-2.1760071407 nfev=783 t=537.3s remaining=1220
    iter=781 E=-2.1760112299 nfev=784 t=538.0s remaining=1219
    iter=782 E=-2.1760138501 nfev=785 t=538.7s remaining=1218
    iter=783 E=-2.1760158746 nfev=786 t=539.4s remaining=1217
    iter=784 E=-2.1760180190 nfev=787 t=540.2s remaining=1216
    iter=785 E=-2.1760207559 nfev=788 t=540.9s remaining=1215
    iter=786 E=-2.1760240878 nfev=789 t=541.5s remaining=1214
    iter=787 E=-2.1760276283 nfev=790 t=542.2s remaining=1213
    iter=788 E=-2.1760306781 nfev=791 t=542.9s remaining=1212
    iter=789 E=-2.1760339646 nfev=792 t=543.5s remaining=1211
    iter=790 E=-2.1760383509 nfev=793 t=544.2s remaining=1210
    iter=791 E=-2.1760443041 nfev=794 t=544.9s remaining=1209
    iter=792 E=-2.1760511481 nfev=795 t=545.6s remaining=1208
    iter=793 E=-2.1760565409 nfev=796 t=546.3s remaining=1207
    iter=794 E=-2.1760616115 nfev=797 t=546.9s remaining=1206
    iter=795 E=-2.1760667252 nfev=798 t=547.6s remaining=1205
    iter=796 E=-2.1760715442 nfev=799 t=548.3s remaining=1204
    iter=797 E=-2.1760755689 nfev=800 t=549.0s remaining=1203
    iter=798 E=-2.1760779168 nfev=801 t=549.7s remaining=1202
    iter=799 E=-2.1760798188 nfev=802 t=550.4s remaining=1201
    iter=800 E=-2.1760816842 nfev=803 t=551.1s remaining=1200
    iter=801 E=-2.1760830460 nfev=804 t=551.8s remaining=1199
    iter=802 E=-2.1760844054 nfev=805 t=552.5s remaining=1198
    iter=803 E=-2.1760856668 nfev=806 t=553.2s remaining=1197
    iter=804 E=-2.1760870760 nfev=807 t=553.8s remaining=1196
    iter=805 E=-2.1760887976 nfev=808 t=554.5s remaining=1195
    iter=806 E=-2.1760915502 nfev=809 t=555.1s remaining=1194
    iter=807 E=-2.1760956820 nfev=810 t=555.8s remaining=1193
    iter=808 E=-2.1761004427 nfev=811 t=556.5s remaining=1192
    iter=809 E=-2.1761049132 nfev=812 t=557.1s remaining=1191
    iter=810 E=-2.1761099527 nfev=813 t=557.8s remaining=1190
    iter=811 E=-2.1761138131 nfev=814 t=558.4s remaining=1189
    iter=812 E=-2.1761160956 nfev=815 t=559.1s remaining=1188
    iter=813 E=-2.1761177565 nfev=816 t=559.8s remaining=1187
    iter=814 E=-2.1761191750 nfev=817 t=560.5s remaining=1186
    iter=815 E=-2.1761203356 nfev=818 t=561.2s remaining=1185
    iter=816 E=-2.1761216067 nfev=819 t=561.9s remaining=1184
    iter=817 E=-2.1761233924 nfev=820 t=562.6s remaining=1183
    iter=818 E=-2.1761256389 nfev=821 t=563.3s remaining=1182
    iter=819 E=-2.1761285620 nfev=822 t=563.9s remaining=1181
    iter=820 E=-2.1761327897 nfev=823 t=564.6s remaining=1180
    iter=821 E=-2.1761385276 nfev=824 t=565.3s remaining=1179
    iter=822 E=-2.1761447930 nfev=825 t=565.9s remaining=1178
    iter=823 E=-2.1761495393 nfev=826 t=566.6s remaining=1177
    iter=824 E=-2.1761527096 nfev=827 t=567.2s remaining=1176
    iter=825 E=-2.1761552698 nfev=828 t=567.9s remaining=1175
    iter=826 E=-2.1761569843 nfev=829 t=568.6s remaining=1174
    iter=827 E=-2.1761580422 nfev=830 t=569.3s remaining=1173
    iter=828 E=-2.1761590719 nfev=831 t=570.0s remaining=1172
    iter=829 E=-2.1761600600 nfev=832 t=570.6s remaining=1171
    iter=830 E=-2.1761612789 nfev=833 t=571.3s remaining=1170
    iter=831 E=-2.1761627064 nfev=834 t=572.0s remaining=1169
    iter=832 E=-2.1761646297 nfev=835 t=572.6s remaining=1168
    iter=833 E=-2.1761673582 nfev=836 t=573.3s remaining=1167
    iter=834 E=-2.1761713889 nfev=837 t=573.9s remaining=1166
    iter=835 E=-2.1761767244 nfev=838 t=574.6s remaining=1165
    iter=836 E=-2.1761817156 nfev=839 t=575.2s remaining=1164
    iter=837 E=-2.1761868714 nfev=840 t=575.9s remaining=1163
    iter=838 E=-2.1761916968 nfev=841 t=576.5s remaining=1162
    iter=839 E=-2.1761947350 nfev=842 t=577.2s remaining=1161
    iter=840 E=-2.1761965660 nfev=843 t=577.9s remaining=1160
    iter=841 E=-2.1761979355 nfev=844 t=578.5s remaining=1159
    iter=842 E=-2.1761991432 nfev=845 t=579.1s remaining=1158
    iter=843 E=-2.1762001325 nfev=846 t=579.8s remaining=1157
    iter=844 E=-2.1762015600 nfev=847 t=580.5s remaining=1156
    iter=845 E=-2.1762037431 nfev=848 t=581.1s remaining=1155
    iter=846 E=-2.1762070184 nfev=849 t=581.8s remaining=1154
    iter=847 E=-2.1762109807 nfev=850 t=582.4s remaining=1153
    iter=848 E=-2.1762145028 nfev=851 t=583.1s remaining=1152
    iter=849 E=-2.1762185110 nfev=852 t=583.8s remaining=1151
    iter=850 E=-2.1762226854 nfev=853 t=584.5s remaining=1150
    iter=851 E=-2.1762274541 nfev=854 t=585.1s remaining=1149
    iter=852 E=-2.1762320625 nfev=855 t=585.7s remaining=1148
    iter=853 E=-2.1762352559 nfev=856 t=586.4s remaining=1147
    iter=854 E=-2.1762371040 nfev=857 t=587.1s remaining=1146
    iter=855 E=-2.1762384784 nfev=858 t=587.7s remaining=1145
    iter=856 E=-2.1762396878 nfev=859 t=588.4s remaining=1144
    iter=857 E=-2.1762410278 nfev=860 t=589.1s remaining=1143
    iter=858 E=-2.1762427640 nfev=861 t=589.8s remaining=1142
    iter=859 E=-2.1762450070 nfev=862 t=590.5s remaining=1141
    iter=860 E=-2.1762482343 nfev=863 t=591.2s remaining=1140
    iter=861 E=-2.1762525690 nfev=864 t=591.8s remaining=1139
    iter=862 E=-2.1762581849 nfev=865 t=592.5s remaining=1138
    iter=863 E=-2.1762649904 nfev=866 t=593.2s remaining=1137
    iter=864 E=-2.1762712767 nfev=867 t=593.8s remaining=1136
    iter=865 E=-2.1762761766 nfev=868 t=594.5s remaining=1135
    iter=866 E=-2.1762795265 nfev=869 t=595.1s remaining=1134
    iter=867 E=-2.1762817977 nfev=870 t=595.8s remaining=1133
    iter=868 E=-2.1762830737 nfev=871 t=596.4s remaining=1132
    iter=869 E=-2.1762841886 nfev=872 t=597.1s remaining=1131
    iter=870 E=-2.1762854583 nfev=873 t=597.8s remaining=1130
    iter=871 E=-2.1762867883 nfev=874 t=598.4s remaining=1129
    iter=872 E=-2.1762883353 nfev=875 t=599.1s remaining=1128
    iter=873 E=-2.1762900487 nfev=876 t=599.8s remaining=1127
    iter=874 E=-2.1762925866 nfev=877 t=600.4s remaining=1126
    iter=875 E=-2.1762961075 nfev=878 t=601.1s remaining=1125
    iter=876 E=-2.1763001182 nfev=879 t=601.8s remaining=1124
    iter=877 E=-2.1763052122 nfev=880 t=602.6s remaining=1123
    iter=878 E=-2.1763110182 nfev=881 t=603.3s remaining=1122
    iter=879 E=-2.1763173784 nfev=882 t=604.0s remaining=1121
    iter=880 E=-2.1763244280 nfev=883 t=604.6s remaining=1120
    iter=881 E=-2.1763303920 nfev=884 t=605.3s remaining=1119
    iter=882 E=-2.1763353992 nfev=885 t=606.0s remaining=1118
    iter=883 E=-2.1763398619 nfev=886 t=606.8s remaining=1117
    iter=884 E=-2.1763433838 nfev=887 t=607.5s remaining=1116
    iter=885 E=-2.1763452633 nfev=888 t=608.2s remaining=1115
    iter=886 E=-2.1763477516 nfev=889 t=609.0s remaining=1114
    iter=887 E=-2.1763501863 nfev=890 t=609.6s remaining=1113
    iter=888 E=-2.1763521099 nfev=891 t=610.3s remaining=1112
    iter=889 E=-2.1763545989 nfev=892 t=611.0s remaining=1111
    iter=890 E=-2.1763571463 nfev=893 t=611.7s remaining=1110
    iter=891 E=-2.1763594541 nfev=894 t=612.3s remaining=1109
    iter=892 E=-2.1763618088 nfev=895 t=613.1s remaining=1108
    iter=893 E=-2.1763650518 nfev=896 t=613.7s remaining=1107
    iter=894 E=-2.1763689894 nfev=897 t=614.5s remaining=1106
    iter=895 E=-2.1763734447 nfev=898 t=615.1s remaining=1105
    iter=896 E=-2.1763796041 nfev=899 t=615.8s remaining=1104
    iter=897 E=-2.1763876684 nfev=900 t=616.4s remaining=1103
    iter=898 E=-2.1763925505 nfev=901 t=617.1s remaining=1102
    iter=899 E=-2.1763982039 nfev=902 t=617.8s remaining=1101
    iter=900 E=-2.1764022585 nfev=903 t=618.6s remaining=1100
    iter=901 E=-2.1764059966 nfev=904 t=619.2s remaining=1099
    iter=902 E=-2.1764083892 nfev=905 t=619.9s remaining=1098
    iter=903 E=-2.1764102909 nfev=906 t=620.5s remaining=1097
    iter=904 E=-2.1764122470 nfev=907 t=621.2s remaining=1096
    iter=905 E=-2.1764139006 nfev=908 t=621.9s remaining=1095
    iter=906 E=-2.1764153972 nfev=909 t=622.6s remaining=1094
    iter=907 E=-2.1764171735 nfev=910 t=623.2s remaining=1093
    iter=908 E=-2.1764194413 nfev=911 t=623.9s remaining=1092
    iter=909 E=-2.1764223048 nfev=912 t=624.5s remaining=1091
    iter=910 E=-2.1764251625 nfev=913 t=625.2s remaining=1090
    iter=911 E=-2.1764282390 nfev=914 t=625.9s remaining=1089
    iter=912 E=-2.1764315954 nfev=915 t=626.5s remaining=1088
    iter=913 E=-2.1764350021 nfev=916 t=627.2s remaining=1087
    iter=914 E=-2.1764387347 nfev=917 t=627.9s remaining=1086
    iter=915 E=-2.1764421277 nfev=918 t=628.5s remaining=1085
    iter=916 E=-2.1764451292 nfev=919 t=629.2s remaining=1084
    iter=917 E=-2.1764483935 nfev=920 t=629.9s remaining=1083
    iter=918 E=-2.1764518430 nfev=921 t=630.6s remaining=1082
    iter=919 E=-2.1764553705 nfev=922 t=631.3s remaining=1081
    iter=920 E=-2.1764595190 nfev=923 t=632.0s remaining=1080
    iter=921 E=-2.1764634192 nfev=924 t=632.7s remaining=1079
    iter=922 E=-2.1764659345 nfev=925 t=633.3s remaining=1078
    iter=923 E=-2.1764679261 nfev=926 t=634.0s remaining=1077
    iter=924 E=-2.1764698847 nfev=927 t=634.7s remaining=1076
    iter=925 E=-2.1764719573 nfev=928 t=635.3s remaining=1075
    iter=926 E=-2.1764748329 nfev=929 t=636.0s remaining=1074
    iter=927 E=-2.1764782528 nfev=930 t=636.6s remaining=1073
    iter=928 E=-2.1764827035 nfev=931 t=637.3s remaining=1072
    iter=929 E=-2.1764884581 nfev=932 t=638.0s remaining=1071
    iter=930 E=-2.1764933771 nfev=933 t=638.7s remaining=1070
    iter=931 E=-2.1764978796 nfev=934 t=639.3s remaining=1069
    iter=932 E=-2.1765032061 nfev=935 t=639.9s remaining=1068
    iter=933 E=-2.1765106240 nfev=936 t=640.6s remaining=1067
    iter=934 E=-2.1765203218 nfev=937 t=641.2s remaining=1066
    iter=935 E=-2.1765290093 nfev=938 t=641.9s remaining=1065
    iter=936 E=-2.1765361133 nfev=939 t=642.5s remaining=1064
    iter=937 E=-2.1765408492 nfev=940 t=643.2s remaining=1063
    iter=938 E=-2.1765460080 nfev=941 t=643.8s remaining=1062
    iter=939 E=-2.1765498246 nfev=942 t=644.5s remaining=1061
    iter=940 E=-2.1765536244 nfev=943 t=645.1s remaining=1060
    iter=941 E=-2.1765569295 nfev=944 t=645.8s remaining=1059
    iter=942 E=-2.1765595225 nfev=945 t=646.5s remaining=1058
    iter=943 E=-2.1765627901 nfev=946 t=647.1s remaining=1057
    iter=944 E=-2.1765668969 nfev=947 t=647.8s remaining=1056
    iter=945 E=-2.1765712297 nfev=948 t=648.5s remaining=1055
    iter=946 E=-2.1765759625 nfev=949 t=649.3s remaining=1054
    iter=947 E=-2.1765800411 nfev=950 t=649.9s remaining=1053
    iter=948 E=-2.1765846230 nfev=951 t=650.6s remaining=1052
    iter=949 E=-2.1765900742 nfev=952 t=651.2s remaining=1051
    iter=950 E=-2.1765970899 nfev=953 t=651.9s remaining=1050
    iter=951 E=-2.1766060795 nfev=954 t=652.6s remaining=1049
    iter=952 E=-2.1766128705 nfev=955 t=653.3s remaining=1048
    iter=953 E=-2.1766183176 nfev=956 t=654.0s remaining=1047
    iter=954 E=-2.1766240074 nfev=957 t=654.6s remaining=1046
    iter=955 E=-2.1766307986 nfev=958 t=655.3s remaining=1045
    iter=956 E=-2.1766372566 nfev=959 t=656.0s remaining=1044
    iter=957 E=-2.1766414192 nfev=960 t=656.7s remaining=1043
    iter=958 E=-2.1766458005 nfev=961 t=657.3s remaining=1042
    iter=959 E=-2.1766503769 nfev=962 t=657.9s remaining=1041
    iter=960 E=-2.1766548958 nfev=963 t=658.6s remaining=1040
    iter=961 E=-2.1766590809 nfev=964 t=659.3s remaining=1039
    iter=962 E=-2.1766624051 nfev=965 t=659.9s remaining=1038
    iter=963 E=-2.1766659292 nfev=966 t=660.6s remaining=1037
    iter=964 E=-2.1766695670 nfev=967 t=661.2s remaining=1036
    iter=965 E=-2.1766724830 nfev=968 t=662.0s remaining=1035
    iter=966 E=-2.1766758237 nfev=969 t=662.6s remaining=1034
    iter=967 E=-2.1766799640 nfev=970 t=663.3s remaining=1033
    iter=968 E=-2.1766848054 nfev=971 t=664.0s remaining=1032
    iter=969 E=-2.1766914580 nfev=972 t=664.8s remaining=1031
    iter=970 E=-2.1766989458 nfev=973 t=665.4s remaining=1030
    iter=971 E=-2.1767037805 nfev=974 t=666.1s remaining=1029
    iter=972 E=-2.1767070500 nfev=975 t=666.8s remaining=1028
    iter=973 E=-2.1767100479 nfev=976 t=667.5s remaining=1027
    iter=974 E=-2.1767133791 nfev=977 t=668.1s remaining=1026
    iter=975 E=-2.1767175976 nfev=978 t=668.8s remaining=1025
    iter=976 E=-2.1767217111 nfev=979 t=669.5s remaining=1024
    iter=977 E=-2.1767251613 nfev=980 t=670.2s remaining=1023
    iter=978 E=-2.1767282331 nfev=981 t=670.9s remaining=1022
    iter=979 E=-2.1767314870 nfev=982 t=671.7s remaining=1021
    iter=980 E=-2.1767347168 nfev=983 t=672.3s remaining=1020
    iter=981 E=-2.1767379969 nfev=984 t=673.0s remaining=1019
    iter=982 E=-2.1767413287 nfev=985 t=673.7s remaining=1018
    iter=983 E=-2.1767449002 nfev=986 t=674.3s remaining=1017
    iter=984 E=-2.1767483097 nfev=987 t=674.9s remaining=1016
    iter=985 E=-2.1767522293 nfev=988 t=675.6s remaining=1015
    iter=986 E=-2.1767571073 nfev=989 t=676.3s remaining=1014
    iter=987 E=-2.1767605413 nfev=990 t=676.9s remaining=1013
    iter=988 E=-2.1767634764 nfev=991 t=677.6s remaining=1012
    iter=989 E=-2.1767657126 nfev=992 t=678.3s remaining=1011
    iter=990 E=-2.1767676738 nfev=993 t=678.9s remaining=1010
    iter=991 E=-2.1767699081 nfev=994 t=679.6s remaining=1009
    iter=992 E=-2.1767726594 nfev=995 t=680.3s remaining=1008
    iter=993 E=-2.1767756926 nfev=996 t=680.9s remaining=1007
    iter=994 E=-2.1767782458 nfev=997 t=681.6s remaining=1006
    iter=995 E=-2.1767805392 nfev=998 t=682.3s remaining=1005
    iter=996 E=-2.1767833185 nfev=999 t=682.9s remaining=1004
    iter=997 E=-2.1767867707 nfev=1000 t=683.6s remaining=1003
    iter=998 E=-2.1767899845 nfev=1001 t=684.3s remaining=1002
    iter=999 E=-2.1767925389 nfev=1002 t=684.9s remaining=1001
    iter=1000 E=-2.1767955917 nfev=1003 t=685.6s remaining=1000
    iter=1001 E=-2.1767996459 nfev=1004 t=686.2s remaining=999
    iter=1002 E=-2.1768039431 nfev=1005 t=686.9s remaining=998
    iter=1003 E=-2.1768086999 nfev=1006 t=687.6s remaining=997
    iter=1004 E=-2.1768133051 nfev=1007 t=688.3s remaining=996
    iter=1005 E=-2.1768172489 nfev=1008 t=688.9s remaining=995
    iter=1006 E=-2.1768201074 nfev=1009 t=689.6s remaining=994
    iter=1007 E=-2.1768222193 nfev=1010 t=690.3s remaining=993
    iter=1008 E=-2.1768235791 nfev=1011 t=690.9s remaining=992
    iter=1009 E=-2.1768248120 nfev=1012 t=691.6s remaining=991
    iter=1010 E=-2.1768262014 nfev=1013 t=692.3s remaining=990
    iter=1011 E=-2.1768277220 nfev=1014 t=692.9s remaining=989
    iter=1012 E=-2.1768298626 nfev=1015 t=693.6s remaining=988
    iter=1013 E=-2.1768320888 nfev=1016 t=694.3s remaining=987
    iter=1014 E=-2.1768343268 nfev=1017 t=694.9s remaining=986
    iter=1015 E=-2.1768368940 nfev=1018 t=695.6s remaining=985
    iter=1016 E=-2.1768397449 nfev=1019 t=696.2s remaining=984
    iter=1017 E=-2.1768428229 nfev=1020 t=696.9s remaining=983
    iter=1018 E=-2.1768460620 nfev=1021 t=697.6s remaining=982
    iter=1019 E=-2.1768483630 nfev=1022 t=698.2s remaining=981
    iter=1020 E=-2.1768499203 nfev=1023 t=698.9s remaining=980
    iter=1021 E=-2.1768509637 nfev=1024 t=699.6s remaining=979
    iter=1022 E=-2.1768519929 nfev=1025 t=700.2s remaining=978
    iter=1023 E=-2.1768531037 nfev=1026 t=700.9s remaining=977
    iter=1024 E=-2.1768543403 nfev=1027 t=701.6s remaining=976
    iter=1025 E=-2.1768554630 nfev=1028 t=702.2s remaining=975
    iter=1026 E=-2.1768566826 nfev=1029 t=702.9s remaining=974
    iter=1027 E=-2.1768579924 nfev=1030 t=703.6s remaining=973
    iter=1028 E=-2.1768594270 nfev=1031 t=704.2s remaining=972
    iter=1029 E=-2.1768610545 nfev=1032 t=704.8s remaining=971
    iter=1030 E=-2.1768626904 nfev=1033 t=705.5s remaining=970
    iter=1031 E=-2.1768643803 nfev=1034 t=706.1s remaining=969
    iter=1032 E=-2.1768661609 nfev=1035 t=706.8s remaining=968
    iter=1033 E=-2.1768681026 nfev=1036 t=707.4s remaining=967
    iter=1034 E=-2.1768702485 nfev=1037 t=708.1s remaining=966
    iter=1035 E=-2.1768725672 nfev=1038 t=708.8s remaining=965
    iter=1036 E=-2.1768750338 nfev=1039 t=709.5s remaining=964
    iter=1037 E=-2.1768773285 nfev=1040 t=710.1s remaining=963
    iter=1038 E=-2.1768792955 nfev=1041 t=710.7s remaining=962
    iter=1039 E=-2.1768810726 nfev=1042 t=711.4s remaining=961
    iter=1040 E=-2.1768827463 nfev=1043 t=712.1s remaining=960
    iter=1041 E=-2.1768841236 nfev=1044 t=712.8s remaining=959
    iter=1042 E=-2.1768853648 nfev=1045 t=713.4s remaining=958
    iter=1043 E=-2.1768864866 nfev=1046 t=714.1s remaining=957
    iter=1044 E=-2.1768874696 nfev=1047 t=714.7s remaining=956
    iter=1045 E=-2.1768883140 nfev=1048 t=715.4s remaining=955
    iter=1046 E=-2.1768892215 nfev=1049 t=716.0s remaining=954
    iter=1047 E=-2.1768905003 nfev=1050 t=716.7s remaining=953
    iter=1048 E=-2.1768922282 nfev=1051 t=717.4s remaining=952
    iter=1049 E=-2.1768946581 nfev=1052 t=718.0s remaining=951
    iter=1050 E=-2.1768981955 nfev=1053 t=718.6s remaining=950
    iter=1051 E=-2.1769019779 nfev=1054 t=719.3s remaining=949
    iter=1052 E=-2.1769050711 nfev=1055 t=719.9s remaining=948
    iter=1053 E=-2.1769081651 nfev=1056 t=720.6s remaining=947
    iter=1054 E=-2.1769113816 nfev=1057 t=721.2s remaining=946
    iter=1055 E=-2.1769145857 nfev=1058 t=721.9s remaining=945
    iter=1056 E=-2.1769175309 nfev=1059 t=722.5s remaining=944
    iter=1057 E=-2.1769198251 nfev=1060 t=723.2s remaining=943
    iter=1058 E=-2.1769213755 nfev=1061 t=723.8s remaining=942
    iter=1059 E=-2.1769224174 nfev=1062 t=724.5s remaining=941
    iter=1060 E=-2.1769233356 nfev=1063 t=725.1s remaining=940
    iter=1061 E=-2.1769244690 nfev=1064 t=725.7s remaining=939
    iter=1062 E=-2.1769255908 nfev=1065 t=726.4s remaining=938
    iter=1063 E=-2.1769267087 nfev=1066 t=727.1s remaining=937
    iter=1064 E=-2.1769282923 nfev=1067 t=727.8s remaining=936
    iter=1065 E=-2.1769302855 nfev=1068 t=728.4s remaining=935
    iter=1066 E=-2.1769329931 nfev=1069 t=729.1s remaining=934
    iter=1067 E=-2.1769362934 nfev=1070 t=729.8s remaining=933
    iter=1068 E=-2.1769397688 nfev=1071 t=730.4s remaining=932
    iter=1069 E=-2.1769431986 nfev=1072 t=731.1s remaining=931
    iter=1070 E=-2.1769475279 nfev=1073 t=731.8s remaining=930
    iter=1071 E=-2.1769511416 nfev=1074 t=732.5s remaining=929
    iter=1072 E=-2.1769553758 nfev=1075 t=733.2s remaining=928
    iter=1073 E=-2.1769581424 nfev=1076 t=733.8s remaining=927
    iter=1074 E=-2.1769596555 nfev=1077 t=734.5s remaining=926
    iter=1075 E=-2.1769608100 nfev=1078 t=735.2s remaining=925
    iter=1076 E=-2.1769616546 nfev=1079 t=735.8s remaining=924
    iter=1077 E=-2.1769623093 nfev=1080 t=736.5s remaining=923
    iter=1078 E=-2.1769631145 nfev=1081 t=737.2s remaining=922
    iter=1079 E=-2.1769642732 nfev=1082 t=737.9s remaining=921
    iter=1080 E=-2.1769657367 nfev=1083 t=738.6s remaining=920
    iter=1081 E=-2.1769671180 nfev=1084 t=739.3s remaining=919
    iter=1082 E=-2.1769685519 nfev=1085 t=739.9s remaining=918
    iter=1083 E=-2.1769699295 nfev=1086 t=740.6s remaining=917
    iter=1084 E=-2.1769712585 nfev=1087 t=741.3s remaining=916
    iter=1085 E=-2.1769729897 nfev=1088 t=742.0s remaining=915
    iter=1086 E=-2.1769750537 nfev=1089 t=742.6s remaining=914
    iter=1087 E=-2.1769770036 nfev=1090 t=743.3s remaining=913
    iter=1088 E=-2.1769791507 nfev=1091 t=744.1s remaining=912
    iter=1089 E=-2.1769815391 nfev=1092 t=744.8s remaining=911
    iter=1090 E=-2.1769833000 nfev=1093 t=745.4s remaining=910
    iter=1091 E=-2.1769845943 nfev=1094 t=746.1s remaining=909
    iter=1092 E=-2.1769855593 nfev=1095 t=746.8s remaining=908
    iter=1093 E=-2.1769861154 nfev=1096 t=747.5s remaining=907
    iter=1094 E=-2.1769865183 nfev=1097 t=748.1s remaining=906
    iter=1095 E=-2.1769869540 nfev=1098 t=748.8s remaining=905
    iter=1096 E=-2.1769875181 nfev=1099 t=749.5s remaining=904
    iter=1097 E=-2.1769881394 nfev=1100 t=750.1s remaining=903
    iter=1098 E=-2.1769890022 nfev=1101 t=750.8s remaining=902
    iter=1099 E=-2.1769902883 nfev=1102 t=751.5s remaining=901
    iter=1100 E=-2.1769921196 nfev=1103 t=752.1s remaining=900
    iter=1101 E=-2.1769944964 nfev=1104 t=752.8s remaining=899
    iter=1102 E=-2.1769975285 nfev=1105 t=753.5s remaining=898
    iter=1103 E=-2.1770001589 nfev=1106 t=754.1s remaining=897
    iter=1104 E=-2.1770016396 nfev=1107 t=754.8s remaining=896
    iter=1105 E=-2.1770031165 nfev=1108 t=755.4s remaining=895
    iter=1106 E=-2.1770042534 nfev=1109 t=756.1s remaining=894
    iter=1107 E=-2.1770052138 nfev=1110 t=756.7s remaining=893
    iter=1108 E=-2.1770059405 nfev=1111 t=757.4s remaining=892
    iter=1109 E=-2.1770066274 nfev=1112 t=758.1s remaining=891
    iter=1110 E=-2.1770071072 nfev=1113 t=758.8s remaining=890
    iter=1111 E=-2.1770075517 nfev=1114 t=759.4s remaining=889
    iter=1112 E=-2.1770080478 nfev=1115 t=760.1s remaining=888
    iter=1113 E=-2.1770087597 nfev=1116 t=760.7s remaining=887
    iter=1114 E=-2.1770096472 nfev=1117 t=761.4s remaining=886
    iter=1115 E=-2.1770107861 nfev=1118 t=762.1s remaining=885
    iter=1116 E=-2.1770123481 nfev=1119 t=762.7s remaining=884
    iter=1117 E=-2.1770145609 nfev=1120 t=763.4s remaining=883
    iter=1118 E=-2.1770173517 nfev=1121 t=764.0s remaining=882
    iter=1119 E=-2.1770204609 nfev=1122 t=764.7s remaining=881
    iter=1120 E=-2.1770235684 nfev=1123 t=765.3s remaining=880
    iter=1121 E=-2.1770256245 nfev=1124 t=766.0s remaining=879
    iter=1122 E=-2.1770266229 nfev=1125 t=766.7s remaining=878
    iter=1123 E=-2.1770271843 nfev=1126 t=767.3s remaining=877
    iter=1124 E=-2.1770276214 nfev=1127 t=768.0s remaining=876
    iter=1125 E=-2.1770279740 nfev=1128 t=768.6s remaining=875
    iter=1126 E=-2.1770284174 nfev=1129 t=769.3s remaining=874
    iter=1127 E=-2.1770288739 nfev=1130 t=770.0s remaining=873
    iter=1128 E=-2.1770294123 nfev=1131 t=770.6s remaining=872
    iter=1129 E=-2.1770301728 nfev=1132 t=771.3s remaining=871
    iter=1130 E=-2.1770312659 nfev=1133 t=772.0s remaining=870
    iter=1131 E=-2.1770328740 nfev=1134 t=772.6s remaining=869
    iter=1132 E=-2.1770351235 nfev=1135 t=773.3s remaining=868
    iter=1133 E=-2.1770379645 nfev=1136 t=774.0s remaining=867
    iter=1134 E=-2.1770408452 nfev=1137 t=774.6s remaining=866
    iter=1135 E=-2.1770433312 nfev=1138 t=775.3s remaining=865
    iter=1136 E=-2.1770448754 nfev=1139 t=775.9s remaining=864
    iter=1137 E=-2.1770459616 nfev=1140 t=776.6s remaining=863
    iter=1138 E=-2.1770467758 nfev=1141 t=777.2s remaining=862
    iter=1139 E=-2.1770473987 nfev=1142 t=777.9s remaining=861
    iter=1140 E=-2.1770480508 nfev=1143 t=778.7s remaining=860
    iter=1141 E=-2.1770489036 nfev=1144 t=779.4s remaining=859
    iter=1142 E=-2.1770497053 nfev=1145 t=780.1s remaining=858
    iter=1143 E=-2.1770504613 nfev=1146 t=780.7s remaining=857
    iter=1144 E=-2.1770510352 nfev=1147 t=781.5s remaining=856
    iter=1145 E=-2.1770515434 nfev=1148 t=782.2s remaining=855
    iter=1146 E=-2.1770522251 nfev=1149 t=783.0s remaining=854
    iter=1147 E=-2.1770531530 nfev=1150 t=783.7s remaining=853
    iter=1148 E=-2.1770545289 nfev=1151 t=784.4s remaining=852
    iter=1149 E=-2.1770565592 nfev=1152 t=785.1s remaining=851
    iter=1150 E=-2.1770590812 nfev=1153 t=786.0s remaining=850
    iter=1151 E=-2.1770612027 nfev=1154 t=786.8s remaining=849
    iter=1152 E=-2.1770634499 nfev=1155 t=787.5s remaining=848
    iter=1153 E=-2.1770654034 nfev=1156 t=788.3s remaining=847
    iter=1154 E=-2.1770666164 nfev=1157 t=789.0s remaining=846
    iter=1155 E=-2.1770674796 nfev=1158 t=789.8s remaining=845
    iter=1156 E=-2.1770681181 nfev=1159 t=790.5s remaining=844
    iter=1157 E=-2.1770685739 nfev=1160 t=791.2s remaining=843
    iter=1158 E=-2.1770690332 nfev=1161 t=791.9s remaining=842
    iter=1159 E=-2.1770695923 nfev=1162 t=792.6s remaining=841
    iter=1160 E=-2.1770700347 nfev=1163 t=793.3s remaining=840
    iter=1161 E=-2.1770705290 nfev=1164 t=794.1s remaining=839
    iter=1162 E=-2.1770712032 nfev=1165 t=794.8s remaining=838
    iter=1163 E=-2.1770721198 nfev=1166 t=795.5s remaining=837
    iter=1164 E=-2.1770735246 nfev=1167 t=796.2s remaining=836
    iter=1165 E=-2.1770757379 nfev=1168 t=796.9s remaining=835
    iter=1166 E=-2.1770788231 nfev=1169 t=797.6s remaining=834
    iter=1167 E=-2.1770812343 nfev=1170 t=798.3s remaining=833
    iter=1168 E=-2.1770830381 nfev=1171 t=799.1s remaining=832
    iter=1169 E=-2.1770845095 nfev=1172 t=799.8s remaining=831
    iter=1170 E=-2.1770857607 nfev=1173 t=800.5s remaining=830
    iter=1171 E=-2.1770866195 nfev=1174 t=801.2s remaining=829
    iter=1172 E=-2.1770874785 nfev=1175 t=801.9s remaining=828
    iter=1173 E=-2.1770879511 nfev=1176 t=802.5s remaining=827
    iter=1174 E=-2.1770884205 nfev=1177 t=803.2s remaining=826
    iter=1175 E=-2.1770888646 nfev=1178 t=803.9s remaining=825
    iter=1176 E=-2.1770893116 nfev=1179 t=804.6s remaining=824
    iter=1177 E=-2.1770898696 nfev=1180 t=805.3s remaining=823
    iter=1178 E=-2.1770906156 nfev=1181 t=805.9s remaining=822
    iter=1179 E=-2.1770915233 nfev=1182 t=806.6s remaining=821
    iter=1180 E=-2.1770927183 nfev=1183 t=807.3s remaining=820
    iter=1181 E=-2.1770943278 nfev=1184 t=808.0s remaining=819
    iter=1182 E=-2.1770961591 nfev=1185 t=808.6s remaining=818
    iter=1183 E=-2.1770983590 nfev=1186 t=809.3s remaining=817
    iter=1184 E=-2.1771013976 nfev=1187 t=810.0s remaining=816
    iter=1185 E=-2.1771049351 nfev=1188 t=810.6s remaining=815
    iter=1186 E=-2.1771076530 nfev=1189 t=811.3s remaining=814
    iter=1187 E=-2.1771096612 nfev=1190 t=811.9s remaining=813
    iter=1188 E=-2.1771106696 nfev=1191 t=812.6s remaining=812
    iter=1189 E=-2.1771113324 nfev=1192 t=813.2s remaining=811
    iter=1190 E=-2.1771118534 nfev=1193 t=813.9s remaining=810
    iter=1191 E=-2.1771123201 nfev=1194 t=814.5s remaining=809
    iter=1192 E=-2.1771125950 nfev=1195 t=815.2s remaining=808
    iter=1193 E=-2.1771128794 nfev=1196 t=815.9s remaining=807
    iter=1194 E=-2.1771132588 nfev=1197 t=816.5s remaining=806
    iter=1195 E=-2.1771137920 nfev=1198 t=817.2s remaining=805
    iter=1196 E=-2.1771145804 nfev=1199 t=817.9s remaining=804
    iter=1197 E=-2.1771157390 nfev=1200 t=818.6s remaining=803
    iter=1198 E=-2.1771172160 nfev=1201 t=819.3s remaining=802
    iter=1199 E=-2.1771187883 nfev=1202 t=820.0s remaining=801
    iter=1200 E=-2.1771205008 nfev=1203 t=820.7s remaining=800
    iter=1201 E=-2.1771222789 nfev=1204 t=821.3s remaining=799
    iter=1202 E=-2.1771237881 nfev=1205 t=822.1s remaining=798
    iter=1203 E=-2.1771248966 nfev=1206 t=822.7s remaining=797
    iter=1204 E=-2.1771256344 nfev=1207 t=823.4s remaining=796
    iter=1205 E=-2.1771260363 nfev=1208 t=824.0s remaining=795
    iter=1206 E=-2.1771262944 nfev=1209 t=824.7s remaining=794
    iter=1207 E=-2.1771265170 nfev=1210 t=825.4s remaining=793
    iter=1208 E=-2.1771267501 nfev=1211 t=826.1s remaining=792
    iter=1209 E=-2.1771270593 nfev=1212 t=826.7s remaining=791
    iter=1210 E=-2.1771275457 nfev=1213 t=827.4s remaining=790
    iter=1211 E=-2.1771283470 nfev=1214 t=828.0s remaining=789
    iter=1212 E=-2.1771296028 nfev=1215 t=828.7s remaining=788
    iter=1213 E=-2.1771312784 nfev=1216 t=829.4s remaining=787
    iter=1214 E=-2.1771325637 nfev=1217 t=830.1s remaining=786
    iter=1215 E=-2.1771338178 nfev=1218 t=830.8s remaining=785
    iter=1216 E=-2.1771348557 nfev=1219 t=831.5s remaining=784
    iter=1217 E=-2.1771356130 nfev=1220 t=832.2s remaining=783
    iter=1218 E=-2.1771362865 nfev=1221 t=832.8s remaining=782
    iter=1219 E=-2.1771369550 nfev=1222 t=833.6s remaining=781
    iter=1220 E=-2.1771374319 nfev=1223 t=834.3s remaining=780
    iter=1221 E=-2.1771377602 nfev=1224 t=835.0s remaining=779
    iter=1222 E=-2.1771380598 nfev=1225 t=835.7s remaining=778
    iter=1223 E=-2.1771382591 nfev=1226 t=836.3s remaining=777
    iter=1224 E=-2.1771384680 nfev=1227 t=837.0s remaining=776
    iter=1225 E=-2.1771386941 nfev=1228 t=837.7s remaining=775
    iter=1226 E=-2.1771390396 nfev=1229 t=838.4s remaining=774
    iter=1227 E=-2.1771395514 nfev=1230 t=839.0s remaining=773
    iter=1228 E=-2.1771403095 nfev=1231 t=839.7s remaining=772
    iter=1229 E=-2.1771414705 nfev=1232 t=840.4s remaining=771
    iter=1230 E=-2.1771431786 nfev=1233 t=841.2s remaining=770
    iter=1231 E=-2.1771450107 nfev=1234 t=841.9s remaining=769
    iter=1232 E=-2.1771461135 nfev=1235 t=842.5s remaining=768
    iter=1233 E=-2.1771469019 nfev=1236 t=843.2s remaining=767
    iter=1234 E=-2.1771472798 nfev=1237 t=843.8s remaining=766
    iter=1235 E=-2.1771475188 nfev=1238 t=844.5s remaining=765
    iter=1236 E=-2.1771476832 nfev=1239 t=845.1s remaining=764
    iter=1237 E=-2.1771478525 nfev=1240 t=845.8s remaining=763
    iter=1238 E=-2.1771480121 nfev=1241 t=846.4s remaining=762
    iter=1239 E=-2.1771482316 nfev=1242 t=847.0s remaining=761
    iter=1240 E=-2.1771485372 nfev=1243 t=847.8s remaining=760
    iter=1241 E=-2.1771490020 nfev=1244 t=848.6s remaining=759
    iter=1242 E=-2.1771497304 nfev=1245 t=849.2s remaining=758
    iter=1243 E=-2.1771508237 nfev=1246 t=849.9s remaining=757
    iter=1244 E=-2.1771521773 nfev=1247 t=850.6s remaining=756
    iter=1245 E=-2.1771533370 nfev=1248 t=851.3s remaining=755
    iter=1246 E=-2.1771542055 nfev=1249 t=852.0s remaining=754
    iter=1247 E=-2.1771545998 nfev=1250 t=852.7s remaining=753
    iter=1248 E=-2.1771548364 nfev=1251 t=853.4s remaining=752
    iter=1249 E=-2.1771549985 nfev=1252 t=854.1s remaining=751
    iter=1250 E=-2.1771551511 nfev=1253 t=854.8s remaining=750
    iter=1251 E=-2.1771552639 nfev=1254 t=855.4s remaining=749
    iter=1252 E=-2.1771554257 nfev=1255 t=856.2s remaining=748
    iter=1253 E=-2.1771556531 nfev=1256 t=856.9s remaining=747
    iter=1254 E=-2.1771559293 nfev=1257 t=857.6s remaining=746
    iter=1255 E=-2.1771562767 nfev=1258 t=858.3s remaining=745
    iter=1256 E=-2.1771567473 nfev=1259 t=859.0s remaining=744
    iter=1257 E=-2.1771573878 nfev=1260 t=859.7s remaining=743
    iter=1258 E=-2.1771581328 nfev=1261 t=860.3s remaining=742
    iter=1259 E=-2.1771588507 nfev=1262 t=861.0s remaining=741
    iter=1260 E=-2.1771594412 nfev=1263 t=861.6s remaining=740
    iter=1261 E=-2.1771598301 nfev=1264 t=862.3s remaining=739
    iter=1262 E=-2.1771600596 nfev=1265 t=863.0s remaining=738
    iter=1263 E=-2.1771602221 nfev=1266 t=863.7s remaining=737
    iter=1264 E=-2.1771603687 nfev=1267 t=864.4s remaining=736
    iter=1265 E=-2.1771605082 nfev=1268 t=865.1s remaining=735
    iter=1266 E=-2.1771606522 nfev=1269 t=865.8s remaining=734
    iter=1267 E=-2.1771608065 nfev=1270 t=866.4s remaining=733
    iter=1268 E=-2.1771610077 nfev=1271 t=867.1s remaining=732
    iter=1269 E=-2.1771613151 nfev=1272 t=867.8s remaining=731
    iter=1270 E=-2.1771617796 nfev=1273 t=868.4s remaining=730
    iter=1271 E=-2.1771624516 nfev=1274 t=869.1s remaining=729
    iter=1272 E=-2.1771632890 nfev=1275 t=869.8s remaining=728
    iter=1273 E=-2.1771642504 nfev=1276 t=870.4s remaining=727
    iter=1274 E=-2.1771651010 nfev=1277 t=871.1s remaining=726
    iter=1275 E=-2.1771656068 nfev=1278 t=871.8s remaining=725
    iter=1276 E=-2.1771658597 nfev=1279 t=872.4s remaining=724
    iter=1277 E=-2.1771659980 nfev=1280 t=873.1s remaining=723
    iter=1278 E=-2.1771661031 nfev=1281 t=873.8s remaining=722
    iter=1279 E=-2.1771661775 nfev=1282 t=874.4s remaining=721
    iter=1280 E=-2.1771662443 nfev=1283 t=875.1s remaining=720
    iter=1281 E=-2.1771663306 nfev=1284 t=875.7s remaining=719
    iter=1282 E=-2.1771664585 nfev=1285 t=876.4s remaining=718
    iter=1283 E=-2.1771666669 nfev=1286 t=877.1s remaining=717
    iter=1284 E=-2.1771670111 nfev=1287 t=877.7s remaining=716
    iter=1285 E=-2.1771675791 nfev=1288 t=878.4s remaining=715
    iter=1286 E=-2.1771684449 nfev=1289 t=879.2s remaining=714
    iter=1287 E=-2.1771695462 nfev=1290 t=879.9s remaining=713
    iter=1288 E=-2.1771703795 nfev=1291 t=880.6s remaining=712
    iter=1289 E=-2.1771711631 nfev=1292 t=881.3s remaining=711
    iter=1290 E=-2.1771715305 nfev=1293 t=881.9s remaining=710
    iter=1291 E=-2.1771717211 nfev=1294 t=882.6s remaining=709
    iter=1292 E=-2.1771718457 nfev=1295 t=883.2s remaining=708
    iter=1293 E=-2.1771719247 nfev=1296 t=883.9s remaining=707
    iter=1294 E=-2.1771719894 nfev=1297 t=884.6s remaining=706
    iter=1295 E=-2.1771720610 nfev=1298 t=885.2s remaining=705
    iter=1296 E=-2.1771721668 nfev=1299 t=885.9s remaining=704
    iter=1297 E=-2.1771723198 nfev=1300 t=886.6s remaining=703
    iter=1298 E=-2.1771725460 nfev=1301 t=887.4s remaining=702
    iter=1299 E=-2.1771728635 nfev=1302 t=888.0s remaining=701
    iter=1300 E=-2.1771733008 nfev=1303 t=888.8s remaining=700
    iter=1301 E=-2.1771738032 nfev=1304 t=889.5s remaining=699
    iter=1302 E=-2.1771742686 nfev=1305 t=890.2s remaining=698
    iter=1303 E=-2.1771746325 nfev=1306 t=890.8s remaining=697
    iter=1304 E=-2.1771749248 nfev=1307 t=891.4s remaining=696
    iter=1305 E=-2.1771751726 nfev=1308 t=892.1s remaining=695
    iter=1306 E=-2.1771753756 nfev=1309 t=892.8s remaining=694
    iter=1307 E=-2.1771754854 nfev=1310 t=893.4s remaining=693
    iter=1308 E=-2.1771755543 nfev=1311 t=894.1s remaining=692
    iter=1309 E=-2.1771756100 nfev=1312 t=894.8s remaining=691
    iter=1310 E=-2.1771756596 nfev=1313 t=895.4s remaining=690
    iter=1311 E=-2.1771757222 nfev=1314 t=896.2s remaining=689
    iter=1312 E=-2.1771758199 nfev=1315 t=897.0s remaining=688
    iter=1313 E=-2.1771759741 nfev=1316 t=897.9s remaining=687
    iter=1314 E=-2.1771762142 nfev=1317 t=898.6s remaining=686
    iter=1315 E=-2.1771765682 nfev=1318 t=899.4s remaining=685
    iter=1316 E=-2.1771770309 nfev=1319 t=900.1s remaining=684
    iter=1317 E=-2.1771775030 nfev=1320 t=900.7s remaining=683
    iter=1318 E=-2.1771779780 nfev=1321 t=901.4s remaining=682
    iter=1319 E=-2.1771783370 nfev=1322 t=902.2s remaining=681
    iter=1320 E=-2.1771786353 nfev=1323 t=902.9s remaining=680
    iter=1321 E=-2.1771788297 nfev=1324 t=903.5s remaining=679
    iter=1322 E=-2.1771789291 nfev=1325 t=904.3s remaining=678
    iter=1323 E=-2.1771789740 nfev=1326 t=905.0s remaining=677
    iter=1324 E=-2.1771790133 nfev=1327 t=905.7s remaining=676
    iter=1325 E=-2.1771790689 nfev=1328 t=906.4s remaining=675
    iter=1326 E=-2.1771791568 nfev=1329 t=907.0s remaining=674
    iter=1327 E=-2.1771792945 nfev=1330 t=907.7s remaining=673
    iter=1328 E=-2.1771795166 nfev=1331 t=908.4s remaining=672
    iter=1329 E=-2.1771798647 nfev=1332 t=909.1s remaining=671
    iter=1330 E=-2.1771803629 nfev=1333 t=909.9s remaining=670
    iter=1331 E=-2.1771808159 nfev=1334 t=910.6s remaining=669
    iter=1332 E=-2.1771811659 nfev=1335 t=911.2s remaining=668
    iter=1333 E=-2.1771813601 nfev=1336 t=911.9s remaining=667
    iter=1334 E=-2.1771814759 nfev=1337 t=912.6s remaining=666
    iter=1335 E=-2.1771815531 nfev=1338 t=913.3s remaining=665
    iter=1336 E=-2.1771816107 nfev=1339 t=913.9s remaining=664
    iter=1337 E=-2.1771816558 nfev=1340 t=914.6s remaining=663
    iter=1338 E=-2.1771817148 nfev=1341 t=915.3s remaining=662
    iter=1339 E=-2.1771818007 nfev=1342 t=916.1s remaining=661
    iter=1340 E=-2.1771819356 nfev=1343 t=916.8s remaining=660
    iter=1341 E=-2.1771821532 nfev=1344 t=917.5s remaining=659
    iter=1342 E=-2.1771825111 nfev=1345 t=918.3s remaining=658
    iter=1343 E=-2.1771830860 nfev=1346 t=919.0s remaining=657
    iter=1344 E=-2.1771839402 nfev=1347 t=919.7s remaining=656
    iter=1345 E=-2.1771848055 nfev=1348 t=920.5s remaining=655
    iter=1346 E=-2.1771854474 nfev=1349 t=921.2s remaining=654
    iter=1347 E=-2.1771858849 nfev=1350 t=921.8s remaining=653
    iter=1348 E=-2.1771860682 nfev=1351 t=922.5s remaining=652
    iter=1349 E=-2.1771861568 nfev=1352 t=923.2s remaining=651
    iter=1350 E=-2.1771862160 nfev=1353 t=923.9s remaining=650
    iter=1351 E=-2.1771862961 nfev=1354 t=924.6s remaining=649
    iter=1352 E=-2.1771863670 nfev=1355 t=925.3s remaining=648
    iter=1353 E=-2.1771864856 nfev=1356 t=925.9s remaining=647
    iter=1354 E=-2.1771866845 nfev=1357 t=926.6s remaining=646
    iter=1355 E=-2.1771870095 nfev=1358 t=927.3s remaining=645
    iter=1356 E=-2.1771875206 nfev=1359 t=927.9s remaining=644
    iter=1357 E=-2.1771882789 nfev=1360 t=928.6s remaining=643
    iter=1358 E=-2.1771892976 nfev=1361 t=929.4s remaining=642
    iter=1359 E=-2.1771902780 nfev=1362 t=930.1s remaining=641
    iter=1360 E=-2.1771909999 nfev=1363 t=930.7s remaining=640
    iter=1361 E=-2.1771913251 nfev=1364 t=931.4s remaining=639
    iter=1362 E=-2.1771914533 nfev=1365 t=932.1s remaining=638
    iter=1363 E=-2.1771915612 nfev=1366 t=932.8s remaining=637
    iter=1364 E=-2.1771916584 nfev=1367 t=933.5s remaining=636
    iter=1365 E=-2.1771917380 nfev=1368 t=934.1s remaining=635
    iter=1366 E=-2.1771918427 nfev=1369 t=934.8s remaining=634
    iter=1367 E=-2.1771920032 nfev=1370 t=935.5s remaining=633
    iter=1368 E=-2.1771922562 nfev=1371 t=936.2s remaining=632
    iter=1369 E=-2.1771926539 nfev=1372 t=936.9s remaining=631
    iter=1370 E=-2.1771932459 nfev=1373 t=937.5s remaining=630
    iter=1371 E=-2.1771941003 nfev=1374 t=938.2s remaining=629
    iter=1372 E=-2.1771952757 nfev=1375 t=938.9s remaining=628
    iter=1373 E=-2.1771966890 nfev=1376 t=939.6s remaining=627
    iter=1374 E=-2.1771978076 nfev=1377 t=940.3s remaining=626
    iter=1375 E=-2.1771987809 nfev=1378 t=941.0s remaining=625
    iter=1376 E=-2.1771993021 nfev=1379 t=941.6s remaining=624
    iter=1377 E=-2.1771995684 nfev=1380 t=942.3s remaining=623
    iter=1378 E=-2.1771999464 nfev=1381 t=943.0s remaining=622
    iter=1379 E=-2.1772001887 nfev=1382 t=943.7s remaining=621
    iter=1380 E=-2.1772003992 nfev=1383 t=944.3s remaining=620
    iter=1381 E=-2.1772005190 nfev=1384 t=945.0s remaining=619
    iter=1382 E=-2.1772006240 nfev=1385 t=945.7s remaining=618
    iter=1383 E=-2.1772007719 nfev=1386 t=946.4s remaining=617
    iter=1384 E=-2.1772009933 nfev=1387 t=947.0s remaining=616
    iter=1385 E=-2.1772013298 nfev=1388 t=947.8s remaining=615
    iter=1386 E=-2.1772018478 nfev=1389 t=948.6s remaining=614
    iter=1387 E=-2.1772026352 nfev=1390 t=949.3s remaining=613
    iter=1388 E=-2.1772036897 nfev=1391 t=950.0s remaining=612
    iter=1389 E=-2.1772048967 nfev=1392 t=950.6s remaining=611
    iter=1390 E=-2.1772061226 nfev=1393 t=951.3s remaining=610
    iter=1391 E=-2.1772074895 nfev=1394 t=951.9s remaining=609
    iter=1392 E=-2.1772081389 nfev=1396 t=953.3s remaining=608
    iter=1393 E=-2.1772089223 nfev=1397 t=954.0s remaining=607
    iter=1394 E=-2.1772095276 nfev=1398 t=954.7s remaining=606
    iter=1395 E=-2.1772101979 nfev=1399 t=955.4s remaining=605
    iter=1396 E=-2.1772106569 nfev=1400 t=956.0s remaining=604
    iter=1397 E=-2.1772110893 nfev=1401 t=956.7s remaining=603
    iter=1398 E=-2.1772115255 nfev=1402 t=957.3s remaining=602
    iter=1399 E=-2.1772118908 nfev=1403 t=958.0s remaining=601
    iter=1400 E=-2.1772122470 nfev=1404 t=958.6s remaining=600
    iter=1401 E=-2.1772125645 nfev=1405 t=959.3s remaining=599
    iter=1402 E=-2.1772129761 nfev=1406 t=960.0s remaining=598
    iter=1403 E=-2.1772135127 nfev=1407 t=960.7s remaining=597
    iter=1404 E=-2.1772139769 nfev=1408 t=961.4s remaining=596
    iter=1405 E=-2.1772143757 nfev=1409 t=962.0s remaining=595
    iter=1406 E=-2.1772147271 nfev=1410 t=962.7s remaining=594
    iter=1407 E=-2.1772150276 nfev=1411 t=963.4s remaining=593
    iter=1408 E=-2.1772153091 nfev=1412 t=964.1s remaining=592
    iter=1409 E=-2.1772157284 nfev=1413 t=964.8s remaining=591
    iter=1410 E=-2.1772163456 nfev=1414 t=965.5s remaining=590
    iter=1411 E=-2.1772171943 nfev=1415 t=966.1s remaining=589
    iter=1412 E=-2.1772183956 nfev=1416 t=966.8s remaining=588
    iter=1413 E=-2.1772200463 nfev=1417 t=967.5s remaining=587
    iter=1414 E=-2.1772219243 nfev=1418 t=968.2s remaining=586
    iter=1415 E=-2.1772236760 nfev=1419 t=968.9s remaining=585
    iter=1416 E=-2.1772254145 nfev=1420 t=969.6s remaining=584
    iter=1417 E=-2.1772269843 nfev=1421 t=970.2s remaining=583
    iter=1418 E=-2.1772276162 nfev=1422 t=971.0s remaining=582
    iter=1419 E=-2.1772285476 nfev=1423 t=971.7s remaining=581
    iter=1420 E=-2.1772295245 nfev=1424 t=972.4s remaining=580
    iter=1421 E=-2.1772301194 nfev=1425 t=973.0s remaining=579
    iter=1422 E=-2.1772307487 nfev=1426 t=973.7s remaining=578
    iter=1423 E=-2.1772310974 nfev=1427 t=974.4s remaining=577
    iter=1424 E=-2.1772314985 nfev=1428 t=975.1s remaining=576
    iter=1425 E=-2.1772318083 nfev=1429 t=975.8s remaining=575
    iter=1426 E=-2.1772321967 nfev=1430 t=976.5s remaining=574
    iter=1427 E=-2.1772327004 nfev=1431 t=977.1s remaining=573
    iter=1428 E=-2.1772331807 nfev=1432 t=977.9s remaining=572
    iter=1429 E=-2.1772337439 nfev=1433 t=978.6s remaining=571
    iter=1430 E=-2.1772344733 nfev=1434 t=979.3s remaining=570
    iter=1431 E=-2.1772353145 nfev=1435 t=980.0s remaining=569
    iter=1432 E=-2.1772362000 nfev=1436 t=980.7s remaining=568
    iter=1433 E=-2.1772372709 nfev=1437 t=981.4s remaining=567
    iter=1434 E=-2.1772388130 nfev=1438 t=982.1s remaining=566
    iter=1435 E=-2.1772403788 nfev=1439 t=982.8s remaining=565
    iter=1436 E=-2.1772411315 nfev=1440 t=983.5s remaining=564
    iter=1437 E=-2.1772421845 nfev=1441 t=984.2s remaining=563
    iter=1438 E=-2.1772432075 nfev=1442 t=984.9s remaining=562
    iter=1439 E=-2.1772442406 nfev=1443 t=985.6s remaining=561
    iter=1440 E=-2.1772451558 nfev=1444 t=986.3s remaining=560
    iter=1441 E=-2.1772464356 nfev=1445 t=987.0s remaining=559
    iter=1442 E=-2.1772481111 nfev=1446 t=987.7s remaining=558
    iter=1443 E=-2.1772492174 nfev=1447 t=988.4s remaining=557
    iter=1444 E=-2.1772504705 nfev=1448 t=989.1s remaining=556
    iter=1445 E=-2.1772514682 nfev=1449 t=989.7s remaining=555
    iter=1446 E=-2.1772523633 nfev=1450 t=990.4s remaining=554
    iter=1447 E=-2.1772529136 nfev=1451 t=991.1s remaining=553
    iter=1448 E=-2.1772534076 nfev=1452 t=991.8s remaining=552
    iter=1449 E=-2.1772540422 nfev=1453 t=992.5s remaining=551
    iter=1450 E=-2.1772546123 nfev=1454 t=993.2s remaining=550
    iter=1451 E=-2.1772551590 nfev=1455 t=993.9s remaining=549
    iter=1452 E=-2.1772556597 nfev=1456 t=994.6s remaining=548
    iter=1453 E=-2.1772560886 nfev=1457 t=995.3s remaining=547
    iter=1454 E=-2.1772564298 nfev=1458 t=996.0s remaining=546
    iter=1455 E=-2.1772568374 nfev=1459 t=996.7s remaining=545
    iter=1456 E=-2.1772572614 nfev=1460 t=997.4s remaining=544
    iter=1457 E=-2.1772576901 nfev=1461 t=998.1s remaining=543
    iter=1458 E=-2.1772583105 nfev=1462 t=998.8s remaining=542
    iter=1459 E=-2.1772591603 nfev=1463 t=999.5s remaining=541
    iter=1460 E=-2.1772602991 nfev=1464 t=1000.2s remaining=540
    iter=1461 E=-2.1772616512 nfev=1465 t=1000.9s remaining=539
    iter=1462 E=-2.1772634239 nfev=1466 t=1001.6s remaining=538
    iter=1463 E=-2.1772655117 nfev=1467 t=1002.3s remaining=537
    iter=1464 E=-2.1772677831 nfev=1468 t=1003.0s remaining=536
    iter=1465 E=-2.1772696962 nfev=1469 t=1003.7s remaining=535
    iter=1466 E=-2.1772710561 nfev=1470 t=1004.4s remaining=534
    iter=1467 E=-2.1772720683 nfev=1471 t=1005.1s remaining=533
    iter=1468 E=-2.1772727621 nfev=1472 t=1005.8s remaining=532
    iter=1469 E=-2.1772733267 nfev=1473 t=1006.4s remaining=531
    iter=1470 E=-2.1772738573 nfev=1474 t=1007.1s remaining=530
    iter=1471 E=-2.1772744790 nfev=1475 t=1007.8s remaining=529
    iter=1472 E=-2.1772750944 nfev=1476 t=1008.5s remaining=528
    iter=1473 E=-2.1772755569 nfev=1477 t=1009.2s remaining=527
    iter=1474 E=-2.1772759411 nfev=1478 t=1009.9s remaining=526
    iter=1475 E=-2.1772762743 nfev=1479 t=1010.6s remaining=525
    iter=1476 E=-2.1772766040 nfev=1480 t=1011.3s remaining=524
    iter=1477 E=-2.1772769898 nfev=1481 t=1012.0s remaining=523
    iter=1478 E=-2.1772774013 nfev=1482 t=1012.7s remaining=522
    iter=1479 E=-2.1772778375 nfev=1483 t=1013.4s remaining=521
    iter=1480 E=-2.1772783845 nfev=1484 t=1014.1s remaining=520
    iter=1481 E=-2.1772790983 nfev=1485 t=1014.8s remaining=519
    iter=1482 E=-2.1772798796 nfev=1486 t=1015.4s remaining=518
    iter=1483 E=-2.1772805952 nfev=1487 t=1016.1s remaining=517
    iter=1484 E=-2.1772813159 nfev=1488 t=1016.8s remaining=516
    iter=1485 E=-2.1772820660 nfev=1489 t=1017.5s remaining=515
    iter=1486 E=-2.1772828203 nfev=1490 t=1018.2s remaining=514
    iter=1487 E=-2.1772837609 nfev=1491 t=1018.9s remaining=513
    iter=1488 E=-2.1772848661 nfev=1492 t=1019.6s remaining=512
    iter=1489 E=-2.1772860214 nfev=1493 t=1020.3s remaining=511
    iter=1490 E=-2.1772872414 nfev=1494 t=1021.0s remaining=510
    iter=1491 E=-2.1772888353 nfev=1495 t=1021.7s remaining=509
    iter=1492 E=-2.1772903799 nfev=1496 t=1022.4s remaining=508
    iter=1493 E=-2.1772917702 nfev=1497 t=1023.1s remaining=507
    iter=1494 E=-2.1772929368 nfev=1498 t=1023.8s remaining=506
    iter=1495 E=-2.1772935470 nfev=1499 t=1024.5s remaining=505
    iter=1496 E=-2.1772941142 nfev=1500 t=1025.2s remaining=504
    iter=1497 E=-2.1772947714 nfev=1501 t=1025.9s remaining=503
    iter=1498 E=-2.1772953467 nfev=1502 t=1026.6s remaining=502
    iter=1499 E=-2.1772958530 nfev=1503 t=1027.4s remaining=501
    iter=1500 E=-2.1772962813 nfev=1504 t=1028.1s remaining=500
    iter=1501 E=-2.1772967119 nfev=1505 t=1028.8s remaining=499
    iter=1502 E=-2.1772971752 nfev=1506 t=1029.5s remaining=498
    iter=1503 E=-2.1772976480 nfev=1507 t=1030.1s remaining=497
    iter=1504 E=-2.1772982091 nfev=1508 t=1030.8s remaining=496
    iter=1505 E=-2.1772988451 nfev=1509 t=1031.5s remaining=495
    iter=1506 E=-2.1772993656 nfev=1510 t=1032.2s remaining=494
    iter=1507 E=-2.1772999995 nfev=1511 t=1032.8s remaining=493
    iter=1508 E=-2.1773008526 nfev=1512 t=1033.6s remaining=492
    iter=1509 E=-2.1773017589 nfev=1513 t=1034.2s remaining=491
    iter=1510 E=-2.1773025720 nfev=1514 t=1034.9s remaining=490
    iter=1511 E=-2.1773033980 nfev=1515 t=1035.5s remaining=489
    iter=1512 E=-2.1773042122 nfev=1516 t=1036.2s remaining=488
    iter=1513 E=-2.1773051308 nfev=1517 t=1036.8s remaining=487
    iter=1514 E=-2.1773063171 nfev=1518 t=1037.6s remaining=486
    iter=1515 E=-2.1773075260 nfev=1519 t=1038.4s remaining=485
    iter=1516 E=-2.1773085670 nfev=1520 t=1039.1s remaining=484
    iter=1517 E=-2.1773095583 nfev=1521 t=1039.8s remaining=483
    iter=1518 E=-2.1773105447 nfev=1522 t=1040.5s remaining=482
    iter=1519 E=-2.1773113987 nfev=1523 t=1041.2s remaining=481
    iter=1520 E=-2.1773120776 nfev=1524 t=1041.9s remaining=480
    iter=1521 E=-2.1773128204 nfev=1525 t=1042.6s remaining=479
    iter=1522 E=-2.1773135506 nfev=1526 t=1043.3s remaining=478
    iter=1523 E=-2.1773140882 nfev=1527 t=1044.0s remaining=477
    iter=1524 E=-2.1773146138 nfev=1528 t=1044.6s remaining=476
    iter=1525 E=-2.1773150463 nfev=1529 t=1045.3s remaining=475
    iter=1526 E=-2.1773153800 nfev=1530 t=1046.1s remaining=474
    iter=1527 E=-2.1773157017 nfev=1531 t=1046.7s remaining=473
    iter=1528 E=-2.1773160376 nfev=1532 t=1047.5s remaining=472
    iter=1529 E=-2.1773163653 nfev=1533 t=1048.2s remaining=471
    iter=1530 E=-2.1773167653 nfev=1534 t=1048.9s remaining=470
    iter=1531 E=-2.1773172178 nfev=1535 t=1049.5s remaining=469
    iter=1532 E=-2.1773177289 nfev=1536 t=1050.2s remaining=468
    iter=1533 E=-2.1773183820 nfev=1537 t=1050.9s remaining=467
    iter=1534 E=-2.1773191815 nfev=1538 t=1051.6s remaining=466
    iter=1535 E=-2.1773202215 nfev=1539 t=1052.3s remaining=465
    iter=1536 E=-2.1773212935 nfev=1540 t=1053.0s remaining=464
    iter=1537 E=-2.1773225441 nfev=1541 t=1053.7s remaining=463
    iter=1538 E=-2.1773240220 nfev=1542 t=1054.3s remaining=462
    iter=1539 E=-2.1773257097 nfev=1543 t=1055.0s remaining=461
    iter=1540 E=-2.1773270381 nfev=1544 t=1055.7s remaining=460
    iter=1541 E=-2.1773280969 nfev=1545 t=1056.4s remaining=459
    iter=1542 E=-2.1773293012 nfev=1546 t=1057.0s remaining=458
    iter=1543 E=-2.1773305914 nfev=1547 t=1057.7s remaining=457
    iter=1544 E=-2.1773315986 nfev=1548 t=1058.4s remaining=456
    iter=1545 E=-2.1773325125 nfev=1549 t=1059.0s remaining=455
    iter=1546 E=-2.1773330643 nfev=1550 t=1059.7s remaining=454
    iter=1547 E=-2.1773336905 nfev=1551 t=1060.3s remaining=453
    iter=1548 E=-2.1773343576 nfev=1552 t=1061.0s remaining=452
    iter=1549 E=-2.1773350563 nfev=1553 t=1061.7s remaining=451
    iter=1550 E=-2.1773356755 nfev=1554 t=1062.4s remaining=450
    iter=1551 E=-2.1773363157 nfev=1555 t=1063.1s remaining=449
    iter=1552 E=-2.1773367547 nfev=1556 t=1063.8s remaining=448
    iter=1553 E=-2.1773370870 nfev=1557 t=1064.5s remaining=447
    iter=1554 E=-2.1773374317 nfev=1558 t=1065.1s remaining=446
    iter=1555 E=-2.1773378324 nfev=1559 t=1065.8s remaining=445
    iter=1556 E=-2.1773383507 nfev=1560 t=1066.7s remaining=444
    iter=1557 E=-2.1773389022 nfev=1561 t=1067.5s remaining=443
    iter=1558 E=-2.1773394221 nfev=1562 t=1068.4s remaining=442
    iter=1559 E=-2.1773399592 nfev=1563 t=1069.2s remaining=441
    iter=1560 E=-2.1773405392 nfev=1564 t=1070.1s remaining=440
    iter=1561 E=-2.1773410959 nfev=1565 t=1071.0s remaining=439
    iter=1562 E=-2.1773416143 nfev=1566 t=1071.8s remaining=438
    iter=1563 E=-2.1773422311 nfev=1567 t=1072.7s remaining=437
    iter=1564 E=-2.1773429995 nfev=1568 t=1073.5s remaining=436
    iter=1565 E=-2.1773438047 nfev=1569 t=1074.3s remaining=435
    iter=1566 E=-2.1773448031 nfev=1570 t=1075.2s remaining=434
    iter=1567 E=-2.1773456900 nfev=1571 t=1076.0s remaining=433
    iter=1568 E=-2.1773462551 nfev=1572 t=1076.9s remaining=432
    iter=1569 E=-2.1773467926 nfev=1573 t=1077.7s remaining=431
    iter=1570 E=-2.1773473628 nfev=1574 t=1078.5s remaining=430
    iter=1571 E=-2.1773478117 nfev=1575 t=1079.4s remaining=429
    iter=1572 E=-2.1773481329 nfev=1576 t=1080.2s remaining=428
    iter=1573 E=-2.1773484213 nfev=1577 t=1081.1s remaining=427
    iter=1574 E=-2.1773487222 nfev=1578 t=1081.9s remaining=426
    iter=1575 E=-2.1773490711 nfev=1579 t=1082.7s remaining=425
    iter=1576 E=-2.1773494413 nfev=1580 t=1083.5s remaining=424
    iter=1577 E=-2.1773498848 nfev=1581 t=1084.4s remaining=423
    iter=1578 E=-2.1773503532 nfev=1582 t=1085.2s remaining=422
    iter=1579 E=-2.1773508132 nfev=1583 t=1086.1s remaining=421
    iter=1580 E=-2.1773512158 nfev=1584 t=1086.9s remaining=420
    iter=1581 E=-2.1773515927 nfev=1585 t=1087.8s remaining=419
    iter=1582 E=-2.1773519710 nfev=1586 t=1088.6s remaining=418
    iter=1583 E=-2.1773524218 nfev=1587 t=1089.5s remaining=417
    iter=1584 E=-2.1773528764 nfev=1588 t=1090.3s remaining=416
    iter=1585 E=-2.1773533158 nfev=1589 t=1091.1s remaining=415
    iter=1586 E=-2.1773538264 nfev=1590 t=1091.8s remaining=414
    iter=1587 E=-2.1773545007 nfev=1591 t=1092.5s remaining=413
    iter=1588 E=-2.1773551661 nfev=1592 t=1093.2s remaining=412
    iter=1589 E=-2.1773558936 nfev=1593 t=1093.9s remaining=411
    iter=1590 E=-2.1773566994 nfev=1594 t=1094.5s remaining=410
    iter=1591 E=-2.1773573808 nfev=1595 t=1095.2s remaining=409
    iter=1592 E=-2.1773582478 nfev=1596 t=1095.8s remaining=408
    iter=1593 E=-2.1773593497 nfev=1597 t=1096.5s remaining=407
    iter=1594 E=-2.1773600739 nfev=1598 t=1097.1s remaining=406
    iter=1595 E=-2.1773606085 nfev=1599 t=1097.8s remaining=405
    iter=1596 E=-2.1773609816 nfev=1600 t=1098.5s remaining=404
    iter=1597 E=-2.1773612396 nfev=1601 t=1099.2s remaining=403
    iter=1598 E=-2.1773614349 nfev=1602 t=1099.9s remaining=402
    iter=1599 E=-2.1773616139 nfev=1603 t=1100.6s remaining=401
    iter=1600 E=-2.1773617807 nfev=1604 t=1101.2s remaining=400
    iter=1601 E=-2.1773619404 nfev=1605 t=1101.9s remaining=399
    iter=1602 E=-2.1773621121 nfev=1606 t=1102.5s remaining=398
    iter=1603 E=-2.1773623217 nfev=1607 t=1103.2s remaining=397
    iter=1604 E=-2.1773626129 nfev=1608 t=1103.8s remaining=396
    iter=1605 E=-2.1773629322 nfev=1609 t=1104.5s remaining=395
    iter=1606 E=-2.1773632763 nfev=1610 t=1105.2s remaining=394
    iter=1607 E=-2.1773637187 nfev=1611 t=1105.8s remaining=393
    iter=1608 E=-2.1773643159 nfev=1612 t=1106.5s remaining=392
    iter=1609 E=-2.1773650849 nfev=1613 t=1107.2s remaining=391
    iter=1610 E=-2.1773660163 nfev=1614 t=1107.8s remaining=390
    iter=1611 E=-2.1773670166 nfev=1615 t=1108.5s remaining=389
    iter=1612 E=-2.1773679641 nfev=1616 t=1109.1s remaining=388
    iter=1613 E=-2.1773687497 nfev=1617 t=1109.8s remaining=387
    iter=1614 E=-2.1773694517 nfev=1618 t=1110.4s remaining=386
    iter=1615 E=-2.1773699624 nfev=1619 t=1111.1s remaining=385
    iter=1616 E=-2.1773702719 nfev=1620 t=1111.8s remaining=384
    iter=1617 E=-2.1773705092 nfev=1621 t=1112.5s remaining=383
    iter=1618 E=-2.1773707436 nfev=1622 t=1113.2s remaining=382
    iter=1619 E=-2.1773709175 nfev=1623 t=1113.9s remaining=381
    iter=1620 E=-2.1773710471 nfev=1624 t=1114.5s remaining=380
    iter=1621 E=-2.1773711670 nfev=1625 t=1115.2s remaining=379
    iter=1622 E=-2.1773713115 nfev=1626 t=1115.8s remaining=378
    iter=1623 E=-2.1773714930 nfev=1627 t=1116.5s remaining=377
    iter=1624 E=-2.1773717059 nfev=1628 t=1117.1s remaining=376
    iter=1625 E=-2.1773719777 nfev=1629 t=1117.8s remaining=375
    iter=1626 E=-2.1773723355 nfev=1630 t=1118.4s remaining=374
    iter=1627 E=-2.1773727613 nfev=1631 t=1119.1s remaining=373
    iter=1628 E=-2.1773732439 nfev=1632 t=1119.7s remaining=372
    iter=1629 E=-2.1773737887 nfev=1633 t=1120.4s remaining=371
    iter=1630 E=-2.1773743188 nfev=1634 t=1121.1s remaining=370
    iter=1631 E=-2.1773748544 nfev=1635 t=1121.7s remaining=369
    iter=1632 E=-2.1773753994 nfev=1636 t=1122.4s remaining=368
    iter=1633 E=-2.1773759512 nfev=1637 t=1123.0s remaining=367
    iter=1634 E=-2.1773764494 nfev=1638 t=1123.8s remaining=366
    iter=1635 E=-2.1773770322 nfev=1639 t=1124.4s remaining=365
    iter=1636 E=-2.1773775611 nfev=1640 t=1125.1s remaining=364
    iter=1637 E=-2.1773779744 nfev=1641 t=1125.8s remaining=363
    iter=1638 E=-2.1773782950 nfev=1642 t=1126.5s remaining=362
    iter=1639 E=-2.1773785101 nfev=1643 t=1127.3s remaining=361
    iter=1640 E=-2.1773786835 nfev=1644 t=1128.0s remaining=360
    iter=1641 E=-2.1773788675 nfev=1645 t=1128.7s remaining=359
    iter=1642 E=-2.1773791052 nfev=1646 t=1129.3s remaining=358
    iter=1643 E=-2.1773793069 nfev=1647 t=1130.0s remaining=357
    iter=1644 E=-2.1773794888 nfev=1648 t=1130.7s remaining=356
    iter=1645 E=-2.1773796580 nfev=1649 t=1131.3s remaining=355
    iter=1646 E=-2.1773798205 nfev=1650 t=1132.0s remaining=354
    iter=1647 E=-2.1773800171 nfev=1651 t=1132.6s remaining=353
    iter=1648 E=-2.1773802677 nfev=1652 t=1133.3s remaining=352
    iter=1649 E=-2.1773805611 nfev=1653 t=1133.9s remaining=351
    iter=1650 E=-2.1773810076 nfev=1654 t=1134.6s remaining=350
    iter=1651 E=-2.1773816966 nfev=1655 t=1135.3s remaining=349
    iter=1652 E=-2.1773826888 nfev=1656 t=1136.0s remaining=348
    iter=1653 E=-2.1773837962 nfev=1657 t=1136.6s remaining=347
    iter=1654 E=-2.1773847093 nfev=1658 t=1137.3s remaining=346
    iter=1655 E=-2.1773853811 nfev=1659 t=1138.0s remaining=345
    iter=1656 E=-2.1773857483 nfev=1660 t=1138.6s remaining=344
    iter=1657 E=-2.1773860463 nfev=1661 t=1139.3s remaining=343
    iter=1658 E=-2.1773863263 nfev=1662 t=1139.9s remaining=342
    iter=1659 E=-2.1773865994 nfev=1663 t=1140.6s remaining=341
    iter=1660 E=-2.1773867736 nfev=1664 t=1141.3s remaining=340
    iter=1661 E=-2.1773869171 nfev=1665 t=1142.0s remaining=339
    iter=1662 E=-2.1773870499 nfev=1666 t=1142.6s remaining=338
    iter=1663 E=-2.1773871592 nfev=1667 t=1143.3s remaining=337
    iter=1664 E=-2.1773872628 nfev=1668 t=1143.9s remaining=336
    iter=1665 E=-2.1773874042 nfev=1669 t=1144.6s remaining=335
    iter=1666 E=-2.1773875679 nfev=1670 t=1145.2s remaining=334
    iter=1667 E=-2.1773878211 nfev=1671 t=1145.9s remaining=333
    iter=1668 E=-2.1773882103 nfev=1672 t=1146.6s remaining=332
    iter=1669 E=-2.1773887912 nfev=1673 t=1147.3s remaining=331
    iter=1670 E=-2.1773896109 nfev=1674 t=1148.0s remaining=330
    iter=1671 E=-2.1773906933 nfev=1675 t=1148.7s remaining=329
    iter=1672 E=-2.1773919145 nfev=1676 t=1149.4s remaining=328
    iter=1673 E=-2.1773931464 nfev=1677 t=1150.1s remaining=327
    iter=1674 E=-2.1773942853 nfev=1678 t=1150.8s remaining=326
    iter=1675 E=-2.1773953191 nfev=1679 t=1151.5s remaining=325
    iter=1676 E=-2.1773961196 nfev=1680 t=1152.2s remaining=324
    iter=1677 E=-2.1773965719 nfev=1681 t=1152.9s remaining=323
    iter=1678 E=-2.1773969131 nfev=1682 t=1153.5s remaining=322
    iter=1679 E=-2.1773971676 nfev=1683 t=1154.2s remaining=321
    iter=1680 E=-2.1773973135 nfev=1684 t=1154.8s remaining=320
    iter=1681 E=-2.1773974227 nfev=1685 t=1155.6s remaining=319
    iter=1682 E=-2.1773975217 nfev=1686 t=1156.2s remaining=318
    iter=1683 E=-2.1773976540 nfev=1687 t=1156.9s remaining=317
    iter=1684 E=-2.1773978242 nfev=1688 t=1157.5s remaining=316
    iter=1685 E=-2.1773980683 nfev=1689 t=1158.2s remaining=315
    iter=1686 E=-2.1773984165 nfev=1690 t=1158.9s remaining=314
    iter=1687 E=-2.1773989167 nfev=1691 t=1159.7s remaining=313
    iter=1688 E=-2.1773996524 nfev=1692 t=1160.7s remaining=312
    iter=1689 E=-2.1774007001 nfev=1693 t=1161.4s remaining=311
    iter=1690 E=-2.1774022615 nfev=1694 t=1162.1s remaining=310
    iter=1691 E=-2.1774044398 nfev=1695 t=1162.7s remaining=309
    iter=1692 E=-2.1774067310 nfev=1696 t=1163.4s remaining=308
    iter=1693 E=-2.1774081960 nfev=1697 t=1164.0s remaining=307
    iter=1694 E=-2.1774098866 nfev=1698 t=1164.7s remaining=306
    iter=1695 E=-2.1774102725 nfev=1699 t=1165.3s remaining=305
    iter=1696 E=-2.1774109447 nfev=1700 t=1166.0s remaining=304
    iter=1697 E=-2.1774119326 nfev=1701 t=1166.7s remaining=303
    iter=1698 E=-2.1774121302 nfev=1702 t=1167.3s remaining=302
    iter=1699 E=-2.1774124700 nfev=1703 t=1168.0s remaining=301
    iter=1700 E=-2.1774129402 nfev=1704 t=1168.7s remaining=300
    iter=1701 E=-2.1774132487 nfev=1705 t=1169.3s remaining=299
    iter=1702 E=-2.1774134228 nfev=1706 t=1170.0s remaining=298
    iter=1703 E=-2.1774136619 nfev=1707 t=1170.7s remaining=297
    iter=1704 E=-2.1774139340 nfev=1708 t=1171.3s remaining=296
    iter=1705 E=-2.1774141582 nfev=1709 t=1172.0s remaining=295
    iter=1706 E=-2.1774143960 nfev=1710 t=1172.6s remaining=294
    iter=1707 E=-2.1774147672 nfev=1711 t=1173.3s remaining=293
    iter=1708 E=-2.1774152312 nfev=1712 t=1174.0s remaining=292
    iter=1709 E=-2.1774156509 nfev=1713 t=1174.6s remaining=291
    iter=1710 E=-2.1774162145 nfev=1714 t=1175.4s remaining=290
    iter=1711 E=-2.1774170360 nfev=1715 t=1176.0s remaining=289
    iter=1712 E=-2.1774178962 nfev=1716 t=1176.7s remaining=288
    iter=1713 E=-2.1774188163 nfev=1717 t=1177.4s remaining=287
    iter=1714 E=-2.1774200426 nfev=1718 t=1178.1s remaining=286
    iter=1715 E=-2.1774218802 nfev=1719 t=1178.8s remaining=285
    iter=1716 E=-2.1774239053 nfev=1720 t=1179.7s remaining=284
    iter=1717 E=-2.1774249462 nfev=1721 t=1180.3s remaining=283
    iter=1718 E=-2.1774259867 nfev=1722 t=1181.0s remaining=282
    iter=1719 E=-2.1774271703 nfev=1723 t=1181.7s remaining=281
    iter=1720 E=-2.1774283440 nfev=1724 t=1182.3s remaining=280
    iter=1721 E=-2.1774293339 nfev=1725 t=1183.0s remaining=279
    iter=1722 E=-2.1774299722 nfev=1726 t=1183.7s remaining=278
    iter=1723 E=-2.1774304569 nfev=1727 t=1184.3s remaining=277
    iter=1724 E=-2.1774307275 nfev=1728 t=1185.0s remaining=276
    iter=1725 E=-2.1774309668 nfev=1729 t=1185.7s remaining=275
    iter=1726 E=-2.1774311453 nfev=1730 t=1186.4s remaining=274
    iter=1727 E=-2.1774313465 nfev=1731 t=1187.2s remaining=273
    iter=1728 E=-2.1774315576 nfev=1732 t=1187.8s remaining=272
    iter=1729 E=-2.1774318116 nfev=1733 t=1188.5s remaining=271
    iter=1730 E=-2.1774321159 nfev=1734 t=1189.2s remaining=270
    iter=1731 E=-2.1774324674 nfev=1735 t=1189.9s remaining=269
    iter=1732 E=-2.1774328219 nfev=1736 t=1190.5s remaining=268
    iter=1733 E=-2.1774333018 nfev=1737 t=1191.3s remaining=267
    iter=1734 E=-2.1774339633 nfev=1738 t=1192.0s remaining=266
    iter=1735 E=-2.1774348386 nfev=1739 t=1192.7s remaining=265
    iter=1736 E=-2.1774358893 nfev=1740 t=1193.4s remaining=264
    iter=1737 E=-2.1774371322 nfev=1741 t=1194.1s remaining=263
    iter=1738 E=-2.1774384905 nfev=1742 t=1194.8s remaining=262
    iter=1739 E=-2.1774397055 nfev=1743 t=1195.5s remaining=261
    iter=1740 E=-2.1774408303 nfev=1744 t=1196.2s remaining=260
    iter=1741 E=-2.1774417543 nfev=1745 t=1196.9s remaining=259
    iter=1742 E=-2.1774423514 nfev=1746 t=1197.6s remaining=258
    iter=1743 E=-2.1774428290 nfev=1747 t=1198.2s remaining=257
    iter=1744 E=-2.1774431920 nfev=1748 t=1198.9s remaining=256
    iter=1745 E=-2.1774434376 nfev=1749 t=1199.6s remaining=255
    iter=1746 E=-2.1774437059 nfev=1750 t=1200.3s remaining=254
    iter=1747 E=-2.1774439285 nfev=1751 t=1201.0s remaining=253
    iter=1748 E=-2.1774441247 nfev=1752 t=1201.7s remaining=252
    iter=1749 E=-2.1774443516 nfev=1753 t=1202.4s remaining=251
    iter=1750 E=-2.1774445865 nfev=1754 t=1203.0s remaining=250
    iter=1751 E=-2.1774448247 nfev=1755 t=1203.7s remaining=249
    iter=1752 E=-2.1774451163 nfev=1756 t=1204.3s remaining=248
    iter=1753 E=-2.1774454330 nfev=1757 t=1205.0s remaining=247
    iter=1754 E=-2.1774457216 nfev=1758 t=1205.7s remaining=246
    iter=1755 E=-2.1774459796 nfev=1759 t=1206.4s remaining=245
    iter=1756 E=-2.1774462101 nfev=1760 t=1207.1s remaining=244
    iter=1757 E=-2.1774464037 nfev=1761 t=1207.8s remaining=243
    iter=1758 E=-2.1774466010 nfev=1762 t=1208.5s remaining=242
    iter=1759 E=-2.1774468583 nfev=1763 t=1209.1s remaining=241
    iter=1760 E=-2.1774471547 nfev=1764 t=1209.8s remaining=240
    iter=1761 E=-2.1774474671 nfev=1765 t=1210.5s remaining=239
    iter=1762 E=-2.1774478995 nfev=1766 t=1211.3s remaining=238
    iter=1763 E=-2.1774485087 nfev=1767 t=1211.9s remaining=237
    iter=1764 E=-2.1774493166 nfev=1768 t=1212.6s remaining=236
    iter=1765 E=-2.1774503521 nfev=1769 t=1213.3s remaining=235
    iter=1766 E=-2.1774517252 nfev=1770 t=1213.9s remaining=234
    iter=1767 E=-2.1774531297 nfev=1771 t=1214.6s remaining=233
    iter=1768 E=-2.1774543444 nfev=1772 t=1215.2s remaining=232
    iter=1769 E=-2.1774553309 nfev=1773 t=1215.8s remaining=231
    iter=1770 E=-2.1774559570 nfev=1774 t=1216.5s remaining=230
    iter=1771 E=-2.1774562892 nfev=1775 t=1217.2s remaining=229
    iter=1772 E=-2.1774567110 nfev=1776 t=1217.9s remaining=228
    iter=1773 E=-2.1774570333 nfev=1777 t=1218.6s remaining=227
    iter=1774 E=-2.1774573162 nfev=1778 t=1219.3s remaining=226
    iter=1775 E=-2.1774575740 nfev=1779 t=1220.0s remaining=225
    iter=1776 E=-2.1774577527 nfev=1780 t=1220.6s remaining=224
    iter=1777 E=-2.1774578681 nfev=1781 t=1221.3s remaining=223
    iter=1778 E=-2.1774579690 nfev=1782 t=1222.0s remaining=222
    iter=1779 E=-2.1774580722 nfev=1783 t=1222.6s remaining=221
    iter=1780 E=-2.1774581972 nfev=1784 t=1223.3s remaining=220
    iter=1781 E=-2.1774583598 nfev=1785 t=1224.0s remaining=219
    iter=1782 E=-2.1774585464 nfev=1786 t=1224.6s remaining=218
    iter=1783 E=-2.1774587427 nfev=1787 t=1225.3s remaining=217
    iter=1784 E=-2.1774590110 nfev=1788 t=1226.0s remaining=216
    iter=1785 E=-2.1774593711 nfev=1789 t=1226.7s remaining=215
    iter=1786 E=-2.1774597963 nfev=1790 t=1227.4s remaining=214
    iter=1787 E=-2.1774603577 nfev=1791 t=1228.1s remaining=213
    iter=1788 E=-2.1774611794 nfev=1792 t=1228.7s remaining=212
    iter=1789 E=-2.1774623876 nfev=1793 t=1229.4s remaining=211
    iter=1790 E=-2.1774638862 nfev=1794 t=1230.0s remaining=210
    iter=1791 E=-2.1774653534 nfev=1795 t=1230.7s remaining=209
    iter=1792 E=-2.1774669636 nfev=1796 t=1231.4s remaining=208
    iter=1793 E=-2.1774685582 nfev=1797 t=1232.0s remaining=207
    iter=1794 E=-2.1774694520 nfev=1799 t=1233.4s remaining=206
    iter=1795 E=-2.1774704629 nfev=1800 t=1234.1s remaining=205
    iter=1796 E=-2.1774715457 nfev=1801 t=1234.7s remaining=204
    iter=1797 E=-2.1774724576 nfev=1802 t=1235.4s remaining=203
    iter=1798 E=-2.1774731813 nfev=1803 t=1236.1s remaining=202
    iter=1799 E=-2.1774739240 nfev=1804 t=1236.7s remaining=201
    iter=1800 E=-2.1774745138 nfev=1805 t=1237.4s remaining=200
    iter=1801 E=-2.1774749484 nfev=1806 t=1238.1s remaining=199
    iter=1802 E=-2.1774752910 nfev=1807 t=1238.7s remaining=198
    iter=1803 E=-2.1774755996 nfev=1808 t=1239.4s remaining=197
    iter=1804 E=-2.1774759452 nfev=1809 t=1240.1s remaining=196
    iter=1805 E=-2.1774763331 nfev=1810 t=1240.8s remaining=195
    iter=1806 E=-2.1774767213 nfev=1811 t=1241.5s remaining=194
    iter=1807 E=-2.1774772004 nfev=1812 t=1242.2s remaining=193
    iter=1808 E=-2.1774777110 nfev=1813 t=1242.8s remaining=192
    iter=1809 E=-2.1774782673 nfev=1814 t=1243.5s remaining=191
    iter=1810 E=-2.1774788312 nfev=1815 t=1244.2s remaining=190
    iter=1811 E=-2.1774795461 nfev=1816 t=1244.9s remaining=189
    iter=1812 E=-2.1774805130 nfev=1817 t=1245.6s remaining=188
    iter=1813 E=-2.1774818367 nfev=1818 t=1246.2s remaining=187
    iter=1814 E=-2.1774835066 nfev=1819 t=1247.0s remaining=186
    iter=1815 E=-2.1774855394 nfev=1820 t=1247.7s remaining=185
    iter=1816 E=-2.1774880063 nfev=1821 t=1248.4s remaining=184
    iter=1817 E=-2.1774903494 nfev=1822 t=1249.1s remaining=183
    iter=1818 E=-2.1774924540 nfev=1823 t=1249.9s remaining=182
    iter=1819 E=-2.1774946663 nfev=1824 t=1251.1s remaining=181
    iter=1820 E=-2.1774966103 nfev=1825 t=1251.8s remaining=180
    iter=1821 E=-2.1774983477 nfev=1826 t=1252.7s remaining=179
    iter=1822 E=-2.1774991387 nfev=1827 t=1253.5s remaining=178
    iter=1823 E=-2.1775000720 nfev=1828 t=1254.2s remaining=177
    iter=1824 E=-2.1775004814 nfev=1829 t=1254.8s remaining=176
    iter=1825 E=-2.1775010347 nfev=1830 t=1255.5s remaining=175
    iter=1826 E=-2.1775016255 nfev=1831 t=1256.2s remaining=174
    iter=1827 E=-2.1775019543 nfev=1832 t=1256.9s remaining=173
    iter=1828 E=-2.1775024662 nfev=1833 t=1257.6s remaining=172
    iter=1829 E=-2.1775031642 nfev=1834 t=1258.2s remaining=171
    iter=1830 E=-2.1775036634 nfev=1835 t=1258.9s remaining=170
    iter=1831 E=-2.1775040897 nfev=1836 t=1259.6s remaining=169
    iter=1832 E=-2.1775047046 nfev=1837 t=1260.3s remaining=168
    iter=1833 E=-2.1775055955 nfev=1838 t=1260.9s remaining=167
    iter=1834 E=-2.1775067058 nfev=1839 t=1261.6s remaining=166
    iter=1835 E=-2.1775079877 nfev=1840 t=1262.3s remaining=165
    iter=1836 E=-2.1775096435 nfev=1841 t=1262.9s remaining=164
    iter=1837 E=-2.1775116632 nfev=1842 t=1263.7s remaining=163
    iter=1838 E=-2.1775133526 nfev=1843 t=1264.4s remaining=162
    iter=1839 E=-2.1775149489 nfev=1844 t=1265.0s remaining=161
    iter=1840 E=-2.1775169855 nfev=1845 t=1265.7s remaining=160
    iter=1841 E=-2.1775194758 nfev=1846 t=1266.3s remaining=159
    iter=1842 E=-2.1775216939 nfev=1847 t=1267.0s remaining=158
    iter=1843 E=-2.1775235277 nfev=1848 t=1267.7s remaining=157
    iter=1844 E=-2.1775258457 nfev=1849 t=1268.4s remaining=156
    iter=1845 E=-2.1775289104 nfev=1850 t=1269.0s remaining=155
    iter=1846 E=-2.1775321729 nfev=1851 t=1269.7s remaining=154
    iter=1847 E=-2.1775358873 nfev=1852 t=1270.3s remaining=153
    iter=1848 E=-2.1775400232 nfev=1853 t=1271.0s remaining=152
    iter=1849 E=-2.1775443991 nfev=1854 t=1271.7s remaining=151
    iter=1850 E=-2.1775485440 nfev=1855 t=1272.4s remaining=150
    iter=1851 E=-2.1775501758 nfev=1856 t=1273.0s remaining=149
    iter=1852 E=-2.1775527254 nfev=1857 t=1273.7s remaining=148
    iter=1853 E=-2.1775555419 nfev=1858 t=1274.3s remaining=147
    iter=1854 E=-2.1775564070 nfev=1859 t=1275.0s remaining=146
    iter=1855 E=-2.1775576263 nfev=1860 t=1275.7s remaining=145
    iter=1856 E=-2.1775588860 nfev=1861 t=1276.4s remaining=144
    iter=1857 E=-2.1775596767 nfev=1862 t=1277.1s remaining=143
    iter=1858 E=-2.1775606576 nfev=1863 t=1277.7s remaining=142
    iter=1859 E=-2.1775618170 nfev=1864 t=1278.4s remaining=141
    iter=1860 E=-2.1775628884 nfev=1865 t=1279.1s remaining=140
    iter=1861 E=-2.1775640896 nfev=1866 t=1279.8s remaining=139
    iter=1862 E=-2.1775653104 nfev=1867 t=1280.5s remaining=138
    iter=1863 E=-2.1775668558 nfev=1868 t=1281.2s remaining=137
    iter=1864 E=-2.1775684854 nfev=1869 t=1282.0s remaining=136
    iter=1865 E=-2.1775699896 nfev=1870 t=1282.7s remaining=135
    iter=1866 E=-2.1775718734 nfev=1871 t=1283.4s remaining=134
    iter=1867 E=-2.1775742923 nfev=1872 t=1284.1s remaining=133
    iter=1868 E=-2.1775763901 nfev=1873 t=1284.8s remaining=132
    iter=1869 E=-2.1775778154 nfev=1874 t=1285.5s remaining=131
    iter=1870 E=-2.1775799046 nfev=1875 t=1286.2s remaining=130
    iter=1871 E=-2.1775824244 nfev=1876 t=1286.9s remaining=129
    iter=1872 E=-2.1775847430 nfev=1877 t=1287.7s remaining=128
    iter=1873 E=-2.1775871043 nfev=1878 t=1288.4s remaining=127
    iter=1874 E=-2.1775900277 nfev=1879 t=1289.1s remaining=126
    iter=1875 E=-2.1775918468 nfev=1880 t=1289.8s remaining=125
    iter=1876 E=-2.1775940546 nfev=1881 t=1290.5s remaining=124
    iter=1877 E=-2.1775967108 nfev=1882 t=1291.2s remaining=123
    iter=1878 E=-2.1776000041 nfev=1883 t=1291.9s remaining=122
    iter=1879 E=-2.1776035605 nfev=1884 t=1292.6s remaining=121
    iter=1880 E=-2.1776061823 nfev=1885 t=1293.3s remaining=120
    iter=1881 E=-2.1776089238 nfev=1886 t=1294.1s remaining=119
    iter=1882 E=-2.1776120525 nfev=1887 t=1294.8s remaining=118
    iter=1883 E=-2.1776150792 nfev=1888 t=1295.5s remaining=117
    iter=1884 E=-2.1776177303 nfev=1889 t=1296.1s remaining=116
    iter=1885 E=-2.1776203987 nfev=1890 t=1296.8s remaining=115
    iter=1886 E=-2.1776225921 nfev=1891 t=1297.5s remaining=114
    iter=1887 E=-2.1776248077 nfev=1892 t=1298.2s remaining=113
    iter=1888 E=-2.1776265970 nfev=1893 t=1298.9s remaining=112
    iter=1889 E=-2.1776283059 nfev=1894 t=1299.5s remaining=111
    iter=1890 E=-2.1776300671 nfev=1895 t=1300.2s remaining=110
    iter=1891 E=-2.1776316263 nfev=1896 t=1300.9s remaining=109
    iter=1892 E=-2.1776333831 nfev=1897 t=1301.5s remaining=108
    iter=1893 E=-2.1776342654 nfev=1898 t=1302.2s remaining=107
    iter=1894 E=-2.1776355459 nfev=1899 t=1302.9s remaining=106
    iter=1895 E=-2.1776370147 nfev=1900 t=1303.5s remaining=105
    iter=1896 E=-2.1776381189 nfev=1901 t=1304.2s remaining=104
    iter=1897 E=-2.1776393792 nfev=1902 t=1304.9s remaining=103
    iter=1898 E=-2.1776406277 nfev=1903 t=1305.6s remaining=102
    iter=1899 E=-2.1776417087 nfev=1904 t=1306.3s remaining=101
    iter=1900 E=-2.1776428704 nfev=1905 t=1307.0s remaining=100
    iter=1901 E=-2.1776440889 nfev=1906 t=1307.7s remaining=99
    iter=1902 E=-2.1776451480 nfev=1907 t=1308.4s remaining=98
    iter=1903 E=-2.1776465762 nfev=1908 t=1309.1s remaining=97
    iter=1904 E=-2.1776482591 nfev=1909 t=1309.8s remaining=96
    iter=1905 E=-2.1776499188 nfev=1910 t=1310.5s remaining=95
    iter=1906 E=-2.1776517217 nfev=1911 t=1311.2s remaining=94
    iter=1907 E=-2.1776536182 nfev=1912 t=1311.8s remaining=93
    iter=1908 E=-2.1776556238 nfev=1913 t=1312.5s remaining=92
    iter=1909 E=-2.1776582547 nfev=1914 t=1313.2s remaining=91
    iter=1910 E=-2.1776613140 nfev=1915 t=1313.9s remaining=90
    iter=1911 E=-2.1776635047 nfev=1916 t=1314.5s remaining=89
    iter=1912 E=-2.1776655480 nfev=1917 t=1315.2s remaining=88
    iter=1913 E=-2.1776679339 nfev=1918 t=1315.8s remaining=87
    iter=1914 E=-2.1776704615 nfev=1919 t=1316.6s remaining=86
    iter=1915 E=-2.1776730194 nfev=1920 t=1317.3s remaining=85
    iter=1916 E=-2.1776758916 nfev=1921 t=1318.0s remaining=84
    iter=1917 E=-2.1776789100 nfev=1922 t=1318.7s remaining=83
    iter=1918 E=-2.1776816825 nfev=1923 t=1319.4s remaining=82
    iter=1919 E=-2.1776841815 nfev=1924 t=1320.2s remaining=81
    iter=1920 E=-2.1776860433 nfev=1925 t=1320.9s remaining=80
    iter=1921 E=-2.1776872680 nfev=1926 t=1321.6s remaining=79
    iter=1922 E=-2.1776889234 nfev=1927 t=1322.3s remaining=78
    iter=1923 E=-2.1776907933 nfev=1928 t=1323.0s remaining=77
    iter=1924 E=-2.1776920844 nfev=1929 t=1323.6s remaining=76
    iter=1925 E=-2.1776939040 nfev=1930 t=1324.3s remaining=75
    iter=1926 E=-2.1776958568 nfev=1931 t=1325.0s remaining=74
    iter=1927 E=-2.1776978771 nfev=1932 t=1325.7s remaining=73
    iter=1928 E=-2.1777001019 nfev=1933 t=1326.5s remaining=72
    iter=1929 E=-2.1777020863 nfev=1934 t=1327.2s remaining=71
    iter=1930 E=-2.1777038342 nfev=1935 t=1327.9s remaining=70
    iter=1931 E=-2.1777053863 nfev=1936 t=1328.6s remaining=69
    iter=1932 E=-2.1777073508 nfev=1937 t=1329.3s remaining=68
    iter=1933 E=-2.1777091011 nfev=1938 t=1330.0s remaining=67
    iter=1934 E=-2.1777103742 nfev=1939 t=1330.7s remaining=66
    iter=1935 E=-2.1777115514 nfev=1940 t=1331.4s remaining=65
    iter=1936 E=-2.1777129020 nfev=1941 t=1332.2s remaining=64
    iter=1937 E=-2.1777145324 nfev=1942 t=1332.9s remaining=63
    iter=1938 E=-2.1777164357 nfev=1943 t=1333.6s remaining=62
    iter=1939 E=-2.1777183453 nfev=1944 t=1334.3s remaining=61
    iter=1940 E=-2.1777200471 nfev=1945 t=1335.0s remaining=60
    iter=1941 E=-2.1777216943 nfev=1946 t=1335.7s remaining=59
    iter=1942 E=-2.1777236300 nfev=1947 t=1336.4s remaining=58
    iter=1943 E=-2.1777259572 nfev=1948 t=1337.1s remaining=57
    iter=1944 E=-2.1777291771 nfev=1949 t=1337.9s remaining=56
    iter=1945 E=-2.1777334643 nfev=1950 t=1338.8s remaining=55
    iter=1946 E=-2.1777381353 nfev=1951 t=1339.5s remaining=54
    iter=1947 E=-2.1777420036 nfev=1952 t=1340.2s remaining=53
    iter=1948 E=-2.1777458345 nfev=1953 t=1341.0s remaining=52
    iter=1949 E=-2.1777497891 nfev=1954 t=1341.7s remaining=51
    iter=1950 E=-2.1777523428 nfev=1955 t=1342.5s remaining=50
    iter=1951 E=-2.1777561832 nfev=1956 t=1343.2s remaining=49
    iter=1952 E=-2.1777609934 nfev=1957 t=1343.9s remaining=48
    iter=1953 E=-2.1777634686 nfev=1958 t=1344.6s remaining=47
    iter=1954 E=-2.1777667710 nfev=1959 t=1345.4s remaining=46
    iter=1955 E=-2.1777699179 nfev=1960 t=1346.1s remaining=45
    iter=1956 E=-2.1777726697 nfev=1961 t=1346.8s remaining=44
    iter=1957 E=-2.1777749551 nfev=1962 t=1347.6s remaining=43
    iter=1958 E=-2.1777776400 nfev=1963 t=1348.3s remaining=42
    iter=1959 E=-2.1777800008 nfev=1964 t=1349.0s remaining=41
    iter=1960 E=-2.1777816493 nfev=1965 t=1349.8s remaining=40
    iter=1961 E=-2.1777835551 nfev=1966 t=1350.6s remaining=39
    iter=1962 E=-2.1777852661 nfev=1967 t=1351.3s remaining=38
    iter=1963 E=-2.1777868419 nfev=1968 t=1352.0s remaining=37
    iter=1964 E=-2.1777887821 nfev=1969 t=1352.8s remaining=36
    iter=1965 E=-2.1777907344 nfev=1970 t=1353.5s remaining=35
    iter=1966 E=-2.1777927613 nfev=1971 t=1354.2s remaining=34
    iter=1967 E=-2.1777949563 nfev=1972 t=1354.9s remaining=33
    iter=1968 E=-2.1777975130 nfev=1973 t=1355.6s remaining=32
    iter=1969 E=-2.1777991139 nfev=1974 t=1356.3s remaining=31
    iter=1970 E=-2.1778012469 nfev=1975 t=1357.0s remaining=30
    iter=1971 E=-2.1778033305 nfev=1976 t=1357.7s remaining=29
    iter=1972 E=-2.1778050759 nfev=1977 t=1358.4s remaining=28
    iter=1973 E=-2.1778067593 nfev=1978 t=1359.2s remaining=27
    iter=1974 E=-2.1778082255 nfev=1979 t=1359.9s remaining=26
    iter=1975 E=-2.1778094155 nfev=1980 t=1360.6s remaining=25
    iter=1976 E=-2.1778103524 nfev=1981 t=1361.4s remaining=24
    iter=1977 E=-2.1778116036 nfev=1982 t=1362.2s remaining=23
    iter=1978 E=-2.1778130526 nfev=1983 t=1362.9s remaining=22
    iter=1979 E=-2.1778141378 nfev=1984 t=1363.6s remaining=21
    iter=1980 E=-2.1778154291 nfev=1985 t=1364.3s remaining=20
    iter=1981 E=-2.1778168926 nfev=1986 t=1365.1s remaining=19
    iter=1982 E=-2.1778183470 nfev=1987 t=1365.9s remaining=18
    iter=1983 E=-2.1778198349 nfev=1988 t=1366.6s remaining=17
    iter=1984 E=-2.1778210539 nfev=1989 t=1367.3s remaining=16
    iter=1985 E=-2.1778221935 nfev=1990 t=1368.0s remaining=15
    iter=1986 E=-2.1778233590 nfev=1991 t=1368.8s remaining=14
    iter=1987 E=-2.1778244431 nfev=1992 t=1369.5s remaining=13
    iter=1988 E=-2.1778254694 nfev=1993 t=1370.2s remaining=12
    iter=1989 E=-2.1778264163 nfev=1994 t=1370.9s remaining=11
    iter=1990 E=-2.1778274790 nfev=1995 t=1371.7s remaining=10
    iter=1991 E=-2.1778283831 nfev=1996 t=1372.4s remaining=9
    iter=1992 E=-2.1778294483 nfev=1997 t=1373.1s remaining=8
    iter=1993 E=-2.1778308226 nfev=1998 t=1373.9s remaining=7
    iter=1994 E=-2.1778322854 nfev=1999 t=1374.7s remaining=6
    iter=1995 E=-2.1778337333 nfev=2000 t=1375.5s remaining=5
    iter=1996 E=-2.1778353815 nfev=2001 t=1376.2s remaining=4
    iter=1997 E=-2.1778372173 nfev=2002 t=1376.9s remaining=3
    iter=1998 E=-2.1778388039 nfev=2003 t=1377.6s remaining=2
    iter=1999 E=-2.1778405297 nfev=2004 t=1378.4s remaining=1
    iter=2000 E=-2.1778421676 nfev=2005 t=1379.2s remaining=0
    iter=2000 E=-2.1778421676 nfev=2005 t=1379.2s remaining=0
    seed=0 E=-2.1778421676 dE=+2.568e-03 nit=2000 ok=False t=1379.2s
  r=0.88  L=6   npar=260   E=-2.1778421676  |E-FCI|=2.568e-03  FCI=no   chem=no

=== summary (best seed per layer) ===
  bond   L ansatz                 npar              E     |E-FCI|  FCI? chem?
  0.88   6 (ECD+SNAP)^6 + ECD      260  -2.1778421676   2.568e-03    no    no

wrote data/results/h4_hybrid_L6_nobs_r0088.json
