self-check ok (nfock=4, use_bs=False, worst FD rel err 0.00e+00)
per-iter log: data/results/h4_hybrid_L11_nobs_r0150_iters.jsonl
live snapshot: data/results/h4_hybrid_L11_nobs_r0150_live.json

=== build H4 JWT Hamiltonian at R=1.50 Å ===
=== r=1.50 Å   FCI(pyscf)=-1.9961503255  eig=-1.9961503255  paper_fci=-1.99615033  paper_SNAP_D20=-1.9961503324377303 ===
-- r=1.50  (ECD+SNAP)^11 + ECD   npar=470 --
    iter=1 E=-1.0971429534 nfev=4 t=9.6s remaining=1999
    iter=2 E=-1.1276205332 nfev=5 t=12.2s remaining=1998
    iter=3 E=-1.1638797765 nfev=6 t=14.8s remaining=1997
    iter=4 E=-1.2124250566 nfev=7 t=17.4s remaining=1996
    iter=5 E=-1.2453629137 nfev=8 t=19.7s remaining=1995
    iter=6 E=-1.2822076735 nfev=9 t=22.0s remaining=1994
    iter=7 E=-1.3119379441 nfev=10 t=24.3s remaining=1993
    iter=8 E=-1.3399476859 nfev=11 t=26.6s remaining=1992
    iter=9 E=-1.3635491372 nfev=12 t=28.7s remaining=1991
    iter=10 E=-1.3912545440 nfev=13 t=30.6s remaining=1990
    iter=11 E=-1.4223630304 nfev=14 t=32.5s remaining=1989
    iter=12 E=-1.4491975179 nfev=15 t=34.4s remaining=1988
    iter=13 E=-1.4590670832 nfev=16 t=36.4s remaining=1987
    iter=14 E=-1.4748676455 nfev=17 t=38.4s remaining=1986
    iter=15 E=-1.4991066179 nfev=18 t=40.3s remaining=1985
    iter=16 E=-1.5305404837 nfev=19 t=42.5s remaining=1984
    iter=17 E=-1.5479844770 nfev=20 t=44.7s remaining=1983
    iter=18 E=-1.5650271027 nfev=21 t=47.1s remaining=1982
    iter=19 E=-1.5814120660 nfev=22 t=49.1s remaining=1981
    iter=20 E=-1.5997697035 nfev=23 t=51.0s remaining=1980
    iter=21 E=-1.6141416086 nfev=24 t=52.9s remaining=1979
    iter=22 E=-1.6289059434 nfev=25 t=54.9s remaining=1978
    iter=23 E=-1.6415378601 nfev=26 t=57.0s remaining=1977
    iter=24 E=-1.6573848452 nfev=27 t=59.3s remaining=1976
    iter=25 E=-1.6678773156 nfev=28 t=62.2s remaining=1975
    iter=26 E=-1.6827450097 nfev=29 t=64.1s remaining=1974
    iter=27 E=-1.6914935941 nfev=30 t=66.1s remaining=1973
    iter=28 E=-1.7022222352 nfev=31 t=68.1s remaining=1972
    iter=29 E=-1.7141041632 nfev=32 t=70.0s remaining=1971
    iter=30 E=-1.7240212077 nfev=33 t=72.1s remaining=1970
    iter=31 E=-1.7318016119 nfev=34 t=74.1s remaining=1969
    iter=32 E=-1.7409669361 nfev=35 t=76.1s remaining=1968
    iter=33 E=-1.7511570834 nfev=36 t=78.0s remaining=1967
    iter=34 E=-1.7617730853 nfev=37 t=80.0s remaining=1966
    iter=35 E=-1.7716117455 nfev=38 t=81.9s remaining=1965
    iter=36 E=-1.7809741404 nfev=39 t=83.8s remaining=1964
    iter=37 E=-1.7882883059 nfev=40 t=85.8s remaining=1963
    iter=38 E=-1.7975690963 nfev=41 t=87.8s remaining=1962
    iter=39 E=-1.8045626601 nfev=42 t=89.8s remaining=1961
    iter=40 E=-1.8138323881 nfev=43 t=91.7s remaining=1960
    iter=41 E=-1.8247029008 nfev=44 t=93.6s remaining=1959
    iter=42 E=-1.8299027463 nfev=45 t=95.6s remaining=1958
    iter=43 E=-1.8373881786 nfev=46 t=97.6s remaining=1957
    iter=44 E=-1.8471325753 nfev=47 t=99.6s remaining=1956
    iter=45 E=-1.8584933481 nfev=48 t=101.5s remaining=1955
    iter=46 E=-1.8639303817 nfev=50 t=105.6s remaining=1954
    iter=47 E=-1.8713238336 nfev=51 t=107.6s remaining=1953
    iter=48 E=-1.8788048036 nfev=52 t=109.9s remaining=1952
    iter=49 E=-1.8850653694 nfev=53 t=112.0s remaining=1951
    iter=50 E=-1.8915040547 nfev=54 t=114.1s remaining=1950
    iter=51 E=-1.8924851513 nfev=55 t=116.5s remaining=1949
    iter=52 E=-1.8943142878 nfev=56 t=118.6s remaining=1948
    iter=53 E=-1.8976077532 nfev=57 t=120.6s remaining=1947
    iter=54 E=-1.9028901677 nfev=58 t=122.7s remaining=1946
    iter=55 E=-1.9095526142 nfev=59 t=124.6s remaining=1945
    iter=56 E=-1.9130537853 nfev=61 t=128.3s remaining=1944
    iter=57 E=-1.9165767421 nfev=62 t=130.4s remaining=1943
    iter=58 E=-1.9198868888 nfev=63 t=132.4s remaining=1942
    iter=59 E=-1.9241717059 nfev=64 t=134.3s remaining=1941
    iter=60 E=-1.9271890983 nfev=65 t=136.4s remaining=1940
    iter=61 E=-1.9306579091 nfev=66 t=138.4s remaining=1939
    iter=62 E=-1.9325517099 nfev=68 t=142.3s remaining=1938
    iter=63 E=-1.9342110431 nfev=69 t=144.3s remaining=1937
    iter=64 E=-1.9363416953 nfev=70 t=146.6s remaining=1936
    iter=65 E=-1.9389258376 nfev=71 t=148.8s remaining=1935
    iter=66 E=-1.9412726963 nfev=72 t=151.4s remaining=1934
    iter=67 E=-1.9419724301 nfev=73 t=153.5s remaining=1933
    iter=68 E=-1.9431377528 nfev=74 t=155.6s remaining=1932
    iter=69 E=-1.9450059543 nfev=75 t=157.6s remaining=1931
    iter=70 E=-1.9473315447 nfev=76 t=159.8s remaining=1930
    iter=71 E=-1.9487915444 nfev=77 t=162.1s remaining=1929
    iter=72 E=-1.9506241439 nfev=78 t=164.2s remaining=1928
    iter=73 E=-1.9525299209 nfev=79 t=167.0s remaining=1927
    iter=74 E=-1.9541216154 nfev=80 t=169.8s remaining=1926
    iter=75 E=-1.9562067819 nfev=81 t=172.6s remaining=1925
    iter=76 E=-1.9577650562 nfev=82 t=175.3s remaining=1924
    iter=77 E=-1.9592379558 nfev=83 t=177.4s remaining=1923
    iter=78 E=-1.9602511869 nfev=84 t=179.4s remaining=1922
    iter=79 E=-1.9616317410 nfev=85 t=181.3s remaining=1921
    iter=80 E=-1.9628693290 nfev=86 t=183.2s remaining=1920
    iter=81 E=-1.9634198068 nfev=87 t=185.6s remaining=1919
    iter=82 E=-1.9642895074 nfev=88 t=188.1s remaining=1918
    iter=83 E=-1.9653882216 nfev=89 t=190.5s remaining=1917
    iter=84 E=-1.9659530374 nfev=90 t=192.6s remaining=1916
    iter=85 E=-1.9666795753 nfev=91 t=194.7s remaining=1915
    iter=86 E=-1.9674571595 nfev=92 t=196.6s remaining=1914
    iter=87 E=-1.9679708927 nfev=93 t=198.7s remaining=1913
    iter=88 E=-1.9686561447 nfev=94 t=200.7s remaining=1912
    iter=89 E=-1.9693363011 nfev=95 t=202.7s remaining=1911
    iter=90 E=-1.9699608126 nfev=96 t=204.6s remaining=1910
    iter=91 E=-1.9706346177 nfev=97 t=206.6s remaining=1909
    iter=92 E=-1.9712873938 nfev=98 t=208.6s remaining=1908
    iter=93 E=-1.9717932724 nfev=99 t=210.5s remaining=1907
    iter=94 E=-1.9724172702 nfev=100 t=212.5s remaining=1906
    iter=95 E=-1.9730454573 nfev=101 t=214.4s remaining=1905
    iter=96 E=-1.9736046771 nfev=102 t=216.4s remaining=1904
    iter=97 E=-1.9742220652 nfev=103 t=218.5s remaining=1903
    iter=98 E=-1.9748317109 nfev=104 t=220.4s remaining=1902
    iter=99 E=-1.9752836532 nfev=105 t=222.3s remaining=1901
    iter=100 E=-1.9757568754 nfev=106 t=224.2s remaining=1900
    iter=101 E=-1.9763234718 nfev=107 t=226.2s remaining=1899
    iter=102 E=-1.9767290291 nfev=108 t=228.1s remaining=1898
    iter=103 E=-1.9771386304 nfev=109 t=230.8s remaining=1897
    iter=104 E=-1.9775422821 nfev=110 t=233.1s remaining=1896
    iter=105 E=-1.9779626340 nfev=111 t=235.2s remaining=1895
    iter=106 E=-1.9783960545 nfev=112 t=237.1s remaining=1894
    iter=107 E=-1.9789399198 nfev=113 t=239.4s remaining=1893
    iter=108 E=-1.9792848478 nfev=114 t=241.4s remaining=1892
    iter=109 E=-1.9796766072 nfev=115 t=243.4s remaining=1891
    iter=110 E=-1.9801783637 nfev=116 t=245.4s remaining=1890
    iter=111 E=-1.9805688921 nfev=117 t=247.5s remaining=1889
    iter=112 E=-1.9808881334 nfev=118 t=249.3s remaining=1888
    iter=113 E=-1.9811911812 nfev=119 t=251.3s remaining=1887
    iter=114 E=-1.9814751093 nfev=120 t=253.2s remaining=1886
    iter=115 E=-1.9817572612 nfev=121 t=255.1s remaining=1885
    iter=116 E=-1.9820352840 nfev=122 t=257.0s remaining=1884
    iter=117 E=-1.9822580388 nfev=123 t=259.0s remaining=1883
    iter=118 E=-1.9824862262 nfev=124 t=260.9s remaining=1882
    iter=119 E=-1.9827188877 nfev=125 t=263.2s remaining=1881
    iter=120 E=-1.9829579448 nfev=126 t=265.2s remaining=1880
    iter=121 E=-1.9831751168 nfev=127 t=267.0s remaining=1879
    iter=122 E=-1.9833854059 nfev=128 t=268.8s remaining=1878
    iter=123 E=-1.9835902274 nfev=129 t=270.7s remaining=1877
    iter=124 E=-1.9837537298 nfev=130 t=272.6s remaining=1876
    iter=125 E=-1.9839417797 nfev=131 t=274.5s remaining=1875
    iter=126 E=-1.9841181023 nfev=132 t=276.4s remaining=1874
    iter=127 E=-1.9842622989 nfev=133 t=278.4s remaining=1873
    iter=128 E=-1.9844100552 nfev=134 t=280.5s remaining=1872
    iter=129 E=-1.9845481269 nfev=135 t=282.6s remaining=1871
    iter=130 E=-1.9846810648 nfev=136 t=284.7s remaining=1870
    iter=131 E=-1.9848228773 nfev=137 t=286.6s remaining=1869
    iter=132 E=-1.9849453821 nfev=138 t=288.5s remaining=1868
    iter=133 E=-1.9850637895 nfev=139 t=290.4s remaining=1867
    iter=134 E=-1.9851910783 nfev=140 t=292.2s remaining=1866
    iter=135 E=-1.9853310009 nfev=141 t=294.3s remaining=1865
    iter=136 E=-1.9854608920 nfev=142 t=296.4s remaining=1864
    iter=137 E=-1.9855852215 nfev=143 t=298.4s remaining=1863
    iter=138 E=-1.9857009454 nfev=144 t=300.4s remaining=1862
    iter=139 E=-1.9858162762 nfev=145 t=303.0s remaining=1861
    iter=140 E=-1.9859292179 nfev=146 t=305.1s remaining=1860
    iter=141 E=-1.9860361950 nfev=147 t=307.1s remaining=1859
    iter=142 E=-1.9861374791 nfev=148 t=309.0s remaining=1858
    iter=143 E=-1.9862343714 nfev=149 t=311.1s remaining=1857
    iter=144 E=-1.9863292429 nfev=150 t=313.4s remaining=1856
    iter=145 E=-1.9864255337 nfev=151 t=315.9s remaining=1855
    iter=146 E=-1.9865188352 nfev=152 t=318.4s remaining=1854
    iter=147 E=-1.9866094095 nfev=153 t=320.9s remaining=1853
    iter=148 E=-1.9866983911 nfev=154 t=323.6s remaining=1852
    iter=149 E=-1.9867752589 nfev=155 t=325.4s remaining=1851
    iter=150 E=-1.9868449405 nfev=156 t=327.3s remaining=1850
    iter=151 E=-1.9869140511 nfev=157 t=329.2s remaining=1849
    iter=152 E=-1.9869885407 nfev=158 t=331.7s remaining=1848
    iter=153 E=-1.9870699480 nfev=159 t=334.1s remaining=1847
    iter=154 E=-1.9871553713 nfev=160 t=336.1s remaining=1846
    iter=155 E=-1.9872379183 nfev=161 t=338.1s remaining=1845
    iter=156 E=-1.9873154700 nfev=162 t=340.0s remaining=1844
    iter=157 E=-1.9873857603 nfev=163 t=341.9s remaining=1843
    iter=158 E=-1.9874516748 nfev=164 t=343.8s remaining=1842
    iter=159 E=-1.9875188878 nfev=165 t=345.7s remaining=1841
    iter=160 E=-1.9875888210 nfev=166 t=347.6s remaining=1840
    iter=161 E=-1.9876578180 nfev=167 t=349.4s remaining=1839
    iter=162 E=-1.9877230904 nfev=168 t=351.3s remaining=1838
    iter=163 E=-1.9877849657 nfev=169 t=353.3s remaining=1837
    iter=164 E=-1.9878468095 nfev=170 t=355.5s remaining=1836
    iter=165 E=-1.9879114970 nfev=171 t=357.5s remaining=1835
    iter=166 E=-1.9879754270 nfev=172 t=359.4s remaining=1834
    iter=167 E=-1.9880389952 nfev=173 t=361.3s remaining=1833
    iter=168 E=-1.9881039602 nfev=174 t=363.1s remaining=1832
    iter=169 E=-1.9881707435 nfev=175 t=364.9s remaining=1831
    iter=170 E=-1.9882298419 nfev=176 t=367.2s remaining=1830
    iter=171 E=-1.9882926978 nfev=177 t=369.1s remaining=1829
    iter=172 E=-1.9883571119 nfev=178 t=371.0s remaining=1828
    iter=173 E=-1.9884212104 nfev=179 t=373.1s remaining=1827
    iter=174 E=-1.9884853465 nfev=180 t=375.0s remaining=1826
    iter=175 E=-1.9885512909 nfev=181 t=376.8s remaining=1825
    iter=176 E=-1.9886242031 nfev=182 t=378.7s remaining=1824
    iter=177 E=-1.9887109543 nfev=183 t=380.6s remaining=1823
    iter=178 E=-1.9887973070 nfev=184 t=382.5s remaining=1822
    iter=179 E=-1.9888683675 nfev=185 t=384.5s remaining=1821
    iter=180 E=-1.9889317008 nfev=186 t=386.4s remaining=1820
    iter=181 E=-1.9890034809 nfev=187 t=388.3s remaining=1819
    iter=182 E=-1.9890924040 nfev=188 t=390.2s remaining=1818
    iter=183 E=-1.9891720773 nfev=189 t=392.1s remaining=1817
    iter=184 E=-1.9892423211 nfev=190 t=393.9s remaining=1816
    iter=185 E=-1.9893075893 nfev=191 t=395.8s remaining=1815
    iter=186 E=-1.9893681794 nfev=192 t=397.7s remaining=1814
    iter=187 E=-1.9894238837 nfev=193 t=399.6s remaining=1813
    iter=188 E=-1.9894782028 nfev=194 t=401.5s remaining=1812
    iter=189 E=-1.9895398354 nfev=195 t=403.4s remaining=1811
    iter=190 E=-1.9896066722 nfev=196 t=405.3s remaining=1810
    iter=191 E=-1.9896639262 nfev=197 t=407.6s remaining=1809
    iter=192 E=-1.9897178886 nfev=198 t=409.8s remaining=1808
    iter=193 E=-1.9897738295 nfev=199 t=412.1s remaining=1807
    iter=194 E=-1.9898355735 nfev=200 t=413.9s remaining=1806
    iter=195 E=-1.9898946985 nfev=201 t=415.8s remaining=1805
    iter=196 E=-1.9899482772 nfev=202 t=417.7s remaining=1804
    iter=197 E=-1.9900021458 nfev=203 t=419.6s remaining=1803
    iter=198 E=-1.9900537374 nfev=204 t=421.4s remaining=1802
    iter=199 E=-1.9900999219 nfev=205 t=423.3s remaining=1801
    iter=200 E=-1.9901468941 nfev=206 t=425.3s remaining=1800
    iter=201 E=-1.9901930829 nfev=207 t=427.5s remaining=1799
    iter=202 E=-1.9902291998 nfev=208 t=429.4s remaining=1798
    iter=203 E=-1.9902646333 nfev=209 t=431.2s remaining=1797
    iter=204 E=-1.9903131358 nfev=210 t=433.2s remaining=1796
    iter=205 E=-1.9903557774 nfev=211 t=435.8s remaining=1795
    iter=206 E=-1.9903944447 nfev=212 t=438.6s remaining=1794
    iter=207 E=-1.9904356313 nfev=213 t=440.5s remaining=1793
    iter=208 E=-1.9904800187 nfev=214 t=442.5s remaining=1792
    iter=209 E=-1.9905269025 nfev=215 t=444.4s remaining=1791
    iter=210 E=-1.9905749036 nfev=216 t=446.9s remaining=1790
    iter=211 E=-1.9906203899 nfev=217 t=449.5s remaining=1789
    iter=212 E=-1.9906643300 nfev=218 t=451.4s remaining=1788
    iter=213 E=-1.9907094319 nfev=219 t=453.2s remaining=1787
    iter=214 E=-1.9907604995 nfev=220 t=455.1s remaining=1786
    iter=215 E=-1.9908190539 nfev=221 t=457.0s remaining=1785
    iter=216 E=-1.9908706000 nfev=222 t=458.9s remaining=1784
    iter=217 E=-1.9909164500 nfev=223 t=461.0s remaining=1783
    iter=218 E=-1.9909638673 nfev=224 t=462.9s remaining=1782
    iter=219 E=-1.9910114117 nfev=225 t=464.8s remaining=1781
    iter=220 E=-1.9910594735 nfev=226 t=466.6s remaining=1780
    iter=221 E=-1.9911075880 nfev=227 t=468.5s remaining=1779
    iter=222 E=-1.9911552190 nfev=228 t=470.7s remaining=1778
    iter=223 E=-1.9911947941 nfev=229 t=472.8s remaining=1777
    iter=224 E=-1.9912298920 nfev=230 t=474.7s remaining=1776
    iter=225 E=-1.9912651928 nfev=231 t=476.8s remaining=1775
    iter=226 E=-1.9913015417 nfev=232 t=478.8s remaining=1774
    iter=227 E=-1.9913294127 nfev=233 t=480.8s remaining=1773
    iter=228 E=-1.9913574710 nfev=234 t=482.7s remaining=1772
    iter=229 E=-1.9913885480 nfev=235 t=484.7s remaining=1771
    iter=230 E=-1.9914175603 nfev=236 t=486.5s remaining=1770
    iter=231 E=-1.9914471874 nfev=237 t=488.5s remaining=1769
    iter=232 E=-1.9914767302 nfev=238 t=490.4s remaining=1768
    iter=233 E=-1.9915040509 nfev=239 t=492.2s remaining=1767
    iter=234 E=-1.9915294138 nfev=240 t=494.1s remaining=1766
    iter=235 E=-1.9915534450 nfev=241 t=495.9s remaining=1765
    iter=236 E=-1.9915779616 nfev=242 t=497.7s remaining=1764
    iter=237 E=-1.9916050168 nfev=243 t=499.7s remaining=1763
    iter=238 E=-1.9916338639 nfev=244 t=501.9s remaining=1762
    iter=239 E=-1.9916601613 nfev=245 t=504.0s remaining=1761
    iter=240 E=-1.9916842803 nfev=246 t=506.0s remaining=1760
    iter=241 E=-1.9917128964 nfev=247 t=508.0s remaining=1759
    iter=242 E=-1.9917465698 nfev=248 t=509.9s remaining=1758
    iter=243 E=-1.9917778029 nfev=249 t=512.1s remaining=1757
    iter=244 E=-1.9918091362 nfev=250 t=514.1s remaining=1756
    iter=245 E=-1.9918405075 nfev=251 t=516.0s remaining=1755
    iter=246 E=-1.9918733170 nfev=252 t=518.3s remaining=1754
    iter=247 E=-1.9919077436 nfev=253 t=520.2s remaining=1753
    iter=248 E=-1.9919415460 nfev=254 t=522.1s remaining=1752
    iter=249 E=-1.9919727026 nfev=255 t=524.0s remaining=1751
    iter=250 E=-1.9920013246 nfev=256 t=525.8s remaining=1750
    iter=251 E=-1.9920277007 nfev=257 t=527.7s remaining=1749
    iter=252 E=-1.9920539768 nfev=258 t=529.7s remaining=1748
    iter=253 E=-1.9920868461 nfev=259 t=531.7s remaining=1747
    iter=254 E=-1.9921204759 nfev=260 t=533.6s remaining=1746
    iter=255 E=-1.9921545414 nfev=261 t=535.6s remaining=1745
    iter=256 E=-1.9921914950 nfev=262 t=537.5s remaining=1744
    iter=257 E=-1.9922276874 nfev=263 t=539.4s remaining=1743
    iter=258 E=-1.9922602981 nfev=264 t=541.3s remaining=1742
    iter=259 E=-1.9922891903 nfev=265 t=543.1s remaining=1741
    iter=260 E=-1.9923199261 nfev=266 t=545.1s remaining=1740
    iter=261 E=-1.9923569236 nfev=267 t=547.0s remaining=1739
    iter=262 E=-1.9923945923 nfev=268 t=548.9s remaining=1738
    iter=263 E=-1.9924246780 nfev=269 t=551.0s remaining=1737
    iter=264 E=-1.9924523654 nfev=270 t=553.1s remaining=1736
    iter=265 E=-1.9924812018 nfev=271 t=555.2s remaining=1735
    iter=266 E=-1.9925146398 nfev=272 t=557.1s remaining=1734
    iter=267 E=-1.9925423491 nfev=273 t=559.1s remaining=1733
    iter=268 E=-1.9925646356 nfev=274 t=561.1s remaining=1732
    iter=269 E=-1.9925835451 nfev=275 t=563.1s remaining=1731
    iter=270 E=-1.9926047398 nfev=276 t=565.1s remaining=1730
    iter=271 E=-1.9926314092 nfev=277 t=567.1s remaining=1729
    iter=272 E=-1.9926590615 nfev=278 t=569.2s remaining=1728
    iter=273 E=-1.9926796355 nfev=279 t=571.2s remaining=1727
    iter=274 E=-1.9927011079 nfev=280 t=573.1s remaining=1726
    iter=275 E=-1.9927262280 nfev=281 t=575.0s remaining=1725
    iter=276 E=-1.9927492813 nfev=282 t=576.9s remaining=1724
    iter=277 E=-1.9927750108 nfev=283 t=578.7s remaining=1723
    iter=278 E=-1.9928066587 nfev=284 t=580.6s remaining=1722
    iter=279 E=-1.9928416605 nfev=285 t=582.4s remaining=1721
    iter=280 E=-1.9928706760 nfev=286 t=584.3s remaining=1720
    iter=281 E=-1.9928957485 nfev=287 t=586.3s remaining=1719
    iter=282 E=-1.9929181797 nfev=288 t=588.3s remaining=1718
    iter=283 E=-1.9929392646 nfev=289 t=590.1s remaining=1717
    iter=284 E=-1.9929572269 nfev=290 t=592.1s remaining=1716
    iter=285 E=-1.9929749847 nfev=291 t=594.0s remaining=1715
    iter=286 E=-1.9929938167 nfev=292 t=595.8s remaining=1714
    iter=287 E=-1.9930141512 nfev=293 t=597.6s remaining=1713
    iter=288 E=-1.9930336315 nfev=294 t=599.4s remaining=1712
    iter=289 E=-1.9930560028 nfev=295 t=601.3s remaining=1711
    iter=290 E=-1.9930759836 nfev=296 t=604.0s remaining=1710
    iter=291 E=-1.9930963526 nfev=297 t=606.7s remaining=1709
    iter=292 E=-1.9931182983 nfev=298 t=609.4s remaining=1708
    iter=293 E=-1.9931402845 nfev=299 t=611.3s remaining=1707
    iter=294 E=-1.9931610860 nfev=300 t=613.2s remaining=1706
    iter=295 E=-1.9931814001 nfev=301 t=615.1s remaining=1705
    iter=296 E=-1.9932002886 nfev=302 t=616.9s remaining=1704
    iter=297 E=-1.9932170151 nfev=303 t=618.8s remaining=1703
    iter=298 E=-1.9932337871 nfev=304 t=620.7s remaining=1702
    iter=299 E=-1.9932503721 nfev=305 t=622.6s remaining=1701
    iter=300 E=-1.9932682371 nfev=306 t=624.5s remaining=1700
    iter=301 E=-1.9932888401 nfev=307 t=626.3s remaining=1699
    iter=302 E=-1.9933116903 nfev=308 t=628.1s remaining=1698
    iter=303 E=-1.9933357759 nfev=309 t=629.9s remaining=1697
    iter=304 E=-1.9933585472 nfev=310 t=631.8s remaining=1696
    iter=305 E=-1.9933806707 nfev=311 t=633.7s remaining=1695
    iter=306 E=-1.9934031946 nfev=312 t=635.6s remaining=1694
    iter=307 E=-1.9934249513 nfev=313 t=637.6s remaining=1693
    iter=308 E=-1.9934447494 nfev=314 t=639.4s remaining=1692
    iter=309 E=-1.9934633697 nfev=315 t=641.2s remaining=1691
    iter=310 E=-1.9934805333 nfev=316 t=643.0s remaining=1690
    iter=311 E=-1.9934978093 nfev=317 t=644.9s remaining=1689
    iter=312 E=-1.9935160614 nfev=318 t=646.6s remaining=1688
    iter=313 E=-1.9935337878 nfev=319 t=648.4s remaining=1687
    iter=314 E=-1.9935532839 nfev=320 t=650.3s remaining=1686
    iter=315 E=-1.9935754959 nfev=321 t=652.1s remaining=1685
    iter=316 E=-1.9935979077 nfev=322 t=653.9s remaining=1684
    iter=317 E=-1.9936147535 nfev=323 t=655.8s remaining=1683
    iter=318 E=-1.9936291004 nfev=324 t=657.7s remaining=1682
    iter=319 E=-1.9936444298 nfev=325 t=659.5s remaining=1681
    iter=320 E=-1.9936627039 nfev=326 t=661.9s remaining=1680
    iter=321 E=-1.9936800881 nfev=327 t=664.3s remaining=1679
    iter=322 E=-1.9936945224 nfev=328 t=667.0s remaining=1678
    iter=323 E=-1.9937066465 nfev=329 t=668.9s remaining=1677
    iter=324 E=-1.9937186829 nfev=330 t=670.9s remaining=1676
    iter=325 E=-1.9937318367 nfev=331 t=672.8s remaining=1675
    iter=326 E=-1.9937442753 nfev=332 t=674.6s remaining=1674
    iter=327 E=-1.9937557778 nfev=333 t=676.5s remaining=1673
    iter=328 E=-1.9937667686 nfev=334 t=678.4s remaining=1672
    iter=329 E=-1.9937782785 nfev=335 t=680.2s remaining=1671
    iter=330 E=-1.9937903446 nfev=336 t=682.1s remaining=1670
    iter=331 E=-1.9938026236 nfev=337 t=683.9s remaining=1669
    iter=332 E=-1.9938146065 nfev=338 t=685.7s remaining=1668
    iter=333 E=-1.9938262284 nfev=339 t=687.5s remaining=1667
    iter=334 E=-1.9938376163 nfev=340 t=689.5s remaining=1666
    iter=335 E=-1.9938492579 nfev=341 t=691.5s remaining=1665
    iter=336 E=-1.9938602706 nfev=342 t=693.5s remaining=1664
    iter=337 E=-1.9938705489 nfev=343 t=695.5s remaining=1663
    iter=338 E=-1.9938813738 nfev=344 t=697.4s remaining=1662
    iter=339 E=-1.9938939374 nfev=345 t=699.3s remaining=1661
    iter=340 E=-1.9939051317 nfev=346 t=701.1s remaining=1660
    iter=341 E=-1.9939155892 nfev=347 t=702.9s remaining=1659
    iter=342 E=-1.9939262895 nfev=348 t=704.8s remaining=1658
    iter=343 E=-1.9939375792 nfev=349 t=706.7s remaining=1657
    iter=344 E=-1.9939499289 nfev=350 t=708.6s remaining=1656
    iter=345 E=-1.9939631038 nfev=351 t=710.5s remaining=1655
    iter=346 E=-1.9939756537 nfev=352 t=712.4s remaining=1654
    iter=347 E=-1.9939871627 nfev=353 t=714.2s remaining=1653
    iter=348 E=-1.9939975671 nfev=354 t=716.1s remaining=1652
    iter=349 E=-1.9940070914 nfev=355 t=718.3s remaining=1651
    iter=350 E=-1.9940163485 nfev=356 t=720.3s remaining=1650
    iter=351 E=-1.9940260065 nfev=357 t=722.3s remaining=1649
    iter=352 E=-1.9940364882 nfev=358 t=724.2s remaining=1648
    iter=353 E=-1.9940468888 nfev=359 t=726.1s remaining=1647
    iter=354 E=-1.9940569131 nfev=360 t=728.0s remaining=1646
    iter=355 E=-1.9940662207 nfev=361 t=729.8s remaining=1645
    iter=356 E=-1.9940751307 nfev=362 t=731.7s remaining=1644
    iter=357 E=-1.9940848423 nfev=363 t=733.7s remaining=1643
    iter=358 E=-1.9940957101 nfev=364 t=735.6s remaining=1642
    iter=359 E=-1.9941069373 nfev=365 t=737.5s remaining=1641
    iter=360 E=-1.9941180146 nfev=366 t=739.8s remaining=1640
    iter=361 E=-1.9941282367 nfev=367 t=741.9s remaining=1639
    iter=362 E=-1.9941365665 nfev=368 t=744.0s remaining=1638
    iter=363 E=-1.9941434326 nfev=369 t=746.0s remaining=1637
    iter=364 E=-1.9941502514 nfev=370 t=748.1s remaining=1636
    iter=365 E=-1.9941584614 nfev=371 t=750.1s remaining=1635
    iter=366 E=-1.9941680817 nfev=372 t=752.0s remaining=1634
    iter=367 E=-1.9941776346 nfev=373 t=753.9s remaining=1633
    iter=368 E=-1.9941862124 nfev=374 t=755.8s remaining=1632
    iter=369 E=-1.9941941656 nfev=375 t=757.8s remaining=1631
    iter=370 E=-1.9942023750 nfev=376 t=760.1s remaining=1630
    iter=371 E=-1.9942112036 nfev=377 t=762.3s remaining=1629
    iter=372 E=-1.9942197404 nfev=378 t=764.1s remaining=1628
    iter=373 E=-1.9942278911 nfev=379 t=766.0s remaining=1627
    iter=374 E=-1.9942363823 nfev=380 t=767.9s remaining=1626
    iter=375 E=-1.9942456916 nfev=381 t=769.8s remaining=1625
    iter=376 E=-1.9942550774 nfev=382 t=771.6s remaining=1624
    iter=377 E=-1.9942638031 nfev=383 t=774.0s remaining=1623
    iter=378 E=-1.9942718092 nfev=384 t=776.8s remaining=1622
    iter=379 E=-1.9942794423 nfev=385 t=779.8s remaining=1621
    iter=380 E=-1.9942869467 nfev=386 t=782.8s remaining=1620
    iter=381 E=-1.9942946095 nfev=387 t=785.7s remaining=1619
    iter=382 E=-1.9943024415 nfev=388 t=788.5s remaining=1618
    iter=383 E=-1.9943090623 nfev=389 t=790.6s remaining=1617
    iter=384 E=-1.9943165008 nfev=390 t=792.5s remaining=1616
    iter=385 E=-1.9943235036 nfev=391 t=794.3s remaining=1615
    iter=386 E=-1.9943304297 nfev=392 t=796.2s remaining=1614
    iter=387 E=-1.9943376081 nfev=393 t=798.1s remaining=1613
    iter=388 E=-1.9943452197 nfev=394 t=799.9s remaining=1612
    iter=389 E=-1.9943529822 nfev=395 t=802.0s remaining=1611
    iter=390 E=-1.9943609336 nfev=396 t=804.2s remaining=1610
    iter=391 E=-1.9943690730 nfev=397 t=806.0s remaining=1609
    iter=392 E=-1.9943770429 nfev=398 t=808.2s remaining=1608
    iter=393 E=-1.9943848160 nfev=399 t=810.2s remaining=1607
    iter=394 E=-1.9943929010 nfev=400 t=812.1s remaining=1606
    iter=395 E=-1.9944014587 nfev=401 t=814.0s remaining=1605
    iter=396 E=-1.9944099929 nfev=402 t=815.9s remaining=1604
    iter=397 E=-1.9944176141 nfev=403 t=818.0s remaining=1603
    iter=398 E=-1.9944241088 nfev=404 t=820.1s remaining=1602
    iter=399 E=-1.9944300089 nfev=405 t=822.0s remaining=1601
    iter=400 E=-1.9944364031 nfev=406 t=823.9s remaining=1600
    iter=401 E=-1.9944439253 nfev=407 t=825.9s remaining=1599
    iter=402 E=-1.9944521635 nfev=408 t=827.9s remaining=1598
    iter=403 E=-1.9944589836 nfev=409 t=829.8s remaining=1597
    iter=404 E=-1.9944655471 nfev=410 t=831.7s remaining=1596
    iter=405 E=-1.9944715268 nfev=411 t=833.9s remaining=1595
    iter=406 E=-1.9944772253 nfev=412 t=835.9s remaining=1594
    iter=407 E=-1.9944829423 nfev=413 t=838.0s remaining=1593
    iter=408 E=-1.9944888982 nfev=414 t=839.9s remaining=1592
    iter=409 E=-1.9944947712 nfev=415 t=841.7s remaining=1591
    iter=410 E=-1.9945001832 nfev=416 t=843.6s remaining=1590
    iter=411 E=-1.9945049361 nfev=417 t=845.5s remaining=1589
    iter=412 E=-1.9945092926 nfev=418 t=847.9s remaining=1588
    iter=413 E=-1.9945137189 nfev=419 t=849.8s remaining=1587
    iter=414 E=-1.9945187325 nfev=420 t=852.2s remaining=1586
    iter=415 E=-1.9945245734 nfev=421 t=854.2s remaining=1585
    iter=416 E=-1.9945310131 nfev=422 t=856.2s remaining=1584
    iter=417 E=-1.9945366298 nfev=423 t=858.1s remaining=1583
    iter=418 E=-1.9945414355 nfev=424 t=860.0s remaining=1582
    iter=419 E=-1.9945462586 nfev=425 t=861.8s remaining=1581
    iter=420 E=-1.9945513924 nfev=426 t=863.7s remaining=1580
    iter=421 E=-1.9945568549 nfev=427 t=865.6s remaining=1579
    iter=422 E=-1.9945624885 nfev=428 t=867.6s remaining=1578
    iter=423 E=-1.9945682237 nfev=429 t=869.9s remaining=1577
    iter=424 E=-1.9945739059 nfev=430 t=871.7s remaining=1576
    iter=425 E=-1.9945793370 nfev=431 t=873.6s remaining=1575
    iter=426 E=-1.9945842305 nfev=432 t=875.4s remaining=1574
    iter=427 E=-1.9945888454 nfev=433 t=877.5s remaining=1573
    iter=428 E=-1.9945938221 nfev=434 t=879.4s remaining=1572
    iter=429 E=-1.9945999074 nfev=435 t=881.5s remaining=1571
    iter=430 E=-1.9946067768 nfev=436 t=883.3s remaining=1570
    iter=431 E=-1.9946131553 nfev=437 t=885.1s remaining=1569
    iter=432 E=-1.9946182864 nfev=438 t=886.9s remaining=1568
    iter=433 E=-1.9946227132 nfev=439 t=888.8s remaining=1567
    iter=434 E=-1.9946273194 nfev=440 t=890.7s remaining=1566
    iter=435 E=-1.9946325660 nfev=441 t=892.6s remaining=1565
    iter=436 E=-1.9946381201 nfev=442 t=894.7s remaining=1564
    iter=437 E=-1.9946440800 nfev=443 t=896.9s remaining=1563
    iter=438 E=-1.9946507179 nfev=444 t=898.9s remaining=1562
    iter=439 E=-1.9946573213 nfev=445 t=901.1s remaining=1561
    iter=440 E=-1.9946632198 nfev=446 t=903.3s remaining=1560
    iter=441 E=-1.9946686362 nfev=447 t=905.4s remaining=1559
    iter=442 E=-1.9946740280 nfev=448 t=907.6s remaining=1558
    iter=443 E=-1.9946798665 nfev=449 t=909.9s remaining=1557
    iter=444 E=-1.9946858033 nfev=450 t=912.1s remaining=1556
    iter=445 E=-1.9946909652 nfev=451 t=914.2s remaining=1555
    iter=446 E=-1.9946954074 nfev=452 t=916.5s remaining=1554
    iter=447 E=-1.9946998004 nfev=453 t=918.6s remaining=1553
    iter=448 E=-1.9947044064 nfev=454 t=920.8s remaining=1552
    iter=449 E=-1.9947090073 nfev=455 t=923.5s remaining=1551
    iter=450 E=-1.9947134379 nfev=456 t=926.3s remaining=1550
    iter=451 E=-1.9947178845 nfev=457 t=929.0s remaining=1549
    iter=452 E=-1.9947226183 nfev=458 t=931.2s remaining=1548
    iter=453 E=-1.9947276263 nfev=459 t=933.1s remaining=1547
    iter=454 E=-1.9947328690 nfev=460 t=935.0s remaining=1546
    iter=455 E=-1.9947382187 nfev=461 t=937.0s remaining=1545
    iter=456 E=-1.9947432406 nfev=462 t=939.2s remaining=1544
    iter=457 E=-1.9947476107 nfev=463 t=941.2s remaining=1543
    iter=458 E=-1.9947520744 nfev=464 t=943.4s remaining=1542
    iter=459 E=-1.9947572384 nfev=465 t=945.2s remaining=1541
    iter=460 E=-1.9947630972 nfev=466 t=947.2s remaining=1540
    iter=461 E=-1.9947686066 nfev=467 t=949.0s remaining=1539
    iter=462 E=-1.9947730702 nfev=468 t=951.0s remaining=1538
    iter=463 E=-1.9947767845 nfev=469 t=953.0s remaining=1537
    iter=464 E=-1.9947805750 nfev=470 t=954.9s remaining=1536
    iter=465 E=-1.9947848688 nfev=471 t=956.7s remaining=1535
    iter=466 E=-1.9947893403 nfev=472 t=958.5s remaining=1534
    iter=467 E=-1.9947937111 nfev=473 t=960.5s remaining=1533
    iter=468 E=-1.9947981766 nfev=474 t=962.3s remaining=1532
    iter=469 E=-1.9948028250 nfev=475 t=964.2s remaining=1531
    iter=470 E=-1.9948072921 nfev=476 t=966.0s remaining=1530
    iter=471 E=-1.9948112206 nfev=477 t=968.1s remaining=1529
    iter=472 E=-1.9948149646 nfev=478 t=970.1s remaining=1528
    iter=473 E=-1.9948185534 nfev=479 t=972.1s remaining=1527
    iter=474 E=-1.9948219507 nfev=480 t=974.2s remaining=1526
    iter=475 E=-1.9948251687 nfev=481 t=976.1s remaining=1525
    iter=476 E=-1.9948284919 nfev=482 t=978.1s remaining=1524
    iter=477 E=-1.9948321256 nfev=483 t=980.2s remaining=1523
    iter=478 E=-1.9948358367 nfev=484 t=982.3s remaining=1522
    iter=479 E=-1.9948394456 nfev=485 t=984.5s remaining=1521
    iter=480 E=-1.9948428805 nfev=486 t=986.5s remaining=1520
    iter=481 E=-1.9948463248 nfev=487 t=988.6s remaining=1519
    iter=482 E=-1.9948498700 nfev=488 t=990.8s remaining=1518
    iter=483 E=-1.9948534537 nfev=489 t=993.3s remaining=1517
    iter=484 E=-1.9948568975 nfev=490 t=995.6s remaining=1516
    iter=485 E=-1.9948601597 nfev=491 t=997.6s remaining=1515
    iter=486 E=-1.9948632715 nfev=492 t=999.6s remaining=1514
    iter=487 E=-1.9948662100 nfev=493 t=1001.5s remaining=1513
    iter=488 E=-1.9948691004 nfev=494 t=1003.4s remaining=1512
    iter=489 E=-1.9948721390 nfev=495 t=1005.3s remaining=1511
    iter=490 E=-1.9948752939 nfev=496 t=1007.2s remaining=1510
    iter=491 E=-1.9948783158 nfev=497 t=1009.2s remaining=1509
    iter=492 E=-1.9948811947 nfev=498 t=1011.1s remaining=1508
    iter=493 E=-1.9948842101 nfev=499 t=1013.0s remaining=1507
    iter=494 E=-1.9948875263 nfev=500 t=1014.8s remaining=1506
    iter=495 E=-1.9948908979 nfev=501 t=1016.7s remaining=1505
    iter=496 E=-1.9948938346 nfev=502 t=1018.6s remaining=1504
    iter=497 E=-1.9948963482 nfev=503 t=1020.5s remaining=1503
    iter=498 E=-1.9948989579 nfev=504 t=1022.4s remaining=1502
    iter=499 E=-1.9949020636 nfev=505 t=1024.2s remaining=1501
    iter=500 E=-1.9949050980 nfev=506 t=1026.2s remaining=1500
    iter=501 E=-1.9949076825 nfev=507 t=1028.1s remaining=1499
    iter=502 E=-1.9949101817 nfev=508 t=1030.0s remaining=1498
    iter=503 E=-1.9949130475 nfev=509 t=1031.9s remaining=1497
    iter=504 E=-1.9949163077 nfev=510 t=1033.9s remaining=1496
    iter=505 E=-1.9949194234 nfev=511 t=1035.8s remaining=1495
    iter=506 E=-1.9949222435 nfev=512 t=1037.8s remaining=1494
    iter=507 E=-1.9949249316 nfev=513 t=1039.8s remaining=1493
    iter=508 E=-1.9949275966 nfev=514 t=1041.8s remaining=1492
    iter=509 E=-1.9949300016 nfev=515 t=1043.8s remaining=1491
    iter=510 E=-1.9949320733 nfev=516 t=1045.7s remaining=1490
    iter=511 E=-1.9949340804 nfev=517 t=1047.8s remaining=1489
    iter=512 E=-1.9949362702 nfev=518 t=1049.7s remaining=1488
    iter=513 E=-1.9949387365 nfev=519 t=1051.6s remaining=1487
    iter=514 E=-1.9949413862 nfev=520 t=1053.6s remaining=1486
    iter=515 E=-1.9949441559 nfev=521 t=1055.4s remaining=1485
    iter=516 E=-1.9949470789 nfev=522 t=1057.4s remaining=1484
    iter=517 E=-1.9949501037 nfev=523 t=1059.3s remaining=1483
    iter=518 E=-1.9949529816 nfev=524 t=1061.1s remaining=1482
    iter=519 E=-1.9949557043 nfev=525 t=1063.0s remaining=1481
    iter=520 E=-1.9949583029 nfev=526 t=1064.8s remaining=1480
    iter=521 E=-1.9949608764 nfev=527 t=1066.7s remaining=1479
    iter=522 E=-1.9949633115 nfev=528 t=1068.6s remaining=1478
    iter=523 E=-1.9949654209 nfev=529 t=1070.9s remaining=1477
    iter=524 E=-1.9949672587 nfev=530 t=1072.9s remaining=1476
    iter=525 E=-1.9949691887 nfev=531 t=1074.9s remaining=1475
    iter=526 E=-1.9949715372 nfev=532 t=1076.7s remaining=1474
    iter=527 E=-1.9949741952 nfev=533 t=1078.5s remaining=1473
    iter=528 E=-1.9949766755 nfev=534 t=1080.4s remaining=1472
    iter=529 E=-1.9949786950 nfev=535 t=1082.2s remaining=1471
    iter=530 E=-1.9949804846 nfev=536 t=1084.1s remaining=1470
    iter=531 E=-1.9949823388 nfev=537 t=1086.2s remaining=1469
    iter=532 E=-1.9949842943 nfev=538 t=1088.3s remaining=1468
    iter=533 E=-1.9949862035 nfev=539 t=1090.4s remaining=1467
    iter=534 E=-1.9949879718 nfev=540 t=1092.3s remaining=1466
    iter=535 E=-1.9949897146 nfev=541 t=1094.2s remaining=1465
    iter=536 E=-1.9949916367 nfev=542 t=1096.2s remaining=1464
    iter=537 E=-1.9949938844 nfev=543 t=1098.1s remaining=1463
    iter=538 E=-1.9949964455 nfev=544 t=1099.9s remaining=1462
    iter=539 E=-1.9949990332 nfev=545 t=1101.8s remaining=1461
    iter=540 E=-1.9950012431 nfev=546 t=1103.7s remaining=1460
    iter=541 E=-1.9950029123 nfev=547 t=1105.6s remaining=1459
    iter=542 E=-1.9950042628 nfev=548 t=1107.4s remaining=1458
    iter=543 E=-1.9950056418 nfev=549 t=1109.3s remaining=1457
    iter=544 E=-1.9950072739 nfev=550 t=1111.3s remaining=1456
    iter=545 E=-1.9950091126 nfev=551 t=1113.2s remaining=1455
    iter=546 E=-1.9950110287 nfev=552 t=1115.4s remaining=1454
    iter=547 E=-1.9950129013 nfev=553 t=1117.4s remaining=1453
    iter=548 E=-1.9950146579 nfev=554 t=1119.7s remaining=1452
    iter=549 E=-1.9950162766 nfev=555 t=1121.7s remaining=1451
    iter=550 E=-1.9950178144 nfev=556 t=1123.6s remaining=1450
    iter=551 E=-1.9950193889 nfev=557 t=1125.9s remaining=1449
    iter=552 E=-1.9950211568 nfev=558 t=1128.1s remaining=1448
    iter=553 E=-1.9950231400 nfev=559 t=1130.4s remaining=1447
    iter=554 E=-1.9950251201 nfev=560 t=1133.0s remaining=1446
    iter=555 E=-1.9950268634 nfev=561 t=1135.3s remaining=1445
    iter=556 E=-1.9950283517 nfev=562 t=1137.3s remaining=1444
    iter=557 E=-1.9950297724 nfev=563 t=1139.3s remaining=1443
    iter=558 E=-1.9950313255 nfev=564 t=1141.4s remaining=1442
    iter=559 E=-1.9950330623 nfev=565 t=1143.8s remaining=1441
    iter=560 E=-1.9950347694 nfev=566 t=1146.1s remaining=1440
    iter=561 E=-1.9950362650 nfev=567 t=1148.1s remaining=1439
    iter=562 E=-1.9950376539 nfev=568 t=1150.3s remaining=1438
    iter=563 E=-1.9950392146 nfev=569 t=1152.3s remaining=1437
    iter=564 E=-1.9950411317 nfev=570 t=1154.2s remaining=1436
    iter=565 E=-1.9950432354 nfev=571 t=1156.6s remaining=1435
    iter=566 E=-1.9950450720 nfev=572 t=1159.3s remaining=1434
    iter=567 E=-1.9950465113 nfev=573 t=1161.6s remaining=1433
    iter=568 E=-1.9950477292 nfev=574 t=1163.7s remaining=1432
    iter=569 E=-1.9950488840 nfev=575 t=1165.6s remaining=1431
    iter=570 E=-1.9950500686 nfev=576 t=1167.6s remaining=1430
    iter=571 E=-1.9950513682 nfev=577 t=1169.5s remaining=1429
    iter=572 E=-1.9950528669 nfev=578 t=1171.6s remaining=1428
    iter=573 E=-1.9950546297 nfev=579 t=1173.7s remaining=1427
    iter=574 E=-1.9950562630 nfev=580 t=1175.6s remaining=1426
    iter=575 E=-1.9950575054 nfev=581 t=1177.6s remaining=1425
    iter=576 E=-1.9950585530 nfev=582 t=1179.5s remaining=1424
    iter=577 E=-1.9950598195 nfev=583 t=1181.5s remaining=1423
    iter=578 E=-1.9950615100 nfev=584 t=1183.5s remaining=1422
    iter=579 E=-1.9950633434 nfev=585 t=1185.6s remaining=1421
    iter=580 E=-1.9950650053 nfev=586 t=1187.6s remaining=1420
    iter=581 E=-1.9950664022 nfev=587 t=1189.9s remaining=1419
    iter=582 E=-1.9950676693 nfev=588 t=1192.2s remaining=1418
    iter=583 E=-1.9950689245 nfev=589 t=1194.2s remaining=1417
    iter=584 E=-1.9950701842 nfev=590 t=1196.2s remaining=1416
    iter=585 E=-1.9950715288 nfev=591 t=1198.3s remaining=1415
    iter=586 E=-1.9950731683 nfev=592 t=1200.3s remaining=1414
    iter=587 E=-1.9950751864 nfev=593 t=1202.5s remaining=1413
    iter=588 E=-1.9950772910 nfev=594 t=1204.4s remaining=1412
    iter=589 E=-1.9950791037 nfev=595 t=1206.7s remaining=1411
    iter=590 E=-1.9950805569 nfev=596 t=1208.6s remaining=1410
    iter=591 E=-1.9950818671 nfev=597 t=1210.5s remaining=1409
    iter=592 E=-1.9950832685 nfev=598 t=1212.4s remaining=1408
    iter=593 E=-1.9950849248 nfev=599 t=1214.3s remaining=1407
    iter=594 E=-1.9950868237 nfev=600 t=1216.5s remaining=1406
    iter=595 E=-1.9950887508 nfev=601 t=1218.6s remaining=1405
    iter=596 E=-1.9950903927 nfev=602 t=1220.5s remaining=1404
    iter=597 E=-1.9950916900 nfev=603 t=1223.2s remaining=1403
    iter=598 E=-1.9950928787 nfev=604 t=1225.3s remaining=1402
    iter=599 E=-1.9950942634 nfev=605 t=1227.2s remaining=1401
    iter=600 E=-1.9950959013 nfev=606 t=1229.1s remaining=1400
    iter=601 E=-1.9950975550 nfev=607 t=1231.1s remaining=1399
    iter=602 E=-1.9950990371 nfev=608 t=1233.0s remaining=1398
    iter=603 E=-1.9951003898 nfev=609 t=1235.0s remaining=1397
    iter=604 E=-1.9951017887 nfev=610 t=1237.2s remaining=1396
    iter=605 E=-1.9951032627 nfev=611 t=1239.2s remaining=1395
    iter=606 E=-1.9951046605 nfev=612 t=1241.0s remaining=1394
    iter=607 E=-1.9951059132 nfev=613 t=1242.9s remaining=1393
    iter=608 E=-1.9951071451 nfev=614 t=1244.8s remaining=1392
    iter=609 E=-1.9951085159 nfev=615 t=1246.9s remaining=1391
    iter=610 E=-1.9951100394 nfev=616 t=1249.0s remaining=1390
    iter=611 E=-1.9951115919 nfev=617 t=1251.0s remaining=1389
    iter=612 E=-1.9951130750 nfev=618 t=1253.7s remaining=1388
    iter=613 E=-1.9951144602 nfev=619 t=1256.4s remaining=1387
    iter=614 E=-1.9951157103 nfev=620 t=1259.1s remaining=1386
    iter=615 E=-1.9951168079 nfev=621 t=1261.8s remaining=1385
    iter=616 E=-1.9951178355 nfev=622 t=1263.9s remaining=1384
    iter=617 E=-1.9951189119 nfev=623 t=1265.8s remaining=1383
    iter=618 E=-1.9951201095 nfev=624 t=1268.2s remaining=1382
    iter=619 E=-1.9951213853 nfev=625 t=1270.0s remaining=1381
    iter=620 E=-1.9951226259 nfev=626 t=1271.9s remaining=1380
    iter=621 E=-1.9951237351 nfev=627 t=1273.8s remaining=1379
    iter=622 E=-1.9951246992 nfev=628 t=1275.6s remaining=1378
    iter=623 E=-1.9951255749 nfev=629 t=1277.4s remaining=1377
    iter=624 E=-1.9951264550 nfev=630 t=1279.2s remaining=1376
    iter=625 E=-1.9951274268 nfev=631 t=1281.3s remaining=1375
    iter=626 E=-1.9951284405 nfev=632 t=1283.3s remaining=1374
    iter=627 E=-1.9951293553 nfev=633 t=1285.2s remaining=1373
    iter=628 E=-1.9951301237 nfev=634 t=1287.3s remaining=1372
    iter=629 E=-1.9951308381 nfev=635 t=1289.2s remaining=1371
    iter=630 E=-1.9951315944 nfev=636 t=1291.1s remaining=1370
    iter=631 E=-1.9951323635 nfev=637 t=1292.9s remaining=1369
    iter=632 E=-1.9951330395 nfev=638 t=1294.7s remaining=1368
    iter=633 E=-1.9951336116 nfev=639 t=1296.6s remaining=1367
    iter=634 E=-1.9951341500 nfev=640 t=1298.5s remaining=1366
    iter=635 E=-1.9951346882 nfev=641 t=1300.3s remaining=1365
    iter=636 E=-1.9951352129 nfev=642 t=1302.1s remaining=1364
    iter=637 E=-1.9951357434 nfev=643 t=1304.0s remaining=1363
    iter=638 E=-1.9951363574 nfev=644 t=1305.8s remaining=1362
    iter=639 E=-1.9951370969 nfev=645 t=1307.6s remaining=1361
    iter=640 E=-1.9951378617 nfev=646 t=1309.6s remaining=1360
    iter=641 E=-1.9951385068 nfev=647 t=1311.4s remaining=1359
    iter=642 E=-1.9951390151 nfev=648 t=1313.3s remaining=1358
    iter=643 E=-1.9951394896 nfev=649 t=1315.3s remaining=1357
    iter=644 E=-1.9951400181 nfev=650 t=1317.2s remaining=1356
    iter=645 E=-1.9951405952 nfev=651 t=1319.1s remaining=1355
    iter=646 E=-1.9951411609 nfev=652 t=1321.0s remaining=1354
    iter=647 E=-1.9951416877 nfev=653 t=1322.9s remaining=1353
    iter=648 E=-1.9951422068 nfev=654 t=1324.9s remaining=1352
    iter=649 E=-1.9951427765 nfev=655 t=1326.7s remaining=1351
    iter=650 E=-1.9951434565 nfev=656 t=1328.5s remaining=1350
    iter=651 E=-1.9951442465 nfev=657 t=1330.3s remaining=1349
    iter=652 E=-1.9951450721 nfev=658 t=1332.2s remaining=1348
    iter=653 E=-1.9951458248 nfev=659 t=1334.0s remaining=1347
    iter=654 E=-1.9951464947 nfev=660 t=1335.9s remaining=1346
    iter=655 E=-1.9951471619 nfev=661 t=1337.8s remaining=1345
    iter=656 E=-1.9951478886 nfev=662 t=1339.6s remaining=1344
    iter=657 E=-1.9951486601 nfev=663 t=1341.5s remaining=1343
    iter=658 E=-1.9951494365 nfev=664 t=1343.2s remaining=1342
    iter=659 E=-1.9951502240 nfev=665 t=1345.1s remaining=1341
    iter=660 E=-1.9951510745 nfev=666 t=1346.9s remaining=1340
    iter=661 E=-1.9951519770 nfev=667 t=1348.7s remaining=1339
    iter=662 E=-1.9951528276 nfev=668 t=1350.6s remaining=1338
    iter=663 E=-1.9951535477 nfev=669 t=1352.4s remaining=1337
    iter=664 E=-1.9951542334 nfev=670 t=1354.4s remaining=1336
    iter=665 E=-1.9951550689 nfev=671 t=1356.2s remaining=1335
    iter=666 E=-1.9951561408 nfev=672 t=1358.3s remaining=1334
    iter=667 E=-1.9951572459 nfev=673 t=1360.1s remaining=1333
    iter=668 E=-1.9951581025 nfev=674 t=1362.1s remaining=1332
    iter=669 E=-1.9951587209 nfev=675 t=1363.9s remaining=1331
    iter=670 E=-1.9951593281 nfev=676 t=1365.8s remaining=1330
    iter=671 E=-1.9951601352 nfev=677 t=1367.6s remaining=1329
    iter=672 E=-1.9951611549 nfev=678 t=1369.6s remaining=1328
    iter=673 E=-1.9951621380 nfev=679 t=1371.5s remaining=1327
    iter=674 E=-1.9951629018 nfev=680 t=1373.2s remaining=1326
    iter=675 E=-1.9951635277 nfev=681 t=1375.1s remaining=1325
    iter=676 E=-1.9951641699 nfev=682 t=1377.1s remaining=1324
    iter=677 E=-1.9951649413 nfev=683 t=1378.9s remaining=1323
    iter=678 E=-1.9951657709 nfev=684 t=1380.7s remaining=1322
    iter=679 E=-1.9951664822 nfev=685 t=1382.7s remaining=1321
    iter=680 E=-1.9951671089 nfev=686 t=1384.6s remaining=1320
    iter=681 E=-1.9951677251 nfev=687 t=1386.4s remaining=1319
    iter=682 E=-1.9951684208 nfev=688 t=1388.3s remaining=1318
    iter=683 E=-1.9951692266 nfev=689 t=1390.1s remaining=1317
    iter=684 E=-1.9951700831 nfev=690 t=1391.9s remaining=1316
    iter=685 E=-1.9951708989 nfev=691 t=1393.8s remaining=1315
    iter=686 E=-1.9951717088 nfev=692 t=1395.6s remaining=1314
    iter=687 E=-1.9951725406 nfev=693 t=1397.5s remaining=1313
    iter=688 E=-1.9951733145 nfev=694 t=1399.3s remaining=1312
    iter=689 E=-1.9951739420 nfev=695 t=1401.2s remaining=1311
    iter=690 E=-1.9951744394 nfev=696 t=1403.1s remaining=1310
    iter=691 E=-1.9951749093 nfev=697 t=1405.0s remaining=1309
    iter=692 E=-1.9951754526 nfev=698 t=1407.0s remaining=1308
    iter=693 E=-1.9951761162 nfev=699 t=1408.9s remaining=1307
    iter=694 E=-1.9951768715 nfev=700 t=1410.8s remaining=1306
    iter=695 E=-1.9951776146 nfev=701 t=1412.6s remaining=1305
    iter=696 E=-1.9951782397 nfev=702 t=1414.4s remaining=1304
    iter=697 E=-1.9951787497 nfev=703 t=1416.4s remaining=1303
    iter=698 E=-1.9951792352 nfev=704 t=1418.4s remaining=1302
    iter=699 E=-1.9951798020 nfev=705 t=1420.5s remaining=1301
    iter=700 E=-1.9951805222 nfev=706 t=1422.4s remaining=1300
    iter=701 E=-1.9951813582 nfev=707 t=1424.3s remaining=1299
    iter=702 E=-1.9951822047 nfev=708 t=1426.3s remaining=1298
    iter=703 E=-1.9951829555 nfev=709 t=1428.1s remaining=1297
    iter=704 E=-1.9951835835 nfev=710 t=1430.0s remaining=1296
    iter=705 E=-1.9951841353 nfev=711 t=1431.7s remaining=1295
    iter=706 E=-1.9951846804 nfev=712 t=1433.6s remaining=1294
    iter=707 E=-1.9951852906 nfev=713 t=1435.4s remaining=1293
    iter=708 E=-1.9951859870 nfev=714 t=1437.3s remaining=1292
    iter=709 E=-1.9951867159 nfev=715 t=1439.2s remaining=1291
    iter=710 E=-1.9951873733 nfev=716 t=1441.0s remaining=1290
    iter=711 E=-1.9951879295 nfev=717 t=1442.9s remaining=1289
    iter=712 E=-1.9951884572 nfev=718 t=1444.7s remaining=1288
    iter=713 E=-1.9951890311 nfev=719 t=1446.5s remaining=1287
    iter=714 E=-1.9951896687 nfev=720 t=1448.4s remaining=1286
    iter=715 E=-1.9951903162 nfev=721 t=1450.2s remaining=1285
    iter=716 E=-1.9951909178 nfev=722 t=1452.0s remaining=1284
    iter=717 E=-1.9951914601 nfev=723 t=1454.0s remaining=1283
    iter=718 E=-1.9951919964 nfev=724 t=1455.8s remaining=1282
    iter=719 E=-1.9951926088 nfev=725 t=1457.8s remaining=1281
    iter=720 E=-1.9951933660 nfev=726 t=1459.9s remaining=1280
    iter=721 E=-1.9951942314 nfev=727 t=1461.8s remaining=1279
    iter=722 E=-1.9951950445 nfev=728 t=1463.6s remaining=1278
    iter=723 E=-1.9951956970 nfev=729 t=1465.5s remaining=1277
    iter=724 E=-1.9951962500 nfev=730 t=1467.4s remaining=1276
    iter=725 E=-1.9951968391 nfev=731 t=1469.2s remaining=1275
    iter=726 E=-1.9951975665 nfev=732 t=1471.1s remaining=1274
    iter=727 E=-1.9951984329 nfev=733 t=1472.9s remaining=1273
    iter=728 E=-1.9951993334 nfev=734 t=1474.7s remaining=1272
    iter=729 E=-1.9952001381 nfev=735 t=1476.7s remaining=1271
    iter=730 E=-1.9952007906 nfev=736 t=1478.5s remaining=1270
    iter=731 E=-1.9952013261 nfev=737 t=1480.3s remaining=1269
    iter=732 E=-1.9952018276 nfev=738 t=1482.1s remaining=1268
    iter=733 E=-1.9952023858 nfev=739 t=1484.0s remaining=1267
    iter=734 E=-1.9952030630 nfev=740 t=1485.8s remaining=1266
    iter=735 E=-1.9952038174 nfev=741 t=1487.6s remaining=1265
    iter=736 E=-1.9952045210 nfev=742 t=1489.5s remaining=1264
    iter=737 E=-1.9952051202 nfev=743 t=1491.3s remaining=1263
    iter=738 E=-1.9952056820 nfev=744 t=1493.1s remaining=1262
    iter=739 E=-1.9952063021 nfev=745 t=1495.0s remaining=1261
    iter=740 E=-1.9952070142 nfev=746 t=1496.8s remaining=1260
    iter=741 E=-1.9952077397 nfev=747 t=1498.6s remaining=1259
    iter=742 E=-1.9952083826 nfev=748 t=1500.5s remaining=1258
    iter=743 E=-1.9952089256 nfev=749 t=1502.4s remaining=1257
    iter=744 E=-1.9952094484 nfev=750 t=1504.2s remaining=1256
    iter=745 E=-1.9952100542 nfev=751 t=1506.0s remaining=1255
    iter=746 E=-1.9952107978 nfev=752 t=1507.9s remaining=1254
    iter=747 E=-1.9952116033 nfev=753 t=1509.8s remaining=1253
    iter=748 E=-1.9952123127 nfev=754 t=1511.7s remaining=1252
    iter=749 E=-1.9952128799 nfev=755 t=1513.8s remaining=1251
    iter=750 E=-1.9952134141 nfev=756 t=1515.6s remaining=1250
    iter=751 E=-1.9952140780 nfev=757 t=1517.4s remaining=1249
    iter=752 E=-1.9952149941 nfev=758 t=1519.3s remaining=1248
    iter=753 E=-1.9952161514 nfev=759 t=1521.3s remaining=1247
    iter=754 E=-1.9952173673 nfev=760 t=1523.2s remaining=1246
    iter=755 E=-1.9952183679 nfev=761 t=1525.3s remaining=1245
    iter=756 E=-1.9952190487 nfev=762 t=1527.5s remaining=1244
    iter=757 E=-1.9952195566 nfev=763 t=1529.5s remaining=1243
    iter=758 E=-1.9952200750 nfev=764 t=1532.1s remaining=1242
    iter=759 E=-1.9952207863 nfev=765 t=1534.5s remaining=1241
    iter=760 E=-1.9952216274 nfev=766 t=1536.4s remaining=1240
    iter=761 E=-1.9952224855 nfev=767 t=1538.3s remaining=1239
    iter=762 E=-1.9952231725 nfev=768 t=1540.2s remaining=1238
    iter=763 E=-1.9952236918 nfev=769 t=1542.0s remaining=1237
    iter=764 E=-1.9952241627 nfev=770 t=1544.0s remaining=1236
    iter=765 E=-1.9952247375 nfev=771 t=1546.3s remaining=1235
    iter=766 E=-1.9952255273 nfev=772 t=1548.2s remaining=1234
    iter=767 E=-1.9952264898 nfev=773 t=1550.0s remaining=1233
    iter=768 E=-1.9952274228 nfev=774 t=1551.9s remaining=1232
    iter=769 E=-1.9952281299 nfev=775 t=1553.8s remaining=1231
    iter=770 E=-1.9952286600 nfev=776 t=1555.7s remaining=1230
    iter=771 E=-1.9952291873 nfev=777 t=1557.5s remaining=1229
    iter=772 E=-1.9952298823 nfev=778 t=1559.4s remaining=1228
    iter=773 E=-1.9952307874 nfev=779 t=1561.2s remaining=1227
    iter=774 E=-1.9952317493 nfev=780 t=1563.1s remaining=1226
    iter=775 E=-1.9952326634 nfev=781 t=1564.9s remaining=1225
    iter=776 E=-1.9952334517 nfev=782 t=1566.8s remaining=1224
    iter=777 E=-1.9952340672 nfev=783 t=1568.8s remaining=1223
    iter=778 E=-1.9952345979 nfev=784 t=1570.6s remaining=1222
    iter=779 E=-1.9952352363 nfev=785 t=1572.6s remaining=1221
    iter=780 E=-1.9952361724 nfev=786 t=1574.5s remaining=1220
    iter=781 E=-1.9952374272 nfev=787 t=1576.5s remaining=1219
    iter=782 E=-1.9952387130 nfev=788 t=1578.3s remaining=1218
    iter=783 E=-1.9952397390 nfev=789 t=1580.4s remaining=1217
    iter=784 E=-1.9952405336 nfev=790 t=1582.4s remaining=1216
    iter=785 E=-1.9952412798 nfev=791 t=1584.3s remaining=1215
    iter=786 E=-1.9952421435 nfev=792 t=1586.2s remaining=1214
    iter=787 E=-1.9952430838 nfev=793 t=1588.1s remaining=1213
    iter=788 E=-1.9952442424 nfev=794 t=1590.6s remaining=1212
    iter=789 E=-1.9952454836 nfev=795 t=1592.5s remaining=1211
    iter=790 E=-1.9952465169 nfev=796 t=1594.7s remaining=1210
    iter=791 E=-1.9952471814 nfev=797 t=1596.6s remaining=1209
    iter=792 E=-1.9952476939 nfev=798 t=1598.8s remaining=1208
    iter=793 E=-1.9952483550 nfev=799 t=1600.8s remaining=1207
    iter=794 E=-1.9952493484 nfev=800 t=1602.8s remaining=1206
    iter=795 E=-1.9952506631 nfev=801 t=1604.7s remaining=1205
    iter=796 E=-1.9952518329 nfev=802 t=1606.6s remaining=1204
    iter=797 E=-1.9952526973 nfev=803 t=1608.4s remaining=1203
    iter=798 E=-1.9952533384 nfev=804 t=1610.3s remaining=1202
    iter=799 E=-1.9952540142 nfev=805 t=1612.1s remaining=1201
    iter=800 E=-1.9952549796 nfev=806 t=1614.0s remaining=1200
    iter=801 E=-1.9952563626 nfev=807 t=1615.9s remaining=1199
    iter=802 E=-1.9952581056 nfev=808 t=1617.7s remaining=1198
    iter=803 E=-1.9952597209 nfev=809 t=1619.5s remaining=1197
    iter=804 E=-1.9952608162 nfev=810 t=1621.4s remaining=1196
    iter=805 E=-1.9952615229 nfev=811 t=1623.3s remaining=1195
    iter=806 E=-1.9952621570 nfev=812 t=1625.2s remaining=1194
    iter=807 E=-1.9952630787 nfev=813 t=1627.0s remaining=1193
    iter=808 E=-1.9952643380 nfev=814 t=1628.8s remaining=1192
    iter=809 E=-1.9952657053 nfev=815 t=1630.7s remaining=1191
    iter=810 E=-1.9952668193 nfev=816 t=1632.6s remaining=1190
    iter=811 E=-1.9952675727 nfev=817 t=1634.5s remaining=1189
    iter=812 E=-1.9952681405 nfev=818 t=1636.3s remaining=1188
    iter=813 E=-1.9952687504 nfev=819 t=1638.2s remaining=1187
    iter=814 E=-1.9952696092 nfev=820 t=1640.1s remaining=1186
    iter=815 E=-1.9952707622 nfev=821 t=1642.3s remaining=1185
    iter=816 E=-1.9952720243 nfev=822 t=1644.7s remaining=1184
    iter=817 E=-1.9952730918 nfev=823 t=1646.5s remaining=1183
    iter=818 E=-1.9952737981 nfev=824 t=1648.4s remaining=1182
    iter=819 E=-1.9952743146 nfev=825 t=1650.3s remaining=1181
    iter=820 E=-1.9952749336 nfev=826 t=1652.2s remaining=1180
    iter=821 E=-1.9952758972 nfev=827 t=1654.0s remaining=1179
    iter=822 E=-1.9952773352 nfev=828 t=1655.9s remaining=1178
    iter=823 E=-1.9952789358 nfev=829 t=1657.8s remaining=1177
    iter=824 E=-1.9952801061 nfev=830 t=1659.6s remaining=1176
    iter=825 E=-1.9952809564 nfev=831 t=1661.4s remaining=1175
    iter=826 E=-1.9952815652 nfev=832 t=1663.3s remaining=1174
    iter=827 E=-1.9952822430 nfev=833 t=1665.1s remaining=1173
    iter=828 E=-1.9952831785 nfev=834 t=1667.0s remaining=1172
    iter=829 E=-1.9952842939 nfev=835 t=1668.8s remaining=1171
    iter=830 E=-1.9952853855 nfev=836 t=1670.7s remaining=1170
    iter=831 E=-1.9952862740 nfev=837 t=1672.8s remaining=1169
    iter=832 E=-1.9952870264 nfev=838 t=1674.7s remaining=1168
    iter=833 E=-1.9952878521 nfev=839 t=1676.6s remaining=1167
    iter=834 E=-1.9952889374 nfev=840 t=1678.4s remaining=1166
    iter=835 E=-1.9952901925 nfev=841 t=1680.3s remaining=1165
    iter=836 E=-1.9952912920 nfev=842 t=1682.1s remaining=1164
    iter=837 E=-1.9952920805 nfev=843 t=1684.0s remaining=1163
    iter=838 E=-1.9952926844 nfev=844 t=1685.8s remaining=1162
    iter=839 E=-1.9952933021 nfev=845 t=1687.8s remaining=1161
    iter=840 E=-1.9952940876 nfev=846 t=1689.8s remaining=1160
    iter=841 E=-1.9952950528 nfev=847 t=1691.7s remaining=1159
    iter=842 E=-1.9952960665 nfev=848 t=1693.7s remaining=1158
    iter=843 E=-1.9952969244 nfev=849 t=1695.5s remaining=1157
    iter=844 E=-1.9952975612 nfev=850 t=1697.4s remaining=1156
    iter=845 E=-1.9952980858 nfev=851 t=1699.3s remaining=1155
    iter=846 E=-1.9952987374 nfev=852 t=1701.1s remaining=1154
    iter=847 E=-1.9952997488 nfev=853 t=1702.9s remaining=1153
    iter=848 E=-1.9953013116 nfev=854 t=1704.8s remaining=1152
    iter=849 E=-1.9953033623 nfev=855 t=1706.9s remaining=1151
    iter=850 E=-1.9953047227 nfev=856 t=1708.7s remaining=1150
    iter=851 E=-1.9953056012 nfev=857 t=1710.6s remaining=1149
    iter=852 E=-1.9953061501 nfev=858 t=1712.7s remaining=1148
    iter=853 E=-1.9953067672 nfev=859 t=1714.7s remaining=1147
    iter=854 E=-1.9953077080 nfev=860 t=1716.6s remaining=1146
    iter=855 E=-1.9953090775 nfev=861 t=1718.6s remaining=1145
    iter=856 E=-1.9953105377 nfev=862 t=1720.6s remaining=1144
    iter=857 E=-1.9953116543 nfev=863 t=1722.4s remaining=1143
    iter=858 E=-1.9953123576 nfev=864 t=1724.6s remaining=1142
    iter=859 E=-1.9953128314 nfev=865 t=1726.4s remaining=1141
    iter=860 E=-1.9953134004 nfev=866 t=1728.2s remaining=1140
    iter=861 E=-1.9953142499 nfev=867 t=1730.1s remaining=1139
    iter=862 E=-1.9953154631 nfev=868 t=1732.0s remaining=1138
    iter=863 E=-1.9953168074 nfev=869 t=1733.9s remaining=1137
    iter=864 E=-1.9953180129 nfev=870 t=1735.7s remaining=1136
    iter=865 E=-1.9953188696 nfev=871 t=1737.7s remaining=1135
    iter=866 E=-1.9953194937 nfev=872 t=1739.5s remaining=1134
    iter=867 E=-1.9953201281 nfev=873 t=1741.4s remaining=1133
    iter=868 E=-1.9953210080 nfev=874 t=1743.2s remaining=1132
    iter=869 E=-1.9953223005 nfev=875 t=1745.0s remaining=1131
    iter=870 E=-1.9953240180 nfev=876 t=1746.9s remaining=1130
    iter=871 E=-1.9953256472 nfev=877 t=1748.9s remaining=1129
    iter=872 E=-1.9953267286 nfev=878 t=1750.8s remaining=1128
    iter=873 E=-1.9953273782 nfev=879 t=1752.6s remaining=1127
    iter=874 E=-1.9953279863 nfev=880 t=1754.5s remaining=1126
    iter=875 E=-1.9953289051 nfev=881 t=1756.3s remaining=1125
    iter=876 E=-1.9953302636 nfev=882 t=1758.1s remaining=1124
    iter=877 E=-1.9953320841 nfev=883 t=1760.0s remaining=1123
    iter=878 E=-1.9953340859 nfev=884 t=1762.4s remaining=1122
    iter=879 E=-1.9953356975 nfev=885 t=1764.3s remaining=1121
    iter=880 E=-1.9953367019 nfev=886 t=1766.2s remaining=1120
    iter=881 E=-1.9953373746 nfev=887 t=1768.1s remaining=1119
    iter=882 E=-1.9953380475 nfev=888 t=1770.0s remaining=1118
    iter=883 E=-1.9953390353 nfev=889 t=1771.9s remaining=1117
    iter=884 E=-1.9953403101 nfev=890 t=1773.7s remaining=1116
    iter=885 E=-1.9953418463 nfev=891 t=1775.7s remaining=1115
    iter=886 E=-1.9953435120 nfev=892 t=1777.6s remaining=1114
    iter=887 E=-1.9953447671 nfev=893 t=1779.5s remaining=1113
    iter=888 E=-1.9953456607 nfev=894 t=1781.4s remaining=1112
    iter=889 E=-1.9953464507 nfev=895 t=1783.2s remaining=1111
    iter=890 E=-1.9953473725 nfev=896 t=1785.1s remaining=1110
    iter=891 E=-1.9953485420 nfev=897 t=1787.2s remaining=1109
    iter=892 E=-1.9953501144 nfev=898 t=1789.2s remaining=1108
    iter=893 E=-1.9953519583 nfev=899 t=1791.4s remaining=1107
    iter=894 E=-1.9953536263 nfev=900 t=1793.5s remaining=1106
    iter=895 E=-1.9953547279 nfev=901 t=1795.5s remaining=1105
    iter=896 E=-1.9953554508 nfev=902 t=1797.4s remaining=1104
    iter=897 E=-1.9953561907 nfev=903 t=1799.2s remaining=1103
    iter=898 E=-1.9953572946 nfev=904 t=1801.2s remaining=1102
    iter=899 E=-1.9953588960 nfev=905 t=1803.1s remaining=1101
    iter=900 E=-1.9953607942 nfev=906 t=1804.9s remaining=1100
    iter=901 E=-1.9953623283 nfev=907 t=1806.9s remaining=1099
    iter=902 E=-1.9953632637 nfev=908 t=1809.0s remaining=1098
    iter=903 E=-1.9953638175 nfev=909 t=1810.8s remaining=1097
    iter=904 E=-1.9953643470 nfev=910 t=1812.7s remaining=1096
    iter=905 E=-1.9953651499 nfev=911 t=1814.5s remaining=1095
    iter=906 E=-1.9953663304 nfev=912 t=1816.3s remaining=1094
    iter=907 E=-1.9953678581 nfev=913 t=1818.1s remaining=1093
    iter=908 E=-1.9953695990 nfev=914 t=1819.8s remaining=1092
    iter=909 E=-1.9953710429 nfev=915 t=1821.6s remaining=1091
    iter=910 E=-1.9953718703 nfev=916 t=1823.4s remaining=1090
    iter=911 E=-1.9953723578 nfev=917 t=1825.3s remaining=1089
    iter=912 E=-1.9953728596 nfev=918 t=1827.2s remaining=1088
    iter=913 E=-1.9953736244 nfev=919 t=1829.2s remaining=1087
    iter=914 E=-1.9953747593 nfev=920 t=1831.1s remaining=1086
    iter=915 E=-1.9953760664 nfev=921 t=1832.9s remaining=1085
    iter=916 E=-1.9953771181 nfev=922 t=1835.3s remaining=1084
    iter=917 E=-1.9953777981 nfev=923 t=1837.1s remaining=1083
    iter=918 E=-1.9953782481 nfev=924 t=1839.0s remaining=1082
    iter=919 E=-1.9953787177 nfev=925 t=1840.9s remaining=1081
    iter=920 E=-1.9953794112 nfev=926 t=1842.8s remaining=1080
    iter=921 E=-1.9953802990 nfev=927 t=1844.8s remaining=1079
    iter=922 E=-1.9953813012 nfev=928 t=1847.0s remaining=1078
    iter=923 E=-1.9953822382 nfev=929 t=1848.9s remaining=1077
    iter=924 E=-1.9953829593 nfev=930 t=1850.8s remaining=1076
    iter=925 E=-1.9953834643 nfev=931 t=1852.7s remaining=1075
    iter=926 E=-1.9953838920 nfev=932 t=1854.6s remaining=1074
    iter=927 E=-1.9953844840 nfev=933 t=1856.4s remaining=1073
    iter=928 E=-1.9953853809 nfev=934 t=1858.7s remaining=1072
    iter=929 E=-1.9953866621 nfev=935 t=1861.5s remaining=1071
    iter=930 E=-1.9953878477 nfev=936 t=1864.2s remaining=1070
    iter=931 E=-1.9953886098 nfev=937 t=1866.4s remaining=1069
    iter=932 E=-1.9953890568 nfev=938 t=1868.4s remaining=1068
    iter=933 E=-1.9953894405 nfev=939 t=1870.8s remaining=1067
    iter=934 E=-1.9953900086 nfev=940 t=1872.6s remaining=1066
    iter=935 E=-1.9953908801 nfev=941 t=1874.6s remaining=1065
    iter=936 E=-1.9953921486 nfev=942 t=1876.6s remaining=1064
    iter=937 E=-1.9953934606 nfev=943 t=1878.7s remaining=1063
    iter=938 E=-1.9953945525 nfev=944 t=1880.7s remaining=1062
    iter=939 E=-1.9953953310 nfev=945 t=1882.5s remaining=1061
    iter=940 E=-1.9953959406 nfev=946 t=1884.3s remaining=1060
    iter=941 E=-1.9953966470 nfev=947 t=1886.2s remaining=1059
    iter=942 E=-1.9953976946 nfev=948 t=1888.1s remaining=1058
    iter=943 E=-1.9953992840 nfev=949 t=1890.3s remaining=1057
    iter=944 E=-1.9954015260 nfev=950 t=1892.5s remaining=1056
    iter=945 E=-1.9954034809 nfev=951 t=1894.3s remaining=1055
    iter=946 E=-1.9954046723 nfev=952 t=1896.1s remaining=1054
    iter=947 E=-1.9954052537 nfev=953 t=1898.1s remaining=1053
    iter=948 E=-1.9954057200 nfev=954 t=1900.1s remaining=1052
    iter=949 E=-1.9954064466 nfev=955 t=1902.1s remaining=1051
    iter=950 E=-1.9954076355 nfev=956 t=1904.0s remaining=1050
    iter=951 E=-1.9954095127 nfev=957 t=1905.8s remaining=1049
    iter=952 E=-1.9954120651 nfev=958 t=1907.6s remaining=1048
    iter=953 E=-1.9954138946 nfev=959 t=1909.5s remaining=1047
    iter=954 E=-1.9954154398 nfev=960 t=1911.3s remaining=1046
    iter=955 E=-1.9954162842 nfev=961 t=1913.1s remaining=1045
    iter=956 E=-1.9954170802 nfev=962 t=1915.0s remaining=1044
    iter=957 E=-1.9954183401 nfev=963 t=1917.0s remaining=1043
    iter=958 E=-1.9954203026 nfev=964 t=1919.8s remaining=1042
    iter=959 E=-1.9954228956 nfev=965 t=1922.4s remaining=1041
    iter=960 E=-1.9954245851 nfev=966 t=1924.1s remaining=1040
    iter=961 E=-1.9954258972 nfev=967 t=1926.1s remaining=1039
    iter=962 E=-1.9954267700 nfev=968 t=1928.0s remaining=1038
    iter=963 E=-1.9954275783 nfev=969 t=1929.8s remaining=1037
    iter=964 E=-1.9954285440 nfev=970 t=1931.6s remaining=1036
    iter=965 E=-1.9954297907 nfev=971 t=1933.5s remaining=1035
    iter=966 E=-1.9954315587 nfev=972 t=1935.4s remaining=1034
    iter=967 E=-1.9954338419 nfev=973 t=1937.5s remaining=1033
    iter=968 E=-1.9954360187 nfev=974 t=1939.2s remaining=1032
    iter=969 E=-1.9954376052 nfev=975 t=1941.0s remaining=1031
    iter=970 E=-1.9954386527 nfev=976 t=1942.8s remaining=1030
    iter=971 E=-1.9954395038 nfev=977 t=1944.7s remaining=1029
    iter=972 E=-1.9954403594 nfev=978 t=1946.5s remaining=1028
    iter=973 E=-1.9954416408 nfev=979 t=1948.5s remaining=1027
    iter=974 E=-1.9954432462 nfev=980 t=1950.6s remaining=1026
    iter=975 E=-1.9954449964 nfev=981 t=1952.5s remaining=1025
    iter=976 E=-1.9954471067 nfev=982 t=1954.4s remaining=1024
    iter=977 E=-1.9954489125 nfev=983 t=1956.4s remaining=1023
    iter=978 E=-1.9954502384 nfev=984 t=1958.5s remaining=1022
    iter=979 E=-1.9954512549 nfev=985 t=1960.8s remaining=1021
    iter=980 E=-1.9954522970 nfev=986 t=1962.6s remaining=1020
    iter=981 E=-1.9954534004 nfev=987 t=1964.6s remaining=1019
    iter=982 E=-1.9954547370 nfev=988 t=1966.7s remaining=1018
    iter=983 E=-1.9954564693 nfev=989 t=1968.5s remaining=1017
    iter=984 E=-1.9954586041 nfev=990 t=1970.3s remaining=1016
    iter=985 E=-1.9954608464 nfev=991 t=1972.2s remaining=1015
    iter=986 E=-1.9954627974 nfev=992 t=1974.0s remaining=1014
    iter=987 E=-1.9954641763 nfev=993 t=1975.8s remaining=1013
    iter=988 E=-1.9954651567 nfev=994 t=1977.6s remaining=1012
    iter=989 E=-1.9954659867 nfev=995 t=1979.4s remaining=1011
    iter=990 E=-1.9954670875 nfev=996 t=1981.2s remaining=1010
    iter=991 E=-1.9954685774 nfev=997 t=1983.1s remaining=1009
    iter=992 E=-1.9954708264 nfev=998 t=1984.9s remaining=1008
    iter=993 E=-1.9954736280 nfev=999 t=1986.7s remaining=1007
    iter=994 E=-1.9954757036 nfev=1000 t=1988.6s remaining=1006
    iter=995 E=-1.9954770218 nfev=1001 t=1990.4s remaining=1005
    iter=996 E=-1.9954778067 nfev=1002 t=1992.3s remaining=1004
    iter=997 E=-1.9954785072 nfev=1003 t=1994.1s remaining=1003
    iter=998 E=-1.9954795120 nfev=1004 t=1995.9s remaining=1002
    iter=999 E=-1.9954809022 nfev=1005 t=1997.7s remaining=1001
    iter=1000 E=-1.9954828399 nfev=1006 t=1999.6s remaining=1000
    iter=1001 E=-1.9954851033 nfev=1007 t=2001.4s remaining=999
    iter=1002 E=-1.9954871335 nfev=1008 t=2003.2s remaining=998
    iter=1003 E=-1.9954886071 nfev=1009 t=2005.1s remaining=997
    iter=1004 E=-1.9954896493 nfev=1010 t=2006.9s remaining=996
    iter=1005 E=-1.9954905408 nfev=1011 t=2008.8s remaining=995
    iter=1006 E=-1.9954914172 nfev=1012 t=2010.6s remaining=994
    iter=1007 E=-1.9954924623 nfev=1013 t=2012.4s remaining=993
    iter=1008 E=-1.9954939579 nfev=1014 t=2014.2s remaining=992
    iter=1009 E=-1.9954959358 nfev=1015 t=2016.0s remaining=991
    iter=1010 E=-1.9954980263 nfev=1016 t=2017.8s remaining=990
    iter=1011 E=-1.9954995796 nfev=1017 t=2019.7s remaining=989
    iter=1012 E=-1.9955005614 nfev=1018 t=2021.5s remaining=988
    iter=1013 E=-1.9955012228 nfev=1019 t=2023.4s remaining=987
    iter=1014 E=-1.9955018358 nfev=1020 t=2025.2s remaining=986
    iter=1015 E=-1.9955024841 nfev=1021 t=2027.0s remaining=985
    iter=1016 E=-1.9955034300 nfev=1022 t=2028.9s remaining=984
    iter=1017 E=-1.9955047535 nfev=1023 t=2030.7s remaining=983
    iter=1018 E=-1.9955063246 nfev=1024 t=2032.6s remaining=982
    iter=1019 E=-1.9955077950 nfev=1025 t=2034.4s remaining=981
    iter=1020 E=-1.9955087100 nfev=1026 t=2036.4s remaining=980
    iter=1021 E=-1.9955092018 nfev=1027 t=2038.2s remaining=979
    iter=1022 E=-1.9955096445 nfev=1028 t=2040.1s remaining=978
    iter=1023 E=-1.9955102111 nfev=1029 t=2041.9s remaining=977
    iter=1024 E=-1.9955109652 nfev=1030 t=2043.6s remaining=976
    iter=1025 E=-1.9955118566 nfev=1031 t=2045.5s remaining=975
    iter=1026 E=-1.9955129664 nfev=1032 t=2047.4s remaining=974
    iter=1027 E=-1.9955141149 nfev=1033 t=2049.4s remaining=973
    iter=1028 E=-1.9955150160 nfev=1034 t=2051.4s remaining=972
    iter=1029 E=-1.9955155488 nfev=1035 t=2053.3s remaining=971
    iter=1030 E=-1.9955159069 nfev=1036 t=2055.1s remaining=970
    iter=1031 E=-1.9955162671 nfev=1037 t=2056.9s remaining=969
    iter=1032 E=-1.9955167575 nfev=1038 t=2058.7s remaining=968
    iter=1033 E=-1.9955174225 nfev=1039 t=2060.6s remaining=967
    iter=1034 E=-1.9955182818 nfev=1040 t=2062.3s remaining=966
    iter=1035 E=-1.9955191725 nfev=1041 t=2064.0s remaining=965
    iter=1036 E=-1.9955199075 nfev=1042 t=2065.9s remaining=964
    iter=1037 E=-1.9955204085 nfev=1043 t=2067.8s remaining=963
    iter=1038 E=-1.9955207734 nfev=1044 t=2069.7s remaining=962
    iter=1039 E=-1.9955211316 nfev=1045 t=2071.8s remaining=961
    iter=1040 E=-1.9955216180 nfev=1046 t=2073.7s remaining=960
    iter=1041 E=-1.9955222499 nfev=1047 t=2075.5s remaining=959
    iter=1042 E=-1.9955231475 nfev=1048 t=2077.3s remaining=958
    iter=1043 E=-1.9955241323 nfev=1049 t=2079.1s remaining=957
    iter=1044 E=-1.9955248883 nfev=1050 t=2081.0s remaining=956
    iter=1045 E=-1.9955253378 nfev=1051 t=2082.9s remaining=955
    iter=1046 E=-1.9955256499 nfev=1052 t=2085.0s remaining=954
    iter=1047 E=-1.9955259820 nfev=1053 t=2087.0s remaining=953
    iter=1048 E=-1.9955263913 nfev=1054 t=2088.9s remaining=952
    iter=1049 E=-1.9955268966 nfev=1055 t=2090.7s remaining=951
    iter=1050 E=-1.9955275486 nfev=1056 t=2092.6s remaining=950
    iter=1051 E=-1.9955283567 nfev=1057 t=2094.4s remaining=949
    iter=1052 E=-1.9955291605 nfev=1058 t=2096.2s remaining=948
    iter=1053 E=-1.9955297179 nfev=1059 t=2098.1s remaining=947
    iter=1054 E=-1.9955300507 nfev=1060 t=2100.2s remaining=946
    iter=1055 E=-1.9955303161 nfev=1061 t=2102.1s remaining=945
    iter=1056 E=-1.9955306273 nfev=1062 t=2104.0s remaining=944
    iter=1057 E=-1.9955310537 nfev=1063 t=2106.0s remaining=943
    iter=1058 E=-1.9955316472 nfev=1064 t=2107.8s remaining=942
    iter=1059 E=-1.9955324083 nfev=1065 t=2109.7s remaining=941
    iter=1060 E=-1.9955332073 nfev=1066 t=2111.8s remaining=940
    iter=1061 E=-1.9955338378 nfev=1067 t=2113.7s remaining=939
    iter=1062 E=-1.9955342360 nfev=1068 t=2115.6s remaining=938
    iter=1063 E=-1.9955345203 nfev=1069 t=2117.5s remaining=937
    iter=1064 E=-1.9955348561 nfev=1070 t=2119.4s remaining=936
    iter=1065 E=-1.9955353604 nfev=1071 t=2121.4s remaining=935
    iter=1066 E=-1.9955360870 nfev=1072 t=2123.3s remaining=934
    iter=1067 E=-1.9955368831 nfev=1073 t=2125.2s remaining=933
    iter=1068 E=-1.9955375266 nfev=1074 t=2127.0s remaining=932
    iter=1069 E=-1.9955379246 nfev=1075 t=2128.8s remaining=931
    iter=1070 E=-1.9955381822 nfev=1076 t=2130.7s remaining=930
    iter=1071 E=-1.9955384191 nfev=1077 t=2132.7s remaining=929
    iter=1072 E=-1.9955386961 nfev=1078 t=2134.8s remaining=928
    iter=1073 E=-1.9955390542 nfev=1079 t=2136.7s remaining=927
    iter=1074 E=-1.9955395365 nfev=1080 t=2138.7s remaining=926
    iter=1075 E=-1.9955401499 nfev=1081 t=2140.6s remaining=925
    iter=1076 E=-1.9955407978 nfev=1082 t=2142.5s remaining=924
    iter=1077 E=-1.9955413278 nfev=1083 t=2144.3s remaining=923
    iter=1078 E=-1.9955416767 nfev=1084 t=2146.3s remaining=922
    iter=1079 E=-1.9955419281 nfev=1085 t=2148.2s remaining=921
    iter=1080 E=-1.9955421835 nfev=1086 t=2149.9s remaining=920
    iter=1081 E=-1.9955425524 nfev=1087 t=2151.7s remaining=919
    iter=1082 E=-1.9955430797 nfev=1088 t=2153.5s remaining=918
    iter=1083 E=-1.9955437449 nfev=1089 t=2155.3s remaining=917
    iter=1084 E=-1.9955443647 nfev=1090 t=2157.0s remaining=916
    iter=1085 E=-1.9955447972 nfev=1091 t=2158.8s remaining=915
    iter=1086 E=-1.9955450615 nfev=1092 t=2160.9s remaining=914
    iter=1087 E=-1.9955452540 nfev=1093 t=2162.7s remaining=913
    iter=1088 E=-1.9955454434 nfev=1094 t=2164.5s remaining=912
    iter=1089 E=-1.9955456846 nfev=1095 t=2166.5s remaining=911
    iter=1090 E=-1.9955460494 nfev=1096 t=2168.3s remaining=910
    iter=1091 E=-1.9955465921 nfev=1097 t=2170.1s remaining=909
    iter=1092 E=-1.9955472519 nfev=1098 t=2171.9s remaining=908
    iter=1093 E=-1.9955478425 nfev=1099 t=2173.7s remaining=907
    iter=1094 E=-1.9955482439 nfev=1100 t=2175.6s remaining=906
    iter=1095 E=-1.9955485001 nfev=1101 t=2177.8s remaining=905
    iter=1096 E=-1.9955486935 nfev=1102 t=2179.6s remaining=904
    iter=1097 E=-1.9955488951 nfev=1103 t=2181.5s remaining=903
    iter=1098 E=-1.9955491653 nfev=1104 t=2183.2s remaining=902
    iter=1099 E=-1.9955495832 nfev=1105 t=2185.2s remaining=901
    iter=1100 E=-1.9955502016 nfev=1106 t=2187.9s remaining=900
    iter=1101 E=-1.9955508264 nfev=1107 t=2190.2s remaining=899
    iter=1102 E=-1.9955512529 nfev=1108 t=2192.0s remaining=898
    iter=1103 E=-1.9955515051 nfev=1109 t=2193.9s remaining=897
    iter=1104 E=-1.9955516871 nfev=1110 t=2195.7s remaining=896
    iter=1105 E=-1.9955518952 nfev=1111 t=2197.7s remaining=895
    iter=1106 E=-1.9955522007 nfev=1112 t=2199.6s remaining=894
    iter=1107 E=-1.9955526672 nfev=1113 t=2201.6s remaining=893
    iter=1108 E=-1.9955533590 nfev=1114 t=2203.5s remaining=892
    iter=1109 E=-1.9955541421 nfev=1115 t=2205.3s remaining=891
    iter=1110 E=-1.9955547648 nfev=1116 t=2207.2s remaining=890
    iter=1111 E=-1.9955551110 nfev=1117 t=2209.1s remaining=889
    iter=1112 E=-1.9955553151 nfev=1118 t=2211.1s remaining=888
    iter=1113 E=-1.9955555169 nfev=1119 t=2213.1s remaining=887
    iter=1114 E=-1.9955558102 nfev=1120 t=2215.2s remaining=886
    iter=1115 E=-1.9955562412 nfev=1121 t=2216.9s remaining=885
    iter=1116 E=-1.9955568929 nfev=1122 t=2218.7s remaining=884
    iter=1117 E=-1.9955576865 nfev=1123 t=2220.6s remaining=883
    iter=1118 E=-1.9955583346 nfev=1124 t=2222.4s remaining=882
    iter=1119 E=-1.9955587024 nfev=1125 t=2224.4s remaining=881
    iter=1120 E=-1.9955589031 nfev=1126 t=2226.2s remaining=880
    iter=1121 E=-1.9955590815 nfev=1127 t=2228.0s remaining=879
    iter=1122 E=-1.9955593417 nfev=1128 t=2229.9s remaining=878
    iter=1123 E=-1.9955597053 nfev=1129 t=2231.8s remaining=877
    iter=1124 E=-1.9955602816 nfev=1130 t=2233.8s remaining=876
    iter=1125 E=-1.9955611781 nfev=1131 t=2235.8s remaining=875
    iter=1126 E=-1.9955623406 nfev=1132 t=2237.6s remaining=874
    iter=1127 E=-1.9955631958 nfev=1133 t=2239.3s remaining=873
    iter=1128 E=-1.9955637160 nfev=1134 t=2241.1s remaining=872
    iter=1129 E=-1.9955639686 nfev=1135 t=2242.9s remaining=871
    iter=1130 E=-1.9955641968 nfev=1136 t=2244.7s remaining=870
    iter=1131 E=-1.9955645362 nfev=1137 t=2246.5s remaining=869
    iter=1132 E=-1.9955650207 nfev=1138 t=2248.3s remaining=868
    iter=1133 E=-1.9955657029 nfev=1139 t=2250.1s remaining=867
    iter=1134 E=-1.9955665291 nfev=1140 t=2251.9s remaining=866
    iter=1135 E=-1.9955671923 nfev=1141 t=2253.8s remaining=865
    iter=1136 E=-1.9955675815 nfev=1142 t=2255.6s remaining=864
    iter=1137 E=-1.9955678178 nfev=1143 t=2257.4s remaining=863
    iter=1138 E=-1.9955680518 nfev=1144 t=2259.4s remaining=862
    iter=1139 E=-1.9955683943 nfev=1145 t=2261.2s remaining=861
    iter=1140 E=-1.9955688665 nfev=1146 t=2263.1s remaining=860
    iter=1141 E=-1.9955695629 nfev=1147 t=2265.0s remaining=859
    iter=1142 E=-1.9955703687 nfev=1148 t=2266.8s remaining=858
    iter=1143 E=-1.9955709946 nfev=1149 t=2268.6s remaining=857
    iter=1144 E=-1.9955713248 nfev=1150 t=2270.5s remaining=856
    iter=1145 E=-1.9955715040 nfev=1151 t=2272.2s remaining=855
    iter=1146 E=-1.9955716758 nfev=1152 t=2274.0s remaining=854
    iter=1147 E=-1.9955719087 nfev=1153 t=2275.9s remaining=853
    iter=1148 E=-1.9955722560 nfev=1154 t=2277.8s remaining=852
    iter=1149 E=-1.9955727903 nfev=1155 t=2279.6s remaining=851
    iter=1150 E=-1.9955735666 nfev=1156 t=2281.5s remaining=850
    iter=1151 E=-1.9955742757 nfev=1157 t=2283.3s remaining=849
    iter=1152 E=-1.9955746827 nfev=1158 t=2285.5s remaining=848
    iter=1153 E=-1.9955748685 nfev=1159 t=2288.0s remaining=847
    iter=1154 E=-1.9955750020 nfev=1160 t=2290.6s remaining=846
    iter=1155 E=-1.9955752112 nfev=1161 t=2293.3s remaining=845
    iter=1156 E=-1.9955755452 nfev=1162 t=2296.0s remaining=844
    iter=1157 E=-1.9955760699 nfev=1163 t=2298.8s remaining=843
    iter=1158 E=-1.9955768375 nfev=1164 t=2301.3s remaining=842
    iter=1159 E=-1.9955776242 nfev=1165 t=2303.6s remaining=841
    iter=1160 E=-1.9955782735 nfev=1166 t=2305.4s remaining=840
    iter=1161 E=-1.9955786322 nfev=1167 t=2307.2s remaining=839
    iter=1162 E=-1.9955788261 nfev=1168 t=2309.0s remaining=838
    iter=1163 E=-1.9955789999 nfev=1169 t=2311.2s remaining=837
    iter=1164 E=-1.9955792365 nfev=1170 t=2313.0s remaining=836
    iter=1165 E=-1.9955795861 nfev=1171 t=2314.9s remaining=835
    iter=1166 E=-1.9955800731 nfev=1172 t=2316.8s remaining=834
    iter=1167 E=-1.9955806845 nfev=1173 t=2319.3s remaining=833
    iter=1168 E=-1.9955812229 nfev=1174 t=2321.3s remaining=832
    iter=1169 E=-1.9955815320 nfev=1175 t=2323.1s remaining=831
    iter=1170 E=-1.9955816810 nfev=1176 t=2324.9s remaining=830
    iter=1171 E=-1.9955817883 nfev=1177 t=2326.8s remaining=829
    iter=1172 E=-1.9955819246 nfev=1178 t=2328.6s remaining=828
    iter=1173 E=-1.9955821230 nfev=1179 t=2330.5s remaining=827
    iter=1174 E=-1.9955824324 nfev=1180 t=2332.7s remaining=826
    iter=1175 E=-1.9955829019 nfev=1181 t=2334.7s remaining=825
    iter=1176 E=-1.9955834733 nfev=1182 t=2336.6s remaining=824
    iter=1177 E=-1.9955839186 nfev=1183 t=2338.5s remaining=823
    iter=1178 E=-1.9955841954 nfev=1184 t=2340.4s remaining=822
    iter=1179 E=-1.9955843478 nfev=1185 t=2342.3s remaining=821
    iter=1180 E=-1.9955844750 nfev=1186 t=2344.1s remaining=820
    iter=1181 E=-1.9955846288 nfev=1187 t=2345.9s remaining=819
    iter=1182 E=-1.9955848497 nfev=1188 t=2347.7s remaining=818
    iter=1183 E=-1.9955851908 nfev=1189 t=2349.6s remaining=817
    iter=1184 E=-1.9955856981 nfev=1190 t=2351.5s remaining=816
    iter=1185 E=-1.9955862326 nfev=1191 t=2353.3s remaining=815
    iter=1186 E=-1.9955865345 nfev=1192 t=2355.1s remaining=814
    iter=1187 E=-1.9955866721 nfev=1193 t=2356.8s remaining=813
    iter=1188 E=-1.9955867694 nfev=1194 t=2358.8s remaining=812
    iter=1189 E=-1.9955869230 nfev=1195 t=2360.7s remaining=811
    iter=1190 E=-1.9955871766 nfev=1196 t=2362.5s remaining=810
    iter=1191 E=-1.9955875884 nfev=1197 t=2364.3s remaining=809
    iter=1192 E=-1.9955881956 nfev=1198 t=2366.2s remaining=808
    iter=1193 E=-1.9955887438 nfev=1199 t=2368.1s remaining=807
    iter=1194 E=-1.9955891424 nfev=1200 t=2369.9s remaining=806
    iter=1195 E=-1.9955893521 nfev=1201 t=2371.7s remaining=805
    iter=1196 E=-1.9955894654 nfev=1202 t=2373.5s remaining=804
    iter=1197 E=-1.9955895967 nfev=1203 t=2375.3s remaining=803
    iter=1198 E=-1.9955898074 nfev=1204 t=2377.1s remaining=802
    iter=1199 E=-1.9955901459 nfev=1205 t=2378.9s remaining=801
    iter=1200 E=-1.9955906610 nfev=1206 t=2380.7s remaining=800
    iter=1201 E=-1.9955912356 nfev=1207 t=2382.5s remaining=799
    iter=1202 E=-1.9955917229 nfev=1208 t=2384.3s remaining=798
    iter=1203 E=-1.9955920189 nfev=1209 t=2386.1s remaining=797
    iter=1204 E=-1.9955921649 nfev=1210 t=2388.0s remaining=796
    iter=1205 E=-1.9955922805 nfev=1211 t=2389.8s remaining=795
    iter=1206 E=-1.9955924480 nfev=1212 t=2391.8s remaining=794
    iter=1207 E=-1.9955927049 nfev=1213 t=2393.7s remaining=793
    iter=1208 E=-1.9955931101 nfev=1214 t=2395.4s remaining=792
    iter=1209 E=-1.9955937259 nfev=1215 t=2397.3s remaining=791
    iter=1210 E=-1.9955943748 nfev=1216 t=2399.2s remaining=790
    iter=1211 E=-1.9955947575 nfev=1217 t=2401.0s remaining=789
    iter=1212 E=-1.9955949247 nfev=1218 t=2402.8s remaining=788
    iter=1213 E=-1.9955950182 nfev=1219 t=2404.6s remaining=787
    iter=1214 E=-1.9955951372 nfev=1220 t=2406.4s remaining=786
    iter=1215 E=-1.9955953328 nfev=1221 t=2408.4s remaining=785
    iter=1216 E=-1.9955956440 nfev=1222 t=2410.3s remaining=784
    iter=1217 E=-1.9955960735 nfev=1223 t=2412.0s remaining=783
    iter=1218 E=-1.9955964952 nfev=1224 t=2413.8s remaining=782
    iter=1219 E=-1.9955969394 nfev=1225 t=2415.7s remaining=781
    iter=1220 E=-1.9955971989 nfev=1226 t=2417.5s remaining=780
    iter=1221 E=-1.9955973412 nfev=1227 t=2419.3s remaining=779
    iter=1222 E=-1.9955974531 nfev=1228 t=2421.2s remaining=778
    iter=1223 E=-1.9955976061 nfev=1229 t=2423.0s remaining=777
    iter=1224 E=-1.9955978306 nfev=1230 t=2424.8s remaining=776
    iter=1225 E=-1.9955981787 nfev=1231 t=2426.7s remaining=775
    iter=1226 E=-1.9955987094 nfev=1232 t=2428.5s remaining=774
    iter=1227 E=-1.9955993239 nfev=1233 t=2430.3s remaining=773
    iter=1228 E=-1.9955997914 nfev=1234 t=2432.2s remaining=772
    iter=1229 E=-1.9956000290 nfev=1235 t=2434.1s remaining=771
    iter=1230 E=-1.9956001389 nfev=1236 t=2436.0s remaining=770
    iter=1231 E=-1.9956002283 nfev=1237 t=2438.0s remaining=769
    iter=1232 E=-1.9956003470 nfev=1238 t=2439.8s remaining=768
    iter=1233 E=-1.9956005147 nfev=1239 t=2441.6s remaining=767
    iter=1234 E=-1.9956007822 nfev=1240 t=2443.3s remaining=766
    iter=1235 E=-1.9956012034 nfev=1241 t=2445.1s remaining=765
    iter=1236 E=-1.9956017620 nfev=1242 t=2446.9s remaining=764
    iter=1237 E=-1.9956021770 nfev=1243 t=2449.0s remaining=763
    iter=1238 E=-1.9956024084 nfev=1244 t=2451.5s remaining=762
    iter=1239 E=-1.9956025077 nfev=1245 t=2453.4s remaining=761
    iter=1240 E=-1.9956025963 nfev=1246 t=2455.3s remaining=760
    iter=1241 E=-1.9956027356 nfev=1247 t=2457.2s remaining=759
    iter=1242 E=-1.9956029636 nfev=1248 t=2459.0s remaining=758
    iter=1243 E=-1.9956033279 nfev=1249 t=2460.7s remaining=757
    iter=1244 E=-1.9956038530 nfev=1250 t=2462.5s remaining=756
    iter=1245 E=-1.9956042920 nfev=1251 t=2464.4s remaining=755
    iter=1246 E=-1.9956046322 nfev=1252 t=2466.2s remaining=754
    iter=1247 E=-1.9956047795 nfev=1253 t=2468.1s remaining=753
    iter=1248 E=-1.9956048727 nfev=1254 t=2470.0s remaining=752
    iter=1249 E=-1.9956049906 nfev=1255 t=2471.9s remaining=751
    iter=1250 E=-1.9956051779 nfev=1256 t=2473.9s remaining=750
    iter=1251 E=-1.9956054703 nfev=1257 t=2475.9s remaining=749
    iter=1252 E=-1.9956058746 nfev=1258 t=2477.7s remaining=748
    iter=1253 E=-1.9956063209 nfev=1259 t=2479.5s remaining=747
    iter=1254 E=-1.9956066853 nfev=1260 t=2481.7s remaining=746
    iter=1255 E=-1.9956068700 nfev=1261 t=2483.6s remaining=745
    iter=1256 E=-1.9956069673 nfev=1262 t=2485.5s remaining=744
    iter=1257 E=-1.9956070648 nfev=1263 t=2487.3s remaining=743
    iter=1258 E=-1.9956072177 nfev=1264 t=2489.1s remaining=742
    iter=1259 E=-1.9956074586 nfev=1265 t=2491.0s remaining=741
    iter=1260 E=-1.9956078263 nfev=1266 t=2492.8s remaining=740
    iter=1261 E=-1.9956082491 nfev=1267 t=2494.6s remaining=739
    iter=1262 E=-1.9956085862 nfev=1268 t=2496.5s remaining=738
    iter=1263 E=-1.9956087676 nfev=1269 t=2498.9s remaining=737
    iter=1264 E=-1.9956088596 nfev=1270 t=2500.8s remaining=736
    iter=1265 E=-1.9956089498 nfev=1271 t=2502.7s remaining=735
    iter=1266 E=-1.9956090942 nfev=1272 t=2504.7s remaining=734
    iter=1267 E=-1.9956093314 nfev=1273 t=2506.7s remaining=733
    iter=1268 E=-1.9956097121 nfev=1274 t=2508.7s remaining=732
    iter=1269 E=-1.9956102603 nfev=1275 t=2510.8s remaining=731
    iter=1270 E=-1.9956106842 nfev=1276 t=2512.8s remaining=730
    iter=1271 E=-1.9956109759 nfev=1277 t=2514.8s remaining=729
    iter=1272 E=-1.9956110911 nfev=1278 t=2516.7s remaining=728
    iter=1273 E=-1.9956111659 nfev=1279 t=2518.4s remaining=727
    iter=1274 E=-1.9956112695 nfev=1280 t=2520.2s remaining=726
    iter=1275 E=-1.9956114385 nfev=1281 t=2522.3s remaining=725
    iter=1276 E=-1.9956117061 nfev=1282 t=2525.0s remaining=724
    iter=1277 E=-1.9956120981 nfev=1283 t=2527.7s remaining=723
    iter=1278 E=-1.9956124705 nfev=1284 t=2530.3s remaining=722
    iter=1279 E=-1.9956127978 nfev=1285 t=2532.3s remaining=721
    iter=1280 E=-1.9956129564 nfev=1286 t=2534.1s remaining=720
    iter=1281 E=-1.9956130418 nfev=1287 t=2536.0s remaining=719
    iter=1282 E=-1.9956131351 nfev=1288 t=2538.1s remaining=718
    iter=1283 E=-1.9956132895 nfev=1289 t=2540.0s remaining=717
    iter=1284 E=-1.9956135476 nfev=1290 t=2542.0s remaining=716
    iter=1285 E=-1.9956139541 nfev=1291 t=2544.1s remaining=715
    iter=1286 E=-1.9956144091 nfev=1292 t=2545.9s remaining=714
    iter=1287 E=-1.9956146931 nfev=1293 t=2547.7s remaining=713
    iter=1288 E=-1.9956148758 nfev=1294 t=2549.7s remaining=712
    iter=1289 E=-1.9956149645 nfev=1295 t=2551.8s remaining=711
    iter=1290 E=-1.9956150650 nfev=1296 t=2553.6s remaining=710
    iter=1291 E=-1.9956152293 nfev=1297 t=2555.4s remaining=709
    iter=1292 E=-1.9956155029 nfev=1298 t=2557.2s remaining=708
    iter=1293 E=-1.9956159502 nfev=1299 t=2559.1s remaining=707
    iter=1294 E=-1.9956166237 nfev=1300 t=2560.9s remaining=706
    iter=1295 E=-1.9956173054 nfev=1301 t=2562.9s remaining=705
    iter=1296 E=-1.9956178656 nfev=1302 t=2564.9s remaining=704
    iter=1297 E=-1.9956181677 nfev=1303 t=2566.6s remaining=703
    iter=1298 E=-1.9956183093 nfev=1304 t=2568.4s remaining=702
    iter=1299 E=-1.9956184271 nfev=1305 t=2570.3s remaining=701
    iter=1300 E=-1.9956186120 nfev=1306 t=2572.1s remaining=700
    iter=1301 E=-1.9956189056 nfev=1307 t=2573.8s remaining=699
    iter=1302 E=-1.9956193746 nfev=1308 t=2575.6s remaining=698
    iter=1303 E=-1.9956200729 nfev=1309 t=2577.4s remaining=697
    iter=1304 E=-1.9956208721 nfev=1310 t=2579.2s remaining=696
    iter=1305 E=-1.9956215004 nfev=1311 t=2581.0s remaining=695
    iter=1306 E=-1.9956218809 nfev=1312 t=2582.8s remaining=694
    iter=1307 E=-1.9956220409 nfev=1313 t=2584.7s remaining=693
    iter=1308 E=-1.9956221526 nfev=1314 t=2586.6s remaining=692
    iter=1309 E=-1.9956223361 nfev=1315 t=2588.6s remaining=691
    iter=1310 E=-1.9956226413 nfev=1316 t=2590.4s remaining=690
    iter=1311 E=-1.9956231404 nfev=1317 t=2592.4s remaining=689
    iter=1312 E=-1.9956239190 nfev=1318 t=2594.4s remaining=688
    iter=1313 E=-1.9956249223 nfev=1319 t=2596.4s remaining=687
    iter=1314 E=-1.9956257674 nfev=1320 t=2598.5s remaining=686
    iter=1315 E=-1.9956262784 nfev=1321 t=2600.4s remaining=685
    iter=1316 E=-1.9956264721 nfev=1322 t=2602.2s remaining=684
    iter=1317 E=-1.9956265831 nfev=1323 t=2604.1s remaining=683
    iter=1318 E=-1.9956267476 nfev=1324 t=2606.1s remaining=682
    iter=1319 E=-1.9956270020 nfev=1325 t=2607.8s remaining=681
    iter=1320 E=-1.9956274007 nfev=1326 t=2609.6s remaining=680
    iter=1321 E=-1.9956280033 nfev=1327 t=2611.3s remaining=679
    iter=1322 E=-1.9956287841 nfev=1328 t=2613.1s remaining=678
    iter=1323 E=-1.9956294185 nfev=1329 t=2614.9s remaining=677
    iter=1324 E=-1.9956298015 nfev=1330 t=2617.0s remaining=676
    iter=1325 E=-1.9956299655 nfev=1331 t=2619.7s remaining=675
    iter=1326 E=-1.9956300948 nfev=1332 t=2622.0s remaining=674
    iter=1327 E=-1.9956303111 nfev=1333 t=2623.8s remaining=673
    iter=1328 E=-1.9956306662 nfev=1334 t=2625.7s remaining=672
    iter=1329 E=-1.9956312001 nfev=1335 t=2627.6s remaining=671
    iter=1330 E=-1.9956318497 nfev=1336 t=2630.2s remaining=670
    iter=1331 E=-1.9956326066 nfev=1337 t=2632.4s remaining=669
    iter=1332 E=-1.9956333137 nfev=1338 t=2634.5s remaining=668
    iter=1333 E=-1.9956337024 nfev=1339 t=2636.8s remaining=667
    iter=1334 E=-1.9956339038 nfev=1340 t=2638.7s remaining=666
    iter=1335 E=-1.9956340732 nfev=1341 t=2640.4s remaining=665
    iter=1336 E=-1.9956342597 nfev=1342 t=2642.3s remaining=664
    iter=1337 E=-1.9956344674 nfev=1343 t=2644.1s remaining=663
    iter=1338 E=-1.9956348002 nfev=1344 t=2645.9s remaining=662
    iter=1339 E=-1.9956353447 nfev=1345 t=2647.7s remaining=661
    iter=1340 E=-1.9956361716 nfev=1346 t=2649.5s remaining=660
    iter=1341 E=-1.9956370055 nfev=1347 t=2651.3s remaining=659
    iter=1342 E=-1.9956374936 nfev=1348 t=2653.1s remaining=658
    iter=1343 E=-1.9956377969 nfev=1349 t=2654.8s remaining=657
    iter=1344 E=-1.9956379319 nfev=1350 t=2656.6s remaining=656
    iter=1345 E=-1.9956380340 nfev=1351 t=2658.4s remaining=655
    iter=1346 E=-1.9956381682 nfev=1352 t=2660.2s remaining=654
    iter=1347 E=-1.9956383754 nfev=1353 t=2662.0s remaining=653
    iter=1348 E=-1.9956386994 nfev=1354 t=2663.9s remaining=652
    iter=1349 E=-1.9956391940 nfev=1355 t=2665.7s remaining=651
    iter=1350 E=-1.9956398513 nfev=1356 t=2667.5s remaining=650
    iter=1351 E=-1.9956403479 nfev=1357 t=2669.3s remaining=649
    iter=1352 E=-1.9956406705 nfev=1358 t=2671.1s remaining=648
    iter=1353 E=-1.9956408281 nfev=1359 t=2673.0s remaining=647
    iter=1354 E=-1.9956409388 nfev=1360 t=2674.8s remaining=646
    iter=1355 E=-1.9956410788 nfev=1361 t=2676.7s remaining=645
    iter=1356 E=-1.9956412940 nfev=1362 t=2678.6s remaining=644
    iter=1357 E=-1.9956416260 nfev=1363 t=2680.4s remaining=643
    iter=1358 E=-1.9956421146 nfev=1364 t=2682.2s remaining=642
    iter=1359 E=-1.9956426926 nfev=1365 t=2684.2s remaining=641
    iter=1360 E=-1.9956431375 nfev=1366 t=2686.1s remaining=640
    iter=1361 E=-1.9956434266 nfev=1367 t=2687.9s remaining=639
    iter=1362 E=-1.9956435705 nfev=1368 t=2689.7s remaining=638
    iter=1363 E=-1.9956436815 nfev=1369 t=2691.6s remaining=637
    iter=1364 E=-1.9956438224 nfev=1370 t=2693.8s remaining=636
    iter=1365 E=-1.9956440307 nfev=1371 t=2695.9s remaining=635
    iter=1366 E=-1.9956443324 nfev=1372 t=2697.8s remaining=634
    iter=1367 E=-1.9956448134 nfev=1373 t=2699.6s remaining=633
    iter=1368 E=-1.9956455387 nfev=1374 t=2701.4s remaining=632
    iter=1369 E=-1.9956463412 nfev=1375 t=2703.2s remaining=631
    iter=1370 E=-1.9956468715 nfev=1376 t=2705.2s remaining=630
    iter=1371 E=-1.9956472301 nfev=1377 t=2707.3s remaining=629
    iter=1372 E=-1.9956474137 nfev=1378 t=2709.4s remaining=628
    iter=1373 E=-1.9956475442 nfev=1379 t=2711.4s remaining=627
    iter=1374 E=-1.9956476821 nfev=1380 t=2713.4s remaining=626
    iter=1375 E=-1.9956478806 nfev=1381 t=2715.4s remaining=625
    iter=1376 E=-1.9956481711 nfev=1382 t=2717.3s remaining=624
    iter=1377 E=-1.9956486215 nfev=1383 t=2719.4s remaining=623
    iter=1378 E=-1.9956493039 nfev=1384 t=2721.3s remaining=622
    iter=1379 E=-1.9956501260 nfev=1385 t=2723.1s remaining=621
    iter=1380 E=-1.9956506770 nfev=1386 t=2724.9s remaining=620
    iter=1381 E=-1.9956509952 nfev=1387 t=2726.7s remaining=619
    iter=1382 E=-1.9956511663 nfev=1388 t=2728.6s remaining=618
    iter=1383 E=-1.9956512990 nfev=1389 t=2730.5s remaining=617
    iter=1384 E=-1.9956514836 nfev=1390 t=2732.3s remaining=616
    iter=1385 E=-1.9956517668 nfev=1391 t=2734.1s remaining=615
    iter=1386 E=-1.9956522156 nfev=1392 t=2736.0s remaining=614
    iter=1387 E=-1.9956529325 nfev=1393 t=2737.8s remaining=613
    iter=1388 E=-1.9956539854 nfev=1394 t=2739.8s remaining=612
    iter=1389 E=-1.9956549966 nfev=1395 t=2741.7s remaining=611
    iter=1390 E=-1.9956556201 nfev=1396 t=2743.5s remaining=610
    iter=1391 E=-1.9956559763 nfev=1397 t=2745.3s remaining=609
    iter=1392 E=-1.9956561525 nfev=1398 t=2747.3s remaining=608
    iter=1393 E=-1.9956563211 nfev=1399 t=2749.1s remaining=607
    iter=1394 E=-1.9956565698 nfev=1400 t=2751.2s remaining=606
    iter=1395 E=-1.9956569417 nfev=1401 t=2753.0s remaining=605
    iter=1396 E=-1.9956575070 nfev=1402 t=2754.9s remaining=604
    iter=1397 E=-1.9956583494 nfev=1403 t=2756.7s remaining=603
    iter=1398 E=-1.9956594514 nfev=1404 t=2758.6s remaining=602
    iter=1399 E=-1.9956603456 nfev=1405 t=2761.2s remaining=601
    iter=1400 E=-1.9956610109 nfev=1406 t=2763.5s remaining=600
    iter=1401 E=-1.9956613961 nfev=1407 t=2765.2s remaining=599
    iter=1402 E=-1.9956616390 nfev=1408 t=2767.8s remaining=598
    iter=1403 E=-1.9956618317 nfev=1409 t=2770.1s remaining=597
    iter=1404 E=-1.9956620260 nfev=1410 t=2772.0s remaining=596
    iter=1405 E=-1.9956622996 nfev=1411 t=2774.8s remaining=595
    iter=1406 E=-1.9956627283 nfev=1412 t=2777.5s remaining=594
    iter=1407 E=-1.9956633955 nfev=1413 t=2780.2s remaining=593
    iter=1408 E=-1.9956643381 nfev=1414 t=2782.3s remaining=592
    iter=1409 E=-1.9956651482 nfev=1415 t=2784.3s remaining=591
    iter=1410 E=-1.9956657058 nfev=1416 t=2786.3s remaining=590
    iter=1411 E=-1.9956660051 nfev=1417 t=2788.4s remaining=589
    iter=1412 E=-1.9956661549 nfev=1418 t=2790.4s remaining=588
    iter=1413 E=-1.9956662807 nfev=1419 t=2792.3s remaining=587
    iter=1414 E=-1.9956664710 nfev=1420 t=2794.1s remaining=586
    iter=1415 E=-1.9956667053 nfev=1421 t=2796.0s remaining=585
    iter=1416 E=-1.9956670593 nfev=1422 t=2798.1s remaining=584
    iter=1417 E=-1.9956676203 nfev=1423 t=2800.7s remaining=583
    iter=1418 E=-1.9956684669 nfev=1424 t=2802.8s remaining=582
    iter=1419 E=-1.9956693543 nfev=1425 t=2805.1s remaining=581
    iter=1420 E=-1.9956698568 nfev=1426 t=2807.0s remaining=580
    iter=1421 E=-1.9956701873 nfev=1427 t=2808.9s remaining=579
    iter=1422 E=-1.9956703609 nfev=1428 t=2810.7s remaining=578
    iter=1423 E=-1.9956705085 nfev=1429 t=2812.5s remaining=577
    iter=1424 E=-1.9956706894 nfev=1430 t=2814.4s remaining=576
    iter=1425 E=-1.9956709707 nfev=1431 t=2816.2s remaining=575
    iter=1426 E=-1.9956714056 nfev=1432 t=2818.5s remaining=574
    iter=1427 E=-1.9956720654 nfev=1433 t=2820.4s remaining=573
    iter=1428 E=-1.9956729847 nfev=1434 t=2822.4s remaining=572
    iter=1429 E=-1.9956737882 nfev=1435 t=2824.4s remaining=571
    iter=1430 E=-1.9956743011 nfev=1436 t=2826.4s remaining=570
    iter=1431 E=-1.9956745596 nfev=1437 t=2828.3s remaining=569
    iter=1432 E=-1.9956746954 nfev=1438 t=2830.2s remaining=568
    iter=1433 E=-1.9956748185 nfev=1439 t=2832.2s remaining=567
    iter=1434 E=-1.9956749723 nfev=1440 t=2834.1s remaining=566
    iter=1435 E=-1.9956751806 nfev=1441 t=2836.0s remaining=565
    iter=1436 E=-1.9956755016 nfev=1442 t=2837.9s remaining=564
    iter=1437 E=-1.9956759802 nfev=1443 t=2839.7s remaining=563
    iter=1438 E=-1.9956765893 nfev=1444 t=2841.5s remaining=562
    iter=1439 E=-1.9956770472 nfev=1445 t=2843.3s remaining=561
    iter=1440 E=-1.9956773584 nfev=1446 t=2845.0s remaining=560
    iter=1441 E=-1.9956774989 nfev=1447 t=2846.8s remaining=559
    iter=1442 E=-1.9956775919 nfev=1448 t=2848.7s remaining=558
    iter=1443 E=-1.9956776910 nfev=1449 t=2850.7s remaining=557
    iter=1444 E=-1.9956778403 nfev=1450 t=2852.7s remaining=556
    iter=1445 E=-1.9956780701 nfev=1451 t=2854.7s remaining=555
    iter=1446 E=-1.9956784230 nfev=1452 t=2856.6s remaining=554
    iter=1447 E=-1.9956789361 nfev=1453 t=2858.4s remaining=553
    iter=1448 E=-1.9956794985 nfev=1454 t=2860.3s remaining=552
    iter=1449 E=-1.9956799335 nfev=1455 t=2862.2s remaining=551
    iter=1450 E=-1.9956801609 nfev=1456 t=2864.0s remaining=550
    iter=1451 E=-1.9956802585 nfev=1457 t=2865.9s remaining=549
    iter=1452 E=-1.9956803368 nfev=1458 t=2867.7s remaining=548
    iter=1453 E=-1.9956804571 nfev=1459 t=2869.5s remaining=547
    iter=1454 E=-1.9956806460 nfev=1460 t=2871.5s remaining=546
    iter=1455 E=-1.9956809491 nfev=1461 t=2873.4s remaining=545
    iter=1456 E=-1.9956814274 nfev=1462 t=2875.2s remaining=544
    iter=1457 E=-1.9956821256 nfev=1463 t=2877.0s remaining=543
    iter=1458 E=-1.9956828032 nfev=1464 t=2879.2s remaining=542
    iter=1459 E=-1.9956832481 nfev=1465 t=2881.1s remaining=541
    iter=1460 E=-1.9956834676 nfev=1466 t=2882.9s remaining=540
    iter=1461 E=-1.9956835668 nfev=1467 t=2884.6s remaining=539
    iter=1462 E=-1.9956836539 nfev=1468 t=2886.5s remaining=538
    iter=1463 E=-1.9956837762 nfev=1469 t=2888.4s remaining=537
    iter=1464 E=-1.9956839506 nfev=1470 t=2890.1s remaining=536
    iter=1465 E=-1.9956842233 nfev=1471 t=2891.8s remaining=535
    iter=1466 E=-1.9956846425 nfev=1472 t=2893.6s remaining=534
    iter=1467 E=-1.9956852541 nfev=1473 t=2895.4s remaining=533
    iter=1468 E=-1.9956859282 nfev=1474 t=2897.3s remaining=532
    iter=1469 E=-1.9956863799 nfev=1475 t=2899.1s remaining=531
    iter=1470 E=-1.9956866523 nfev=1476 t=2901.0s remaining=530
    iter=1471 E=-1.9956867804 nfev=1477 t=2902.8s remaining=529
    iter=1472 E=-1.9956868776 nfev=1478 t=2904.5s remaining=528
    iter=1473 E=-1.9956869823 nfev=1479 t=2906.3s remaining=527
    iter=1474 E=-1.9956871115 nfev=1480 t=2908.1s remaining=526
    iter=1475 E=-1.9956873213 nfev=1481 t=2910.1s remaining=525
    iter=1476 E=-1.9956876626 nfev=1482 t=2912.7s remaining=524
    iter=1477 E=-1.9956881865 nfev=1483 t=2915.5s remaining=523
    iter=1478 E=-1.9956888726 nfev=1484 t=2917.5s remaining=522
    iter=1479 E=-1.9956895251 nfev=1485 t=2919.4s remaining=521
    iter=1480 E=-1.9956900937 nfev=1486 t=2921.1s remaining=520
    iter=1481 E=-1.9956903526 nfev=1487 t=2922.9s remaining=519
    iter=1482 E=-1.9956904574 nfev=1488 t=2924.7s remaining=518
    iter=1483 E=-1.9956905334 nfev=1489 t=2926.6s remaining=517
    iter=1484 E=-1.9956906201 nfev=1490 t=2928.5s remaining=516
    iter=1485 E=-1.9956907355 nfev=1491 t=2930.4s remaining=515
    iter=1486 E=-1.9956909136 nfev=1492 t=2932.4s remaining=514
    iter=1487 E=-1.9956912036 nfev=1493 t=2934.4s remaining=513
    iter=1488 E=-1.9956916568 nfev=1494 t=2936.4s remaining=512
    iter=1489 E=-1.9956922655 nfev=1495 t=2938.5s remaining=511
    iter=1490 E=-1.9956927495 nfev=1496 t=2940.7s remaining=510
    iter=1491 E=-1.9956931277 nfev=1497 t=2942.6s remaining=509
    iter=1492 E=-1.9956933455 nfev=1498 t=2944.4s remaining=508
    iter=1493 E=-1.9956934501 nfev=1499 t=2946.3s remaining=507
    iter=1494 E=-1.9956935458 nfev=1500 t=2948.3s remaining=506
    iter=1495 E=-1.9956936520 nfev=1501 t=2950.2s remaining=505
    iter=1496 E=-1.9956937784 nfev=1502 t=2952.0s remaining=504
    iter=1497 E=-1.9956939747 nfev=1503 t=2953.9s remaining=503
    iter=1498 E=-1.9956942839 nfev=1504 t=2955.6s remaining=502
    iter=1499 E=-1.9956947432 nfev=1505 t=2957.5s remaining=501
    iter=1500 E=-1.9956952279 nfev=1506 t=2959.3s remaining=500
    iter=1501 E=-1.9956955337 nfev=1507 t=2961.1s remaining=499
    iter=1502 E=-1.9956957147 nfev=1508 t=2963.0s remaining=498
    iter=1503 E=-1.9956957885 nfev=1509 t=2964.9s remaining=497
    iter=1504 E=-1.9956958471 nfev=1510 t=2966.9s remaining=496
    iter=1505 E=-1.9956959160 nfev=1511 t=2968.7s remaining=495
    iter=1506 E=-1.9956960195 nfev=1512 t=2970.6s remaining=494
    iter=1507 E=-1.9956961803 nfev=1513 t=2972.5s remaining=493
    iter=1508 E=-1.9956964393 nfev=1514 t=2974.4s remaining=492
    iter=1509 E=-1.9956968459 nfev=1515 t=2976.4s remaining=491
    iter=1510 E=-1.9956974096 nfev=1516 t=2978.2s remaining=490
    iter=1511 E=-1.9956978621 nfev=1517 t=2980.1s remaining=489
    iter=1512 E=-1.9956982170 nfev=1518 t=2981.9s remaining=488
    iter=1513 E=-1.9956984209 nfev=1519 t=2983.8s remaining=487
    iter=1514 E=-1.9956985423 nfev=1520 t=2985.8s remaining=486
    iter=1515 E=-1.9956986422 nfev=1521 t=2987.9s remaining=485
    iter=1516 E=-1.9956987345 nfev=1522 t=2989.8s remaining=484
    iter=1517 E=-1.9956988071 nfev=1523 t=2991.7s remaining=483
    iter=1518 E=-1.9956988927 nfev=1524 t=2993.7s remaining=482
    iter=1519 E=-1.9956990188 nfev=1525 t=2995.5s remaining=481
    iter=1520 E=-1.9956992147 nfev=1526 t=2997.4s remaining=480
    iter=1521 E=-1.9956995131 nfev=1527 t=2999.2s remaining=479
    iter=1522 E=-1.9956999209 nfev=1528 t=3001.0s remaining=478
    iter=1523 E=-1.9957002623 nfev=1529 t=3002.9s remaining=477
    iter=1524 E=-1.9957005092 nfev=1530 t=3004.8s remaining=476
    iter=1525 E=-1.9957006340 nfev=1531 t=3006.6s remaining=475
    iter=1526 E=-1.9957007118 nfev=1532 t=3008.6s remaining=474
    iter=1527 E=-1.9957007935 nfev=1533 t=3010.5s remaining=473
    iter=1528 E=-1.9957009025 nfev=1534 t=3012.3s remaining=472
    iter=1529 E=-1.9957010676 nfev=1535 t=3014.3s remaining=471
    iter=1530 E=-1.9957013298 nfev=1536 t=3016.2s remaining=470
    iter=1531 E=-1.9957017296 nfev=1537 t=3018.1s remaining=469
    iter=1532 E=-1.9957022348 nfev=1538 t=3020.2s remaining=468
    iter=1533 E=-1.9957026041 nfev=1539 t=3022.2s remaining=467
    iter=1534 E=-1.9957028488 nfev=1540 t=3024.1s remaining=466
    iter=1535 E=-1.9957029541 nfev=1541 t=3025.9s remaining=465
    iter=1536 E=-1.9957030217 nfev=1542 t=3027.8s remaining=464
    iter=1537 E=-1.9957030867 nfev=1543 t=3029.6s remaining=463
    iter=1538 E=-1.9957031759 nfev=1544 t=3031.5s remaining=462
    iter=1539 E=-1.9957033085 nfev=1545 t=3033.5s remaining=461
    iter=1540 E=-1.9957035169 nfev=1546 t=3035.4s remaining=460
    iter=1541 E=-1.9957038442 nfev=1547 t=3037.3s remaining=459
    iter=1542 E=-1.9957043071 nfev=1548 t=3039.1s remaining=458
    iter=1543 E=-1.9957047732 nfev=1549 t=3041.0s remaining=457
    iter=1544 E=-1.9957051332 nfev=1550 t=3042.8s remaining=456
    iter=1545 E=-1.9957053678 nfev=1551 t=3044.6s remaining=455
    iter=1546 E=-1.9957054907 nfev=1552 t=3046.4s remaining=454
    iter=1547 E=-1.9957055805 nfev=1553 t=3048.4s remaining=453
    iter=1548 E=-1.9957057101 nfev=1554 t=3050.2s remaining=452
    iter=1549 E=-1.9957058564 nfev=1555 t=3052.1s remaining=451
    iter=1550 E=-1.9957060748 nfev=1556 t=3053.9s remaining=450
    iter=1551 E=-1.9957064230 nfev=1557 t=3055.7s remaining=449
    iter=1552 E=-1.9957069675 nfev=1558 t=3057.6s remaining=448
    iter=1553 E=-1.9957077096 nfev=1559 t=3059.5s remaining=447
    iter=1554 E=-1.9957082602 nfev=1560 t=3061.3s remaining=446
    iter=1555 E=-1.9957086409 nfev=1561 t=3063.2s remaining=445
    iter=1556 E=-1.9957088123 nfev=1562 t=3065.0s remaining=444
    iter=1557 E=-1.9957089148 nfev=1563 t=3066.9s remaining=443
    iter=1558 E=-1.9957090091 nfev=1564 t=3068.8s remaining=442
    iter=1559 E=-1.9957091127 nfev=1565 t=3070.7s remaining=441
    iter=1560 E=-1.9957092551 nfev=1566 t=3072.6s remaining=440
    iter=1561 E=-1.9957094756 nfev=1567 t=3074.5s remaining=439
    iter=1562 E=-1.9957098164 nfev=1568 t=3076.3s remaining=438
    iter=1563 E=-1.9957103065 nfev=1569 t=3078.2s remaining=437
    iter=1564 E=-1.9957108325 nfev=1570 t=3080.1s remaining=436
    iter=1565 E=-1.9957113506 nfev=1571 t=3081.9s remaining=435
    iter=1566 E=-1.9957117247 nfev=1572 t=3083.8s remaining=434
    iter=1567 E=-1.9957119740 nfev=1573 t=3085.6s remaining=433
    iter=1568 E=-1.9957121062 nfev=1574 t=3087.6s remaining=432
    iter=1569 E=-1.9957121933 nfev=1575 t=3089.5s remaining=431
    iter=1570 E=-1.9957122599 nfev=1576 t=3091.5s remaining=430
    iter=1571 E=-1.9957123460 nfev=1577 t=3093.4s remaining=429
    iter=1572 E=-1.9957124606 nfev=1578 t=3095.2s remaining=428
    iter=1573 E=-1.9957126212 nfev=1579 t=3097.0s remaining=427
    iter=1574 E=-1.9957128550 nfev=1580 t=3098.8s remaining=426
    iter=1575 E=-1.9957131990 nfev=1581 t=3100.6s remaining=425
    iter=1576 E=-1.9957136487 nfev=1582 t=3102.5s remaining=424
    iter=1577 E=-1.9957140935 nfev=1583 t=3104.3s remaining=423
    iter=1578 E=-1.9957144235 nfev=1584 t=3106.1s remaining=422
    iter=1579 E=-1.9957146118 nfev=1585 t=3108.0s remaining=421
    iter=1580 E=-1.9957147072 nfev=1586 t=3109.9s remaining=420
    iter=1581 E=-1.9957147729 nfev=1587 t=3111.8s remaining=419
    iter=1582 E=-1.9957148438 nfev=1588 t=3113.6s remaining=418
    iter=1583 E=-1.9957149414 nfev=1589 t=3115.5s remaining=417
    iter=1584 E=-1.9957150933 nfev=1590 t=3117.3s remaining=416
    iter=1585 E=-1.9957153355 nfev=1591 t=3119.2s remaining=415
    iter=1586 E=-1.9957157180 nfev=1592 t=3121.1s remaining=414
    iter=1587 E=-1.9957162719 nfev=1593 t=3123.1s remaining=413
    iter=1588 E=-1.9957168398 nfev=1594 t=3125.2s remaining=412
    iter=1589 E=-1.9957173276 nfev=1595 t=3127.3s remaining=411
    iter=1590 E=-1.9957175727 nfev=1596 t=3129.1s remaining=410
    iter=1591 E=-1.9957176814 nfev=1597 t=3130.9s remaining=409
    iter=1592 E=-1.9957177500 nfev=1598 t=3133.2s remaining=408
    iter=1593 E=-1.9957178208 nfev=1599 t=3136.0s remaining=407
    iter=1594 E=-1.9957178989 nfev=1600 t=3138.7s remaining=406
    iter=1595 E=-1.9957180038 nfev=1601 t=3141.5s remaining=405
    iter=1596 E=-1.9957181697 nfev=1602 t=3144.2s remaining=404
    iter=1597 E=-1.9957184353 nfev=1603 t=3146.9s remaining=403
    iter=1598 E=-1.9957188519 nfev=1604 t=3149.6s remaining=402
    iter=1599 E=-1.9957194395 nfev=1605 t=3152.4s remaining=401
    iter=1600 E=-1.9957199921 nfev=1606 t=3154.7s remaining=400
    iter=1601 E=-1.9957204653 nfev=1607 t=3156.8s remaining=399
    iter=1602 E=-1.9957207163 nfev=1608 t=3158.6s remaining=398
    iter=1603 E=-1.9957208531 nfev=1609 t=3160.5s remaining=397
    iter=1604 E=-1.9957209294 nfev=1610 t=3162.4s remaining=396
    iter=1605 E=-1.9957209912 nfev=1611 t=3164.4s remaining=395
    iter=1606 E=-1.9957210809 nfev=1612 t=3166.3s remaining=394
    iter=1607 E=-1.9957211994 nfev=1613 t=3168.1s remaining=393
    iter=1608 E=-1.9957213949 nfev=1614 t=3170.0s remaining=392
    iter=1609 E=-1.9957217195 nfev=1615 t=3171.9s remaining=391
    iter=1610 E=-1.9957222111 nfev=1616 t=3173.8s remaining=390
    iter=1611 E=-1.9957226752 nfev=1617 t=3175.7s remaining=389
    iter=1612 E=-1.9957229735 nfev=1618 t=3177.5s remaining=388
    iter=1613 E=-1.9957231633 nfev=1619 t=3179.4s remaining=387
    iter=1614 E=-1.9957232464 nfev=1620 t=3181.3s remaining=386
    iter=1615 E=-1.9957233043 nfev=1621 t=3183.3s remaining=385
    iter=1616 E=-1.9957233744 nfev=1622 t=3185.2s remaining=384
    iter=1617 E=-1.9957234870 nfev=1623 t=3187.0s remaining=383
    iter=1618 E=-1.9957236646 nfev=1624 t=3188.8s remaining=382
    iter=1619 E=-1.9957239426 nfev=1625 t=3190.7s remaining=381
    iter=1620 E=-1.9957243602 nfev=1626 t=3193.3s remaining=380
    iter=1621 E=-1.9957248884 nfev=1627 t=3196.0s remaining=379
    iter=1622 E=-1.9957253419 nfev=1628 t=3197.9s remaining=378
    iter=1623 E=-1.9957256385 nfev=1629 t=3199.8s remaining=377
    iter=1624 E=-1.9957257883 nfev=1630 t=3201.7s remaining=376
    iter=1625 E=-1.9957258857 nfev=1631 t=3203.5s remaining=375
    iter=1626 E=-1.9957259701 nfev=1632 t=3205.3s remaining=374
    iter=1627 E=-1.9957260558 nfev=1633 t=3207.1s remaining=373
    iter=1628 E=-1.9957261687 nfev=1634 t=3209.0s remaining=372
    iter=1629 E=-1.9957263511 nfev=1635 t=3210.8s remaining=371
    iter=1630 E=-1.9957266474 nfev=1636 t=3212.7s remaining=370
    iter=1631 E=-1.9957270951 nfev=1637 t=3214.7s remaining=369
    iter=1632 E=-1.9957275887 nfev=1638 t=3217.4s remaining=368
    iter=1633 E=-1.9957279406 nfev=1639 t=3219.3s remaining=367
    iter=1634 E=-1.9957281677 nfev=1640 t=3221.2s remaining=366
    iter=1635 E=-1.9957282561 nfev=1641 t=3223.1s remaining=365
    iter=1636 E=-1.9957283070 nfev=1642 t=3224.9s remaining=364
    iter=1637 E=-1.9957283528 nfev=1643 t=3226.7s remaining=363
    iter=1638 E=-1.9957284161 nfev=1644 t=3228.6s remaining=362
    iter=1639 E=-1.9957285067 nfev=1645 t=3230.4s remaining=361
    iter=1640 E=-1.9957286568 nfev=1646 t=3232.2s remaining=360
    iter=1641 E=-1.9957288995 nfev=1647 t=3234.1s remaining=359
    iter=1642 E=-1.9957292631 nfev=1648 t=3235.9s remaining=358
    iter=1643 E=-1.9957296411 nfev=1649 t=3237.9s remaining=357
    iter=1644 E=-1.9957299602 nfev=1650 t=3239.9s remaining=356
    iter=1645 E=-1.9957301893 nfev=1651 t=3241.7s remaining=355
    iter=1646 E=-1.9957303047 nfev=1652 t=3243.5s remaining=354
    iter=1647 E=-1.9957303635 nfev=1653 t=3245.4s remaining=353
    iter=1648 E=-1.9957304057 nfev=1654 t=3247.2s remaining=352
    iter=1649 E=-1.9957304528 nfev=1655 t=3249.0s remaining=351
    iter=1650 E=-1.9957305218 nfev=1656 t=3251.2s remaining=350
    iter=1651 E=-1.9957306318 nfev=1657 t=3253.1s remaining=349
    iter=1652 E=-1.9957308059 nfev=1658 t=3254.9s remaining=348
    iter=1653 E=-1.9957310599 nfev=1659 t=3256.7s remaining=347
    iter=1654 E=-1.9957313250 nfev=1660 t=3258.5s remaining=346
    iter=1655 E=-1.9957315777 nfev=1661 t=3260.4s remaining=345
    iter=1656 E=-1.9957317541 nfev=1662 t=3262.3s remaining=344
    iter=1657 E=-1.9957318384 nfev=1663 t=3264.1s remaining=343
    iter=1658 E=-1.9957318823 nfev=1664 t=3265.9s remaining=342
    iter=1659 E=-1.9957319155 nfev=1665 t=3267.7s remaining=341
    iter=1660 E=-1.9957319531 nfev=1666 t=3269.6s remaining=340
    iter=1661 E=-1.9957320066 nfev=1667 t=3271.4s remaining=339
    iter=1662 E=-1.9957320942 nfev=1668 t=3273.3s remaining=338
    iter=1663 E=-1.9957322435 nfev=1669 t=3275.2s remaining=337
    iter=1664 E=-1.9957324903 nfev=1670 t=3277.1s remaining=336
    iter=1665 E=-1.9957328591 nfev=1671 t=3279.1s remaining=335
    iter=1666 E=-1.9957331882 nfev=1672 t=3281.1s remaining=334
    iter=1667 E=-1.9957334295 nfev=1673 t=3283.3s remaining=333
    iter=1668 E=-1.9957335616 nfev=1674 t=3285.5s remaining=332
    iter=1669 E=-1.9957336124 nfev=1675 t=3287.7s remaining=331
    iter=1670 E=-1.9957336439 nfev=1676 t=3289.8s remaining=330
    iter=1671 E=-1.9957336755 nfev=1677 t=3291.7s remaining=329
    iter=1672 E=-1.9957337146 nfev=1678 t=3293.5s remaining=328
    iter=1673 E=-1.9957337706 nfev=1679 t=3295.3s remaining=327
    iter=1674 E=-1.9957338640 nfev=1680 t=3297.1s remaining=326
    iter=1675 E=-1.9957340214 nfev=1681 t=3298.9s remaining=325
    iter=1676 E=-1.9957342748 nfev=1682 t=3300.7s remaining=324
    iter=1677 E=-1.9957346173 nfev=1683 t=3302.7s remaining=323
    iter=1678 E=-1.9957348765 nfev=1684 t=3304.5s remaining=322
    iter=1679 E=-1.9957350673 nfev=1685 t=3306.4s remaining=321
    iter=1680 E=-1.9957351344 nfev=1686 t=3308.4s remaining=320
    iter=1681 E=-1.9957351599 nfev=1687 t=3310.2s remaining=319
    iter=1682 E=-1.9957351821 nfev=1688 t=3312.0s remaining=318
    iter=1683 E=-1.9957352172 nfev=1689 t=3313.9s remaining=317
    iter=1684 E=-1.9957352736 nfev=1690 t=3315.8s remaining=316
    iter=1685 E=-1.9957353652 nfev=1691 t=3317.7s remaining=315
    iter=1686 E=-1.9957355123 nfev=1692 t=3319.6s remaining=314
    iter=1687 E=-1.9957357408 nfev=1693 t=3321.5s remaining=313
    iter=1688 E=-1.9957360485 nfev=1694 t=3323.4s remaining=312
    iter=1689 E=-1.9957362799 nfev=1695 t=3325.7s remaining=311
    iter=1690 E=-1.9957364288 nfev=1696 t=3327.7s remaining=310
    iter=1691 E=-1.9957364857 nfev=1697 t=3329.6s remaining=309
    iter=1692 E=-1.9957365177 nfev=1698 t=3331.4s remaining=308
    iter=1693 E=-1.9957365540 nfev=1699 t=3333.3s remaining=307
    iter=1694 E=-1.9957366015 nfev=1700 t=3335.3s remaining=306
    iter=1695 E=-1.9957366706 nfev=1701 t=3337.8s remaining=305
    iter=1696 E=-1.9957367806 nfev=1702 t=3339.9s remaining=304
    iter=1697 E=-1.9957369561 nfev=1703 t=3341.8s remaining=303
    iter=1698 E=-1.9957372126 nfev=1704 t=3343.7s remaining=302
    iter=1699 E=-1.9957374473 nfev=1705 t=3345.6s remaining=301
    iter=1700 E=-1.9957376093 nfev=1706 t=3347.4s remaining=300
    iter=1701 E=-1.9957377034 nfev=1707 t=3349.3s remaining=299
    iter=1702 E=-1.9957377514 nfev=1708 t=3351.1s remaining=298
    iter=1703 E=-1.9957377838 nfev=1709 t=3353.1s remaining=297
    iter=1704 E=-1.9957378186 nfev=1710 t=3354.9s remaining=296
    iter=1705 E=-1.9957378694 nfev=1711 t=3356.7s remaining=295
    iter=1706 E=-1.9957379482 nfev=1712 t=3358.6s remaining=294
    iter=1707 E=-1.9957380754 nfev=1713 t=3360.5s remaining=293
    iter=1708 E=-1.9957382825 nfev=1714 t=3362.5s remaining=292
    iter=1709 E=-1.9957386003 nfev=1715 t=3364.3s remaining=291
    iter=1710 E=-1.9957389680 nfev=1716 t=3366.2s remaining=290
    iter=1711 E=-1.9957392148 nfev=1717 t=3368.1s remaining=289
    iter=1712 E=-1.9957393601 nfev=1718 t=3369.9s remaining=288
    iter=1713 E=-1.9957394126 nfev=1719 t=3371.7s remaining=287
    iter=1714 E=-1.9957394452 nfev=1720 t=3373.5s remaining=286
    iter=1715 E=-1.9957394829 nfev=1721 t=3375.4s remaining=285
    iter=1716 E=-1.9957395334 nfev=1722 t=3377.3s remaining=284
    iter=1717 E=-1.9957396107 nfev=1723 t=3379.2s remaining=283
    iter=1718 E=-1.9957397379 nfev=1724 t=3381.1s remaining=282
    iter=1719 E=-1.9957399501 nfev=1725 t=3383.1s remaining=281
    iter=1720 E=-1.9957402940 nfev=1726 t=3385.0s remaining=280
    iter=1721 E=-1.9957407837 nfev=1727 t=3386.8s remaining=279
    iter=1722 E=-1.9957411846 nfev=1728 t=3388.7s remaining=278
    iter=1723 E=-1.9957414624 nfev=1729 t=3390.6s remaining=277
    iter=1724 E=-1.9957416007 nfev=1730 t=3392.4s remaining=276
    iter=1725 E=-1.9957416581 nfev=1731 t=3394.3s remaining=275
    iter=1726 E=-1.9957417084 nfev=1732 t=3396.1s remaining=274
    iter=1727 E=-1.9957417844 nfev=1733 t=3398.0s remaining=273
    iter=1728 E=-1.9957419012 nfev=1734 t=3400.0s remaining=272
    iter=1729 E=-1.9957420836 nfev=1735 t=3402.0s remaining=271
    iter=1730 E=-1.9957423684 nfev=1736 t=3404.0s remaining=270
    iter=1731 E=-1.9957427875 nfev=1737 t=3406.4s remaining=269
    iter=1732 E=-1.9957432221 nfev=1738 t=3408.4s remaining=268
    iter=1733 E=-1.9957435097 nfev=1739 t=3410.3s remaining=267
    iter=1734 E=-1.9957436724 nfev=1740 t=3412.0s remaining=266
    iter=1735 E=-1.9957437462 nfev=1741 t=3413.8s remaining=265
    iter=1736 E=-1.9957437976 nfev=1742 t=3415.6s remaining=264
    iter=1737 E=-1.9957438477 nfev=1743 t=3417.4s remaining=263
    iter=1738 E=-1.9957439241 nfev=1744 t=3419.3s remaining=262
    iter=1739 E=-1.9957440451 nfev=1745 t=3421.3s remaining=261
    iter=1740 E=-1.9957442446 nfev=1746 t=3423.1s remaining=260
    iter=1741 E=-1.9957445697 nfev=1747 t=3424.9s remaining=259
    iter=1742 E=-1.9957450665 nfev=1748 t=3426.8s remaining=258
    iter=1743 E=-1.9957456567 nfev=1749 t=3428.7s remaining=257
    iter=1744 E=-1.9957460567 nfev=1750 t=3430.6s remaining=256
    iter=1745 E=-1.9957463642 nfev=1751 t=3432.4s remaining=255
    iter=1746 E=-1.9957464960 nfev=1752 t=3434.3s remaining=254
    iter=1747 E=-1.9957465679 nfev=1753 t=3436.1s remaining=253
    iter=1748 E=-1.9957466377 nfev=1754 t=3438.0s remaining=252
    iter=1749 E=-1.9957467282 nfev=1755 t=3439.9s remaining=251
    iter=1750 E=-1.9957468212 nfev=1756 t=3441.7s remaining=250
    iter=1751 E=-1.9957469651 nfev=1757 t=3444.2s remaining=249
    iter=1752 E=-1.9957471944 nfev=1758 t=3446.1s remaining=248
    iter=1753 E=-1.9957475482 nfev=1759 t=3448.0s remaining=247
    iter=1754 E=-1.9957480392 nfev=1760 t=3450.0s remaining=246
    iter=1755 E=-1.9957485318 nfev=1761 t=3451.8s remaining=245
    iter=1756 E=-1.9957490077 nfev=1762 t=3453.6s remaining=244
    iter=1757 E=-1.9957493221 nfev=1763 t=3455.5s remaining=243
    iter=1758 E=-1.9957494613 nfev=1764 t=3457.3s remaining=242
    iter=1759 E=-1.9957495480 nfev=1765 t=3459.2s remaining=241
    iter=1760 E=-1.9957496296 nfev=1766 t=3461.0s remaining=240
    iter=1761 E=-1.9957497086 nfev=1767 t=3462.9s remaining=239
    iter=1762 E=-1.9957497913 nfev=1768 t=3464.7s remaining=238
    iter=1763 E=-1.9957499163 nfev=1769 t=3466.5s remaining=237
    iter=1764 E=-1.9957501115 nfev=1770 t=3468.4s remaining=236
    iter=1765 E=-1.9957504113 nfev=1771 t=3470.2s remaining=235
    iter=1766 E=-1.9957508523 nfev=1772 t=3472.1s remaining=234
    iter=1767 E=-1.9957514347 nfev=1773 t=3473.9s remaining=233
    iter=1768 E=-1.9957520126 nfev=1774 t=3475.7s remaining=232
    iter=1769 E=-1.9957524725 nfev=1775 t=3477.5s remaining=231
    iter=1770 E=-1.9957527320 nfev=1776 t=3479.3s remaining=230
    iter=1771 E=-1.9957528761 nfev=1777 t=3481.2s remaining=229
    iter=1772 E=-1.9957529731 nfev=1778 t=3483.0s remaining=228
    iter=1773 E=-1.9957530629 nfev=1779 t=3484.9s remaining=227
    iter=1774 E=-1.9957531495 nfev=1780 t=3486.7s remaining=226
    iter=1775 E=-1.9957532777 nfev=1781 t=3488.6s remaining=225
    iter=1776 E=-1.9957534722 nfev=1782 t=3490.4s remaining=224
    iter=1777 E=-1.9957537605 nfev=1783 t=3492.2s remaining=223
    iter=1778 E=-1.9957541626 nfev=1784 t=3494.1s remaining=222
    iter=1779 E=-1.9957547131 nfev=1785 t=3496.2s remaining=221
    iter=1780 E=-1.9957554959 nfev=1786 t=3498.2s remaining=220
    iter=1781 E=-1.9957565057 nfev=1787 t=3500.1s remaining=219
    iter=1782 E=-1.9957571661 nfev=1788 t=3502.0s remaining=218
    iter=1783 E=-1.9957575105 nfev=1789 t=3503.8s remaining=217
    iter=1784 E=-1.9957576869 nfev=1790 t=3505.7s remaining=216
    iter=1785 E=-1.9957578117 nfev=1791 t=3507.5s remaining=215
    iter=1786 E=-1.9957579089 nfev=1792 t=3509.4s remaining=214
    iter=1787 E=-1.9957580547 nfev=1793 t=3511.2s remaining=213
    iter=1788 E=-1.9957582852 nfev=1794 t=3513.1s remaining=212
    iter=1789 E=-1.9957586569 nfev=1795 t=3514.9s remaining=211
    iter=1790 E=-1.9957592430 nfev=1796 t=3516.8s remaining=210
    iter=1791 E=-1.9957600890 nfev=1797 t=3518.8s remaining=209
    iter=1792 E=-1.9957610092 nfev=1798 t=3520.7s remaining=208
    iter=1793 E=-1.9957617255 nfev=1799 t=3522.5s remaining=207
    iter=1794 E=-1.9957622362 nfev=1800 t=3524.3s remaining=206
    iter=1795 E=-1.9957624347 nfev=1801 t=3526.1s remaining=205
    iter=1796 E=-1.9957625607 nfev=1802 t=3528.0s remaining=204
    iter=1797 E=-1.9957626583 nfev=1803 t=3529.8s remaining=203
    iter=1798 E=-1.9957627318 nfev=1804 t=3531.9s remaining=202
    iter=1799 E=-1.9957628273 nfev=1805 t=3533.9s remaining=201
    iter=1800 E=-1.9957629800 nfev=1806 t=3535.7s remaining=200
    iter=1801 E=-1.9957632276 nfev=1807 t=3537.5s remaining=199
    iter=1802 E=-1.9957636016 nfev=1808 t=3539.3s remaining=198
    iter=1803 E=-1.9957641182 nfev=1809 t=3541.1s remaining=197
    iter=1804 E=-1.9957647802 nfev=1810 t=3542.9s remaining=196
    iter=1805 E=-1.9957654930 nfev=1811 t=3544.7s remaining=195
    iter=1806 E=-1.9957660471 nfev=1812 t=3546.6s remaining=194
    iter=1807 E=-1.9957662381 nfev=1813 t=3548.5s remaining=193
    iter=1808 E=-1.9957663384 nfev=1814 t=3550.9s remaining=192
    iter=1809 E=-1.9957664198 nfev=1815 t=3552.9s remaining=191
    iter=1810 E=-1.9957664942 nfev=1816 t=3555.0s remaining=190
    iter=1811 E=-1.9957666038 nfev=1817 t=3556.9s remaining=189
    iter=1812 E=-1.9957667727 nfev=1818 t=3558.8s remaining=188
    iter=1813 E=-1.9957670388 nfev=1819 t=3560.6s remaining=187
    iter=1814 E=-1.9957674475 nfev=1820 t=3562.5s remaining=186
    iter=1815 E=-1.9957680243 nfev=1821 t=3564.3s remaining=185
    iter=1816 E=-1.9957686602 nfev=1822 t=3566.1s remaining=184
    iter=1817 E=-1.9957692033 nfev=1823 t=3568.4s remaining=183
    iter=1818 E=-1.9957695753 nfev=1824 t=3570.2s remaining=182
    iter=1819 E=-1.9957697117 nfev=1825 t=3572.1s remaining=181
    iter=1820 E=-1.9957697970 nfev=1826 t=3574.1s remaining=180
    iter=1821 E=-1.9957698861 nfev=1827 t=3576.0s remaining=179
    iter=1822 E=-1.9957699777 nfev=1828 t=3577.9s remaining=178
    iter=1823 E=-1.9957700825 nfev=1829 t=3579.9s remaining=177
    iter=1824 E=-1.9957702351 nfev=1830 t=3581.8s remaining=176
    iter=1825 E=-1.9957704592 nfev=1831 t=3583.7s remaining=175
    iter=1826 E=-1.9957707787 nfev=1832 t=3585.5s remaining=174
    iter=1827 E=-1.9957712019 nfev=1833 t=3587.4s remaining=173
    iter=1828 E=-1.9957717636 nfev=1834 t=3589.3s remaining=172
    iter=1829 E=-1.9957722953 nfev=1835 t=3591.2s remaining=171
    iter=1830 E=-1.9957726253 nfev=1836 t=3593.2s remaining=170
    iter=1831 E=-1.9957727857 nfev=1837 t=3595.0s remaining=169
    iter=1832 E=-1.9957728792 nfev=1838 t=3596.9s remaining=168
    iter=1833 E=-1.9957729573 nfev=1839 t=3598.7s remaining=167
    iter=1834 E=-1.9957730378 nfev=1840 t=3600.6s remaining=166
    iter=1835 E=-1.9957731172 nfev=1841 t=3602.4s remaining=165
    iter=1836 E=-1.9957732360 nfev=1842 t=3604.3s remaining=164
    iter=1837 E=-1.9957734282 nfev=1843 t=3606.1s remaining=163
    iter=1838 E=-1.9957737280 nfev=1844 t=3607.9s remaining=162
    iter=1839 E=-1.9957741630 nfev=1845 t=3609.7s remaining=161
    iter=1840 E=-1.9957746928 nfev=1846 t=3611.6s remaining=160
    iter=1841 E=-1.9957752762 nfev=1847 t=3613.4s remaining=159
    iter=1842 E=-1.9957758588 nfev=1848 t=3615.3s remaining=158
    iter=1843 E=-1.9957761727 nfev=1849 t=3617.2s remaining=157
    iter=1844 E=-1.9957763147 nfev=1850 t=3619.0s remaining=156
    iter=1845 E=-1.9957764218 nfev=1851 t=3620.9s remaining=155
    iter=1846 E=-1.9957765181 nfev=1852 t=3622.9s remaining=154
    iter=1847 E=-1.9957766023 nfev=1853 t=3624.7s remaining=153
    iter=1848 E=-1.9957767363 nfev=1854 t=3626.5s remaining=152
    iter=1849 E=-1.9957769586 nfev=1855 t=3628.3s remaining=151
    iter=1850 E=-1.9957773202 nfev=1856 t=3630.2s remaining=150
    iter=1851 E=-1.9957778653 nfev=1857 t=3632.0s remaining=149
    iter=1852 E=-1.9957784828 nfev=1858 t=3633.9s remaining=148
    iter=1853 E=-1.9957790008 nfev=1859 t=3635.7s remaining=147
    iter=1854 E=-1.9957793591 nfev=1860 t=3637.6s remaining=146
    iter=1855 E=-1.9957795105 nfev=1861 t=3639.4s remaining=145
    iter=1856 E=-1.9957795852 nfev=1862 t=3641.3s remaining=144
    iter=1857 E=-1.9957796422 nfev=1863 t=3643.2s remaining=143
    iter=1858 E=-1.9957796940 nfev=1864 t=3645.2s remaining=142
    iter=1859 E=-1.9957797429 nfev=1865 t=3647.1s remaining=141
    iter=1860 E=-1.9957798182 nfev=1866 t=3648.9s remaining=140
    iter=1861 E=-1.9957799452 nfev=1867 t=3650.9s remaining=139
    iter=1862 E=-1.9957801624 nfev=1868 t=3652.8s remaining=138
    iter=1863 E=-1.9957805210 nfev=1869 t=3654.7s remaining=137
    iter=1864 E=-1.9957810540 nfev=1870 t=3656.5s remaining=136
    iter=1865 E=-1.9957816545 nfev=1871 t=3658.4s remaining=135
    iter=1866 E=-1.9957821296 nfev=1872 t=3660.2s remaining=134
    iter=1867 E=-1.9957825170 nfev=1873 t=3662.1s remaining=133
    iter=1868 E=-1.9957826325 nfev=1874 t=3664.0s remaining=132
    iter=1869 E=-1.9957827000 nfev=1875 t=3665.9s remaining=131
    iter=1870 E=-1.9957827644 nfev=1876 t=3667.8s remaining=130
    iter=1871 E=-1.9957828506 nfev=1877 t=3669.6s remaining=129
    iter=1872 E=-1.9957829313 nfev=1878 t=3671.5s remaining=128
    iter=1873 E=-1.9957830600 nfev=1879 t=3673.5s remaining=127
    iter=1874 E=-1.9957832768 nfev=1880 t=3675.3s remaining=126
    iter=1875 E=-1.9957836374 nfev=1881 t=3677.2s remaining=125
    iter=1876 E=-1.9957841750 nfev=1882 t=3679.1s remaining=124
    iter=1877 E=-1.9957847097 nfev=1883 t=3681.1s remaining=123
    iter=1878 E=-1.9957850478 nfev=1884 t=3683.3s remaining=122
    iter=1879 E=-1.9957853480 nfev=1885 t=3685.4s remaining=121
    iter=1880 E=-1.9957854803 nfev=1886 t=3687.4s remaining=120
    iter=1881 E=-1.9957855506 nfev=1887 t=3689.2s remaining=119
    iter=1882 E=-1.9957856268 nfev=1888 t=3691.1s remaining=118
    iter=1883 E=-1.9957857234 nfev=1889 t=3693.0s remaining=117
    iter=1884 E=-1.9957858367 nfev=1890 t=3694.9s remaining=116
    iter=1885 E=-1.9957860216 nfev=1891 t=3696.8s remaining=115
    iter=1886 E=-1.9957863312 nfev=1892 t=3698.7s remaining=114
    iter=1887 E=-1.9957868301 nfev=1893 t=3700.6s remaining=113
    iter=1888 E=-1.9957875501 nfev=1894 t=3702.8s remaining=112
    iter=1889 E=-1.9957882288 nfev=1895 t=3705.5s remaining=111
    iter=1890 E=-1.9957887655 nfev=1896 t=3707.6s remaining=110
    iter=1891 E=-1.9957891013 nfev=1897 t=3709.5s remaining=109
    iter=1892 E=-1.9957892224 nfev=1898 t=3711.4s remaining=108
    iter=1893 E=-1.9957892924 nfev=1899 t=3713.3s remaining=107
    iter=1894 E=-1.9957893830 nfev=1900 t=3715.1s remaining=106
    iter=1895 E=-1.9957894888 nfev=1901 t=3717.0s remaining=105
    iter=1896 E=-1.9957896324 nfev=1902 t=3718.9s remaining=104
    iter=1897 E=-1.9957898702 nfev=1903 t=3720.8s remaining=103
    iter=1898 E=-1.9957902694 nfev=1904 t=3722.7s remaining=102
    iter=1899 E=-1.9957909037 nfev=1905 t=3724.6s remaining=101
    iter=1900 E=-1.9957917480 nfev=1906 t=3726.5s remaining=100
    iter=1901 E=-1.9957923270 nfev=1907 t=3728.3s remaining=99
    iter=1902 E=-1.9957928224 nfev=1908 t=3730.2s remaining=98
    iter=1903 E=-1.9957930378 nfev=1909 t=3732.0s remaining=97
    iter=1904 E=-1.9957931356 nfev=1910 t=3733.8s remaining=96
    iter=1905 E=-1.9957932153 nfev=1911 t=3735.6s remaining=95
    iter=1906 E=-1.9957933148 nfev=1912 t=3737.4s remaining=94
    iter=1907 E=-1.9957934048 nfev=1913 t=3739.5s remaining=93
    iter=1908 E=-1.9957935488 nfev=1914 t=3741.4s remaining=92
    iter=1909 E=-1.9957937902 nfev=1915 t=3743.2s remaining=91
    iter=1910 E=-1.9957941877 nfev=1916 t=3745.0s remaining=90
    iter=1911 E=-1.9957948037 nfev=1917 t=3746.9s remaining=89
    iter=1912 E=-1.9957956326 nfev=1918 t=3749.2s remaining=88
    iter=1913 E=-1.9957963625 nfev=1919 t=3751.1s remaining=87
    iter=1914 E=-1.9957970967 nfev=1920 t=3753.0s remaining=86
    iter=1915 E=-1.9957974394 nfev=1921 t=3754.8s remaining=85
    iter=1916 E=-1.9957975592 nfev=1922 t=3756.7s remaining=84
    iter=1917 E=-1.9957976323 nfev=1923 t=3758.6s remaining=83
    iter=1918 E=-1.9957977205 nfev=1924 t=3760.6s remaining=82
    iter=1919 E=-1.9957978230 nfev=1925 t=3762.6s remaining=81
    iter=1920 E=-1.9957979821 nfev=1926 t=3764.4s remaining=80
    iter=1921 E=-1.9957982492 nfev=1927 t=3766.2s remaining=79
    iter=1922 E=-1.9957986991 nfev=1928 t=3768.0s remaining=78
    iter=1923 E=-1.9957994284 nfev=1929 t=3769.9s remaining=77
    iter=1924 E=-1.9958004194 nfev=1930 t=3771.7s remaining=76
    iter=1925 E=-1.9958010747 nfev=1931 t=3773.6s remaining=75
    iter=1926 E=-1.9958015104 nfev=1932 t=3775.4s remaining=74
    iter=1927 E=-1.9958017128 nfev=1933 t=3777.2s remaining=73
    iter=1928 E=-1.9958017950 nfev=1934 t=3779.1s remaining=72
    iter=1929 E=-1.9958018723 nfev=1935 t=3780.9s remaining=71
    iter=1930 E=-1.9958019882 nfev=1936 t=3782.7s remaining=70
    iter=1931 E=-1.9958021649 nfev=1937 t=3784.5s remaining=69
    iter=1932 E=-1.9958024445 nfev=1938 t=3786.3s remaining=68
    iter=1933 E=-1.9958028953 nfev=1939 t=3788.2s remaining=67
    iter=1934 E=-1.9958035891 nfev=1940 t=3790.0s remaining=66
    iter=1935 E=-1.9958044239 nfev=1941 t=3791.8s remaining=65
    iter=1936 E=-1.9958048788 nfev=1942 t=3793.6s remaining=64
    iter=1937 E=-1.9958051199 nfev=1943 t=3795.5s remaining=63
    iter=1938 E=-1.9958052051 nfev=1944 t=3797.3s remaining=62
    iter=1939 E=-1.9958052584 nfev=1945 t=3799.2s remaining=61
    iter=1940 E=-1.9958053349 nfev=1946 t=3801.1s remaining=60
    iter=1941 E=-1.9958054438 nfev=1947 t=3803.0s remaining=59
    iter=1942 E=-1.9958056100 nfev=1948 t=3804.9s remaining=58
    iter=1943 E=-1.9958058822 nfev=1949 t=3806.7s remaining=57
    iter=1944 E=-1.9958063280 nfev=1950 t=3808.6s remaining=56
    iter=1945 E=-1.9958070024 nfev=1951 t=3810.4s remaining=55
    iter=1946 E=-1.9958077423 nfev=1952 t=3812.2s remaining=54
    iter=1947 E=-1.9958082514 nfev=1953 t=3814.0s remaining=53
    iter=1948 E=-1.9958086142 nfev=1954 t=3815.9s remaining=52
    iter=1949 E=-1.9958087642 nfev=1955 t=3817.9s remaining=51
    iter=1950 E=-1.9958088458 nfev=1956 t=3819.7s remaining=50
    iter=1951 E=-1.9958089052 nfev=1957 t=3821.6s remaining=49
    iter=1952 E=-1.9958089768 nfev=1958 t=3823.4s remaining=48
    iter=1953 E=-1.9958090602 nfev=1959 t=3825.3s remaining=47
    iter=1954 E=-1.9958091950 nfev=1960 t=3827.2s remaining=46
    iter=1955 E=-1.9958094199 nfev=1961 t=3829.0s remaining=45
    iter=1956 E=-1.9958097923 nfev=1962 t=3830.8s remaining=44
    iter=1957 E=-1.9958103781 nfev=1963 t=3832.9s remaining=43
    iter=1958 E=-1.9958111825 nfev=1964 t=3834.7s remaining=42
    iter=1959 E=-1.9958118779 nfev=1965 t=3836.6s remaining=41
    iter=1960 E=-1.9958123984 nfev=1966 t=3838.4s remaining=40
    iter=1961 E=-1.9958126042 nfev=1967 t=3840.2s remaining=39
    iter=1962 E=-1.9958126779 nfev=1968 t=3842.0s remaining=38
    iter=1963 E=-1.9958127335 nfev=1969 t=3843.8s remaining=37
    iter=1964 E=-1.9958128154 nfev=1970 t=3845.7s remaining=36
    iter=1965 E=-1.9958129272 nfev=1971 t=3847.5s remaining=35
    iter=1966 E=-1.9958131019 nfev=1972 t=3849.3s remaining=34
    iter=1967 E=-1.9958133906 nfev=1973 t=3851.1s remaining=33
    iter=1968 E=-1.9958138586 nfev=1974 t=3853.0s remaining=32
    iter=1969 E=-1.9958145104 nfev=1975 t=3855.0s remaining=31
    iter=1970 E=-1.9958149579 nfev=1976 t=3856.8s remaining=30
    iter=1971 E=-1.9958152561 nfev=1977 t=3858.7s remaining=29
    iter=1972 E=-1.9958154451 nfev=1978 t=3860.5s remaining=28
    iter=1973 E=-1.9958155458 nfev=1979 t=3862.4s remaining=27
    iter=1974 E=-1.9958156214 nfev=1980 t=3864.3s remaining=26
    iter=1975 E=-1.9958156984 nfev=1981 t=3866.1s remaining=25
    iter=1976 E=-1.9958158011 nfev=1982 t=3867.8s remaining=24
    iter=1977 E=-1.9958159623 nfev=1983 t=3869.7s remaining=23
    iter=1978 E=-1.9958162275 nfev=1984 t=3871.5s remaining=22
    iter=1979 E=-1.9958166597 nfev=1985 t=3873.3s remaining=21
    iter=1980 E=-1.9958173096 nfev=1986 t=3875.4s remaining=20
    iter=1981 E=-1.9958179968 nfev=1987 t=3877.4s remaining=19
    iter=1982 E=-1.9958184639 nfev=1988 t=3879.4s remaining=18
    iter=1983 E=-1.9958187789 nfev=1989 t=3881.3s remaining=17
    iter=1984 E=-1.9958188999 nfev=1990 t=3883.1s remaining=16
    iter=1985 E=-1.9958189602 nfev=1991 t=3885.1s remaining=15
    iter=1986 E=-1.9958190132 nfev=1992 t=3887.0s remaining=14
    iter=1987 E=-1.9958190711 nfev=1993 t=3888.8s remaining=13
    iter=1988 E=-1.9958191372 nfev=1994 t=3890.6s remaining=12
    iter=1989 E=-1.9958192463 nfev=1995 t=3892.4s remaining=11
    iter=1990 E=-1.9958194310 nfev=1996 t=3894.2s remaining=10
    iter=1991 E=-1.9958197332 nfev=1997 t=3896.0s remaining=9
    iter=1992 E=-1.9958201801 nfev=1998 t=3897.8s remaining=8
    iter=1993 E=-1.9958206132 nfev=1999 t=3899.7s remaining=7
    iter=1994 E=-1.9958209430 nfev=2000 t=3901.4s remaining=6
    iter=1995 E=-1.9958211360 nfev=2001 t=3903.3s remaining=5
    iter=1996 E=-1.9958211986 nfev=2002 t=3905.1s remaining=4
    iter=1997 E=-1.9958212266 nfev=2003 t=3907.0s remaining=3
    iter=1998 E=-1.9958212545 nfev=2004 t=3908.8s remaining=2
    iter=1999 E=-1.9958212947 nfev=2005 t=3910.8s remaining=1
    iter=2000 E=-1.9958213537 nfev=2006 t=3913.5s remaining=0
    iter=2000 E=-1.9958213537 nfev=2006 t=3913.5s remaining=0
    seed=0 E=-1.9958213537 dE=+3.290e-04 nit=2000 ok=False t=3913.5s
  r=1.50  L=11  npar=470   E=-1.9958213537  |E-FCI|=3.290e-04  FCI=no   chem=yes

=== summary (best seed per layer) ===
  bond   L ansatz                 npar              E     |E-FCI|  FCI? chem?
  1.50  11 (ECD+SNAP)^11 + ECD     470  -1.9958213537   3.290e-04    no   yes

wrote data/results/h4_hybrid_L11_nobs_r0150.json
