self-check ok (nfock=4, use_bs=False, worst FD rel err 0.00e+00)
per-iter log: /workspace/qumode_chem/data/results/h4_hybrid_L10_nobs_r088_iters.jsonl
live snapshot: /workspace/qumode_chem/data/results/h4_hybrid_L10_nobs_r088_live.json

=== build H4 JWT Hamiltonian at R=0.88 Å ===
=== r=0.88 Å equilibrium  FCI(pyscf)=-2.1804101685  eig=-2.1804101685  paper_fci=-2.18041017  paper_SNAP_D20=-2.1804101724879494 ===
-- r=0.88  (ECD+SNAP)^10 + ECD   npar=428 --
    iter=1 E=-0.0611861054 nfev=2 t=29.0s remaining=1999
    iter=2 E=-0.1914183001 nfev=3 t=40.1s remaining=1998
    iter=3 E=-0.2856758466 nfev=4 t=55.9s remaining=1997
    iter=4 E=-0.4385087216 nfev=5 t=72.0s remaining=1996
    iter=5 E=-0.5438733743 nfev=7 t=103.2s remaining=1995
    iter=6 E=-0.5907496775 nfev=9 t=133.2s remaining=1994
    iter=7 E=-0.6602642586 nfev=10 t=146.4s remaining=1993
    iter=8 E=-0.7211235849 nfev=11 t=159.8s remaining=1992
    iter=9 E=-0.7485146358 nfev=12 t=177.6s remaining=1991
    iter=10 E=-0.7881357407 nfev=13 t=196.7s remaining=1990
    iter=11 E=-0.8372944782 nfev=14 t=211.5s remaining=1989
    iter=12 E=-0.8955869662 nfev=15 t=227.3s remaining=1988
    iter=13 E=-0.9460352295 nfev=16 t=243.2s remaining=1987
    iter=14 E=-0.9809755141 nfev=17 t=259.9s remaining=1986
    iter=15 E=-1.0174726676 nfev=18 t=278.1s remaining=1985
    iter=16 E=-1.0526623045 nfev=19 t=296.3s remaining=1984
    iter=17 E=-1.0914430688 nfev=20 t=309.4s remaining=1983
    iter=18 E=-1.1384659085 nfev=21 t=323.5s remaining=1982
    iter=19 E=-1.1786748782 nfev=22 t=342.2s remaining=1981
    iter=20 E=-1.2204604628 nfev=23 t=360.9s remaining=1980
    iter=21 E=-1.2650256167 nfev=24 t=376.3s remaining=1979
    iter=22 E=-1.3097588186 nfev=25 t=388.2s remaining=1978
    iter=23 E=-1.3464411756 nfev=26 t=404.9s remaining=1977
    iter=24 E=-1.3941715176 nfev=27 t=421.2s remaining=1976
    iter=25 E=-1.4588083590 nfev=28 t=438.4s remaining=1975
    iter=26 E=-1.5335718109 nfev=29 t=453.9s remaining=1974
    iter=27 E=-1.6088513221 nfev=30 t=469.9s remaining=1973
    iter=28 E=-1.6479455231 nfev=31 t=486.6s remaining=1972
    iter=29 E=-1.6786311690 nfev=32 t=505.2s remaining=1971
    iter=30 E=-1.7184373859 nfev=33 t=522.4s remaining=1970
    iter=31 E=-1.7664194438 nfev=34 t=542.7s remaining=1969
    iter=32 E=-1.7876541002 nfev=35 t=557.9s remaining=1968
    iter=33 E=-1.8220328194 nfev=36 t=570.0s remaining=1967
    iter=34 E=-1.8611088415 nfev=37 t=587.2s remaining=1966
    iter=35 E=-1.9094676928 nfev=38 t=603.7s remaining=1965
    iter=36 E=-1.9236543918 nfev=39 t=618.5s remaining=1964
    iter=37 E=-1.9448747846 nfev=40 t=624.9s remaining=1963
    iter=38 E=-1.9698599581 nfev=41 t=638.8s remaining=1962
    iter=39 E=-1.9975520504 nfev=42 t=654.1s remaining=1961
    iter=40 E=-2.0080658706 nfev=43 t=667.0s remaining=1960
    iter=41 E=-2.0235182974 nfev=44 t=682.6s remaining=1959
    iter=42 E=-2.0370568787 nfev=45 t=696.3s remaining=1958
    iter=43 E=-2.0579372642 nfev=46 t=711.4s remaining=1957
    iter=44 E=-2.0750358532 nfev=47 t=726.9s remaining=1956
    iter=45 E=-2.0917646072 nfev=48 t=744.9s remaining=1955
    iter=46 E=-2.1007208594 nfev=49 t=753.9s remaining=1954
    iter=47 E=-2.1114971932 nfev=50 t=769.7s remaining=1953
    iter=48 E=-2.1184599315 nfev=51 t=782.4s remaining=1952
    iter=49 E=-2.1256799767 nfev=52 t=797.7s remaining=1951
    iter=50 E=-2.1305908438 nfev=53 t=809.3s remaining=1950
    iter=51 E=-2.1341525924 nfev=54 t=825.3s remaining=1949
    iter=52 E=-2.1376159606 nfev=55 t=839.8s remaining=1948
    iter=53 E=-2.1405999527 nfev=56 t=856.0s remaining=1947
    iter=54 E=-2.1419730760 nfev=57 t=872.5s remaining=1946
    iter=55 E=-2.1438986238 nfev=58 t=882.2s remaining=1945
    iter=56 E=-2.1462052925 nfev=59 t=898.4s remaining=1944
    iter=57 E=-2.1473264564 nfev=61 t=931.6s remaining=1943
    iter=58 E=-2.1481958236 nfev=62 t=941.6s remaining=1942
    iter=59 E=-2.1491935106 nfev=63 t=960.0s remaining=1941
    iter=60 E=-2.1498228139 nfev=64 t=975.9s remaining=1940
    iter=61 E=-2.1504145096 nfev=65 t=993.4s remaining=1939
    iter=62 E=-2.1510212423 nfev=66 t=1010.6s remaining=1938
    iter=63 E=-2.1514870682 nfev=67 t=1025.3s remaining=1937
    iter=64 E=-2.1519012662 nfev=68 t=1039.5s remaining=1936
    iter=65 E=-2.1521924334 nfev=69 t=1054.5s remaining=1935
    iter=66 E=-2.1524262245 nfev=70 t=1069.1s remaining=1934
    iter=67 E=-2.1527192111 nfev=71 t=1085.5s remaining=1933
    iter=68 E=-2.1529953552 nfev=72 t=1097.2s remaining=1932
    iter=69 E=-2.1533758289 nfev=73 t=1112.2s remaining=1931
    iter=70 E=-2.1537801873 nfev=74 t=1128.6s remaining=1930
    iter=71 E=-2.1540077064 nfev=75 t=1149.3s remaining=1929
    iter=72 E=-2.1542987780 nfev=76 t=1165.9s remaining=1928
    iter=73 E=-2.1546084880 nfev=77 t=1181.7s remaining=1927
    iter=74 E=-2.1548981701 nfev=78 t=1193.6s remaining=1926
    iter=75 E=-2.1551553988 nfev=79 t=1204.1s remaining=1925
    iter=76 E=-2.1553139145 nfev=80 t=1218.7s remaining=1924
    iter=77 E=-2.1554831741 nfev=81 t=1232.1s remaining=1923
    iter=78 E=-2.1556470830 nfev=82 t=1249.0s remaining=1922
    iter=79 E=-2.1558488506 nfev=83 t=1266.7s remaining=1921
    iter=80 E=-2.1561268635 nfev=84 t=1282.2s remaining=1920
    iter=81 E=-2.1563888168 nfev=85 t=1301.1s remaining=1919
    iter=82 E=-2.1566362477 nfev=86 t=1318.1s remaining=1918
    iter=83 E=-2.1569808307 nfev=87 t=1333.0s remaining=1917
    iter=84 E=-2.1573780043 nfev=88 t=1346.3s remaining=1916
    iter=85 E=-2.1576346662 nfev=89 t=1358.6s remaining=1915
    iter=86 E=-2.1579136655 nfev=90 t=1376.0s remaining=1914
    iter=87 E=-2.1581254329 nfev=91 t=1389.5s remaining=1913
    iter=88 E=-2.1583512266 nfev=92 t=1399.6s remaining=1912
    iter=89 E=-2.1586429710 nfev=93 t=1414.4s remaining=1911
    iter=90 E=-2.1589409598 nfev=94 t=1431.2s remaining=1910
    iter=91 E=-2.1592190410 nfev=95 t=1450.7s remaining=1909
    iter=92 E=-2.1595298319 nfev=96 t=1465.9s remaining=1908
    iter=93 E=-2.1598957769 nfev=97 t=1478.8s remaining=1907
    iter=94 E=-2.1601932392 nfev=98 t=1493.4s remaining=1906
    iter=95 E=-2.1604454067 nfev=99 t=1500.2s remaining=1905
    iter=96 E=-2.1607602033 nfev=100 t=1513.6s remaining=1904
    iter=97 E=-2.1610992445 nfev=101 t=1530.0s remaining=1903
    iter=98 E=-2.1613974395 nfev=102 t=1551.6s remaining=1902
    iter=99 E=-2.1616500608 nfev=103 t=1564.0s remaining=1901
    iter=100 E=-2.1618732076 nfev=104 t=1588.0s remaining=1900
    iter=101 E=-2.1620675417 nfev=105 t=1604.3s remaining=1899
    iter=102 E=-2.1622641946 nfev=106 t=1619.1s remaining=1898
    iter=103 E=-2.1624521098 nfev=107 t=1628.5s remaining=1897
    iter=104 E=-2.1626348761 nfev=108 t=1643.9s remaining=1896
    iter=105 E=-2.1628004789 nfev=109 t=1661.4s remaining=1895
    iter=106 E=-2.1629500026 nfev=110 t=1681.3s remaining=1894
    iter=107 E=-2.1631002180 nfev=111 t=1697.2s remaining=1893
    iter=108 E=-2.1632999212 nfev=112 t=1709.2s remaining=1892
    iter=109 E=-2.1634807372 nfev=113 t=1731.2s remaining=1891
    iter=110 E=-2.1636259096 nfev=114 t=1746.8s remaining=1890
    iter=111 E=-2.1637727336 nfev=115 t=1759.5s remaining=1889
    iter=112 E=-2.1639166163 nfev=116 t=1777.2s remaining=1888
    iter=113 E=-2.1640831451 nfev=117 t=1792.2s remaining=1887
    iter=114 E=-2.1642759688 nfev=118 t=1805.4s remaining=1886
    iter=115 E=-2.1644394738 nfev=119 t=1821.2s remaining=1885
    iter=116 E=-2.1646149137 nfev=120 t=1836.6s remaining=1884
    iter=117 E=-2.1648420951 nfev=121 t=1848.9s remaining=1883
    iter=118 E=-2.1650066906 nfev=122 t=1862.5s remaining=1882
    iter=119 E=-2.1651652303 nfev=123 t=1878.5s remaining=1881
    iter=120 E=-2.1653463484 nfev=124 t=1894.2s remaining=1880
    iter=121 E=-2.1654360436 nfev=125 t=1909.7s remaining=1879
    iter=122 E=-2.1655353877 nfev=126 t=1924.8s remaining=1878
    iter=123 E=-2.1656317898 nfev=127 t=1943.8s remaining=1877
    iter=124 E=-2.1657155167 nfev=128 t=1956.5s remaining=1876
    iter=125 E=-2.1658132817 nfev=129 t=1970.6s remaining=1875
    iter=126 E=-2.1659000853 nfev=130 t=1984.3s remaining=1874
    iter=127 E=-2.1659871185 nfev=131 t=1997.3s remaining=1873
    iter=128 E=-2.1660871736 nfev=132 t=2014.7s remaining=1872
    iter=129 E=-2.1661931036 nfev=133 t=2023.0s remaining=1871
    iter=130 E=-2.1663242090 nfev=134 t=2039.5s remaining=1870
    iter=131 E=-2.1664215369 nfev=135 t=2057.1s remaining=1869
    iter=132 E=-2.1665133485 nfev=136 t=2070.3s remaining=1868
    iter=133 E=-2.1666055945 nfev=137 t=2084.7s remaining=1867
    iter=134 E=-2.1667179363 nfev=138 t=2099.4s remaining=1866
    iter=135 E=-2.1668504044 nfev=139 t=2113.0s remaining=1865
    iter=136 E=-2.1669568121 nfev=140 t=2129.8s remaining=1864
    iter=137 E=-2.1670618833 nfev=141 t=2143.9s remaining=1863
    iter=138 E=-2.1671621966 nfev=142 t=2159.8s remaining=1862
    iter=139 E=-2.1672564537 nfev=143 t=2172.1s remaining=1861
    iter=140 E=-2.1673572521 nfev=144 t=2187.7s remaining=1860
    iter=141 E=-2.1674623306 nfev=145 t=2202.5s remaining=1859
    iter=142 E=-2.1675380037 nfev=146 t=2222.3s remaining=1858
    iter=143 E=-2.1676095838 nfev=147 t=2239.1s remaining=1857
    iter=144 E=-2.1676764978 nfev=148 t=2251.1s remaining=1856
    iter=145 E=-2.1677525493 nfev=149 t=2266.7s remaining=1855
    iter=146 E=-2.1678135202 nfev=150 t=2278.1s remaining=1854
    iter=147 E=-2.1678797584 nfev=151 t=2293.8s remaining=1853
    iter=148 E=-2.1679482662 nfev=152 t=2309.7s remaining=1852
    iter=149 E=-2.1680090387 nfev=153 t=2324.3s remaining=1851
    iter=150 E=-2.1680998124 nfev=154 t=2335.7s remaining=1850
    iter=151 E=-2.1682015824 nfev=155 t=2350.3s remaining=1849
    iter=152 E=-2.1682735979 nfev=156 t=2365.9s remaining=1848
    iter=153 E=-2.1683404248 nfev=157 t=2381.5s remaining=1847
    iter=154 E=-2.1683950004 nfev=158 t=2394.2s remaining=1846
    iter=155 E=-2.1684493942 nfev=159 t=2407.8s remaining=1845
    iter=156 E=-2.1685076889 nfev=160 t=2424.2s remaining=1844
    iter=157 E=-2.1685881334 nfev=161 t=2440.8s remaining=1843
    iter=158 E=-2.1686627047 nfev=162 t=2456.2s remaining=1842
    iter=159 E=-2.1687345729 nfev=163 t=2470.5s remaining=1841
    iter=160 E=-2.1688188678 nfev=164 t=2487.6s remaining=1840
    iter=161 E=-2.1689099579 nfev=165 t=2503.1s remaining=1839
    iter=162 E=-2.1689686665 nfev=166 t=2522.3s remaining=1838
    iter=163 E=-2.1690360838 nfev=167 t=2536.5s remaining=1837
    iter=164 E=-2.1691107470 nfev=168 t=2548.9s remaining=1836
    iter=165 E=-2.1691733421 nfev=169 t=2563.6s remaining=1835
    iter=166 E=-2.1692261620 nfev=170 t=2579.4s remaining=1834
    iter=167 E=-2.1692691356 nfev=171 t=2600.2s remaining=1833
    iter=168 E=-2.1693190316 nfev=172 t=2620.1s remaining=1832
    iter=169 E=-2.1693829658 nfev=173 t=2634.0s remaining=1831
    iter=170 E=-2.1694609970 nfev=174 t=2651.6s remaining=1830
    iter=171 E=-2.1695144895 nfev=175 t=2671.4s remaining=1829
    iter=172 E=-2.1695802638 nfev=176 t=2685.5s remaining=1828
    iter=173 E=-2.1696793445 nfev=177 t=2700.9s remaining=1827
    iter=174 E=-2.1697774182 nfev=178 t=2715.9s remaining=1826
    iter=175 E=-2.1698229589 nfev=179 t=2726.7s remaining=1825
    iter=176 E=-2.1698754017 nfev=180 t=2740.0s remaining=1824
    iter=177 E=-2.1699296473 nfev=181 t=2754.9s remaining=1823
    iter=178 E=-2.1699820099 nfev=182 t=2772.1s remaining=1822
    iter=179 E=-2.1700549254 nfev=183 t=2786.3s remaining=1821
    iter=180 E=-2.1701262553 nfev=184 t=2800.7s remaining=1820
    iter=181 E=-2.1701702634 nfev=185 t=2813.9s remaining=1819
    iter=182 E=-2.1702126292 nfev=186 t=2823.9s remaining=1818
    iter=183 E=-2.1702672426 nfev=187 t=2840.0s remaining=1817
    iter=184 E=-2.1703366848 nfev=188 t=2855.4s remaining=1816
    iter=185 E=-2.1704286349 nfev=189 t=2865.7s remaining=1815
    iter=186 E=-2.1705489414 nfev=190 t=2879.6s remaining=1814
    iter=187 E=-2.1706695348 nfev=191 t=2890.7s remaining=1813
    iter=188 E=-2.1707382163 nfev=192 t=2907.4s remaining=1812
    iter=189 E=-2.1708162440 nfev=193 t=2920.7s remaining=1811
    iter=190 E=-2.1708834290 nfev=194 t=2937.6s remaining=1810
    iter=191 E=-2.1709751106 nfev=195 t=2950.9s remaining=1809
    iter=192 E=-2.1710772616 nfev=196 t=2960.7s remaining=1808
    iter=193 E=-2.1711337259 nfev=197 t=2973.0s remaining=1807
    iter=194 E=-2.1711945603 nfev=198 t=2987.6s remaining=1806
    iter=195 E=-2.1712558101 nfev=199 t=3003.6s remaining=1805
    iter=196 E=-2.1713131374 nfev=200 t=3019.3s remaining=1804
    iter=197 E=-2.1713834290 nfev=201 t=3034.9s remaining=1803
    iter=198 E=-2.1714593168 nfev=202 t=3054.0s remaining=1802
    iter=199 E=-2.1715263786 nfev=203 t=3070.5s remaining=1801
    iter=200 E=-2.1715784607 nfev=204 t=3079.6s remaining=1800
    iter=201 E=-2.1716432354 nfev=205 t=3095.0s remaining=1799
    iter=202 E=-2.1717031885 nfev=206 t=3108.3s remaining=1798
    iter=203 E=-2.1717660075 nfev=207 t=3124.4s remaining=1797
    iter=204 E=-2.1718262653 nfev=208 t=3140.8s remaining=1796
    iter=205 E=-2.1718791596 nfev=209 t=3150.9s remaining=1795
    iter=206 E=-2.1719280143 nfev=210 t=3166.8s remaining=1794
    iter=207 E=-2.1719990967 nfev=211 t=3183.6s remaining=1793
    iter=208 E=-2.1720946025 nfev=212 t=3198.6s remaining=1792
    iter=209 E=-2.1721822774 nfev=213 t=3217.4s remaining=1791
    iter=210 E=-2.1722591859 nfev=214 t=3235.9s remaining=1790
    iter=211 E=-2.1723206288 nfev=215 t=3251.6s remaining=1789
    iter=212 E=-2.1723825217 nfev=216 t=3269.0s remaining=1788
    iter=213 E=-2.1724370699 nfev=217 t=3283.0s remaining=1787
    iter=214 E=-2.1725168494 nfev=218 t=3300.2s remaining=1786
    iter=215 E=-2.1726092550 nfev=219 t=3316.2s remaining=1785
    iter=216 E=-2.1727006986 nfev=220 t=3331.9s remaining=1784
    iter=217 E=-2.1727868654 nfev=221 t=3351.9s remaining=1783
    iter=218 E=-2.1728607571 nfev=222 t=3364.8s remaining=1782
    iter=219 E=-2.1729041512 nfev=223 t=3376.8s remaining=1781
    iter=220 E=-2.1729571588 nfev=224 t=3393.9s remaining=1780
    iter=221 E=-2.1730191190 nfev=225 t=3412.1s remaining=1779
    iter=222 E=-2.1730631332 nfev=226 t=3427.1s remaining=1778
    iter=223 E=-2.1731303798 nfev=227 t=3443.4s remaining=1777
    iter=224 E=-2.1732183515 nfev=228 t=3460.7s remaining=1776
    iter=225 E=-2.1732786488 nfev=229 t=3479.6s remaining=1775
    iter=226 E=-2.1733387882 nfev=230 t=3493.2s remaining=1774
    iter=227 E=-2.1734008495 nfev=231 t=3511.9s remaining=1773
    iter=228 E=-2.1734787662 nfev=232 t=3528.8s remaining=1772
    iter=229 E=-2.1735368099 nfev=233 t=3548.5s remaining=1771
    iter=230 E=-2.1735930282 nfev=234 t=3568.8s remaining=1770
    iter=231 E=-2.1736513554 nfev=235 t=3584.7s remaining=1769
    iter=232 E=-2.1737046517 nfev=236 t=3597.8s remaining=1768
    iter=233 E=-2.1737594840 nfev=237 t=3612.2s remaining=1767
    iter=234 E=-2.1738205932 nfev=238 t=3624.7s remaining=1766
    iter=235 E=-2.1738903792 nfev=239 t=3634.7s remaining=1765
    iter=236 E=-2.1739560565 nfev=240 t=3649.6s remaining=1764
    iter=237 E=-2.1739966192 nfev=241 t=3666.7s remaining=1763
    iter=238 E=-2.1740422289 nfev=242 t=3681.4s remaining=1762
    iter=239 E=-2.1740993339 nfev=243 t=3697.7s remaining=1761
    iter=240 E=-2.1741617891 nfev=244 t=3717.1s remaining=1760
    iter=241 E=-2.1742248010 nfev=245 t=3732.3s remaining=1759
    iter=242 E=-2.1742825632 nfev=246 t=3747.3s remaining=1758
    iter=243 E=-2.1743277902 nfev=247 t=3765.7s remaining=1757
    iter=244 E=-2.1743724817 nfev=248 t=3784.2s remaining=1756
    iter=245 E=-2.1744245577 nfev=249 t=3802.3s remaining=1755
    iter=246 E=-2.1744860539 nfev=250 t=3821.8s remaining=1754
    iter=247 E=-2.1745436069 nfev=251 t=3837.2s remaining=1753
    iter=248 E=-2.1746028599 nfev=252 t=3851.3s remaining=1752
    iter=249 E=-2.1746564017 nfev=253 t=3866.8s remaining=1751
    iter=250 E=-2.1747023933 nfev=254 t=3879.3s remaining=1750
    iter=251 E=-2.1747458080 nfev=255 t=3894.1s remaining=1749
    iter=252 E=-2.1747819132 nfev=256 t=3908.8s remaining=1748
    iter=253 E=-2.1748228770 nfev=257 t=3926.5s remaining=1747
    iter=254 E=-2.1748771097 nfev=258 t=3938.3s remaining=1746
    iter=255 E=-2.1749310161 nfev=259 t=3958.3s remaining=1745
    iter=256 E=-2.1749845778 nfev=260 t=3973.7s remaining=1744
    iter=257 E=-2.1750430953 nfev=261 t=3990.7s remaining=1743
    iter=258 E=-2.1750902582 nfev=262 t=4006.0s remaining=1742
    iter=259 E=-2.1751300368 nfev=263 t=4025.7s remaining=1741
    iter=260 E=-2.1751752646 nfev=264 t=4040.1s remaining=1740
    iter=261 E=-2.1752233820 nfev=265 t=4055.0s remaining=1739
    iter=262 E=-2.1752719859 nfev=266 t=4070.4s remaining=1738
    iter=263 E=-2.1753267284 nfev=267 t=4090.1s remaining=1737
    iter=264 E=-2.1753965860 nfev=268 t=4108.1s remaining=1736
    iter=265 E=-2.1754521793 nfev=269 t=4122.7s remaining=1735
    iter=266 E=-2.1755001733 nfev=270 t=4135.0s remaining=1734
    iter=267 E=-2.1755385300 nfev=271 t=4151.7s remaining=1733
    iter=268 E=-2.1755731677 nfev=272 t=4162.1s remaining=1732
    iter=269 E=-2.1756138716 nfev=273 t=4177.0s remaining=1731
    iter=270 E=-2.1756580851 nfev=274 t=4194.3s remaining=1730
    iter=271 E=-2.1757012235 nfev=275 t=4214.6s remaining=1729
    iter=272 E=-2.1757515598 nfev=276 t=4231.1s remaining=1728
    iter=273 E=-2.1758032039 nfev=277 t=4246.5s remaining=1727
    iter=274 E=-2.1758471353 nfev=278 t=4258.7s remaining=1726
    iter=275 E=-2.1758954801 nfev=279 t=4271.5s remaining=1725
    iter=276 E=-2.1759556587 nfev=280 t=4284.3s remaining=1724
    iter=277 E=-2.1760215285 nfev=281 t=4301.2s remaining=1723
    iter=278 E=-2.1760880061 nfev=282 t=4316.3s remaining=1722
    iter=279 E=-2.1761322415 nfev=283 t=4340.7s remaining=1721
    iter=280 E=-2.1761655905 nfev=284 t=4359.6s remaining=1720
    iter=281 E=-2.1762009901 nfev=285 t=4375.9s remaining=1719
    iter=282 E=-2.1762473170 nfev=286 t=4393.7s remaining=1718
    iter=283 E=-2.1763087638 nfev=287 t=4409.1s remaining=1717
    iter=284 E=-2.1763718627 nfev=288 t=4425.2s remaining=1716
    iter=285 E=-2.1764167327 nfev=289 t=4441.0s remaining=1715
    iter=286 E=-2.1764573446 nfev=290 t=4456.7s remaining=1714
    iter=287 E=-2.1764979031 nfev=291 t=4471.3s remaining=1713
    iter=288 E=-2.1765372045 nfev=292 t=4485.2s remaining=1712
    iter=289 E=-2.1765820754 nfev=293 t=4500.1s remaining=1711
    iter=290 E=-2.1766344409 nfev=294 t=4509.8s remaining=1710
    iter=291 E=-2.1766881174 nfev=295 t=4524.6s remaining=1709
    iter=292 E=-2.1767384504 nfev=296 t=4539.0s remaining=1708
    iter=293 E=-2.1767698864 nfev=297 t=4552.3s remaining=1707
    iter=294 E=-2.1767995606 nfev=298 t=4567.9s remaining=1706
    iter=295 E=-2.1768325230 nfev=299 t=4585.6s remaining=1705
    iter=296 E=-2.1768658808 nfev=300 t=4599.1s remaining=1704
    iter=297 E=-2.1769022650 nfev=301 t=4614.0s remaining=1703
    iter=298 E=-2.1769378049 nfev=302 t=4634.2s remaining=1702
    iter=299 E=-2.1769718774 nfev=303 t=4649.2s remaining=1701
    iter=300 E=-2.1770072088 nfev=304 t=4662.5s remaining=1700
    iter=301 E=-2.1770453523 nfev=305 t=4679.0s remaining=1699
    iter=302 E=-2.1770799685 nfev=306 t=4693.1s remaining=1698
    iter=303 E=-2.1771175306 nfev=307 t=4708.1s remaining=1697
    iter=304 E=-2.1771459991 nfev=308 t=4722.0s remaining=1696
    iter=305 E=-2.1771671331 nfev=309 t=4738.0s remaining=1695
    iter=306 E=-2.1771928761 nfev=310 t=4751.8s remaining=1694
    iter=307 E=-2.1772251168 nfev=311 t=4767.0s remaining=1693
    iter=308 E=-2.1772587628 nfev=312 t=4782.0s remaining=1692
    iter=309 E=-2.1772816030 nfev=313 t=4792.5s remaining=1691
    iter=310 E=-2.1773035823 nfev=314 t=4811.7s remaining=1690
    iter=311 E=-2.1773269563 nfev=315 t=4828.1s remaining=1689
    iter=312 E=-2.1773568358 nfev=316 t=4846.2s remaining=1688
    iter=313 E=-2.1773868045 nfev=317 t=4861.2s remaining=1687
    iter=314 E=-2.1774190986 nfev=318 t=4873.8s remaining=1686
    iter=315 E=-2.1774475722 nfev=319 t=4887.4s remaining=1685
    iter=316 E=-2.1774646891 nfev=320 t=4905.6s remaining=1684
    iter=317 E=-2.1774807007 nfev=321 t=4916.0s remaining=1683
    iter=318 E=-2.1774950639 nfev=322 t=4934.1s remaining=1682
    iter=319 E=-2.1775114447 nfev=323 t=4951.4s remaining=1681
    iter=320 E=-2.1775298179 nfev=324 t=4969.5s remaining=1680
    iter=321 E=-2.1775525661 nfev=325 t=4981.2s remaining=1679
    iter=322 E=-2.1775772144 nfev=326 t=4999.7s remaining=1678
    iter=323 E=-2.1776024153 nfev=327 t=5010.9s remaining=1677
    iter=324 E=-2.1776215921 nfev=328 t=5028.6s remaining=1676
    iter=325 E=-2.1776442413 nfev=329 t=5045.3s remaining=1675
    iter=326 E=-2.1776712454 nfev=330 t=5062.3s remaining=1674
    iter=327 E=-2.1776895050 nfev=331 t=5079.1s remaining=1673
    iter=328 E=-2.1777100844 nfev=332 t=5096.9s remaining=1672
    iter=329 E=-2.1777364766 nfev=333 t=5115.2s remaining=1671
    iter=330 E=-2.1777637239 nfev=334 t=5130.7s remaining=1670
    iter=331 E=-2.1777856364 nfev=335 t=5145.2s remaining=1669
    iter=332 E=-2.1778081723 nfev=336 t=5162.8s remaining=1668
    iter=333 E=-2.1778306620 nfev=337 t=5176.1s remaining=1667
    iter=334 E=-2.1778495952 nfev=338 t=5193.6s remaining=1666
    iter=335 E=-2.1778651243 nfev=339 t=5210.4s remaining=1665
    iter=336 E=-2.1778837290 nfev=340 t=5227.1s remaining=1664
    iter=337 E=-2.1779014721 nfev=341 t=5243.2s remaining=1663
    iter=338 E=-2.1779212195 nfev=342 t=5259.1s remaining=1662
    iter=339 E=-2.1779469883 nfev=343 t=5275.2s remaining=1661
    iter=340 E=-2.1779694349 nfev=344 t=5292.3s remaining=1660
    iter=341 E=-2.1779936734 nfev=345 t=5308.0s remaining=1659
    iter=342 E=-2.1780155548 nfev=346 t=5319.6s remaining=1658
    iter=343 E=-2.1780320880 nfev=347 t=5332.6s remaining=1657
    iter=344 E=-2.1780483745 nfev=348 t=5348.4s remaining=1656
    iter=345 E=-2.1780716396 nfev=349 t=5362.4s remaining=1655
    iter=346 E=-2.1780952389 nfev=350 t=5379.1s remaining=1654
    iter=347 E=-2.1781217309 nfev=351 t=5389.5s remaining=1653
    iter=348 E=-2.1781502047 nfev=352 t=5405.4s remaining=1652
    iter=349 E=-2.1781782299 nfev=353 t=5424.4s remaining=1651
    iter=350 E=-2.1781992429 nfev=354 t=5439.7s remaining=1650
    iter=351 E=-2.1782160066 nfev=355 t=5454.8s remaining=1649
    iter=352 E=-2.1782307984 nfev=356 t=5473.0s remaining=1648
    iter=353 E=-2.1782441278 nfev=357 t=5490.1s remaining=1647
    iter=354 E=-2.1782550600 nfev=358 t=5504.3s remaining=1646
    iter=355 E=-2.1782666068 nfev=359 t=5522.6s remaining=1645
    iter=356 E=-2.1782804719 nfev=360 t=5544.7s remaining=1644
    iter=357 E=-2.1782961663 nfev=361 t=5558.0s remaining=1643
    iter=358 E=-2.1783195971 nfev=362 t=5574.5s remaining=1642
    iter=359 E=-2.1783468061 nfev=363 t=5586.7s remaining=1641
    iter=360 E=-2.1783646248 nfev=364 t=5604.2s remaining=1640
    iter=361 E=-2.1783814912 nfev=365 t=5620.2s remaining=1639
    iter=362 E=-2.1783992481 nfev=366 t=5634.2s remaining=1638
    iter=363 E=-2.1784169989 nfev=367 t=5648.5s remaining=1637
    iter=364 E=-2.1784323678 nfev=368 t=5664.6s remaining=1636
    iter=365 E=-2.1784457921 nfev=369 t=5677.4s remaining=1635
    iter=366 E=-2.1784580960 nfev=370 t=5692.5s remaining=1634
    iter=367 E=-2.1784729217 nfev=371 t=5711.4s remaining=1633
    iter=368 E=-2.1784894019 nfev=372 t=5730.0s remaining=1632
    iter=369 E=-2.1785069430 nfev=373 t=5744.7s remaining=1631
    iter=370 E=-2.1785186524 nfev=374 t=5755.1s remaining=1630
    iter=371 E=-2.1785272971 nfev=375 t=5770.6s remaining=1629
    iter=372 E=-2.1785360654 nfev=376 t=5788.9s remaining=1628
    iter=373 E=-2.1785467648 nfev=377 t=5805.7s remaining=1627
    iter=374 E=-2.1785592775 nfev=378 t=5823.3s remaining=1626
    iter=375 E=-2.1785726046 nfev=379 t=5836.0s remaining=1625
    iter=376 E=-2.1785848184 nfev=380 t=5846.9s remaining=1624
    iter=377 E=-2.1785973949 nfev=381 t=5861.3s remaining=1623
    iter=378 E=-2.1786082974 nfev=382 t=5877.8s remaining=1622
    iter=379 E=-2.1786160310 nfev=383 t=5895.6s remaining=1621
    iter=380 E=-2.1786232951 nfev=384 t=5909.9s remaining=1620
    iter=381 E=-2.1786307482 nfev=385 t=5930.7s remaining=1619
    iter=382 E=-2.1786379925 nfev=386 t=5944.8s remaining=1618
    iter=383 E=-2.1786456031 nfev=387 t=5959.1s remaining=1617
    iter=384 E=-2.1786549205 nfev=388 t=5976.5s remaining=1616
    iter=385 E=-2.1786655621 nfev=389 t=5993.6s remaining=1615
    iter=386 E=-2.1786748334 nfev=390 t=6008.7s remaining=1614
    iter=387 E=-2.1786845111 nfev=391 t=6023.5s remaining=1613
    iter=388 E=-2.1786943364 nfev=392 t=6037.1s remaining=1612
    iter=389 E=-2.1787033501 nfev=393 t=6052.8s remaining=1611
    iter=390 E=-2.1787107917 nfev=394 t=6067.3s remaining=1610
    iter=391 E=-2.1787179326 nfev=395 t=6082.4s remaining=1609
    iter=392 E=-2.1787262400 nfev=396 t=6093.6s remaining=1608
    iter=393 E=-2.1787364847 nfev=397 t=6109.8s remaining=1607
    iter=394 E=-2.1787463922 nfev=398 t=6125.3s remaining=1606
    iter=395 E=-2.1787546713 nfev=399 t=6141.9s remaining=1605
    iter=396 E=-2.1787609984 nfev=400 t=6154.2s remaining=1604
    iter=397 E=-2.1787663651 nfev=401 t=6171.2s remaining=1603
    iter=398 E=-2.1787718991 nfev=402 t=6188.7s remaining=1602
    iter=399 E=-2.1787777114 nfev=403 t=6206.3s remaining=1601
    iter=400 E=-2.1787833391 nfev=404 t=6217.5s remaining=1600
    iter=401 E=-2.1787892315 nfev=405 t=6234.8s remaining=1599
    iter=402 E=-2.1787961884 nfev=406 t=6248.2s remaining=1598
    iter=403 E=-2.1788041192 nfev=407 t=6266.8s remaining=1597
    iter=404 E=-2.1788118954 nfev=408 t=6281.3s remaining=1596
    iter=405 E=-2.1788202594 nfev=409 t=6296.3s remaining=1595
    iter=406 E=-2.1788291798 nfev=410 t=6306.8s remaining=1594
    iter=407 E=-2.1788378602 nfev=411 t=6322.8s remaining=1593
    iter=408 E=-2.1788452482 nfev=412 t=6334.5s remaining=1592
    iter=409 E=-2.1788508187 nfev=413 t=6346.7s remaining=1591
    iter=410 E=-2.1788547610 nfev=414 t=6353.5s remaining=1590
    iter=411 E=-2.1788583430 nfev=415 t=6368.0s remaining=1589
    iter=412 E=-2.1788628380 nfev=416 t=6379.9s remaining=1588
    iter=413 E=-2.1788689150 nfev=417 t=6393.4s remaining=1587
    iter=414 E=-2.1788759768 nfev=418 t=6407.3s remaining=1586
    iter=415 E=-2.1788835790 nfev=419 t=6424.9s remaining=1585
    iter=416 E=-2.1788910488 nfev=420 t=6442.0s remaining=1584
    iter=417 E=-2.1788987688 nfev=421 t=6461.0s remaining=1583
    iter=418 E=-2.1789069045 nfev=422 t=6476.7s remaining=1582
    iter=419 E=-2.1789156723 nfev=423 t=6491.2s remaining=1581
    iter=420 E=-2.1789219694 nfev=424 t=6503.9s remaining=1580
    iter=421 E=-2.1789273959 nfev=425 t=6524.2s remaining=1579
    iter=422 E=-2.1789333504 nfev=426 t=6541.0s remaining=1578
    iter=423 E=-2.1789412895 nfev=427 t=6556.4s remaining=1577
    iter=424 E=-2.1789499172 nfev=428 t=6570.0s remaining=1576
    iter=425 E=-2.1789563078 nfev=429 t=6589.3s remaining=1575
    iter=426 E=-2.1789616787 nfev=430 t=6607.3s remaining=1574
    iter=427 E=-2.1789672466 nfev=431 t=6624.7s remaining=1573
    iter=428 E=-2.1789742896 nfev=432 t=6634.8s remaining=1572
    iter=429 E=-2.1789824381 nfev=433 t=6650.5s remaining=1571
    iter=430 E=-2.1789909066 nfev=434 t=6664.9s remaining=1570
    iter=431 E=-2.1790000390 nfev=435 t=6684.7s remaining=1569
    iter=432 E=-2.1790100966 nfev=436 t=6700.1s remaining=1568
    iter=433 E=-2.1790188713 nfev=437 t=6719.1s remaining=1567
    iter=434 E=-2.1790250062 nfev=438 t=6740.1s remaining=1566
    iter=435 E=-2.1790299871 nfev=439 t=6757.9s remaining=1565
    iter=436 E=-2.1790344754 nfev=440 t=6771.6s remaining=1564
    iter=437 E=-2.1790394943 nfev=441 t=6787.6s remaining=1563
    iter=438 E=-2.1790461572 nfev=442 t=6802.4s remaining=1562
    iter=439 E=-2.1790543898 nfev=443 t=6819.8s remaining=1561
    iter=440 E=-2.1790628227 nfev=444 t=6836.1s remaining=1560
    iter=441 E=-2.1790698881 nfev=445 t=6851.7s remaining=1559
    iter=442 E=-2.1790762561 nfev=446 t=6867.4s remaining=1558
    iter=443 E=-2.1790812083 nfev=447 t=6881.2s remaining=1557
    iter=444 E=-2.1790853383 nfev=448 t=6895.9s remaining=1556
    iter=445 E=-2.1790888447 nfev=449 t=6908.9s remaining=1555
    iter=446 E=-2.1790925486 nfev=450 t=6926.5s remaining=1554
    iter=447 E=-2.1790963586 nfev=451 t=6942.1s remaining=1553
    iter=448 E=-2.1791018785 nfev=452 t=6959.7s remaining=1552
    iter=449 E=-2.1791080748 nfev=453 t=6970.1s remaining=1551
    iter=450 E=-2.1791138377 nfev=454 t=6985.8s remaining=1550
    iter=451 E=-2.1791193952 nfev=455 t=7002.9s remaining=1549
    iter=452 E=-2.1791246715 nfev=456 t=7017.0s remaining=1548
    iter=453 E=-2.1791294029 nfev=457 t=7031.2s remaining=1547
    iter=454 E=-2.1791337166 nfev=458 t=7047.4s remaining=1546
    iter=455 E=-2.1791382315 nfev=459 t=7065.0s remaining=1545
    iter=456 E=-2.1791438615 nfev=460 t=7081.8s remaining=1544
    iter=457 E=-2.1791490183 nfev=461 t=7095.1s remaining=1543
    iter=458 E=-2.1791546779 nfev=462 t=7109.0s remaining=1542
    iter=459 E=-2.1791600891 nfev=463 t=7128.4s remaining=1541
    iter=460 E=-2.1791642493 nfev=464 t=7145.8s remaining=1540
    iter=461 E=-2.1791669952 nfev=465 t=7161.6s remaining=1539
    iter=462 E=-2.1791707367 nfev=466 t=7177.2s remaining=1538
    iter=463 E=-2.1791744725 nfev=467 t=7194.9s remaining=1537
    iter=464 E=-2.1791781109 nfev=468 t=7207.3s remaining=1536
    iter=465 E=-2.1791828423 nfev=469 t=7224.0s remaining=1535
    iter=466 E=-2.1791883913 nfev=470 t=7239.9s remaining=1534
    iter=467 E=-2.1791947416 nfev=471 t=7252.7s remaining=1533
    iter=468 E=-2.1792007786 nfev=472 t=7271.6s remaining=1532
    iter=469 E=-2.1792063699 nfev=473 t=7288.7s remaining=1531
    iter=470 E=-2.1792117249 nfev=474 t=7304.2s remaining=1530
    iter=471 E=-2.1792163402 nfev=475 t=7321.5s remaining=1529
    iter=472 E=-2.1792200061 nfev=476 t=7335.0s remaining=1528
    iter=473 E=-2.1792232455 nfev=477 t=7352.8s remaining=1527
    iter=474 E=-2.1792271063 nfev=478 t=7369.2s remaining=1526
    iter=475 E=-2.1792313355 nfev=479 t=7385.5s remaining=1525
    iter=476 E=-2.1792367718 nfev=480 t=7403.8s remaining=1524
    iter=477 E=-2.1792435776 nfev=481 t=7418.1s remaining=1523
    iter=478 E=-2.1792510640 nfev=482 t=7429.7s remaining=1522
    iter=479 E=-2.1792569660 nfev=483 t=7452.1s remaining=1521
    iter=480 E=-2.1792608828 nfev=484 t=7463.2s remaining=1520
    iter=481 E=-2.1792638720 nfev=485 t=7478.0s remaining=1519
    iter=482 E=-2.1792669473 nfev=486 t=7493.7s remaining=1518
    iter=483 E=-2.1792706054 nfev=487 t=7514.4s remaining=1517
    iter=484 E=-2.1792757398 nfev=488 t=7529.5s remaining=1516
    iter=485 E=-2.1792822625 nfev=489 t=7545.0s remaining=1515
    iter=486 E=-2.1792892418 nfev=490 t=7560.9s remaining=1514
    iter=487 E=-2.1792951942 nfev=491 t=7571.2s remaining=1513
    iter=488 E=-2.1792993163 nfev=492 t=7583.7s remaining=1512
    iter=489 E=-2.1793029389 nfev=493 t=7597.6s remaining=1511
    iter=490 E=-2.1793073695 nfev=494 t=7613.4s remaining=1510
    iter=491 E=-2.1793115194 nfev=495 t=7631.3s remaining=1509
    iter=492 E=-2.1793161251 nfev=496 t=7647.5s remaining=1508
    iter=493 E=-2.1793213999 nfev=497 t=7663.0s remaining=1507
    iter=494 E=-2.1793274156 nfev=498 t=7675.2s remaining=1506
    iter=495 E=-2.1793327361 nfev=499 t=7691.6s remaining=1505
    iter=496 E=-2.1793372094 nfev=500 t=7706.2s remaining=1504
    iter=497 E=-2.1793413720 nfev=501 t=7720.8s remaining=1503
    iter=498 E=-2.1793460429 nfev=502 t=7734.2s remaining=1502
    iter=499 E=-2.1793508725 nfev=503 t=7743.2s remaining=1501
    iter=500 E=-2.1793562593 nfev=504 t=7758.5s remaining=1500
    iter=501 E=-2.1793604058 nfev=505 t=7774.7s remaining=1499
    iter=502 E=-2.1793640902 nfev=506 t=7790.7s remaining=1498
    iter=503 E=-2.1793693515 nfev=507 t=7802.2s remaining=1497
    iter=504 E=-2.1793753926 nfev=508 t=7819.0s remaining=1496
    iter=505 E=-2.1793804937 nfev=509 t=7834.2s remaining=1495
    iter=506 E=-2.1793861795 nfev=510 t=7854.8s remaining=1494
    iter=507 E=-2.1793923194 nfev=511 t=7867.8s remaining=1493
    iter=508 E=-2.1793970592 nfev=512 t=7881.7s remaining=1492
    iter=509 E=-2.1794019107 nfev=513 t=7893.0s remaining=1491
    iter=510 E=-2.1794063744 nfev=514 t=7903.3s remaining=1490
    iter=511 E=-2.1794104501 nfev=515 t=7921.0s remaining=1489
    iter=512 E=-2.1794138866 nfev=516 t=7931.4s remaining=1488
    iter=513 E=-2.1794176525 nfev=517 t=7946.5s remaining=1487
    iter=514 E=-2.1794212110 nfev=518 t=7960.4s remaining=1486
    iter=515 E=-2.1794247579 nfev=519 t=7972.4s remaining=1485
    iter=516 E=-2.1794287360 nfev=520 t=7985.8s remaining=1484
    iter=517 E=-2.1794332361 nfev=521 t=8001.0s remaining=1483
    iter=518 E=-2.1794382280 nfev=522 t=8015.8s remaining=1482
    iter=519 E=-2.1794441549 nfev=523 t=8031.8s remaining=1481
    iter=520 E=-2.1794502499 nfev=524 t=8048.7s remaining=1480
    iter=521 E=-2.1794559536 nfev=525 t=8064.1s remaining=1479
    iter=522 E=-2.1794605970 nfev=526 t=8078.9s remaining=1478
    iter=523 E=-2.1794641435 nfev=527 t=8096.3s remaining=1477
    iter=524 E=-2.1794676682 nfev=528 t=8113.1s remaining=1476
    iter=525 E=-2.1794714259 nfev=529 t=8127.4s remaining=1475
    iter=526 E=-2.1794747599 nfev=530 t=8142.7s remaining=1474
    iter=527 E=-2.1794779668 nfev=531 t=8156.9s remaining=1473
    iter=528 E=-2.1794817247 nfev=532 t=8173.4s remaining=1472
    iter=529 E=-2.1794860765 nfev=533 t=8194.2s remaining=1471
    iter=530 E=-2.1794904804 nfev=534 t=8212.4s remaining=1470
    iter=531 E=-2.1794946296 nfev=535 t=8229.9s remaining=1469
    iter=532 E=-2.1794984227 nfev=536 t=8243.0s remaining=1468
    iter=533 E=-2.1795023818 nfev=537 t=8255.5s remaining=1467
    iter=534 E=-2.1795072189 nfev=538 t=8270.4s remaining=1466
    iter=535 E=-2.1795121300 nfev=539 t=8285.6s remaining=1465
    iter=536 E=-2.1795164863 nfev=540 t=8303.2s remaining=1464
    iter=537 E=-2.1795202931 nfev=541 t=8320.7s remaining=1463
    iter=538 E=-2.1795239307 nfev=542 t=8338.3s remaining=1462
    iter=539 E=-2.1795274093 nfev=543 t=8348.7s remaining=1461
    iter=540 E=-2.1795308867 nfev=544 t=8366.8s remaining=1460
    iter=541 E=-2.1795354956 nfev=545 t=8387.5s remaining=1459
    iter=542 E=-2.1795409122 nfev=546 t=8405.4s remaining=1458
    iter=543 E=-2.1795462523 nfev=547 t=8424.4s remaining=1457
    iter=544 E=-2.1795514061 nfev=548 t=8439.8s remaining=1456
    iter=545 E=-2.1795562096 nfev=549 t=8449.4s remaining=1455
    iter=546 E=-2.1795606414 nfev=550 t=8468.6s remaining=1454
    iter=547 E=-2.1795647107 nfev=551 t=8488.1s remaining=1453
    iter=548 E=-2.1795677642 nfev=552 t=8503.4s remaining=1452
    iter=549 E=-2.1795704908 nfev=553 t=8521.6s remaining=1451
    iter=550 E=-2.1795733218 nfev=554 t=8540.6s remaining=1450
    iter=551 E=-2.1795764693 nfev=555 t=8559.9s remaining=1449
    iter=552 E=-2.1795801503 nfev=556 t=8573.0s remaining=1448
    iter=553 E=-2.1795840765 nfev=557 t=8586.0s remaining=1447
    iter=554 E=-2.1795876623 nfev=558 t=8603.5s remaining=1446
    iter=555 E=-2.1795918148 nfev=559 t=8621.6s remaining=1445
    iter=556 E=-2.1795962892 nfev=560 t=8639.0s remaining=1444
    iter=557 E=-2.1796000341 nfev=561 t=8651.3s remaining=1443
    iter=558 E=-2.1796025987 nfev=562 t=8663.1s remaining=1442
    iter=559 E=-2.1796051834 nfev=563 t=8680.4s remaining=1441
    iter=560 E=-2.1796083552 nfev=564 t=8693.0s remaining=1440
    iter=561 E=-2.1796117138 nfev=565 t=8707.9s remaining=1439
    iter=562 E=-2.1796153520 nfev=566 t=8725.4s remaining=1438
    iter=563 E=-2.1796185689 nfev=567 t=8739.8s remaining=1437
    iter=564 E=-2.1796210289 nfev=568 t=8756.2s remaining=1436
    iter=565 E=-2.1796231750 nfev=569 t=8771.5s remaining=1435
    iter=566 E=-2.1796257006 nfev=570 t=8785.3s remaining=1434
    iter=567 E=-2.1796292042 nfev=571 t=8799.3s remaining=1433
    iter=568 E=-2.1796333414 nfev=572 t=8817.8s remaining=1432
    iter=569 E=-2.1796373210 nfev=573 t=8835.8s remaining=1431
    iter=570 E=-2.1796403760 nfev=574 t=8851.9s remaining=1430
    iter=571 E=-2.1796429092 nfev=575 t=8868.2s remaining=1429
    iter=572 E=-2.1796451623 nfev=576 t=8886.4s remaining=1428
    iter=573 E=-2.1796472768 nfev=577 t=8901.2s remaining=1427
    iter=574 E=-2.1796493288 nfev=578 t=8917.8s remaining=1426
    iter=575 E=-2.1796518966 nfev=579 t=8933.1s remaining=1425
    iter=576 E=-2.1796544097 nfev=580 t=8949.5s remaining=1424
    iter=577 E=-2.1796566662 nfev=581 t=8962.6s remaining=1423
    iter=578 E=-2.1796595137 nfev=582 t=8974.5s remaining=1422
    iter=579 E=-2.1796628423 nfev=583 t=8989.9s remaining=1421
    iter=580 E=-2.1796650231 nfev=584 t=9004.4s remaining=1420
    iter=581 E=-2.1796673261 nfev=585 t=9018.2s remaining=1419
    iter=582 E=-2.1796698359 nfev=586 t=9033.9s remaining=1418
    iter=583 E=-2.1796730069 nfev=587 t=9051.2s remaining=1417
    iter=584 E=-2.1796766560 nfev=588 t=9067.9s remaining=1416
    iter=585 E=-2.1796800711 nfev=589 t=9085.2s remaining=1415
    iter=586 E=-2.1796827694 nfev=590 t=9100.3s remaining=1414
    iter=587 E=-2.1796848887 nfev=591 t=9114.3s remaining=1413
    iter=588 E=-2.1796867108 nfev=592 t=9134.4s remaining=1412
    iter=589 E=-2.1796883711 nfev=593 t=9148.7s remaining=1411
    iter=590 E=-2.1796899856 nfev=594 t=9157.3s remaining=1410
    iter=591 E=-2.1796922818 nfev=595 t=9166.5s remaining=1409
    iter=592 E=-2.1796950623 nfev=596 t=9178.5s remaining=1408
    iter=593 E=-2.1796976959 nfev=597 t=9193.2s remaining=1407
    iter=594 E=-2.1796996707 nfev=598 t=9209.3s remaining=1406
    iter=595 E=-2.1797015927 nfev=599 t=9223.5s remaining=1405
    iter=596 E=-2.1797035264 nfev=600 t=9241.1s remaining=1404
    iter=597 E=-2.1797060913 nfev=601 t=9255.5s remaining=1403
    iter=598 E=-2.1797086370 nfev=602 t=9270.1s remaining=1402
    iter=599 E=-2.1797111779 nfev=603 t=9284.5s remaining=1401
    iter=600 E=-2.1797134161 nfev=604 t=9299.5s remaining=1400
    iter=601 E=-2.1797155634 nfev=605 t=9315.2s remaining=1399
    iter=602 E=-2.1797178051 nfev=606 t=9329.1s remaining=1398
    iter=603 E=-2.1797203535 nfev=607 t=9348.7s remaining=1397
    iter=604 E=-2.1797231150 nfev=608 t=9364.9s remaining=1396
    iter=605 E=-2.1797263646 nfev=609 t=9385.1s remaining=1395
    iter=606 E=-2.1797291889 nfev=610 t=9400.5s remaining=1394
    iter=607 E=-2.1797318295 nfev=611 t=9412.3s remaining=1393
    iter=608 E=-2.1797341894 nfev=612 t=9426.4s remaining=1392
    iter=609 E=-2.1797360155 nfev=613 t=9439.0s remaining=1391
    iter=610 E=-2.1797372670 nfev=614 t=9453.7s remaining=1390
    iter=611 E=-2.1797387440 nfev=615 t=9467.1s remaining=1389
    iter=612 E=-2.1797405983 nfev=616 t=9482.8s remaining=1388
    iter=613 E=-2.1797428885 nfev=617 t=9498.4s remaining=1387
    iter=614 E=-2.1797457596 nfev=618 t=9513.7s remaining=1386
    iter=615 E=-2.1797488033 nfev=619 t=9531.4s remaining=1385
    iter=616 E=-2.1797516204 nfev=620 t=9550.6s remaining=1384
    iter=617 E=-2.1797542867 nfev=621 t=9569.9s remaining=1383
    iter=618 E=-2.1797571003 nfev=622 t=9586.3s remaining=1382
    iter=619 E=-2.1797601264 nfev=623 t=9606.6s remaining=1381
    iter=620 E=-2.1797630777 nfev=624 t=9623.1s remaining=1380
    iter=621 E=-2.1797653780 nfev=625 t=9636.7s remaining=1379
    iter=622 E=-2.1797670405 nfev=626 t=9654.8s remaining=1378
    iter=623 E=-2.1797686965 nfev=627 t=9672.4s remaining=1377
    iter=624 E=-2.1797707654 nfev=628 t=9688.6s remaining=1376
    iter=625 E=-2.1797723486 nfev=629 t=9706.4s remaining=1375
    iter=626 E=-2.1797744315 nfev=630 t=9724.9s remaining=1374
    iter=627 E=-2.1797765107 nfev=631 t=9743.4s remaining=1373
    iter=628 E=-2.1797788810 nfev=632 t=9759.6s remaining=1372
    iter=629 E=-2.1797813880 nfev=633 t=9776.7s remaining=1371
    iter=630 E=-2.1797836352 nfev=634 t=9793.4s remaining=1370
    iter=631 E=-2.1797855398 nfev=635 t=9811.2s remaining=1369
    iter=632 E=-2.1797870698 nfev=636 t=9826.9s remaining=1368
    iter=633 E=-2.1797884881 nfev=637 t=9842.3s remaining=1367
    iter=634 E=-2.1797901154 nfev=638 t=9856.4s remaining=1366
    iter=635 E=-2.1797922737 nfev=639 t=9872.1s remaining=1365
    iter=636 E=-2.1797948861 nfev=640 t=9890.7s remaining=1364
    iter=637 E=-2.1797976876 nfev=641 t=9905.0s remaining=1363
    iter=638 E=-2.1798002205 nfev=642 t=9920.7s remaining=1362
    iter=639 E=-2.1798023986 nfev=643 t=9938.7s remaining=1361
    iter=640 E=-2.1798044025 nfev=644 t=9955.0s remaining=1360
    iter=641 E=-2.1798062496 nfev=645 t=9974.4s remaining=1359
    iter=642 E=-2.1798078096 nfev=646 t=9984.6s remaining=1358
    iter=643 E=-2.1798091865 nfev=647 t=10004.3s remaining=1357
    iter=644 E=-2.1798106115 nfev=648 t=10022.7s remaining=1356
    iter=645 E=-2.1798120602 nfev=649 t=10041.4s remaining=1355
    iter=646 E=-2.1798133068 nfev=650 t=10054.8s remaining=1354
    iter=647 E=-2.1798149900 nfev=651 t=10071.9s remaining=1353
    iter=648 E=-2.1798171681 nfev=652 t=10091.3s remaining=1352
    iter=649 E=-2.1798189434 nfev=653 t=10101.0s remaining=1351
    iter=650 E=-2.1798206850 nfev=654 t=10115.5s remaining=1350
    iter=651 E=-2.1798226381 nfev=655 t=10128.7s remaining=1349
    iter=652 E=-2.1798248935 nfev=656 t=10143.3s remaining=1348
    iter=653 E=-2.1798266826 nfev=657 t=10156.9s remaining=1347
    iter=654 E=-2.1798282065 nfev=658 t=10171.8s remaining=1346
    iter=655 E=-2.1798294817 nfev=659 t=10184.5s remaining=1345
    iter=656 E=-2.1798305972 nfev=660 t=10197.9s remaining=1344
    iter=657 E=-2.1798314316 nfev=661 t=10217.1s remaining=1343
    iter=658 E=-2.1798325038 nfev=662 t=10230.2s remaining=1342
    iter=659 E=-2.1798340335 nfev=663 t=10246.1s remaining=1341
    iter=660 E=-2.1798357614 nfev=664 t=10261.4s remaining=1340
    iter=661 E=-2.1798379975 nfev=665 t=10278.5s remaining=1339
    iter=662 E=-2.1798400421 nfev=666 t=10295.7s remaining=1338
    iter=663 E=-2.1798416517 nfev=667 t=10311.6s remaining=1337
    iter=664 E=-2.1798429224 nfev=668 t=10330.3s remaining=1336
    iter=665 E=-2.1798441404 nfev=669 t=10343.1s remaining=1335
    iter=666 E=-2.1798454785 nfev=670 t=10357.2s remaining=1334
    iter=667 E=-2.1798468871 nfev=671 t=10372.5s remaining=1333
    iter=668 E=-2.1798483279 nfev=672 t=10389.3s remaining=1332
    iter=669 E=-2.1798496373 nfev=673 t=10407.0s remaining=1331
    iter=670 E=-2.1798510455 nfev=674 t=10429.0s remaining=1330
    iter=671 E=-2.1798527054 nfev=675 t=10442.2s remaining=1329
    iter=672 E=-2.1798544140 nfev=676 t=10459.4s remaining=1328
    iter=673 E=-2.1798560790 nfev=677 t=10472.1s remaining=1327
    iter=674 E=-2.1798575710 nfev=678 t=10487.5s remaining=1326
    iter=675 E=-2.1798587567 nfev=679 t=10497.5s remaining=1325
    iter=676 E=-2.1798597085 nfev=680 t=10509.6s remaining=1324
    iter=677 E=-2.1798606181 nfev=681 t=10526.3s remaining=1323
    iter=678 E=-2.1798615629 nfev=682 t=10546.0s remaining=1322
    iter=679 E=-2.1798627116 nfev=683 t=10565.3s remaining=1321
    iter=680 E=-2.1798642057 nfev=684 t=10579.5s remaining=1320
    iter=681 E=-2.1798659155 nfev=685 t=10598.2s remaining=1319
    iter=682 E=-2.1798673470 nfev=686 t=10619.8s remaining=1318
    iter=683 E=-2.1798684192 nfev=687 t=10634.8s remaining=1317
    iter=684 E=-2.1798693002 nfev=688 t=10650.7s remaining=1316
    iter=685 E=-2.1798703374 nfev=689 t=10665.1s remaining=1315
    iter=686 E=-2.1798715671 nfev=690 t=10678.9s remaining=1314
    iter=687 E=-2.1798727951 nfev=691 t=10695.9s remaining=1313
    iter=688 E=-2.1798740426 nfev=692 t=10707.5s remaining=1312
    iter=689 E=-2.1798752664 nfev=693 t=10718.9s remaining=1311
    iter=690 E=-2.1798764470 nfev=694 t=10731.5s remaining=1310
    iter=691 E=-2.1798776386 nfev=695 t=10750.9s remaining=1309
    iter=692 E=-2.1798788969 nfev=696 t=10769.4s remaining=1308
    iter=693 E=-2.1798802251 nfev=697 t=10783.6s remaining=1307
    iter=694 E=-2.1798815203 nfev=698 t=10800.6s remaining=1306
    iter=695 E=-2.1798827052 nfev=699 t=10816.3s remaining=1305
    iter=696 E=-2.1798839664 nfev=700 t=10834.8s remaining=1304
    iter=697 E=-2.1798855492 nfev=701 t=10850.8s remaining=1303
    iter=698 E=-2.1798873417 nfev=702 t=10866.4s remaining=1302
    iter=699 E=-2.1798889684 nfev=703 t=10880.8s remaining=1301
    iter=700 E=-2.1798903961 nfev=704 t=10898.5s remaining=1300
    iter=701 E=-2.1798916888 nfev=705 t=10906.0s remaining=1299
    iter=702 E=-2.1798928969 nfev=706 t=10917.5s remaining=1298
    iter=703 E=-2.1798940818 nfev=707 t=10931.5s remaining=1297
    iter=704 E=-2.1798953341 nfev=708 t=10948.3s remaining=1296
    iter=705 E=-2.1798967337 nfev=709 t=10959.6s remaining=1295
    iter=706 E=-2.1798981695 nfev=710 t=10978.9s remaining=1294
    iter=707 E=-2.1799000611 nfev=711 t=10997.5s remaining=1293
    iter=708 E=-2.1799019304 nfev=712 t=11012.5s remaining=1292
    iter=709 E=-2.1799034407 nfev=713 t=11030.5s remaining=1291
    iter=710 E=-2.1799045685 nfev=714 t=11045.7s remaining=1290
    iter=711 E=-2.1799055196 nfev=715 t=11058.1s remaining=1289
    iter=712 E=-2.1799065265 nfev=716 t=11073.3s remaining=1288
    iter=713 E=-2.1799076402 nfev=717 t=11083.9s remaining=1287
    iter=714 E=-2.1799089668 nfev=718 t=11100.8s remaining=1286
    iter=715 E=-2.1799102816 nfev=719 t=11120.4s remaining=1285
    iter=716 E=-2.1799114447 nfev=720 t=11132.0s remaining=1284
    iter=717 E=-2.1799125410 nfev=721 t=11146.3s remaining=1283
    iter=718 E=-2.1799134704 nfev=722 t=11165.2s remaining=1282
    iter=719 E=-2.1799143264 nfev=723 t=11174.7s remaining=1281
    iter=720 E=-2.1799151305 nfev=724 t=11189.6s remaining=1280
    iter=721 E=-2.1799159782 nfev=725 t=11203.8s remaining=1279
    iter=722 E=-2.1799168038 nfev=726 t=11220.1s remaining=1278
    iter=723 E=-2.1799180667 nfev=727 t=11235.7s remaining=1277
    iter=724 E=-2.1799199261 nfev=728 t=11253.6s remaining=1276
    iter=725 E=-2.1799220342 nfev=729 t=11271.7s remaining=1275
    iter=726 E=-2.1799238699 nfev=730 t=11290.0s remaining=1274
    iter=727 E=-2.1799253143 nfev=731 t=11308.8s remaining=1273
    iter=728 E=-2.1799262476 nfev=732 t=11323.7s remaining=1272
    iter=729 E=-2.1799270031 nfev=733 t=11338.8s remaining=1271
    iter=730 E=-2.1799277267 nfev=734 t=11353.6s remaining=1270
    iter=731 E=-2.1799285889 nfev=735 t=11369.1s remaining=1269
    iter=732 E=-2.1799293077 nfev=736 t=11387.2s remaining=1268
    iter=733 E=-2.1799303640 nfev=737 t=11400.9s remaining=1267
    iter=734 E=-2.1799318828 nfev=738 t=11420.4s remaining=1266
    iter=735 E=-2.1799335361 nfev=739 t=11435.2s remaining=1265
    iter=736 E=-2.1799348707 nfev=740 t=11452.4s remaining=1264
    iter=737 E=-2.1799361957 nfev=741 t=11465.6s remaining=1263
    iter=738 E=-2.1799375055 nfev=742 t=11479.9s remaining=1262
    iter=739 E=-2.1799384580 nfev=743 t=11492.5s remaining=1261
    iter=740 E=-2.1799391880 nfev=744 t=11510.0s remaining=1260
    iter=741 E=-2.1799398431 nfev=745 t=11524.5s remaining=1259
    iter=742 E=-2.1799405487 nfev=746 t=11540.5s remaining=1258
    iter=743 E=-2.1799415069 nfev=747 t=11555.7s remaining=1257
    iter=744 E=-2.1799425954 nfev=748 t=11571.6s remaining=1256
    iter=745 E=-2.1799437129 nfev=749 t=11590.1s remaining=1255
    iter=746 E=-2.1799450662 nfev=750 t=11605.0s remaining=1254
    iter=747 E=-2.1799469990 nfev=751 t=11620.2s remaining=1253
    iter=748 E=-2.1799492444 nfev=752 t=11637.8s remaining=1252
    iter=749 E=-2.1799504229 nfev=753 t=11653.4s remaining=1251
    iter=750 E=-2.1799520459 nfev=754 t=11668.7s remaining=1250
    iter=751 E=-2.1799534320 nfev=755 t=11682.1s remaining=1249
    iter=752 E=-2.1799546504 nfev=756 t=11698.4s remaining=1248
    iter=753 E=-2.1799563175 nfev=757 t=11717.7s remaining=1247
    iter=754 E=-2.1799578470 nfev=758 t=11735.3s remaining=1246
    iter=755 E=-2.1799588306 nfev=759 t=11752.0s remaining=1245
    iter=756 E=-2.1799596525 nfev=760 t=11766.4s remaining=1244
    iter=757 E=-2.1799604594 nfev=761 t=11786.4s remaining=1243
    iter=758 E=-2.1799613361 nfev=762 t=11803.8s remaining=1242
    iter=759 E=-2.1799622730 nfev=763 t=11819.5s remaining=1241
    iter=760 E=-2.1799636336 nfev=764 t=11834.4s remaining=1240
    iter=761 E=-2.1799655679 nfev=765 t=11845.2s remaining=1239
    iter=762 E=-2.1799678595 nfev=766 t=11856.6s remaining=1238
    iter=763 E=-2.1799699177 nfev=767 t=11869.7s remaining=1237
    iter=764 E=-2.1799713491 nfev=768 t=11881.7s remaining=1236
    iter=765 E=-2.1799722223 nfev=769 t=11896.8s remaining=1235
    iter=766 E=-2.1799728925 nfev=770 t=11914.6s remaining=1234
    iter=767 E=-2.1799735769 nfev=771 t=11929.0s remaining=1233
    iter=768 E=-2.1799741223 nfev=772 t=11944.4s remaining=1232
    iter=769 E=-2.1799746128 nfev=773 t=11957.2s remaining=1231
    iter=770 E=-2.1799752379 nfev=774 t=11971.3s remaining=1230
    iter=771 E=-2.1799761451 nfev=775 t=11988.7s remaining=1229
    iter=772 E=-2.1799773137 nfev=776 t=12002.8s remaining=1228
    iter=773 E=-2.1799787272 nfev=777 t=12016.1s remaining=1227
    iter=774 E=-2.1799803811 nfev=778 t=12025.4s remaining=1226
    iter=775 E=-2.1799817846 nfev=779 t=12045.6s remaining=1225
    iter=776 E=-2.1799827121 nfev=780 t=12061.1s remaining=1224
    iter=777 E=-2.1799834227 nfev=781 t=12080.8s remaining=1223
    iter=778 E=-2.1799840426 nfev=782 t=12099.1s remaining=1222
    iter=779 E=-2.1799846193 nfev=783 t=12116.2s remaining=1221
    iter=780 E=-2.1799854226 nfev=784 t=12129.2s remaining=1220
    iter=781 E=-2.1799865661 nfev=785 t=12145.0s remaining=1219
    iter=782 E=-2.1799879499 nfev=786 t=12156.8s remaining=1218
    iter=783 E=-2.1799890810 nfev=787 t=12172.0s remaining=1217
    iter=784 E=-2.1799901221 nfev=788 t=12188.3s remaining=1216
    iter=785 E=-2.1799912578 nfev=789 t=12203.5s remaining=1215
    iter=786 E=-2.1799924006 nfev=790 t=12218.0s remaining=1214
    iter=787 E=-2.1799931921 nfev=791 t=12235.4s remaining=1213
    iter=788 E=-2.1799937528 nfev=792 t=12249.4s remaining=1212
    iter=789 E=-2.1799942592 nfev=793 t=12262.8s remaining=1211
    iter=790 E=-2.1799948960 nfev=794 t=12276.4s remaining=1210
    iter=791 E=-2.1799957402 nfev=795 t=12291.6s remaining=1209
    iter=792 E=-2.1799966763 nfev=796 t=12312.0s remaining=1208
    iter=793 E=-2.1799979264 nfev=797 t=12330.5s remaining=1207
    iter=794 E=-2.1799996302 nfev=798 t=12344.6s remaining=1206
    iter=795 E=-2.1800014491 nfev=799 t=12361.9s remaining=1205
    iter=796 E=-2.1800027396 nfev=800 t=12367.5s remaining=1204
    iter=797 E=-2.1800033485 nfev=801 t=12381.3s remaining=1203
    iter=798 E=-2.1800039424 nfev=802 t=12397.8s remaining=1202
    iter=799 E=-2.1800043982 nfev=803 t=12416.5s remaining=1201
    iter=800 E=-2.1800049992 nfev=804 t=12434.6s remaining=1200
    iter=801 E=-2.1800056054 nfev=805 t=12452.7s remaining=1199
    iter=802 E=-2.1800060415 nfev=806 t=12472.6s remaining=1198
    iter=803 E=-2.1800065036 nfev=807 t=12492.1s remaining=1197
    iter=804 E=-2.1800071090 nfev=808 t=12512.4s remaining=1196
    iter=805 E=-2.1800079117 nfev=809 t=12531.0s remaining=1195
    iter=806 E=-2.1800091523 nfev=810 t=12547.7s remaining=1194
    iter=807 E=-2.1800109196 nfev=811 t=12565.9s remaining=1193
    iter=808 E=-2.1800124808 nfev=812 t=12581.6s remaining=1192
    iter=809 E=-2.1800134590 nfev=813 t=12592.7s remaining=1191
    iter=810 E=-2.1800141947 nfev=814 t=12605.1s remaining=1190
    iter=811 E=-2.1800147192 nfev=815 t=12618.3s remaining=1189
    iter=812 E=-2.1800151614 nfev=816 t=12634.7s remaining=1188
    iter=813 E=-2.1800158220 nfev=817 t=12646.6s remaining=1187
    iter=814 E=-2.1800167690 nfev=818 t=12661.6s remaining=1186
    iter=815 E=-2.1800179403 nfev=819 t=12678.7s remaining=1185
    iter=816 E=-2.1800195307 nfev=820 t=12693.8s remaining=1184
    iter=817 E=-2.1800213021 nfev=821 t=12705.0s remaining=1183
    iter=818 E=-2.1800228204 nfev=822 t=12722.7s remaining=1182
    iter=819 E=-2.1800239568 nfev=823 t=12742.6s remaining=1181
    iter=820 E=-2.1800249551 nfev=824 t=12755.7s remaining=1180
    iter=821 E=-2.1800256398 nfev=825 t=12765.4s remaining=1179
    iter=822 E=-2.1800261739 nfev=826 t=12779.7s remaining=1178
    iter=823 E=-2.1800265663 nfev=827 t=12796.7s remaining=1177
    iter=824 E=-2.1800269485 nfev=828 t=12810.1s remaining=1176
    iter=825 E=-2.1800274008 nfev=829 t=12824.5s remaining=1175
    iter=826 E=-2.1800279522 nfev=830 t=12841.4s remaining=1174
    iter=827 E=-2.1800284750 nfev=831 t=12856.4s remaining=1173
    iter=828 E=-2.1800291897 nfev=832 t=12878.2s remaining=1172
    iter=829 E=-2.1800302435 nfev=833 t=12897.0s remaining=1171
    iter=830 E=-2.1800316845 nfev=834 t=12917.2s remaining=1170
    iter=831 E=-2.1800330540 nfev=835 t=12933.6s remaining=1169
    iter=832 E=-2.1800343712 nfev=836 t=12949.3s remaining=1168
    iter=833 E=-2.1800353434 nfev=837 t=12965.3s remaining=1167
    iter=834 E=-2.1800360007 nfev=838 t=12985.4s remaining=1166
    iter=835 E=-2.1800364237 nfev=839 t=13000.7s remaining=1165
    iter=836 E=-2.1800366543 nfev=840 t=13021.1s remaining=1164
    iter=837 E=-2.1800369043 nfev=841 t=13039.5s remaining=1163
    iter=838 E=-2.1800372821 nfev=842 t=13054.3s remaining=1162
    iter=839 E=-2.1800378870 nfev=843 t=13069.5s remaining=1161
    iter=840 E=-2.1800388217 nfev=844 t=13081.8s remaining=1160
    iter=841 E=-2.1800400207 nfev=845 t=13095.5s remaining=1159
    iter=842 E=-2.1800408476 nfev=846 t=13113.7s remaining=1158
    iter=843 E=-2.1800415533 nfev=847 t=13129.5s remaining=1157
    iter=844 E=-2.1800421991 nfev=848 t=13144.7s remaining=1156
    iter=845 E=-2.1800425803 nfev=849 t=13155.8s remaining=1155
    iter=846 E=-2.1800428998 nfev=850 t=13172.1s remaining=1154
    iter=847 E=-2.1800432590 nfev=851 t=13184.4s remaining=1153
    iter=848 E=-2.1800435709 nfev=852 t=13195.7s remaining=1152
    iter=849 E=-2.1800439140 nfev=853 t=13203.5s remaining=1151
    iter=850 E=-2.1800443907 nfev=854 t=13224.3s remaining=1150
    iter=851 E=-2.1800450412 nfev=855 t=13235.9s remaining=1149
    iter=852 E=-2.1800459770 nfev=856 t=13254.5s remaining=1148
    iter=853 E=-2.1800471033 nfev=857 t=13266.8s remaining=1147
    iter=854 E=-2.1800481704 nfev=858 t=13276.2s remaining=1146
    iter=855 E=-2.1800489411 nfev=859 t=13292.2s remaining=1145
    iter=856 E=-2.1800493892 nfev=860 t=13309.7s remaining=1144
    iter=857 E=-2.1800496502 nfev=861 t=13319.0s remaining=1143
    iter=858 E=-2.1800498464 nfev=862 t=13334.6s remaining=1142
    iter=859 E=-2.1800500575 nfev=863 t=13350.3s remaining=1141
    iter=860 E=-2.1800503048 nfev=864 t=13367.1s remaining=1140
    iter=861 E=-2.1800507015 nfev=865 t=13379.8s remaining=1139
    iter=862 E=-2.1800513495 nfev=866 t=13397.0s remaining=1138
    iter=863 E=-2.1800523377 nfev=867 t=13413.8s remaining=1137
    iter=864 E=-2.1800534631 nfev=868 t=13423.6s remaining=1136
    iter=865 E=-2.1800543359 nfev=869 t=13436.9s remaining=1135
    iter=866 E=-2.1800550501 nfev=870 t=13449.7s remaining=1134
    iter=867 E=-2.1800554179 nfev=871 t=13466.4s remaining=1133
    iter=868 E=-2.1800556698 nfev=872 t=13477.6s remaining=1132
    iter=869 E=-2.1800559223 nfev=873 t=13490.1s remaining=1131
    iter=870 E=-2.1800561851 nfev=874 t=13502.0s remaining=1130
    iter=871 E=-2.1800564547 nfev=875 t=13514.7s remaining=1129
    iter=872 E=-2.1800568520 nfev=876 t=13530.9s remaining=1128
    iter=873 E=-2.1800574091 nfev=877 t=13544.4s remaining=1127
    iter=874 E=-2.1800581364 nfev=878 t=13560.2s remaining=1126
    iter=875 E=-2.1800589026 nfev=879 t=13575.9s remaining=1125
    iter=876 E=-2.1800596641 nfev=880 t=13587.7s remaining=1124
    iter=877 E=-2.1800601085 nfev=881 t=13603.5s remaining=1123
    iter=878 E=-2.1800604522 nfev=882 t=13620.0s remaining=1122
    iter=879 E=-2.1800606867 nfev=883 t=13637.3s remaining=1121
    iter=880 E=-2.1800608944 nfev=884 t=13656.9s remaining=1120
    iter=881 E=-2.1800611093 nfev=885 t=13670.7s remaining=1119
    iter=882 E=-2.1800614189 nfev=886 t=13688.6s remaining=1118
    iter=883 E=-2.1800618120 nfev=887 t=13703.3s remaining=1117
    iter=884 E=-2.1800623967 nfev=888 t=13717.5s remaining=1116
    iter=885 E=-2.1800631435 nfev=889 t=13731.7s remaining=1115
    iter=886 E=-2.1800639728 nfev=890 t=13748.0s remaining=1114
    iter=887 E=-2.1800647203 nfev=891 t=13761.4s remaining=1113
    iter=888 E=-2.1800654061 nfev=892 t=13781.4s remaining=1112
    iter=889 E=-2.1800659271 nfev=893 t=13797.3s remaining=1111
    iter=890 E=-2.1800662502 nfev=894 t=13810.8s remaining=1110
    iter=891 E=-2.1800664986 nfev=895 t=13824.9s remaining=1109
    iter=892 E=-2.1800666972 nfev=896 t=13839.4s remaining=1108
    iter=893 E=-2.1800669490 nfev=897 t=13856.6s remaining=1107
    iter=894 E=-2.1800673096 nfev=898 t=13872.6s remaining=1106
    iter=895 E=-2.1800677132 nfev=899 t=13888.0s remaining=1105
    iter=896 E=-2.1800681842 nfev=900 t=13903.3s remaining=1104
    iter=897 E=-2.1800688493 nfev=901 t=13920.2s remaining=1103
    iter=898 E=-2.1800697731 nfev=902 t=13936.8s remaining=1102
    iter=899 E=-2.1800706841 nfev=903 t=13953.4s remaining=1101
    iter=900 E=-2.1800714200 nfev=904 t=13969.7s remaining=1100
    iter=901 E=-2.1800718406 nfev=905 t=13979.9s remaining=1099
    iter=902 E=-2.1800720389 nfev=906 t=13996.4s remaining=1098
    iter=903 E=-2.1800721583 nfev=907 t=14009.6s remaining=1097
    iter=904 E=-2.1800722975 nfev=908 t=14023.7s remaining=1096
    iter=905 E=-2.1800724868 nfev=909 t=14039.6s remaining=1095
    iter=906 E=-2.1800727789 nfev=910 t=14055.6s remaining=1094
    iter=907 E=-2.1800732501 nfev=911 t=14075.5s remaining=1093
    iter=908 E=-2.1800739650 nfev=912 t=14085.7s remaining=1092
    iter=909 E=-2.1800748034 nfev=913 t=14100.6s remaining=1091
    iter=910 E=-2.1800755599 nfev=914 t=14114.2s remaining=1090
    iter=911 E=-2.1800763250 nfev=915 t=14128.8s remaining=1089
    iter=912 E=-2.1800768393 nfev=916 t=14142.7s remaining=1088
    iter=913 E=-2.1800771359 nfev=917 t=14155.3s remaining=1087
    iter=914 E=-2.1800773552 nfev=918 t=14169.3s remaining=1086
    iter=915 E=-2.1800775662 nfev=919 t=14182.7s remaining=1085
    iter=916 E=-2.1800777743 nfev=920 t=14201.5s remaining=1084
    iter=917 E=-2.1800780335 nfev=921 t=14216.4s remaining=1083
    iter=918 E=-2.1800783353 nfev=922 t=14232.3s remaining=1082
    iter=919 E=-2.1800786591 nfev=923 t=14247.5s remaining=1081
    iter=920 E=-2.1800790259 nfev=924 t=14263.3s remaining=1080
    iter=921 E=-2.1800795656 nfev=925 t=14277.0s remaining=1079
    iter=922 E=-2.1800802360 nfev=926 t=14294.0s remaining=1078
    iter=923 E=-2.1800808578 nfev=927 t=14308.6s remaining=1077
    iter=924 E=-2.1800815541 nfev=928 t=14320.9s remaining=1076
    iter=925 E=-2.1800821833 nfev=929 t=14334.5s remaining=1075
    iter=926 E=-2.1800827460 nfev=930 t=14350.7s remaining=1074
    iter=927 E=-2.1800832003 nfev=931 t=14361.2s remaining=1073
    iter=928 E=-2.1800836022 nfev=932 t=14376.3s remaining=1072
    iter=929 E=-2.1800839438 nfev=933 t=14399.5s remaining=1071
    iter=930 E=-2.1800841982 nfev=934 t=14414.8s remaining=1070
    iter=931 E=-2.1800844312 nfev=935 t=14430.2s remaining=1069
    iter=932 E=-2.1800846821 nfev=936 t=14446.6s remaining=1068
    iter=933 E=-2.1800850076 nfev=937 t=14455.7s remaining=1067
    iter=934 E=-2.1800854919 nfev=938 t=14469.0s remaining=1066
    iter=935 E=-2.1800861383 nfev=939 t=14483.0s remaining=1065
    iter=936 E=-2.1800868072 nfev=940 t=14498.6s remaining=1064
    iter=937 E=-2.1800875328 nfev=941 t=14515.1s remaining=1063
    iter=938 E=-2.1800881608 nfev=942 t=14532.6s remaining=1062
    iter=939 E=-2.1800885920 nfev=943 t=14548.5s remaining=1061
    iter=940 E=-2.1800888535 nfev=944 t=14561.5s remaining=1060
    iter=941 E=-2.1800890256 nfev=945 t=14578.6s remaining=1059
    iter=942 E=-2.1800892021 nfev=946 t=14592.0s remaining=1058
    iter=943 E=-2.1800893997 nfev=947 t=14605.1s remaining=1057
    iter=944 E=-2.1800896190 nfev=948 t=14620.8s remaining=1056
    iter=945 E=-2.1800899373 nfev=949 t=14632.1s remaining=1055
    iter=946 E=-2.1800903015 nfev=950 t=14649.2s remaining=1054
    iter=947 E=-2.1800907437 nfev=951 t=14665.3s remaining=1053
    iter=948 E=-2.1800912731 nfev=952 t=14683.0s remaining=1052
    iter=949 E=-2.1800918606 nfev=953 t=14701.1s remaining=1051
    iter=950 E=-2.1800924505 nfev=954 t=14716.7s remaining=1050
    iter=951 E=-2.1800929599 nfev=955 t=14736.2s remaining=1049
    iter=952 E=-2.1800932828 nfev=956 t=14749.4s remaining=1048
    iter=953 E=-2.1800936618 nfev=957 t=14769.3s remaining=1047
    iter=954 E=-2.1800940849 nfev=958 t=14786.4s remaining=1046
    iter=955 E=-2.1800943026 nfev=959 t=14803.3s remaining=1045
    iter=956 E=-2.1800945261 nfev=960 t=14821.5s remaining=1044
    iter=957 E=-2.1800947324 nfev=961 t=14833.7s remaining=1043
    iter=958 E=-2.1800948830 nfev=962 t=14850.4s remaining=1042
    iter=959 E=-2.1800950686 nfev=963 t=14867.7s remaining=1041
    iter=960 E=-2.1800952769 nfev=964 t=14883.0s remaining=1040
    iter=961 E=-2.1800955589 nfev=965 t=14901.5s remaining=1039
    iter=962 E=-2.1800959790 nfev=966 t=14917.9s remaining=1038
    iter=963 E=-2.1800965550 nfev=967 t=14937.5s remaining=1037
    iter=964 E=-2.1800972675 nfev=968 t=14953.2s remaining=1036
    iter=965 E=-2.1800979238 nfev=969 t=14970.7s remaining=1035
    iter=966 E=-2.1800984204 nfev=970 t=14986.9s remaining=1034
    iter=967 E=-2.1800987583 nfev=971 t=14999.1s remaining=1033
    iter=968 E=-2.1800989776 nfev=972 t=15015.6s remaining=1032
    iter=969 E=-2.1800991346 nfev=973 t=15027.6s remaining=1031
    iter=970 E=-2.1800992736 nfev=974 t=15043.9s remaining=1030
    iter=971 E=-2.1800994092 nfev=975 t=15061.1s remaining=1029
    iter=972 E=-2.1800995750 nfev=976 t=15076.9s remaining=1028
    iter=973 E=-2.1800998136 nfev=977 t=15092.8s remaining=1027
    iter=974 E=-2.1801001745 nfev=978 t=15107.6s remaining=1026
    iter=975 E=-2.1801007171 nfev=979 t=15123.5s remaining=1025
    iter=976 E=-2.1801014543 nfev=980 t=15140.7s remaining=1024
    iter=977 E=-2.1801020607 nfev=981 t=15154.1s remaining=1023
    iter=978 E=-2.1801025866 nfev=982 t=15167.3s remaining=1022
    iter=979 E=-2.1801029846 nfev=983 t=15183.9s remaining=1021
    iter=980 E=-2.1801032253 nfev=984 t=15198.4s remaining=1020
    iter=981 E=-2.1801033866 nfev=985 t=15212.5s remaining=1019
    iter=982 E=-2.1801035258 nfev=986 t=15225.9s remaining=1018
    iter=983 E=-2.1801036337 nfev=987 t=15240.6s remaining=1017
    iter=984 E=-2.1801037584 nfev=988 t=15260.4s remaining=1016
    iter=985 E=-2.1801039151 nfev=989 t=15273.8s remaining=1015
    iter=986 E=-2.1801041236 nfev=990 t=15288.1s remaining=1014
    iter=987 E=-2.1801044363 nfev=991 t=15302.6s remaining=1013
    iter=988 E=-2.1801048852 nfev=992 t=15319.9s remaining=1012
    iter=989 E=-2.1801054018 nfev=993 t=15333.8s remaining=1011
    iter=990 E=-2.1801058393 nfev=994 t=15348.2s remaining=1010
    iter=991 E=-2.1801062585 nfev=995 t=15363.8s remaining=1009
    iter=992 E=-2.1801066008 nfev=996 t=15380.3s remaining=1008
    iter=993 E=-2.1801068234 nfev=997 t=15395.7s remaining=1007
    iter=994 E=-2.1801069724 nfev=998 t=15412.8s remaining=1006
    iter=995 E=-2.1801070944 nfev=999 t=15427.6s remaining=1005
    iter=996 E=-2.1801072020 nfev=1000 t=15440.1s remaining=1004
    iter=997 E=-2.1801073449 nfev=1001 t=15453.0s remaining=1003
    iter=998 E=-2.1801075473 nfev=1002 t=15471.7s remaining=1002
    iter=999 E=-2.1801078476 nfev=1003 t=15484.4s remaining=1001
    iter=1000 E=-2.1801082793 nfev=1004 t=15498.9s remaining=1000
    iter=1001 E=-2.1801088688 nfev=1005 t=15515.5s remaining=999
    iter=1002 E=-2.1801094656 nfev=1006 t=15530.6s remaining=998
    iter=1003 E=-2.1801099491 nfev=1007 t=15547.6s remaining=997
    iter=1004 E=-2.1801102835 nfev=1008 t=15562.8s remaining=996
    iter=1005 E=-2.1801104801 nfev=1009 t=15577.7s remaining=995
    iter=1006 E=-2.1801106286 nfev=1010 t=15590.4s remaining=994
    iter=1007 E=-2.1801107322 nfev=1011 t=15607.7s remaining=993
    iter=1008 E=-2.1801108004 nfev=1012 t=15623.0s remaining=992
    iter=1009 E=-2.1801108934 nfev=1013 t=15635.1s remaining=991
    iter=1010 E=-2.1801110182 nfev=1014 t=15648.0s remaining=990
    iter=1011 E=-2.1801111466 nfev=1015 t=15662.6s remaining=989
    iter=1012 E=-2.1801112691 nfev=1016 t=15679.6s remaining=988
    iter=1013 E=-2.1801114606 nfev=1017 t=15698.1s remaining=987
    iter=1014 E=-2.1801117607 nfev=1018 t=15714.0s remaining=986
    iter=1015 E=-2.1801121643 nfev=1019 t=15732.1s remaining=985
    iter=1016 E=-2.1801125281 nfev=1020 t=15745.7s remaining=984
    iter=1017 E=-2.1801130026 nfev=1021 t=15760.4s remaining=983
    iter=1018 E=-2.1801133947 nfev=1022 t=15775.9s remaining=982
    iter=1019 E=-2.1801136805 nfev=1023 t=15790.2s remaining=981
    iter=1020 E=-2.1801138535 nfev=1024 t=15809.9s remaining=980
    iter=1021 E=-2.1801139818 nfev=1025 t=15826.5s remaining=979
    iter=1022 E=-2.1801140758 nfev=1026 t=15839.3s remaining=978
    iter=1023 E=-2.1801141605 nfev=1027 t=15854.8s remaining=977
    iter=1024 E=-2.1801142426 nfev=1028 t=15873.7s remaining=976
    iter=1025 E=-2.1801143309 nfev=1029 t=15893.3s remaining=975
    iter=1026 E=-2.1801144397 nfev=1030 t=15913.0s remaining=974
    iter=1027 E=-2.1801146014 nfev=1031 t=15927.5s remaining=973
    iter=1028 E=-2.1801148426 nfev=1032 t=15942.2s remaining=972
    iter=1029 E=-2.1801151873 nfev=1033 t=15957.9s remaining=971
    iter=1030 E=-2.1801156184 nfev=1034 t=15968.5s remaining=970
    iter=1031 E=-2.1801159562 nfev=1035 t=15983.7s remaining=969
    iter=1032 E=-2.1801162809 nfev=1036 t=15999.9s remaining=968
    iter=1033 E=-2.1801165195 nfev=1037 t=16018.4s remaining=967
    iter=1034 E=-2.1801167317 nfev=1038 t=16042.3s remaining=966
    iter=1035 E=-2.1801169273 nfev=1039 t=16061.7s remaining=965
    iter=1036 E=-2.1801170976 nfev=1040 t=16074.4s remaining=964
    iter=1037 E=-2.1801172260 nfev=1041 t=16086.8s remaining=963
    iter=1038 E=-2.1801173284 nfev=1042 t=16107.3s remaining=962
    iter=1039 E=-2.1801174320 nfev=1043 t=16120.8s remaining=961
    iter=1040 E=-2.1801175502 nfev=1044 t=16136.9s remaining=960
    iter=1041 E=-2.1801177138 nfev=1045 t=16152.5s remaining=959
    iter=1042 E=-2.1801179359 nfev=1046 t=16167.0s remaining=958
    iter=1043 E=-2.1801182722 nfev=1047 t=16182.2s remaining=957
    iter=1044 E=-2.1801187327 nfev=1048 t=16197.9s remaining=956
    iter=1045 E=-2.1801191087 nfev=1049 t=16214.3s remaining=955
    iter=1046 E=-2.1801193858 nfev=1050 t=16225.1s remaining=954
    iter=1047 E=-2.1801196373 nfev=1051 t=16237.7s remaining=953
    iter=1048 E=-2.1801198146 nfev=1052 t=16254.5s remaining=952
    iter=1049 E=-2.1801199444 nfev=1053 t=16278.0s remaining=951
    iter=1050 E=-2.1801200548 nfev=1054 t=16291.0s remaining=950
    iter=1051 E=-2.1801201437 nfev=1055 t=16306.2s remaining=949
    iter=1052 E=-2.1801202238 nfev=1056 t=16319.9s remaining=948
    iter=1053 E=-2.1801203273 nfev=1057 t=16330.7s remaining=947
    iter=1054 E=-2.1801204787 nfev=1058 t=16346.4s remaining=946
    iter=1055 E=-2.1801207136 nfev=1059 t=16359.5s remaining=945
    iter=1056 E=-2.1801210811 nfev=1060 t=16381.1s remaining=944
    iter=1057 E=-2.1801216281 nfev=1061 t=16395.2s remaining=943
    iter=1058 E=-2.1801222890 nfev=1062 t=16412.7s remaining=942
    iter=1059 E=-2.1801228094 nfev=1063 t=16430.8s remaining=941
    iter=1060 E=-2.1801231672 nfev=1064 t=16448.0s remaining=940
    iter=1061 E=-2.1801233165 nfev=1065 t=16463.9s remaining=939
    iter=1062 E=-2.1801233987 nfev=1066 t=16478.9s remaining=938
    iter=1063 E=-2.1801234757 nfev=1067 t=16495.5s remaining=937
    iter=1064 E=-2.1801235630 nfev=1068 t=16512.9s remaining=936
    iter=1065 E=-2.1801236675 nfev=1069 t=16527.7s remaining=935
    iter=1066 E=-2.1801238332 nfev=1070 t=16543.9s remaining=934
    iter=1067 E=-2.1801240987 nfev=1071 t=16559.3s remaining=933
    iter=1068 E=-2.1801244878 nfev=1072 t=16572.5s remaining=932
    iter=1069 E=-2.1801248944 nfev=1073 t=16587.8s remaining=931
    iter=1070 E=-2.1801252692 nfev=1074 t=16604.2s remaining=930
    iter=1071 E=-2.1801255972 nfev=1075 t=16619.5s remaining=929
    iter=1072 E=-2.1801257941 nfev=1076 t=16629.7s remaining=928
    iter=1073 E=-2.1801259162 nfev=1077 t=16647.7s remaining=927
    iter=1074 E=-2.1801260024 nfev=1078 t=16665.1s remaining=926
    iter=1075 E=-2.1801260913 nfev=1079 t=16680.6s remaining=925
    iter=1076 E=-2.1801261848 nfev=1080 t=16697.4s remaining=924
    iter=1077 E=-2.1801263254 nfev=1081 t=16718.3s remaining=923
    iter=1078 E=-2.1801265365 nfev=1082 t=16734.7s remaining=922
    iter=1079 E=-2.1801268430 nfev=1083 t=16754.7s remaining=921
    iter=1080 E=-2.1801272381 nfev=1084 t=16769.0s remaining=920
    iter=1081 E=-2.1801275906 nfev=1085 t=16787.3s remaining=919
    iter=1082 E=-2.1801279228 nfev=1086 t=16801.4s remaining=918
    iter=1083 E=-2.1801281789 nfev=1087 t=16811.1s remaining=917
    iter=1084 E=-2.1801283574 nfev=1088 t=16827.3s remaining=916
    iter=1085 E=-2.1801284969 nfev=1089 t=16839.9s remaining=915
    iter=1086 E=-2.1801285989 nfev=1090 t=16859.0s remaining=914
    iter=1087 E=-2.1801286923 nfev=1091 t=16874.1s remaining=913
    iter=1088 E=-2.1801287879 nfev=1092 t=16892.3s remaining=912
    iter=1089 E=-2.1801289209 nfev=1093 t=16907.1s remaining=911
    iter=1090 E=-2.1801290917 nfev=1094 t=16929.8s remaining=910
    iter=1091 E=-2.1801292928 nfev=1095 t=16945.4s remaining=909
    iter=1092 E=-2.1801295781 nfev=1096 t=16964.6s remaining=908
    iter=1093 E=-2.1801299198 nfev=1097 t=16979.1s remaining=907
    iter=1094 E=-2.1801302867 nfev=1098 t=16995.6s remaining=906
    iter=1095 E=-2.1801306073 nfev=1099 t=17012.5s remaining=905
    iter=1096 E=-2.1801308331 nfev=1100 t=17020.8s remaining=904
    iter=1097 E=-2.1801309857 nfev=1101 t=17034.3s remaining=903
    iter=1098 E=-2.1801310846 nfev=1102 t=17047.2s remaining=902
    iter=1099 E=-2.1801311648 nfev=1103 t=17064.0s remaining=901
    iter=1100 E=-2.1801312384 nfev=1104 t=17081.7s remaining=900
    iter=1101 E=-2.1801313307 nfev=1105 t=17092.9s remaining=899
    iter=1102 E=-2.1801314622 nfev=1106 t=17108.3s remaining=898
    iter=1103 E=-2.1801316535 nfev=1107 t=17124.3s remaining=897
    iter=1104 E=-2.1801319253 nfev=1108 t=17137.0s remaining=896
    iter=1105 E=-2.1801322857 nfev=1109 t=17154.8s remaining=895
    iter=1106 E=-2.1801327410 nfev=1110 t=17171.9s remaining=894
    iter=1107 E=-2.1801331878 nfev=1111 t=17187.6s remaining=893
    iter=1108 E=-2.1801335823 nfev=1112 t=17202.6s remaining=892
    iter=1109 E=-2.1801338869 nfev=1113 t=17219.0s remaining=891
    iter=1110 E=-2.1801340356 nfev=1114 t=17234.4s remaining=890
    iter=1111 E=-2.1801341380 nfev=1115 t=17250.6s remaining=889
    iter=1112 E=-2.1801342361 nfev=1116 t=17269.0s remaining=888
    iter=1113 E=-2.1801343113 nfev=1117 t=17285.4s remaining=887
    iter=1114 E=-2.1801344155 nfev=1118 t=17300.1s remaining=886
    iter=1115 E=-2.1801345629 nfev=1119 t=17315.0s remaining=885
    iter=1116 E=-2.1801347816 nfev=1120 t=17327.8s remaining=884
    iter=1117 E=-2.1801351284 nfev=1121 t=17343.0s remaining=883
    iter=1118 E=-2.1801356810 nfev=1122 t=17357.9s remaining=882
    iter=1119 E=-2.1801364882 nfev=1123 t=17371.5s remaining=881
    iter=1120 E=-2.1801373114 nfev=1124 t=17389.2s remaining=880
    iter=1121 E=-2.1801379030 nfev=1125 t=17402.3s remaining=879
    iter=1122 E=-2.1801383315 nfev=1126 t=17417.5s remaining=878
    iter=1123 E=-2.1801385277 nfev=1127 t=17433.4s remaining=877
    iter=1124 E=-2.1801386675 nfev=1128 t=17452.8s remaining=876
    iter=1125 E=-2.1801387857 nfev=1129 t=17467.3s remaining=875
    iter=1126 E=-2.1801389104 nfev=1130 t=17479.5s remaining=874
    iter=1127 E=-2.1801390379 nfev=1131 t=17494.2s remaining=873
    iter=1128 E=-2.1801392407 nfev=1132 t=17512.7s remaining=872
    iter=1129 E=-2.1801395751 nfev=1133 t=17529.5s remaining=871
    iter=1130 E=-2.1801400850 nfev=1134 t=17545.4s remaining=870
    iter=1131 E=-2.1801407970 nfev=1135 t=17556.9s remaining=869
    iter=1132 E=-2.1801415948 nfev=1136 t=17574.9s remaining=868
    iter=1133 E=-2.1801424296 nfev=1137 t=17588.3s remaining=867
    iter=1134 E=-2.1801430362 nfev=1138 t=17602.2s remaining=866
    iter=1135 E=-2.1801431415 nfev=1139 t=17614.9s remaining=865
    iter=1136 E=-2.1801433314 nfev=1140 t=17629.7s remaining=864
    iter=1137 E=-2.1801436392 nfev=1141 t=17642.8s remaining=863
    iter=1138 E=-2.1801439419 nfev=1142 t=17661.7s remaining=862
    iter=1139 E=-2.1801440540 nfev=1143 t=17678.6s remaining=861
    iter=1140 E=-2.1801442084 nfev=1144 t=17696.0s remaining=860
    iter=1141 E=-2.1801444344 nfev=1145 t=17711.1s remaining=859
    iter=1142 E=-2.1801445944 nfev=1146 t=17726.6s remaining=858
    iter=1143 E=-2.1801448132 nfev=1147 t=17744.3s remaining=857
    iter=1144 E=-2.1801451880 nfev=1148 t=17756.0s remaining=856
    iter=1145 E=-2.1801458123 nfev=1149 t=17773.6s remaining=855
    iter=1146 E=-2.1801467190 nfev=1150 t=17790.0s remaining=854
    iter=1147 E=-2.1801476037 nfev=1151 t=17801.6s remaining=853
    iter=1148 E=-2.1801483605 nfev=1152 t=17821.4s remaining=852
    iter=1149 E=-2.1801491466 nfev=1153 t=17837.4s remaining=851
    iter=1150 E=-2.1801495422 nfev=1154 t=17854.0s remaining=850
    iter=1151 E=-2.1801497614 nfev=1155 t=17873.6s remaining=849
    iter=1152 E=-2.1801499709 nfev=1156 t=17896.3s remaining=848
    iter=1153 E=-2.1801501108 nfev=1157 t=17908.4s remaining=847
    iter=1154 E=-2.1801502273 nfev=1158 t=17920.8s remaining=846
    iter=1155 E=-2.1801503742 nfev=1159 t=17935.5s remaining=845
    iter=1156 E=-2.1801505618 nfev=1160 t=17950.6s remaining=844
    iter=1157 E=-2.1801508010 nfev=1161 t=17965.3s remaining=843
    iter=1158 E=-2.1801510932 nfev=1162 t=17976.8s remaining=842
    iter=1159 E=-2.1801514317 nfev=1163 t=17990.8s remaining=841
    iter=1160 E=-2.1801518088 nfev=1164 t=18008.2s remaining=840
    iter=1161 E=-2.1801521842 nfev=1165 t=18024.2s remaining=839
    iter=1162 E=-2.1801525918 nfev=1166 t=18040.9s remaining=838
    iter=1163 E=-2.1801530192 nfev=1167 t=18054.5s remaining=837
    iter=1164 E=-2.1801534134 nfev=1168 t=18069.9s remaining=836
    iter=1165 E=-2.1801537609 nfev=1169 t=18087.8s remaining=835
    iter=1166 E=-2.1801540588 nfev=1170 t=18105.3s remaining=834
    iter=1167 E=-2.1801543330 nfev=1171 t=18115.5s remaining=833
    iter=1168 E=-2.1801545302 nfev=1172 t=18125.9s remaining=832
    iter=1169 E=-2.1801547099 nfev=1173 t=18138.5s remaining=831
    iter=1170 E=-2.1801548780 nfev=1174 t=18151.7s remaining=830
    iter=1171 E=-2.1801550220 nfev=1175 t=18168.6s remaining=829
    iter=1172 E=-2.1801551519 nfev=1176 t=18185.8s remaining=828
    iter=1173 E=-2.1801553121 nfev=1177 t=18199.6s remaining=827
    iter=1174 E=-2.1801555708 nfev=1178 t=18215.4s remaining=826
    iter=1175 E=-2.1801559718 nfev=1179 t=18234.3s remaining=825
    iter=1176 E=-2.1801565336 nfev=1180 t=18254.2s remaining=824
    iter=1177 E=-2.1801571606 nfev=1181 t=18269.7s remaining=823
    iter=1178 E=-2.1801577879 nfev=1182 t=18281.1s remaining=822
    iter=1179 E=-2.1801582555 nfev=1183 t=18292.7s remaining=821
    iter=1180 E=-2.1801585129 nfev=1184 t=18309.7s remaining=820
    iter=1181 E=-2.1801587672 nfev=1185 t=18325.2s remaining=819
    iter=1182 E=-2.1801589986 nfev=1186 t=18341.2s remaining=818
    iter=1183 E=-2.1801591621 nfev=1187 t=18357.5s remaining=817
    iter=1184 E=-2.1801592803 nfev=1188 t=18374.8s remaining=816
    iter=1185 E=-2.1801593763 nfev=1189 t=18390.9s remaining=815
    iter=1186 E=-2.1801594682 nfev=1190 t=18411.2s remaining=814
    iter=1187 E=-2.1801595533 nfev=1191 t=18428.8s remaining=813
    iter=1188 E=-2.1801596659 nfev=1192 t=18443.8s remaining=812
    iter=1189 E=-2.1801598529 nfev=1193 t=18457.9s remaining=811
    iter=1190 E=-2.1801601643 nfev=1194 t=18474.3s remaining=810
    iter=1191 E=-2.1801606528 nfev=1195 t=18490.6s remaining=809
    iter=1192 E=-2.1801612734 nfev=1196 t=18507.1s remaining=808
    iter=1193 E=-2.1801617600 nfev=1197 t=18521.7s remaining=807
    iter=1194 E=-2.1801623954 nfev=1198 t=18540.5s remaining=806
    iter=1195 E=-2.1801629308 nfev=1199 t=18557.2s remaining=805
    iter=1196 E=-2.1801631419 nfev=1200 t=18575.0s remaining=804
    iter=1197 E=-2.1801633155 nfev=1201 t=18591.5s remaining=803
    iter=1198 E=-2.1801634903 nfev=1202 t=18608.9s remaining=802
    iter=1199 E=-2.1801635987 nfev=1203 t=18621.3s remaining=801
    iter=1200 E=-2.1801636841 nfev=1204 t=18640.3s remaining=800
    iter=1201 E=-2.1801637998 nfev=1205 t=18655.8s remaining=799
    iter=1202 E=-2.1801639458 nfev=1206 t=18671.1s remaining=798
    iter=1203 E=-2.1801641203 nfev=1207 t=18685.2s remaining=797
    iter=1204 E=-2.1801643714 nfev=1208 t=18699.2s remaining=796
    iter=1205 E=-2.1801647209 nfev=1209 t=18711.0s remaining=795
    iter=1206 E=-2.1801651745 nfev=1210 t=18727.4s remaining=794
    iter=1207 E=-2.1801656809 nfev=1211 t=18739.1s remaining=793
    iter=1208 E=-2.1801662732 nfev=1212 t=18750.4s remaining=792
    iter=1209 E=-2.1801669125 nfev=1213 t=18766.4s remaining=791
    iter=1210 E=-2.1801674114 nfev=1214 t=18778.0s remaining=790
    iter=1211 E=-2.1801677983 nfev=1215 t=18793.3s remaining=789
    iter=1212 E=-2.1801681245 nfev=1216 t=18805.4s remaining=788
    iter=1213 E=-2.1801683711 nfev=1217 t=18820.9s remaining=787
    iter=1214 E=-2.1801685222 nfev=1218 t=18834.5s remaining=786
    iter=1215 E=-2.1801686537 nfev=1219 t=18850.9s remaining=785
    iter=1216 E=-2.1801687902 nfev=1220 t=18869.4s remaining=784
    iter=1217 E=-2.1801689030 nfev=1221 t=18885.6s remaining=783
    iter=1218 E=-2.1801690376 nfev=1222 t=18903.0s remaining=782
    iter=1219 E=-2.1801691860 nfev=1223 t=18920.4s remaining=781
    iter=1220 E=-2.1801693648 nfev=1224 t=18933.6s remaining=780
    iter=1221 E=-2.1801696358 nfev=1225 t=18948.2s remaining=779
    iter=1222 E=-2.1801700410 nfev=1226 t=18964.1s remaining=778
    iter=1223 E=-2.1801705386 nfev=1227 t=18979.6s remaining=777
    iter=1224 E=-2.1801709549 nfev=1228 t=18996.0s remaining=776
    iter=1225 E=-2.1801714051 nfev=1229 t=19011.2s remaining=775
    iter=1226 E=-2.1801719326 nfev=1230 t=19024.9s remaining=774
    iter=1227 E=-2.1801724701 nfev=1231 t=19042.8s remaining=773
    iter=1228 E=-2.1801728896 nfev=1232 t=19057.3s remaining=772
    iter=1229 E=-2.1801731710 nfev=1233 t=19073.6s remaining=771
    iter=1230 E=-2.1801733634 nfev=1234 t=19092.2s remaining=770
    iter=1231 E=-2.1801735192 nfev=1235 t=19107.1s remaining=769
    iter=1232 E=-2.1801737189 nfev=1236 t=19122.4s remaining=768
    iter=1233 E=-2.1801738744 nfev=1237 t=19139.5s remaining=767
    iter=1234 E=-2.1801740069 nfev=1238 t=19154.6s remaining=766
    iter=1235 E=-2.1801741257 nfev=1239 t=19169.8s remaining=765
    iter=1236 E=-2.1801742411 nfev=1240 t=19185.6s remaining=764
    iter=1237 E=-2.1801743539 nfev=1241 t=19204.0s remaining=763
    iter=1238 E=-2.1801745103 nfev=1242 t=19219.5s remaining=762
    iter=1239 E=-2.1801746922 nfev=1243 t=19230.3s remaining=761
    iter=1240 E=-2.1801749372 nfev=1244 t=19242.5s remaining=760
    iter=1241 E=-2.1801753079 nfev=1245 t=19258.3s remaining=759
    iter=1242 E=-2.1801758340 nfev=1246 t=19274.6s remaining=758
    iter=1243 E=-2.1801764180 nfev=1247 t=19287.1s remaining=757
    iter=1244 E=-2.1801768975 nfev=1248 t=19300.6s remaining=756
    iter=1245 E=-2.1801772689 nfev=1249 t=19318.8s remaining=755
    iter=1246 E=-2.1801775198 nfev=1250 t=19334.8s remaining=754
    iter=1247 E=-2.1801777053 nfev=1251 t=19346.7s remaining=753
    iter=1248 E=-2.1801778746 nfev=1252 t=19363.8s remaining=752
    iter=1249 E=-2.1801780212 nfev=1253 t=19382.0s remaining=751
    iter=1250 E=-2.1801781199 nfev=1254 t=19399.4s remaining=750
    iter=1251 E=-2.1801782245 nfev=1255 t=19413.7s remaining=749
    iter=1252 E=-2.1801783444 nfev=1256 t=19433.8s remaining=748
    iter=1253 E=-2.1801784833 nfev=1257 t=19448.3s remaining=747
    iter=1254 E=-2.1801786876 nfev=1258 t=19462.7s remaining=746
    iter=1255 E=-2.1801789735 nfev=1259 t=19477.4s remaining=745
    iter=1256 E=-2.1801792587 nfev=1260 t=19495.4s remaining=744
    iter=1257 E=-2.1801794956 nfev=1261 t=19513.3s remaining=743
    iter=1258 E=-2.1801797716 nfev=1262 t=19536.2s remaining=742
    iter=1259 E=-2.1801800364 nfev=1263 t=19547.4s remaining=741
    iter=1260 E=-2.1801802809 nfev=1264 t=19563.2s remaining=740
    iter=1261 E=-2.1801806041 nfev=1265 t=19578.6s remaining=739
    iter=1262 E=-2.1801809595 nfev=1266 t=19599.3s remaining=738
    iter=1263 E=-2.1801811613 nfev=1267 t=19614.7s remaining=737
    iter=1264 E=-2.1801813526 nfev=1268 t=19631.6s remaining=736
    iter=1265 E=-2.1801815149 nfev=1269 t=19643.8s remaining=735
    iter=1266 E=-2.1801816400 nfev=1270 t=19656.5s remaining=734
    iter=1267 E=-2.1801817823 nfev=1271 t=19671.4s remaining=733
    iter=1268 E=-2.1801819220 nfev=1272 t=19687.4s remaining=732
    iter=1269 E=-2.1801820251 nfev=1273 t=19697.7s remaining=731
    iter=1270 E=-2.1801821371 nfev=1274 t=19713.3s remaining=730
    iter=1271 E=-2.1801822560 nfev=1275 t=19729.2s remaining=729
    iter=1272 E=-2.1801823701 nfev=1276 t=19740.6s remaining=728
    iter=1273 E=-2.1801825340 nfev=1277 t=19758.4s remaining=727
    iter=1274 E=-2.1801827875 nfev=1278 t=19776.2s remaining=726
    iter=1275 E=-2.1801831634 nfev=1279 t=19789.4s remaining=725
    iter=1276 E=-2.1801836411 nfev=1280 t=19805.8s remaining=724
    iter=1277 E=-2.1801841464 nfev=1281 t=19820.6s remaining=723
    iter=1278 E=-2.1801847249 nfev=1282 t=19836.1s remaining=722
    iter=1279 E=-2.1801852384 nfev=1283 t=19852.4s remaining=721
    iter=1280 E=-2.1801854873 nfev=1284 t=19866.6s remaining=720
    iter=1281 E=-2.1801856708 nfev=1285 t=19882.6s remaining=719
    iter=1282 E=-2.1801857965 nfev=1286 t=19896.3s remaining=718
    iter=1283 E=-2.1801858857 nfev=1287 t=19907.0s remaining=717
    iter=1284 E=-2.1801859768 nfev=1288 t=19923.6s remaining=716
    iter=1285 E=-2.1801860832 nfev=1289 t=19940.1s remaining=715
    iter=1286 E=-2.1801861679 nfev=1290 t=19958.3s remaining=714
    iter=1287 E=-2.1801862811 nfev=1291 t=19976.2s remaining=713
    iter=1288 E=-2.1801864455 nfev=1292 t=19991.7s remaining=712
    iter=1289 E=-2.1801866706 nfev=1293 t=20005.3s remaining=711
    iter=1290 E=-2.1801869512 nfev=1294 t=20019.4s remaining=710
    iter=1291 E=-2.1801872230 nfev=1295 t=20031.7s remaining=709
    iter=1292 E=-2.1801875599 nfev=1296 t=20046.0s remaining=708
    iter=1293 E=-2.1801879742 nfev=1297 t=20063.7s remaining=707
    iter=1294 E=-2.1801883758 nfev=1298 t=20079.6s remaining=706
    iter=1295 E=-2.1801887072 nfev=1299 t=20094.6s remaining=705
    iter=1296 E=-2.1801889927 nfev=1300 t=20112.6s remaining=704
    iter=1297 E=-2.1801892374 nfev=1301 t=20128.3s remaining=703
    iter=1298 E=-2.1801894123 nfev=1302 t=20143.6s remaining=702
    iter=1299 E=-2.1801895163 nfev=1303 t=20159.4s remaining=701
    iter=1300 E=-2.1801895864 nfev=1304 t=20177.9s remaining=700
    iter=1301 E=-2.1801896498 nfev=1305 t=20190.5s remaining=699
    iter=1302 E=-2.1801897385 nfev=1306 t=20203.2s remaining=698
    iter=1303 E=-2.1801898468 nfev=1307 t=20221.3s remaining=697
    iter=1304 E=-2.1801899583 nfev=1308 t=20236.1s remaining=696
    iter=1305 E=-2.1801901191 nfev=1309 t=20253.4s remaining=695
    iter=1306 E=-2.1801903366 nfev=1310 t=20268.3s remaining=694
    iter=1307 E=-2.1801905514 nfev=1311 t=20285.0s remaining=693
    iter=1308 E=-2.1801907529 nfev=1312 t=20296.6s remaining=692
    iter=1309 E=-2.1801910154 nfev=1313 t=20311.0s remaining=691
    iter=1310 E=-2.1801913097 nfev=1314 t=20325.2s remaining=690
    iter=1311 E=-2.1801915320 nfev=1315 t=20344.8s remaining=689
    iter=1312 E=-2.1801917766 nfev=1316 t=20359.4s remaining=688
    iter=1313 E=-2.1801919652 nfev=1317 t=20376.8s remaining=687
    iter=1314 E=-2.1801920794 nfev=1318 t=20389.6s remaining=686
    iter=1315 E=-2.1801921679 nfev=1319 t=20404.7s remaining=685
    iter=1316 E=-2.1801922309 nfev=1320 t=20419.4s remaining=684
    iter=1317 E=-2.1801922951 nfev=1321 t=20434.6s remaining=683
    iter=1318 E=-2.1801923706 nfev=1322 t=20445.1s remaining=682
    iter=1319 E=-2.1801924862 nfev=1323 t=20459.9s remaining=681
    iter=1320 E=-2.1801926570 nfev=1324 t=20479.0s remaining=680
    iter=1321 E=-2.1801928844 nfev=1325 t=20494.9s remaining=679
    iter=1322 E=-2.1801931473 nfev=1326 t=20510.3s remaining=678
    iter=1323 E=-2.1801934228 nfev=1327 t=20527.6s remaining=677
    iter=1324 E=-2.1801936915 nfev=1328 t=20537.7s remaining=676
    iter=1325 E=-2.1801939537 nfev=1329 t=20554.5s remaining=675
    iter=1326 E=-2.1801941812 nfev=1330 t=20570.3s remaining=674
    iter=1327 E=-2.1801943738 nfev=1331 t=20584.4s remaining=673
    iter=1328 E=-2.1801944978 nfev=1332 t=20599.8s remaining=672
    iter=1329 E=-2.1801945732 nfev=1333 t=20613.3s remaining=671
    iter=1330 E=-2.1801946259 nfev=1334 t=20627.9s remaining=670
    iter=1331 E=-2.1801946856 nfev=1335 t=20641.3s remaining=669
    iter=1332 E=-2.1801947563 nfev=1336 t=20657.5s remaining=668
    iter=1333 E=-2.1801948685 nfev=1337 t=20676.2s remaining=667
    iter=1334 E=-2.1801950490 nfev=1338 t=20691.1s remaining=666
    iter=1335 E=-2.1801952892 nfev=1339 t=20708.6s remaining=665
    iter=1336 E=-2.1801954950 nfev=1340 t=20724.5s remaining=664
    iter=1337 E=-2.1801957405 nfev=1341 t=20740.9s remaining=663
    iter=1338 E=-2.1801960309 nfev=1342 t=20755.9s remaining=662
    iter=1339 E=-2.1801962650 nfev=1343 t=20770.9s remaining=661
    iter=1340 E=-2.1801964801 nfev=1344 t=20784.9s remaining=660
    iter=1341 E=-2.1801966646 nfev=1345 t=20797.1s remaining=659
    iter=1342 E=-2.1801967410 nfev=1346 t=20817.2s remaining=658
    iter=1343 E=-2.1801968171 nfev=1347 t=20834.7s remaining=657
    iter=1344 E=-2.1801968853 nfev=1348 t=20857.1s remaining=656
    iter=1345 E=-2.1801969439 nfev=1349 t=20873.4s remaining=655
    iter=1346 E=-2.1801970163 nfev=1350 t=20887.1s remaining=654
    iter=1347 E=-2.1801971259 nfev=1351 t=20902.2s remaining=653
    iter=1348 E=-2.1801972877 nfev=1352 t=20918.7s remaining=652
    iter=1349 E=-2.1801975255 nfev=1353 t=20934.9s remaining=651
    iter=1350 E=-2.1801978482 nfev=1354 t=20955.8s remaining=650
    iter=1351 E=-2.1801981936 nfev=1355 t=20974.9s remaining=649
    iter=1352 E=-2.1801985391 nfev=1356 t=20991.7s remaining=648
    iter=1353 E=-2.1801988399 nfev=1357 t=21006.7s remaining=647
    iter=1354 E=-2.1801990915 nfev=1358 t=21024.3s remaining=646
    iter=1355 E=-2.1801992809 nfev=1359 t=21041.7s remaining=645
    iter=1356 E=-2.1801994325 nfev=1360 t=21058.1s remaining=644
    iter=1357 E=-2.1801995345 nfev=1361 t=21071.3s remaining=643
    iter=1358 E=-2.1801996073 nfev=1362 t=21086.0s remaining=642
    iter=1359 E=-2.1801996815 nfev=1363 t=21100.3s remaining=641
    iter=1360 E=-2.1801997237 nfev=1364 t=21112.8s remaining=640
    iter=1361 E=-2.1801997687 nfev=1365 t=21133.0s remaining=639
    iter=1362 E=-2.1801998176 nfev=1366 t=21146.3s remaining=638
    iter=1363 E=-2.1801998717 nfev=1367 t=21163.4s remaining=637
    iter=1364 E=-2.1801999318 nfev=1368 t=21182.7s remaining=636
    iter=1365 E=-2.1802000194 nfev=1369 t=21195.5s remaining=635
    iter=1366 E=-2.1802001588 nfev=1370 t=21210.5s remaining=634
    iter=1367 E=-2.1802003761 nfev=1371 t=21226.1s remaining=633
    iter=1368 E=-2.1802006904 nfev=1372 t=21245.3s remaining=632
    iter=1369 E=-2.1802010858 nfev=1373 t=21258.9s remaining=631
    iter=1370 E=-2.1802014422 nfev=1374 t=21269.9s remaining=630
    iter=1371 E=-2.1802017393 nfev=1375 t=21280.8s remaining=629
    iter=1372 E=-2.1802019084 nfev=1376 t=21290.8s remaining=628
    iter=1373 E=-2.1802019973 nfev=1377 t=21307.3s remaining=627
    iter=1374 E=-2.1802020849 nfev=1378 t=21322.7s remaining=626
    iter=1375 E=-2.1802021608 nfev=1379 t=21334.7s remaining=625
    iter=1376 E=-2.1802022350 nfev=1380 t=21350.5s remaining=624
    iter=1377 E=-2.1802023157 nfev=1381 t=21366.4s remaining=623
    iter=1378 E=-2.1802024229 nfev=1382 t=21378.8s remaining=622
    iter=1379 E=-2.1802025367 nfev=1383 t=21394.0s remaining=621
    iter=1380 E=-2.1802026779 nfev=1384 t=21414.5s remaining=620
    iter=1381 E=-2.1802028728 nfev=1385 t=21430.1s remaining=619
    iter=1382 E=-2.1802031244 nfev=1386 t=21444.4s remaining=618
    iter=1383 E=-2.1802034490 nfev=1387 t=21460.4s remaining=617
    iter=1384 E=-2.1802038608 nfev=1388 t=21476.7s remaining=616
    iter=1385 E=-2.1802043101 nfev=1389 t=21492.2s remaining=615
    iter=1386 E=-2.1802045791 nfev=1390 t=21507.3s remaining=614
    iter=1387 E=-2.1802046955 nfev=1391 t=21524.8s remaining=613
    iter=1388 E=-2.1802048302 nfev=1392 t=21542.6s remaining=612
    iter=1389 E=-2.1802049066 nfev=1393 t=21554.5s remaining=611
    iter=1390 E=-2.1802049780 nfev=1394 t=21566.7s remaining=610
    iter=1391 E=-2.1802050695 nfev=1395 t=21580.1s remaining=609
    iter=1392 E=-2.1802051481 nfev=1396 t=21593.4s remaining=608
    iter=1393 E=-2.1802052278 nfev=1397 t=21605.4s remaining=607
    iter=1394 E=-2.1802053102 nfev=1398 t=21619.9s remaining=606
    iter=1395 E=-2.1802053974 nfev=1399 t=21637.7s remaining=605
    iter=1396 E=-2.1802055114 nfev=1400 t=21654.6s remaining=604
    iter=1397 E=-2.1802056704 nfev=1401 t=21666.8s remaining=603
    iter=1398 E=-2.1802058200 nfev=1402 t=21683.1s remaining=602
    iter=1399 E=-2.1802059593 nfev=1403 t=21703.6s remaining=601
    iter=1400 E=-2.1802061055 nfev=1404 t=21723.2s remaining=600
    iter=1401 E=-2.1802062667 nfev=1405 t=21732.7s remaining=599
    iter=1402 E=-2.1802064455 nfev=1406 t=21745.2s remaining=598
    iter=1403 E=-2.1802066579 nfev=1407 t=21762.9s remaining=597
    iter=1404 E=-2.1802068879 nfev=1408 t=21773.8s remaining=596
    iter=1405 E=-2.1802071213 nfev=1409 t=21790.3s remaining=595
    iter=1406 E=-2.1802073273 nfev=1410 t=21801.4s remaining=594
    iter=1407 E=-2.1802074810 nfev=1411 t=21816.4s remaining=593
    iter=1408 E=-2.1802075814 nfev=1412 t=21833.5s remaining=592
    iter=1409 E=-2.1802076457 nfev=1413 t=21851.8s remaining=591
    iter=1410 E=-2.1802077098 nfev=1414 t=21867.5s remaining=590
    iter=1411 E=-2.1802077711 nfev=1415 t=21879.2s remaining=589
    iter=1412 E=-2.1802078356 nfev=1416 t=21895.2s remaining=588
    iter=1413 E=-2.1802079128 nfev=1417 t=21907.6s remaining=587
    iter=1414 E=-2.1802080320 nfev=1418 t=21920.6s remaining=586
    iter=1415 E=-2.1802082311 nfev=1419 t=21939.1s remaining=585
    iter=1416 E=-2.1802085459 nfev=1420 t=21956.5s remaining=584
    iter=1417 E=-2.1802089717 nfev=1421 t=21973.6s remaining=583
    iter=1418 E=-2.1802093491 nfev=1422 t=21992.8s remaining=582
    iter=1419 E=-2.1802097563 nfev=1423 t=22007.3s remaining=581
    iter=1420 E=-2.1802100658 nfev=1424 t=22023.5s remaining=580
    iter=1421 E=-2.1802102139 nfev=1425 t=22034.5s remaining=579
    iter=1422 E=-2.1802103121 nfev=1426 t=22054.4s remaining=578
    iter=1423 E=-2.1802104107 nfev=1427 t=22068.6s remaining=577
    iter=1424 E=-2.1802104721 nfev=1428 t=22086.6s remaining=576
    iter=1425 E=-2.1802105160 nfev=1429 t=22100.3s remaining=575
    iter=1426 E=-2.1802105697 nfev=1430 t=22117.8s remaining=574
    iter=1427 E=-2.1802106310 nfev=1431 t=22135.9s remaining=573
    iter=1428 E=-2.1802107223 nfev=1432 t=22151.6s remaining=572
    iter=1429 E=-2.1802108415 nfev=1433 t=22168.3s remaining=571
    iter=1430 E=-2.1802110001 nfev=1434 t=22182.1s remaining=570
    iter=1431 E=-2.1802111829 nfev=1435 t=22196.1s remaining=569
    iter=1432 E=-2.1802114094 nfev=1436 t=22212.0s remaining=568
    iter=1433 E=-2.1802116813 nfev=1437 t=22224.6s remaining=567
    iter=1434 E=-2.1802120076 nfev=1438 t=22237.8s remaining=566
    iter=1435 E=-2.1802122876 nfev=1439 t=22250.7s remaining=565
    iter=1436 E=-2.1802124853 nfev=1440 t=22265.3s remaining=564
    iter=1437 E=-2.1802126061 nfev=1441 t=22280.7s remaining=563
    iter=1438 E=-2.1802126699 nfev=1442 t=22296.6s remaining=562
    iter=1439 E=-2.1802127202 nfev=1443 t=22310.0s remaining=561
    iter=1440 E=-2.1802127701 nfev=1444 t=22330.1s remaining=560
    iter=1441 E=-2.1802128386 nfev=1445 t=22344.9s remaining=559
    iter=1442 E=-2.1802129307 nfev=1446 t=22357.1s remaining=558
    iter=1443 E=-2.1802130650 nfev=1447 t=22369.4s remaining=557
    iter=1444 E=-2.1802132464 nfev=1448 t=22384.2s remaining=556
    iter=1445 E=-2.1802134444 nfev=1449 t=22397.3s remaining=555
    iter=1446 E=-2.1802137037 nfev=1450 t=22411.8s remaining=554
    iter=1447 E=-2.1802140255 nfev=1451 t=22425.5s remaining=553
    iter=1448 E=-2.1802143366 nfev=1452 t=22441.8s remaining=552
    iter=1449 E=-2.1802145448 nfev=1453 t=22457.6s remaining=551
    iter=1450 E=-2.1802146751 nfev=1454 t=22475.5s remaining=550
    iter=1451 E=-2.1802147600 nfev=1455 t=22492.7s remaining=549
    iter=1452 E=-2.1802148251 nfev=1456 t=22504.0s remaining=548
    iter=1453 E=-2.1802148797 nfev=1457 t=22516.5s remaining=547
    iter=1454 E=-2.1802149285 nfev=1458 t=22532.2s remaining=546
    iter=1455 E=-2.1802149856 nfev=1459 t=22547.9s remaining=545
    iter=1456 E=-2.1802150575 nfev=1460 t=22564.1s remaining=544
    iter=1457 E=-2.1802151642 nfev=1461 t=22579.8s remaining=543
    iter=1458 E=-2.1802153200 nfev=1462 t=22594.6s remaining=542
    iter=1459 E=-2.1802155097 nfev=1463 t=22610.5s remaining=541
    iter=1460 E=-2.1802157449 nfev=1464 t=22626.1s remaining=540
    iter=1461 E=-2.1802160017 nfev=1465 t=22642.0s remaining=539
    iter=1462 E=-2.1802162627 nfev=1466 t=22664.7s remaining=538
    iter=1463 E=-2.1802165085 nfev=1467 t=22679.4s remaining=537
    iter=1464 E=-2.1802167148 nfev=1468 t=22695.9s remaining=536
    iter=1465 E=-2.1802168637 nfev=1469 t=22714.1s remaining=535
    iter=1466 E=-2.1802169677 nfev=1470 t=22727.3s remaining=534
    iter=1467 E=-2.1802170454 nfev=1471 t=22741.9s remaining=533
    iter=1468 E=-2.1802171017 nfev=1472 t=22753.0s remaining=532
    iter=1469 E=-2.1802171412 nfev=1473 t=22764.4s remaining=531
    iter=1470 E=-2.1802171827 nfev=1474 t=22778.9s remaining=530
    iter=1471 E=-2.1802172328 nfev=1475 t=22801.4s remaining=529
    iter=1472 E=-2.1802173052 nfev=1476 t=22818.9s remaining=528
    iter=1473 E=-2.1802174127 nfev=1477 t=22834.0s remaining=527
    iter=1474 E=-2.1802175624 nfev=1478 t=22848.4s remaining=526
    iter=1475 E=-2.1802177572 nfev=1479 t=22864.0s remaining=525
    iter=1476 E=-2.1802180070 nfev=1480 t=22877.3s remaining=524
    iter=1477 E=-2.1802183019 nfev=1481 t=22892.3s remaining=523
    iter=1478 E=-2.1802185890 nfev=1482 t=22909.6s remaining=522
    iter=1479 E=-2.1802188276 nfev=1483 t=22921.9s remaining=521
    iter=1480 E=-2.1802190441 nfev=1484 t=22942.1s remaining=520
    iter=1481 E=-2.1802192319 nfev=1485 t=22956.0s remaining=519
    iter=1482 E=-2.1802193363 nfev=1486 t=22976.4s remaining=518
    iter=1483 E=-2.1802194484 nfev=1487 t=22987.9s remaining=517
    iter=1484 E=-2.1802195452 nfev=1488 t=23004.8s remaining=516
    iter=1485 E=-2.1802196243 nfev=1489 t=23021.0s remaining=515
    iter=1486 E=-2.1802197003 nfev=1490 t=23037.9s remaining=514
    iter=1487 E=-2.1802197601 nfev=1491 t=23050.5s remaining=513
    iter=1488 E=-2.1802198282 nfev=1492 t=23066.8s remaining=512
    iter=1489 E=-2.1802199155 nfev=1493 t=23081.9s remaining=511
    iter=1490 E=-2.1802200462 nfev=1494 t=23096.1s remaining=510
    iter=1491 E=-2.1802202303 nfev=1495 t=23112.3s remaining=509
    iter=1492 E=-2.1802204319 nfev=1496 t=23127.4s remaining=508
    iter=1493 E=-2.1802205943 nfev=1497 t=23142.9s remaining=507
    iter=1494 E=-2.1802207532 nfev=1498 t=23161.1s remaining=506
    iter=1495 E=-2.1802209101 nfev=1499 t=23178.5s remaining=505
    iter=1496 E=-2.1802210657 nfev=1500 t=23196.5s remaining=504
    iter=1497 E=-2.1802212322 nfev=1501 t=23213.5s remaining=503
    iter=1498 E=-2.1802213998 nfev=1502 t=23229.4s remaining=502
    iter=1499 E=-2.1802215575 nfev=1503 t=23246.7s remaining=501
    iter=1500 E=-2.1802217428 nfev=1504 t=23264.2s remaining=500
    iter=1501 E=-2.1802219708 nfev=1505 t=23278.5s remaining=499
    iter=1502 E=-2.1802221966 nfev=1506 t=23293.7s remaining=498
    iter=1503 E=-2.1802223236 nfev=1507 t=23310.0s remaining=497
    iter=1504 E=-2.1802224241 nfev=1508 t=23327.5s remaining=496
    iter=1505 E=-2.1802225188 nfev=1509 t=23340.9s remaining=495
    iter=1506 E=-2.1802225924 nfev=1510 t=23356.3s remaining=494
    iter=1507 E=-2.1802226722 nfev=1511 t=23371.8s remaining=493
    iter=1508 E=-2.1802227440 nfev=1512 t=23387.0s remaining=492
    iter=1509 E=-2.1802228193 nfev=1513 t=23401.2s remaining=491
    iter=1510 E=-2.1802229248 nfev=1514 t=23417.5s remaining=490
    iter=1511 E=-2.1802230659 nfev=1515 t=23430.0s remaining=489
    iter=1512 E=-2.1802232648 nfev=1516 t=23442.4s remaining=488
    iter=1513 E=-2.1802235183 nfev=1517 t=23459.1s remaining=487
    iter=1514 E=-2.1802237850 nfev=1518 t=23480.0s remaining=486
    iter=1515 E=-2.1802240610 nfev=1519 t=23496.4s remaining=485
    iter=1516 E=-2.1802243694 nfev=1520 t=23511.0s remaining=484
    iter=1517 E=-2.1802247344 nfev=1521 t=23532.8s remaining=483
    iter=1518 E=-2.1802250295 nfev=1522 t=23548.7s remaining=482
    iter=1519 E=-2.1802252117 nfev=1523 t=23564.5s remaining=481
    iter=1520 E=-2.1802253234 nfev=1524 t=23580.5s remaining=480
    iter=1521 E=-2.1802253991 nfev=1525 t=23600.4s remaining=479
    iter=1522 E=-2.1802254502 nfev=1526 t=23612.2s remaining=478
    iter=1523 E=-2.1802254965 nfev=1527 t=23629.8s remaining=477
    iter=1524 E=-2.1802255589 nfev=1528 t=23642.2s remaining=476
    iter=1525 E=-2.1802256324 nfev=1529 t=23657.8s remaining=475
    iter=1526 E=-2.1802257324 nfev=1530 t=23684.9s remaining=474
    iter=1527 E=-2.1802258705 nfev=1531 t=23697.2s remaining=473
    iter=1528 E=-2.1802260681 nfev=1532 t=23714.0s remaining=472
    iter=1529 E=-2.1802263439 nfev=1533 t=23731.0s remaining=471
    iter=1530 E=-2.1802267161 nfev=1534 t=23754.8s remaining=470
    iter=1531 E=-2.1802271194 nfev=1535 t=23775.2s remaining=469
    iter=1532 E=-2.1802274373 nfev=1536 t=23789.5s remaining=468
    iter=1533 E=-2.1802276719 nfev=1537 t=23801.8s remaining=467
    iter=1534 E=-2.1802278555 nfev=1538 t=23818.5s remaining=466
    iter=1535 E=-2.1802280157 nfev=1539 t=23835.4s remaining=465
    iter=1536 E=-2.1802281272 nfev=1540 t=23848.8s remaining=464
    iter=1537 E=-2.1802282205 nfev=1541 t=23862.6s remaining=463
    iter=1538 E=-2.1802282744 nfev=1542 t=23872.3s remaining=462
    iter=1539 E=-2.1802283289 nfev=1543 t=23887.0s remaining=461
    iter=1540 E=-2.1802283963 nfev=1544 t=23901.5s remaining=460
    iter=1541 E=-2.1802284800 nfev=1545 t=23916.7s remaining=459
    iter=1542 E=-2.1802285699 nfev=1546 t=23931.5s remaining=458
    iter=1543 E=-2.1802286934 nfev=1547 t=23948.6s remaining=457
    iter=1544 E=-2.1802288565 nfev=1548 t=23969.1s remaining=456
    iter=1545 E=-2.1802290193 nfev=1549 t=23987.1s remaining=455
    iter=1546 E=-2.1802292306 nfev=1550 t=23999.9s remaining=454
    iter=1547 E=-2.1802294923 nfev=1551 t=24013.2s remaining=453
    iter=1548 E=-2.1802298099 nfev=1552 t=24028.0s remaining=452
    iter=1549 E=-2.1802300878 nfev=1553 t=24040.0s remaining=451
    iter=1550 E=-2.1802303338 nfev=1554 t=24053.0s remaining=450
    iter=1551 E=-2.1802305377 nfev=1555 t=24071.3s remaining=449
    iter=1552 E=-2.1802306792 nfev=1556 t=24085.6s remaining=448
    iter=1553 E=-2.1802307624 nfev=1557 t=24101.7s remaining=447
    iter=1554 E=-2.1802308262 nfev=1558 t=24117.7s remaining=446
    iter=1555 E=-2.1802308762 nfev=1559 t=24124.9s remaining=445
    iter=1556 E=-2.1802309211 nfev=1560 t=24140.4s remaining=444
    iter=1557 E=-2.1802309791 nfev=1561 t=24153.5s remaining=443
    iter=1558 E=-2.1802310501 nfev=1562 t=24169.8s remaining=442
    iter=1559 E=-2.1802311429 nfev=1563 t=24181.5s remaining=441
    iter=1560 E=-2.1802312447 nfev=1564 t=24196.2s remaining=440
    iter=1561 E=-2.1802313632 nfev=1565 t=24216.2s remaining=439
    iter=1562 E=-2.1802314866 nfev=1566 t=24225.3s remaining=438
    iter=1563 E=-2.1802316138 nfev=1567 t=24238.4s remaining=437
    iter=1564 E=-2.1802317687 nfev=1568 t=24254.5s remaining=436
    iter=1565 E=-2.1802319286 nfev=1569 t=24268.4s remaining=435
    iter=1566 E=-2.1802320696 nfev=1570 t=24282.0s remaining=434
    iter=1567 E=-2.1802322438 nfev=1571 t=24295.7s remaining=433
    iter=1568 E=-2.1802324324 nfev=1572 t=24308.6s remaining=432
    iter=1569 E=-2.1802325399 nfev=1573 t=24325.1s remaining=431
    iter=1570 E=-2.1802326292 nfev=1574 t=24335.8s remaining=430
    iter=1571 E=-2.1802326957 nfev=1575 t=24351.7s remaining=429
    iter=1572 E=-2.1802327404 nfev=1576 t=24364.2s remaining=428
    iter=1573 E=-2.1802327724 nfev=1577 t=24377.6s remaining=427
    iter=1574 E=-2.1802328069 nfev=1578 t=24395.0s remaining=426
    iter=1575 E=-2.1802328401 nfev=1579 t=24408.0s remaining=425
    iter=1576 E=-2.1802328876 nfev=1580 t=24424.4s remaining=424
    iter=1577 E=-2.1802329507 nfev=1581 t=24442.6s remaining=423
    iter=1578 E=-2.1802330337 nfev=1582 t=24462.9s remaining=422
    iter=1579 E=-2.1802331597 nfev=1583 t=24477.4s remaining=421
    iter=1580 E=-2.1802333452 nfev=1584 t=24490.3s remaining=420
    iter=1581 E=-2.1802335941 nfev=1585 t=24503.3s remaining=419
    iter=1582 E=-2.1802338404 nfev=1586 t=24518.5s remaining=418
    iter=1583 E=-2.1802340768 nfev=1587 t=24535.8s remaining=417
    iter=1584 E=-2.1802342669 nfev=1588 t=24549.2s remaining=416
    iter=1585 E=-2.1802344226 nfev=1589 t=24562.6s remaining=415
    iter=1586 E=-2.1802345579 nfev=1590 t=24573.5s remaining=414
    iter=1587 E=-2.1802346587 nfev=1591 t=24590.9s remaining=413
    iter=1588 E=-2.1802347301 nfev=1592 t=24605.8s remaining=412
    iter=1589 E=-2.1802347774 nfev=1593 t=24618.2s remaining=411
    iter=1590 E=-2.1802348125 nfev=1594 t=24632.1s remaining=410
    iter=1591 E=-2.1802348404 nfev=1595 t=24643.5s remaining=409
    iter=1592 E=-2.1802348736 nfev=1596 t=24659.1s remaining=408
    iter=1593 E=-2.1802349079 nfev=1597 t=24676.9s remaining=407
    iter=1594 E=-2.1802349572 nfev=1598 t=24691.6s remaining=406
    iter=1595 E=-2.1802350060 nfev=1599 t=24706.2s remaining=405
    iter=1596 E=-2.1802350612 nfev=1600 t=24721.5s remaining=404
    iter=1597 E=-2.1802351301 nfev=1601 t=24732.2s remaining=403
    iter=1598 E=-2.1802352100 nfev=1602 t=24749.7s remaining=402
    iter=1599 E=-2.1802353159 nfev=1603 t=24765.7s remaining=401
    iter=1600 E=-2.1802354567 nfev=1604 t=24782.0s remaining=400
    iter=1601 E=-2.1802356337 nfev=1605 t=24798.0s remaining=399
    iter=1602 E=-2.1802358307 nfev=1606 t=24812.2s remaining=398
    iter=1603 E=-2.1802360328 nfev=1607 t=24825.7s remaining=397
    iter=1604 E=-2.1802361849 nfev=1608 t=24842.7s remaining=396
    iter=1605 E=-2.1802362842 nfev=1609 t=24855.8s remaining=395
    iter=1606 E=-2.1802363390 nfev=1610 t=24870.4s remaining=394
    iter=1607 E=-2.1802363769 nfev=1611 t=24886.5s remaining=393
    iter=1608 E=-2.1802364038 nfev=1612 t=24898.2s remaining=392
    iter=1609 E=-2.1802364263 nfev=1613 t=24914.6s remaining=391
    iter=1610 E=-2.1802364537 nfev=1614 t=24926.7s remaining=390
    iter=1611 E=-2.1802364908 nfev=1615 t=24942.2s remaining=389
    iter=1612 E=-2.1802365453 nfev=1616 t=24962.5s remaining=388
    iter=1613 E=-2.1802366237 nfev=1617 t=24980.4s remaining=387
    iter=1614 E=-2.1802367406 nfev=1618 t=24996.3s remaining=386
    iter=1615 E=-2.1802369216 nfev=1619 t=25008.0s remaining=385
    iter=1616 E=-2.1802371763 nfev=1620 t=25023.1s remaining=384
    iter=1617 E=-2.1802374477 nfev=1621 t=25038.9s remaining=383
    iter=1618 E=-2.1802376220 nfev=1622 t=25053.6s remaining=382
    iter=1619 E=-2.1802377365 nfev=1623 t=25069.5s remaining=381
    iter=1620 E=-2.1802377945 nfev=1624 t=25086.2s remaining=380
    iter=1621 E=-2.1802378421 nfev=1625 t=25097.9s remaining=379
    iter=1622 E=-2.1802378787 nfev=1626 t=25116.2s remaining=378
    iter=1623 E=-2.1802379068 nfev=1627 t=25130.7s remaining=377
    iter=1624 E=-2.1802379318 nfev=1628 t=25145.5s remaining=376
    iter=1625 E=-2.1802379588 nfev=1629 t=25164.3s remaining=375
    iter=1626 E=-2.1802379951 nfev=1630 t=25176.4s remaining=374
    iter=1627 E=-2.1802380493 nfev=1631 t=25194.9s remaining=373
    iter=1628 E=-2.1802381367 nfev=1632 t=25211.7s remaining=372
    iter=1629 E=-2.1802382797 nfev=1633 t=25222.8s remaining=371
    iter=1630 E=-2.1802384946 nfev=1634 t=25240.6s remaining=370
    iter=1631 E=-2.1802387451 nfev=1635 t=25256.4s remaining=369
    iter=1632 E=-2.1802389448 nfev=1636 t=25268.0s remaining=368
    iter=1633 E=-2.1802391479 nfev=1637 t=25283.8s remaining=367
    iter=1634 E=-2.1802393066 nfev=1638 t=25301.8s remaining=366
    iter=1635 E=-2.1802393850 nfev=1639 t=25317.9s remaining=365
    iter=1636 E=-2.1802394400 nfev=1640 t=25332.0s remaining=364
    iter=1637 E=-2.1802394757 nfev=1641 t=25354.3s remaining=363
    iter=1638 E=-2.1802394966 nfev=1642 t=25368.8s remaining=362
    iter=1639 E=-2.1802395193 nfev=1643 t=25389.8s remaining=361
    iter=1640 E=-2.1802395512 nfev=1644 t=25405.5s remaining=360
    iter=1641 E=-2.1802395952 nfev=1645 t=25423.1s remaining=359
    iter=1642 E=-2.1802396560 nfev=1646 t=25444.9s remaining=358
    iter=1643 E=-2.1802397415 nfev=1647 t=25464.7s remaining=357
    iter=1644 E=-2.1802398632 nfev=1648 t=25485.1s remaining=356
    iter=1645 E=-2.1802400351 nfev=1649 t=25501.2s remaining=355
    iter=1646 E=-2.1802402592 nfev=1650 t=25516.7s remaining=354
    iter=1647 E=-2.1802404816 nfev=1651 t=25532.4s remaining=353
    iter=1648 E=-2.1802406543 nfev=1652 t=25547.7s remaining=352
    iter=1649 E=-2.1802408201 nfev=1653 t=25564.4s remaining=351
    iter=1650 E=-2.1802409232 nfev=1654 t=25580.8s remaining=350
    iter=1651 E=-2.1802409961 nfev=1655 t=25594.3s remaining=349
    iter=1652 E=-2.1802410616 nfev=1656 t=25610.7s remaining=348
    iter=1653 E=-2.1802410996 nfev=1657 t=25625.5s remaining=347
    iter=1654 E=-2.1802411223 nfev=1658 t=25640.1s remaining=346
    iter=1655 E=-2.1802411528 nfev=1659 t=25655.8s remaining=345
    iter=1656 E=-2.1802411898 nfev=1660 t=25669.6s remaining=344
    iter=1657 E=-2.1802412328 nfev=1661 t=25690.3s remaining=343
    iter=1658 E=-2.1802412954 nfev=1662 t=25701.3s remaining=342
    iter=1659 E=-2.1802413921 nfev=1663 t=25714.9s remaining=341
    iter=1660 E=-2.1802415331 nfev=1664 t=25727.8s remaining=340
    iter=1661 E=-2.1802417253 nfev=1665 t=25739.5s remaining=339
    iter=1662 E=-2.1802419454 nfev=1666 t=25753.0s remaining=338
    iter=1663 E=-2.1802421926 nfev=1667 t=25770.7s remaining=337
    iter=1664 E=-2.1802423915 nfev=1668 t=25785.7s remaining=336
    iter=1665 E=-2.1802425039 nfev=1669 t=25795.8s remaining=335
    iter=1666 E=-2.1802425801 nfev=1670 t=25810.3s remaining=334
    iter=1667 E=-2.1802426356 nfev=1671 t=25819.7s remaining=333
    iter=1668 E=-2.1802426681 nfev=1672 t=25836.8s remaining=332
    iter=1669 E=-2.1802426874 nfev=1673 t=25853.3s remaining=331
    iter=1670 E=-2.1802427135 nfev=1674 t=25866.7s remaining=330
    iter=1671 E=-2.1802427423 nfev=1675 t=25878.9s remaining=329
    iter=1672 E=-2.1802427770 nfev=1676 t=25896.3s remaining=328
    iter=1673 E=-2.1802428244 nfev=1677 t=25909.1s remaining=327
    iter=1674 E=-2.1802428956 nfev=1678 t=25921.6s remaining=326
    iter=1675 E=-2.1802430041 nfev=1679 t=25940.3s remaining=325
    iter=1676 E=-2.1802431618 nfev=1680 t=25953.4s remaining=324
    iter=1677 E=-2.1802433602 nfev=1681 t=25969.5s remaining=323
    iter=1678 E=-2.1802435963 nfev=1682 t=25984.0s remaining=322
    iter=1679 E=-2.1802438717 nfev=1683 t=26000.4s remaining=321
    iter=1680 E=-2.1802441452 nfev=1684 t=26017.7s remaining=320
    iter=1681 E=-2.1802442935 nfev=1685 t=26033.5s remaining=319
    iter=1682 E=-2.1802444109 nfev=1686 t=26045.6s remaining=318
    iter=1683 E=-2.1802444894 nfev=1687 t=26064.9s remaining=317
    iter=1684 E=-2.1802445493 nfev=1688 t=26081.2s remaining=316
    iter=1685 E=-2.1802445891 nfev=1689 t=26098.6s remaining=315
    iter=1686 E=-2.1802446444 nfev=1690 t=26113.6s remaining=314
    iter=1687 E=-2.1802446897 nfev=1691 t=26127.9s remaining=313
    iter=1688 E=-2.1802447268 nfev=1692 t=26145.9s remaining=312
    iter=1689 E=-2.1802447708 nfev=1693 t=26159.4s remaining=311
    iter=1690 E=-2.1802448264 nfev=1694 t=26171.5s remaining=310
    iter=1691 E=-2.1802449071 nfev=1695 t=26186.7s remaining=309
    iter=1692 E=-2.1802450308 nfev=1696 t=26201.4s remaining=308
    iter=1693 E=-2.1802452125 nfev=1697 t=26213.6s remaining=307
    iter=1694 E=-2.1802454520 nfev=1698 t=26225.1s remaining=306
    iter=1695 E=-2.1802456642 nfev=1699 t=26240.6s remaining=305
    iter=1696 E=-2.1802458472 nfev=1700 t=26256.1s remaining=304
    iter=1697 E=-2.1802459626 nfev=1701 t=26271.1s remaining=303
    iter=1698 E=-2.1802460309 nfev=1702 t=26288.6s remaining=302
    iter=1699 E=-2.1802460727 nfev=1703 t=26310.7s remaining=301
    iter=1700 E=-2.1802460982 nfev=1704 t=26325.7s remaining=300
    iter=1701 E=-2.1802461173 nfev=1705 t=26340.2s remaining=299
    iter=1702 E=-2.1802461366 nfev=1706 t=26354.6s remaining=298
    iter=1703 E=-2.1802461558 nfev=1707 t=26374.0s remaining=297
    iter=1704 E=-2.1802461782 nfev=1708 t=26389.6s remaining=296
    iter=1705 E=-2.1802462082 nfev=1709 t=26396.0s remaining=295
    iter=1706 E=-2.1802462521 nfev=1710 t=26413.7s remaining=294
    iter=1707 E=-2.1802463206 nfev=1711 t=26429.5s remaining=293
    iter=1708 E=-2.1802464258 nfev=1712 t=26444.1s remaining=292
    iter=1709 E=-2.1802465804 nfev=1713 t=26460.8s remaining=291
    iter=1710 E=-2.1802467751 nfev=1714 t=26474.8s remaining=290
    iter=1711 E=-2.1802469616 nfev=1715 t=26492.0s remaining=289
    iter=1712 E=-2.1802471578 nfev=1716 t=26507.2s remaining=288
    iter=1713 E=-2.1802472744 nfev=1717 t=26525.6s remaining=287
    iter=1714 E=-2.1802473365 nfev=1718 t=26543.4s remaining=286
    iter=1715 E=-2.1802473913 nfev=1719 t=26558.9s remaining=285
    iter=1716 E=-2.1802474303 nfev=1720 t=26575.1s remaining=284
    iter=1717 E=-2.1802474561 nfev=1721 t=26590.5s remaining=283
    iter=1718 E=-2.1802474727 nfev=1722 t=26603.4s remaining=282
    iter=1719 E=-2.1802474917 nfev=1723 t=26616.5s remaining=281
    iter=1720 E=-2.1802475103 nfev=1724 t=26634.7s remaining=280
    iter=1721 E=-2.1802475305 nfev=1725 t=26651.3s remaining=279
    iter=1722 E=-2.1802475604 nfev=1726 t=26667.6s remaining=278
    iter=1723 E=-2.1802476038 nfev=1727 t=26682.5s remaining=277
    iter=1724 E=-2.1802476673 nfev=1728 t=26697.7s remaining=276
    iter=1725 E=-2.1802477584 nfev=1729 t=26708.2s remaining=275
    iter=1726 E=-2.1802478885 nfev=1730 t=26724.7s remaining=274
    iter=1727 E=-2.1802480636 nfev=1731 t=26736.9s remaining=273
    iter=1728 E=-2.1802482431 nfev=1732 t=26753.3s remaining=272
    iter=1729 E=-2.1802483606 nfev=1733 t=26769.6s remaining=271
    iter=1730 E=-2.1802484273 nfev=1734 t=26787.6s remaining=270
    iter=1731 E=-2.1802484662 nfev=1735 t=26796.9s remaining=269
    iter=1732 E=-2.1802484942 nfev=1736 t=26813.9s remaining=268
    iter=1733 E=-2.1802485098 nfev=1737 t=26828.5s remaining=267
    iter=1734 E=-2.1802485239 nfev=1738 t=26843.7s remaining=266
    iter=1735 E=-2.1802485430 nfev=1739 t=26857.8s remaining=265
    iter=1736 E=-2.1802485661 nfev=1740 t=26874.6s remaining=264
    iter=1737 E=-2.1802485865 nfev=1741 t=26885.9s remaining=263
    iter=1738 E=-2.1802486144 nfev=1742 t=26903.1s remaining=262
    iter=1739 E=-2.1802486544 nfev=1743 t=26919.4s remaining=261
    iter=1740 E=-2.1802487167 nfev=1744 t=26937.2s remaining=260
    iter=1741 E=-2.1802488080 nfev=1745 t=26954.2s remaining=259
    iter=1742 E=-2.1802489347 nfev=1746 t=26972.6s remaining=258
    iter=1743 E=-2.1802490629 nfev=1747 t=26986.6s remaining=257
    iter=1744 E=-2.1802491859 nfev=1748 t=27002.5s remaining=256
    iter=1745 E=-2.1802492875 nfev=1749 t=27020.0s remaining=255
    iter=1746 E=-2.1802493575 nfev=1750 t=27037.9s remaining=254
    iter=1747 E=-2.1802494059 nfev=1751 t=27053.8s remaining=253
    iter=1748 E=-2.1802494412 nfev=1752 t=27066.2s remaining=252
    iter=1749 E=-2.1802494635 nfev=1753 t=27079.9s remaining=251
    iter=1750 E=-2.1802494788 nfev=1754 t=27090.8s remaining=250
    iter=1751 E=-2.1802495002 nfev=1755 t=27105.5s remaining=249
    iter=1752 E=-2.1802495262 nfev=1756 t=27121.1s remaining=248
    iter=1753 E=-2.1802495615 nfev=1757 t=27134.5s remaining=247
    iter=1754 E=-2.1802496094 nfev=1758 t=27150.8s remaining=246
    iter=1755 E=-2.1802496699 nfev=1759 t=27166.6s remaining=245
    iter=1756 E=-2.1802497249 nfev=1760 t=27181.5s remaining=244
    iter=1757 E=-2.1802497808 nfev=1761 t=27195.6s remaining=243
    iter=1758 E=-2.1802498399 nfev=1762 t=27212.9s remaining=242
    iter=1759 E=-2.1802499201 nfev=1763 t=27224.0s remaining=241
    iter=1760 E=-2.1802500072 nfev=1764 t=27237.7s remaining=240
    iter=1761 E=-2.1802500818 nfev=1765 t=27249.8s remaining=239
    iter=1762 E=-2.1802501612 nfev=1766 t=27265.8s remaining=238
    iter=1763 E=-2.1802502574 nfev=1767 t=27281.3s remaining=237
    iter=1764 E=-2.1802503304 nfev=1768 t=27301.8s remaining=236
    iter=1765 E=-2.1802503983 nfev=1769 t=27316.9s remaining=235
    iter=1766 E=-2.1802504400 nfev=1770 t=27328.1s remaining=234
    iter=1767 E=-2.1802504661 nfev=1771 t=27342.2s remaining=233
    iter=1768 E=-2.1802504883 nfev=1772 t=27355.3s remaining=232
    iter=1769 E=-2.1802505077 nfev=1773 t=27368.7s remaining=231
    iter=1770 E=-2.1802505258 nfev=1774 t=27384.7s remaining=230
    iter=1771 E=-2.1802505502 nfev=1775 t=27402.5s remaining=229
    iter=1772 E=-2.1802505774 nfev=1776 t=27418.0s remaining=228
    iter=1773 E=-2.1802506108 nfev=1777 t=27431.5s remaining=227
    iter=1774 E=-2.1802506553 nfev=1778 t=27448.1s remaining=226
    iter=1775 E=-2.1802507213 nfev=1779 t=27463.1s remaining=225
    iter=1776 E=-2.1802508187 nfev=1780 t=27483.7s remaining=224
    iter=1777 E=-2.1802509512 nfev=1781 t=27501.5s remaining=223
    iter=1778 E=-2.1802510837 nfev=1782 t=27520.4s remaining=222
    iter=1779 E=-2.1802512016 nfev=1783 t=27537.3s remaining=221
    iter=1780 E=-2.1802512935 nfev=1784 t=27564.4s remaining=220
    iter=1781 E=-2.1802513602 nfev=1785 t=27577.4s remaining=219
    iter=1782 E=-2.1802514180 nfev=1786 t=27598.1s remaining=218
    iter=1783 E=-2.1802514543 nfev=1787 t=27609.5s remaining=217
    iter=1784 E=-2.1802514812 nfev=1788 t=27627.5s remaining=216
    iter=1785 E=-2.1802515002 nfev=1789 t=27642.1s remaining=215
    iter=1786 E=-2.1802515234 nfev=1790 t=27656.6s remaining=214
    iter=1787 E=-2.1802515470 nfev=1791 t=27674.7s remaining=213
    iter=1788 E=-2.1802515768 nfev=1792 t=27693.8s remaining=212
    iter=1789 E=-2.1802516195 nfev=1793 t=27707.6s remaining=211
    iter=1790 E=-2.1802516814 nfev=1794 t=27723.4s remaining=210
    iter=1791 E=-2.1802517745 nfev=1795 t=27741.1s remaining=209
    iter=1792 E=-2.1802519066 nfev=1796 t=27760.3s remaining=208
    iter=1793 E=-2.1802520644 nfev=1797 t=27773.3s remaining=207
    iter=1794 E=-2.1802522330 nfev=1798 t=27791.2s remaining=206
    iter=1795 E=-2.1802524415 nfev=1799 t=27810.7s remaining=205
    iter=1796 E=-2.1802526671 nfev=1800 t=27828.3s remaining=204
    iter=1797 E=-2.1802528351 nfev=1801 t=27841.5s remaining=203
    iter=1798 E=-2.1802529457 nfev=1802 t=27857.1s remaining=202
    iter=1799 E=-2.1802529922 nfev=1803 t=27872.2s remaining=201
    iter=1800 E=-2.1802530226 nfev=1804 t=27886.5s remaining=200
    iter=1801 E=-2.1802530449 nfev=1805 t=27903.7s remaining=199
    iter=1802 E=-2.1802530726 nfev=1806 t=27921.2s remaining=198
    iter=1803 E=-2.1802530978 nfev=1807 t=27939.7s remaining=197
    iter=1804 E=-2.1802531305 nfev=1808 t=27955.7s remaining=196
    iter=1805 E=-2.1802531690 nfev=1809 t=27969.0s remaining=195
    iter=1806 E=-2.1802532116 nfev=1810 t=27985.9s remaining=194
    iter=1807 E=-2.1802532620 nfev=1811 t=28000.8s remaining=193
    iter=1808 E=-2.1802533203 nfev=1812 t=28021.7s remaining=192
    iter=1809 E=-2.1802533829 nfev=1813 t=28039.3s remaining=191
    iter=1810 E=-2.1802534644 nfev=1814 t=28054.4s remaining=190
    iter=1811 E=-2.1802535763 nfev=1815 t=28070.9s remaining=189
    iter=1812 E=-2.1802536973 nfev=1816 t=28088.1s remaining=188
    iter=1813 E=-2.1802538279 nfev=1817 t=28105.9s remaining=187
    iter=1814 E=-2.1802539404 nfev=1818 t=28120.9s remaining=186
    iter=1815 E=-2.1802540173 nfev=1819 t=28139.6s remaining=185
    iter=1816 E=-2.1802540780 nfev=1820 t=28157.6s remaining=184
    iter=1817 E=-2.1802541456 nfev=1821 t=28172.1s remaining=183
    iter=1818 E=-2.1802542020 nfev=1822 t=28189.2s remaining=182
    iter=1819 E=-2.1802542400 nfev=1823 t=28205.7s remaining=181
    iter=1820 E=-2.1802542658 nfev=1824 t=28224.6s remaining=180
    iter=1821 E=-2.1802542835 nfev=1825 t=28238.4s remaining=179
    iter=1822 E=-2.1802542945 nfev=1826 t=28251.2s remaining=178
    iter=1823 E=-2.1802543082 nfev=1827 t=28266.4s remaining=177
    iter=1824 E=-2.1802543248 nfev=1828 t=28283.2s remaining=176
    iter=1825 E=-2.1802543466 nfev=1829 t=28295.6s remaining=175
    iter=1826 E=-2.1802543768 nfev=1830 t=28308.9s remaining=174
    iter=1827 E=-2.1802544241 nfev=1831 t=28320.4s remaining=173
    iter=1828 E=-2.1802544983 nfev=1832 t=28335.1s remaining=172
    iter=1829 E=-2.1802546040 nfev=1833 t=28351.2s remaining=171
    iter=1830 E=-2.1802546946 nfev=1834 t=28368.7s remaining=170
    iter=1831 E=-2.1802548005 nfev=1835 t=28387.4s remaining=169
    iter=1832 E=-2.1802549233 nfev=1836 t=28401.8s remaining=168
    iter=1833 E=-2.1802550665 nfev=1837 t=28419.0s remaining=167
    iter=1834 E=-2.1802551600 nfev=1838 t=28436.8s remaining=166
    iter=1835 E=-2.1802552301 nfev=1839 t=28453.4s remaining=165
    iter=1836 E=-2.1802552767 nfev=1840 t=28467.5s remaining=164
    iter=1837 E=-2.1802553013 nfev=1841 t=28482.8s remaining=163
    iter=1838 E=-2.1802553253 nfev=1842 t=28496.7s remaining=162
    iter=1839 E=-2.1802553519 nfev=1843 t=28511.3s remaining=161
    iter=1840 E=-2.1802553686 nfev=1844 t=28530.4s remaining=160
    iter=1841 E=-2.1802553917 nfev=1845 t=28542.8s remaining=159
    iter=1842 E=-2.1802554184 nfev=1846 t=28560.5s remaining=158
    iter=1843 E=-2.1802554485 nfev=1847 t=28581.7s remaining=157
    iter=1844 E=-2.1802554874 nfev=1848 t=28593.1s remaining=156
    iter=1845 E=-2.1802555441 nfev=1849 t=28609.6s remaining=155
    iter=1846 E=-2.1802556162 nfev=1850 t=28624.7s remaining=154
    iter=1847 E=-2.1802557063 nfev=1851 t=28641.0s remaining=153
    iter=1848 E=-2.1802558169 nfev=1852 t=28659.6s remaining=152
    iter=1849 E=-2.1802559430 nfev=1853 t=28677.1s remaining=151
    iter=1850 E=-2.1802560655 nfev=1854 t=28693.1s remaining=150
    iter=1851 E=-2.1802561805 nfev=1855 t=28708.8s remaining=149
    iter=1852 E=-2.1802562918 nfev=1856 t=28725.0s remaining=148
    iter=1853 E=-2.1802564043 nfev=1857 t=28738.5s remaining=147
    iter=1854 E=-2.1802564958 nfev=1858 t=28755.2s remaining=146
    iter=1855 E=-2.1802565576 nfev=1859 t=28768.6s remaining=145
    iter=1856 E=-2.1802565958 nfev=1860 t=28784.7s remaining=144
    iter=1857 E=-2.1802566186 nfev=1861 t=28797.2s remaining=143
    iter=1858 E=-2.1802566356 nfev=1862 t=28815.1s remaining=142
    iter=1859 E=-2.1802566547 nfev=1863 t=28829.9s remaining=141
    iter=1860 E=-2.1802566691 nfev=1864 t=28843.6s remaining=140
    iter=1861 E=-2.1802566861 nfev=1865 t=28856.0s remaining=139
    iter=1862 E=-2.1802567122 nfev=1866 t=28873.6s remaining=138
    iter=1863 E=-2.1802567539 nfev=1867 t=28891.3s remaining=137
    iter=1864 E=-2.1802568216 nfev=1868 t=28906.6s remaining=136
    iter=1865 E=-2.1802569325 nfev=1869 t=28921.4s remaining=135
    iter=1866 E=-2.1802570989 nfev=1870 t=28937.9s remaining=134
    iter=1867 E=-2.1802572731 nfev=1871 t=28954.1s remaining=133
    iter=1868 E=-2.1802574030 nfev=1872 t=28969.1s remaining=132
    iter=1869 E=-2.1802575412 nfev=1873 t=28985.5s remaining=131
    iter=1870 E=-2.1802576767 nfev=1874 t=29003.7s remaining=130
    iter=1871 E=-2.1802577553 nfev=1875 t=29020.0s remaining=129
    iter=1872 E=-2.1802578158 nfev=1876 t=29038.8s remaining=128
    iter=1873 E=-2.1802578556 nfev=1877 t=29055.1s remaining=127
    iter=1874 E=-2.1802578735 nfev=1878 t=29071.7s remaining=126
    iter=1875 E=-2.1802578935 nfev=1879 t=29087.0s remaining=125
    iter=1876 E=-2.1802579176 nfev=1880 t=29104.7s remaining=124
    iter=1877 E=-2.1802579410 nfev=1881 t=29120.7s remaining=123
    iter=1878 E=-2.1802579753 nfev=1882 t=29137.3s remaining=122
    iter=1879 E=-2.1802580196 nfev=1883 t=29152.2s remaining=121
    iter=1880 E=-2.1802580795 nfev=1884 t=29167.4s remaining=120
    iter=1881 E=-2.1802581571 nfev=1885 t=29183.2s remaining=119
    iter=1882 E=-2.1802582496 nfev=1886 t=29194.6s remaining=118
    iter=1883 E=-2.1802583645 nfev=1887 t=29210.8s remaining=117
    iter=1884 E=-2.1802584832 nfev=1888 t=29227.7s remaining=116
    iter=1885 E=-2.1802585704 nfev=1889 t=29240.4s remaining=115
    iter=1886 E=-2.1802586521 nfev=1890 t=29252.9s remaining=114
    iter=1887 E=-2.1802587267 nfev=1891 t=29274.6s remaining=113
    iter=1888 E=-2.1802587781 nfev=1892 t=29288.0s remaining=112
    iter=1889 E=-2.1802588133 nfev=1893 t=29303.3s remaining=111
    iter=1890 E=-2.1802588355 nfev=1894 t=29320.7s remaining=110
    iter=1891 E=-2.1802588520 nfev=1895 t=29339.1s remaining=109
    iter=1892 E=-2.1802588714 nfev=1896 t=29358.6s remaining=108
    iter=1893 E=-2.1802588909 nfev=1897 t=29373.0s remaining=107
    iter=1894 E=-2.1802589120 nfev=1898 t=29392.4s remaining=106
    iter=1895 E=-2.1802589428 nfev=1899 t=29408.4s remaining=105
    iter=1896 E=-2.1802589893 nfev=1900 t=29423.9s remaining=104
    iter=1897 E=-2.1802590575 nfev=1901 t=29438.1s remaining=103
    iter=1898 E=-2.1802591462 nfev=1902 t=29452.0s remaining=102
    iter=1899 E=-2.1802592299 nfev=1903 t=29471.1s remaining=101
    iter=1900 E=-2.1802592952 nfev=1904 t=29485.3s remaining=100
    iter=1901 E=-2.1802593724 nfev=1905 t=29499.1s remaining=99
    iter=1902 E=-2.1802594598 nfev=1906 t=29518.4s remaining=98
    iter=1903 E=-2.1802595360 nfev=1907 t=29533.9s remaining=97
    iter=1904 E=-2.1802595891 nfev=1908 t=29550.3s remaining=96
    iter=1905 E=-2.1802596447 nfev=1909 t=29560.0s remaining=95
    iter=1906 E=-2.1802597033 nfev=1910 t=29571.0s remaining=94
    iter=1907 E=-2.1802597556 nfev=1911 t=29583.2s remaining=93
    iter=1908 E=-2.1802598276 nfev=1912 t=29602.0s remaining=92
    iter=1909 E=-2.1802598899 nfev=1913 t=29623.8s remaining=91
    iter=1910 E=-2.1802599328 nfev=1914 t=29638.8s remaining=90
    iter=1911 E=-2.1802599619 nfev=1915 t=29651.2s remaining=89
    iter=1912 E=-2.1802599820 nfev=1916 t=29668.5s remaining=88
    iter=1913 E=-2.1802599991 nfev=1917 t=29681.8s remaining=87
    iter=1914 E=-2.1802600182 nfev=1918 t=29695.9s remaining=86
    iter=1915 E=-2.1802600371 nfev=1919 t=29714.8s remaining=85
    iter=1916 E=-2.1802600635 nfev=1920 t=29735.1s remaining=84
    iter=1917 E=-2.1802600997 nfev=1921 t=29747.3s remaining=83
    iter=1918 E=-2.1802601433 nfev=1922 t=29763.1s remaining=82
    iter=1919 E=-2.1802602003 nfev=1923 t=29777.9s remaining=81
    iter=1920 E=-2.1802602808 nfev=1924 t=29793.8s remaining=80
    iter=1921 E=-2.1802603964 nfev=1925 t=29807.3s remaining=79
    iter=1922 E=-2.1802605247 nfev=1926 t=29817.9s remaining=78
    iter=1923 E=-2.1802606105 nfev=1927 t=29830.5s remaining=77
    iter=1924 E=-2.1802606678 nfev=1928 t=29846.5s remaining=76
    iter=1925 E=-2.1802607164 nfev=1929 t=29865.6s remaining=75
    iter=1926 E=-2.1802607680 nfev=1930 t=29882.7s remaining=74
    iter=1927 E=-2.1802608055 nfev=1931 t=29904.2s remaining=73
    iter=1928 E=-2.1802608349 nfev=1932 t=29921.5s remaining=72
    iter=1929 E=-2.1802608559 nfev=1933 t=29937.4s remaining=71
    iter=1930 E=-2.1802608717 nfev=1934 t=29953.9s remaining=70
    iter=1931 E=-2.1802608835 nfev=1935 t=29970.8s remaining=69
    iter=1932 E=-2.1802608938 nfev=1936 t=29988.3s remaining=68
    iter=1933 E=-2.1802609046 nfev=1937 t=30002.1s remaining=67
    iter=1934 E=-2.1802609193 nfev=1938 t=30020.4s remaining=66
    iter=1935 E=-2.1802609378 nfev=1939 t=30034.5s remaining=65
    iter=1936 E=-2.1802609618 nfev=1940 t=30045.4s remaining=64
    iter=1937 E=-2.1802609934 nfev=1941 t=30056.4s remaining=63
    iter=1938 E=-2.1802610364 nfev=1942 t=30073.3s remaining=62
    iter=1939 E=-2.1802610970 nfev=1943 t=30089.9s remaining=61
    iter=1940 E=-2.1802611752 nfev=1944 t=30107.6s remaining=60
    iter=1941 E=-2.1802612623 nfev=1945 t=30120.0s remaining=59
    iter=1942 E=-2.1802613378 nfev=1946 t=30134.9s remaining=58
    iter=1943 E=-2.1802614098 nfev=1947 t=30150.5s remaining=57
    iter=1944 E=-2.1802614518 nfev=1948 t=30164.4s remaining=56
    iter=1945 E=-2.1802614708 nfev=1949 t=30180.2s remaining=55
    iter=1946 E=-2.1802614835 nfev=1950 t=30197.3s remaining=54
    iter=1947 E=-2.1802614909 nfev=1951 t=30209.6s remaining=53
    iter=1948 E=-2.1802615006 nfev=1952 t=30221.1s remaining=52
    iter=1949 E=-2.1802615146 nfev=1953 t=30233.7s remaining=51
    iter=1950 E=-2.1802615279 nfev=1954 t=30251.1s remaining=50
    iter=1951 E=-2.1802615478 nfev=1955 t=30264.7s remaining=49
    iter=1952 E=-2.1802615782 nfev=1956 t=30284.7s remaining=48
    iter=1953 E=-2.1802616260 nfev=1957 t=30296.0s remaining=47
    iter=1954 E=-2.1802616979 nfev=1958 t=30314.9s remaining=46
    iter=1955 E=-2.1802618021 nfev=1959 t=30334.2s remaining=45
    iter=1956 E=-2.1802619205 nfev=1960 t=30344.9s remaining=44
    iter=1957 E=-2.1802620166 nfev=1961 t=30358.6s remaining=43
    iter=1958 E=-2.1802620983 nfev=1962 t=30376.2s remaining=42
    iter=1959 E=-2.1802621796 nfev=1963 t=30389.3s remaining=41
    iter=1960 E=-2.1802622289 nfev=1964 t=30406.8s remaining=40
    iter=1961 E=-2.1802622527 nfev=1965 t=30418.3s remaining=39
    iter=1962 E=-2.1802622801 nfev=1966 t=30434.7s remaining=38
    iter=1963 E=-2.1802622907 nfev=1967 t=30453.6s remaining=37
    iter=1964 E=-2.1802623000 nfev=1968 t=30470.8s remaining=36
    iter=1965 E=-2.1802623126 nfev=1969 t=30487.3s remaining=35
    iter=1966 E=-2.1802623300 nfev=1970 t=30502.8s remaining=34
    iter=1967 E=-2.1802623495 nfev=1971 t=30518.0s remaining=33
    iter=1968 E=-2.1802623836 nfev=1972 t=30527.8s remaining=32
    iter=1969 E=-2.1802624296 nfev=1973 t=30542.4s remaining=31
    iter=1970 E=-2.1802624902 nfev=1974 t=30555.2s remaining=30
    iter=1971 E=-2.1802625703 nfev=1975 t=30570.1s remaining=29
    iter=1972 E=-2.1802626765 nfev=1976 t=30583.5s remaining=28
    iter=1973 E=-2.1802628165 nfev=1977 t=30597.7s remaining=27
    iter=1974 E=-2.1802629871 nfev=1978 t=30610.7s remaining=26
    iter=1975 E=-2.1802631537 nfev=1979 t=30626.0s remaining=25
    iter=1976 E=-2.1802632658 nfev=1980 t=30644.1s remaining=24
    iter=1977 E=-2.1802633381 nfev=1981 t=30662.8s remaining=23
    iter=1978 E=-2.1802633679 nfev=1982 t=30678.2s remaining=22
    iter=1979 E=-2.1802633900 nfev=1983 t=30692.4s remaining=21
    iter=1980 E=-2.1802634025 nfev=1984 t=30710.6s remaining=20
    iter=1981 E=-2.1802634124 nfev=1985 t=30726.6s remaining=19
    iter=1982 E=-2.1802634238 nfev=1986 t=30742.5s remaining=18
    iter=1983 E=-2.1802634384 nfev=1987 t=30760.1s remaining=17
    iter=1984 E=-2.1802634587 nfev=1988 t=30773.4s remaining=16
    iter=1985 E=-2.1802634850 nfev=1989 t=30788.0s remaining=15
    iter=1986 E=-2.1802635194 nfev=1990 t=30802.9s remaining=14
    iter=1987 E=-2.1802635631 nfev=1991 t=30817.5s remaining=13
    iter=1988 E=-2.1802636172 nfev=1992 t=30830.8s remaining=12
    iter=1989 E=-2.1802636950 nfev=1993 t=30847.9s remaining=11
    iter=1990 E=-2.1802637991 nfev=1994 t=30865.4s remaining=10
    iter=1991 E=-2.1802639435 nfev=1995 t=30874.4s remaining=9
    iter=1992 E=-2.1802641098 nfev=1996 t=30886.4s remaining=8
    iter=1993 E=-2.1802642323 nfev=1997 t=30897.7s remaining=7
    iter=1994 E=-2.1802643227 nfev=1998 t=30913.0s remaining=6
    iter=1995 E=-2.1802643725 nfev=1999 t=30932.1s remaining=5
    iter=1996 E=-2.1802644085 nfev=2000 t=30944.4s remaining=4
    iter=1997 E=-2.1802644264 nfev=2001 t=30960.5s remaining=3
    iter=1998 E=-2.1802644424 nfev=2002 t=30977.0s remaining=2
    iter=1999 E=-2.1802644559 nfev=2003 t=30993.1s remaining=1
    iter=2000 E=-2.1802644710 nfev=2004 t=31007.7s remaining=0
    iter=2000 E=-2.1802644710 nfev=2004 t=31007.8s remaining=0
    seed=0 E=-2.1802644710 dE=+1.457e-04 nit=2000 ok=False t=31007.8s
  r=0.88  L=10  npar=428   E=-2.1802644710  |E-FCI|=1.457e-04  FCI=no   chem=yes

=== summary (best seed per layer) ===
  bond   L ansatz                 npar              E     |E-FCI|  FCI? chem?
  0.88  10 (ECD+SNAP)^10 + ECD     428  -2.1802644710   1.457e-04    no   yes

wrote /workspace/qumode_chem/data/results/h4_hybrid_L10_nobs_r088.json
