self-check ok (nfock=4, use_bs=False, worst FD rel err 0.00e+00)
per-iter log: data/results/h4_hybrid_L10_nobs_r0150_iters.jsonl
live snapshot: data/results/h4_hybrid_L10_nobs_r0150_live.json

=== build H4 JWT Hamiltonian at R=1.50 Å ===
=== r=1.50 Å   FCI(pyscf)=-1.9961503255  eig=-1.9961503255  paper_fci=-1.99615033  paper_SNAP_D20=-1.9961503324377303 ===
-- r=1.50  (ECD+SNAP)^10 + ECD   npar=428 --
    iter=1 E=-0.9211939628 nfev=2 t=3.5s remaining=1999
    iter=2 E=-0.9911041180 nfev=3 t=5.3s remaining=1998
    iter=3 E=-1.0625861414 nfev=4 t=7.0s remaining=1997
    iter=4 E=-1.1289210308 nfev=5 t=8.8s remaining=1996
    iter=5 E=-1.1956318432 nfev=6 t=10.7s remaining=1995
    iter=6 E=-1.2166284393 nfev=7 t=12.6s remaining=1994
    iter=7 E=-1.2522862861 nfev=8 t=14.3s remaining=1993
    iter=8 E=-1.3049059506 nfev=9 t=16.2s remaining=1992
    iter=9 E=-1.3562876775 nfev=10 t=18.1s remaining=1991
    iter=10 E=-1.3656119359 nfev=11 t=19.9s remaining=1990
    iter=11 E=-1.3822026479 nfev=12 t=21.8s remaining=1989
    iter=12 E=-1.4091517975 nfev=13 t=23.7s remaining=1988
    iter=13 E=-1.4491945827 nfev=14 t=25.7s remaining=1987
    iter=14 E=-1.4852270119 nfev=15 t=27.5s remaining=1986
    iter=15 E=-1.5075444151 nfev=16 t=29.3s remaining=1985
    iter=16 E=-1.5270366337 nfev=17 t=31.1s remaining=1984
    iter=17 E=-1.5522947826 nfev=18 t=32.9s remaining=1983
    iter=18 E=-1.5844455321 nfev=19 t=34.8s remaining=1982
    iter=19 E=-1.6166406811 nfev=20 t=36.5s remaining=1981
    iter=20 E=-1.6433393947 nfev=21 t=38.2s remaining=1980
    iter=21 E=-1.6588215866 nfev=22 t=39.9s remaining=1979
    iter=22 E=-1.6807829668 nfev=23 t=41.7s remaining=1978
    iter=23 E=-1.7066306703 nfev=24 t=43.5s remaining=1977
    iter=24 E=-1.7340598543 nfev=25 t=45.3s remaining=1976
    iter=25 E=-1.7450587896 nfev=27 t=49.4s remaining=1975
    iter=26 E=-1.7571156943 nfev=28 t=51.1s remaining=1974
    iter=27 E=-1.7685981518 nfev=29 t=52.9s remaining=1973
    iter=28 E=-1.7844351666 nfev=30 t=54.7s remaining=1972
    iter=29 E=-1.7989820148 nfev=31 t=56.5s remaining=1971
    iter=30 E=-1.8153528844 nfev=32 t=58.2s remaining=1970
    iter=31 E=-1.8263853044 nfev=33 t=60.1s remaining=1969
    iter=32 E=-1.8361530355 nfev=34 t=61.9s remaining=1968
    iter=33 E=-1.8476267176 nfev=35 t=63.8s remaining=1967
    iter=34 E=-1.8532104038 nfev=36 t=65.7s remaining=1966
    iter=35 E=-1.8606425206 nfev=37 t=67.4s remaining=1965
    iter=36 E=-1.8689765335 nfev=38 t=69.3s remaining=1964
    iter=37 E=-1.8788808466 nfev=39 t=71.1s remaining=1963
    iter=38 E=-1.8816115694 nfev=40 t=73.1s remaining=1962
    iter=39 E=-1.8861917703 nfev=41 t=74.8s remaining=1961
    iter=40 E=-1.8926834778 nfev=42 t=76.6s remaining=1960
    iter=41 E=-1.9006427815 nfev=43 t=78.3s remaining=1959
    iter=42 E=-1.9030861970 nfev=44 t=80.1s remaining=1958
    iter=43 E=-1.9070960979 nfev=45 t=81.8s remaining=1957
    iter=44 E=-1.9125336636 nfev=46 t=83.5s remaining=1956
    iter=45 E=-1.9170580910 nfev=47 t=85.2s remaining=1955
    iter=46 E=-1.9183877945 nfev=48 t=86.9s remaining=1954
    iter=47 E=-1.9206307489 nfev=49 t=88.6s remaining=1953
    iter=48 E=-1.9239769790 nfev=50 t=90.3s remaining=1952
    iter=49 E=-1.9275022392 nfev=51 t=92.1s remaining=1951
    iter=50 E=-1.9281335673 nfev=52 t=93.8s remaining=1950
    iter=51 E=-1.9292524158 nfev=53 t=95.5s remaining=1949
    iter=52 E=-1.9310961023 nfev=54 t=97.2s remaining=1948
    iter=53 E=-1.9333502722 nfev=55 t=99.1s remaining=1947
    iter=54 E=-1.9344985110 nfev=57 t=102.5s remaining=1946
    iter=55 E=-1.9353092198 nfev=58 t=104.3s remaining=1945
    iter=56 E=-1.9362948373 nfev=59 t=106.0s remaining=1944
    iter=57 E=-1.9372014904 nfev=60 t=107.6s remaining=1943
    iter=58 E=-1.9379804590 nfev=61 t=109.3s remaining=1942
    iter=59 E=-1.9386354003 nfev=62 t=111.1s remaining=1941
    iter=60 E=-1.9391167169 nfev=63 t=112.9s remaining=1940
    iter=61 E=-1.9395500243 nfev=64 t=114.7s remaining=1939
    iter=62 E=-1.9400041709 nfev=65 t=116.6s remaining=1938
    iter=63 E=-1.9403079772 nfev=66 t=118.4s remaining=1937
    iter=64 E=-1.9406697704 nfev=67 t=120.1s remaining=1936
    iter=65 E=-1.9410632816 nfev=68 t=121.9s remaining=1935
    iter=66 E=-1.9414328448 nfev=69 t=123.6s remaining=1934
    iter=67 E=-1.9418868561 nfev=70 t=125.4s remaining=1933
    iter=68 E=-1.9422955069 nfev=71 t=127.2s remaining=1932
    iter=69 E=-1.9426939737 nfev=72 t=128.9s remaining=1931
    iter=70 E=-1.9431283720 nfev=73 t=130.6s remaining=1930
    iter=71 E=-1.9437091903 nfev=74 t=132.4s remaining=1929
    iter=72 E=-1.9442280768 nfev=75 t=134.1s remaining=1928
    iter=73 E=-1.9445743686 nfev=76 t=135.9s remaining=1927
    iter=74 E=-1.9450121328 nfev=77 t=137.6s remaining=1926
    iter=75 E=-1.9454077088 nfev=78 t=139.4s remaining=1925
    iter=76 E=-1.9457640913 nfev=79 t=141.1s remaining=1924
    iter=77 E=-1.9461821484 nfev=80 t=142.9s remaining=1923
    iter=78 E=-1.9466544366 nfev=81 t=144.6s remaining=1922
    iter=79 E=-1.9470988363 nfev=82 t=146.4s remaining=1921
    iter=80 E=-1.9476758790 nfev=83 t=148.1s remaining=1920
    iter=81 E=-1.9483742894 nfev=84 t=149.7s remaining=1919
    iter=82 E=-1.9488172181 nfev=85 t=151.4s remaining=1918
    iter=83 E=-1.9494657235 nfev=86 t=153.2s remaining=1917
    iter=84 E=-1.9503493645 nfev=87 t=154.9s remaining=1916
    iter=85 E=-1.9509969819 nfev=88 t=156.8s remaining=1915
    iter=86 E=-1.9515425384 nfev=89 t=158.4s remaining=1914
    iter=87 E=-1.9522213085 nfev=90 t=160.0s remaining=1913
    iter=88 E=-1.9530032985 nfev=91 t=161.7s remaining=1912
    iter=89 E=-1.9536221475 nfev=92 t=163.4s remaining=1911
    iter=90 E=-1.9543332119 nfev=93 t=165.1s remaining=1910
    iter=91 E=-1.9552186805 nfev=94 t=166.9s remaining=1909
    iter=92 E=-1.9558935938 nfev=95 t=168.8s remaining=1908
    iter=93 E=-1.9566998657 nfev=96 t=170.8s remaining=1907
    iter=94 E=-1.9575820667 nfev=97 t=172.6s remaining=1906
    iter=95 E=-1.9581188154 nfev=98 t=174.3s remaining=1905
    iter=96 E=-1.9587278448 nfev=99 t=176.0s remaining=1904
    iter=97 E=-1.9594638493 nfev=100 t=177.8s remaining=1903
    iter=98 E=-1.9601518051 nfev=101 t=179.7s remaining=1902
    iter=99 E=-1.9608595404 nfev=102 t=181.5s remaining=1901
    iter=100 E=-1.9614313744 nfev=103 t=183.4s remaining=1900
    iter=101 E=-1.9619768298 nfev=104 t=185.2s remaining=1899
    iter=102 E=-1.9623734507 nfev=105 t=187.1s remaining=1898
    iter=103 E=-1.9628413535 nfev=106 t=188.8s remaining=1897
    iter=104 E=-1.9634301430 nfev=107 t=190.7s remaining=1896
    iter=105 E=-1.9640446236 nfev=108 t=192.4s remaining=1895
    iter=106 E=-1.9644637533 nfev=109 t=194.2s remaining=1894
    iter=107 E=-1.9649340191 nfev=110 t=196.2s remaining=1893
    iter=108 E=-1.9653527658 nfev=111 t=198.0s remaining=1892
    iter=109 E=-1.9657850647 nfev=112 t=199.7s remaining=1891
    iter=110 E=-1.9661585885 nfev=113 t=201.5s remaining=1890
    iter=111 E=-1.9665438271 nfev=114 t=203.2s remaining=1889
    iter=112 E=-1.9668952182 nfev=115 t=204.9s remaining=1888
    iter=113 E=-1.9672159386 nfev=116 t=206.6s remaining=1887
    iter=114 E=-1.9674989962 nfev=117 t=208.4s remaining=1886
    iter=115 E=-1.9677772655 nfev=118 t=210.1s remaining=1885
    iter=116 E=-1.9680578503 nfev=119 t=211.9s remaining=1884
    iter=117 E=-1.9683079185 nfev=120 t=213.7s remaining=1883
    iter=118 E=-1.9685851210 nfev=121 t=215.4s remaining=1882
    iter=119 E=-1.9689194112 nfev=122 t=217.1s remaining=1881
    iter=120 E=-1.9692504456 nfev=123 t=218.8s remaining=1880
    iter=121 E=-1.9695698375 nfev=124 t=220.6s remaining=1879
    iter=122 E=-1.9698736543 nfev=125 t=222.3s remaining=1878
    iter=123 E=-1.9702028087 nfev=126 t=224.0s remaining=1877
    iter=124 E=-1.9705225053 nfev=127 t=225.8s remaining=1876
    iter=125 E=-1.9709656400 nfev=128 t=227.6s remaining=1875
    iter=126 E=-1.9713670470 nfev=129 t=229.4s remaining=1874
    iter=127 E=-1.9716658582 nfev=130 t=231.1s remaining=1873
    iter=128 E=-1.9720085697 nfev=131 t=232.8s remaining=1872
    iter=129 E=-1.9723714080 nfev=132 t=234.5s remaining=1871
    iter=130 E=-1.9726621926 nfev=133 t=236.2s remaining=1870
    iter=131 E=-1.9729572773 nfev=134 t=237.9s remaining=1869
    iter=132 E=-1.9732297783 nfev=135 t=239.6s remaining=1868
    iter=133 E=-1.9736212740 nfev=136 t=241.3s remaining=1867
    iter=134 E=-1.9740712092 nfev=137 t=243.1s remaining=1866
    iter=135 E=-1.9743664530 nfev=138 t=245.0s remaining=1865
    iter=136 E=-1.9746491425 nfev=139 t=246.8s remaining=1864
    iter=137 E=-1.9749150872 nfev=140 t=248.6s remaining=1863
    iter=138 E=-1.9751569220 nfev=141 t=250.2s remaining=1862
    iter=139 E=-1.9753662881 nfev=142 t=252.0s remaining=1861
    iter=140 E=-1.9755239793 nfev=143 t=253.8s remaining=1860
    iter=141 E=-1.9757043101 nfev=144 t=255.6s remaining=1859
    iter=142 E=-1.9759046031 nfev=145 t=257.5s remaining=1858
    iter=143 E=-1.9761134591 nfev=146 t=259.3s remaining=1857
    iter=144 E=-1.9763735066 nfev=147 t=261.1s remaining=1856
    iter=145 E=-1.9766313987 nfev=148 t=262.9s remaining=1855
    iter=146 E=-1.9768517957 nfev=149 t=264.6s remaining=1854
    iter=147 E=-1.9770420944 nfev=150 t=266.5s remaining=1853
    iter=148 E=-1.9772150083 nfev=151 t=268.3s remaining=1852
    iter=149 E=-1.9773689176 nfev=152 t=270.1s remaining=1851
    iter=150 E=-1.9775299706 nfev=153 t=271.9s remaining=1850
    iter=151 E=-1.9777203896 nfev=154 t=273.7s remaining=1849
    iter=152 E=-1.9779298247 nfev=155 t=275.5s remaining=1848
    iter=153 E=-1.9780861079 nfev=156 t=277.2s remaining=1847
    iter=154 E=-1.9782795415 nfev=157 t=279.0s remaining=1846
    iter=155 E=-1.9784748806 nfev=158 t=280.7s remaining=1845
    iter=156 E=-1.9786320215 nfev=159 t=282.4s remaining=1844
    iter=157 E=-1.9787850709 nfev=160 t=284.2s remaining=1843
    iter=158 E=-1.9789322090 nfev=161 t=286.1s remaining=1842
    iter=159 E=-1.9791262680 nfev=162 t=287.8s remaining=1841
    iter=160 E=-1.9793374083 nfev=163 t=289.7s remaining=1840
    iter=161 E=-1.9795468572 nfev=164 t=291.5s remaining=1839
    iter=162 E=-1.9797372677 nfev=165 t=293.4s remaining=1838
    iter=163 E=-1.9799340800 nfev=166 t=295.3s remaining=1837
    iter=164 E=-1.9801464028 nfev=167 t=297.1s remaining=1836
    iter=165 E=-1.9803956047 nfev=168 t=298.8s remaining=1835
    iter=166 E=-1.9806403249 nfev=169 t=300.8s remaining=1834
    iter=167 E=-1.9809359141 nfev=170 t=302.6s remaining=1833
    iter=168 E=-1.9811594933 nfev=171 t=304.3s remaining=1832
    iter=169 E=-1.9813450177 nfev=172 t=306.1s remaining=1831
    iter=170 E=-1.9814874186 nfev=173 t=307.8s remaining=1830
    iter=171 E=-1.9816160882 nfev=174 t=309.5s remaining=1829
    iter=172 E=-1.9817506847 nfev=175 t=311.3s remaining=1828
    iter=173 E=-1.9819201561 nfev=176 t=313.1s remaining=1827
    iter=174 E=-1.9820744454 nfev=177 t=314.8s remaining=1826
    iter=175 E=-1.9822118799 nfev=178 t=316.6s remaining=1825
    iter=176 E=-1.9823727147 nfev=179 t=318.3s remaining=1824
    iter=177 E=-1.9824626896 nfev=180 t=320.1s remaining=1823
    iter=178 E=-1.9825470008 nfev=181 t=321.8s remaining=1822
    iter=179 E=-1.9826410120 nfev=182 t=323.5s remaining=1821
    iter=180 E=-1.9827573800 nfev=183 t=325.2s remaining=1820
    iter=181 E=-1.9828656848 nfev=184 t=327.0s remaining=1819
    iter=182 E=-1.9829626627 nfev=185 t=328.8s remaining=1818
    iter=183 E=-1.9830614733 nfev=186 t=330.5s remaining=1817
    iter=184 E=-1.9831558197 nfev=187 t=332.3s remaining=1816
    iter=185 E=-1.9832562092 nfev=188 t=334.1s remaining=1815
    iter=186 E=-1.9833477094 nfev=189 t=335.8s remaining=1814
    iter=187 E=-1.9834304524 nfev=190 t=337.5s remaining=1813
    iter=188 E=-1.9835251670 nfev=191 t=339.4s remaining=1812
    iter=189 E=-1.9836079622 nfev=192 t=341.1s remaining=1811
    iter=190 E=-1.9836748990 nfev=193 t=342.9s remaining=1810
    iter=191 E=-1.9837535918 nfev=194 t=344.8s remaining=1809
    iter=192 E=-1.9838299265 nfev=195 t=346.6s remaining=1808
    iter=193 E=-1.9839048642 nfev=196 t=348.5s remaining=1807
    iter=194 E=-1.9839816558 nfev=197 t=350.2s remaining=1806
    iter=195 E=-1.9840624287 nfev=198 t=352.0s remaining=1805
    iter=196 E=-1.9841403010 nfev=199 t=353.7s remaining=1804
    iter=197 E=-1.9842206785 nfev=200 t=355.5s remaining=1803
    iter=198 E=-1.9842932678 nfev=201 t=357.3s remaining=1802
    iter=199 E=-1.9843613253 nfev=202 t=359.1s remaining=1801
    iter=200 E=-1.9844327334 nfev=203 t=360.8s remaining=1800
    iter=201 E=-1.9845067175 nfev=204 t=362.5s remaining=1799
    iter=202 E=-1.9845762310 nfev=205 t=364.2s remaining=1798
    iter=203 E=-1.9846498701 nfev=206 t=365.9s remaining=1797
    iter=204 E=-1.9847190270 nfev=207 t=367.6s remaining=1796
    iter=205 E=-1.9847876162 nfev=208 t=369.3s remaining=1795
    iter=206 E=-1.9848615498 nfev=209 t=371.1s remaining=1794
    iter=207 E=-1.9849338713 nfev=210 t=372.8s remaining=1793
    iter=208 E=-1.9849983958 nfev=211 t=374.6s remaining=1792
    iter=209 E=-1.9850562355 nfev=212 t=376.4s remaining=1791
    iter=210 E=-1.9851147842 nfev=213 t=378.3s remaining=1790
    iter=211 E=-1.9851715660 nfev=214 t=380.0s remaining=1789
    iter=212 E=-1.9852355607 nfev=215 t=381.8s remaining=1788
    iter=213 E=-1.9853035511 nfev=216 t=383.5s remaining=1787
    iter=214 E=-1.9853723288 nfev=217 t=385.2s remaining=1786
    iter=215 E=-1.9854417658 nfev=218 t=387.0s remaining=1785
    iter=216 E=-1.9855135754 nfev=219 t=388.8s remaining=1784
    iter=217 E=-1.9855853385 nfev=220 t=390.6s remaining=1783
    iter=218 E=-1.9856520915 nfev=221 t=392.4s remaining=1782
    iter=219 E=-1.9857207535 nfev=222 t=394.3s remaining=1781
    iter=220 E=-1.9857951643 nfev=223 t=396.2s remaining=1780
    iter=221 E=-1.9858704150 nfev=224 t=398.0s remaining=1779
    iter=222 E=-1.9859263937 nfev=225 t=399.7s remaining=1778
    iter=223 E=-1.9859792679 nfev=226 t=401.5s remaining=1777
    iter=224 E=-1.9860375829 nfev=227 t=403.4s remaining=1776
    iter=225 E=-1.9860983710 nfev=228 t=405.2s remaining=1775
    iter=226 E=-1.9861514859 nfev=229 t=407.2s remaining=1774
    iter=227 E=-1.9861964540 nfev=230 t=409.1s remaining=1773
    iter=228 E=-1.9862535101 nfev=231 t=410.8s remaining=1772
    iter=229 E=-1.9863167870 nfev=232 t=412.7s remaining=1771
    iter=230 E=-1.9863766908 nfev=233 t=414.7s remaining=1770
    iter=231 E=-1.9864298090 nfev=234 t=416.5s remaining=1769
    iter=232 E=-1.9864776099 nfev=235 t=418.3s remaining=1768
    iter=233 E=-1.9865248445 nfev=236 t=420.1s remaining=1767
    iter=234 E=-1.9865774286 nfev=237 t=421.8s remaining=1766
    iter=235 E=-1.9866358936 nfev=238 t=423.6s remaining=1765
    iter=236 E=-1.9866926801 nfev=239 t=425.4s remaining=1764
    iter=237 E=-1.9867468189 nfev=240 t=427.1s remaining=1763
    iter=238 E=-1.9867971093 nfev=241 t=428.9s remaining=1762
    iter=239 E=-1.9868387499 nfev=242 t=430.7s remaining=1761
    iter=240 E=-1.9868778103 nfev=243 t=432.4s remaining=1760
    iter=241 E=-1.9869198848 nfev=244 t=434.3s remaining=1759
    iter=242 E=-1.9869691723 nfev=245 t=436.1s remaining=1758
    iter=243 E=-1.9870164276 nfev=246 t=437.8s remaining=1757
    iter=244 E=-1.9870707304 nfev=247 t=439.6s remaining=1756
    iter=245 E=-1.9871266992 nfev=248 t=441.3s remaining=1755
    iter=246 E=-1.9871772495 nfev=249 t=443.2s remaining=1754
    iter=247 E=-1.9872247620 nfev=250 t=445.0s remaining=1753
    iter=248 E=-1.9872739585 nfev=251 t=446.9s remaining=1752
    iter=249 E=-1.9873276356 nfev=252 t=448.7s remaining=1751
    iter=250 E=-1.9873862937 nfev=253 t=450.6s remaining=1750
    iter=251 E=-1.9874379480 nfev=254 t=452.3s remaining=1749
    iter=252 E=-1.9874859946 nfev=255 t=454.3s remaining=1748
    iter=253 E=-1.9875338079 nfev=256 t=456.1s remaining=1747
    iter=254 E=-1.9875795479 nfev=257 t=457.8s remaining=1746
    iter=255 E=-1.9876309049 nfev=258 t=459.7s remaining=1745
    iter=256 E=-1.9876783984 nfev=259 t=461.4s remaining=1744
    iter=257 E=-1.9877170521 nfev=260 t=463.2s remaining=1743
    iter=258 E=-1.9877579721 nfev=261 t=465.3s remaining=1742
    iter=259 E=-1.9878092275 nfev=262 t=467.1s remaining=1741
    iter=260 E=-1.9878586063 nfev=263 t=468.8s remaining=1740
    iter=261 E=-1.9879130194 nfev=264 t=470.6s remaining=1739
    iter=262 E=-1.9879649666 nfev=265 t=472.4s remaining=1738
    iter=263 E=-1.9880096910 nfev=266 t=474.1s remaining=1737
    iter=264 E=-1.9880509144 nfev=267 t=475.9s remaining=1736
    iter=265 E=-1.9880930263 nfev=268 t=477.8s remaining=1735
    iter=266 E=-1.9881397908 nfev=269 t=479.6s remaining=1734
    iter=267 E=-1.9881789942 nfev=270 t=481.4s remaining=1733
    iter=268 E=-1.9882223575 nfev=271 t=483.2s remaining=1732
    iter=269 E=-1.9882666128 nfev=272 t=484.9s remaining=1731
    iter=270 E=-1.9883022350 nfev=273 t=486.6s remaining=1730
    iter=271 E=-1.9883328171 nfev=274 t=488.4s remaining=1729
    iter=272 E=-1.9883673859 nfev=275 t=490.1s remaining=1728
    iter=273 E=-1.9884014839 nfev=276 t=491.8s remaining=1727
    iter=274 E=-1.9884346528 nfev=277 t=493.5s remaining=1726
    iter=275 E=-1.9884684566 nfev=278 t=495.2s remaining=1725
    iter=276 E=-1.9885007825 nfev=279 t=496.9s remaining=1724
    iter=277 E=-1.9885309124 nfev=280 t=498.6s remaining=1723
    iter=278 E=-1.9885608619 nfev=281 t=500.3s remaining=1722
    iter=279 E=-1.9885920383 nfev=282 t=502.0s remaining=1721
    iter=280 E=-1.9886225156 nfev=283 t=503.7s remaining=1720
    iter=281 E=-1.9886534205 nfev=284 t=505.4s remaining=1719
    iter=282 E=-1.9886862778 nfev=285 t=507.2s remaining=1718
    iter=283 E=-1.9887205289 nfev=286 t=509.0s remaining=1717
    iter=284 E=-1.9887548519 nfev=287 t=510.8s remaining=1716
    iter=285 E=-1.9887868909 nfev=288 t=512.6s remaining=1715
    iter=286 E=-1.9888132112 nfev=289 t=514.3s remaining=1714
    iter=287 E=-1.9888366112 nfev=290 t=516.0s remaining=1713
    iter=288 E=-1.9888602625 nfev=291 t=517.8s remaining=1712
    iter=289 E=-1.9888848974 nfev=292 t=519.6s remaining=1711
    iter=290 E=-1.9889101721 nfev=293 t=521.3s remaining=1710
    iter=291 E=-1.9889334063 nfev=294 t=523.1s remaining=1709
    iter=292 E=-1.9889535424 nfev=295 t=524.9s remaining=1708
    iter=293 E=-1.9889738736 nfev=296 t=526.7s remaining=1707
    iter=294 E=-1.9889961052 nfev=297 t=528.5s remaining=1706
    iter=295 E=-1.9890205160 nfev=298 t=530.2s remaining=1705
    iter=296 E=-1.9890472770 nfev=299 t=532.1s remaining=1704
    iter=297 E=-1.9890724722 nfev=300 t=533.9s remaining=1703
    iter=298 E=-1.9890936626 nfev=301 t=535.7s remaining=1702
    iter=299 E=-1.9891141895 nfev=302 t=537.8s remaining=1701
    iter=300 E=-1.9891349503 nfev=303 t=539.8s remaining=1700
    iter=301 E=-1.9891537485 nfev=304 t=541.8s remaining=1699
    iter=302 E=-1.9891700802 nfev=305 t=543.6s remaining=1698
    iter=303 E=-1.9891858601 nfev=306 t=545.6s remaining=1697
    iter=304 E=-1.9892027467 nfev=307 t=547.6s remaining=1696
    iter=305 E=-1.9892206454 nfev=308 t=549.8s remaining=1695
    iter=306 E=-1.9892387567 nfev=309 t=551.6s remaining=1694
    iter=307 E=-1.9892570378 nfev=310 t=553.5s remaining=1693
    iter=308 E=-1.9892763290 nfev=311 t=555.4s remaining=1692
    iter=309 E=-1.9892960508 nfev=312 t=557.2s remaining=1691
    iter=310 E=-1.9893145100 nfev=313 t=559.1s remaining=1690
    iter=311 E=-1.9893315928 nfev=314 t=561.0s remaining=1689
    iter=312 E=-1.9893488193 nfev=315 t=562.8s remaining=1688
    iter=313 E=-1.9893678708 nfev=316 t=564.7s remaining=1687
    iter=314 E=-1.9893891366 nfev=317 t=566.6s remaining=1686
    iter=315 E=-1.9894097466 nfev=318 t=568.5s remaining=1685
    iter=316 E=-1.9894288065 nfev=319 t=570.4s remaining=1684
    iter=317 E=-1.9894466953 nfev=320 t=572.3s remaining=1683
    iter=318 E=-1.9894653989 nfev=321 t=574.0s remaining=1682
    iter=319 E=-1.9894855219 nfev=322 t=575.8s remaining=1681
    iter=320 E=-1.9895071598 nfev=323 t=577.5s remaining=1680
    iter=321 E=-1.9895297791 nfev=324 t=579.2s remaining=1679
    iter=322 E=-1.9895527173 nfev=325 t=581.0s remaining=1678
    iter=323 E=-1.9895759491 nfev=326 t=582.7s remaining=1677
    iter=324 E=-1.9895995008 nfev=327 t=584.5s remaining=1676
    iter=325 E=-1.9896240187 nfev=328 t=586.4s remaining=1675
    iter=326 E=-1.9896485447 nfev=329 t=588.2s remaining=1674
    iter=327 E=-1.9896739082 nfev=330 t=589.9s remaining=1673
    iter=328 E=-1.9896977431 nfev=331 t=591.7s remaining=1672
    iter=329 E=-1.9897169354 nfev=332 t=593.4s remaining=1671
    iter=330 E=-1.9897338437 nfev=333 t=595.2s remaining=1670
    iter=331 E=-1.9897529340 nfev=334 t=597.0s remaining=1669
    iter=332 E=-1.9897737418 nfev=335 t=598.7s remaining=1668
    iter=333 E=-1.9897976109 nfev=336 t=600.5s remaining=1667
    iter=334 E=-1.9898251059 nfev=337 t=602.4s remaining=1666
    iter=335 E=-1.9898499420 nfev=338 t=604.2s remaining=1665
    iter=336 E=-1.9898691305 nfev=339 t=605.9s remaining=1664
    iter=337 E=-1.9898861173 nfev=340 t=607.7s remaining=1663
    iter=338 E=-1.9899041619 nfev=341 t=609.4s remaining=1662
    iter=339 E=-1.9899251943 nfev=342 t=611.2s remaining=1661
    iter=340 E=-1.9899487333 nfev=343 t=612.8s remaining=1660
    iter=341 E=-1.9899738263 nfev=344 t=614.5s remaining=1659
    iter=342 E=-1.9899965420 nfev=345 t=616.2s remaining=1658
    iter=343 E=-1.9900164755 nfev=346 t=618.0s remaining=1657
    iter=344 E=-1.9900346972 nfev=347 t=619.6s remaining=1656
    iter=345 E=-1.9900534281 nfev=348 t=621.3s remaining=1655
    iter=346 E=-1.9900754642 nfev=349 t=623.0s remaining=1654
    iter=347 E=-1.9901013708 nfev=350 t=624.8s remaining=1653
    iter=348 E=-1.9901300973 nfev=351 t=626.4s remaining=1652
    iter=349 E=-1.9901594586 nfev=352 t=628.1s remaining=1651
    iter=350 E=-1.9901868023 nfev=353 t=629.7s remaining=1650
    iter=351 E=-1.9902088346 nfev=354 t=631.3s remaining=1649
    iter=352 E=-1.9902320571 nfev=355 t=633.2s remaining=1648
    iter=353 E=-1.9902569668 nfev=356 t=635.2s remaining=1647
    iter=354 E=-1.9902828677 nfev=357 t=637.2s remaining=1646
    iter=355 E=-1.9903107916 nfev=358 t=638.9s remaining=1645
    iter=356 E=-1.9903429069 nfev=359 t=640.7s remaining=1644
    iter=357 E=-1.9903818608 nfev=360 t=642.4s remaining=1643
    iter=358 E=-1.9904194006 nfev=361 t=644.3s remaining=1642
    iter=359 E=-1.9904487332 nfev=362 t=646.2s remaining=1641
    iter=360 E=-1.9904722308 nfev=363 t=648.0s remaining=1640
    iter=361 E=-1.9904965576 nfev=364 t=649.8s remaining=1639
    iter=362 E=-1.9905268671 nfev=365 t=651.6s remaining=1638
    iter=363 E=-1.9905647842 nfev=366 t=653.4s remaining=1637
    iter=364 E=-1.9905985597 nfev=367 t=655.2s remaining=1636
    iter=365 E=-1.9906261479 nfev=368 t=657.1s remaining=1635
    iter=366 E=-1.9906560206 nfev=369 t=659.0s remaining=1634
    iter=367 E=-1.9906831113 nfev=370 t=660.8s remaining=1633
    iter=368 E=-1.9907069075 nfev=371 t=662.6s remaining=1632
    iter=369 E=-1.9907277141 nfev=372 t=664.6s remaining=1631
    iter=370 E=-1.9907495414 nfev=373 t=666.5s remaining=1630
    iter=371 E=-1.9907760417 nfev=374 t=668.3s remaining=1629
    iter=372 E=-1.9908027976 nfev=375 t=670.4s remaining=1628
    iter=373 E=-1.9908248503 nfev=376 t=672.3s remaining=1627
    iter=374 E=-1.9908470824 nfev=377 t=674.0s remaining=1626
    iter=375 E=-1.9908715678 nfev=378 t=675.8s remaining=1625
    iter=376 E=-1.9909013928 nfev=379 t=677.6s remaining=1624
    iter=377 E=-1.9909306725 nfev=380 t=679.6s remaining=1623
    iter=378 E=-1.9909513413 nfev=381 t=681.4s remaining=1622
    iter=379 E=-1.9909691295 nfev=382 t=683.1s remaining=1621
    iter=380 E=-1.9909894171 nfev=383 t=684.9s remaining=1620
    iter=381 E=-1.9910137505 nfev=384 t=686.7s remaining=1619
    iter=382 E=-1.9910387076 nfev=385 t=688.5s remaining=1618
    iter=383 E=-1.9910615915 nfev=386 t=690.3s remaining=1617
    iter=384 E=-1.9910815920 nfev=387 t=692.2s remaining=1616
    iter=385 E=-1.9910996803 nfev=388 t=694.0s remaining=1615
    iter=386 E=-1.9911177282 nfev=389 t=695.9s remaining=1614
    iter=387 E=-1.9911370902 nfev=390 t=697.7s remaining=1613
    iter=388 E=-1.9911587483 nfev=391 t=699.5s remaining=1612
    iter=389 E=-1.9911846623 nfev=392 t=701.2s remaining=1611
    iter=390 E=-1.9912135629 nfev=393 t=703.0s remaining=1610
    iter=391 E=-1.9912389901 nfev=394 t=704.8s remaining=1609
    iter=392 E=-1.9912579222 nfev=395 t=706.7s remaining=1608
    iter=393 E=-1.9912800839 nfev=396 t=708.4s remaining=1607
    iter=394 E=-1.9913046099 nfev=397 t=710.2s remaining=1606
    iter=395 E=-1.9913276266 nfev=398 t=711.9s remaining=1605
    iter=396 E=-1.9913477272 nfev=399 t=713.6s remaining=1604
    iter=397 E=-1.9913710855 nfev=400 t=715.3s remaining=1603
    iter=398 E=-1.9913951072 nfev=401 t=716.9s remaining=1602
    iter=399 E=-1.9914204982 nfev=402 t=718.6s remaining=1601
    iter=400 E=-1.9914478457 nfev=403 t=720.3s remaining=1600
    iter=401 E=-1.9914732473 nfev=404 t=722.0s remaining=1599
    iter=402 E=-1.9914954681 nfev=405 t=723.7s remaining=1598
    iter=403 E=-1.9915222534 nfev=406 t=725.4s remaining=1597
    iter=404 E=-1.9915537468 nfev=407 t=727.2s remaining=1596
    iter=405 E=-1.9915813050 nfev=408 t=728.9s remaining=1595
    iter=406 E=-1.9916047947 nfev=409 t=730.8s remaining=1594
    iter=407 E=-1.9916229065 nfev=410 t=732.5s remaining=1593
    iter=408 E=-1.9916382686 nfev=411 t=734.2s remaining=1592
    iter=409 E=-1.9916573838 nfev=412 t=736.0s remaining=1591
    iter=410 E=-1.9916793051 nfev=413 t=737.8s remaining=1590
    iter=411 E=-1.9916978691 nfev=414 t=739.6s remaining=1589
    iter=412 E=-1.9917153230 nfev=415 t=741.3s remaining=1588
    iter=413 E=-1.9917323227 nfev=416 t=743.0s remaining=1587
    iter=414 E=-1.9917475191 nfev=417 t=744.7s remaining=1586
    iter=415 E=-1.9917585903 nfev=418 t=746.4s remaining=1585
    iter=416 E=-1.9917709782 nfev=419 t=748.1s remaining=1584
    iter=417 E=-1.9917849346 nfev=420 t=749.8s remaining=1583
    iter=418 E=-1.9917990386 nfev=421 t=751.6s remaining=1582
    iter=419 E=-1.9918137019 nfev=422 t=753.4s remaining=1581
    iter=420 E=-1.9918273880 nfev=423 t=755.1s remaining=1580
    iter=421 E=-1.9918441677 nfev=424 t=756.9s remaining=1579
    iter=422 E=-1.9918616489 nfev=425 t=758.5s remaining=1578
    iter=423 E=-1.9918774196 nfev=426 t=760.3s remaining=1577
    iter=424 E=-1.9918914956 nfev=427 t=762.0s remaining=1576
    iter=425 E=-1.9919053579 nfev=428 t=763.8s remaining=1575
    iter=426 E=-1.9919193494 nfev=429 t=765.6s remaining=1574
    iter=427 E=-1.9919328405 nfev=430 t=767.3s remaining=1573
    iter=428 E=-1.9919454832 nfev=431 t=769.0s remaining=1572
    iter=429 E=-1.9919599419 nfev=432 t=770.9s remaining=1571
    iter=430 E=-1.9919789175 nfev=433 t=772.8s remaining=1570
    iter=431 E=-1.9919980369 nfev=434 t=774.6s remaining=1569
    iter=432 E=-1.9920117595 nfev=435 t=776.4s remaining=1568
    iter=433 E=-1.9920232418 nfev=436 t=778.1s remaining=1567
    iter=434 E=-1.9920358916 nfev=437 t=779.9s remaining=1566
    iter=435 E=-1.9920511608 nfev=438 t=781.6s remaining=1565
    iter=436 E=-1.9920659761 nfev=439 t=783.3s remaining=1564
    iter=437 E=-1.9920785284 nfev=440 t=785.0s remaining=1563
    iter=438 E=-1.9920911270 nfev=441 t=786.7s remaining=1562
    iter=439 E=-1.9921035634 nfev=442 t=788.5s remaining=1561
    iter=440 E=-1.9921158412 nfev=443 t=790.3s remaining=1560
    iter=441 E=-1.9921293629 nfev=444 t=792.3s remaining=1559
    iter=442 E=-1.9921446678 nfev=445 t=794.1s remaining=1558
    iter=443 E=-1.9921586142 nfev=446 t=795.9s remaining=1557
    iter=444 E=-1.9921685088 nfev=447 t=797.7s remaining=1556
    iter=445 E=-1.9921776979 nfev=448 t=799.4s remaining=1555
    iter=446 E=-1.9921893289 nfev=449 t=801.0s remaining=1554
    iter=447 E=-1.9922038365 nfev=450 t=802.8s remaining=1553
    iter=448 E=-1.9922171469 nfev=451 t=804.6s remaining=1552
    iter=449 E=-1.9922311970 nfev=452 t=806.3s remaining=1551
    iter=450 E=-1.9922455220 nfev=453 t=808.0s remaining=1550
    iter=451 E=-1.9922565652 nfev=454 t=809.7s remaining=1549
    iter=452 E=-1.9922687922 nfev=455 t=811.5s remaining=1548
    iter=453 E=-1.9922853390 nfev=456 t=813.2s remaining=1547
    iter=454 E=-1.9923002551 nfev=457 t=814.9s remaining=1546
    iter=455 E=-1.9923151515 nfev=458 t=816.6s remaining=1545
    iter=456 E=-1.9923290822 nfev=459 t=818.4s remaining=1544
    iter=457 E=-1.9923433941 nfev=460 t=820.1s remaining=1543
    iter=458 E=-1.9923583325 nfev=461 t=821.8s remaining=1542
    iter=459 E=-1.9923723907 nfev=462 t=823.7s remaining=1541
    iter=460 E=-1.9923853782 nfev=463 t=825.5s remaining=1540
    iter=461 E=-1.9923980608 nfev=464 t=827.3s remaining=1539
    iter=462 E=-1.9924112724 nfev=465 t=829.1s remaining=1538
    iter=463 E=-1.9924247069 nfev=466 t=830.8s remaining=1537
    iter=464 E=-1.9924384943 nfev=467 t=832.6s remaining=1536
    iter=465 E=-1.9924520465 nfev=468 t=834.4s remaining=1535
    iter=466 E=-1.9924642871 nfev=469 t=836.1s remaining=1534
    iter=467 E=-1.9924757134 nfev=470 t=838.0s remaining=1533
    iter=468 E=-1.9924877989 nfev=471 t=839.8s remaining=1532
    iter=469 E=-1.9924998382 nfev=472 t=841.6s remaining=1531
    iter=470 E=-1.9925131457 nfev=473 t=843.4s remaining=1530
    iter=471 E=-1.9925272043 nfev=474 t=845.1s remaining=1529
    iter=472 E=-1.9925398234 nfev=475 t=847.0s remaining=1528
    iter=473 E=-1.9925526275 nfev=476 t=848.8s remaining=1527
    iter=474 E=-1.9925672186 nfev=477 t=850.6s remaining=1526
    iter=475 E=-1.9925816096 nfev=478 t=852.3s remaining=1525
    iter=476 E=-1.9925942080 nfev=479 t=854.0s remaining=1524
    iter=477 E=-1.9926068003 nfev=480 t=855.8s remaining=1523
    iter=478 E=-1.9926201673 nfev=481 t=857.5s remaining=1522
    iter=479 E=-1.9926309410 nfev=482 t=859.2s remaining=1521
    iter=480 E=-1.9926424169 nfev=483 t=861.1s remaining=1520
    iter=481 E=-1.9926545648 nfev=484 t=862.8s remaining=1519
    iter=482 E=-1.9926665962 nfev=485 t=864.6s remaining=1518
    iter=483 E=-1.9926785214 nfev=486 t=866.3s remaining=1517
    iter=484 E=-1.9926913743 nfev=487 t=868.1s remaining=1516
    iter=485 E=-1.9927065463 nfev=488 t=869.8s remaining=1515
    iter=486 E=-1.9927191733 nfev=489 t=871.6s remaining=1514
    iter=487 E=-1.9927340593 nfev=490 t=873.4s remaining=1513
    iter=488 E=-1.9927482187 nfev=491 t=875.2s remaining=1512
    iter=489 E=-1.9927590519 nfev=492 t=876.9s remaining=1511
    iter=490 E=-1.9927697264 nfev=493 t=878.7s remaining=1510
    iter=491 E=-1.9927815720 nfev=494 t=880.3s remaining=1509
    iter=492 E=-1.9927925611 nfev=495 t=882.0s remaining=1508
    iter=493 E=-1.9928021269 nfev=496 t=883.8s remaining=1507
    iter=494 E=-1.9928125989 nfev=497 t=885.5s remaining=1506
    iter=495 E=-1.9928238073 nfev=498 t=887.2s remaining=1505
    iter=496 E=-1.9928345778 nfev=499 t=888.9s remaining=1504
    iter=497 E=-1.9928442587 nfev=500 t=890.6s remaining=1503
    iter=498 E=-1.9928525759 nfev=501 t=892.4s remaining=1502
    iter=499 E=-1.9928594750 nfev=502 t=894.3s remaining=1501
    iter=500 E=-1.9928673738 nfev=503 t=896.0s remaining=1500
    iter=501 E=-1.9928786707 nfev=504 t=897.8s remaining=1499
    iter=502 E=-1.9928908053 nfev=505 t=899.6s remaining=1498
    iter=503 E=-1.9929043767 nfev=506 t=901.4s remaining=1497
    iter=504 E=-1.9929174763 nfev=507 t=903.2s remaining=1496
    iter=505 E=-1.9929277376 nfev=508 t=905.1s remaining=1495
    iter=506 E=-1.9929365834 nfev=509 t=906.9s remaining=1494
    iter=507 E=-1.9929457937 nfev=510 t=908.7s remaining=1493
    iter=508 E=-1.9929564923 nfev=511 t=910.7s remaining=1492
    iter=509 E=-1.9929658133 nfev=512 t=912.8s remaining=1491
    iter=510 E=-1.9929756047 nfev=513 t=914.7s remaining=1490
    iter=511 E=-1.9929875853 nfev=514 t=916.5s remaining=1489
    iter=512 E=-1.9929990685 nfev=515 t=918.2s remaining=1488
    iter=513 E=-1.9930096970 nfev=516 t=920.0s remaining=1487
    iter=514 E=-1.9930203552 nfev=517 t=921.9s remaining=1486
    iter=515 E=-1.9930310910 nfev=518 t=923.6s remaining=1485
    iter=516 E=-1.9930407359 nfev=519 t=925.4s remaining=1484
    iter=517 E=-1.9930498583 nfev=520 t=927.1s remaining=1483
    iter=518 E=-1.9930583840 nfev=521 t=928.8s remaining=1482
    iter=519 E=-1.9930656906 nfev=522 t=930.6s remaining=1481
    iter=520 E=-1.9930735249 nfev=523 t=932.4s remaining=1480
    iter=521 E=-1.9930833672 nfev=524 t=934.1s remaining=1479
    iter=522 E=-1.9930944616 nfev=525 t=935.9s remaining=1478
    iter=523 E=-1.9931048985 nfev=526 t=937.6s remaining=1477
    iter=524 E=-1.9931134699 nfev=527 t=939.4s remaining=1476
    iter=525 E=-1.9931214439 nfev=528 t=941.1s remaining=1475
    iter=526 E=-1.9931301812 nfev=529 t=942.8s remaining=1474
    iter=527 E=-1.9931398141 nfev=530 t=944.5s remaining=1473
    iter=528 E=-1.9931489788 nfev=531 t=946.3s remaining=1472
    iter=529 E=-1.9931574124 nfev=532 t=948.1s remaining=1471
    iter=530 E=-1.9931657552 nfev=533 t=949.8s remaining=1470
    iter=531 E=-1.9931747086 nfev=534 t=951.6s remaining=1469
    iter=532 E=-1.9931839622 nfev=535 t=953.3s remaining=1468
    iter=533 E=-1.9931939980 nfev=536 t=955.0s remaining=1467
    iter=534 E=-1.9932031968 nfev=537 t=956.8s remaining=1466
    iter=535 E=-1.9932113252 nfev=538 t=958.5s remaining=1465
    iter=536 E=-1.9932178122 nfev=539 t=960.2s remaining=1464
    iter=537 E=-1.9932229205 nfev=540 t=961.9s remaining=1463
    iter=538 E=-1.9932277859 nfev=541 t=963.7s remaining=1462
    iter=539 E=-1.9932336485 nfev=542 t=965.4s remaining=1461
    iter=540 E=-1.9932415464 nfev=543 t=967.1s remaining=1460
    iter=541 E=-1.9932501877 nfev=544 t=968.9s remaining=1459
    iter=542 E=-1.9932582605 nfev=545 t=970.6s remaining=1458
    iter=543 E=-1.9932645102 nfev=546 t=972.4s remaining=1457
    iter=544 E=-1.9932697426 nfev=547 t=974.2s remaining=1456
    iter=545 E=-1.9932749284 nfev=548 t=976.0s remaining=1455
    iter=546 E=-1.9932808623 nfev=549 t=977.6s remaining=1454
    iter=547 E=-1.9932876549 nfev=550 t=979.4s remaining=1453
    iter=548 E=-1.9932945848 nfev=551 t=981.1s remaining=1452
    iter=549 E=-1.9933005133 nfev=552 t=982.9s remaining=1451
    iter=550 E=-1.9933057476 nfev=553 t=984.6s remaining=1450
    iter=551 E=-1.9933107033 nfev=554 t=986.5s remaining=1449
    iter=552 E=-1.9933155928 nfev=555 t=988.4s remaining=1448
    iter=553 E=-1.9933208587 nfev=556 t=990.2s remaining=1447
    iter=554 E=-1.9933270280 nfev=557 t=992.0s remaining=1446
    iter=555 E=-1.9933328618 nfev=558 t=993.7s remaining=1445
    iter=556 E=-1.9933380831 nfev=559 t=995.5s remaining=1444
    iter=557 E=-1.9933428646 nfev=560 t=997.3s remaining=1443
    iter=558 E=-1.9933471309 nfev=561 t=999.1s remaining=1442
    iter=559 E=-1.9933513166 nfev=562 t=1000.8s remaining=1441
    iter=560 E=-1.9933559162 nfev=563 t=1002.5s remaining=1440
    iter=561 E=-1.9933608776 nfev=564 t=1004.3s remaining=1439
    iter=562 E=-1.9933656003 nfev=565 t=1006.3s remaining=1438
    iter=563 E=-1.9933699750 nfev=566 t=1007.9s remaining=1437
    iter=564 E=-1.9933745879 nfev=567 t=1009.6s remaining=1436
    iter=565 E=-1.9933797933 nfev=568 t=1011.4s remaining=1435
    iter=566 E=-1.9933848801 nfev=569 t=1013.1s remaining=1434
    iter=567 E=-1.9933897020 nfev=570 t=1014.9s remaining=1433
    iter=568 E=-1.9933943829 nfev=571 t=1016.7s remaining=1432
    iter=569 E=-1.9933993677 nfev=572 t=1018.5s remaining=1431
    iter=570 E=-1.9934046342 nfev=573 t=1020.3s remaining=1430
    iter=571 E=-1.9934098723 nfev=574 t=1022.1s remaining=1429
    iter=572 E=-1.9934149625 nfev=575 t=1023.8s remaining=1428
    iter=573 E=-1.9934198962 nfev=576 t=1025.5s remaining=1427
    iter=574 E=-1.9934246298 nfev=577 t=1027.3s remaining=1426
    iter=575 E=-1.9934293921 nfev=578 t=1029.0s remaining=1425
    iter=576 E=-1.9934342531 nfev=579 t=1030.8s remaining=1424
    iter=577 E=-1.9934386155 nfev=580 t=1032.6s remaining=1423
    iter=578 E=-1.9934428881 nfev=581 t=1034.3s remaining=1422
    iter=579 E=-1.9934471548 nfev=582 t=1036.3s remaining=1421
    iter=580 E=-1.9934507833 nfev=583 t=1038.1s remaining=1420
    iter=581 E=-1.9934544263 nfev=584 t=1039.8s remaining=1419
    iter=582 E=-1.9934590300 nfev=585 t=1041.6s remaining=1418
    iter=583 E=-1.9934645966 nfev=586 t=1043.4s remaining=1417
    iter=584 E=-1.9934698341 nfev=587 t=1045.1s remaining=1416
    iter=585 E=-1.9934740950 nfev=588 t=1046.8s remaining=1415
    iter=586 E=-1.9934780196 nfev=589 t=1048.5s remaining=1414
    iter=587 E=-1.9934825898 nfev=590 t=1050.1s remaining=1413
    iter=588 E=-1.9934880111 nfev=591 t=1051.8s remaining=1412
    iter=589 E=-1.9934933841 nfev=592 t=1053.4s remaining=1411
    iter=590 E=-1.9934985725 nfev=593 t=1055.1s remaining=1410
    iter=591 E=-1.9935037526 nfev=594 t=1057.0s remaining=1409
    iter=592 E=-1.9935088386 nfev=595 t=1058.7s remaining=1408
    iter=593 E=-1.9935134703 nfev=596 t=1060.4s remaining=1407
    iter=594 E=-1.9935176374 nfev=597 t=1062.0s remaining=1406
    iter=595 E=-1.9935221135 nfev=598 t=1063.8s remaining=1405
    iter=596 E=-1.9935275406 nfev=599 t=1065.5s remaining=1404
    iter=597 E=-1.9935335815 nfev=600 t=1067.3s remaining=1403
    iter=598 E=-1.9935393189 nfev=601 t=1069.1s remaining=1402
    iter=599 E=-1.9935443449 nfev=602 t=1070.9s remaining=1401
    iter=600 E=-1.9935488544 nfev=603 t=1072.7s remaining=1400
    iter=601 E=-1.9935532241 nfev=604 t=1074.4s remaining=1399
    iter=602 E=-1.9935577325 nfev=605 t=1076.1s remaining=1398
    iter=603 E=-1.9935622384 nfev=606 t=1077.8s remaining=1397
    iter=604 E=-1.9935663727 nfev=607 t=1079.6s remaining=1396
    iter=605 E=-1.9935700829 nfev=608 t=1081.3s remaining=1395
    iter=606 E=-1.9935737300 nfev=609 t=1083.0s remaining=1394
    iter=607 E=-1.9935779823 nfev=610 t=1084.7s remaining=1393
    iter=608 E=-1.9935832511 nfev=611 t=1086.5s remaining=1392
    iter=609 E=-1.9935883910 nfev=612 t=1088.2s remaining=1391
    iter=610 E=-1.9935926791 nfev=613 t=1090.0s remaining=1390
    iter=611 E=-1.9935962709 nfev=614 t=1091.9s remaining=1389
    iter=612 E=-1.9935996949 nfev=615 t=1093.7s remaining=1388
    iter=613 E=-1.9936035265 nfev=616 t=1095.5s remaining=1387
    iter=614 E=-1.9936082244 nfev=617 t=1097.2s remaining=1386
    iter=615 E=-1.9936134847 nfev=618 t=1098.9s remaining=1385
    iter=616 E=-1.9936187048 nfev=619 t=1100.9s remaining=1384
    iter=617 E=-1.9936237343 nfev=620 t=1102.7s remaining=1383
    iter=618 E=-1.9936284492 nfev=621 t=1104.8s remaining=1382
    iter=619 E=-1.9936331847 nfev=622 t=1106.5s remaining=1381
    iter=620 E=-1.9936383842 nfev=623 t=1108.3s remaining=1380
    iter=621 E=-1.9936443905 nfev=624 t=1110.0s remaining=1379
    iter=622 E=-1.9936510190 nfev=625 t=1111.7s remaining=1378
    iter=623 E=-1.9936579116 nfev=626 t=1113.5s remaining=1377
    iter=624 E=-1.9936639336 nfev=627 t=1115.1s remaining=1376
    iter=625 E=-1.9936688227 nfev=628 t=1116.8s remaining=1375
    iter=626 E=-1.9936732108 nfev=629 t=1118.5s remaining=1374
    iter=627 E=-1.9936779348 nfev=630 t=1120.3s remaining=1373
    iter=628 E=-1.9936836545 nfev=631 t=1122.1s remaining=1372
    iter=629 E=-1.9936897264 nfev=632 t=1123.9s remaining=1371
    iter=630 E=-1.9936956172 nfev=633 t=1125.7s remaining=1370
    iter=631 E=-1.9937013179 nfev=634 t=1127.5s remaining=1369
    iter=632 E=-1.9937074687 nfev=635 t=1129.2s remaining=1368
    iter=633 E=-1.9937141486 nfev=636 t=1131.0s remaining=1367
    iter=634 E=-1.9937207351 nfev=637 t=1132.8s remaining=1366
    iter=635 E=-1.9937271712 nfev=638 t=1134.6s remaining=1365
    iter=636 E=-1.9937337499 nfev=639 t=1136.3s remaining=1364
    iter=637 E=-1.9937406667 nfev=640 t=1138.0s remaining=1363
    iter=638 E=-1.9937474528 nfev=641 t=1139.7s remaining=1362
    iter=639 E=-1.9937542028 nfev=642 t=1141.5s remaining=1361
    iter=640 E=-1.9937604787 nfev=643 t=1143.2s remaining=1360
    iter=641 E=-1.9937658558 nfev=644 t=1144.9s remaining=1359
    iter=642 E=-1.9937711837 nfev=645 t=1146.6s remaining=1358
    iter=643 E=-1.9937775983 nfev=646 t=1148.3s remaining=1357
    iter=644 E=-1.9937832334 nfev=647 t=1150.0s remaining=1356
    iter=645 E=-1.9937885119 nfev=648 t=1151.8s remaining=1355
    iter=646 E=-1.9937937438 nfev=649 t=1153.5s remaining=1354
    iter=647 E=-1.9937994495 nfev=650 t=1155.4s remaining=1353
    iter=648 E=-1.9938053599 nfev=651 t=1157.2s remaining=1352
    iter=649 E=-1.9938107630 nfev=652 t=1159.1s remaining=1351
    iter=650 E=-1.9938158698 nfev=653 t=1160.9s remaining=1350
    iter=651 E=-1.9938215477 nfev=654 t=1162.7s remaining=1349
    iter=652 E=-1.9938287372 nfev=655 t=1164.4s remaining=1348
    iter=653 E=-1.9938364169 nfev=656 t=1166.2s remaining=1347
    iter=654 E=-1.9938441080 nfev=657 t=1168.0s remaining=1346
    iter=655 E=-1.9938497961 nfev=658 t=1169.7s remaining=1345
    iter=656 E=-1.9938539663 nfev=659 t=1171.5s remaining=1344
    iter=657 E=-1.9938579871 nfev=660 t=1173.2s remaining=1343
    iter=658 E=-1.9938630371 nfev=661 t=1175.0s remaining=1342
    iter=659 E=-1.9938691479 nfev=662 t=1176.7s remaining=1341
    iter=660 E=-1.9938761412 nfev=663 t=1178.4s remaining=1340
    iter=661 E=-1.9938839446 nfev=664 t=1180.2s remaining=1339
    iter=662 E=-1.9938917280 nfev=665 t=1182.0s remaining=1338
    iter=663 E=-1.9938980747 nfev=666 t=1183.7s remaining=1337
    iter=664 E=-1.9939039460 nfev=667 t=1185.5s remaining=1336
    iter=665 E=-1.9939090348 nfev=668 t=1187.2s remaining=1335
    iter=666 E=-1.9939135077 nfev=669 t=1188.9s remaining=1334
    iter=667 E=-1.9939182309 nfev=670 t=1190.8s remaining=1333
    iter=668 E=-1.9939238072 nfev=671 t=1192.6s remaining=1332
    iter=669 E=-1.9939297643 nfev=672 t=1194.4s remaining=1331
    iter=670 E=-1.9939356715 nfev=673 t=1196.5s remaining=1330
    iter=671 E=-1.9939415322 nfev=674 t=1198.4s remaining=1329
    iter=672 E=-1.9939469903 nfev=675 t=1200.2s remaining=1328
    iter=673 E=-1.9939518842 nfev=676 t=1202.1s remaining=1327
    iter=674 E=-1.9939562810 nfev=677 t=1203.9s remaining=1326
    iter=675 E=-1.9939607928 nfev=678 t=1205.6s remaining=1325
    iter=676 E=-1.9939660556 nfev=679 t=1207.3s remaining=1324
    iter=677 E=-1.9939721694 nfev=680 t=1209.1s remaining=1323
    iter=678 E=-1.9939780741 nfev=681 t=1210.9s remaining=1322
    iter=679 E=-1.9939825715 nfev=682 t=1212.7s remaining=1321
    iter=680 E=-1.9939864982 nfev=683 t=1214.4s remaining=1320
    iter=681 E=-1.9939913866 nfev=684 t=1216.2s remaining=1319
    iter=682 E=-1.9939968985 nfev=685 t=1218.2s remaining=1318
    iter=683 E=-1.9940024282 nfev=686 t=1220.0s remaining=1317
    iter=684 E=-1.9940075499 nfev=687 t=1221.8s remaining=1316
    iter=685 E=-1.9940123466 nfev=688 t=1223.5s remaining=1315
    iter=686 E=-1.9940169229 nfev=689 t=1225.3s remaining=1314
    iter=687 E=-1.9940209715 nfev=690 t=1227.1s remaining=1313
    iter=688 E=-1.9940244668 nfev=691 t=1228.9s remaining=1312
    iter=689 E=-1.9940278682 nfev=692 t=1230.6s remaining=1311
    iter=690 E=-1.9940318320 nfev=693 t=1232.3s remaining=1310
    iter=691 E=-1.9940365974 nfev=694 t=1234.0s remaining=1309
    iter=692 E=-1.9940417343 nfev=695 t=1235.9s remaining=1308
    iter=693 E=-1.9940464734 nfev=696 t=1237.7s remaining=1307
    iter=694 E=-1.9940502740 nfev=697 t=1239.6s remaining=1306
    iter=695 E=-1.9940532820 nfev=698 t=1241.4s remaining=1305
    iter=696 E=-1.9940559929 nfev=699 t=1243.2s remaining=1304
    iter=697 E=-1.9940588203 nfev=700 t=1244.9s remaining=1303
    iter=698 E=-1.9940620946 nfev=701 t=1246.7s remaining=1302
    iter=699 E=-1.9940659240 nfev=702 t=1248.4s remaining=1301
    iter=700 E=-1.9940704448 nfev=703 t=1250.2s remaining=1300
    iter=701 E=-1.9940753358 nfev=704 t=1251.9s remaining=1299
    iter=702 E=-1.9940797305 nfev=705 t=1253.7s remaining=1298
    iter=703 E=-1.9940832284 nfev=706 t=1255.4s remaining=1297
    iter=704 E=-1.9940863755 nfev=707 t=1257.2s remaining=1296
    iter=705 E=-1.9940897308 nfev=708 t=1258.9s remaining=1295
    iter=706 E=-1.9940932430 nfev=709 t=1260.6s remaining=1294
    iter=707 E=-1.9940965854 nfev=710 t=1262.3s remaining=1293
    iter=708 E=-1.9941001488 nfev=711 t=1264.0s remaining=1292
    iter=709 E=-1.9941039413 nfev=712 t=1265.7s remaining=1291
    iter=710 E=-1.9941074560 nfev=713 t=1267.5s remaining=1290
    iter=711 E=-1.9941106913 nfev=714 t=1269.3s remaining=1289
    iter=712 E=-1.9941139240 nfev=715 t=1271.0s remaining=1288
    iter=713 E=-1.9941172459 nfev=716 t=1272.9s remaining=1287
    iter=714 E=-1.9941204929 nfev=717 t=1274.7s remaining=1286
    iter=715 E=-1.9941236202 nfev=718 t=1276.7s remaining=1285
    iter=716 E=-1.9941267345 nfev=719 t=1278.5s remaining=1284
    iter=717 E=-1.9941299450 nfev=720 t=1280.2s remaining=1283
    iter=718 E=-1.9941331410 nfev=721 t=1281.9s remaining=1282
    iter=719 E=-1.9941362666 nfev=722 t=1283.7s remaining=1281
    iter=720 E=-1.9941393236 nfev=723 t=1285.4s remaining=1280
    iter=721 E=-1.9941422821 nfev=724 t=1287.2s remaining=1279
    iter=722 E=-1.9941450977 nfev=725 t=1289.0s remaining=1278
    iter=723 E=-1.9941479848 nfev=726 t=1290.8s remaining=1277
    iter=724 E=-1.9941513369 nfev=727 t=1292.7s remaining=1276
    iter=725 E=-1.9941554128 nfev=728 t=1294.5s remaining=1275
    iter=726 E=-1.9941599824 nfev=729 t=1296.3s remaining=1274
    iter=727 E=-1.9941643262 nfev=730 t=1298.1s remaining=1273
    iter=728 E=-1.9941679133 nfev=731 t=1299.8s remaining=1272
    iter=729 E=-1.9941708762 nfev=732 t=1301.6s remaining=1271
    iter=730 E=-1.9941738908 nfev=733 t=1303.4s remaining=1270
    iter=731 E=-1.9941773221 nfev=734 t=1305.3s remaining=1269
    iter=732 E=-1.9941807074 nfev=735 t=1307.1s remaining=1268
    iter=733 E=-1.9941839375 nfev=736 t=1308.9s remaining=1267
    iter=734 E=-1.9941873657 nfev=737 t=1310.6s remaining=1266
    iter=735 E=-1.9941910175 nfev=738 t=1312.3s remaining=1265
    iter=736 E=-1.9941947261 nfev=739 t=1314.0s remaining=1264
    iter=737 E=-1.9941982782 nfev=740 t=1315.7s remaining=1263
    iter=738 E=-1.9942014920 nfev=741 t=1317.6s remaining=1262
    iter=739 E=-1.9942044557 nfev=742 t=1319.3s remaining=1261
    iter=740 E=-1.9942076432 nfev=743 t=1321.0s remaining=1260
    iter=741 E=-1.9942115226 nfev=744 t=1322.7s remaining=1259
    iter=742 E=-1.9942152842 nfev=745 t=1324.4s remaining=1258
    iter=743 E=-1.9942188182 nfev=746 t=1326.2s remaining=1257
    iter=744 E=-1.9942219174 nfev=747 t=1328.0s remaining=1256
    iter=745 E=-1.9942247225 nfev=748 t=1329.8s remaining=1255
    iter=746 E=-1.9942276105 nfev=749 t=1331.5s remaining=1254
    iter=747 E=-1.9942307503 nfev=750 t=1333.2s remaining=1253
    iter=748 E=-1.9942338376 nfev=751 t=1335.0s remaining=1252
    iter=749 E=-1.9942365275 nfev=752 t=1336.8s remaining=1251
    iter=750 E=-1.9942388828 nfev=753 t=1338.5s remaining=1250
    iter=751 E=-1.9942413784 nfev=754 t=1340.4s remaining=1249
    iter=752 E=-1.9942444053 nfev=755 t=1342.4s remaining=1248
    iter=753 E=-1.9942475745 nfev=756 t=1344.2s remaining=1247
    iter=754 E=-1.9942504773 nfev=757 t=1345.9s remaining=1246
    iter=755 E=-1.9942531436 nfev=758 t=1347.8s remaining=1245
    iter=756 E=-1.9942560018 nfev=759 t=1349.5s remaining=1244
    iter=757 E=-1.9942594051 nfev=760 t=1351.3s remaining=1243
    iter=758 E=-1.9942630335 nfev=761 t=1353.1s remaining=1242
    iter=759 E=-1.9942667240 nfev=762 t=1354.9s remaining=1241
    iter=760 E=-1.9942706229 nfev=763 t=1356.7s remaining=1240
    iter=761 E=-1.9942738771 nfev=764 t=1358.4s remaining=1239
    iter=762 E=-1.9942764310 nfev=765 t=1360.3s remaining=1238
    iter=763 E=-1.9942788827 nfev=766 t=1362.0s remaining=1237
    iter=764 E=-1.9942816712 nfev=767 t=1363.7s remaining=1236
    iter=765 E=-1.9942849998 nfev=768 t=1365.6s remaining=1235
    iter=766 E=-1.9942886566 nfev=769 t=1367.5s remaining=1234
    iter=767 E=-1.9942923282 nfev=770 t=1369.3s remaining=1233
    iter=768 E=-1.9942953428 nfev=771 t=1371.2s remaining=1232
    iter=769 E=-1.9942975946 nfev=772 t=1372.9s remaining=1231
    iter=770 E=-1.9942997037 nfev=773 t=1374.7s remaining=1230
    iter=771 E=-1.9943026957 nfev=774 t=1376.5s remaining=1229
    iter=772 E=-1.9943070759 nfev=775 t=1378.3s remaining=1228
    iter=773 E=-1.9943122698 nfev=776 t=1380.1s remaining=1227
    iter=774 E=-1.9943163561 nfev=777 t=1381.8s remaining=1226
    iter=775 E=-1.9943188068 nfev=778 t=1383.6s remaining=1225
    iter=776 E=-1.9943204704 nfev=779 t=1385.4s remaining=1224
    iter=777 E=-1.9943224206 nfev=780 t=1387.3s remaining=1223
    iter=778 E=-1.9943255564 nfev=781 t=1389.1s remaining=1222
    iter=779 E=-1.9943303086 nfev=782 t=1390.9s remaining=1221
    iter=780 E=-1.9943359043 nfev=783 t=1392.7s remaining=1220
    iter=781 E=-1.9943408869 nfev=784 t=1394.5s remaining=1219
    iter=782 E=-1.9943457122 nfev=785 t=1396.4s remaining=1218
    iter=783 E=-1.9943486941 nfev=786 t=1398.2s remaining=1217
    iter=784 E=-1.9943507410 nfev=787 t=1400.1s remaining=1216
    iter=785 E=-1.9943527837 nfev=788 t=1402.0s remaining=1215
    iter=786 E=-1.9943552154 nfev=789 t=1403.8s remaining=1214
    iter=787 E=-1.9943578116 nfev=790 t=1405.6s remaining=1213
    iter=788 E=-1.9943605935 nfev=791 t=1407.3s remaining=1212
    iter=789 E=-1.9943640316 nfev=792 t=1409.1s remaining=1211
    iter=790 E=-1.9943680773 nfev=793 t=1410.9s remaining=1210
    iter=791 E=-1.9943709166 nfev=794 t=1412.7s remaining=1209
    iter=792 E=-1.9943733516 nfev=795 t=1414.6s remaining=1208
    iter=793 E=-1.9943754834 nfev=796 t=1416.5s remaining=1207
    iter=794 E=-1.9943776371 nfev=797 t=1418.3s remaining=1206
    iter=795 E=-1.9943799447 nfev=798 t=1420.1s remaining=1205
    iter=796 E=-1.9943828765 nfev=799 t=1422.0s remaining=1204
    iter=797 E=-1.9943863262 nfev=800 t=1423.8s remaining=1203
    iter=798 E=-1.9943898767 nfev=801 t=1425.7s remaining=1202
    iter=799 E=-1.9943926508 nfev=802 t=1427.5s remaining=1201
    iter=800 E=-1.9943943493 nfev=803 t=1429.7s remaining=1200
    iter=801 E=-1.9943956399 nfev=804 t=1431.4s remaining=1199
    iter=802 E=-1.9943971369 nfev=805 t=1433.2s remaining=1198
    iter=803 E=-1.9943991877 nfev=806 t=1435.0s remaining=1197
    iter=804 E=-1.9944017491 nfev=807 t=1436.8s remaining=1196
    iter=805 E=-1.9944044388 nfev=808 t=1438.6s remaining=1195
    iter=806 E=-1.9944065582 nfev=809 t=1440.4s remaining=1194
    iter=807 E=-1.9944082581 nfev=810 t=1442.1s remaining=1193
    iter=808 E=-1.9944099049 nfev=811 t=1443.9s remaining=1192
    iter=809 E=-1.9944116944 nfev=812 t=1445.7s remaining=1191
    iter=810 E=-1.9944135285 nfev=813 t=1447.5s remaining=1190
    iter=811 E=-1.9944157036 nfev=814 t=1449.3s remaining=1189
    iter=812 E=-1.9944182249 nfev=815 t=1451.0s remaining=1188
    iter=813 E=-1.9944203372 nfev=816 t=1452.8s remaining=1187
    iter=814 E=-1.9944217232 nfev=817 t=1454.6s remaining=1186
    iter=815 E=-1.9944227929 nfev=818 t=1456.4s remaining=1185
    iter=816 E=-1.9944239684 nfev=819 t=1458.2s remaining=1184
    iter=817 E=-1.9944255734 nfev=820 t=1460.0s remaining=1183
    iter=818 E=-1.9944277268 nfev=821 t=1461.8s remaining=1182
    iter=819 E=-1.9944307400 nfev=822 t=1463.6s remaining=1181
    iter=820 E=-1.9944337990 nfev=823 t=1465.3s remaining=1180
    iter=821 E=-1.9944361555 nfev=824 t=1467.1s remaining=1179
    iter=822 E=-1.9944377673 nfev=825 t=1468.9s remaining=1178
    iter=823 E=-1.9944389922 nfev=826 t=1470.7s remaining=1177
    iter=824 E=-1.9944402363 nfev=827 t=1472.5s remaining=1176
    iter=825 E=-1.9944419653 nfev=828 t=1474.2s remaining=1175
    iter=826 E=-1.9944444993 nfev=829 t=1476.1s remaining=1174
    iter=827 E=-1.9944477205 nfev=830 t=1478.0s remaining=1173
    iter=828 E=-1.9944513367 nfev=831 t=1479.8s remaining=1172
    iter=829 E=-1.9944546270 nfev=832 t=1481.5s remaining=1171
    iter=830 E=-1.9944571062 nfev=833 t=1483.3s remaining=1170
    iter=831 E=-1.9944589162 nfev=834 t=1485.2s remaining=1169
    iter=832 E=-1.9944603999 nfev=835 t=1486.9s remaining=1168
    iter=833 E=-1.9944619804 nfev=836 t=1488.6s remaining=1167
    iter=834 E=-1.9944639894 nfev=837 t=1490.3s remaining=1166
    iter=835 E=-1.9944670951 nfev=838 t=1492.1s remaining=1165
    iter=836 E=-1.9944713683 nfev=839 t=1493.9s remaining=1164
    iter=837 E=-1.9944747069 nfev=840 t=1495.6s remaining=1163
    iter=838 E=-1.9944769789 nfev=841 t=1497.3s remaining=1162
    iter=839 E=-1.9944782847 nfev=842 t=1499.0s remaining=1161
    iter=840 E=-1.9944794685 nfev=843 t=1500.9s remaining=1160
    iter=841 E=-1.9944811747 nfev=844 t=1502.6s remaining=1159
    iter=842 E=-1.9944837207 nfev=845 t=1504.4s remaining=1158
    iter=843 E=-1.9944867849 nfev=846 t=1506.2s remaining=1157
    iter=844 E=-1.9944899214 nfev=847 t=1508.0s remaining=1156
    iter=845 E=-1.9944928468 nfev=848 t=1509.7s remaining=1155
    iter=846 E=-1.9944951172 nfev=849 t=1511.6s remaining=1154
    iter=847 E=-1.9944967420 nfev=850 t=1513.4s remaining=1153
    iter=848 E=-1.9944980713 nfev=851 t=1515.1s remaining=1152
    iter=849 E=-1.9944994293 nfev=852 t=1517.0s remaining=1151
    iter=850 E=-1.9945012582 nfev=853 t=1518.9s remaining=1150
    iter=851 E=-1.9945035118 nfev=854 t=1520.7s remaining=1149
    iter=852 E=-1.9945064976 nfev=855 t=1522.5s remaining=1148
    iter=853 E=-1.9945099047 nfev=856 t=1524.8s remaining=1147
    iter=854 E=-1.9945128228 nfev=857 t=1526.7s remaining=1146
    iter=855 E=-1.9945148381 nfev=858 t=1528.7s remaining=1145
    iter=856 E=-1.9945163382 nfev=859 t=1530.6s remaining=1144
    iter=857 E=-1.9945179579 nfev=860 t=1532.6s remaining=1143
    iter=858 E=-1.9945200462 nfev=861 t=1534.6s remaining=1142
    iter=859 E=-1.9945231432 nfev=862 t=1536.6s remaining=1141
    iter=860 E=-1.9945272589 nfev=863 t=1538.9s remaining=1140
    iter=861 E=-1.9945313388 nfev=864 t=1541.1s remaining=1139
    iter=862 E=-1.9945342030 nfev=865 t=1543.3s remaining=1138
    iter=863 E=-1.9945360885 nfev=866 t=1545.6s remaining=1137
    iter=864 E=-1.9945376098 nfev=867 t=1547.8s remaining=1136
    iter=865 E=-1.9945397854 nfev=868 t=1550.0s remaining=1135
    iter=866 E=-1.9945426061 nfev=869 t=1552.3s remaining=1134
    iter=867 E=-1.9945467047 nfev=870 t=1554.5s remaining=1133
    iter=868 E=-1.9945510162 nfev=871 t=1556.4s remaining=1132
    iter=869 E=-1.9945543087 nfev=872 t=1558.2s remaining=1131
    iter=870 E=-1.9945566298 nfev=873 t=1559.9s remaining=1130
    iter=871 E=-1.9945584058 nfev=874 t=1561.7s remaining=1129
    iter=872 E=-1.9945602367 nfev=875 t=1563.5s remaining=1128
    iter=873 E=-1.9945621897 nfev=876 t=1565.2s remaining=1127
    iter=874 E=-1.9945644035 nfev=877 t=1566.9s remaining=1126
    iter=875 E=-1.9945666501 nfev=878 t=1568.7s remaining=1125
    iter=876 E=-1.9945690613 nfev=879 t=1570.5s remaining=1124
    iter=877 E=-1.9945714936 nfev=880 t=1572.4s remaining=1123
    iter=878 E=-1.9945729858 nfev=881 t=1574.3s remaining=1122
    iter=879 E=-1.9945741620 nfev=882 t=1576.1s remaining=1121
    iter=880 E=-1.9945752969 nfev=883 t=1577.9s remaining=1120
    iter=881 E=-1.9945765401 nfev=884 t=1579.8s remaining=1119
    iter=882 E=-1.9945781201 nfev=885 t=1581.6s remaining=1118
    iter=883 E=-1.9945802529 nfev=886 t=1583.4s remaining=1117
    iter=884 E=-1.9945828293 nfev=887 t=1585.3s remaining=1116
    iter=885 E=-1.9945856299 nfev=888 t=1587.1s remaining=1115
    iter=886 E=-1.9945879748 nfev=889 t=1588.8s remaining=1114
    iter=887 E=-1.9945894502 nfev=890 t=1590.5s remaining=1113
    iter=888 E=-1.9945904777 nfev=891 t=1592.2s remaining=1112
    iter=889 E=-1.9945915348 nfev=892 t=1593.9s remaining=1111
    iter=890 E=-1.9945929941 nfev=893 t=1595.6s remaining=1110
    iter=891 E=-1.9945951698 nfev=894 t=1597.4s remaining=1109
    iter=892 E=-1.9945981989 nfev=895 t=1599.0s remaining=1108
    iter=893 E=-1.9946012411 nfev=896 t=1600.8s remaining=1107
    iter=894 E=-1.9946034647 nfev=897 t=1602.5s remaining=1106
    iter=895 E=-1.9946049110 nfev=898 t=1604.3s remaining=1105
    iter=896 E=-1.9946060818 nfev=899 t=1606.1s remaining=1104
    iter=897 E=-1.9946074569 nfev=900 t=1607.8s remaining=1103
    iter=898 E=-1.9946092303 nfev=901 t=1609.6s remaining=1102
    iter=899 E=-1.9946115825 nfev=902 t=1611.4s remaining=1101
    iter=900 E=-1.9946144174 nfev=903 t=1613.3s remaining=1100
    iter=901 E=-1.9946169541 nfev=904 t=1615.0s remaining=1099
    iter=902 E=-1.9946189610 nfev=905 t=1616.8s remaining=1098
    iter=903 E=-1.9946205264 nfev=906 t=1618.5s remaining=1097
    iter=904 E=-1.9946220307 nfev=907 t=1620.2s remaining=1096
    iter=905 E=-1.9946239460 nfev=908 t=1622.0s remaining=1095
    iter=906 E=-1.9946266530 nfev=909 t=1623.8s remaining=1094
    iter=907 E=-1.9946303201 nfev=910 t=1625.5s remaining=1093
    iter=908 E=-1.9946343032 nfev=911 t=1627.5s remaining=1092
    iter=909 E=-1.9946375211 nfev=912 t=1629.2s remaining=1091
    iter=910 E=-1.9946395339 nfev=913 t=1630.9s remaining=1090
    iter=911 E=-1.9946408439 nfev=914 t=1632.6s remaining=1089
    iter=912 E=-1.9946421406 nfev=915 t=1634.3s remaining=1088
    iter=913 E=-1.9946438311 nfev=916 t=1636.1s remaining=1087
    iter=914 E=-1.9946459555 nfev=917 t=1637.8s remaining=1086
    iter=915 E=-1.9946484426 nfev=918 t=1639.6s remaining=1085
    iter=916 E=-1.9946509326 nfev=919 t=1641.4s remaining=1084
    iter=917 E=-1.9946532162 nfev=920 t=1643.1s remaining=1083
    iter=918 E=-1.9946551263 nfev=921 t=1645.0s remaining=1082
    iter=919 E=-1.9946567154 nfev=922 t=1646.7s remaining=1081
    iter=920 E=-1.9946581056 nfev=923 t=1648.4s remaining=1080
    iter=921 E=-1.9946594771 nfev=924 t=1650.1s remaining=1079
    iter=922 E=-1.9946609943 nfev=925 t=1651.9s remaining=1078
    iter=923 E=-1.9946627226 nfev=926 t=1653.6s remaining=1077
    iter=924 E=-1.9946648455 nfev=927 t=1655.4s remaining=1076
    iter=925 E=-1.9946674228 nfev=928 t=1657.3s remaining=1075
    iter=926 E=-1.9946705707 nfev=929 t=1659.0s remaining=1074
    iter=927 E=-1.9946734110 nfev=930 t=1661.1s remaining=1073
    iter=928 E=-1.9946751214 nfev=931 t=1662.8s remaining=1072
    iter=929 E=-1.9946760290 nfev=932 t=1664.6s remaining=1071
    iter=930 E=-1.9946768115 nfev=933 t=1666.5s remaining=1070
    iter=931 E=-1.9946779752 nfev=934 t=1668.5s remaining=1069
    iter=932 E=-1.9946796493 nfev=935 t=1670.2s remaining=1068
    iter=933 E=-1.9946818789 nfev=936 t=1672.2s remaining=1067
    iter=934 E=-1.9946841513 nfev=937 t=1674.0s remaining=1066
    iter=935 E=-1.9946863844 nfev=938 t=1675.8s remaining=1065
    iter=936 E=-1.9946879112 nfev=939 t=1677.6s remaining=1064
    iter=937 E=-1.9946889049 nfev=940 t=1679.4s remaining=1063
    iter=938 E=-1.9946896220 nfev=941 t=1681.2s remaining=1062
    iter=939 E=-1.9946902844 nfev=942 t=1683.0s remaining=1061
    iter=940 E=-1.9946911230 nfev=943 t=1684.9s remaining=1060
    iter=941 E=-1.9946923666 nfev=944 t=1686.7s remaining=1059
    iter=942 E=-1.9946940985 nfev=945 t=1688.7s remaining=1058
    iter=943 E=-1.9946959537 nfev=946 t=1690.5s remaining=1057
    iter=944 E=-1.9946976479 nfev=947 t=1692.4s remaining=1056
    iter=945 E=-1.9946987754 nfev=948 t=1694.2s remaining=1055
    iter=946 E=-1.9946994532 nfev=949 t=1696.0s remaining=1054
    iter=947 E=-1.9947000326 nfev=950 t=1697.9s remaining=1053
    iter=948 E=-1.9947008493 nfev=951 t=1699.7s remaining=1052
    iter=949 E=-1.9947020975 nfev=952 t=1701.5s remaining=1051
    iter=950 E=-1.9947038920 nfev=953 t=1703.3s remaining=1050
    iter=951 E=-1.9947056051 nfev=954 t=1705.1s remaining=1049
    iter=952 E=-1.9947068161 nfev=955 t=1707.1s remaining=1048
    iter=953 E=-1.9947075961 nfev=956 t=1708.8s remaining=1047
    iter=954 E=-1.9947081175 nfev=957 t=1710.5s remaining=1046
    iter=955 E=-1.9947085908 nfev=958 t=1712.4s remaining=1045
    iter=956 E=-1.9947092287 nfev=959 t=1714.3s remaining=1044
    iter=957 E=-1.9947102056 nfev=960 t=1716.0s remaining=1043
    iter=958 E=-1.9947116827 nfev=961 t=1717.7s remaining=1042
    iter=959 E=-1.9947136619 nfev=962 t=1719.5s remaining=1041
    iter=960 E=-1.9947152863 nfev=963 t=1721.2s remaining=1040
    iter=961 E=-1.9947163040 nfev=964 t=1722.8s remaining=1039
    iter=962 E=-1.9947168453 nfev=965 t=1724.6s remaining=1038
    iter=963 E=-1.9947173102 nfev=966 t=1726.4s remaining=1037
    iter=964 E=-1.9947178931 nfev=967 t=1728.2s remaining=1036
    iter=965 E=-1.9947185282 nfev=968 t=1730.0s remaining=1035
    iter=966 E=-1.9947192729 nfev=969 t=1731.8s remaining=1034
    iter=967 E=-1.9947202459 nfev=970 t=1733.6s remaining=1033
    iter=968 E=-1.9947214103 nfev=971 t=1735.4s remaining=1032
    iter=969 E=-1.9947225073 nfev=972 t=1737.1s remaining=1031
    iter=970 E=-1.9947232876 nfev=973 t=1738.9s remaining=1030
    iter=971 E=-1.9947237533 nfev=974 t=1740.7s remaining=1029
    iter=972 E=-1.9947241826 nfev=975 t=1742.5s remaining=1028
    iter=973 E=-1.9947247436 nfev=976 t=1744.3s remaining=1027
    iter=974 E=-1.9947255475 nfev=977 t=1746.1s remaining=1026
    iter=975 E=-1.9947266048 nfev=978 t=1747.9s remaining=1025
    iter=976 E=-1.9947278071 nfev=979 t=1749.6s remaining=1024
    iter=977 E=-1.9947288299 nfev=980 t=1751.4s remaining=1023
    iter=978 E=-1.9947295085 nfev=981 t=1753.2s remaining=1022
    iter=979 E=-1.9947299480 nfev=982 t=1755.0s remaining=1021
    iter=980 E=-1.9947303230 nfev=983 t=1756.8s remaining=1020
    iter=981 E=-1.9947307610 nfev=984 t=1758.5s remaining=1019
    iter=982 E=-1.9947313676 nfev=985 t=1760.3s remaining=1018
    iter=983 E=-1.9947322379 nfev=986 t=1762.1s remaining=1017
    iter=984 E=-1.9947332825 nfev=987 t=1763.9s remaining=1016
    iter=985 E=-1.9947342860 nfev=988 t=1765.6s remaining=1015
    iter=986 E=-1.9947350275 nfev=989 t=1767.4s remaining=1014
    iter=987 E=-1.9947355261 nfev=990 t=1769.2s remaining=1013
    iter=988 E=-1.9947358971 nfev=991 t=1771.0s remaining=1012
    iter=989 E=-1.9947362507 nfev=992 t=1772.8s remaining=1011
    iter=990 E=-1.9947366671 nfev=993 t=1774.6s remaining=1010
    iter=991 E=-1.9947372651 nfev=994 t=1776.3s remaining=1009
    iter=992 E=-1.9947381523 nfev=995 t=1778.1s remaining=1008
    iter=993 E=-1.9947392417 nfev=996 t=1779.9s remaining=1007
    iter=994 E=-1.9947401411 nfev=997 t=1781.8s remaining=1006
    iter=995 E=-1.9947406584 nfev=998 t=1783.6s remaining=1005
    iter=996 E=-1.9947409493 nfev=999 t=1785.4s remaining=1004
    iter=997 E=-1.9947412190 nfev=1000 t=1787.2s remaining=1003
    iter=998 E=-1.9947416217 nfev=1001 t=1789.0s remaining=1002
    iter=999 E=-1.9947422051 nfev=1002 t=1790.8s remaining=1001
    iter=1000 E=-1.9947429706 nfev=1003 t=1792.6s remaining=1000
    iter=1001 E=-1.9947437773 nfev=1004 t=1794.4s remaining=999
    iter=1002 E=-1.9947444142 nfev=1005 t=1796.2s remaining=998
    iter=1003 E=-1.9947448408 nfev=1006 t=1797.9s remaining=997
    iter=1004 E=-1.9947451397 nfev=1007 t=1799.7s remaining=996
    iter=1005 E=-1.9947454072 nfev=1008 t=1801.5s remaining=995
    iter=1006 E=-1.9947456825 nfev=1009 t=1803.3s remaining=994
    iter=1007 E=-1.9947460182 nfev=1010 t=1805.1s remaining=993
    iter=1008 E=-1.9947465144 nfev=1011 t=1806.9s remaining=992
    iter=1009 E=-1.9947472489 nfev=1012 t=1808.7s remaining=991
    iter=1010 E=-1.9947481320 nfev=1013 t=1810.4s remaining=990
    iter=1011 E=-1.9947487571 nfev=1014 t=1812.1s remaining=989
    iter=1012 E=-1.9947491011 nfev=1015 t=1813.8s remaining=988
    iter=1013 E=-1.9947493207 nfev=1016 t=1815.6s remaining=987
    iter=1014 E=-1.9947495871 nfev=1017 t=1817.4s remaining=986
    iter=1015 E=-1.9947500197 nfev=1018 t=1819.3s remaining=985
    iter=1016 E=-1.9947507243 nfev=1019 t=1821.1s remaining=984
    iter=1017 E=-1.9947518067 nfev=1020 t=1823.0s remaining=983
    iter=1018 E=-1.9947530617 nfev=1021 t=1824.8s remaining=982
    iter=1019 E=-1.9947539315 nfev=1022 t=1826.7s remaining=981
    iter=1020 E=-1.9947545314 nfev=1023 t=1828.4s remaining=980
    iter=1021 E=-1.9947548075 nfev=1024 t=1830.2s remaining=979
    iter=1022 E=-1.9947550543 nfev=1025 t=1831.9s remaining=978
    iter=1023 E=-1.9947554256 nfev=1026 t=1833.7s remaining=977
    iter=1024 E=-1.9947559889 nfev=1027 t=1835.4s remaining=976
    iter=1025 E=-1.9947568176 nfev=1028 t=1837.2s remaining=975
    iter=1026 E=-1.9947578596 nfev=1029 t=1838.9s remaining=974
    iter=1027 E=-1.9947588652 nfev=1030 t=1840.6s remaining=973
    iter=1028 E=-1.9947595542 nfev=1031 t=1842.3s remaining=972
    iter=1029 E=-1.9947599511 nfev=1032 t=1844.0s remaining=971
    iter=1030 E=-1.9947603060 nfev=1033 t=1845.8s remaining=970
    iter=1031 E=-1.9947607809 nfev=1034 t=1847.5s remaining=969
    iter=1032 E=-1.9947614572 nfev=1035 t=1849.2s remaining=968
    iter=1033 E=-1.9947624205 nfev=1036 t=1851.0s remaining=967
    iter=1034 E=-1.9947636596 nfev=1037 t=1852.7s remaining=966
    iter=1035 E=-1.9947648638 nfev=1038 t=1854.6s remaining=965
    iter=1036 E=-1.9947657157 nfev=1039 t=1856.6s remaining=964
    iter=1037 E=-1.9947661622 nfev=1040 t=1858.4s remaining=963
    iter=1038 E=-1.9947664892 nfev=1041 t=1860.2s remaining=962
    iter=1039 E=-1.9947669218 nfev=1042 t=1861.9s remaining=961
    iter=1040 E=-1.9947675921 nfev=1043 t=1863.6s remaining=960
    iter=1041 E=-1.9947686338 nfev=1044 t=1865.4s remaining=959
    iter=1042 E=-1.9947701355 nfev=1045 t=1867.1s remaining=958
    iter=1043 E=-1.9947715366 nfev=1046 t=1868.8s remaining=957
    iter=1044 E=-1.9947725579 nfev=1047 t=1870.6s remaining=956
    iter=1045 E=-1.9947731179 nfev=1048 t=1872.5s remaining=955
    iter=1046 E=-1.9947734449 nfev=1049 t=1874.4s remaining=954
    iter=1047 E=-1.9947737948 nfev=1050 t=1876.2s remaining=953
    iter=1048 E=-1.9947743244 nfev=1051 t=1878.0s remaining=952
    iter=1049 E=-1.9947751376 nfev=1052 t=1879.7s remaining=951
    iter=1050 E=-1.9947763667 nfev=1053 t=1881.4s remaining=950
    iter=1051 E=-1.9947780292 nfev=1054 t=1883.1s remaining=949
    iter=1052 E=-1.9947795426 nfev=1055 t=1884.8s remaining=948
    iter=1053 E=-1.9947806762 nfev=1056 t=1886.5s remaining=947
    iter=1054 E=-1.9947812935 nfev=1057 t=1888.2s remaining=946
    iter=1055 E=-1.9947817400 nfev=1058 t=1889.9s remaining=945
    iter=1056 E=-1.9947823462 nfev=1059 t=1891.7s remaining=944
    iter=1057 E=-1.9947832116 nfev=1060 t=1893.6s remaining=943
    iter=1058 E=-1.9947844752 nfev=1061 t=1895.4s remaining=942
    iter=1059 E=-1.9947863611 nfev=1062 t=1897.2s remaining=941
    iter=1060 E=-1.9947890250 nfev=1063 t=1899.0s remaining=940
    iter=1061 E=-1.9947913170 nfev=1064 t=1900.8s remaining=939
    iter=1062 E=-1.9947926349 nfev=1065 t=1902.6s remaining=938
    iter=1063 E=-1.9947933464 nfev=1066 t=1904.6s remaining=937
    iter=1064 E=-1.9947939355 nfev=1067 t=1906.5s remaining=936
    iter=1065 E=-1.9947946440 nfev=1068 t=1908.2s remaining=935
    iter=1066 E=-1.9947957540 nfev=1069 t=1910.0s remaining=934
    iter=1067 E=-1.9947975238 nfev=1070 t=1911.9s remaining=933
    iter=1068 E=-1.9948002065 nfev=1071 t=1913.8s remaining=932
    iter=1069 E=-1.9948033848 nfev=1072 t=1915.5s remaining=931
    iter=1070 E=-1.9948053912 nfev=1073 t=1917.4s remaining=930
    iter=1071 E=-1.9948065016 nfev=1074 t=1919.2s remaining=929
    iter=1072 E=-1.9948075938 nfev=1075 t=1921.0s remaining=928
    iter=1073 E=-1.9948081801 nfev=1076 t=1922.6s remaining=927
    iter=1074 E=-1.9948089201 nfev=1077 t=1924.3s remaining=926
    iter=1075 E=-1.9948100176 nfev=1078 t=1926.0s remaining=925
    iter=1076 E=-1.9948115680 nfev=1079 t=1927.8s remaining=924
    iter=1077 E=-1.9948138155 nfev=1080 t=1929.6s remaining=923
    iter=1078 E=-1.9948169359 nfev=1081 t=1931.6s remaining=922
    iter=1079 E=-1.9948197527 nfev=1082 t=1933.3s remaining=921
    iter=1080 E=-1.9948211608 nfev=1083 t=1935.1s remaining=920
    iter=1081 E=-1.9948219931 nfev=1084 t=1936.8s remaining=919
    iter=1082 E=-1.9948227130 nfev=1085 t=1938.7s remaining=918
    iter=1083 E=-1.9948237725 nfev=1086 t=1940.5s remaining=917
    iter=1084 E=-1.9948251697 nfev=1087 t=1942.2s remaining=916
    iter=1085 E=-1.9948270741 nfev=1088 t=1944.0s remaining=915
    iter=1086 E=-1.9948297624 nfev=1089 t=1945.9s remaining=914
    iter=1087 E=-1.9948328901 nfev=1090 t=1947.7s remaining=913
    iter=1088 E=-1.9948350860 nfev=1091 t=1949.4s remaining=912
    iter=1089 E=-1.9948367099 nfev=1092 t=1951.2s remaining=911
    iter=1090 E=-1.9948378599 nfev=1093 t=1953.0s remaining=910
    iter=1091 E=-1.9948389148 nfev=1094 t=1954.8s remaining=909
    iter=1092 E=-1.9948397037 nfev=1095 t=1956.6s remaining=908
    iter=1093 E=-1.9948408194 nfev=1096 t=1958.3s remaining=907
    iter=1094 E=-1.9948424879 nfev=1097 t=1960.1s remaining=906
    iter=1095 E=-1.9948449841 nfev=1098 t=1961.8s remaining=905
    iter=1096 E=-1.9948484471 nfev=1099 t=1963.5s remaining=904
    iter=1097 E=-1.9948518554 nfev=1100 t=1965.5s remaining=903
    iter=1098 E=-1.9948543152 nfev=1101 t=1967.3s remaining=902
    iter=1099 E=-1.9948557272 nfev=1102 t=1969.1s remaining=901
    iter=1100 E=-1.9948565070 nfev=1103 t=1971.0s remaining=900
    iter=1101 E=-1.9948572609 nfev=1104 t=1972.9s remaining=899
    iter=1102 E=-1.9948583756 nfev=1105 t=1974.8s remaining=898
    iter=1103 E=-1.9948600008 nfev=1106 t=1976.7s remaining=897
    iter=1104 E=-1.9948624023 nfev=1107 t=1978.4s remaining=896
    iter=1105 E=-1.9948659075 nfev=1108 t=1980.3s remaining=895
    iter=1106 E=-1.9948700792 nfev=1109 t=1982.3s remaining=894
    iter=1107 E=-1.9948730439 nfev=1110 t=1984.1s remaining=893
    iter=1108 E=-1.9948750715 nfev=1111 t=1986.1s remaining=892
    iter=1109 E=-1.9948764764 nfev=1112 t=1987.9s remaining=891
    iter=1110 E=-1.9948776011 nfev=1113 t=1989.6s remaining=890
    iter=1111 E=-1.9948786070 nfev=1114 t=1991.4s remaining=889
    iter=1112 E=-1.9948797671 nfev=1115 t=1993.1s remaining=888
    iter=1113 E=-1.9948815916 nfev=1116 t=1995.0s remaining=887
    iter=1114 E=-1.9948844179 nfev=1117 t=1996.8s remaining=886
    iter=1115 E=-1.9948882377 nfev=1118 t=1998.6s remaining=885
    iter=1116 E=-1.9948913597 nfev=1119 t=2000.5s remaining=884
    iter=1117 E=-1.9948940237 nfev=1120 t=2002.3s remaining=883
    iter=1118 E=-1.9948956756 nfev=1121 t=2004.0s remaining=882
    iter=1119 E=-1.9948965860 nfev=1122 t=2005.7s remaining=881
    iter=1120 E=-1.9948972766 nfev=1123 t=2007.4s remaining=880
    iter=1121 E=-1.9948981645 nfev=1124 t=2009.2s remaining=879
    iter=1122 E=-1.9948994343 nfev=1125 t=2011.0s remaining=878
    iter=1123 E=-1.9949012955 nfev=1126 t=2012.9s remaining=877
    iter=1124 E=-1.9949039190 nfev=1127 t=2014.6s remaining=876
    iter=1125 E=-1.9949068250 nfev=1128 t=2016.3s remaining=875
    iter=1126 E=-1.9949090859 nfev=1129 t=2018.0s remaining=874
    iter=1127 E=-1.9949106313 nfev=1130 t=2019.7s remaining=873
    iter=1128 E=-1.9949116656 nfev=1131 t=2021.6s remaining=872
    iter=1129 E=-1.9949125957 nfev=1132 t=2023.3s remaining=871
    iter=1130 E=-1.9949136683 nfev=1133 t=2025.0s remaining=870
    iter=1131 E=-1.9949150974 nfev=1134 t=2027.0s remaining=869
    iter=1132 E=-1.9949170221 nfev=1135 t=2028.7s remaining=868
    iter=1133 E=-1.9949197269 nfev=1136 t=2030.5s remaining=867
    iter=1134 E=-1.9949226135 nfev=1137 t=2032.3s remaining=866
    iter=1135 E=-1.9949248488 nfev=1138 t=2034.0s remaining=865
    iter=1136 E=-1.9949263717 nfev=1139 t=2035.8s remaining=864
    iter=1137 E=-1.9949273117 nfev=1140 t=2037.5s remaining=863
    iter=1138 E=-1.9949280563 nfev=1141 t=2039.3s remaining=862
    iter=1139 E=-1.9949289216 nfev=1142 t=2041.1s remaining=861
    iter=1140 E=-1.9949300951 nfev=1143 t=2042.8s remaining=860
    iter=1141 E=-1.9949319446 nfev=1144 t=2044.6s remaining=859
    iter=1142 E=-1.9949347697 nfev=1145 t=2046.3s remaining=858
    iter=1143 E=-1.9949384676 nfev=1146 t=2048.1s remaining=857
    iter=1144 E=-1.9949413564 nfev=1147 t=2049.9s remaining=856
    iter=1145 E=-1.9949437889 nfev=1148 t=2051.6s remaining=855
    iter=1146 E=-1.9949452882 nfev=1149 t=2053.4s remaining=854
    iter=1147 E=-1.9949462472 nfev=1150 t=2055.1s remaining=853
    iter=1148 E=-1.9949471327 nfev=1151 t=2056.9s remaining=852
    iter=1149 E=-1.9949480119 nfev=1152 t=2058.7s remaining=851
    iter=1150 E=-1.9949488461 nfev=1153 t=2060.4s remaining=850
    iter=1151 E=-1.9949501207 nfev=1154 t=2062.2s remaining=849
    iter=1152 E=-1.9949521453 nfev=1155 t=2064.0s remaining=848
    iter=1153 E=-1.9949551547 nfev=1156 t=2065.7s remaining=847
    iter=1154 E=-1.9949585062 nfev=1157 t=2067.6s remaining=846
    iter=1155 E=-1.9949609767 nfev=1158 t=2069.4s remaining=845
    iter=1156 E=-1.9949628602 nfev=1159 t=2071.1s remaining=844
    iter=1157 E=-1.9949638398 nfev=1160 t=2072.8s remaining=843
    iter=1158 E=-1.9949645880 nfev=1161 t=2074.6s remaining=842
    iter=1159 E=-1.9949655276 nfev=1162 t=2076.6s remaining=841
    iter=1160 E=-1.9949666131 nfev=1163 t=2078.6s remaining=840
    iter=1161 E=-1.9949677235 nfev=1164 t=2080.5s remaining=839
    iter=1162 E=-1.9949693931 nfev=1165 t=2082.3s remaining=838
    iter=1163 E=-1.9949717194 nfev=1166 t=2084.2s remaining=837
    iter=1164 E=-1.9949741006 nfev=1167 t=2086.0s remaining=836
    iter=1165 E=-1.9949765290 nfev=1168 t=2087.9s remaining=835
    iter=1166 E=-1.9949783086 nfev=1169 t=2089.6s remaining=834
    iter=1167 E=-1.9949793620 nfev=1170 t=2091.3s remaining=833
    iter=1168 E=-1.9949799783 nfev=1171 t=2093.1s remaining=832
    iter=1169 E=-1.9949804450 nfev=1172 t=2095.0s remaining=831
    iter=1170 E=-1.9949809169 nfev=1173 t=2097.0s remaining=830
    iter=1171 E=-1.9949815721 nfev=1174 t=2098.7s remaining=829
    iter=1172 E=-1.9949825915 nfev=1175 t=2100.5s remaining=828
    iter=1173 E=-1.9949842229 nfev=1176 t=2102.3s remaining=827
    iter=1174 E=-1.9949865978 nfev=1177 t=2104.1s remaining=826
    iter=1175 E=-1.9949887054 nfev=1178 t=2105.9s remaining=825
    iter=1176 E=-1.9949900753 nfev=1179 t=2107.6s remaining=824
    iter=1177 E=-1.9949909855 nfev=1180 t=2109.3s remaining=823
    iter=1178 E=-1.9949915024 nfev=1181 t=2111.2s remaining=822
    iter=1179 E=-1.9949919409 nfev=1182 t=2112.8s remaining=821
    iter=1180 E=-1.9949925741 nfev=1183 t=2114.5s remaining=820
    iter=1181 E=-1.9949933478 nfev=1184 t=2116.4s remaining=819
    iter=1182 E=-1.9949944106 nfev=1185 t=2118.1s remaining=818
    iter=1183 E=-1.9949959904 nfev=1186 t=2119.9s remaining=817
    iter=1184 E=-1.9949979840 nfev=1187 t=2121.7s remaining=816
    iter=1185 E=-1.9949996933 nfev=1188 t=2123.4s remaining=815
    iter=1186 E=-1.9950009864 nfev=1189 t=2125.2s remaining=814
    iter=1187 E=-1.9950017073 nfev=1190 t=2127.0s remaining=813
    iter=1188 E=-1.9950021156 nfev=1191 t=2128.9s remaining=812
    iter=1189 E=-1.9950024613 nfev=1192 t=2130.6s remaining=811
    iter=1190 E=-1.9950029839 nfev=1193 t=2132.3s remaining=810
    iter=1191 E=-1.9950037773 nfev=1194 t=2134.2s remaining=809
    iter=1192 E=-1.9950049542 nfev=1195 t=2136.0s remaining=808
    iter=1193 E=-1.9950064648 nfev=1196 t=2137.9s remaining=807
    iter=1194 E=-1.9950077932 nfev=1197 t=2139.8s remaining=806
    iter=1195 E=-1.9950088787 nfev=1198 t=2141.5s remaining=805
    iter=1196 E=-1.9950096009 nfev=1199 t=2143.3s remaining=804
    iter=1197 E=-1.9950101172 nfev=1200 t=2145.1s remaining=803
    iter=1198 E=-1.9950105982 nfev=1201 t=2146.9s remaining=802
    iter=1199 E=-1.9950111806 nfev=1202 t=2148.9s remaining=801
    iter=1200 E=-1.9950119404 nfev=1203 t=2150.8s remaining=800
    iter=1201 E=-1.9950130529 nfev=1204 t=2152.5s remaining=799
    iter=1202 E=-1.9950145344 nfev=1205 t=2154.3s remaining=798
    iter=1203 E=-1.9950161035 nfev=1206 t=2156.1s remaining=797
    iter=1204 E=-1.9950174801 nfev=1207 t=2157.9s remaining=796
    iter=1205 E=-1.9950183597 nfev=1208 t=2159.7s remaining=795
    iter=1206 E=-1.9950188495 nfev=1209 t=2161.4s remaining=794
    iter=1207 E=-1.9950191704 nfev=1210 t=2163.3s remaining=793
    iter=1208 E=-1.9950194848 nfev=1211 t=2165.2s remaining=792
    iter=1209 E=-1.9950199100 nfev=1212 t=2167.0s remaining=791
    iter=1210 E=-1.9950205485 nfev=1213 t=2168.8s remaining=790
    iter=1211 E=-1.9950214725 nfev=1214 t=2170.5s remaining=789
    iter=1212 E=-1.9950225460 nfev=1215 t=2172.3s remaining=788
    iter=1213 E=-1.9950235448 nfev=1216 t=2174.1s remaining=787
    iter=1214 E=-1.9950242826 nfev=1217 t=2175.9s remaining=786
    iter=1215 E=-1.9950247554 nfev=1218 t=2177.7s remaining=785
    iter=1216 E=-1.9950251129 nfev=1219 t=2179.4s remaining=784
    iter=1217 E=-1.9950254353 nfev=1220 t=2181.2s remaining=783
    iter=1218 E=-1.9950257699 nfev=1221 t=2183.0s remaining=782
    iter=1219 E=-1.9950262058 nfev=1222 t=2185.0s remaining=781
    iter=1220 E=-1.9950268736 nfev=1223 t=2186.9s remaining=780
    iter=1221 E=-1.9950279324 nfev=1224 t=2188.8s remaining=779
    iter=1222 E=-1.9950295097 nfev=1225 t=2190.7s remaining=778
    iter=1223 E=-1.9950310979 nfev=1226 t=2192.5s remaining=777
    iter=1224 E=-1.9950321386 nfev=1227 t=2194.2s remaining=776
    iter=1225 E=-1.9950328070 nfev=1228 t=2196.1s remaining=775
    iter=1226 E=-1.9950331686 nfev=1229 t=2198.0s remaining=774
    iter=1227 E=-1.9950334844 nfev=1230 t=2199.8s remaining=773
    iter=1228 E=-1.9950338784 nfev=1231 t=2201.6s remaining=772
    iter=1229 E=-1.9950344875 nfev=1232 t=2203.5s remaining=771
    iter=1230 E=-1.9950353848 nfev=1233 t=2205.3s remaining=770
    iter=1231 E=-1.9950364667 nfev=1234 t=2207.1s remaining=769
    iter=1232 E=-1.9950376075 nfev=1235 t=2208.8s remaining=768
    iter=1233 E=-1.9950385139 nfev=1236 t=2210.5s remaining=767
    iter=1234 E=-1.9950390965 nfev=1237 t=2212.4s remaining=766
    iter=1235 E=-1.9950394773 nfev=1238 t=2214.2s remaining=765
    iter=1236 E=-1.9950397681 nfev=1239 t=2215.9s remaining=764
    iter=1237 E=-1.9950400339 nfev=1240 t=2217.6s remaining=763
    iter=1238 E=-1.9950403713 nfev=1241 t=2219.4s remaining=762
    iter=1239 E=-1.9950409012 nfev=1242 t=2221.2s remaining=761
    iter=1240 E=-1.9950417447 nfev=1243 t=2223.0s remaining=760
    iter=1241 E=-1.9950429871 nfev=1244 t=2224.7s remaining=759
    iter=1242 E=-1.9950441626 nfev=1245 t=2226.5s remaining=758
    iter=1243 E=-1.9950448996 nfev=1246 t=2228.3s remaining=757
    iter=1244 E=-1.9950453438 nfev=1247 t=2230.1s remaining=756
    iter=1245 E=-1.9950455773 nfev=1248 t=2232.0s remaining=755
    iter=1246 E=-1.9950458002 nfev=1249 t=2233.9s remaining=754
    iter=1247 E=-1.9950461047 nfev=1250 t=2235.7s remaining=753
    iter=1248 E=-1.9950465355 nfev=1251 t=2237.4s remaining=752
    iter=1249 E=-1.9950471101 nfev=1252 t=2239.2s remaining=751
    iter=1250 E=-1.9950478795 nfev=1253 t=2240.9s remaining=750
    iter=1251 E=-1.9950487350 nfev=1254 t=2242.6s remaining=749
    iter=1252 E=-1.9950494573 nfev=1255 t=2244.4s remaining=748
    iter=1253 E=-1.9950499193 nfev=1256 t=2246.2s remaining=747
    iter=1254 E=-1.9950501912 nfev=1257 t=2247.9s remaining=746
    iter=1255 E=-1.9950503897 nfev=1258 t=2249.6s remaining=745
    iter=1256 E=-1.9950505924 nfev=1259 t=2251.3s remaining=744
    iter=1257 E=-1.9950508464 nfev=1260 t=2253.0s remaining=743
    iter=1258 E=-1.9950512162 nfev=1261 t=2254.7s remaining=742
    iter=1259 E=-1.9950517433 nfev=1262 t=2256.5s remaining=741
    iter=1260 E=-1.9950523802 nfev=1263 t=2258.3s remaining=740
    iter=1261 E=-1.9950529717 nfev=1264 t=2260.1s remaining=739
    iter=1262 E=-1.9950533425 nfev=1265 t=2261.8s remaining=738
    iter=1263 E=-1.9950535355 nfev=1266 t=2263.6s remaining=737
    iter=1264 E=-1.9950536648 nfev=1267 t=2265.5s remaining=736
    iter=1265 E=-1.9950538250 nfev=1268 t=2267.2s remaining=735
    iter=1266 E=-1.9950540690 nfev=1269 t=2269.1s remaining=734
    iter=1267 E=-1.9950544400 nfev=1270 t=2271.1s remaining=733
    iter=1268 E=-1.9950549785 nfev=1271 t=2273.1s remaining=732
    iter=1269 E=-1.9950555908 nfev=1272 t=2274.9s remaining=731
    iter=1270 E=-1.9950561081 nfev=1273 t=2276.8s remaining=730
    iter=1271 E=-1.9950564485 nfev=1274 t=2278.6s remaining=729
    iter=1272 E=-1.9950566183 nfev=1275 t=2280.3s remaining=728
    iter=1273 E=-1.9950567395 nfev=1276 t=2282.1s remaining=727
    iter=1274 E=-1.9950568864 nfev=1277 t=2283.9s remaining=726
    iter=1275 E=-1.9950571108 nfev=1278 t=2285.7s remaining=725
    iter=1276 E=-1.9950574605 nfev=1279 t=2287.5s remaining=724
    iter=1277 E=-1.9950579837 nfev=1280 t=2289.2s remaining=723
    iter=1278 E=-1.9950585688 nfev=1281 t=2290.9s remaining=722
    iter=1279 E=-1.9950589374 nfev=1282 t=2293.0s remaining=721
    iter=1280 E=-1.9950591447 nfev=1283 t=2294.9s remaining=720
    iter=1281 E=-1.9950592584 nfev=1284 t=2296.7s remaining=719
    iter=1282 E=-1.9950593842 nfev=1285 t=2298.5s remaining=718
    iter=1283 E=-1.9950595701 nfev=1286 t=2300.2s remaining=717
    iter=1284 E=-1.9950598524 nfev=1287 t=2302.1s remaining=716
    iter=1285 E=-1.9950602857 nfev=1288 t=2303.9s remaining=715
    iter=1286 E=-1.9950609202 nfev=1289 t=2305.7s remaining=714
    iter=1287 E=-1.9950615798 nfev=1290 t=2307.5s remaining=713
    iter=1288 E=-1.9950620655 nfev=1291 t=2309.3s remaining=712
    iter=1289 E=-1.9950623284 nfev=1292 t=2311.0s remaining=711
    iter=1290 E=-1.9950624691 nfev=1293 t=2312.7s remaining=710
    iter=1291 E=-1.9950625920 nfev=1294 t=2314.4s remaining=709
    iter=1292 E=-1.9950627532 nfev=1295 t=2316.1s remaining=708
    iter=1293 E=-1.9950629853 nfev=1296 t=2317.8s remaining=707
    iter=1294 E=-1.9950633422 nfev=1297 t=2319.5s remaining=706
    iter=1295 E=-1.9950638910 nfev=1298 t=2321.2s remaining=705
    iter=1296 E=-1.9950646767 nfev=1299 t=2322.8s remaining=704
    iter=1297 E=-1.9950654128 nfev=1300 t=2324.5s remaining=703
    iter=1298 E=-1.9950658828 nfev=1301 t=2326.3s remaining=702
    iter=1299 E=-1.9950660875 nfev=1302 t=2328.1s remaining=701
    iter=1300 E=-1.9950661882 nfev=1303 t=2329.8s remaining=700
    iter=1301 E=-1.9950663027 nfev=1304 t=2331.5s remaining=699
    iter=1302 E=-1.9950664876 nfev=1305 t=2333.2s remaining=698
    iter=1303 E=-1.9950667940 nfev=1306 t=2335.3s remaining=697
    iter=1304 E=-1.9950672950 nfev=1307 t=2337.3s remaining=696
    iter=1305 E=-1.9950680539 nfev=1308 t=2339.0s remaining=695
    iter=1306 E=-1.9950688705 nfev=1309 t=2340.7s remaining=694
    iter=1307 E=-1.9950693866 nfev=1310 t=2342.3s remaining=693
    iter=1308 E=-1.9950697210 nfev=1311 t=2344.1s remaining=692
    iter=1309 E=-1.9950698730 nfev=1312 t=2345.9s remaining=691
    iter=1310 E=-1.9950700234 nfev=1313 t=2347.7s remaining=690
    iter=1311 E=-1.9950702511 nfev=1314 t=2349.4s remaining=689
    iter=1312 E=-1.9950705987 nfev=1315 t=2351.2s remaining=688
    iter=1313 E=-1.9950711295 nfev=1316 t=2353.1s remaining=687
    iter=1314 E=-1.9950719174 nfev=1317 t=2354.9s remaining=686
    iter=1315 E=-1.9950728880 nfev=1318 t=2356.8s remaining=685
    iter=1316 E=-1.9950736328 nfev=1319 t=2358.7s remaining=684
    iter=1317 E=-1.9950740182 nfev=1320 t=2360.6s remaining=683
    iter=1318 E=-1.9950741735 nfev=1321 t=2362.4s remaining=682
    iter=1319 E=-1.9950742906 nfev=1322 t=2364.2s remaining=681
    iter=1320 E=-1.9950744458 nfev=1323 t=2366.2s remaining=680
    iter=1321 E=-1.9950746611 nfev=1324 t=2367.9s remaining=679
    iter=1322 E=-1.9950749906 nfev=1325 t=2369.7s remaining=678
    iter=1323 E=-1.9950754987 nfev=1326 t=2371.4s remaining=677
    iter=1324 E=-1.9950762488 nfev=1327 t=2373.2s remaining=676
    iter=1325 E=-1.9950770842 nfev=1328 t=2375.1s remaining=675
    iter=1326 E=-1.9950777129 nfev=1329 t=2377.1s remaining=674
    iter=1327 E=-1.9950781249 nfev=1330 t=2378.8s remaining=673
    iter=1328 E=-1.9950783518 nfev=1331 t=2380.5s remaining=672
    iter=1329 E=-1.9950785094 nfev=1332 t=2382.3s remaining=671
    iter=1330 E=-1.9950786717 nfev=1333 t=2384.1s remaining=670
    iter=1331 E=-1.9950788945 nfev=1334 t=2386.1s remaining=669
    iter=1332 E=-1.9950792389 nfev=1335 t=2388.1s remaining=668
    iter=1333 E=-1.9950797717 nfev=1336 t=2389.9s remaining=667
    iter=1334 E=-1.9950805275 nfev=1337 t=2391.8s remaining=666
    iter=1335 E=-1.9950811931 nfev=1338 t=2393.8s remaining=665
    iter=1336 E=-1.9950816703 nfev=1339 t=2395.7s remaining=664
    iter=1337 E=-1.9950819767 nfev=1340 t=2397.5s remaining=663
    iter=1338 E=-1.9950821658 nfev=1341 t=2399.2s remaining=662
    iter=1339 E=-1.9950823373 nfev=1342 t=2401.0s remaining=661
    iter=1340 E=-1.9950825447 nfev=1343 t=2403.0s remaining=660
    iter=1341 E=-1.9950828224 nfev=1344 t=2404.8s remaining=659
    iter=1342 E=-1.9950832391 nfev=1345 t=2406.7s remaining=658
    iter=1343 E=-1.9950838652 nfev=1346 t=2408.6s remaining=657
    iter=1344 E=-1.9950847096 nfev=1347 t=2410.6s remaining=656
    iter=1345 E=-1.9950854819 nfev=1348 t=2412.6s remaining=655
    iter=1346 E=-1.9950859953 nfev=1349 t=2414.4s remaining=654
    iter=1347 E=-1.9950862555 nfev=1350 t=2416.3s remaining=653
    iter=1348 E=-1.9950864079 nfev=1351 t=2418.0s remaining=652
    iter=1349 E=-1.9950866046 nfev=1352 t=2419.9s remaining=651
    iter=1350 E=-1.9950869060 nfev=1353 t=2421.8s remaining=650
    iter=1351 E=-1.9950874042 nfev=1354 t=2423.7s remaining=649
    iter=1352 E=-1.9950882185 nfev=1355 t=2425.5s remaining=648
    iter=1353 E=-1.9950894204 nfev=1356 t=2427.3s remaining=647
    iter=1354 E=-1.9950904904 nfev=1357 t=2429.0s remaining=646
    iter=1355 E=-1.9950911598 nfev=1358 t=2430.8s remaining=645
    iter=1356 E=-1.9950915536 nfev=1359 t=2432.6s remaining=644
    iter=1357 E=-1.9950917516 nfev=1360 t=2434.4s remaining=643
    iter=1358 E=-1.9950919859 nfev=1361 t=2436.3s remaining=642
    iter=1359 E=-1.9950923499 nfev=1362 t=2438.0s remaining=641
    iter=1360 E=-1.9950929334 nfev=1363 t=2439.7s remaining=640
    iter=1361 E=-1.9950938517 nfev=1364 t=2441.7s remaining=639
    iter=1362 E=-1.9950951563 nfev=1365 t=2443.6s remaining=638
    iter=1363 E=-1.9950962359 nfev=1366 t=2445.5s remaining=637
    iter=1364 E=-1.9950969476 nfev=1367 t=2447.5s remaining=636
    iter=1365 E=-1.9950973782 nfev=1368 t=2449.4s remaining=635
    iter=1366 E=-1.9950976145 nfev=1369 t=2451.2s remaining=634
    iter=1367 E=-1.9950978827 nfev=1370 t=2453.0s remaining=633
    iter=1368 E=-1.9950983427 nfev=1371 t=2454.8s remaining=632
    iter=1369 E=-1.9950991180 nfev=1372 t=2456.6s remaining=631
    iter=1370 E=-1.9951003541 nfev=1373 t=2458.3s remaining=630
    iter=1371 E=-1.9951021105 nfev=1374 t=2460.0s remaining=629
    iter=1372 E=-1.9951039016 nfev=1375 t=2461.8s remaining=628
    iter=1373 E=-1.9951057525 nfev=1376 t=2463.6s remaining=627
    iter=1374 E=-1.9951070782 nfev=1377 t=2465.5s remaining=626
    iter=1375 E=-1.9951076363 nfev=1378 t=2467.2s remaining=625
    iter=1376 E=-1.9951080433 nfev=1379 t=2468.9s remaining=624
    iter=1377 E=-1.9951086697 nfev=1380 t=2470.7s remaining=623
    iter=1378 E=-1.9951095777 nfev=1381 t=2472.3s remaining=622
    iter=1379 E=-1.9951106345 nfev=1382 t=2474.2s remaining=621
    iter=1380 E=-1.9951117637 nfev=1383 t=2476.1s remaining=620
    iter=1381 E=-1.9951125662 nfev=1384 t=2477.9s remaining=619
    iter=1382 E=-1.9951137647 nfev=1385 t=2479.6s remaining=618
    iter=1383 E=-1.9951150859 nfev=1386 t=2481.3s remaining=617
    iter=1384 E=-1.9951159451 nfev=1387 t=2482.9s remaining=616
    iter=1385 E=-1.9951172362 nfev=1388 t=2484.6s remaining=615
    iter=1386 E=-1.9951189252 nfev=1389 t=2486.3s remaining=614
    iter=1387 E=-1.9951203315 nfev=1390 t=2488.6s remaining=613
    iter=1388 E=-1.9951216473 nfev=1391 t=2490.3s remaining=612
    iter=1389 E=-1.9951225705 nfev=1392 t=2492.2s remaining=611
    iter=1390 E=-1.9951231171 nfev=1393 t=2494.0s remaining=610
    iter=1391 E=-1.9951235959 nfev=1394 t=2495.8s remaining=609
    iter=1392 E=-1.9951243049 nfev=1395 t=2497.5s remaining=608
    iter=1393 E=-1.9951254026 nfev=1396 t=2499.3s remaining=607
    iter=1394 E=-1.9951270657 nfev=1397 t=2501.1s remaining=606
    iter=1395 E=-1.9951291974 nfev=1398 t=2503.0s remaining=605
    iter=1396 E=-1.9951309689 nfev=1399 t=2504.9s remaining=604
    iter=1397 E=-1.9951323199 nfev=1400 t=2506.7s remaining=603
    iter=1398 E=-1.9951329284 nfev=1401 t=2508.5s remaining=602
    iter=1399 E=-1.9951332721 nfev=1402 t=2510.4s remaining=601
    iter=1400 E=-1.9951336488 nfev=1403 t=2512.3s remaining=600
    iter=1401 E=-1.9951340377 nfev=1404 t=2514.2s remaining=599
    iter=1402 E=-1.9951346367 nfev=1405 t=2516.3s remaining=598
    iter=1403 E=-1.9951356150 nfev=1406 t=2518.4s remaining=597
    iter=1404 E=-1.9951371524 nfev=1407 t=2520.5s remaining=596
    iter=1405 E=-1.9951393511 nfev=1408 t=2522.8s remaining=595
    iter=1406 E=-1.9951416126 nfev=1409 t=2525.2s remaining=594
    iter=1407 E=-1.9951436226 nfev=1410 t=2527.2s remaining=593
    iter=1408 E=-1.9951447095 nfev=1411 t=2529.2s remaining=592
    iter=1409 E=-1.9951451774 nfev=1412 t=2531.1s remaining=591
    iter=1410 E=-1.9951454498 nfev=1413 t=2532.9s remaining=590
    iter=1411 E=-1.9951457861 nfev=1414 t=2534.6s remaining=589
    iter=1412 E=-1.9951462792 nfev=1415 t=2536.6s remaining=588
    iter=1413 E=-1.9951470140 nfev=1416 t=2538.4s remaining=587
    iter=1414 E=-1.9951481083 nfev=1417 t=2540.2s remaining=586
    iter=1415 E=-1.9951495440 nfev=1418 t=2542.4s remaining=585
    iter=1416 E=-1.9951508462 nfev=1419 t=2544.2s remaining=584
    iter=1417 E=-1.9951516906 nfev=1420 t=2546.1s remaining=583
    iter=1418 E=-1.9951521638 nfev=1421 t=2548.1s remaining=582
    iter=1419 E=-1.9951524759 nfev=1422 t=2550.0s remaining=581
    iter=1420 E=-1.9951527467 nfev=1423 t=2551.8s remaining=580
    iter=1421 E=-1.9951530306 nfev=1424 t=2553.7s remaining=579
    iter=1422 E=-1.9951533710 nfev=1425 t=2555.7s remaining=578
    iter=1423 E=-1.9951537945 nfev=1426 t=2557.5s remaining=577
    iter=1424 E=-1.9951543873 nfev=1427 t=2559.2s remaining=576
    iter=1425 E=-1.9951551865 nfev=1428 t=2560.9s remaining=575
    iter=1426 E=-1.9951560607 nfev=1429 t=2562.7s remaining=574
    iter=1427 E=-1.9951568931 nfev=1430 t=2564.5s remaining=573
    iter=1428 E=-1.9951575537 nfev=1431 t=2566.4s remaining=572
    iter=1429 E=-1.9951581688 nfev=1432 t=2568.1s remaining=571
    iter=1430 E=-1.9951587641 nfev=1433 t=2569.8s remaining=570
    iter=1431 E=-1.9951593360 nfev=1434 t=2571.5s remaining=569
    iter=1432 E=-1.9951597896 nfev=1435 t=2573.2s remaining=568
    iter=1433 E=-1.9951602012 nfev=1436 t=2575.0s remaining=567
    iter=1434 E=-1.9951606006 nfev=1437 t=2576.8s remaining=566
    iter=1435 E=-1.9951611167 nfev=1438 t=2578.5s remaining=565
    iter=1436 E=-1.9951618956 nfev=1439 t=2580.3s remaining=564
    iter=1437 E=-1.9951630898 nfev=1440 t=2582.1s remaining=563
    iter=1438 E=-1.9951647867 nfev=1441 t=2584.1s remaining=562
    iter=1439 E=-1.9951662650 nfev=1442 t=2586.0s remaining=561
    iter=1440 E=-1.9951672063 nfev=1443 t=2587.8s remaining=560
    iter=1441 E=-1.9951677570 nfev=1444 t=2589.5s remaining=559
    iter=1442 E=-1.9951681321 nfev=1445 t=2591.2s remaining=558
    iter=1443 E=-1.9951684954 nfev=1446 t=2593.0s remaining=557
    iter=1444 E=-1.9951688773 nfev=1447 t=2594.9s remaining=556
    iter=1445 E=-1.9951694454 nfev=1448 t=2596.6s remaining=555
    iter=1446 E=-1.9951703452 nfev=1449 t=2598.4s remaining=554
    iter=1447 E=-1.9951717557 nfev=1450 t=2600.0s remaining=553
    iter=1448 E=-1.9951737260 nfev=1451 t=2601.9s remaining=552
    iter=1449 E=-1.9951756165 nfev=1452 t=2603.6s remaining=551
    iter=1450 E=-1.9951768253 nfev=1453 t=2605.4s remaining=550
    iter=1451 E=-1.9951776526 nfev=1454 t=2607.2s remaining=549
    iter=1452 E=-1.9951780185 nfev=1455 t=2608.9s remaining=548
    iter=1453 E=-1.9951783633 nfev=1456 t=2610.7s remaining=547
    iter=1454 E=-1.9951788756 nfev=1457 t=2612.4s remaining=546
    iter=1455 E=-1.9951795861 nfev=1458 t=2614.2s remaining=545
    iter=1456 E=-1.9951806385 nfev=1459 t=2615.9s remaining=544
    iter=1457 E=-1.9951822257 nfev=1460 t=2617.5s remaining=543
    iter=1458 E=-1.9951842934 nfev=1461 t=2619.3s remaining=542
    iter=1459 E=-1.9951861421 nfev=1462 t=2621.0s remaining=541
    iter=1460 E=-1.9951872745 nfev=1463 t=2623.1s remaining=540
    iter=1461 E=-1.9951881442 nfev=1464 t=2625.0s remaining=539
    iter=1462 E=-1.9951886056 nfev=1465 t=2626.7s remaining=538
    iter=1463 E=-1.9951889679 nfev=1466 t=2628.5s remaining=537
    iter=1464 E=-1.9951894062 nfev=1467 t=2630.4s remaining=536
    iter=1465 E=-1.9951899225 nfev=1468 t=2632.2s remaining=535
    iter=1466 E=-1.9951907200 nfev=1469 t=2634.1s remaining=534
    iter=1467 E=-1.9951919702 nfev=1470 t=2635.9s remaining=533
    iter=1468 E=-1.9951938211 nfev=1471 t=2637.7s remaining=532
    iter=1469 E=-1.9951962224 nfev=1472 t=2639.5s remaining=531
    iter=1470 E=-1.9951983675 nfev=1473 t=2641.3s remaining=530
    iter=1471 E=-1.9952002581 nfev=1474 t=2643.0s remaining=529
    iter=1472 E=-1.9952013453 nfev=1475 t=2644.9s remaining=528
    iter=1473 E=-1.9952021107 nfev=1476 t=2646.7s remaining=527
    iter=1474 E=-1.9952027885 nfev=1477 t=2648.8s remaining=526
    iter=1475 E=-1.9952033697 nfev=1478 t=2650.6s remaining=525
    iter=1476 E=-1.9952039354 nfev=1479 t=2652.5s remaining=524
    iter=1477 E=-1.9952046915 nfev=1480 t=2654.3s remaining=523
    iter=1478 E=-1.9952058330 nfev=1481 t=2656.1s remaining=522
    iter=1479 E=-1.9952074818 nfev=1482 t=2657.9s remaining=521
    iter=1480 E=-1.9952095552 nfev=1483 t=2659.8s remaining=520
    iter=1481 E=-1.9952115801 nfev=1484 t=2661.6s remaining=519
    iter=1482 E=-1.9952132032 nfev=1485 t=2663.5s remaining=518
    iter=1483 E=-1.9952142896 nfev=1486 t=2665.3s remaining=517
    iter=1484 E=-1.9952148546 nfev=1487 t=2667.0s remaining=516
    iter=1485 E=-1.9952152631 nfev=1488 t=2668.8s remaining=515
    iter=1486 E=-1.9952157244 nfev=1489 t=2670.6s remaining=514
    iter=1487 E=-1.9952161527 nfev=1490 t=2672.9s remaining=513
    iter=1488 E=-1.9952166781 nfev=1491 t=2674.7s remaining=512
    iter=1489 E=-1.9952174554 nfev=1492 t=2676.4s remaining=511
    iter=1490 E=-1.9952186005 nfev=1493 t=2678.3s remaining=510
    iter=1491 E=-1.9952203055 nfev=1494 t=2680.1s remaining=509
    iter=1492 E=-1.9952225630 nfev=1495 t=2681.8s remaining=508
    iter=1493 E=-1.9952243966 nfev=1496 t=2683.5s remaining=507
    iter=1494 E=-1.9952256830 nfev=1497 t=2685.4s remaining=506
    iter=1495 E=-1.9952264642 nfev=1498 t=2687.3s remaining=505
    iter=1496 E=-1.9952269381 nfev=1499 t=2689.3s remaining=504
    iter=1497 E=-1.9952273071 nfev=1500 t=2691.1s remaining=503
    iter=1498 E=-1.9952277028 nfev=1501 t=2692.8s remaining=502
    iter=1499 E=-1.9952280429 nfev=1502 t=2694.6s remaining=501
    iter=1500 E=-1.9952286048 nfev=1503 t=2696.5s remaining=500
    iter=1501 E=-1.9952295657 nfev=1504 t=2698.3s remaining=499
    iter=1502 E=-1.9952311193 nfev=1505 t=2700.2s remaining=498
    iter=1503 E=-1.9952332439 nfev=1506 t=2702.1s remaining=497
    iter=1504 E=-1.9952349871 nfev=1507 t=2704.0s remaining=496
    iter=1505 E=-1.9952367782 nfev=1508 t=2705.8s remaining=495
    iter=1506 E=-1.9952382391 nfev=1509 t=2707.7s remaining=494
    iter=1507 E=-1.9952387403 nfev=1510 t=2709.5s remaining=493
    iter=1508 E=-1.9952392186 nfev=1511 t=2711.2s remaining=492
    iter=1509 E=-1.9952395382 nfev=1512 t=2713.2s remaining=491
    iter=1510 E=-1.9952398728 nfev=1513 t=2715.0s remaining=490
    iter=1511 E=-1.9952403956 nfev=1514 t=2716.9s remaining=489
    iter=1512 E=-1.9952411262 nfev=1515 t=2718.7s remaining=488
    iter=1513 E=-1.9952420857 nfev=1516 t=2720.4s remaining=487
    iter=1514 E=-1.9952435211 nfev=1517 t=2722.2s remaining=486
    iter=1515 E=-1.9952457930 nfev=1518 t=2723.9s remaining=485
    iter=1516 E=-1.9952488526 nfev=1519 t=2725.7s remaining=484
    iter=1517 E=-1.9952507638 nfev=1520 t=2727.5s remaining=483
    iter=1518 E=-1.9952521810 nfev=1521 t=2729.2s remaining=482
    iter=1519 E=-1.9952531833 nfev=1522 t=2731.0s remaining=481
    iter=1520 E=-1.9952537570 nfev=1523 t=2732.8s remaining=480
    iter=1521 E=-1.9952541008 nfev=1524 t=2734.5s remaining=479
    iter=1522 E=-1.9952545530 nfev=1525 t=2736.3s remaining=478
    iter=1523 E=-1.9952551598 nfev=1526 t=2738.0s remaining=477
    iter=1524 E=-1.9952559038 nfev=1527 t=2739.8s remaining=476
    iter=1525 E=-1.9952569924 nfev=1528 t=2741.5s remaining=475
    iter=1526 E=-1.9952587172 nfev=1529 t=2743.3s remaining=474
    iter=1527 E=-1.9952611565 nfev=1530 t=2745.1s remaining=473
    iter=1528 E=-1.9952631370 nfev=1531 t=2746.8s remaining=472
    iter=1529 E=-1.9952644908 nfev=1532 t=2748.6s remaining=471
    iter=1530 E=-1.9952656943 nfev=1533 t=2750.3s remaining=470
    iter=1531 E=-1.9952664744 nfev=1534 t=2752.1s remaining=469
    iter=1532 E=-1.9952669156 nfev=1535 t=2753.9s remaining=468
    iter=1533 E=-1.9952674536 nfev=1536 t=2755.6s remaining=467
    iter=1534 E=-1.9952680945 nfev=1537 t=2757.4s remaining=466
    iter=1535 E=-1.9952688255 nfev=1538 t=2759.2s remaining=465
    iter=1536 E=-1.9952700065 nfev=1539 t=2760.9s remaining=464
    iter=1537 E=-1.9952718931 nfev=1540 t=2762.7s remaining=463
    iter=1538 E=-1.9952745829 nfev=1541 t=2764.5s remaining=462
    iter=1539 E=-1.9952772750 nfev=1542 t=2766.2s remaining=461
    iter=1540 E=-1.9952797775 nfev=1543 t=2768.0s remaining=460
    iter=1541 E=-1.9952819534 nfev=1544 t=2769.9s remaining=459
    iter=1542 E=-1.9952831580 nfev=1545 t=2771.8s remaining=458
    iter=1543 E=-1.9952838753 nfev=1546 t=2773.7s remaining=457
    iter=1544 E=-1.9952844770 nfev=1547 t=2775.4s remaining=456
    iter=1545 E=-1.9952850856 nfev=1548 t=2777.2s remaining=455
    iter=1546 E=-1.9952856555 nfev=1549 t=2779.0s remaining=454
    iter=1547 E=-1.9952863860 nfev=1550 t=2780.7s remaining=453
    iter=1548 E=-1.9952873872 nfev=1551 t=2782.5s remaining=452
    iter=1549 E=-1.9952887755 nfev=1552 t=2784.2s remaining=451
    iter=1550 E=-1.9952906722 nfev=1553 t=2786.0s remaining=450
    iter=1551 E=-1.9952929946 nfev=1554 t=2787.8s remaining=449
    iter=1552 E=-1.9952954666 nfev=1555 t=2789.5s remaining=448
    iter=1553 E=-1.9952975260 nfev=1556 t=2791.3s remaining=447
    iter=1554 E=-1.9952990479 nfev=1557 t=2793.0s remaining=446
    iter=1555 E=-1.9953002426 nfev=1558 t=2794.8s remaining=445
    iter=1556 E=-1.9953011788 nfev=1559 t=2796.5s remaining=444
    iter=1557 E=-1.9953018033 nfev=1560 t=2798.3s remaining=443
    iter=1558 E=-1.9953023071 nfev=1561 t=2800.1s remaining=442
    iter=1559 E=-1.9953030070 nfev=1562 t=2801.8s remaining=441
    iter=1560 E=-1.9953040078 nfev=1563 t=2803.6s remaining=440
    iter=1561 E=-1.9953053592 nfev=1564 t=2805.4s remaining=439
    iter=1562 E=-1.9953070356 nfev=1565 t=2807.1s remaining=438
    iter=1563 E=-1.9953091380 nfev=1566 t=2808.9s remaining=437
    iter=1564 E=-1.9953117673 nfev=1567 t=2810.7s remaining=436
    iter=1565 E=-1.9953139740 nfev=1568 t=2812.4s remaining=435
    iter=1566 E=-1.9953154885 nfev=1569 t=2814.2s remaining=434
    iter=1567 E=-1.9953164430 nfev=1570 t=2816.0s remaining=433
    iter=1568 E=-1.9953170051 nfev=1571 t=2817.7s remaining=432
    iter=1569 E=-1.9953174092 nfev=1572 t=2819.5s remaining=431
    iter=1570 E=-1.9953178618 nfev=1573 t=2821.3s remaining=430
    iter=1571 E=-1.9953183912 nfev=1574 t=2823.1s remaining=429
    iter=1572 E=-1.9953191221 nfev=1575 t=2824.8s remaining=428
    iter=1573 E=-1.9953201676 nfev=1576 t=2826.6s remaining=427
    iter=1574 E=-1.9953216042 nfev=1577 t=2828.3s remaining=426
    iter=1575 E=-1.9953234627 nfev=1578 t=2830.2s remaining=425
    iter=1576 E=-1.9953257325 nfev=1579 t=2831.9s remaining=424
    iter=1577 E=-1.9953279339 nfev=1580 t=2833.7s remaining=423
    iter=1578 E=-1.9953294946 nfev=1581 t=2835.5s remaining=422
    iter=1579 E=-1.9953304264 nfev=1582 t=2837.2s remaining=421
    iter=1580 E=-1.9953310915 nfev=1583 t=2839.0s remaining=420
    iter=1581 E=-1.9953316084 nfev=1584 t=2840.8s remaining=419
    iter=1582 E=-1.9953320619 nfev=1585 t=2842.5s remaining=418
    iter=1583 E=-1.9953326253 nfev=1586 t=2844.3s remaining=417
    iter=1584 E=-1.9953332753 nfev=1587 t=2846.1s remaining=416
    iter=1585 E=-1.9953341491 nfev=1588 t=2847.8s remaining=415
    iter=1586 E=-1.9953354539 nfev=1589 t=2849.6s remaining=414
    iter=1587 E=-1.9953373770 nfev=1590 t=2851.4s remaining=413
    iter=1588 E=-1.9953395838 nfev=1591 t=2853.1s remaining=412
    iter=1589 E=-1.9953408647 nfev=1592 t=2854.9s remaining=411
    iter=1590 E=-1.9953419185 nfev=1593 t=2856.6s remaining=410
    iter=1591 E=-1.9953426894 nfev=1594 t=2858.4s remaining=409
    iter=1592 E=-1.9953431867 nfev=1595 t=2860.2s remaining=408
    iter=1593 E=-1.9953436363 nfev=1596 t=2861.9s remaining=407
    iter=1594 E=-1.9953439338 nfev=1597 t=2863.7s remaining=406
    iter=1595 E=-1.9953442557 nfev=1598 t=2865.5s remaining=405
    iter=1596 E=-1.9953447292 nfev=1599 t=2867.2s remaining=404
    iter=1597 E=-1.9953454011 nfev=1600 t=2869.0s remaining=403
    iter=1598 E=-1.9953463824 nfev=1601 t=2870.7s remaining=402
    iter=1599 E=-1.9953478674 nfev=1602 t=2872.5s remaining=401
    iter=1600 E=-1.9953499165 nfev=1603 t=2874.2s remaining=400
    iter=1601 E=-1.9953514681 nfev=1604 t=2876.0s remaining=399
    iter=1602 E=-1.9953523634 nfev=1605 t=2877.8s remaining=398
    iter=1603 E=-1.9953529524 nfev=1606 t=2879.5s remaining=397
    iter=1604 E=-1.9953533140 nfev=1607 t=2881.3s remaining=396
    iter=1605 E=-1.9953535834 nfev=1608 t=2883.1s remaining=395
    iter=1606 E=-1.9953538428 nfev=1609 t=2884.8s remaining=394
    iter=1607 E=-1.9953541636 nfev=1610 t=2886.7s remaining=393
    iter=1608 E=-1.9953546054 nfev=1611 t=2888.5s remaining=392
    iter=1609 E=-1.9953552124 nfev=1612 t=2890.2s remaining=391
    iter=1610 E=-1.9953560923 nfev=1613 t=2892.0s remaining=390
    iter=1611 E=-1.9953573029 nfev=1614 t=2894.1s remaining=389
    iter=1612 E=-1.9953585839 nfev=1615 t=2896.0s remaining=388
    iter=1613 E=-1.9953596159 nfev=1616 t=2897.8s remaining=387
    iter=1614 E=-1.9953603052 nfev=1617 t=2899.7s remaining=386
    iter=1615 E=-1.9953607747 nfev=1618 t=2901.6s remaining=385
    iter=1616 E=-1.9953611648 nfev=1619 t=2903.3s remaining=384
    iter=1617 E=-1.9953614806 nfev=1620 t=2905.1s remaining=383
    iter=1618 E=-1.9953617501 nfev=1621 t=2906.8s remaining=382
    iter=1619 E=-1.9953620729 nfev=1622 t=2908.5s remaining=381
    iter=1620 E=-1.9953625360 nfev=1623 t=2910.2s remaining=380
    iter=1621 E=-1.9953632006 nfev=1624 t=2912.1s remaining=379
    iter=1622 E=-1.9953640817 nfev=1625 t=2913.8s remaining=378
    iter=1623 E=-1.9953651283 nfev=1626 t=2915.6s remaining=377
    iter=1624 E=-1.9953661807 nfev=1627 t=2917.4s remaining=376
    iter=1625 E=-1.9953670731 nfev=1628 t=2919.1s remaining=375
    iter=1626 E=-1.9953677150 nfev=1629 t=2921.1s remaining=374
    iter=1627 E=-1.9953681284 nfev=1630 t=2922.9s remaining=373
    iter=1628 E=-1.9953684076 nfev=1631 t=2924.5s remaining=372
    iter=1629 E=-1.9953686369 nfev=1632 t=2926.3s remaining=371
    iter=1630 E=-1.9953688722 nfev=1633 t=2927.9s remaining=370
    iter=1631 E=-1.9953691499 nfev=1634 t=2929.6s remaining=369
    iter=1632 E=-1.9953695179 nfev=1635 t=2931.3s remaining=368
    iter=1633 E=-1.9953700272 nfev=1636 t=2933.0s remaining=367
    iter=1634 E=-1.9953707256 nfev=1637 t=2934.7s remaining=366
    iter=1635 E=-1.9953715568 nfev=1638 t=2936.5s remaining=365
    iter=1636 E=-1.9953723884 nfev=1639 t=2938.1s remaining=364
    iter=1637 E=-1.9953730213 nfev=1640 t=2939.8s remaining=363
    iter=1638 E=-1.9953733856 nfev=1641 t=2941.5s remaining=362
    iter=1639 E=-1.9953736308 nfev=1642 t=2943.3s remaining=361
    iter=1640 E=-1.9953738217 nfev=1643 t=2945.2s remaining=360
    iter=1641 E=-1.9953740035 nfev=1644 t=2947.0s remaining=359
    iter=1642 E=-1.9953742446 nfev=1645 t=2948.7s remaining=358
    iter=1643 E=-1.9953745788 nfev=1646 t=2950.8s remaining=357
    iter=1644 E=-1.9953750326 nfev=1647 t=2952.5s remaining=356
    iter=1645 E=-1.9953756445 nfev=1648 t=2954.2s remaining=355
    iter=1646 E=-1.9953764423 nfev=1649 t=2955.9s remaining=354
    iter=1647 E=-1.9953773199 nfev=1650 t=2957.7s remaining=353
    iter=1648 E=-1.9953780622 nfev=1651 t=2959.4s remaining=352
    iter=1649 E=-1.9953785450 nfev=1652 t=2961.1s remaining=351
    iter=1650 E=-1.9953788287 nfev=1653 t=2962.8s remaining=350
    iter=1651 E=-1.9953790355 nfev=1654 t=2964.5s remaining=349
    iter=1652 E=-1.9953792475 nfev=1655 t=2966.2s remaining=348
    iter=1653 E=-1.9953794905 nfev=1656 t=2968.0s remaining=347
    iter=1654 E=-1.9953798161 nfev=1657 t=2969.7s remaining=346
    iter=1655 E=-1.9953802866 nfev=1658 t=2971.6s remaining=345
    iter=1656 E=-1.9953809456 nfev=1659 t=2973.3s remaining=344
    iter=1657 E=-1.9953818220 nfev=1660 t=2975.1s remaining=343
    iter=1658 E=-1.9953828361 nfev=1661 t=2976.9s remaining=342
    iter=1659 E=-1.9953838083 nfev=1662 t=2978.6s remaining=341
    iter=1660 E=-1.9953845850 nfev=1663 t=2980.4s remaining=340
    iter=1661 E=-1.9953851510 nfev=1664 t=2982.1s remaining=339
    iter=1662 E=-1.9953855292 nfev=1665 t=2983.8s remaining=338
    iter=1663 E=-1.9953857804 nfev=1666 t=2985.7s remaining=337
    iter=1664 E=-1.9953859905 nfev=1667 t=2987.6s remaining=336
    iter=1665 E=-1.9953862458 nfev=1668 t=2989.4s remaining=335
    iter=1666 E=-1.9953866418 nfev=1669 t=2991.2s remaining=334
    iter=1667 E=-1.9953872569 nfev=1670 t=2993.0s remaining=333
    iter=1668 E=-1.9953881691 nfev=1671 t=2994.8s remaining=332
    iter=1669 E=-1.9953892966 nfev=1672 t=2996.6s remaining=331
    iter=1670 E=-1.9953904563 nfev=1673 t=2998.4s remaining=330
    iter=1671 E=-1.9953914568 nfev=1674 t=3000.3s remaining=329
    iter=1672 E=-1.9953921595 nfev=1675 t=3002.2s remaining=328
    iter=1673 E=-1.9953926699 nfev=1676 t=3004.2s remaining=327
    iter=1674 E=-1.9953930377 nfev=1677 t=3006.0s remaining=326
    iter=1675 E=-1.9953932886 nfev=1678 t=3007.7s remaining=325
    iter=1676 E=-1.9953934805 nfev=1679 t=3009.6s remaining=324
    iter=1677 E=-1.9953936821 nfev=1680 t=3011.6s remaining=323
    iter=1678 E=-1.9953939302 nfev=1681 t=3013.3s remaining=322
    iter=1679 E=-1.9953942905 nfev=1682 t=3015.2s remaining=321
    iter=1680 E=-1.9953948271 nfev=1683 t=3017.2s remaining=320
    iter=1681 E=-1.9953956210 nfev=1684 t=3019.0s remaining=319
    iter=1682 E=-1.9953967350 nfev=1685 t=3020.9s remaining=318
    iter=1683 E=-1.9953979410 nfev=1686 t=3022.7s remaining=317
    iter=1684 E=-1.9953989274 nfev=1687 t=3024.4s remaining=316
    iter=1685 E=-1.9953995388 nfev=1688 t=3026.2s remaining=315
    iter=1686 E=-1.9953998654 nfev=1689 t=3028.1s remaining=314
    iter=1687 E=-1.9954000708 nfev=1690 t=3029.7s remaining=313
    iter=1688 E=-1.9954002340 nfev=1691 t=3031.5s remaining=312
    iter=1689 E=-1.9954004109 nfev=1692 t=3033.4s remaining=311
    iter=1690 E=-1.9954006583 nfev=1693 t=3035.2s remaining=310
    iter=1691 E=-1.9954010247 nfev=1694 t=3036.9s remaining=309
    iter=1692 E=-1.9954015816 nfev=1695 t=3038.8s remaining=308
    iter=1693 E=-1.9954024134 nfev=1696 t=3040.5s remaining=307
    iter=1694 E=-1.9954035579 nfev=1697 t=3042.5s remaining=306
    iter=1695 E=-1.9954045987 nfev=1698 t=3044.3s remaining=305
    iter=1696 E=-1.9954053915 nfev=1699 t=3046.1s remaining=304
    iter=1697 E=-1.9954058129 nfev=1700 t=3048.2s remaining=303
    iter=1698 E=-1.9954060739 nfev=1701 t=3050.0s remaining=302
    iter=1699 E=-1.9954062808 nfev=1702 t=3051.8s remaining=301
    iter=1700 E=-1.9954064524 nfev=1703 t=3053.5s remaining=300
    iter=1701 E=-1.9954066826 nfev=1704 t=3055.3s remaining=299
    iter=1702 E=-1.9954070574 nfev=1705 t=3057.1s remaining=298
    iter=1703 E=-1.9954076771 nfev=1706 t=3059.0s remaining=297
    iter=1704 E=-1.9954086633 nfev=1707 t=3060.8s remaining=296
    iter=1705 E=-1.9954100199 nfev=1708 t=3062.5s remaining=295
    iter=1706 E=-1.9954111861 nfev=1709 t=3064.2s remaining=294
    iter=1707 E=-1.9954121359 nfev=1710 t=3066.0s remaining=293
    iter=1708 E=-1.9954126989 nfev=1711 t=3067.9s remaining=292
    iter=1709 E=-1.9954129550 nfev=1712 t=3069.6s remaining=291
    iter=1710 E=-1.9954131307 nfev=1713 t=3071.4s remaining=290
    iter=1711 E=-1.9954133554 nfev=1714 t=3073.2s remaining=289
    iter=1712 E=-1.9954135120 nfev=1715 t=3074.9s remaining=288
    iter=1713 E=-1.9954137699 nfev=1716 t=3076.6s remaining=287
    iter=1714 E=-1.9954142024 nfev=1717 t=3078.4s remaining=286
    iter=1715 E=-1.9954148979 nfev=1718 t=3080.2s remaining=285
    iter=1716 E=-1.9954158987 nfev=1719 t=3081.8s remaining=284
    iter=1717 E=-1.9954168310 nfev=1720 t=3083.5s remaining=283
    iter=1718 E=-1.9954176460 nfev=1721 t=3085.2s remaining=282
    iter=1719 E=-1.9954181369 nfev=1722 t=3086.9s remaining=281
    iter=1720 E=-1.9954183614 nfev=1723 t=3088.6s remaining=280
    iter=1721 E=-1.9954185176 nfev=1724 t=3090.3s remaining=279
    iter=1722 E=-1.9954187027 nfev=1725 t=3092.2s remaining=278
    iter=1723 E=-1.9954189120 nfev=1726 t=3094.0s remaining=277
    iter=1724 E=-1.9954191406 nfev=1727 t=3095.9s remaining=276
    iter=1725 E=-1.9954194866 nfev=1728 t=3097.7s remaining=275
    iter=1726 E=-1.9954200050 nfev=1729 t=3099.5s remaining=274
    iter=1727 E=-1.9954207062 nfev=1730 t=3101.3s remaining=273
    iter=1728 E=-1.9954214649 nfev=1731 t=3103.1s remaining=272
    iter=1729 E=-1.9954223584 nfev=1732 t=3104.8s remaining=271
    iter=1730 E=-1.9954230711 nfev=1733 t=3106.7s remaining=270
    iter=1731 E=-1.9954234945 nfev=1734 t=3108.5s remaining=269
    iter=1732 E=-1.9954236994 nfev=1735 t=3110.3s remaining=268
    iter=1733 E=-1.9954238317 nfev=1736 t=3112.0s remaining=267
    iter=1734 E=-1.9954239663 nfev=1737 t=3113.8s remaining=266
    iter=1735 E=-1.9954241364 nfev=1738 t=3115.5s remaining=265
    iter=1736 E=-1.9954243711 nfev=1739 t=3117.2s remaining=264
    iter=1737 E=-1.9954247343 nfev=1740 t=3119.0s remaining=263
    iter=1738 E=-1.9954252755 nfev=1741 t=3120.8s remaining=262
    iter=1739 E=-1.9954259172 nfev=1742 t=3122.6s remaining=261
    iter=1740 E=-1.9954264871 nfev=1743 t=3124.3s remaining=260
    iter=1741 E=-1.9954269148 nfev=1744 t=3126.0s remaining=259
    iter=1742 E=-1.9954271352 nfev=1745 t=3127.8s remaining=258
    iter=1743 E=-1.9954272490 nfev=1746 t=3129.7s remaining=257
    iter=1744 E=-1.9954273228 nfev=1747 t=3131.5s remaining=256
    iter=1745 E=-1.9954273973 nfev=1748 t=3133.4s remaining=255
    iter=1746 E=-1.9954274987 nfev=1749 t=3135.1s remaining=254
    iter=1747 E=-1.9954276563 nfev=1750 t=3137.1s remaining=253
    iter=1748 E=-1.9954279028 nfev=1751 t=3139.0s remaining=252
    iter=1749 E=-1.9954282703 nfev=1752 t=3141.1s remaining=251
    iter=1750 E=-1.9954286967 nfev=1753 t=3142.9s remaining=250
    iter=1751 E=-1.9954290795 nfev=1754 t=3144.7s remaining=249
    iter=1752 E=-1.9954293710 nfev=1755 t=3146.4s remaining=248
    iter=1753 E=-1.9954295214 nfev=1756 t=3148.1s remaining=247
    iter=1754 E=-1.9954296010 nfev=1757 t=3149.8s remaining=246
    iter=1755 E=-1.9954296558 nfev=1758 t=3151.5s remaining=245
    iter=1756 E=-1.9954297144 nfev=1759 t=3153.4s remaining=244
    iter=1757 E=-1.9954298010 nfev=1760 t=3155.3s remaining=243
    iter=1758 E=-1.9954299380 nfev=1761 t=3157.1s remaining=242
    iter=1759 E=-1.9954301533 nfev=1762 t=3158.7s remaining=241
    iter=1760 E=-1.9954304724 nfev=1763 t=3160.4s remaining=240
    iter=1761 E=-1.9954308496 nfev=1764 t=3162.2s remaining=239
    iter=1762 E=-1.9954312638 nfev=1765 t=3163.9s remaining=238
    iter=1763 E=-1.9954315731 nfev=1766 t=3165.7s remaining=237
    iter=1764 E=-1.9954317250 nfev=1767 t=3167.4s remaining=236
    iter=1765 E=-1.9954317916 nfev=1768 t=3169.2s remaining=235
    iter=1766 E=-1.9954318385 nfev=1769 t=3170.9s remaining=234
    iter=1767 E=-1.9954318940 nfev=1770 t=3172.6s remaining=233
    iter=1768 E=-1.9954319762 nfev=1771 t=3174.4s remaining=232
    iter=1769 E=-1.9954321040 nfev=1772 t=3176.1s remaining=231
    iter=1770 E=-1.9954323114 nfev=1773 t=3177.9s remaining=230
    iter=1771 E=-1.9954326476 nfev=1774 t=3179.7s remaining=229
    iter=1772 E=-1.9954331485 nfev=1775 t=3181.4s remaining=228
    iter=1773 E=-1.9954336079 nfev=1776 t=3183.3s remaining=227
    iter=1774 E=-1.9954338574 nfev=1777 t=3185.1s remaining=226
    iter=1775 E=-1.9954339701 nfev=1778 t=3187.0s remaining=225
    iter=1776 E=-1.9954340178 nfev=1779 t=3188.9s remaining=224
    iter=1777 E=-1.9954340698 nfev=1780 t=3190.6s remaining=223
    iter=1778 E=-1.9954341485 nfev=1781 t=3192.5s remaining=222
    iter=1779 E=-1.9954342661 nfev=1782 t=3194.5s remaining=221
    iter=1780 E=-1.9954344404 nfev=1783 t=3196.4s remaining=220
    iter=1781 E=-1.9954347037 nfev=1784 t=3198.1s remaining=219
    iter=1782 E=-1.9954350883 nfev=1785 t=3200.1s remaining=218
    iter=1783 E=-1.9954355040 nfev=1786 t=3201.9s remaining=217
    iter=1784 E=-1.9954358161 nfev=1787 t=3203.8s remaining=216
    iter=1785 E=-1.9954359822 nfev=1788 t=3205.5s remaining=215
    iter=1786 E=-1.9954360615 nfev=1789 t=3207.3s remaining=214
    iter=1787 E=-1.9954361106 nfev=1790 t=3209.1s remaining=213
    iter=1788 E=-1.9954361556 nfev=1791 t=3210.9s remaining=212
    iter=1789 E=-1.9954362130 nfev=1792 t=3212.7s remaining=211
    iter=1790 E=-1.9954362995 nfev=1793 t=3214.6s remaining=210
    iter=1791 E=-1.9954364341 nfev=1794 t=3216.6s remaining=209
    iter=1792 E=-1.9954366443 nfev=1795 t=3218.4s remaining=208
    iter=1793 E=-1.9954369547 nfev=1796 t=3220.2s remaining=207
    iter=1794 E=-1.9954372894 nfev=1797 t=3222.0s remaining=206
    iter=1795 E=-1.9954375830 nfev=1798 t=3223.9s remaining=205
    iter=1796 E=-1.9954377430 nfev=1799 t=3225.6s remaining=204
    iter=1797 E=-1.9954378131 nfev=1800 t=3227.3s remaining=203
    iter=1798 E=-1.9954378580 nfev=1801 t=3229.3s remaining=202
    iter=1799 E=-1.9954379096 nfev=1802 t=3231.2s remaining=201
    iter=1800 E=-1.9954379838 nfev=1803 t=3233.0s remaining=200
    iter=1801 E=-1.9954381007 nfev=1804 t=3234.8s remaining=199
    iter=1802 E=-1.9954382908 nfev=1805 t=3236.5s remaining=198
    iter=1803 E=-1.9954385959 nfev=1806 t=3238.3s remaining=197
    iter=1804 E=-1.9954390411 nfev=1807 t=3240.2s remaining=196
    iter=1805 E=-1.9954394365 nfev=1808 t=3242.0s remaining=195
    iter=1806 E=-1.9954397017 nfev=1809 t=3243.8s remaining=194
    iter=1807 E=-1.9954398236 nfev=1810 t=3245.6s remaining=193
    iter=1808 E=-1.9954398772 nfev=1811 t=3247.3s remaining=192
    iter=1809 E=-1.9954399220 nfev=1812 t=3249.3s remaining=191
    iter=1810 E=-1.9954399802 nfev=1813 t=3251.2s remaining=190
    iter=1811 E=-1.9954400585 nfev=1814 t=3253.0s remaining=189
    iter=1812 E=-1.9954401816 nfev=1815 t=3254.7s remaining=188
    iter=1813 E=-1.9954403805 nfev=1816 t=3256.4s remaining=187
    iter=1814 E=-1.9954406916 nfev=1817 t=3258.3s remaining=186
    iter=1815 E=-1.9954411213 nfev=1818 t=3260.2s remaining=185
    iter=1816 E=-1.9954414439 nfev=1819 t=3262.1s remaining=184
    iter=1817 E=-1.9954416944 nfev=1820 t=3263.9s remaining=183
    iter=1818 E=-1.9954418059 nfev=1821 t=3265.6s remaining=182
    iter=1819 E=-1.9954418674 nfev=1822 t=3267.5s remaining=181
    iter=1820 E=-1.9954419170 nfev=1823 t=3269.5s remaining=180
    iter=1821 E=-1.9954419754 nfev=1824 t=3271.4s remaining=179
    iter=1822 E=-1.9954420613 nfev=1825 t=3273.2s remaining=178
    iter=1823 E=-1.9954421990 nfev=1826 t=3274.9s remaining=177
    iter=1824 E=-1.9954424201 nfev=1827 t=3276.7s remaining=176
    iter=1825 E=-1.9954427493 nfev=1828 t=3278.5s remaining=175
    iter=1826 E=-1.9954430676 nfev=1829 t=3280.2s remaining=174
    iter=1827 E=-1.9954432774 nfev=1830 t=3282.0s remaining=173
    iter=1828 E=-1.9954433892 nfev=1831 t=3283.8s remaining=172
    iter=1829 E=-1.9954434405 nfev=1832 t=3285.7s remaining=171
    iter=1830 E=-1.9954434777 nfev=1833 t=3287.5s remaining=170
    iter=1831 E=-1.9954435169 nfev=1834 t=3289.4s remaining=169
    iter=1832 E=-1.9954435580 nfev=1835 t=3291.2s remaining=168
    iter=1833 E=-1.9954436211 nfev=1836 t=3293.2s remaining=167
    iter=1834 E=-1.9954437225 nfev=1837 t=3295.0s remaining=166
    iter=1835 E=-1.9954438879 nfev=1838 t=3296.8s remaining=165
    iter=1836 E=-1.9954441453 nfev=1839 t=3298.6s remaining=164
    iter=1837 E=-1.9954444546 nfev=1840 t=3300.3s remaining=163
    iter=1838 E=-1.9954446633 nfev=1841 t=3302.2s remaining=162
    iter=1839 E=-1.9954447936 nfev=1842 t=3303.9s remaining=161
    iter=1840 E=-1.9954448438 nfev=1843 t=3305.6s remaining=160
    iter=1841 E=-1.9954448743 nfev=1844 t=3307.5s remaining=159
    iter=1842 E=-1.9954449060 nfev=1845 t=3309.3s remaining=158
    iter=1843 E=-1.9954449458 nfev=1846 t=3311.1s remaining=157
    iter=1844 E=-1.9954450083 nfev=1847 t=3312.9s remaining=156
    iter=1845 E=-1.9954451099 nfev=1848 t=3314.7s remaining=155
    iter=1846 E=-1.9954452734 nfev=1849 t=3316.6s remaining=154
    iter=1847 E=-1.9954455082 nfev=1850 t=3318.5s remaining=153
    iter=1848 E=-1.9954456940 nfev=1851 t=3320.2s remaining=152
    iter=1849 E=-1.9954458162 nfev=1852 t=3322.0s remaining=151
    iter=1850 E=-1.9954458717 nfev=1853 t=3323.7s remaining=150
    iter=1851 E=-1.9954458991 nfev=1854 t=3325.4s remaining=149
    iter=1852 E=-1.9954459207 nfev=1855 t=3327.1s remaining=148
    iter=1853 E=-1.9954459464 nfev=1856 t=3328.8s remaining=147
    iter=1854 E=-1.9954459835 nfev=1857 t=3330.7s remaining=146
    iter=1855 E=-1.9954460456 nfev=1858 t=3332.6s remaining=145
    iter=1856 E=-1.9954461504 nfev=1859 t=3334.3s remaining=144
    iter=1857 E=-1.9954463198 nfev=1860 t=3336.2s remaining=143
    iter=1858 E=-1.9954465482 nfev=1861 t=3337.9s remaining=142
    iter=1859 E=-1.9954466780 nfev=1862 t=3339.6s remaining=141
    iter=1860 E=-1.9954467530 nfev=1863 t=3341.3s remaining=140
    iter=1861 E=-1.9954467736 nfev=1864 t=3343.2s remaining=139
    iter=1862 E=-1.9954467860 nfev=1865 t=3345.0s remaining=138
    iter=1863 E=-1.9954468047 nfev=1866 t=3346.8s remaining=137
    iter=1864 E=-1.9954468355 nfev=1867 t=3348.5s remaining=136
    iter=1865 E=-1.9954468870 nfev=1868 t=3350.2s remaining=135
    iter=1866 E=-1.9954469734 nfev=1869 t=3351.9s remaining=134
    iter=1867 E=-1.9954471125 nfev=1870 t=3353.6s remaining=133
    iter=1868 E=-1.9954473078 nfev=1871 t=3355.4s remaining=132
    iter=1869 E=-1.9954474427 nfev=1872 t=3357.1s remaining=131
    iter=1870 E=-1.9954475184 nfev=1873 t=3358.9s remaining=130
    iter=1871 E=-1.9954475381 nfev=1874 t=3360.6s remaining=129
    iter=1872 E=-1.9954475480 nfev=1875 t=3362.3s remaining=128
    iter=1873 E=-1.9954475641 nfev=1876 t=3364.3s remaining=127
    iter=1874 E=-1.9954475916 nfev=1877 t=3366.1s remaining=126
    iter=1875 E=-1.9954476386 nfev=1878 t=3367.9s remaining=125
    iter=1876 E=-1.9954477173 nfev=1879 t=3369.8s remaining=124
    iter=1877 E=-1.9954478397 nfev=1880 t=3371.9s remaining=123
    iter=1878 E=-1.9954479795 nfev=1881 t=3373.6s remaining=122
    iter=1879 E=-1.9954480835 nfev=1882 t=3375.5s remaining=121
    iter=1880 E=-1.9954481430 nfev=1883 t=3377.3s remaining=120
    iter=1881 E=-1.9954481607 nfev=1884 t=3379.1s remaining=119
    iter=1882 E=-1.9954481727 nfev=1885 t=3381.2s remaining=118
    iter=1883 E=-1.9954481916 nfev=1886 t=3383.0s remaining=117
    iter=1884 E=-1.9954482225 nfev=1887 t=3384.8s remaining=116
    iter=1885 E=-1.9954482737 nfev=1888 t=3386.6s remaining=115
    iter=1886 E=-1.9954483569 nfev=1889 t=3388.6s remaining=114
    iter=1887 E=-1.9954484827 nfev=1890 t=3390.5s remaining=113
    iter=1888 E=-1.9954486126 nfev=1891 t=3392.4s remaining=112
    iter=1889 E=-1.9954487013 nfev=1892 t=3394.2s remaining=111
    iter=1890 E=-1.9954487345 nfev=1893 t=3396.1s remaining=110
    iter=1891 E=-1.9954487437 nfev=1894 t=3397.9s remaining=109
    iter=1892 E=-1.9954487515 nfev=1895 t=3399.8s remaining=108
    iter=1893 E=-1.9954487648 nfev=1896 t=3401.6s remaining=107
    iter=1894 E=-1.9954487878 nfev=1897 t=3403.4s remaining=106
    iter=1895 E=-1.9954488276 nfev=1898 t=3405.3s remaining=105
    iter=1896 E=-1.9954488941 nfev=1899 t=3407.1s remaining=104
    iter=1897 E=-1.9954489974 nfev=1900 t=3408.9s remaining=103
    iter=1898 E=-1.9954491209 nfev=1901 t=3410.7s remaining=102
    iter=1899 E=-1.9954492363 nfev=1902 t=3412.4s remaining=101
    iter=1900 E=-1.9954493131 nfev=1903 t=3414.2s remaining=100
    iter=1901 E=-1.9954493369 nfev=1904 t=3416.0s remaining=99
    iter=1902 E=-1.9954493474 nfev=1905 t=3418.0s remaining=98
    iter=1903 E=-1.9954493633 nfev=1906 t=3419.9s remaining=97
    iter=1904 E=-1.9954493902 nfev=1907 t=3421.6s remaining=96
    iter=1905 E=-1.9954494371 nfev=1908 t=3423.3s remaining=95
    iter=1906 E=-1.9954495177 nfev=1909 t=3425.1s remaining=94
    iter=1907 E=-1.9954496490 nfev=1910 t=3427.0s remaining=93
    iter=1908 E=-1.9954498315 nfev=1911 t=3428.7s remaining=92
    iter=1909 E=-1.9954499609 nfev=1912 t=3430.5s remaining=91
    iter=1910 E=-1.9954500660 nfev=1913 t=3432.2s remaining=90
    iter=1911 E=-1.9954500918 nfev=1914 t=3433.9s remaining=89
    iter=1912 E=-1.9954501004 nfev=1915 t=3435.7s remaining=88
    iter=1913 E=-1.9954501093 nfev=1916 t=3437.5s remaining=87
    iter=1914 E=-1.9954501251 nfev=1917 t=3439.2s remaining=86
    iter=1915 E=-1.9954501535 nfev=1918 t=3440.9s remaining=85
    iter=1916 E=-1.9954502038 nfev=1919 t=3442.6s remaining=84
    iter=1917 E=-1.9954502879 nfev=1920 t=3444.3s remaining=83
    iter=1918 E=-1.9954504127 nfev=1921 t=3446.1s remaining=82
    iter=1919 E=-1.9954505303 nfev=1922 t=3447.8s remaining=81
    iter=1920 E=-1.9954506443 nfev=1923 t=3449.5s remaining=80
    iter=1921 E=-1.9954507235 nfev=1924 t=3451.2s remaining=79
    iter=1922 E=-1.9954507473 nfev=1925 t=3452.9s remaining=78
    iter=1923 E=-1.9954507568 nfev=1926 t=3454.8s remaining=77
    iter=1924 E=-1.9954507673 nfev=1927 t=3456.7s remaining=76
    iter=1925 E=-1.9954507855 nfev=1928 t=3458.5s remaining=75
    iter=1926 E=-1.9954508167 nfev=1929 t=3460.3s remaining=74
    iter=1927 E=-1.9954508678 nfev=1930 t=3462.0s remaining=73
    iter=1928 E=-1.9954509475 nfev=1931 t=3463.7s remaining=72
    iter=1929 E=-1.9954510659 nfev=1932 t=3465.4s remaining=71
    iter=1930 E=-1.9954512168 nfev=1933 t=3467.1s remaining=70
    iter=1931 E=-1.9954513602 nfev=1934 t=3469.0s remaining=69
    iter=1932 E=-1.9954514199 nfev=1935 t=3470.7s remaining=68
    iter=1933 E=-1.9954514362 nfev=1936 t=3472.5s remaining=67
    iter=1934 E=-1.9954514448 nfev=1937 t=3474.2s remaining=66
    iter=1935 E=-1.9954514590 nfev=1938 t=3476.0s remaining=65
    iter=1936 E=-1.9954514831 nfev=1939 t=3477.7s remaining=64
    iter=1937 E=-1.9954515242 nfev=1940 t=3479.5s remaining=63
    iter=1938 E=-1.9954515924 nfev=1941 t=3481.3s remaining=62
    iter=1939 E=-1.9954517003 nfev=1942 t=3483.1s remaining=61
    iter=1940 E=-1.9954518549 nfev=1943 t=3484.8s remaining=60
    iter=1941 E=-1.9954520018 nfev=1944 t=3486.7s remaining=59
    iter=1942 E=-1.9954521322 nfev=1945 t=3488.5s remaining=58
    iter=1943 E=-1.9954521865 nfev=1946 t=3490.3s remaining=57
    iter=1944 E=-1.9954522064 nfev=1947 t=3492.0s remaining=56
    iter=1945 E=-1.9954522212 nfev=1948 t=3493.9s remaining=55
    iter=1946 E=-1.9954522447 nfev=1949 t=3495.7s remaining=54
    iter=1947 E=-1.9954522784 nfev=1950 t=3497.5s remaining=53
    iter=1948 E=-1.9954523259 nfev=1951 t=3499.4s remaining=52
    iter=1949 E=-1.9954524039 nfev=1952 t=3501.1s remaining=51
    iter=1950 E=-1.9954525310 nfev=1953 t=3502.7s remaining=50
    iter=1951 E=-1.9954527133 nfev=1954 t=3504.7s remaining=49
    iter=1952 E=-1.9954528380 nfev=1955 t=3506.8s remaining=48
    iter=1953 E=-1.9954528919 nfev=1956 t=3508.7s remaining=47
    iter=1954 E=-1.9954529101 nfev=1957 t=3510.6s remaining=46
    iter=1955 E=-1.9954529191 nfev=1958 t=3512.6s remaining=45
    iter=1956 E=-1.9954529324 nfev=1959 t=3514.6s remaining=44
    iter=1957 E=-1.9954529549 nfev=1960 t=3516.5s remaining=43
    iter=1958 E=-1.9954529927 nfev=1961 t=3518.3s remaining=42
    iter=1959 E=-1.9954530551 nfev=1962 t=3520.1s remaining=41
    iter=1960 E=-1.9954531547 nfev=1963 t=3522.1s remaining=40
    iter=1961 E=-1.9954533024 nfev=1964 t=3523.9s remaining=39
    iter=1962 E=-1.9954534616 nfev=1965 t=3525.7s remaining=38
    iter=1963 E=-1.9954535801 nfev=1966 t=3527.5s remaining=37
    iter=1964 E=-1.9954536299 nfev=1967 t=3529.4s remaining=36
    iter=1965 E=-1.9954536424 nfev=1968 t=3531.1s remaining=35
    iter=1966 E=-1.9954536504 nfev=1969 t=3533.1s remaining=34
    iter=1967 E=-1.9954536644 nfev=1970 t=3535.0s remaining=33
    iter=1968 E=-1.9954536892 nfev=1971 t=3537.0s remaining=32
    iter=1969 E=-1.9954537319 nfev=1972 t=3538.9s remaining=31
    iter=1970 E=-1.9954538023 nfev=1973 t=3540.9s remaining=30
    iter=1971 E=-1.9954539093 nfev=1974 t=3542.6s remaining=29
    iter=1972 E=-1.9954540308 nfev=1975 t=3544.4s remaining=28
    iter=1973 E=-1.9954541302 nfev=1976 t=3546.3s remaining=27
    iter=1974 E=-1.9954541835 nfev=1977 t=3548.2s remaining=26
    iter=1975 E=-1.9954541963 nfev=1978 t=3550.1s remaining=25
    iter=1976 E=-1.9954542017 nfev=1979 t=3551.9s remaining=24
    iter=1977 E=-1.9954542091 nfev=1980 t=3553.7s remaining=23
    iter=1978 E=-1.9954542212 nfev=1981 t=3555.6s remaining=22
    iter=1979 E=-1.9954542416 nfev=1982 t=3557.4s remaining=21
    iter=1980 E=-1.9954542754 nfev=1983 t=3559.4s remaining=20
    iter=1981 E=-1.9954543299 nfev=1984 t=3561.2s remaining=19
    iter=1982 E=-1.9954544108 nfev=1985 t=3563.1s remaining=18
    iter=1983 E=-1.9954544977 nfev=1986 t=3565.0s remaining=17
    iter=1984 E=-1.9954545593 nfev=1987 t=3566.8s remaining=16
    iter=1985 E=-1.9954545911 nfev=1988 t=3568.6s remaining=15
    iter=1986 E=-1.9954545991 nfev=1989 t=3570.7s remaining=14
    iter=1987 E=-1.9954546036 nfev=1990 t=3572.6s remaining=13
    iter=1988 E=-1.9954546119 nfev=1991 t=3574.4s remaining=12
    iter=1989 E=-1.9954546271 nfev=1992 t=3576.2s remaining=11
    iter=1990 E=-1.9954546545 nfev=1993 t=3577.9s remaining=10
    iter=1991 E=-1.9954547018 nfev=1994 t=3579.7s remaining=9
    iter=1992 E=-1.9954547768 nfev=1995 t=3581.5s remaining=8
    iter=1993 E=-1.9954548694 nfev=1996 t=3583.3s remaining=7
    iter=1994 E=-1.9954549302 nfev=1997 t=3585.1s remaining=6
    iter=1995 E=-1.9954549681 nfev=1998 t=3586.9s remaining=5
    iter=1996 E=-1.9954549763 nfev=1999 t=3588.6s remaining=4
    iter=1997 E=-1.9954549796 nfev=2000 t=3590.4s remaining=3
    iter=1998 E=-1.9954549841 nfev=2001 t=3592.5s remaining=2
    iter=1999 E=-1.9954549918 nfev=2002 t=3594.2s remaining=1
    iter=2000 E=-1.9954550055 nfev=2003 t=3596.0s remaining=0
    iter=2000 E=-1.9954550055 nfev=2003 t=3596.0s remaining=0
    seed=0 E=-1.9954550055 dE=+6.953e-04 nit=2000 ok=False t=3596.0s
  r=1.50  L=10  npar=428   E=-1.9954550055  |E-FCI|=6.953e-04  FCI=no   chem=yes

=== summary (best seed per layer) ===
  bond   L ansatz                 npar              E     |E-FCI|  FCI? chem?
  1.50  10 (ECD+SNAP)^10 + ECD     428  -1.9954550055   6.953e-04    no   yes

wrote data/results/h4_hybrid_L10_nobs_r0150.json
