self-check ok (nfock=4, use_bs=False, worst FD rel err 0.00e+00)
per-iter log: data/results/h4_hybrid_L7_nobs_r0050_iters.jsonl
live snapshot: data/results/h4_hybrid_L7_nobs_r0050_live.json

=== build H4 JWT Hamiltonian at R=0.50 Å ===
=== r=0.50 Å   FCI(pyscf)=-1.6531169519  eig=-1.6531169519  paper_fci=-1.65311695  paper_SNAP_D20=-1.6531169543899968 ===
-- r=0.50  (ECD+SNAP)^7 + ECD   npar=302 --
    iter=1 E=2.9559984511 nfev=2 t=1.9s remaining=1999
    iter=2 E=2.7790830073 nfev=3 t=2.8s remaining=1998
    iter=3 E=2.5755868933 nfev=4 t=3.7s remaining=1997
    iter=4 E=2.4158456517 nfev=5 t=4.7s remaining=1996
    iter=5 E=2.2789604514 nfev=6 t=5.6s remaining=1995
    iter=6 E=2.1473955873 nfev=7 t=6.5s remaining=1994
    iter=7 E=1.9446334385 nfev=8 t=7.5s remaining=1993
    iter=8 E=1.7539138648 nfev=9 t=8.4s remaining=1992
    iter=9 E=1.6576990246 nfev=10 t=9.3s remaining=1991
    iter=10 E=1.5222697121 nfev=11 t=10.2s remaining=1990
    iter=11 E=1.3008096927 nfev=12 t=11.0s remaining=1989
    iter=12 E=1.1062338733 nfev=13 t=11.9s remaining=1988
    iter=13 E=0.9744891306 nfev=14 t=12.9s remaining=1987
    iter=14 E=0.7795108216 nfev=15 t=13.9s remaining=1986
    iter=15 E=0.4866382460 nfev=16 t=14.8s remaining=1985
    iter=16 E=0.3847277329 nfev=17 t=15.8s remaining=1984
    iter=17 E=0.2473083920 nfev=18 t=16.7s remaining=1983
    iter=18 E=0.0822696977 nfev=19 t=17.6s remaining=1982
    iter=19 E=-0.0613761701 nfev=20 t=18.5s remaining=1981
    iter=20 E=-0.1443198760 nfev=21 t=19.3s remaining=1980
    iter=21 E=-0.2609343846 nfev=22 t=20.2s remaining=1979
    iter=22 E=-0.3613667031 nfev=23 t=21.2s remaining=1978
    iter=23 E=-0.4775726811 nfev=24 t=22.1s remaining=1977
    iter=24 E=-0.6058924042 nfev=25 t=23.0s remaining=1976
    iter=25 E=-0.7645251028 nfev=26 t=24.0s remaining=1975
    iter=26 E=-0.8022118643 nfev=27 t=24.9s remaining=1974
    iter=27 E=-0.8709986046 nfev=28 t=25.8s remaining=1973
    iter=28 E=-0.9956417786 nfev=29 t=26.8s remaining=1972
    iter=29 E=-1.1521314961 nfev=30 t=27.6s remaining=1971
    iter=30 E=-1.2866508773 nfev=31 t=28.5s remaining=1970
    iter=31 E=-1.3529997067 nfev=33 t=30.3s remaining=1969
    iter=32 E=-1.3993869278 nfev=34 t=31.4s remaining=1968
    iter=33 E=-1.4329301301 nfev=35 t=32.3s remaining=1967
    iter=34 E=-1.4758457703 nfev=36 t=33.2s remaining=1966
    iter=35 E=-1.4899068999 nfev=37 t=34.2s remaining=1965
    iter=36 E=-1.5076187478 nfev=38 t=35.2s remaining=1964
    iter=37 E=-1.5338189168 nfev=39 t=36.2s remaining=1963
    iter=38 E=-1.5642587646 nfev=40 t=37.1s remaining=1962
    iter=39 E=-1.5867988559 nfev=41 t=38.1s remaining=1961
    iter=40 E=-1.5991147727 nfev=42 t=39.0s remaining=1960
    iter=41 E=-1.6041692133 nfev=43 t=39.9s remaining=1959
    iter=42 E=-1.6112912996 nfev=44 t=40.8s remaining=1958
    iter=43 E=-1.6207643597 nfev=45 t=41.7s remaining=1957
    iter=44 E=-1.6231838963 nfev=46 t=42.6s remaining=1956
    iter=45 E=-1.6270805034 nfev=47 t=43.5s remaining=1955
    iter=46 E=-1.6315181689 nfev=48 t=44.3s remaining=1954
    iter=47 E=-1.6340425829 nfev=49 t=45.2s remaining=1953
    iter=48 E=-1.6365325964 nfev=50 t=46.1s remaining=1952
    iter=49 E=-1.6368561842 nfev=51 t=47.0s remaining=1951
    iter=50 E=-1.6374540294 nfev=52 t=48.0s remaining=1950
    iter=51 E=-1.6384682689 nfev=53 t=48.9s remaining=1949
    iter=52 E=-1.6395037789 nfev=54 t=49.8s remaining=1948
    iter=53 E=-1.6402818012 nfev=55 t=50.7s remaining=1947
    iter=54 E=-1.6405896073 nfev=57 t=52.6s remaining=1946
    iter=55 E=-1.6407514077 nfev=58 t=53.5s remaining=1945
    iter=56 E=-1.6409658377 nfev=59 t=54.4s remaining=1944
    iter=57 E=-1.6411814283 nfev=60 t=55.4s remaining=1943
    iter=58 E=-1.6412200394 nfev=61 t=56.4s remaining=1942
    iter=59 E=-1.6412862750 nfev=62 t=57.3s remaining=1941
    iter=60 E=-1.6413759818 nfev=63 t=58.2s remaining=1940
    iter=61 E=-1.6414177648 nfev=64 t=59.1s remaining=1939
    iter=62 E=-1.6414635423 nfev=65 t=60.0s remaining=1938
    iter=63 E=-1.6414925553 nfev=66 t=60.9s remaining=1937
    iter=64 E=-1.6415229612 nfev=67 t=61.8s remaining=1936
    iter=65 E=-1.6415510167 nfev=68 t=62.7s remaining=1935
    iter=66 E=-1.6415678459 nfev=69 t=63.7s remaining=1934
    iter=67 E=-1.6415885804 nfev=70 t=64.6s remaining=1933
    iter=68 E=-1.6416041403 nfev=71 t=65.5s remaining=1932
    iter=69 E=-1.6416149993 nfev=72 t=66.4s remaining=1931
    iter=70 E=-1.6416249368 nfev=73 t=67.3s remaining=1930
    iter=71 E=-1.6416386066 nfev=74 t=68.2s remaining=1929
    iter=72 E=-1.6416468326 nfev=75 t=69.0s remaining=1928
    iter=73 E=-1.6416527832 nfev=76 t=69.9s remaining=1927
    iter=74 E=-1.6416590674 nfev=77 t=70.8s remaining=1926
    iter=75 E=-1.6416682318 nfev=78 t=71.7s remaining=1925
    iter=76 E=-1.6416777901 nfev=79 t=72.6s remaining=1924
    iter=77 E=-1.6416921944 nfev=80 t=73.6s remaining=1923
    iter=78 E=-1.6417157564 nfev=81 t=74.5s remaining=1922
    iter=79 E=-1.6417545568 nfev=82 t=75.4s remaining=1921
    iter=80 E=-1.6418110141 nfev=83 t=76.3s remaining=1920
    iter=81 E=-1.6418809754 nfev=84 t=77.2s remaining=1919
    iter=82 E=-1.6419563237 nfev=85 t=78.1s remaining=1918
    iter=83 E=-1.6420258206 nfev=86 t=79.0s remaining=1917
    iter=84 E=-1.6420830507 nfev=87 t=79.9s remaining=1916
    iter=85 E=-1.6420904773 nfev=88 t=80.8s remaining=1915
    iter=86 E=-1.6421046079 nfev=89 t=81.7s remaining=1914
    iter=87 E=-1.6421300918 nfev=90 t=82.7s remaining=1913
    iter=88 E=-1.6421679511 nfev=91 t=83.6s remaining=1912
    iter=89 E=-1.6421919251 nfev=92 t=84.5s remaining=1911
    iter=90 E=-1.6422110116 nfev=93 t=85.4s remaining=1910
    iter=91 E=-1.6422426092 nfev=94 t=86.3s remaining=1909
    iter=92 E=-1.6422883324 nfev=95 t=87.2s remaining=1908
    iter=93 E=-1.6423271348 nfev=96 t=88.1s remaining=1907
    iter=94 E=-1.6423773072 nfev=97 t=89.0s remaining=1906
    iter=95 E=-1.6424510977 nfev=98 t=89.9s remaining=1905
    iter=96 E=-1.6425289858 nfev=99 t=90.8s remaining=1904
    iter=97 E=-1.6425812581 nfev=100 t=91.7s remaining=1903
    iter=98 E=-1.6426638735 nfev=101 t=92.7s remaining=1902
    iter=99 E=-1.6427737978 nfev=102 t=93.6s remaining=1901
    iter=100 E=-1.6428182552 nfev=103 t=94.5s remaining=1900
    iter=101 E=-1.6428444920 nfev=104 t=95.4s remaining=1899
    iter=102 E=-1.6428662536 nfev=105 t=96.3s remaining=1898
    iter=103 E=-1.6428828716 nfev=106 t=97.2s remaining=1897
    iter=104 E=-1.6428967097 nfev=107 t=98.1s remaining=1896
    iter=105 E=-1.6429180985 nfev=108 t=99.0s remaining=1895
    iter=106 E=-1.6429516116 nfev=109 t=99.9s remaining=1894
    iter=107 E=-1.6430023223 nfev=110 t=100.7s remaining=1893
    iter=108 E=-1.6430717001 nfev=111 t=101.7s remaining=1892
    iter=109 E=-1.6431546610 nfev=112 t=102.6s remaining=1891
    iter=110 E=-1.6432321017 nfev=113 t=103.5s remaining=1890
    iter=111 E=-1.6432803929 nfev=114 t=104.4s remaining=1889
    iter=112 E=-1.6433468285 nfev=115 t=105.4s remaining=1888
    iter=113 E=-1.6434136073 nfev=116 t=106.3s remaining=1887
    iter=114 E=-1.6434578557 nfev=117 t=107.2s remaining=1886
    iter=115 E=-1.6434939137 nfev=118 t=108.1s remaining=1885
    iter=116 E=-1.6435278283 nfev=119 t=109.0s remaining=1884
    iter=117 E=-1.6435656211 nfev=120 t=109.9s remaining=1883
    iter=118 E=-1.6436128693 nfev=121 t=110.8s remaining=1882
    iter=119 E=-1.6436546642 nfev=122 t=111.7s remaining=1881
    iter=120 E=-1.6436809771 nfev=123 t=112.7s remaining=1880
    iter=121 E=-1.6437000790 nfev=124 t=113.7s remaining=1879
    iter=122 E=-1.6437202728 nfev=125 t=114.6s remaining=1878
    iter=123 E=-1.6437450363 nfev=126 t=115.5s remaining=1877
    iter=124 E=-1.6437668340 nfev=127 t=116.4s remaining=1876
    iter=125 E=-1.6437915613 nfev=128 t=117.5s remaining=1875
    iter=126 E=-1.6438262717 nfev=129 t=118.5s remaining=1874
    iter=127 E=-1.6438664727 nfev=130 t=119.4s remaining=1873
    iter=128 E=-1.6439099520 nfev=131 t=120.3s remaining=1872
    iter=129 E=-1.6439613544 nfev=132 t=121.2s remaining=1871
    iter=130 E=-1.6440213859 nfev=133 t=122.1s remaining=1870
    iter=131 E=-1.6440901266 nfev=134 t=122.9s remaining=1869
    iter=132 E=-1.6441751888 nfev=135 t=123.9s remaining=1868
    iter=133 E=-1.6442532147 nfev=136 t=124.7s remaining=1867
    iter=134 E=-1.6443123542 nfev=137 t=125.7s remaining=1866
    iter=135 E=-1.6443539970 nfev=138 t=126.6s remaining=1865
    iter=136 E=-1.6443893338 nfev=139 t=127.6s remaining=1864
    iter=137 E=-1.6444117056 nfev=140 t=128.5s remaining=1863
    iter=138 E=-1.6444204512 nfev=142 t=130.3s remaining=1862
    iter=139 E=-1.6444341919 nfev=143 t=131.3s remaining=1861
    iter=140 E=-1.6444567753 nfev=144 t=132.2s remaining=1860
    iter=141 E=-1.6444906104 nfev=145 t=133.2s remaining=1859
    iter=142 E=-1.6445270689 nfev=146 t=134.1s remaining=1858
    iter=143 E=-1.6445582697 nfev=147 t=135.0s remaining=1857
    iter=144 E=-1.6446005650 nfev=148 t=135.9s remaining=1856
    iter=145 E=-1.6446430782 nfev=149 t=136.8s remaining=1855
    iter=146 E=-1.6446687805 nfev=150 t=137.8s remaining=1854
    iter=147 E=-1.6447042575 nfev=151 t=138.7s remaining=1853
    iter=148 E=-1.6447427811 nfev=152 t=139.6s remaining=1852
    iter=149 E=-1.6447666670 nfev=153 t=140.5s remaining=1851
    iter=150 E=-1.6447836692 nfev=154 t=141.5s remaining=1850
    iter=151 E=-1.6448025753 nfev=155 t=142.4s remaining=1849
    iter=152 E=-1.6448206476 nfev=156 t=143.2s remaining=1848
    iter=153 E=-1.6448465462 nfev=157 t=144.1s remaining=1847
    iter=154 E=-1.6448785933 nfev=158 t=145.0s remaining=1846
    iter=155 E=-1.6449129640 nfev=159 t=145.9s remaining=1845
    iter=156 E=-1.6449498809 nfev=160 t=146.7s remaining=1844
    iter=157 E=-1.6449844204 nfev=161 t=147.6s remaining=1843
    iter=158 E=-1.6450222353 nfev=162 t=148.5s remaining=1842
    iter=159 E=-1.6450605204 nfev=163 t=149.3s remaining=1841
    iter=160 E=-1.6450962936 nfev=164 t=150.3s remaining=1840
    iter=161 E=-1.6451321297 nfev=165 t=151.1s remaining=1839
    iter=162 E=-1.6451619844 nfev=166 t=152.1s remaining=1838
    iter=163 E=-1.6451866883 nfev=167 t=153.0s remaining=1837
    iter=164 E=-1.6452193696 nfev=168 t=153.8s remaining=1836
    iter=165 E=-1.6452453543 nfev=169 t=154.8s remaining=1835
    iter=166 E=-1.6452669413 nfev=170 t=155.7s remaining=1834
    iter=167 E=-1.6452897172 nfev=171 t=156.6s remaining=1833
    iter=168 E=-1.6453141265 nfev=172 t=157.5s remaining=1832
    iter=169 E=-1.6453278978 nfev=173 t=158.4s remaining=1831
    iter=170 E=-1.6453468576 nfev=174 t=159.4s remaining=1830
    iter=171 E=-1.6453696867 nfev=175 t=160.3s remaining=1829
    iter=172 E=-1.6453941546 nfev=176 t=161.2s remaining=1828
    iter=173 E=-1.6454271044 nfev=177 t=162.1s remaining=1827
    iter=174 E=-1.6454774141 nfev=178 t=163.1s remaining=1826
    iter=175 E=-1.6455384526 nfev=179 t=164.0s remaining=1825
    iter=176 E=-1.6455715319 nfev=180 t=164.9s remaining=1824
    iter=177 E=-1.6456075071 nfev=181 t=165.8s remaining=1823
    iter=178 E=-1.6456474369 nfev=182 t=166.8s remaining=1822
    iter=179 E=-1.6456771217 nfev=183 t=167.7s remaining=1821
    iter=180 E=-1.6457064055 nfev=184 t=168.6s remaining=1820
    iter=181 E=-1.6457272664 nfev=185 t=169.5s remaining=1819
    iter=182 E=-1.6457536746 nfev=186 t=170.5s remaining=1818
    iter=183 E=-1.6457863732 nfev=187 t=171.5s remaining=1817
    iter=184 E=-1.6458312917 nfev=188 t=172.5s remaining=1816
    iter=185 E=-1.6458583930 nfev=189 t=173.4s remaining=1815
    iter=186 E=-1.6458940856 nfev=190 t=174.4s remaining=1814
    iter=187 E=-1.6459212078 nfev=191 t=175.3s remaining=1813
    iter=188 E=-1.6459415728 nfev=192 t=176.2s remaining=1812
    iter=189 E=-1.6459629959 nfev=193 t=177.2s remaining=1811
    iter=190 E=-1.6459910975 nfev=194 t=178.0s remaining=1810
    iter=191 E=-1.6460184742 nfev=195 t=178.9s remaining=1809
    iter=192 E=-1.6460512364 nfev=196 t=180.0s remaining=1808
    iter=193 E=-1.6460861483 nfev=197 t=181.0s remaining=1807
    iter=194 E=-1.6461100256 nfev=198 t=181.9s remaining=1806
    iter=195 E=-1.6461274845 nfev=199 t=182.8s remaining=1805
    iter=196 E=-1.6461466036 nfev=200 t=183.8s remaining=1804
    iter=197 E=-1.6461646826 nfev=201 t=184.7s remaining=1803
    iter=198 E=-1.6461870200 nfev=202 t=185.6s remaining=1802
    iter=199 E=-1.6462152835 nfev=203 t=186.5s remaining=1801
    iter=200 E=-1.6462462285 nfev=204 t=187.4s remaining=1800
    iter=201 E=-1.6462818507 nfev=205 t=188.3s remaining=1799
    iter=202 E=-1.6463088269 nfev=206 t=189.2s remaining=1798
    iter=203 E=-1.6463371499 nfev=207 t=190.1s remaining=1797
    iter=204 E=-1.6463598039 nfev=208 t=191.0s remaining=1796
    iter=205 E=-1.6463900303 nfev=209 t=191.9s remaining=1795
    iter=206 E=-1.6464203646 nfev=210 t=192.8s remaining=1794
    iter=207 E=-1.6464419660 nfev=211 t=193.6s remaining=1793
    iter=208 E=-1.6464717457 nfev=212 t=194.6s remaining=1792
    iter=209 E=-1.6465091778 nfev=213 t=195.5s remaining=1791
    iter=210 E=-1.6465285289 nfev=214 t=196.4s remaining=1790
    iter=211 E=-1.6465509745 nfev=215 t=197.2s remaining=1789
    iter=212 E=-1.6465649697 nfev=216 t=198.1s remaining=1788
    iter=213 E=-1.6465780112 nfev=217 t=199.0s remaining=1787
    iter=214 E=-1.6465905092 nfev=218 t=199.9s remaining=1786
    iter=215 E=-1.6466007158 nfev=219 t=200.9s remaining=1785
    iter=216 E=-1.6466147993 nfev=220 t=201.8s remaining=1784
    iter=217 E=-1.6466329552 nfev=221 t=202.8s remaining=1783
    iter=218 E=-1.6466572135 nfev=222 t=203.6s remaining=1782
    iter=219 E=-1.6466826009 nfev=223 t=204.5s remaining=1781
    iter=220 E=-1.6467042398 nfev=224 t=205.4s remaining=1780
    iter=221 E=-1.6467224110 nfev=225 t=206.4s remaining=1779
    iter=222 E=-1.6467385302 nfev=226 t=207.3s remaining=1778
    iter=223 E=-1.6467577718 nfev=227 t=208.2s remaining=1777
    iter=224 E=-1.6467863005 nfev=228 t=209.1s remaining=1776
    iter=225 E=-1.6468232970 nfev=229 t=210.0s remaining=1775
    iter=226 E=-1.6468559485 nfev=230 t=210.9s remaining=1774
    iter=227 E=-1.6468804941 nfev=231 t=211.8s remaining=1773
    iter=228 E=-1.6469149782 nfev=232 t=212.8s remaining=1772
    iter=229 E=-1.6469467930 nfev=233 t=213.6s remaining=1771
    iter=230 E=-1.6469610417 nfev=234 t=214.5s remaining=1770
    iter=231 E=-1.6469724036 nfev=235 t=215.4s remaining=1769
    iter=232 E=-1.6469779830 nfev=236 t=216.4s remaining=1768
    iter=233 E=-1.6469853005 nfev=237 t=217.3s remaining=1767
    iter=234 E=-1.6469945654 nfev=238 t=218.2s remaining=1766
    iter=235 E=-1.6470069252 nfev=239 t=219.2s remaining=1765
    iter=236 E=-1.6470248448 nfev=240 t=220.1s remaining=1764
    iter=237 E=-1.6470483166 nfev=241 t=221.0s remaining=1763
    iter=238 E=-1.6470763035 nfev=242 t=221.9s remaining=1762
    iter=239 E=-1.6471117761 nfev=243 t=222.8s remaining=1761
    iter=240 E=-1.6471462765 nfev=244 t=223.8s remaining=1760
    iter=241 E=-1.6471723106 nfev=245 t=224.6s remaining=1759
    iter=242 E=-1.6471961368 nfev=246 t=225.5s remaining=1758
    iter=243 E=-1.6472285790 nfev=247 t=226.4s remaining=1757
    iter=244 E=-1.6472638161 nfev=248 t=227.4s remaining=1756
    iter=245 E=-1.6472860200 nfev=249 t=228.4s remaining=1755
    iter=246 E=-1.6473165964 nfev=250 t=229.3s remaining=1754
    iter=247 E=-1.6473523045 nfev=251 t=230.3s remaining=1753
    iter=248 E=-1.6473707542 nfev=252 t=231.3s remaining=1752
    iter=249 E=-1.6473824753 nfev=253 t=232.2s remaining=1751
    iter=250 E=-1.6473968719 nfev=254 t=233.1s remaining=1750
    iter=251 E=-1.6474144664 nfev=255 t=234.0s remaining=1749
    iter=252 E=-1.6474311288 nfev=256 t=234.9s remaining=1748
    iter=253 E=-1.6474485750 nfev=257 t=235.9s remaining=1747
    iter=254 E=-1.6474676549 nfev=258 t=236.8s remaining=1746
    iter=255 E=-1.6474844345 nfev=259 t=237.8s remaining=1745
    iter=256 E=-1.6475013749 nfev=260 t=239.1s remaining=1744
    iter=257 E=-1.6475190122 nfev=261 t=240.1s remaining=1743
    iter=258 E=-1.6475405302 nfev=262 t=241.0s remaining=1742
    iter=259 E=-1.6475665751 nfev=263 t=241.9s remaining=1741
    iter=260 E=-1.6475856808 nfev=264 t=242.7s remaining=1740
    iter=261 E=-1.6476144913 nfev=265 t=243.6s remaining=1739
    iter=262 E=-1.6476577923 nfev=266 t=244.6s remaining=1738
    iter=263 E=-1.6477091105 nfev=267 t=245.5s remaining=1737
    iter=264 E=-1.6477521834 nfev=268 t=246.4s remaining=1736
    iter=265 E=-1.6477781535 nfev=269 t=247.3s remaining=1735
    iter=266 E=-1.6478148586 nfev=270 t=248.2s remaining=1734
    iter=267 E=-1.6478533920 nfev=271 t=249.1s remaining=1733
    iter=268 E=-1.6478879196 nfev=272 t=250.0s remaining=1732
    iter=269 E=-1.6479164892 nfev=273 t=251.0s remaining=1731
    iter=270 E=-1.6479353025 nfev=274 t=251.9s remaining=1730
    iter=271 E=-1.6479491048 nfev=275 t=252.9s remaining=1729
    iter=272 E=-1.6479653877 nfev=276 t=253.8s remaining=1728
    iter=273 E=-1.6479830082 nfev=277 t=254.7s remaining=1727
    iter=274 E=-1.6480062284 nfev=278 t=255.7s remaining=1726
    iter=275 E=-1.6480308969 nfev=279 t=256.6s remaining=1725
    iter=276 E=-1.6480450677 nfev=280 t=257.6s remaining=1724
    iter=277 E=-1.6480642122 nfev=281 t=258.5s remaining=1723
    iter=278 E=-1.6480861088 nfev=282 t=259.5s remaining=1722
    iter=279 E=-1.6481100430 nfev=283 t=260.4s remaining=1721
    iter=280 E=-1.6481438100 nfev=284 t=261.4s remaining=1720
    iter=281 E=-1.6481862978 nfev=285 t=262.4s remaining=1719
    iter=282 E=-1.6482113527 nfev=286 t=263.3s remaining=1718
    iter=283 E=-1.6482295209 nfev=287 t=264.2s remaining=1717
    iter=284 E=-1.6482451069 nfev=288 t=265.2s remaining=1716
    iter=285 E=-1.6482629988 nfev=289 t=266.0s remaining=1715
    iter=286 E=-1.6482874521 nfev=290 t=266.9s remaining=1714
    iter=287 E=-1.6483150591 nfev=291 t=267.9s remaining=1713
    iter=288 E=-1.6483336839 nfev=292 t=268.8s remaining=1712
    iter=289 E=-1.6483456585 nfev=293 t=269.7s remaining=1711
    iter=290 E=-1.6483623981 nfev=294 t=270.6s remaining=1710
    iter=291 E=-1.6483802454 nfev=295 t=271.4s remaining=1709
    iter=292 E=-1.6484042196 nfev=296 t=272.3s remaining=1708
    iter=293 E=-1.6484384242 nfev=297 t=273.2s remaining=1707
    iter=294 E=-1.6484725094 nfev=298 t=274.1s remaining=1706
    iter=295 E=-1.6484943611 nfev=299 t=275.0s remaining=1705
    iter=296 E=-1.6485189091 nfev=300 t=275.9s remaining=1704
    iter=297 E=-1.6485430507 nfev=301 t=276.8s remaining=1703
    iter=298 E=-1.6485613423 nfev=302 t=277.7s remaining=1702
    iter=299 E=-1.6485787835 nfev=303 t=278.5s remaining=1701
    iter=300 E=-1.6485972575 nfev=304 t=279.4s remaining=1700
    iter=301 E=-1.6486191665 nfev=305 t=280.3s remaining=1699
    iter=302 E=-1.6486330394 nfev=306 t=281.2s remaining=1698
    iter=303 E=-1.6486503333 nfev=307 t=282.0s remaining=1697
    iter=304 E=-1.6486663045 nfev=308 t=282.9s remaining=1696
    iter=305 E=-1.6486801073 nfev=309 t=283.8s remaining=1695
    iter=306 E=-1.6486957159 nfev=310 t=284.6s remaining=1694
    iter=307 E=-1.6487106342 nfev=311 t=285.5s remaining=1693
    iter=308 E=-1.6487222556 nfev=312 t=286.5s remaining=1692
    iter=309 E=-1.6487329525 nfev=313 t=287.4s remaining=1691
    iter=310 E=-1.6487450781 nfev=314 t=288.3s remaining=1690
    iter=311 E=-1.6487584488 nfev=315 t=289.2s remaining=1689
    iter=312 E=-1.6487776567 nfev=316 t=290.1s remaining=1688
    iter=313 E=-1.6487993375 nfev=317 t=291.0s remaining=1687
    iter=314 E=-1.6488167955 nfev=318 t=291.9s remaining=1686
    iter=315 E=-1.6488369779 nfev=319 t=292.9s remaining=1685
    iter=316 E=-1.6488561565 nfev=320 t=293.9s remaining=1684
    iter=317 E=-1.6488705027 nfev=321 t=294.8s remaining=1683
    iter=318 E=-1.6488871179 nfev=322 t=295.7s remaining=1682
    iter=319 E=-1.6489028314 nfev=323 t=296.5s remaining=1681
    iter=320 E=-1.6489146759 nfev=324 t=297.4s remaining=1680
    iter=321 E=-1.6489266229 nfev=325 t=298.3s remaining=1679
    iter=322 E=-1.6489392223 nfev=326 t=299.2s remaining=1678
    iter=323 E=-1.6489533749 nfev=327 t=300.1s remaining=1677
    iter=324 E=-1.6489711899 nfev=328 t=301.0s remaining=1676
    iter=325 E=-1.6489919109 nfev=329 t=301.9s remaining=1675
    iter=326 E=-1.6490053341 nfev=330 t=302.8s remaining=1674
    iter=327 E=-1.6490222452 nfev=331 t=303.7s remaining=1673
    iter=328 E=-1.6490430118 nfev=332 t=304.6s remaining=1672
    iter=329 E=-1.6490584885 nfev=333 t=305.5s remaining=1671
    iter=330 E=-1.6490738960 nfev=334 t=306.4s remaining=1670
    iter=331 E=-1.6490898523 nfev=335 t=307.2s remaining=1669
    iter=332 E=-1.6491015293 nfev=336 t=308.3s remaining=1668
    iter=333 E=-1.6491082016 nfev=337 t=309.3s remaining=1667
    iter=334 E=-1.6491132714 nfev=338 t=310.1s remaining=1666
    iter=335 E=-1.6491190597 nfev=339 t=311.0s remaining=1665
    iter=336 E=-1.6491264334 nfev=340 t=311.9s remaining=1664
    iter=337 E=-1.6491360516 nfev=341 t=312.8s remaining=1663
    iter=338 E=-1.6491464146 nfev=342 t=313.7s remaining=1662
    iter=339 E=-1.6491568357 nfev=343 t=314.6s remaining=1661
    iter=340 E=-1.6491678743 nfev=344 t=315.5s remaining=1660
    iter=341 E=-1.6491806076 nfev=345 t=316.4s remaining=1659
    iter=342 E=-1.6491944441 nfev=346 t=317.4s remaining=1658
    iter=343 E=-1.6492061882 nfev=347 t=318.3s remaining=1657
    iter=344 E=-1.6492148366 nfev=348 t=319.1s remaining=1656
    iter=345 E=-1.6492212799 nfev=349 t=320.0s remaining=1655
    iter=346 E=-1.6492285666 nfev=350 t=320.8s remaining=1654
    iter=347 E=-1.6492389970 nfev=351 t=321.7s remaining=1653
    iter=348 E=-1.6492527467 nfev=352 t=322.7s remaining=1652
    iter=349 E=-1.6492672464 nfev=353 t=323.5s remaining=1651
    iter=350 E=-1.6492803615 nfev=354 t=324.4s remaining=1650
    iter=351 E=-1.6492906309 nfev=355 t=325.3s remaining=1649
    iter=352 E=-1.6492983404 nfev=356 t=326.2s remaining=1648
    iter=353 E=-1.6493042113 nfev=357 t=327.0s remaining=1647
    iter=354 E=-1.6493092101 nfev=358 t=327.8s remaining=1646
    iter=355 E=-1.6493138759 nfev=359 t=328.7s remaining=1645
    iter=356 E=-1.6493197129 nfev=360 t=329.6s remaining=1644
    iter=357 E=-1.6493283625 nfev=361 t=330.5s remaining=1643
    iter=358 E=-1.6493392363 nfev=362 t=331.4s remaining=1642
    iter=359 E=-1.6493523502 nfev=363 t=332.4s remaining=1641
    iter=360 E=-1.6493720067 nfev=364 t=333.3s remaining=1640
    iter=361 E=-1.6493926132 nfev=365 t=334.2s remaining=1639
    iter=362 E=-1.6494030766 nfev=366 t=335.1s remaining=1638
    iter=363 E=-1.6494177967 nfev=367 t=336.0s remaining=1637
    iter=364 E=-1.6494310223 nfev=368 t=336.9s remaining=1636
    iter=365 E=-1.6494376404 nfev=369 t=337.8s remaining=1635
    iter=366 E=-1.6494428750 nfev=370 t=338.6s remaining=1634
    iter=367 E=-1.6494465491 nfev=371 t=339.5s remaining=1633
    iter=368 E=-1.6494505893 nfev=372 t=340.4s remaining=1632
    iter=369 E=-1.6494567656 nfev=373 t=341.3s remaining=1631
    iter=370 E=-1.6494658216 nfev=374 t=342.2s remaining=1630
    iter=371 E=-1.6494777180 nfev=375 t=343.1s remaining=1629
    iter=372 E=-1.6494911040 nfev=376 t=344.0s remaining=1628
    iter=373 E=-1.6495064205 nfev=377 t=344.9s remaining=1627
    iter=374 E=-1.6495172502 nfev=378 t=345.7s remaining=1626
    iter=375 E=-1.6495247630 nfev=379 t=346.6s remaining=1625
    iter=376 E=-1.6495318928 nfev=380 t=347.5s remaining=1624
    iter=377 E=-1.6495386447 nfev=381 t=348.4s remaining=1623
    iter=378 E=-1.6495437944 nfev=382 t=349.3s remaining=1622
    iter=379 E=-1.6495508340 nfev=383 t=350.2s remaining=1621
    iter=380 E=-1.6495578770 nfev=384 t=351.1s remaining=1620
    iter=381 E=-1.6495675213 nfev=385 t=352.0s remaining=1619
    iter=382 E=-1.6495811520 nfev=386 t=353.0s remaining=1618
    iter=383 E=-1.6495931791 nfev=387 t=353.8s remaining=1617
    iter=384 E=-1.6495999832 nfev=388 t=354.7s remaining=1616
    iter=385 E=-1.6496083157 nfev=389 t=355.6s remaining=1615
    iter=386 E=-1.6496180268 nfev=390 t=356.5s remaining=1614
    iter=387 E=-1.6496247888 nfev=391 t=357.5s remaining=1613
    iter=388 E=-1.6496321531 nfev=392 t=358.4s remaining=1612
    iter=389 E=-1.6496404167 nfev=393 t=359.3s remaining=1611
    iter=390 E=-1.6496469132 nfev=394 t=360.2s remaining=1610
    iter=391 E=-1.6496536971 nfev=395 t=361.2s remaining=1609
    iter=392 E=-1.6496621153 nfev=396 t=362.2s remaining=1608
    iter=393 E=-1.6496693627 nfev=397 t=363.2s remaining=1607
    iter=394 E=-1.6496766025 nfev=398 t=364.0s remaining=1606
    iter=395 E=-1.6496834334 nfev=399 t=364.9s remaining=1605
    iter=396 E=-1.6496914056 nfev=400 t=365.8s remaining=1604
    iter=397 E=-1.6497000731 nfev=401 t=366.7s remaining=1603
    iter=398 E=-1.6497066615 nfev=402 t=367.6s remaining=1602
    iter=399 E=-1.6497139480 nfev=403 t=368.5s remaining=1601
    iter=400 E=-1.6497210642 nfev=404 t=369.4s remaining=1600
    iter=401 E=-1.6497290847 nfev=405 t=370.3s remaining=1599
    iter=402 E=-1.6497367970 nfev=406 t=371.2s remaining=1598
    iter=403 E=-1.6497466445 nfev=407 t=372.1s remaining=1597
    iter=404 E=-1.6497568173 nfev=408 t=372.9s remaining=1596
    iter=405 E=-1.6497659953 nfev=409 t=373.8s remaining=1595
    iter=406 E=-1.6497725923 nfev=410 t=374.8s remaining=1594
    iter=407 E=-1.6497783342 nfev=411 t=375.7s remaining=1593
    iter=408 E=-1.6497864145 nfev=412 t=376.6s remaining=1592
    iter=409 E=-1.6497983638 nfev=413 t=377.6s remaining=1591
    iter=410 E=-1.6498098608 nfev=414 t=378.4s remaining=1590
    iter=411 E=-1.6498155608 nfev=415 t=379.3s remaining=1589
    iter=412 E=-1.6498210490 nfev=416 t=380.2s remaining=1588
    iter=413 E=-1.6498270267 nfev=417 t=381.1s remaining=1587
    iter=414 E=-1.6498348344 nfev=418 t=382.1s remaining=1586
    iter=415 E=-1.6498468787 nfev=419 t=383.0s remaining=1585
    iter=416 E=-1.6498643271 nfev=420 t=383.8s remaining=1584
    iter=417 E=-1.6498809575 nfev=421 t=384.8s remaining=1583
    iter=418 E=-1.6498906712 nfev=422 t=385.8s remaining=1582
    iter=419 E=-1.6498998494 nfev=423 t=386.7s remaining=1581
    iter=420 E=-1.6499061905 nfev=424 t=387.6s remaining=1580
    iter=421 E=-1.6499101417 nfev=425 t=388.5s remaining=1579
    iter=422 E=-1.6499125023 nfev=426 t=389.4s remaining=1578
    iter=423 E=-1.6499148218 nfev=427 t=390.4s remaining=1577
    iter=424 E=-1.6499177449 nfev=428 t=391.3s remaining=1576
    iter=425 E=-1.6499212585 nfev=429 t=392.3s remaining=1575
    iter=426 E=-1.6499266669 nfev=430 t=393.2s remaining=1574
    iter=427 E=-1.6499352674 nfev=431 t=394.2s remaining=1573
    iter=428 E=-1.6499470218 nfev=432 t=395.1s remaining=1572
    iter=429 E=-1.6499561590 nfev=433 t=396.0s remaining=1571
    iter=430 E=-1.6499668738 nfev=434 t=396.8s remaining=1570
    iter=431 E=-1.6499788974 nfev=435 t=397.7s remaining=1569
    iter=432 E=-1.6499899699 nfev=436 t=398.6s remaining=1568
    iter=433 E=-1.6499990384 nfev=437 t=399.4s remaining=1567
    iter=434 E=-1.6500100264 nfev=438 t=400.4s remaining=1566
    iter=435 E=-1.6500165655 nfev=439 t=401.3s remaining=1565
    iter=436 E=-1.6500195112 nfev=440 t=402.2s remaining=1564
    iter=437 E=-1.6500226018 nfev=441 t=403.1s remaining=1563
    iter=438 E=-1.6500262692 nfev=442 t=403.9s remaining=1562
    iter=439 E=-1.6500298785 nfev=443 t=404.8s remaining=1561
    iter=440 E=-1.6500331121 nfev=444 t=405.7s remaining=1560
    iter=441 E=-1.6500368222 nfev=445 t=406.5s remaining=1559
    iter=442 E=-1.6500420487 nfev=446 t=407.4s remaining=1558
    iter=443 E=-1.6500477125 nfev=447 t=408.3s remaining=1557
    iter=444 E=-1.6500551194 nfev=448 t=409.2s remaining=1556
    iter=445 E=-1.6500659055 nfev=449 t=410.1s remaining=1555
    iter=446 E=-1.6500784188 nfev=450 t=411.0s remaining=1554
    iter=447 E=-1.6500902663 nfev=451 t=411.9s remaining=1553
    iter=448 E=-1.6501009632 nfev=452 t=412.8s remaining=1552
    iter=449 E=-1.6501110774 nfev=453 t=413.7s remaining=1551
    iter=450 E=-1.6501177209 nfev=454 t=414.6s remaining=1550
    iter=451 E=-1.6501252890 nfev=455 t=415.4s remaining=1549
    iter=452 E=-1.6501314988 nfev=456 t=416.3s remaining=1548
    iter=453 E=-1.6501364330 nfev=457 t=417.2s remaining=1547
    iter=454 E=-1.6501421095 nfev=458 t=418.1s remaining=1546
    iter=455 E=-1.6501489433 nfev=459 t=419.0s remaining=1545
    iter=456 E=-1.6501541671 nfev=460 t=419.9s remaining=1544
    iter=457 E=-1.6501579295 nfev=461 t=420.9s remaining=1543
    iter=458 E=-1.6501613473 nfev=462 t=421.7s remaining=1542
    iter=459 E=-1.6501653112 nfev=463 t=422.8s remaining=1541
    iter=460 E=-1.6501687890 nfev=464 t=423.8s remaining=1540
    iter=461 E=-1.6501742992 nfev=465 t=424.8s remaining=1539
    iter=462 E=-1.6501828980 nfev=466 t=425.9s remaining=1538
    iter=463 E=-1.6501938753 nfev=467 t=426.8s remaining=1537
    iter=464 E=-1.6502017224 nfev=468 t=427.7s remaining=1536
    iter=465 E=-1.6502099277 nfev=469 t=428.6s remaining=1535
    iter=466 E=-1.6502158418 nfev=470 t=429.6s remaining=1534
    iter=467 E=-1.6502205882 nfev=471 t=430.6s remaining=1533
    iter=468 E=-1.6502258248 nfev=472 t=431.6s remaining=1532
    iter=469 E=-1.6502314791 nfev=473 t=432.6s remaining=1531
    iter=470 E=-1.6502362017 nfev=474 t=433.5s remaining=1530
    iter=471 E=-1.6502420090 nfev=475 t=434.5s remaining=1529
    iter=472 E=-1.6502481880 nfev=476 t=435.4s remaining=1528
    iter=473 E=-1.6502540958 nfev=477 t=436.3s remaining=1527
    iter=474 E=-1.6502606060 nfev=478 t=437.2s remaining=1526
    iter=475 E=-1.6502679475 nfev=479 t=438.1s remaining=1525
    iter=476 E=-1.6502756755 nfev=480 t=439.0s remaining=1524
    iter=477 E=-1.6502812671 nfev=481 t=439.9s remaining=1523
    iter=478 E=-1.6502876020 nfev=482 t=440.8s remaining=1522
    iter=479 E=-1.6502942241 nfev=483 t=441.7s remaining=1521
    iter=480 E=-1.6503024615 nfev=484 t=442.6s remaining=1520
    iter=481 E=-1.6503094655 nfev=485 t=443.5s remaining=1519
    iter=482 E=-1.6503169515 nfev=486 t=444.4s remaining=1518
    iter=483 E=-1.6503248881 nfev=487 t=445.3s remaining=1517
    iter=484 E=-1.6503316649 nfev=488 t=446.2s remaining=1516
    iter=485 E=-1.6503376046 nfev=489 t=447.1s remaining=1515
    iter=486 E=-1.6503438519 nfev=490 t=448.0s remaining=1514
    iter=487 E=-1.6503497745 nfev=491 t=448.9s remaining=1513
    iter=488 E=-1.6503554708 nfev=492 t=449.9s remaining=1512
    iter=489 E=-1.6503624275 nfev=493 t=450.8s remaining=1511
    iter=490 E=-1.6503710668 nfev=494 t=451.7s remaining=1510
    iter=491 E=-1.6503822040 nfev=495 t=452.7s remaining=1509
    iter=492 E=-1.6503928756 nfev=496 t=453.6s remaining=1508
    iter=493 E=-1.6504037686 nfev=497 t=454.6s remaining=1507
    iter=494 E=-1.6504122407 nfev=498 t=455.5s remaining=1506
    iter=495 E=-1.6504188506 nfev=499 t=456.4s remaining=1505
    iter=496 E=-1.6504242469 nfev=500 t=457.3s remaining=1504
    iter=497 E=-1.6504282017 nfev=501 t=458.2s remaining=1503
    iter=498 E=-1.6504310226 nfev=502 t=459.1s remaining=1502
    iter=499 E=-1.6504339652 nfev=503 t=460.1s remaining=1501
    iter=500 E=-1.6504369304 nfev=504 t=461.0s remaining=1500
    iter=501 E=-1.6504399607 nfev=505 t=462.0s remaining=1499
    iter=502 E=-1.6504435113 nfev=506 t=462.9s remaining=1498
    iter=503 E=-1.6504487939 nfev=507 t=463.8s remaining=1497
    iter=504 E=-1.6504559472 nfev=508 t=464.9s remaining=1496
    iter=505 E=-1.6504631361 nfev=509 t=465.8s remaining=1495
    iter=506 E=-1.6504691070 nfev=510 t=466.7s remaining=1494
    iter=507 E=-1.6504760379 nfev=511 t=467.7s remaining=1493
    iter=508 E=-1.6504811647 nfev=512 t=468.6s remaining=1492
    iter=509 E=-1.6504853514 nfev=513 t=469.6s remaining=1491
    iter=510 E=-1.6504908530 nfev=514 t=470.5s remaining=1490
    iter=511 E=-1.6504988597 nfev=515 t=471.4s remaining=1489
    iter=512 E=-1.6505094344 nfev=516 t=472.5s remaining=1488
    iter=513 E=-1.6505189589 nfev=517 t=473.4s remaining=1487
    iter=514 E=-1.6505266592 nfev=518 t=474.3s remaining=1486
    iter=515 E=-1.6505325301 nfev=519 t=475.2s remaining=1485
    iter=516 E=-1.6505362396 nfev=520 t=476.2s remaining=1484
    iter=517 E=-1.6505393584 nfev=521 t=477.1s remaining=1483
    iter=518 E=-1.6505417818 nfev=522 t=478.0s remaining=1482
    iter=519 E=-1.6505438503 nfev=523 t=478.9s remaining=1481
    iter=520 E=-1.6505463664 nfev=524 t=479.8s remaining=1480
    iter=521 E=-1.6505500446 nfev=525 t=480.9s remaining=1479
    iter=522 E=-1.6505556009 nfev=526 t=481.8s remaining=1478
    iter=523 E=-1.6505635645 nfev=527 t=482.7s remaining=1477
    iter=524 E=-1.6505736580 nfev=528 t=483.9s remaining=1476
    iter=525 E=-1.6505854483 nfev=529 t=485.1s remaining=1475
    iter=526 E=-1.6505973599 nfev=530 t=486.1s remaining=1474
    iter=527 E=-1.6506054361 nfev=531 t=487.0s remaining=1473
    iter=528 E=-1.6506104966 nfev=532 t=488.0s remaining=1472
    iter=529 E=-1.6506168239 nfev=533 t=488.9s remaining=1471
    iter=530 E=-1.6506225685 nfev=534 t=489.8s remaining=1470
    iter=531 E=-1.6506267830 nfev=535 t=490.7s remaining=1469
    iter=532 E=-1.6506311210 nfev=536 t=491.6s remaining=1468
    iter=533 E=-1.6506357197 nfev=537 t=492.5s remaining=1467
    iter=534 E=-1.6506387159 nfev=538 t=493.4s remaining=1466
    iter=535 E=-1.6506419397 nfev=539 t=494.3s remaining=1465
    iter=536 E=-1.6506457807 nfev=540 t=495.2s remaining=1464
    iter=537 E=-1.6506500241 nfev=541 t=496.1s remaining=1463
    iter=538 E=-1.6506530124 nfev=542 t=496.9s remaining=1462
    iter=539 E=-1.6506561422 nfev=543 t=497.8s remaining=1461
    iter=540 E=-1.6506595675 nfev=544 t=498.7s remaining=1460
    iter=541 E=-1.6506643028 nfev=545 t=499.6s remaining=1459
    iter=542 E=-1.6506704785 nfev=546 t=500.5s remaining=1458
    iter=543 E=-1.6506768604 nfev=547 t=501.4s remaining=1457
    iter=544 E=-1.6506838851 nfev=548 t=502.3s remaining=1456
    iter=545 E=-1.6506922451 nfev=549 t=503.2s remaining=1455
    iter=546 E=-1.6507001786 nfev=550 t=504.1s remaining=1454
    iter=547 E=-1.6507066789 nfev=551 t=505.0s remaining=1453
    iter=548 E=-1.6507109976 nfev=552 t=506.0s remaining=1452
    iter=549 E=-1.6507157141 nfev=553 t=506.9s remaining=1451
    iter=550 E=-1.6507195224 nfev=554 t=507.8s remaining=1450
    iter=551 E=-1.6507229498 nfev=555 t=508.7s remaining=1449
    iter=552 E=-1.6507260440 nfev=556 t=509.6s remaining=1448
    iter=553 E=-1.6507280245 nfev=557 t=510.5s remaining=1447
    iter=554 E=-1.6507306202 nfev=558 t=511.4s remaining=1446
    iter=555 E=-1.6507342578 nfev=559 t=512.3s remaining=1445
    iter=556 E=-1.6507392005 nfev=560 t=513.2s remaining=1444
    iter=557 E=-1.6507464477 nfev=561 t=514.1s remaining=1443
    iter=558 E=-1.6507566535 nfev=562 t=515.0s remaining=1442
    iter=559 E=-1.6507660223 nfev=563 t=515.9s remaining=1441
    iter=560 E=-1.6507713263 nfev=564 t=516.8s remaining=1440
    iter=561 E=-1.6507743404 nfev=565 t=517.8s remaining=1439
    iter=562 E=-1.6507766160 nfev=566 t=518.7s remaining=1438
    iter=563 E=-1.6507783254 nfev=567 t=519.6s remaining=1437
    iter=564 E=-1.6507799426 nfev=568 t=520.6s remaining=1436
    iter=565 E=-1.6507821314 nfev=569 t=521.5s remaining=1435
    iter=566 E=-1.6507845894 nfev=570 t=522.4s remaining=1434
    iter=567 E=-1.6507874798 nfev=571 t=523.2s remaining=1433
    iter=568 E=-1.6507911723 nfev=572 t=524.1s remaining=1432
    iter=569 E=-1.6507954735 nfev=573 t=525.1s remaining=1431
    iter=570 E=-1.6508002678 nfev=574 t=526.0s remaining=1430
    iter=571 E=-1.6508049834 nfev=575 t=526.9s remaining=1429
    iter=572 E=-1.6508087720 nfev=576 t=527.7s remaining=1428
    iter=573 E=-1.6508125742 nfev=577 t=528.7s remaining=1427
    iter=574 E=-1.6508169822 nfev=578 t=529.6s remaining=1426
    iter=575 E=-1.6508214111 nfev=579 t=530.4s remaining=1425
    iter=576 E=-1.6508249561 nfev=580 t=531.3s remaining=1424
    iter=577 E=-1.6508288642 nfev=581 t=532.2s remaining=1423
    iter=578 E=-1.6508339652 nfev=582 t=533.1s remaining=1422
    iter=579 E=-1.6508403117 nfev=583 t=534.0s remaining=1421
    iter=580 E=-1.6508478286 nfev=584 t=534.9s remaining=1420
    iter=581 E=-1.6508544744 nfev=585 t=535.8s remaining=1419
    iter=582 E=-1.6508602285 nfev=586 t=536.6s remaining=1418
    iter=583 E=-1.6508653238 nfev=587 t=537.5s remaining=1417
    iter=584 E=-1.6508697327 nfev=588 t=538.4s remaining=1416
    iter=585 E=-1.6508732954 nfev=589 t=539.3s remaining=1415
    iter=586 E=-1.6508776406 nfev=590 t=540.2s remaining=1414
    iter=587 E=-1.6508817304 nfev=591 t=541.1s remaining=1413
    iter=588 E=-1.6508861385 nfev=592 t=542.0s remaining=1412
    iter=589 E=-1.6508908557 nfev=593 t=542.9s remaining=1411
    iter=590 E=-1.6508954444 nfev=594 t=543.8s remaining=1410
    iter=591 E=-1.6509009949 nfev=595 t=544.6s remaining=1409
    iter=592 E=-1.6509083026 nfev=596 t=545.5s remaining=1408
    iter=593 E=-1.6509162287 nfev=597 t=546.5s remaining=1407
    iter=594 E=-1.6509216405 nfev=598 t=547.4s remaining=1406
    iter=595 E=-1.6509245139 nfev=599 t=548.3s remaining=1405
    iter=596 E=-1.6509280658 nfev=600 t=549.2s remaining=1404
    iter=597 E=-1.6509313334 nfev=601 t=550.1s remaining=1403
    iter=598 E=-1.6509350842 nfev=602 t=551.0s remaining=1402
    iter=599 E=-1.6509381359 nfev=603 t=551.9s remaining=1401
    iter=600 E=-1.6509403923 nfev=604 t=552.9s remaining=1400
    iter=601 E=-1.6509431754 nfev=605 t=553.8s remaining=1399
    iter=602 E=-1.6509471978 nfev=606 t=554.7s remaining=1398
    iter=603 E=-1.6509532287 nfev=607 t=555.6s remaining=1397
    iter=604 E=-1.6509611050 nfev=608 t=556.6s remaining=1396
    iter=605 E=-1.6509688148 nfev=609 t=557.5s remaining=1395
    iter=606 E=-1.6509773038 nfev=610 t=558.4s remaining=1394
    iter=607 E=-1.6509846504 nfev=611 t=559.3s remaining=1393
    iter=608 E=-1.6509909987 nfev=612 t=560.2s remaining=1392
    iter=609 E=-1.6509973611 nfev=613 t=561.2s remaining=1391
    iter=610 E=-1.6510037903 nfev=614 t=562.1s remaining=1390
    iter=611 E=-1.6510094664 nfev=615 t=563.0s remaining=1389
    iter=612 E=-1.6510138910 nfev=616 t=563.8s remaining=1388
    iter=613 E=-1.6510175133 nfev=617 t=564.7s remaining=1387
    iter=614 E=-1.6510213426 nfev=618 t=565.7s remaining=1386
    iter=615 E=-1.6510238360 nfev=619 t=566.6s remaining=1385
    iter=616 E=-1.6510259188 nfev=620 t=567.5s remaining=1384
    iter=617 E=-1.6510278211 nfev=621 t=568.4s remaining=1383
    iter=618 E=-1.6510304053 nfev=622 t=569.3s remaining=1382
    iter=619 E=-1.6510335703 nfev=623 t=570.2s remaining=1381
    iter=620 E=-1.6510364018 nfev=624 t=571.2s remaining=1380
    iter=621 E=-1.6510397634 nfev=625 t=572.1s remaining=1379
    iter=622 E=-1.6510439924 nfev=626 t=573.1s remaining=1378
    iter=623 E=-1.6510494375 nfev=627 t=574.0s remaining=1377
    iter=624 E=-1.6510568426 nfev=628 t=574.9s remaining=1376
    iter=625 E=-1.6510664309 nfev=629 t=575.8s remaining=1375
    iter=626 E=-1.6510748679 nfev=630 t=576.8s remaining=1374
    iter=627 E=-1.6510816855 nfev=631 t=577.7s remaining=1373
    iter=628 E=-1.6510875450 nfev=632 t=578.6s remaining=1372
    iter=629 E=-1.6510929014 nfev=633 t=579.5s remaining=1371
    iter=630 E=-1.6510973814 nfev=634 t=580.3s remaining=1370
    iter=631 E=-1.6511013082 nfev=635 t=581.2s remaining=1369
    iter=632 E=-1.6511048148 nfev=636 t=582.2s remaining=1368
    iter=633 E=-1.6511097384 nfev=637 t=583.3s remaining=1367
    iter=634 E=-1.6511139346 nfev=638 t=584.2s remaining=1366
    iter=635 E=-1.6511170069 nfev=639 t=585.0s remaining=1365
    iter=636 E=-1.6511203307 nfev=640 t=585.9s remaining=1364
    iter=637 E=-1.6511244124 nfev=641 t=586.8s remaining=1363
    iter=638 E=-1.6511276129 nfev=642 t=587.7s remaining=1362
    iter=639 E=-1.6511307257 nfev=643 t=588.6s remaining=1361
    iter=640 E=-1.6511341235 nfev=644 t=589.5s remaining=1360
    iter=641 E=-1.6511366528 nfev=645 t=590.5s remaining=1359
    iter=642 E=-1.6511406555 nfev=646 t=591.4s remaining=1358
    iter=643 E=-1.6511472241 nfev=647 t=592.4s remaining=1357
    iter=644 E=-1.6511568911 nfev=648 t=593.3s remaining=1356
    iter=645 E=-1.6511672936 nfev=649 t=594.2s remaining=1355
    iter=646 E=-1.6511756336 nfev=650 t=595.1s remaining=1354
    iter=647 E=-1.6511845099 nfev=651 t=596.0s remaining=1353
    iter=648 E=-1.6511884720 nfev=652 t=596.9s remaining=1352
    iter=649 E=-1.6511921396 nfev=653 t=597.8s remaining=1351
    iter=650 E=-1.6511951939 nfev=654 t=598.7s remaining=1350
    iter=651 E=-1.6511986872 nfev=655 t=599.6s remaining=1349
    iter=652 E=-1.6512026452 nfev=656 t=600.5s remaining=1348
    iter=653 E=-1.6512056187 nfev=657 t=601.4s remaining=1347
    iter=654 E=-1.6512091095 nfev=658 t=602.3s remaining=1346
    iter=655 E=-1.6512111603 nfev=659 t=603.1s remaining=1345
    iter=656 E=-1.6512132051 nfev=660 t=604.0s remaining=1344
    iter=657 E=-1.6512157616 nfev=661 t=604.9s remaining=1343
    iter=658 E=-1.6512189811 nfev=662 t=605.9s remaining=1342
    iter=659 E=-1.6512222048 nfev=663 t=607.0s remaining=1341
    iter=660 E=-1.6512259082 nfev=664 t=607.9s remaining=1340
    iter=661 E=-1.6512301235 nfev=665 t=609.0s remaining=1339
    iter=662 E=-1.6512348914 nfev=666 t=610.1s remaining=1338
    iter=663 E=-1.6512407767 nfev=667 t=611.1s remaining=1337
    iter=664 E=-1.6512501704 nfev=668 t=612.1s remaining=1336
    iter=665 E=-1.6512624361 nfev=669 t=613.0s remaining=1335
    iter=666 E=-1.6512702514 nfev=670 t=614.0s remaining=1334
    iter=667 E=-1.6512766038 nfev=671 t=615.1s remaining=1333
    iter=668 E=-1.6512797853 nfev=672 t=616.1s remaining=1332
    iter=669 E=-1.6512837234 nfev=673 t=617.1s remaining=1331
    iter=670 E=-1.6512869957 nfev=674 t=618.1s remaining=1330
    iter=671 E=-1.6512896538 nfev=675 t=619.0s remaining=1329
    iter=672 E=-1.6512925942 nfev=676 t=619.9s remaining=1328
    iter=673 E=-1.6512945854 nfev=677 t=620.8s remaining=1327
    iter=674 E=-1.6512969471 nfev=678 t=621.7s remaining=1326
    iter=675 E=-1.6513000124 nfev=679 t=622.6s remaining=1325
    iter=676 E=-1.6513026699 nfev=680 t=623.6s remaining=1324
    iter=677 E=-1.6513053094 nfev=681 t=624.5s remaining=1323
    iter=678 E=-1.6513090816 nfev=682 t=625.4s remaining=1322
    iter=679 E=-1.6513139353 nfev=683 t=626.3s remaining=1321
    iter=680 E=-1.6513196239 nfev=684 t=627.1s remaining=1320
    iter=681 E=-1.6513266826 nfev=685 t=628.1s remaining=1319
    iter=682 E=-1.6513354018 nfev=686 t=629.0s remaining=1318
    iter=683 E=-1.6513423818 nfev=687 t=630.0s remaining=1317
    iter=684 E=-1.6513489802 nfev=688 t=630.9s remaining=1316
    iter=685 E=-1.6513548717 nfev=689 t=631.8s remaining=1315
    iter=686 E=-1.6513601371 nfev=690 t=632.7s remaining=1314
    iter=687 E=-1.6513664123 nfev=691 t=633.6s remaining=1313
    iter=688 E=-1.6513728532 nfev=692 t=634.6s remaining=1312
    iter=689 E=-1.6513765887 nfev=693 t=635.5s remaining=1311
    iter=690 E=-1.6513806503 nfev=694 t=636.4s remaining=1310
    iter=691 E=-1.6513835012 nfev=695 t=637.3s remaining=1309
    iter=692 E=-1.6513860885 nfev=696 t=638.2s remaining=1308
    iter=693 E=-1.6513884598 nfev=697 t=639.1s remaining=1307
    iter=694 E=-1.6513902945 nfev=698 t=640.0s remaining=1306
    iter=695 E=-1.6513923444 nfev=699 t=640.9s remaining=1305
    iter=696 E=-1.6513940149 nfev=700 t=641.8s remaining=1304
    iter=697 E=-1.6513956707 nfev=701 t=642.7s remaining=1303
    iter=698 E=-1.6513978339 nfev=702 t=643.6s remaining=1302
    iter=699 E=-1.6514001481 nfev=703 t=644.5s remaining=1301
    iter=700 E=-1.6514033122 nfev=704 t=645.4s remaining=1300
    iter=701 E=-1.6514077025 nfev=705 t=646.3s remaining=1299
    iter=702 E=-1.6514123496 nfev=706 t=647.3s remaining=1298
    iter=703 E=-1.6514161299 nfev=707 t=648.3s remaining=1297
    iter=704 E=-1.6514202716 nfev=708 t=649.3s remaining=1296
    iter=705 E=-1.6514257208 nfev=709 t=650.2s remaining=1295
    iter=706 E=-1.6514329218 nfev=710 t=651.1s remaining=1294
    iter=707 E=-1.6514379279 nfev=711 t=652.0s remaining=1293
    iter=708 E=-1.6514430601 nfev=712 t=653.1s remaining=1292
    iter=709 E=-1.6514480398 nfev=713 t=654.0s remaining=1291
    iter=710 E=-1.6514526806 nfev=714 t=654.9s remaining=1290
    iter=711 E=-1.6514564076 nfev=715 t=655.9s remaining=1289
    iter=712 E=-1.6514598032 nfev=716 t=656.8s remaining=1288
    iter=713 E=-1.6514615485 nfev=717 t=657.7s remaining=1287
    iter=714 E=-1.6514629001 nfev=718 t=658.6s remaining=1286
    iter=715 E=-1.6514644586 nfev=719 t=659.5s remaining=1285
    iter=716 E=-1.6514658578 nfev=720 t=660.4s remaining=1284
    iter=717 E=-1.6514675072 nfev=721 t=661.3s remaining=1283
    iter=718 E=-1.6514693327 nfev=722 t=662.1s remaining=1282
    iter=719 E=-1.6514713894 nfev=723 t=663.0s remaining=1281
    iter=720 E=-1.6514739186 nfev=724 t=663.8s remaining=1280
    iter=721 E=-1.6514769844 nfev=725 t=664.7s remaining=1279
    iter=722 E=-1.6514809206 nfev=726 t=665.6s remaining=1278
    iter=723 E=-1.6514856774 nfev=727 t=666.4s remaining=1277
    iter=724 E=-1.6514915653 nfev=728 t=667.5s remaining=1276
    iter=725 E=-1.6514980840 nfev=729 t=668.4s remaining=1275
    iter=726 E=-1.6515033046 nfev=730 t=669.3s remaining=1274
    iter=727 E=-1.6515067385 nfev=731 t=670.2s remaining=1273
    iter=728 E=-1.6515095624 nfev=732 t=671.1s remaining=1272
    iter=729 E=-1.6515121275 nfev=733 t=672.0s remaining=1271
    iter=730 E=-1.6515142325 nfev=734 t=672.9s remaining=1270
    iter=731 E=-1.6515161043 nfev=735 t=673.8s remaining=1269
    iter=732 E=-1.6515182751 nfev=736 t=674.7s remaining=1268
    iter=733 E=-1.6515204045 nfev=737 t=675.6s remaining=1267
    iter=734 E=-1.6515229434 nfev=738 t=676.5s remaining=1266
    iter=735 E=-1.6515253533 nfev=739 t=677.4s remaining=1265
    iter=736 E=-1.6515274249 nfev=740 t=678.2s remaining=1264
    iter=737 E=-1.6515293719 nfev=741 t=679.1s remaining=1263
    iter=738 E=-1.6515319990 nfev=742 t=680.0s remaining=1262
    iter=739 E=-1.6515347829 nfev=743 t=680.8s remaining=1261
    iter=740 E=-1.6515372725 nfev=744 t=681.7s remaining=1260
    iter=741 E=-1.6515404855 nfev=745 t=682.6s remaining=1259
    iter=742 E=-1.6515446577 nfev=746 t=683.5s remaining=1258
    iter=743 E=-1.6515487533 nfev=747 t=684.4s remaining=1257
    iter=744 E=-1.6515528111 nfev=748 t=685.2s remaining=1256
    iter=745 E=-1.6515572768 nfev=749 t=686.2s remaining=1255
    iter=746 E=-1.6515621845 nfev=750 t=687.1s remaining=1254
    iter=747 E=-1.6515668273 nfev=751 t=688.0s remaining=1253
    iter=748 E=-1.6515712357 nfev=752 t=688.8s remaining=1252
    iter=749 E=-1.6515744537 nfev=753 t=689.7s remaining=1251
    iter=750 E=-1.6515766171 nfev=754 t=690.6s remaining=1250
    iter=751 E=-1.6515783669 nfev=755 t=691.4s remaining=1249
    iter=752 E=-1.6515800020 nfev=756 t=692.3s remaining=1248
    iter=753 E=-1.6515815584 nfev=757 t=693.2s remaining=1247
    iter=754 E=-1.6515832337 nfev=758 t=694.1s remaining=1246
    iter=755 E=-1.6515854832 nfev=759 t=694.9s remaining=1245
    iter=756 E=-1.6515873625 nfev=760 t=695.8s remaining=1244
    iter=757 E=-1.6515890766 nfev=761 t=696.8s remaining=1243
    iter=758 E=-1.6515910077 nfev=762 t=697.7s remaining=1242
    iter=759 E=-1.6515934001 nfev=763 t=698.5s remaining=1241
    iter=760 E=-1.6515963293 nfev=764 t=699.4s remaining=1240
    iter=761 E=-1.6516004228 nfev=765 t=700.3s remaining=1239
    iter=762 E=-1.6516052805 nfev=766 t=701.2s remaining=1238
    iter=763 E=-1.6516090356 nfev=767 t=702.1s remaining=1237
    iter=764 E=-1.6516129004 nfev=768 t=703.1s remaining=1236
    iter=765 E=-1.6516172602 nfev=769 t=704.0s remaining=1235
    iter=766 E=-1.6516216348 nfev=770 t=704.9s remaining=1234
    iter=767 E=-1.6516250749 nfev=771 t=705.8s remaining=1233
    iter=768 E=-1.6516276040 nfev=772 t=706.7s remaining=1232
    iter=769 E=-1.6516294487 nfev=773 t=707.6s remaining=1231
    iter=770 E=-1.6516312490 nfev=774 t=708.5s remaining=1230
    iter=771 E=-1.6516327579 nfev=775 t=709.5s remaining=1229
    iter=772 E=-1.6516342225 nfev=776 t=710.4s remaining=1228
    iter=773 E=-1.6516356086 nfev=777 t=711.3s remaining=1227
    iter=774 E=-1.6516373093 nfev=778 t=712.3s remaining=1226
    iter=775 E=-1.6516391576 nfev=779 t=713.2s remaining=1225
    iter=776 E=-1.6516412625 nfev=780 t=714.1s remaining=1224
    iter=777 E=-1.6516434280 nfev=781 t=715.1s remaining=1223
    iter=778 E=-1.6516464604 nfev=782 t=716.0s remaining=1222
    iter=779 E=-1.6516511229 nfev=783 t=716.9s remaining=1221
    iter=780 E=-1.6516575298 nfev=784 t=717.9s remaining=1220
    iter=781 E=-1.6516642963 nfev=785 t=718.9s remaining=1219
    iter=782 E=-1.6516709473 nfev=786 t=719.8s remaining=1218
    iter=783 E=-1.6516759039 nfev=787 t=720.7s remaining=1217
    iter=784 E=-1.6516796600 nfev=788 t=721.7s remaining=1216
    iter=785 E=-1.6516814813 nfev=789 t=722.7s remaining=1215
    iter=786 E=-1.6516831115 nfev=790 t=723.6s remaining=1214
    iter=787 E=-1.6516848756 nfev=791 t=724.6s remaining=1213
    iter=788 E=-1.6516863697 nfev=792 t=725.6s remaining=1212
    iter=789 E=-1.6516879581 nfev=793 t=726.7s remaining=1211
    iter=790 E=-1.6516893921 nfev=794 t=727.7s remaining=1210
    iter=791 E=-1.6516909380 nfev=795 t=728.7s remaining=1209
    iter=792 E=-1.6516930819 nfev=796 t=729.6s remaining=1208
    iter=793 E=-1.6516960490 nfev=797 t=730.6s remaining=1207
    iter=794 E=-1.6516997081 nfev=798 t=731.6s remaining=1206
    iter=795 E=-1.6517036406 nfev=799 t=732.6s remaining=1205
    iter=796 E=-1.6517071526 nfev=800 t=733.5s remaining=1204
    iter=797 E=-1.6517102318 nfev=801 t=734.4s remaining=1203
    iter=798 E=-1.6517143515 nfev=802 t=735.4s remaining=1202
    iter=799 E=-1.6517175710 nfev=803 t=736.4s remaining=1201
    iter=800 E=-1.6517194672 nfev=804 t=737.4s remaining=1200
    iter=801 E=-1.6517216414 nfev=805 t=738.3s remaining=1199
    iter=802 E=-1.6517243398 nfev=806 t=739.3s remaining=1198
    iter=803 E=-1.6517274362 nfev=807 t=740.4s remaining=1197
    iter=804 E=-1.6517309769 nfev=808 t=741.5s remaining=1196
    iter=805 E=-1.6517348147 nfev=809 t=742.6s remaining=1195
    iter=806 E=-1.6517384174 nfev=810 t=743.6s remaining=1194
    iter=807 E=-1.6517421031 nfev=811 t=744.6s remaining=1193
    iter=808 E=-1.6517453723 nfev=812 t=745.6s remaining=1192
    iter=809 E=-1.6517470419 nfev=813 t=746.6s remaining=1191
    iter=810 E=-1.6517486844 nfev=814 t=747.6s remaining=1190
    iter=811 E=-1.6517502843 nfev=815 t=748.5s remaining=1189
    iter=812 E=-1.6517514111 nfev=816 t=749.5s remaining=1188
    iter=813 E=-1.6517523431 nfev=817 t=750.5s remaining=1187
    iter=814 E=-1.6517535352 nfev=818 t=751.4s remaining=1186
    iter=815 E=-1.6517550704 nfev=819 t=752.3s remaining=1185
    iter=816 E=-1.6517567779 nfev=820 t=753.3s remaining=1184
    iter=817 E=-1.6517586424 nfev=821 t=754.2s remaining=1183
    iter=818 E=-1.6517607542 nfev=822 t=755.2s remaining=1182
    iter=819 E=-1.6517628026 nfev=823 t=756.1s remaining=1181
    iter=820 E=-1.6517649825 nfev=824 t=757.1s remaining=1180
    iter=821 E=-1.6517673671 nfev=825 t=758.4s remaining=1179
    iter=822 E=-1.6517698892 nfev=826 t=759.6s remaining=1178
    iter=823 E=-1.6517730645 nfev=827 t=760.9s remaining=1177
    iter=824 E=-1.6517763547 nfev=828 t=762.1s remaining=1176
    iter=825 E=-1.6517802306 nfev=829 t=763.3s remaining=1175
    iter=826 E=-1.6517833672 nfev=830 t=764.6s remaining=1174
    iter=827 E=-1.6517861089 nfev=831 t=765.8s remaining=1173
    iter=828 E=-1.6517883274 nfev=832 t=767.0s remaining=1172
    iter=829 E=-1.6517902069 nfev=833 t=768.2s remaining=1171
    iter=830 E=-1.6517917568 nfev=834 t=769.5s remaining=1170
    iter=831 E=-1.6517933326 nfev=835 t=770.7s remaining=1169
    iter=832 E=-1.6517948015 nfev=836 t=771.9s remaining=1168
    iter=833 E=-1.6517960579 nfev=837 t=773.0s remaining=1167
    iter=834 E=-1.6517973546 nfev=838 t=774.0s remaining=1166
    iter=835 E=-1.6517986893 nfev=839 t=774.9s remaining=1165
    iter=836 E=-1.6518001437 nfev=840 t=775.9s remaining=1164
    iter=837 E=-1.6518023749 nfev=841 t=776.8s remaining=1163
    iter=838 E=-1.6518055382 nfev=842 t=777.8s remaining=1162
    iter=839 E=-1.6518083761 nfev=843 t=778.7s remaining=1161
    iter=840 E=-1.6518108223 nfev=844 t=779.6s remaining=1160
    iter=841 E=-1.6518132157 nfev=845 t=780.6s remaining=1159
    iter=842 E=-1.6518159325 nfev=846 t=781.5s remaining=1158
    iter=843 E=-1.6518190199 nfev=847 t=782.4s remaining=1157
    iter=844 E=-1.6518213401 nfev=848 t=783.3s remaining=1156
    iter=845 E=-1.6518230454 nfev=849 t=784.2s remaining=1155
    iter=846 E=-1.6518247131 nfev=850 t=785.1s remaining=1154
    iter=847 E=-1.6518263411 nfev=851 t=786.1s remaining=1153
    iter=848 E=-1.6518279300 nfev=852 t=787.0s remaining=1152
    iter=849 E=-1.6518299975 nfev=853 t=787.8s remaining=1151
    iter=850 E=-1.6518318391 nfev=854 t=788.7s remaining=1150
    iter=851 E=-1.6518334726 nfev=855 t=789.6s remaining=1149
    iter=852 E=-1.6518348722 nfev=856 t=790.6s remaining=1148
    iter=853 E=-1.6518358183 nfev=857 t=791.4s remaining=1147
    iter=854 E=-1.6518366449 nfev=858 t=792.3s remaining=1146
    iter=855 E=-1.6518375778 nfev=859 t=793.3s remaining=1145
    iter=856 E=-1.6518385773 nfev=860 t=794.2s remaining=1144
    iter=857 E=-1.6518400258 nfev=861 t=795.1s remaining=1143
    iter=858 E=-1.6518419042 nfev=862 t=796.0s remaining=1142
    iter=859 E=-1.6518439425 nfev=863 t=797.0s remaining=1141
    iter=860 E=-1.6518461808 nfev=864 t=797.9s remaining=1140
    iter=861 E=-1.6518485984 nfev=865 t=798.8s remaining=1139
    iter=862 E=-1.6518505447 nfev=866 t=799.7s remaining=1138
    iter=863 E=-1.6518528191 nfev=867 t=800.6s remaining=1137
    iter=864 E=-1.6518557501 nfev=868 t=801.5s remaining=1136
    iter=865 E=-1.6518582107 nfev=869 t=802.5s remaining=1135
    iter=866 E=-1.6518603485 nfev=870 t=803.5s remaining=1134
    iter=867 E=-1.6518619962 nfev=871 t=804.4s remaining=1133
    iter=868 E=-1.6518634679 nfev=872 t=805.4s remaining=1132
    iter=869 E=-1.6518648308 nfev=873 t=806.3s remaining=1131
    iter=870 E=-1.6518665200 nfev=874 t=807.2s remaining=1130
    iter=871 E=-1.6518681377 nfev=875 t=808.1s remaining=1129
    iter=872 E=-1.6518693112 nfev=876 t=809.1s remaining=1128
    iter=873 E=-1.6518702003 nfev=877 t=810.0s remaining=1127
    iter=874 E=-1.6518709846 nfev=878 t=810.9s remaining=1126
    iter=875 E=-1.6518717437 nfev=879 t=811.8s remaining=1125
    iter=876 E=-1.6518726773 nfev=880 t=812.7s remaining=1124
    iter=877 E=-1.6518738331 nfev=881 t=813.6s remaining=1123
    iter=878 E=-1.6518754504 nfev=882 t=814.5s remaining=1122
    iter=879 E=-1.6518776273 nfev=883 t=815.4s remaining=1121
    iter=880 E=-1.6518806902 nfev=884 t=816.2s remaining=1120
    iter=881 E=-1.6518848119 nfev=885 t=817.1s remaining=1119
    iter=882 E=-1.6518889721 nfev=886 t=818.1s remaining=1118
    iter=883 E=-1.6518924628 nfev=887 t=819.0s remaining=1117
    iter=884 E=-1.6518955115 nfev=888 t=819.9s remaining=1116
    iter=885 E=-1.6518980042 nfev=889 t=820.7s remaining=1115
    iter=886 E=-1.6518995141 nfev=890 t=821.7s remaining=1114
    iter=887 E=-1.6519008577 nfev=891 t=822.6s remaining=1113
    iter=888 E=-1.6519019804 nfev=892 t=823.6s remaining=1112
    iter=889 E=-1.6519029073 nfev=893 t=824.6s remaining=1111
    iter=890 E=-1.6519037091 nfev=894 t=825.4s remaining=1110
    iter=891 E=-1.6519045643 nfev=895 t=826.3s remaining=1109
    iter=892 E=-1.6519055785 nfev=896 t=827.3s remaining=1108
    iter=893 E=-1.6519064306 nfev=897 t=828.2s remaining=1107
    iter=894 E=-1.6519074411 nfev=898 t=829.2s remaining=1106
    iter=895 E=-1.6519085964 nfev=899 t=830.1s remaining=1105
    iter=896 E=-1.6519095772 nfev=900 t=831.0s remaining=1104
    iter=897 E=-1.6519110321 nfev=901 t=831.9s remaining=1103
    iter=898 E=-1.6519130612 nfev=902 t=832.9s remaining=1102
    iter=899 E=-1.6519149542 nfev=903 t=833.9s remaining=1101
    iter=900 E=-1.6519167130 nfev=904 t=834.8s remaining=1100
    iter=901 E=-1.6519185643 nfev=905 t=835.7s remaining=1099
    iter=902 E=-1.6519207580 nfev=906 t=836.6s remaining=1098
    iter=903 E=-1.6519231675 nfev=907 t=837.6s remaining=1097
    iter=904 E=-1.6519262637 nfev=908 t=838.5s remaining=1096
    iter=905 E=-1.6519297704 nfev=909 t=839.4s remaining=1095
    iter=906 E=-1.6519321730 nfev=910 t=840.3s remaining=1094
    iter=907 E=-1.6519342990 nfev=911 t=841.3s remaining=1093
    iter=908 E=-1.6519361978 nfev=912 t=842.2s remaining=1092
    iter=909 E=-1.6519375392 nfev=913 t=843.2s remaining=1091
    iter=910 E=-1.6519388545 nfev=914 t=844.1s remaining=1090
    iter=911 E=-1.6519398242 nfev=915 t=845.1s remaining=1089
    iter=912 E=-1.6519403855 nfev=916 t=846.1s remaining=1088
    iter=913 E=-1.6519409967 nfev=917 t=847.1s remaining=1087
    iter=914 E=-1.6519416004 nfev=918 t=848.1s remaining=1086
    iter=915 E=-1.6519422259 nfev=919 t=849.0s remaining=1085
    iter=916 E=-1.6519431340 nfev=920 t=850.0s remaining=1084
    iter=917 E=-1.6519444313 nfev=921 t=851.0s remaining=1083
    iter=918 E=-1.6519461966 nfev=922 t=851.9s remaining=1082
    iter=919 E=-1.6519483932 nfev=923 t=852.9s remaining=1081
    iter=920 E=-1.6519510402 nfev=924 t=853.8s remaining=1080
    iter=921 E=-1.6519537072 nfev=925 t=854.8s remaining=1079
    iter=922 E=-1.6519560234 nfev=926 t=855.7s remaining=1078
    iter=923 E=-1.6519579541 nfev=927 t=856.6s remaining=1077
    iter=924 E=-1.6519594268 nfev=928 t=857.5s remaining=1076
    iter=925 E=-1.6519606600 nfev=929 t=858.6s remaining=1075
    iter=926 E=-1.6519617645 nfev=930 t=859.5s remaining=1074
    iter=927 E=-1.6519631227 nfev=931 t=860.5s remaining=1073
    iter=928 E=-1.6519642331 nfev=932 t=861.5s remaining=1072
    iter=929 E=-1.6519651873 nfev=933 t=862.5s remaining=1071
    iter=930 E=-1.6519661146 nfev=934 t=863.7s remaining=1070
    iter=931 E=-1.6519671161 nfev=935 t=864.6s remaining=1069
    iter=932 E=-1.6519681620 nfev=936 t=865.5s remaining=1068
    iter=933 E=-1.6519694285 nfev=937 t=866.4s remaining=1067
    iter=934 E=-1.6519708167 nfev=938 t=867.3s remaining=1066
    iter=935 E=-1.6519716679 nfev=939 t=868.2s remaining=1065
    iter=936 E=-1.6519727476 nfev=940 t=869.0s remaining=1064
    iter=937 E=-1.6519742040 nfev=941 t=870.0s remaining=1063
    iter=938 E=-1.6519758991 nfev=942 t=871.1s remaining=1062
    iter=939 E=-1.6519777670 nfev=943 t=872.0s remaining=1061
    iter=940 E=-1.6519798796 nfev=944 t=872.9s remaining=1060
    iter=941 E=-1.6519817574 nfev=945 t=873.9s remaining=1059
    iter=942 E=-1.6519829754 nfev=946 t=874.8s remaining=1058
    iter=943 E=-1.6519840961 nfev=947 t=875.6s remaining=1057
    iter=944 E=-1.6519850684 nfev=948 t=876.5s remaining=1056
    iter=945 E=-1.6519859566 nfev=949 t=877.4s remaining=1055
    iter=946 E=-1.6519871804 nfev=950 t=878.3s remaining=1054
    iter=947 E=-1.6519884451 nfev=951 t=879.2s remaining=1053
    iter=948 E=-1.6519896531 nfev=952 t=880.0s remaining=1052
    iter=949 E=-1.6519909753 nfev=953 t=880.9s remaining=1051
    iter=950 E=-1.6519923200 nfev=954 t=881.8s remaining=1050
    iter=951 E=-1.6519934467 nfev=955 t=882.7s remaining=1049
    iter=952 E=-1.6519948460 nfev=956 t=883.6s remaining=1048
    iter=953 E=-1.6519963100 nfev=957 t=884.5s remaining=1047
    iter=954 E=-1.6519979996 nfev=958 t=885.4s remaining=1046
    iter=955 E=-1.6520000833 nfev=959 t=886.3s remaining=1045
    iter=956 E=-1.6520021912 nfev=960 t=887.1s remaining=1044
    iter=957 E=-1.6520040719 nfev=961 t=888.0s remaining=1043
    iter=958 E=-1.6520060712 nfev=962 t=888.9s remaining=1042
    iter=959 E=-1.6520077574 nfev=963 t=889.8s remaining=1041
    iter=960 E=-1.6520087014 nfev=964 t=890.7s remaining=1040
    iter=961 E=-1.6520097985 nfev=965 t=891.6s remaining=1039
    iter=962 E=-1.6520108357 nfev=966 t=892.6s remaining=1038
    iter=963 E=-1.6520116622 nfev=967 t=893.5s remaining=1037
    iter=964 E=-1.6520123591 nfev=968 t=894.4s remaining=1036
    iter=965 E=-1.6520129440 nfev=969 t=895.4s remaining=1035
    iter=966 E=-1.6520134437 nfev=970 t=896.3s remaining=1034
    iter=967 E=-1.6520139095 nfev=971 t=897.2s remaining=1033
    iter=968 E=-1.6520145332 nfev=972 t=898.1s remaining=1032
    iter=969 E=-1.6520154136 nfev=973 t=899.1s remaining=1031
    iter=970 E=-1.6520163834 nfev=974 t=900.0s remaining=1030
    iter=971 E=-1.6520173103 nfev=975 t=900.9s remaining=1029
    iter=972 E=-1.6520185811 nfev=976 t=901.8s remaining=1028
    iter=973 E=-1.6520201607 nfev=977 t=902.7s remaining=1027
    iter=974 E=-1.6520217879 nfev=978 t=903.6s remaining=1026
    iter=975 E=-1.6520237562 nfev=979 t=904.5s remaining=1025
    iter=976 E=-1.6520257788 nfev=980 t=905.4s remaining=1024
    iter=977 E=-1.6520277266 nfev=981 t=906.2s remaining=1023
    iter=978 E=-1.6520297263 nfev=982 t=907.1s remaining=1022
    iter=979 E=-1.6520314126 nfev=983 t=908.0s remaining=1021
    iter=980 E=-1.6520323907 nfev=984 t=908.9s remaining=1020
    iter=981 E=-1.6520329497 nfev=985 t=909.9s remaining=1019
    iter=982 E=-1.6520333313 nfev=986 t=910.8s remaining=1018
    iter=983 E=-1.6520336569 nfev=987 t=911.7s remaining=1017
    iter=984 E=-1.6520339216 nfev=988 t=912.7s remaining=1016
    iter=985 E=-1.6520342484 nfev=989 t=913.5s remaining=1015
    iter=986 E=-1.6520347739 nfev=990 t=914.4s remaining=1014
    iter=987 E=-1.6520355833 nfev=991 t=915.4s remaining=1013
    iter=988 E=-1.6520367396 nfev=992 t=916.2s remaining=1012
    iter=989 E=-1.6520382226 nfev=993 t=917.2s remaining=1011
    iter=990 E=-1.6520400895 nfev=994 t=918.1s remaining=1010
    iter=991 E=-1.6520428549 nfev=995 t=919.0s remaining=1009
    iter=992 E=-1.6520462444 nfev=996 t=919.9s remaining=1008
    iter=993 E=-1.6520485792 nfev=997 t=920.7s remaining=1007
    iter=994 E=-1.6520507270 nfev=998 t=921.7s remaining=1006
    iter=995 E=-1.6520518599 nfev=999 t=922.5s remaining=1005
    iter=996 E=-1.6520524994 nfev=1000 t=923.4s remaining=1004
    iter=997 E=-1.6520529576 nfev=1001 t=924.3s remaining=1003
    iter=998 E=-1.6520532796 nfev=1002 t=925.2s remaining=1002
    iter=999 E=-1.6520535420 nfev=1003 t=926.1s remaining=1001
    iter=1000 E=-1.6520538050 nfev=1004 t=927.1s remaining=1000
    iter=1001 E=-1.6520540891 nfev=1005 t=928.0s remaining=999
    iter=1002 E=-1.6520545227 nfev=1006 t=928.9s remaining=998
    iter=1003 E=-1.6520551674 nfev=1007 t=929.7s remaining=997
    iter=1004 E=-1.6520560777 nfev=1008 t=930.6s remaining=996
    iter=1005 E=-1.6520573454 nfev=1009 t=931.5s remaining=995
    iter=1006 E=-1.6520591973 nfev=1010 t=932.4s remaining=994
    iter=1007 E=-1.6520617352 nfev=1011 t=933.3s remaining=993
    iter=1008 E=-1.6520639415 nfev=1012 t=934.2s remaining=992
    iter=1009 E=-1.6520658615 nfev=1013 t=935.1s remaining=991
    iter=1010 E=-1.6520674032 nfev=1014 t=936.0s remaining=990
    iter=1011 E=-1.6520690078 nfev=1015 t=936.9s remaining=989
    iter=1012 E=-1.6520697467 nfev=1016 t=937.7s remaining=988
    iter=1013 E=-1.6520702646 nfev=1017 t=938.6s remaining=987
    iter=1014 E=-1.6520706960 nfev=1018 t=939.5s remaining=986
    iter=1015 E=-1.6520709213 nfev=1019 t=940.4s remaining=985
    iter=1016 E=-1.6520711744 nfev=1020 t=941.3s remaining=984
    iter=1017 E=-1.6520713876 nfev=1021 t=942.2s remaining=983
    iter=1018 E=-1.6520715912 nfev=1022 t=943.1s remaining=982
    iter=1019 E=-1.6520718748 nfev=1023 t=944.0s remaining=981
    iter=1020 E=-1.6520722616 nfev=1024 t=944.8s remaining=980
    iter=1021 E=-1.6520728298 nfev=1025 t=945.7s remaining=979
    iter=1022 E=-1.6520735560 nfev=1026 t=946.6s remaining=978
    iter=1023 E=-1.6520745794 nfev=1027 t=947.6s remaining=977
    iter=1024 E=-1.6520759769 nfev=1028 t=948.5s remaining=976
    iter=1025 E=-1.6520774938 nfev=1029 t=949.4s remaining=975
    iter=1026 E=-1.6520789715 nfev=1030 t=950.3s remaining=974
    iter=1027 E=-1.6520802890 nfev=1031 t=951.2s remaining=973
    iter=1028 E=-1.6520813261 nfev=1032 t=952.1s remaining=972
    iter=1029 E=-1.6520822167 nfev=1033 t=953.1s remaining=971
    iter=1030 E=-1.6520830525 nfev=1034 t=954.0s remaining=970
    iter=1031 E=-1.6520839203 nfev=1035 t=954.9s remaining=969
    iter=1032 E=-1.6520847403 nfev=1036 t=955.7s remaining=968
    iter=1033 E=-1.6520852335 nfev=1037 t=956.7s remaining=967
    iter=1034 E=-1.6520857559 nfev=1038 t=957.7s remaining=966
    iter=1035 E=-1.6520861640 nfev=1039 t=958.6s remaining=965
    iter=1036 E=-1.6520864816 nfev=1040 t=959.5s remaining=964
    iter=1037 E=-1.6520869081 nfev=1041 t=960.4s remaining=963
    iter=1038 E=-1.6520874190 nfev=1042 t=961.3s remaining=962
    iter=1039 E=-1.6520880079 nfev=1043 t=962.2s remaining=961
    iter=1040 E=-1.6520888171 nfev=1044 t=963.1s remaining=960
    iter=1041 E=-1.6520896327 nfev=1045 t=964.0s remaining=959
    iter=1042 E=-1.6520903090 nfev=1046 t=964.9s remaining=958
    iter=1043 E=-1.6520911126 nfev=1047 t=965.9s remaining=957
    iter=1044 E=-1.6520922448 nfev=1048 t=966.8s remaining=956
    iter=1045 E=-1.6520935847 nfev=1049 t=967.7s remaining=955
    iter=1046 E=-1.6520949966 nfev=1050 t=968.6s remaining=954
    iter=1047 E=-1.6520964441 nfev=1051 t=969.4s remaining=953
    iter=1048 E=-1.6520976816 nfev=1052 t=970.3s remaining=952
    iter=1049 E=-1.6520985232 nfev=1053 t=971.2s remaining=951
    iter=1050 E=-1.6520994920 nfev=1054 t=972.1s remaining=950
    iter=1051 E=-1.6521004465 nfev=1055 t=973.0s remaining=949
    iter=1052 E=-1.6521010937 nfev=1056 t=973.9s remaining=948
    iter=1053 E=-1.6521014593 nfev=1057 t=974.8s remaining=947
    iter=1054 E=-1.6521016857 nfev=1058 t=975.7s remaining=946
    iter=1055 E=-1.6521018719 nfev=1059 t=976.7s remaining=945
    iter=1056 E=-1.6521021287 nfev=1060 t=977.6s remaining=944
    iter=1057 E=-1.6521025077 nfev=1061 t=978.5s remaining=943
    iter=1058 E=-1.6521030847 nfev=1062 t=979.4s remaining=942
    iter=1059 E=-1.6521039412 nfev=1063 t=980.3s remaining=941
    iter=1060 E=-1.6521051242 nfev=1064 t=981.2s remaining=940
    iter=1061 E=-1.6521066437 nfev=1065 t=982.2s remaining=939
    iter=1062 E=-1.6521082247 nfev=1066 t=983.1s remaining=938
    iter=1063 E=-1.6521098802 nfev=1067 t=984.0s remaining=937
    iter=1064 E=-1.6521109241 nfev=1068 t=985.1s remaining=936
    iter=1065 E=-1.6521115428 nfev=1069 t=986.0s remaining=935
    iter=1066 E=-1.6521119792 nfev=1070 t=987.0s remaining=934
    iter=1067 E=-1.6521123674 nfev=1071 t=987.9s remaining=933
    iter=1068 E=-1.6521126323 nfev=1072 t=988.8s remaining=932
    iter=1069 E=-1.6521128224 nfev=1073 t=989.7s remaining=931
    iter=1070 E=-1.6521130698 nfev=1074 t=990.6s remaining=930
    iter=1071 E=-1.6521133217 nfev=1075 t=991.6s remaining=929
    iter=1072 E=-1.6521136134 nfev=1076 t=992.5s remaining=928
    iter=1073 E=-1.6521140410 nfev=1077 t=993.4s remaining=927
    iter=1074 E=-1.6521146475 nfev=1078 t=994.2s remaining=926
    iter=1075 E=-1.6521154515 nfev=1079 t=995.1s remaining=925
    iter=1076 E=-1.6521164738 nfev=1080 t=996.0s remaining=924
    iter=1077 E=-1.6521179213 nfev=1081 t=997.0s remaining=923
    iter=1078 E=-1.6521193352 nfev=1082 t=997.9s remaining=922
    iter=1079 E=-1.6521206499 nfev=1083 t=998.8s remaining=921
    iter=1080 E=-1.6521219476 nfev=1084 t=999.7s remaining=920
    iter=1081 E=-1.6521234239 nfev=1085 t=1000.7s remaining=919
    iter=1082 E=-1.6521240162 nfev=1086 t=1001.6s remaining=918
    iter=1083 E=-1.6521246228 nfev=1087 t=1002.5s remaining=917
    iter=1084 E=-1.6521250833 nfev=1088 t=1003.4s remaining=916
    iter=1085 E=-1.6521254142 nfev=1089 t=1004.3s remaining=915
    iter=1086 E=-1.6521257025 nfev=1090 t=1005.2s remaining=914
    iter=1087 E=-1.6521259780 nfev=1091 t=1006.2s remaining=913
    iter=1088 E=-1.6521262374 nfev=1092 t=1007.0s remaining=912
    iter=1089 E=-1.6521266206 nfev=1093 t=1007.9s remaining=911
    iter=1090 E=-1.6521271828 nfev=1094 t=1008.8s remaining=910
    iter=1091 E=-1.6521279795 nfev=1095 t=1009.7s remaining=909
    iter=1092 E=-1.6521289394 nfev=1096 t=1010.7s remaining=908
    iter=1093 E=-1.6521300149 nfev=1097 t=1011.7s remaining=907
    iter=1094 E=-1.6521314094 nfev=1098 t=1012.7s remaining=906
    iter=1095 E=-1.6521327844 nfev=1099 t=1013.7s remaining=905
    iter=1096 E=-1.6521339556 nfev=1100 t=1014.5s remaining=904
    iter=1097 E=-1.6521350835 nfev=1101 t=1015.4s remaining=903
    iter=1098 E=-1.6521362061 nfev=1102 t=1016.3s remaining=902
    iter=1099 E=-1.6521372760 nfev=1103 t=1017.2s remaining=901
    iter=1100 E=-1.6521381541 nfev=1104 t=1018.1s remaining=900
    iter=1101 E=-1.6521388265 nfev=1105 t=1019.0s remaining=899
    iter=1102 E=-1.6521394180 nfev=1106 t=1019.9s remaining=898
    iter=1103 E=-1.6521399760 nfev=1107 t=1020.8s remaining=897
    iter=1104 E=-1.6521404547 nfev=1108 t=1021.8s remaining=896
    iter=1105 E=-1.6521408709 nfev=1109 t=1022.7s remaining=895
    iter=1106 E=-1.6521412674 nfev=1110 t=1023.6s remaining=894
    iter=1107 E=-1.6521415606 nfev=1111 t=1024.5s remaining=893
    iter=1108 E=-1.6521418693 nfev=1112 t=1025.5s remaining=892
    iter=1109 E=-1.6521422587 nfev=1113 t=1026.4s remaining=891
    iter=1110 E=-1.6521428117 nfev=1114 t=1027.3s remaining=890
    iter=1111 E=-1.6521435486 nfev=1115 t=1028.3s remaining=889
    iter=1112 E=-1.6521443691 nfev=1116 t=1029.2s remaining=888
    iter=1113 E=-1.6521451291 nfev=1117 t=1030.1s remaining=887
    iter=1114 E=-1.6521459117 nfev=1118 t=1031.0s remaining=886
    iter=1115 E=-1.6521468730 nfev=1119 t=1032.0s remaining=885
    iter=1116 E=-1.6521480598 nfev=1120 t=1032.9s remaining=884
    iter=1117 E=-1.6521494708 nfev=1121 t=1033.8s remaining=883
    iter=1118 E=-1.6521510010 nfev=1122 t=1034.7s remaining=882
    iter=1119 E=-1.6521524879 nfev=1123 t=1035.7s remaining=881
    iter=1120 E=-1.6521542122 nfev=1124 t=1036.6s remaining=880
    iter=1121 E=-1.6521561701 nfev=1125 t=1037.5s remaining=879
    iter=1122 E=-1.6521575312 nfev=1126 t=1038.4s remaining=878
    iter=1123 E=-1.6521581750 nfev=1127 t=1039.3s remaining=877
    iter=1124 E=-1.6521586426 nfev=1128 t=1040.2s remaining=876
    iter=1125 E=-1.6521589606 nfev=1129 t=1041.2s remaining=875
    iter=1126 E=-1.6521591489 nfev=1130 t=1042.1s remaining=874
    iter=1127 E=-1.6521593459 nfev=1131 t=1043.0s remaining=873
    iter=1128 E=-1.6521595938 nfev=1132 t=1043.9s remaining=872
    iter=1129 E=-1.6521598507 nfev=1133 t=1044.8s remaining=871
    iter=1130 E=-1.6521601593 nfev=1134 t=1045.8s remaining=870
    iter=1131 E=-1.6521605880 nfev=1135 t=1046.7s remaining=869
    iter=1132 E=-1.6521612083 nfev=1136 t=1047.6s remaining=868
    iter=1133 E=-1.6521619710 nfev=1137 t=1048.5s remaining=867
    iter=1134 E=-1.6521627949 nfev=1138 t=1049.4s remaining=866
    iter=1135 E=-1.6521638413 nfev=1139 t=1050.4s remaining=865
    iter=1136 E=-1.6521651995 nfev=1140 t=1051.3s remaining=864
    iter=1137 E=-1.6521665334 nfev=1141 t=1052.2s remaining=863
    iter=1138 E=-1.6521678244 nfev=1142 t=1053.1s remaining=862
    iter=1139 E=-1.6521693099 nfev=1143 t=1054.0s remaining=861
    iter=1140 E=-1.6521709784 nfev=1144 t=1055.0s remaining=860
    iter=1141 E=-1.6521725673 nfev=1145 t=1055.9s remaining=859
    iter=1142 E=-1.6521740344 nfev=1146 t=1056.8s remaining=858
    iter=1143 E=-1.6521756303 nfev=1147 t=1057.7s remaining=857
    iter=1144 E=-1.6521767461 nfev=1148 t=1058.6s remaining=856
    iter=1145 E=-1.6521775449 nfev=1149 t=1059.6s remaining=855
    iter=1146 E=-1.6521781440 nfev=1150 t=1060.5s remaining=854
    iter=1147 E=-1.6521787224 nfev=1151 t=1061.4s remaining=853
    iter=1148 E=-1.6521792487 nfev=1152 t=1062.3s remaining=852
    iter=1149 E=-1.6521796643 nfev=1153 t=1063.2s remaining=851
    iter=1150 E=-1.6521800505 nfev=1154 t=1064.2s remaining=850
    iter=1151 E=-1.6521803807 nfev=1155 t=1065.1s remaining=849
    iter=1152 E=-1.6521806765 nfev=1156 t=1066.0s remaining=848
    iter=1153 E=-1.6521810079 nfev=1157 t=1066.9s remaining=847
    iter=1154 E=-1.6521814101 nfev=1158 t=1067.9s remaining=846
    iter=1155 E=-1.6521819889 nfev=1159 t=1068.8s remaining=845
    iter=1156 E=-1.6521828150 nfev=1160 t=1069.7s remaining=844
    iter=1157 E=-1.6521838844 nfev=1161 t=1070.6s remaining=843
    iter=1158 E=-1.6521853142 nfev=1162 t=1071.5s remaining=842
    iter=1159 E=-1.6521871657 nfev=1163 t=1072.5s remaining=841
    iter=1160 E=-1.6521896147 nfev=1164 t=1073.4s remaining=840
    iter=1161 E=-1.6521921792 nfev=1165 t=1074.3s remaining=839
    iter=1162 E=-1.6521943296 nfev=1166 t=1075.2s remaining=838
    iter=1163 E=-1.6521959873 nfev=1167 t=1076.2s remaining=837
    iter=1164 E=-1.6521973517 nfev=1168 t=1077.1s remaining=836
    iter=1165 E=-1.6521980101 nfev=1169 t=1078.0s remaining=835
    iter=1166 E=-1.6521985257 nfev=1170 t=1078.9s remaining=834
    iter=1167 E=-1.6521989622 nfev=1171 t=1079.8s remaining=833
    iter=1168 E=-1.6521992946 nfev=1172 t=1080.8s remaining=832
    iter=1169 E=-1.6521996272 nfev=1173 t=1081.7s remaining=831
    iter=1170 E=-1.6522000071 nfev=1174 t=1082.6s remaining=830
    iter=1171 E=-1.6522004471 nfev=1175 t=1083.5s remaining=829
    iter=1172 E=-1.6522008876 nfev=1176 t=1084.4s remaining=828
    iter=1173 E=-1.6522012549 nfev=1177 t=1085.4s remaining=827
    iter=1174 E=-1.6522016919 nfev=1178 t=1086.3s remaining=826
    iter=1175 E=-1.6522023166 nfev=1179 t=1087.2s remaining=825
    iter=1176 E=-1.6522032107 nfev=1180 t=1088.1s remaining=824
    iter=1177 E=-1.6522044070 nfev=1181 t=1089.0s remaining=823
    iter=1178 E=-1.6522055000 nfev=1182 t=1089.9s remaining=822
    iter=1179 E=-1.6522067995 nfev=1183 t=1090.9s remaining=821
    iter=1180 E=-1.6522084731 nfev=1184 t=1091.8s remaining=820
    iter=1181 E=-1.6522106353 nfev=1185 t=1092.7s remaining=819
    iter=1182 E=-1.6522130146 nfev=1186 t=1093.6s remaining=818
    iter=1183 E=-1.6522153244 nfev=1187 t=1094.5s remaining=817
    iter=1184 E=-1.6522174291 nfev=1188 t=1095.4s remaining=816
    iter=1185 E=-1.6522186982 nfev=1189 t=1096.4s remaining=815
    iter=1186 E=-1.6522197490 nfev=1190 t=1097.3s remaining=814
    iter=1187 E=-1.6522205090 nfev=1191 t=1098.2s remaining=813
    iter=1188 E=-1.6522210222 nfev=1192 t=1099.1s remaining=812
    iter=1189 E=-1.6522214814 nfev=1193 t=1100.0s remaining=811
    iter=1190 E=-1.6522217599 nfev=1194 t=1100.9s remaining=810
    iter=1191 E=-1.6522220901 nfev=1195 t=1101.8s remaining=809
    iter=1192 E=-1.6522224161 nfev=1196 t=1102.8s remaining=808
    iter=1193 E=-1.6522227805 nfev=1197 t=1103.7s remaining=807
    iter=1194 E=-1.6522232169 nfev=1198 t=1104.6s remaining=806
    iter=1195 E=-1.6522236263 nfev=1199 t=1105.5s remaining=805
    iter=1196 E=-1.6522240812 nfev=1200 t=1106.5s remaining=804
    iter=1197 E=-1.6522246751 nfev=1201 t=1107.5s remaining=803
    iter=1198 E=-1.6522253616 nfev=1202 t=1108.5s remaining=802
    iter=1199 E=-1.6522261991 nfev=1203 t=1109.3s remaining=801
    iter=1200 E=-1.6522273757 nfev=1204 t=1110.2s remaining=800
    iter=1201 E=-1.6522287479 nfev=1205 t=1111.1s remaining=799
    iter=1202 E=-1.6522298814 nfev=1206 t=1112.0s remaining=798
    iter=1203 E=-1.6522311133 nfev=1207 t=1112.9s remaining=797
    iter=1204 E=-1.6522326559 nfev=1208 t=1113.7s remaining=796
    iter=1205 E=-1.6522344741 nfev=1209 t=1114.6s remaining=795
    iter=1206 E=-1.6522357586 nfev=1210 t=1115.4s remaining=794
    iter=1207 E=-1.6522369642 nfev=1211 t=1116.3s remaining=793
    iter=1208 E=-1.6522383034 nfev=1212 t=1117.1s remaining=792
    iter=1209 E=-1.6522395419 nfev=1213 t=1118.2s remaining=791
    iter=1210 E=-1.6522405950 nfev=1214 t=1119.0s remaining=790
    iter=1211 E=-1.6522413651 nfev=1215 t=1119.9s remaining=789
    iter=1212 E=-1.6522421101 nfev=1216 t=1120.7s remaining=788
    iter=1213 E=-1.6522428234 nfev=1217 t=1121.6s remaining=787
    iter=1214 E=-1.6522429366 nfev=1218 t=1122.5s remaining=786
    iter=1215 E=-1.6522431327 nfev=1219 t=1123.3s remaining=785
    iter=1216 E=-1.6522434629 nfev=1220 t=1124.2s remaining=784
    iter=1217 E=-1.6522439212 nfev=1221 t=1125.0s remaining=783
    iter=1218 E=-1.6522442160 nfev=1222 t=1125.9s remaining=782
    iter=1219 E=-1.6522445134 nfev=1223 t=1126.7s remaining=781
    iter=1220 E=-1.6522449211 nfev=1224 t=1127.6s remaining=780
    iter=1221 E=-1.6522455077 nfev=1225 t=1128.4s remaining=779
    iter=1222 E=-1.6522460927 nfev=1226 t=1129.3s remaining=778
    iter=1223 E=-1.6522465691 nfev=1227 t=1130.2s remaining=777
    iter=1224 E=-1.6522471788 nfev=1228 t=1131.1s remaining=776
    iter=1225 E=-1.6522479977 nfev=1229 t=1132.0s remaining=775
    iter=1226 E=-1.6522487263 nfev=1230 t=1132.9s remaining=774
    iter=1227 E=-1.6522493288 nfev=1231 t=1133.7s remaining=773
    iter=1228 E=-1.6522501743 nfev=1232 t=1134.6s remaining=772
    iter=1229 E=-1.6522513407 nfev=1233 t=1135.5s remaining=771
    iter=1230 E=-1.6522523082 nfev=1234 t=1136.3s remaining=770
    iter=1231 E=-1.6522536643 nfev=1235 t=1137.2s remaining=769
    iter=1232 E=-1.6522553109 nfev=1236 t=1138.1s remaining=768
    iter=1233 E=-1.6522566893 nfev=1237 t=1138.9s remaining=767
    iter=1234 E=-1.6522580880 nfev=1238 t=1139.8s remaining=766
    iter=1235 E=-1.6522596229 nfev=1239 t=1140.7s remaining=765
    iter=1236 E=-1.6522614928 nfev=1240 t=1141.5s remaining=764
    iter=1237 E=-1.6522629642 nfev=1241 t=1142.4s remaining=763
    iter=1238 E=-1.6522640071 nfev=1242 t=1143.3s remaining=762
    iter=1239 E=-1.6522646711 nfev=1243 t=1144.2s remaining=761
    iter=1240 E=-1.6522651703 nfev=1244 t=1145.2s remaining=760
    iter=1241 E=-1.6522657802 nfev=1245 t=1146.1s remaining=759
    iter=1242 E=-1.6522664403 nfev=1246 t=1147.0s remaining=758
    iter=1243 E=-1.6522673166 nfev=1247 t=1148.0s remaining=757
    iter=1244 E=-1.6522681839 nfev=1248 t=1148.9s remaining=756
    iter=1245 E=-1.6522687646 nfev=1249 t=1149.9s remaining=755
    iter=1246 E=-1.6522692321 nfev=1250 t=1150.8s remaining=754
    iter=1247 E=-1.6522696490 nfev=1251 t=1151.7s remaining=753
    iter=1248 E=-1.6522699329 nfev=1252 t=1152.6s remaining=752
    iter=1249 E=-1.6522702733 nfev=1253 t=1153.5s remaining=751
    iter=1250 E=-1.6522707574 nfev=1254 t=1154.4s remaining=750
    iter=1251 E=-1.6522713824 nfev=1255 t=1155.3s remaining=749
    iter=1252 E=-1.6522721875 nfev=1256 t=1156.2s remaining=748
    iter=1253 E=-1.6522733070 nfev=1257 t=1157.1s remaining=747
    iter=1254 E=-1.6522747980 nfev=1258 t=1158.0s remaining=746
    iter=1255 E=-1.6522760455 nfev=1259 t=1158.9s remaining=745
    iter=1256 E=-1.6522770613 nfev=1260 t=1159.8s remaining=744
    iter=1257 E=-1.6522779811 nfev=1261 t=1160.6s remaining=743
    iter=1258 E=-1.6522788501 nfev=1262 t=1161.6s remaining=742
    iter=1259 E=-1.6522794799 nfev=1263 t=1162.5s remaining=741
    iter=1260 E=-1.6522800796 nfev=1264 t=1163.5s remaining=740
    iter=1261 E=-1.6522804438 nfev=1265 t=1164.4s remaining=739
    iter=1262 E=-1.6522807493 nfev=1266 t=1165.3s remaining=738
    iter=1263 E=-1.6522810357 nfev=1267 t=1166.3s remaining=737
    iter=1264 E=-1.6522813545 nfev=1268 t=1167.2s remaining=736
    iter=1265 E=-1.6522816329 nfev=1269 t=1168.1s remaining=735
    iter=1266 E=-1.6522820095 nfev=1270 t=1169.0s remaining=734
    iter=1267 E=-1.6522824964 nfev=1271 t=1170.0s remaining=733
    iter=1268 E=-1.6522830830 nfev=1272 t=1171.0s remaining=732
    iter=1269 E=-1.6522837247 nfev=1273 t=1171.9s remaining=731
    iter=1270 E=-1.6522845775 nfev=1274 t=1172.8s remaining=730
    iter=1271 E=-1.6522853022 nfev=1275 t=1173.7s remaining=729
    iter=1272 E=-1.6522861967 nfev=1276 t=1174.6s remaining=728
    iter=1273 E=-1.6522873989 nfev=1277 t=1175.5s remaining=727
    iter=1274 E=-1.6522888806 nfev=1278 t=1176.3s remaining=726
    iter=1275 E=-1.6522901502 nfev=1279 t=1177.2s remaining=725
    iter=1276 E=-1.6522916802 nfev=1280 t=1178.1s remaining=724
    iter=1277 E=-1.6522930168 nfev=1281 t=1179.0s remaining=723
    iter=1278 E=-1.6522940805 nfev=1282 t=1179.9s remaining=722
    iter=1279 E=-1.6522948222 nfev=1283 t=1180.8s remaining=721
    iter=1280 E=-1.6522956354 nfev=1284 t=1181.8s remaining=720
    iter=1281 E=-1.6522964628 nfev=1285 t=1182.6s remaining=719
    iter=1282 E=-1.6522972540 nfev=1286 t=1183.6s remaining=718
    iter=1283 E=-1.6522980851 nfev=1287 t=1184.5s remaining=717
    iter=1284 E=-1.6522986574 nfev=1288 t=1185.4s remaining=716
    iter=1285 E=-1.6522991607 nfev=1289 t=1186.2s remaining=715
    iter=1286 E=-1.6522994774 nfev=1290 t=1187.1s remaining=714
    iter=1287 E=-1.6522997610 nfev=1291 t=1188.0s remaining=713
    iter=1288 E=-1.6523000940 nfev=1292 t=1188.9s remaining=712
    iter=1289 E=-1.6523004729 nfev=1293 t=1189.7s remaining=711
    iter=1290 E=-1.6523009325 nfev=1294 t=1190.6s remaining=710
    iter=1291 E=-1.6523013602 nfev=1295 t=1191.5s remaining=709
    iter=1292 E=-1.6523017883 nfev=1296 t=1192.4s remaining=708
    iter=1293 E=-1.6523021581 nfev=1297 t=1193.3s remaining=707
    iter=1294 E=-1.6523026031 nfev=1298 t=1194.2s remaining=706
    iter=1295 E=-1.6523030994 nfev=1299 t=1195.1s remaining=705
    iter=1296 E=-1.6523035230 nfev=1300 t=1195.9s remaining=704
    iter=1297 E=-1.6523039487 nfev=1301 t=1196.8s remaining=703
    iter=1298 E=-1.6523044690 nfev=1302 t=1197.7s remaining=702
    iter=1299 E=-1.6523051947 nfev=1303 t=1198.6s remaining=701
    iter=1300 E=-1.6523062056 nfev=1304 t=1199.5s remaining=700
    iter=1301 E=-1.6523073664 nfev=1305 t=1200.4s remaining=699
    iter=1302 E=-1.6523083611 nfev=1306 t=1201.3s remaining=698
    iter=1303 E=-1.6523090575 nfev=1307 t=1202.2s remaining=697
    iter=1304 E=-1.6523096576 nfev=1308 t=1203.1s remaining=696
    iter=1305 E=-1.6523101434 nfev=1309 t=1204.0s remaining=695
    iter=1306 E=-1.6523106846 nfev=1310 t=1204.9s remaining=694
    iter=1307 E=-1.6523112296 nfev=1311 t=1205.7s remaining=693
    iter=1308 E=-1.6523117397 nfev=1312 t=1206.6s remaining=692
    iter=1309 E=-1.6523122995 nfev=1313 t=1207.5s remaining=691
    iter=1310 E=-1.6523129007 nfev=1314 t=1208.4s remaining=690
    iter=1311 E=-1.6523133267 nfev=1315 t=1209.3s remaining=689
    iter=1312 E=-1.6523136653 nfev=1316 t=1210.1s remaining=688
    iter=1313 E=-1.6523139617 nfev=1317 t=1211.0s remaining=687
    iter=1314 E=-1.6523141912 nfev=1318 t=1211.9s remaining=686
    iter=1315 E=-1.6523144952 nfev=1319 t=1212.9s remaining=685
    iter=1316 E=-1.6523148596 nfev=1320 t=1213.8s remaining=684
    iter=1317 E=-1.6523152179 nfev=1321 t=1214.7s remaining=683
    iter=1318 E=-1.6523155453 nfev=1322 t=1215.6s remaining=682
    iter=1319 E=-1.6523159290 nfev=1323 t=1216.5s remaining=681
    iter=1320 E=-1.6523163489 nfev=1324 t=1217.4s remaining=680
    iter=1321 E=-1.6523168743 nfev=1325 t=1218.3s remaining=679
    iter=1322 E=-1.6523175834 nfev=1326 t=1219.1s remaining=678
    iter=1323 E=-1.6523184023 nfev=1327 t=1220.1s remaining=677
    iter=1324 E=-1.6523192587 nfev=1328 t=1221.0s remaining=676
    iter=1325 E=-1.6523201350 nfev=1329 t=1221.9s remaining=675
    iter=1326 E=-1.6523211742 nfev=1330 t=1222.9s remaining=674
    iter=1327 E=-1.6523219575 nfev=1331 t=1224.0s remaining=673
    iter=1328 E=-1.6523225310 nfev=1332 t=1224.9s remaining=672
    iter=1329 E=-1.6523230782 nfev=1333 t=1225.8s remaining=671
    iter=1330 E=-1.6523234723 nfev=1334 t=1226.8s remaining=670
    iter=1331 E=-1.6523238018 nfev=1335 t=1227.7s remaining=669
    iter=1332 E=-1.6523240569 nfev=1336 t=1228.6s remaining=668
    iter=1333 E=-1.6523242611 nfev=1337 t=1229.8s remaining=667
    iter=1334 E=-1.6523244383 nfev=1338 t=1230.8s remaining=666
    iter=1335 E=-1.6523246419 nfev=1339 t=1231.7s remaining=665
    iter=1336 E=-1.6523249070 nfev=1340 t=1232.6s remaining=664
    iter=1337 E=-1.6523252777 nfev=1341 t=1233.5s remaining=663
    iter=1338 E=-1.6523257754 nfev=1342 t=1234.4s remaining=662
    iter=1339 E=-1.6523263161 nfev=1343 t=1235.3s remaining=661
    iter=1340 E=-1.6523268515 nfev=1344 t=1236.1s remaining=660
    iter=1341 E=-1.6523272894 nfev=1345 t=1237.0s remaining=659
    iter=1342 E=-1.6523277047 nfev=1346 t=1237.9s remaining=658
    iter=1343 E=-1.6523281453 nfev=1347 t=1238.8s remaining=657
    iter=1344 E=-1.6523285687 nfev=1348 t=1239.7s remaining=656
    iter=1345 E=-1.6523289651 nfev=1349 t=1240.6s remaining=655
    iter=1346 E=-1.6523293316 nfev=1350 t=1241.5s remaining=654
    iter=1347 E=-1.6523296609 nfev=1351 t=1242.4s remaining=653
    iter=1348 E=-1.6523299519 nfev=1352 t=1243.3s remaining=652
    iter=1349 E=-1.6523302511 nfev=1353 t=1244.2s remaining=651
    iter=1350 E=-1.6523305718 nfev=1354 t=1245.0s remaining=650
    iter=1351 E=-1.6523309674 nfev=1355 t=1245.9s remaining=649
    iter=1352 E=-1.6523313869 nfev=1356 t=1246.8s remaining=648
    iter=1353 E=-1.6523317344 nfev=1357 t=1247.7s remaining=647
    iter=1354 E=-1.6523320078 nfev=1358 t=1248.6s remaining=646
    iter=1355 E=-1.6523322600 nfev=1359 t=1249.5s remaining=645
    iter=1356 E=-1.6523325031 nfev=1360 t=1250.4s remaining=644
    iter=1357 E=-1.6523328467 nfev=1361 t=1251.3s remaining=643
    iter=1358 E=-1.6523333122 nfev=1362 t=1252.2s remaining=642
    iter=1359 E=-1.6523338074 nfev=1363 t=1253.1s remaining=641
    iter=1360 E=-1.6523340828 nfev=1364 t=1253.9s remaining=640
    iter=1361 E=-1.6523343568 nfev=1365 t=1254.8s remaining=639
    iter=1362 E=-1.6523345960 nfev=1366 t=1255.6s remaining=638
    iter=1363 E=-1.6523348371 nfev=1367 t=1256.5s remaining=637
    iter=1364 E=-1.6523350763 nfev=1368 t=1257.3s remaining=636
    iter=1365 E=-1.6523353468 nfev=1369 t=1258.2s remaining=635
    iter=1366 E=-1.6523356054 nfev=1370 t=1259.1s remaining=634
    iter=1367 E=-1.6523358777 nfev=1371 t=1259.9s remaining=633
    iter=1368 E=-1.6523361629 nfev=1372 t=1260.8s remaining=632
    iter=1369 E=-1.6523363571 nfev=1373 t=1261.6s remaining=631
    iter=1370 E=-1.6523365938 nfev=1374 t=1262.5s remaining=630
    iter=1371 E=-1.6523368304 nfev=1375 t=1263.4s remaining=629
    iter=1372 E=-1.6523370787 nfev=1376 t=1264.4s remaining=628
    iter=1373 E=-1.6523373001 nfev=1377 t=1265.2s remaining=627
    iter=1374 E=-1.6523375268 nfev=1378 t=1266.1s remaining=626
    iter=1375 E=-1.6523378087 nfev=1379 t=1266.9s remaining=625
    iter=1376 E=-1.6523381097 nfev=1380 t=1267.8s remaining=624
    iter=1377 E=-1.6523384923 nfev=1381 t=1268.7s remaining=623
    iter=1378 E=-1.6523389223 nfev=1382 t=1269.5s remaining=622
    iter=1379 E=-1.6523393596 nfev=1383 t=1270.5s remaining=621
    iter=1380 E=-1.6523397954 nfev=1384 t=1271.4s remaining=620
    iter=1381 E=-1.6523402014 nfev=1385 t=1272.2s remaining=619
    iter=1382 E=-1.6523405426 nfev=1386 t=1273.1s remaining=618
    iter=1383 E=-1.6523408384 nfev=1387 t=1274.0s remaining=617
    iter=1384 E=-1.6523411563 nfev=1388 t=1274.9s remaining=616
    iter=1385 E=-1.6523415265 nfev=1389 t=1275.8s remaining=615
    iter=1386 E=-1.6523420279 nfev=1390 t=1276.7s remaining=614
    iter=1387 E=-1.6523426239 nfev=1391 t=1277.5s remaining=613
    iter=1388 E=-1.6523432334 nfev=1392 t=1278.4s remaining=612
    iter=1389 E=-1.6523437440 nfev=1393 t=1279.3s remaining=611
    iter=1390 E=-1.6523442276 nfev=1394 t=1280.2s remaining=610
    iter=1391 E=-1.6523445604 nfev=1395 t=1281.1s remaining=609
    iter=1392 E=-1.6523449044 nfev=1396 t=1282.1s remaining=608
    iter=1393 E=-1.6523451660 nfev=1397 t=1283.0s remaining=607
    iter=1394 E=-1.6523453380 nfev=1398 t=1283.9s remaining=606
    iter=1395 E=-1.6523454777 nfev=1399 t=1284.7s remaining=605
    iter=1396 E=-1.6523455955 nfev=1400 t=1285.6s remaining=604
    iter=1397 E=-1.6523457514 nfev=1401 t=1286.5s remaining=603
    iter=1398 E=-1.6523459353 nfev=1402 t=1287.5s remaining=602
    iter=1399 E=-1.6523462234 nfev=1403 t=1288.3s remaining=601
    iter=1400 E=-1.6523466065 nfev=1404 t=1289.3s remaining=600
    iter=1401 E=-1.6523470800 nfev=1405 t=1290.2s remaining=599
    iter=1402 E=-1.6523477324 nfev=1406 t=1291.0s remaining=598
    iter=1403 E=-1.6523485222 nfev=1407 t=1291.9s remaining=597
    iter=1404 E=-1.6523493053 nfev=1408 t=1292.8s remaining=596
    iter=1405 E=-1.6523499375 nfev=1409 t=1293.7s remaining=595
    iter=1406 E=-1.6523504178 nfev=1410 t=1294.6s remaining=594
    iter=1407 E=-1.6523508312 nfev=1411 t=1295.5s remaining=593
    iter=1408 E=-1.6523511427 nfev=1412 t=1296.4s remaining=592
    iter=1409 E=-1.6523513896 nfev=1413 t=1297.3s remaining=591
    iter=1410 E=-1.6523515774 nfev=1414 t=1298.2s remaining=590
    iter=1411 E=-1.6523517574 nfev=1415 t=1299.1s remaining=589
    iter=1412 E=-1.6523519097 nfev=1416 t=1300.0s remaining=588
    iter=1413 E=-1.6523519879 nfev=1417 t=1300.9s remaining=587
    iter=1414 E=-1.6523520730 nfev=1418 t=1301.8s remaining=586
    iter=1415 E=-1.6523521521 nfev=1419 t=1302.7s remaining=585
    iter=1416 E=-1.6523522782 nfev=1420 t=1303.6s remaining=584
    iter=1417 E=-1.6523524713 nfev=1421 t=1304.5s remaining=583
    iter=1418 E=-1.6523526846 nfev=1422 t=1305.4s remaining=582
    iter=1419 E=-1.6523530190 nfev=1423 t=1306.4s remaining=581
    iter=1420 E=-1.6523535146 nfev=1424 t=1307.2s remaining=580
    iter=1421 E=-1.6523542000 nfev=1425 t=1308.1s remaining=579
    iter=1422 E=-1.6523548938 nfev=1426 t=1309.0s remaining=578
    iter=1423 E=-1.6523555094 nfev=1427 t=1309.8s remaining=577
    iter=1424 E=-1.6523562561 nfev=1428 t=1310.7s remaining=576
    iter=1425 E=-1.6523568675 nfev=1429 t=1311.6s remaining=575
    iter=1426 E=-1.6523571652 nfev=1430 t=1312.5s remaining=574
    iter=1427 E=-1.6523573863 nfev=1431 t=1313.4s remaining=573
    iter=1428 E=-1.6523575551 nfev=1432 t=1314.3s remaining=572
    iter=1429 E=-1.6523577190 nfev=1433 t=1315.1s remaining=571
    iter=1430 E=-1.6523578942 nfev=1434 t=1316.0s remaining=570
    iter=1431 E=-1.6523580346 nfev=1435 t=1316.9s remaining=569
    iter=1432 E=-1.6523581311 nfev=1436 t=1317.8s remaining=568
    iter=1433 E=-1.6523582469 nfev=1437 t=1318.6s remaining=567
    iter=1434 E=-1.6523583990 nfev=1438 t=1319.5s remaining=566
    iter=1435 E=-1.6523585634 nfev=1439 t=1320.4s remaining=565
    iter=1436 E=-1.6523587273 nfev=1440 t=1321.3s remaining=564
    iter=1437 E=-1.6523588234 nfev=1441 t=1322.1s remaining=563
    iter=1438 E=-1.6523589615 nfev=1442 t=1323.0s remaining=562
    iter=1439 E=-1.6523591544 nfev=1443 t=1323.8s remaining=561
    iter=1440 E=-1.6523593937 nfev=1444 t=1324.7s remaining=560
    iter=1441 E=-1.6523596211 nfev=1445 t=1325.6s remaining=559
    iter=1442 E=-1.6523599497 nfev=1446 t=1326.6s remaining=558
    iter=1443 E=-1.6523604217 nfev=1447 t=1327.5s remaining=557
    iter=1444 E=-1.6523611375 nfev=1448 t=1328.4s remaining=556
    iter=1445 E=-1.6523621212 nfev=1449 t=1329.3s remaining=555
    iter=1446 E=-1.6523634972 nfev=1450 t=1330.1s remaining=554
    iter=1447 E=-1.6523648631 nfev=1451 t=1331.0s remaining=553
    iter=1448 E=-1.6523657927 nfev=1452 t=1331.9s remaining=552
    iter=1449 E=-1.6523661931 nfev=1453 t=1332.8s remaining=551
    iter=1450 E=-1.6523663975 nfev=1454 t=1333.7s remaining=550
    iter=1451 E=-1.6523665303 nfev=1455 t=1334.5s remaining=549
    iter=1452 E=-1.6523665908 nfev=1456 t=1335.4s remaining=548
    iter=1453 E=-1.6523666593 nfev=1457 t=1336.3s remaining=547
    iter=1454 E=-1.6523667181 nfev=1458 t=1337.1s remaining=546
    iter=1455 E=-1.6523667841 nfev=1459 t=1338.0s remaining=545
    iter=1456 E=-1.6523668445 nfev=1460 t=1338.9s remaining=544
    iter=1457 E=-1.6523669174 nfev=1461 t=1339.8s remaining=543
    iter=1458 E=-1.6523670105 nfev=1462 t=1340.6s remaining=542
    iter=1459 E=-1.6523671252 nfev=1463 t=1341.5s remaining=541
    iter=1460 E=-1.6523672747 nfev=1464 t=1342.4s remaining=540
    iter=1461 E=-1.6523674436 nfev=1465 t=1343.4s remaining=539
    iter=1462 E=-1.6523676511 nfev=1466 t=1344.3s remaining=538
    iter=1463 E=-1.6523678808 nfev=1467 t=1345.2s remaining=537
    iter=1464 E=-1.6523681696 nfev=1468 t=1346.1s remaining=536
    iter=1465 E=-1.6523685218 nfev=1469 t=1347.0s remaining=535
    iter=1466 E=-1.6523689907 nfev=1470 t=1347.8s remaining=534
    iter=1467 E=-1.6523695413 nfev=1471 t=1348.7s remaining=533
    iter=1468 E=-1.6523701002 nfev=1472 t=1349.7s remaining=532
    iter=1469 E=-1.6523705450 nfev=1473 t=1350.5s remaining=531
    iter=1470 E=-1.6523708969 nfev=1474 t=1351.6s remaining=530
    iter=1471 E=-1.6523714289 nfev=1475 t=1352.6s remaining=529
    iter=1472 E=-1.6523720947 nfev=1476 t=1353.5s remaining=528
    iter=1473 E=-1.6523725782 nfev=1477 t=1354.4s remaining=527
    iter=1474 E=-1.6523730686 nfev=1478 t=1355.3s remaining=526
    iter=1475 E=-1.6523734080 nfev=1479 t=1356.2s remaining=525
    iter=1476 E=-1.6523735806 nfev=1480 t=1357.1s remaining=524
    iter=1477 E=-1.6523738010 nfev=1481 t=1358.0s remaining=523
    iter=1478 E=-1.6523741095 nfev=1482 t=1359.0s remaining=522
    iter=1479 E=-1.6523743662 nfev=1483 t=1359.9s remaining=521
    iter=1480 E=-1.6523746335 nfev=1484 t=1360.7s remaining=520
    iter=1481 E=-1.6523748905 nfev=1485 t=1361.6s remaining=519
    iter=1482 E=-1.6523750775 nfev=1486 t=1362.6s remaining=518
    iter=1483 E=-1.6523752334 nfev=1487 t=1363.5s remaining=517
    iter=1484 E=-1.6523754129 nfev=1488 t=1364.4s remaining=516
    iter=1485 E=-1.6523755848 nfev=1489 t=1365.3s remaining=515
    iter=1486 E=-1.6523758164 nfev=1490 t=1366.2s remaining=514
    iter=1487 E=-1.6523760827 nfev=1491 t=1367.1s remaining=513
    iter=1488 E=-1.6523763820 nfev=1492 t=1368.0s remaining=512
    iter=1489 E=-1.6523767913 nfev=1493 t=1369.0s remaining=511
    iter=1490 E=-1.6523773269 nfev=1494 t=1370.0s remaining=510
    iter=1491 E=-1.6523779531 nfev=1495 t=1371.0s remaining=509
    iter=1492 E=-1.6523785997 nfev=1496 t=1371.8s remaining=508
    iter=1493 E=-1.6523792369 nfev=1497 t=1372.7s remaining=507
    iter=1494 E=-1.6523798461 nfev=1498 t=1373.6s remaining=506
    iter=1495 E=-1.6523803892 nfev=1499 t=1374.6s remaining=505
    iter=1496 E=-1.6523808101 nfev=1500 t=1375.5s remaining=504
    iter=1497 E=-1.6523811268 nfev=1501 t=1376.4s remaining=503
    iter=1498 E=-1.6523813443 nfev=1502 t=1377.2s remaining=502
    iter=1499 E=-1.6523814875 nfev=1503 t=1378.1s remaining=501
    iter=1500 E=-1.6523815649 nfev=1504 t=1379.0s remaining=500
    iter=1501 E=-1.6523816790 nfev=1505 t=1379.9s remaining=499
    iter=1502 E=-1.6523817405 nfev=1506 t=1380.8s remaining=498
    iter=1503 E=-1.6523818362 nfev=1507 t=1381.7s remaining=497
    iter=1504 E=-1.6523819855 nfev=1508 t=1382.6s remaining=496
    iter=1505 E=-1.6523821676 nfev=1509 t=1383.5s remaining=495
    iter=1506 E=-1.6523823537 nfev=1510 t=1384.6s remaining=494
    iter=1507 E=-1.6523826021 nfev=1511 t=1385.7s remaining=493
    iter=1508 E=-1.6523829677 nfev=1512 t=1386.6s remaining=492
    iter=1509 E=-1.6523834865 nfev=1513 t=1387.5s remaining=491
    iter=1510 E=-1.6523841536 nfev=1514 t=1388.4s remaining=490
    iter=1511 E=-1.6523848365 nfev=1515 t=1389.3s remaining=489
    iter=1512 E=-1.6523854007 nfev=1516 t=1390.1s remaining=488
    iter=1513 E=-1.6523859603 nfev=1517 t=1391.0s remaining=487
    iter=1514 E=-1.6523864104 nfev=1518 t=1391.8s remaining=486
    iter=1515 E=-1.6523867096 nfev=1519 t=1392.7s remaining=485
    iter=1516 E=-1.6523868846 nfev=1520 t=1393.5s remaining=484
    iter=1517 E=-1.6523870910 nfev=1521 t=1394.4s remaining=483
    iter=1518 E=-1.6523871906 nfev=1522 t=1395.3s remaining=482
    iter=1519 E=-1.6523872829 nfev=1523 t=1396.3s remaining=481
    iter=1520 E=-1.6523873820 nfev=1524 t=1397.2s remaining=480
    iter=1521 E=-1.6523874285 nfev=1525 t=1398.1s remaining=479
    iter=1522 E=-1.6523874842 nfev=1526 t=1399.0s remaining=478
    iter=1523 E=-1.6523875465 nfev=1527 t=1399.8s remaining=477
    iter=1524 E=-1.6523876210 nfev=1528 t=1400.7s remaining=476
    iter=1525 E=-1.6523876950 nfev=1529 t=1401.7s remaining=475
    iter=1526 E=-1.6523877950 nfev=1530 t=1402.6s remaining=474
    iter=1527 E=-1.6523879217 nfev=1531 t=1403.5s remaining=473
    iter=1528 E=-1.6523881120 nfev=1532 t=1404.3s remaining=472
    iter=1529 E=-1.6523883834 nfev=1533 t=1405.2s remaining=471
    iter=1530 E=-1.6523886704 nfev=1534 t=1406.1s remaining=470
    iter=1531 E=-1.6523890553 nfev=1535 t=1407.0s remaining=469
    iter=1532 E=-1.6523894305 nfev=1536 t=1407.8s remaining=468
    iter=1533 E=-1.6523898844 nfev=1537 t=1408.7s remaining=467
    iter=1534 E=-1.6523903744 nfev=1538 t=1409.6s remaining=466
    iter=1535 E=-1.6523907136 nfev=1539 t=1410.5s remaining=465
    iter=1536 E=-1.6523910318 nfev=1540 t=1411.4s remaining=464
    iter=1537 E=-1.6523913543 nfev=1541 t=1412.2s remaining=463
    iter=1538 E=-1.6523916302 nfev=1542 t=1413.1s remaining=462
    iter=1539 E=-1.6523918709 nfev=1543 t=1414.0s remaining=461
    iter=1540 E=-1.6523920389 nfev=1544 t=1414.9s remaining=460
    iter=1541 E=-1.6523921669 nfev=1545 t=1415.8s remaining=459
    iter=1542 E=-1.6523922249 nfev=1546 t=1416.7s remaining=458
    iter=1543 E=-1.6523922764 nfev=1547 t=1417.6s remaining=457
    iter=1544 E=-1.6523923092 nfev=1548 t=1418.5s remaining=456
    iter=1545 E=-1.6523923419 nfev=1549 t=1419.4s remaining=455
    iter=1546 E=-1.6523923703 nfev=1550 t=1420.3s remaining=454
    iter=1547 E=-1.6523924008 nfev=1551 t=1421.2s remaining=453
    iter=1548 E=-1.6523924329 nfev=1552 t=1422.1s remaining=452
    iter=1549 E=-1.6523924682 nfev=1553 t=1423.0s remaining=451
    iter=1550 E=-1.6523925062 nfev=1554 t=1423.9s remaining=450
    iter=1551 E=-1.6523925474 nfev=1555 t=1424.9s remaining=449
    iter=1552 E=-1.6523925917 nfev=1556 t=1425.9s remaining=448
    iter=1553 E=-1.6523926390 nfev=1557 t=1426.8s remaining=447
    iter=1554 E=-1.6523926935 nfev=1558 t=1427.7s remaining=446
    iter=1555 E=-1.6523927514 nfev=1559 t=1428.6s remaining=445
    iter=1556 E=-1.6523928257 nfev=1560 t=1429.6s remaining=444
    iter=1557 E=-1.6523929029 nfev=1561 t=1430.5s remaining=443
    iter=1558 E=-1.6523930047 nfev=1562 t=1431.3s remaining=442
    iter=1559 E=-1.6523931248 nfev=1563 t=1432.2s remaining=441
    iter=1560 E=-1.6523932855 nfev=1564 t=1433.1s remaining=440
    iter=1561 E=-1.6523934816 nfev=1565 t=1434.0s remaining=439
    iter=1562 E=-1.6523937394 nfev=1566 t=1434.9s remaining=438
    iter=1563 E=-1.6523940728 nfev=1567 t=1435.7s remaining=437
    iter=1564 E=-1.6523944769 nfev=1568 t=1436.7s remaining=436
    iter=1565 E=-1.6523950351 nfev=1569 t=1437.5s remaining=435
    iter=1566 E=-1.6523958023 nfev=1570 t=1438.3s remaining=434
    iter=1567 E=-1.6523967391 nfev=1571 t=1439.2s remaining=433
    iter=1568 E=-1.6523972999 nfev=1572 t=1440.1s remaining=432
    iter=1569 E=-1.6523978154 nfev=1573 t=1441.0s remaining=431
    iter=1570 E=-1.6523983507 nfev=1574 t=1441.9s remaining=430
    iter=1571 E=-1.6523986670 nfev=1575 t=1442.7s remaining=429
    iter=1572 E=-1.6523988071 nfev=1576 t=1443.6s remaining=428
    iter=1573 E=-1.6523989662 nfev=1577 t=1444.5s remaining=427
    iter=1574 E=-1.6523990941 nfev=1578 t=1445.4s remaining=426
    iter=1575 E=-1.6523992326 nfev=1579 t=1446.3s remaining=425
    iter=1576 E=-1.6523993506 nfev=1580 t=1447.3s remaining=424
    iter=1577 E=-1.6523994585 nfev=1581 t=1448.2s remaining=423
    iter=1578 E=-1.6523996093 nfev=1582 t=1449.0s remaining=422
    iter=1579 E=-1.6523997984 nfev=1583 t=1449.9s remaining=421
    iter=1580 E=-1.6524000274 nfev=1584 t=1450.9s remaining=420
    iter=1581 E=-1.6524003429 nfev=1585 t=1451.7s remaining=419
    iter=1582 E=-1.6524007873 nfev=1586 t=1452.7s remaining=418
    iter=1583 E=-1.6524014265 nfev=1587 t=1453.6s remaining=417
    iter=1584 E=-1.6524022349 nfev=1588 t=1454.5s remaining=416
    iter=1585 E=-1.6524030107 nfev=1589 t=1455.4s remaining=415
    iter=1586 E=-1.6524035514 nfev=1590 t=1456.3s remaining=414
    iter=1587 E=-1.6524040036 nfev=1591 t=1457.2s remaining=413
    iter=1588 E=-1.6524044315 nfev=1592 t=1458.1s remaining=412
    iter=1589 E=-1.6524045867 nfev=1593 t=1459.0s remaining=411
    iter=1590 E=-1.6524048017 nfev=1594 t=1460.0s remaining=410
    iter=1591 E=-1.6524048956 nfev=1595 t=1460.8s remaining=409
    iter=1592 E=-1.6524050399 nfev=1596 t=1461.8s remaining=408
    iter=1593 E=-1.6524052157 nfev=1597 t=1462.7s remaining=407
    iter=1594 E=-1.6524053829 nfev=1598 t=1463.6s remaining=406
    iter=1595 E=-1.6524055432 nfev=1599 t=1464.6s remaining=405
    iter=1596 E=-1.6524057125 nfev=1600 t=1465.5s remaining=404
    iter=1597 E=-1.6524058574 nfev=1601 t=1466.3s remaining=403
    iter=1598 E=-1.6524059753 nfev=1602 t=1467.2s remaining=402
    iter=1599 E=-1.6524061477 nfev=1603 t=1468.1s remaining=401
    iter=1600 E=-1.6524063338 nfev=1604 t=1468.9s remaining=400
    iter=1601 E=-1.6524064957 nfev=1605 t=1469.8s remaining=399
    iter=1602 E=-1.6524066604 nfev=1606 t=1470.8s remaining=398
    iter=1603 E=-1.6524068074 nfev=1607 t=1471.7s remaining=397
    iter=1604 E=-1.6524069731 nfev=1608 t=1472.6s remaining=396
    iter=1605 E=-1.6524071957 nfev=1609 t=1473.7s remaining=395
    iter=1606 E=-1.6524073904 nfev=1610 t=1474.7s remaining=394
    iter=1607 E=-1.6524076265 nfev=1611 t=1475.5s remaining=393
    iter=1608 E=-1.6524079420 nfev=1612 t=1476.4s remaining=392
    iter=1609 E=-1.6524083586 nfev=1613 t=1477.2s remaining=391
    iter=1610 E=-1.6524088564 nfev=1614 t=1478.1s remaining=390
    iter=1611 E=-1.6524093992 nfev=1615 t=1479.0s remaining=389
    iter=1612 E=-1.6524099098 nfev=1616 t=1479.8s remaining=388
    iter=1613 E=-1.6524103763 nfev=1617 t=1480.7s remaining=387
    iter=1614 E=-1.6524108017 nfev=1618 t=1481.6s remaining=386
    iter=1615 E=-1.6524111440 nfev=1619 t=1482.5s remaining=385
    iter=1616 E=-1.6524113304 nfev=1620 t=1483.4s remaining=384
    iter=1617 E=-1.6524115128 nfev=1621 t=1484.3s remaining=383
    iter=1618 E=-1.6524116923 nfev=1622 t=1485.2s remaining=382
    iter=1619 E=-1.6524118588 nfev=1623 t=1486.1s remaining=381
    iter=1620 E=-1.6524120883 nfev=1624 t=1487.0s remaining=380
    iter=1621 E=-1.6524123422 nfev=1625 t=1487.9s remaining=379
    iter=1622 E=-1.6524124171 nfev=1626 t=1488.8s remaining=378
    iter=1623 E=-1.6524125316 nfev=1627 t=1489.7s remaining=377
    iter=1624 E=-1.6524126645 nfev=1628 t=1490.6s remaining=376
    iter=1625 E=-1.6524127849 nfev=1629 t=1491.5s remaining=375
    iter=1626 E=-1.6524128804 nfev=1630 t=1492.4s remaining=374
    iter=1627 E=-1.6524129879 nfev=1631 t=1493.3s remaining=373
    iter=1628 E=-1.6524131098 nfev=1632 t=1494.2s remaining=372
    iter=1629 E=-1.6524132645 nfev=1633 t=1495.2s remaining=371
    iter=1630 E=-1.6524134380 nfev=1634 t=1496.1s remaining=370
    iter=1631 E=-1.6524136365 nfev=1635 t=1497.0s remaining=369
    iter=1632 E=-1.6524138611 nfev=1636 t=1497.9s remaining=368
    iter=1633 E=-1.6524141211 nfev=1637 t=1498.8s remaining=367
    iter=1634 E=-1.6524144397 nfev=1638 t=1499.7s remaining=366
    iter=1635 E=-1.6524148084 nfev=1639 t=1500.8s remaining=365
    iter=1636 E=-1.6524149676 nfev=1640 t=1501.7s remaining=364
    iter=1637 E=-1.6524152242 nfev=1641 t=1502.6s remaining=363
    iter=1638 E=-1.6524156071 nfev=1642 t=1503.5s remaining=362
    iter=1639 E=-1.6524160638 nfev=1643 t=1504.4s remaining=361
    iter=1640 E=-1.6524163549 nfev=1644 t=1505.3s remaining=360
    iter=1641 E=-1.6524167830 nfev=1645 t=1506.2s remaining=359
    iter=1642 E=-1.6524173499 nfev=1646 t=1507.1s remaining=358
    iter=1643 E=-1.6524178653 nfev=1647 t=1508.0s remaining=357
    iter=1644 E=-1.6524182519 nfev=1648 t=1508.9s remaining=356
    iter=1645 E=-1.6524185240 nfev=1649 t=1509.8s remaining=355
    iter=1646 E=-1.6524187574 nfev=1650 t=1510.7s remaining=354
    iter=1647 E=-1.6524189031 nfev=1651 t=1511.5s remaining=353
    iter=1648 E=-1.6524190354 nfev=1652 t=1512.4s remaining=352
    iter=1649 E=-1.6524191592 nfev=1653 t=1513.3s remaining=351
    iter=1650 E=-1.6524192725 nfev=1654 t=1514.2s remaining=350
    iter=1651 E=-1.6524193492 nfev=1655 t=1515.0s remaining=349
    iter=1652 E=-1.6524194637 nfev=1656 t=1515.9s remaining=348
    iter=1653 E=-1.6524195918 nfev=1657 t=1516.7s remaining=347
    iter=1654 E=-1.6524197246 nfev=1658 t=1517.7s remaining=346
    iter=1655 E=-1.6524198844 nfev=1659 t=1518.6s remaining=345
    iter=1656 E=-1.6524200743 nfev=1660 t=1519.5s remaining=344
    iter=1657 E=-1.6524202491 nfev=1661 t=1520.4s remaining=343
    iter=1658 E=-1.6524204373 nfev=1662 t=1521.3s remaining=342
    iter=1659 E=-1.6524206667 nfev=1663 t=1522.2s remaining=341
    iter=1660 E=-1.6524209968 nfev=1664 t=1523.1s remaining=340
    iter=1661 E=-1.6524214325 nfev=1665 t=1524.0s remaining=339
    iter=1662 E=-1.6524219996 nfev=1666 t=1525.0s remaining=338
    iter=1663 E=-1.6524225570 nfev=1667 t=1525.9s remaining=337
    iter=1664 E=-1.6524230761 nfev=1668 t=1526.8s remaining=336
    iter=1665 E=-1.6524234882 nfev=1669 t=1527.7s remaining=335
    iter=1666 E=-1.6524238427 nfev=1670 t=1528.5s remaining=334
    iter=1667 E=-1.6524241088 nfev=1671 t=1529.4s remaining=333
    iter=1668 E=-1.6524243325 nfev=1672 t=1530.3s remaining=332
    iter=1669 E=-1.6524244887 nfev=1673 t=1531.2s remaining=331
    iter=1670 E=-1.6524245320 nfev=1674 t=1532.1s remaining=330
    iter=1671 E=-1.6524246102 nfev=1675 t=1532.9s remaining=329
    iter=1672 E=-1.6524246891 nfev=1676 t=1533.8s remaining=328
    iter=1673 E=-1.6524247541 nfev=1677 t=1534.7s remaining=327
    iter=1674 E=-1.6524248013 nfev=1678 t=1535.6s remaining=326
    iter=1675 E=-1.6524248508 nfev=1679 t=1536.4s remaining=325
    iter=1676 E=-1.6524249118 nfev=1680 t=1537.3s remaining=324
    iter=1677 E=-1.6524250017 nfev=1681 t=1538.2s remaining=323
    iter=1678 E=-1.6524251358 nfev=1682 t=1539.1s remaining=322
    iter=1679 E=-1.6524253282 nfev=1683 t=1540.0s remaining=321
    iter=1680 E=-1.6524255711 nfev=1684 t=1540.9s remaining=320
    iter=1681 E=-1.6524258595 nfev=1685 t=1541.8s remaining=319
    iter=1682 E=-1.6524261690 nfev=1686 t=1542.7s remaining=318
    iter=1683 E=-1.6524265936 nfev=1687 t=1543.6s remaining=317
    iter=1684 E=-1.6524271673 nfev=1688 t=1544.5s remaining=316
    iter=1685 E=-1.6524277827 nfev=1689 t=1545.4s remaining=315
    iter=1686 E=-1.6524282905 nfev=1690 t=1546.3s remaining=314
    iter=1687 E=-1.6524287889 nfev=1691 t=1547.2s remaining=313
    iter=1688 E=-1.6524292755 nfev=1692 t=1548.2s remaining=312
    iter=1689 E=-1.6524294572 nfev=1693 t=1549.2s remaining=311
    iter=1690 E=-1.6524296609 nfev=1694 t=1550.1s remaining=310
    iter=1691 E=-1.6524298211 nfev=1695 t=1551.0s remaining=309
    iter=1692 E=-1.6524299476 nfev=1696 t=1552.0s remaining=308
    iter=1693 E=-1.6524300273 nfev=1697 t=1553.0s remaining=307
    iter=1694 E=-1.6524300987 nfev=1698 t=1553.9s remaining=306
    iter=1695 E=-1.6524301584 nfev=1699 t=1554.8s remaining=305
    iter=1696 E=-1.6524302184 nfev=1700 t=1555.7s remaining=304
    iter=1697 E=-1.6524302788 nfev=1701 t=1556.6s remaining=303
    iter=1698 E=-1.6524303388 nfev=1702 t=1557.6s remaining=302
    iter=1699 E=-1.6524304048 nfev=1703 t=1558.5s remaining=301
    iter=1700 E=-1.6524304707 nfev=1704 t=1559.4s remaining=300
    iter=1701 E=-1.6524305559 nfev=1705 t=1560.4s remaining=299
    iter=1702 E=-1.6524306718 nfev=1706 t=1561.3s remaining=298
    iter=1703 E=-1.6524308558 nfev=1707 t=1562.2s remaining=297
    iter=1704 E=-1.6524311357 nfev=1708 t=1563.1s remaining=296
    iter=1705 E=-1.6524315664 nfev=1709 t=1564.0s remaining=295
    iter=1706 E=-1.6524320647 nfev=1710 t=1564.9s remaining=294
    iter=1707 E=-1.6524325414 nfev=1711 t=1565.9s remaining=293
    iter=1708 E=-1.6524330120 nfev=1712 t=1566.8s remaining=292
    iter=1709 E=-1.6524333122 nfev=1713 t=1567.8s remaining=291
    iter=1710 E=-1.6524334659 nfev=1714 t=1568.7s remaining=290
    iter=1711 E=-1.6524336399 nfev=1715 t=1569.8s remaining=289
    iter=1712 E=-1.6524337828 nfev=1716 t=1570.7s remaining=288
    iter=1713 E=-1.6524338914 nfev=1717 t=1571.6s remaining=287
    iter=1714 E=-1.6524340338 nfev=1718 t=1572.4s remaining=286
    iter=1715 E=-1.6524342137 nfev=1719 t=1573.3s remaining=285
    iter=1716 E=-1.6524343610 nfev=1720 t=1574.2s remaining=284
    iter=1717 E=-1.6524344339 nfev=1721 t=1575.1s remaining=283
    iter=1718 E=-1.6524344970 nfev=1722 t=1576.0s remaining=282
    iter=1719 E=-1.6524345341 nfev=1723 t=1576.9s remaining=281
    iter=1720 E=-1.6524345583 nfev=1724 t=1577.8s remaining=280
    iter=1721 E=-1.6524345833 nfev=1725 t=1578.7s remaining=279
    iter=1722 E=-1.6524346131 nfev=1726 t=1579.6s remaining=278
    iter=1723 E=-1.6524346489 nfev=1727 t=1580.5s remaining=277
    iter=1724 E=-1.6524346953 nfev=1728 t=1581.5s remaining=276
    iter=1725 E=-1.6524347508 nfev=1729 t=1582.5s remaining=275
    iter=1726 E=-1.6524348150 nfev=1730 t=1583.4s remaining=274
    iter=1727 E=-1.6524348881 nfev=1731 t=1584.3s remaining=273
    iter=1728 E=-1.6524349824 nfev=1732 t=1585.3s remaining=272
    iter=1729 E=-1.6524351315 nfev=1733 t=1586.3s remaining=271
    iter=1730 E=-1.6524353620 nfev=1734 t=1587.2s remaining=270
    iter=1731 E=-1.6524357232 nfev=1735 t=1588.2s remaining=269
    iter=1732 E=-1.6524362073 nfev=1736 t=1589.2s remaining=268
    iter=1733 E=-1.6524367832 nfev=1737 t=1590.1s remaining=267
    iter=1734 E=-1.6524372574 nfev=1738 t=1591.1s remaining=266
    iter=1735 E=-1.6524378953 nfev=1739 t=1592.0s remaining=265
    iter=1736 E=-1.6524383978 nfev=1740 t=1592.9s remaining=264
    iter=1737 E=-1.6524388537 nfev=1741 t=1593.8s remaining=263
    iter=1738 E=-1.6524392041 nfev=1742 t=1594.7s remaining=262
    iter=1739 E=-1.6524395625 nfev=1743 t=1595.8s remaining=261
    iter=1740 E=-1.6524396438 nfev=1744 t=1596.9s remaining=260
    iter=1741 E=-1.6524397464 nfev=1745 t=1597.9s remaining=259
    iter=1742 E=-1.6524398158 nfev=1746 t=1599.1s remaining=258
    iter=1743 E=-1.6524398662 nfev=1747 t=1600.1s remaining=257
    iter=1744 E=-1.6524398958 nfev=1748 t=1601.1s remaining=256
    iter=1745 E=-1.6524399172 nfev=1749 t=1602.1s remaining=255
    iter=1746 E=-1.6524399373 nfev=1750 t=1603.1s remaining=254
    iter=1747 E=-1.6524399607 nfev=1751 t=1604.0s remaining=253
    iter=1748 E=-1.6524399909 nfev=1752 t=1605.1s remaining=252
    iter=1749 E=-1.6524400360 nfev=1753 t=1606.2s remaining=251
    iter=1750 E=-1.6524401025 nfev=1754 t=1607.4s remaining=250
    iter=1751 E=-1.6524402047 nfev=1755 t=1608.5s remaining=249
    iter=1752 E=-1.6524403417 nfev=1756 t=1609.6s remaining=248
    iter=1753 E=-1.6524405275 nfev=1757 t=1610.6s remaining=247
    iter=1754 E=-1.6524407468 nfev=1758 t=1611.6s remaining=246
    iter=1755 E=-1.6524410346 nfev=1759 t=1612.6s remaining=245
    iter=1756 E=-1.6524414112 nfev=1760 t=1613.6s remaining=244
    iter=1757 E=-1.6524418422 nfev=1761 t=1614.5s remaining=243
    iter=1758 E=-1.6524423745 nfev=1762 t=1615.4s remaining=242
    iter=1759 E=-1.6524428883 nfev=1763 t=1616.4s remaining=241
    iter=1760 E=-1.6524432779 nfev=1764 t=1617.3s remaining=240
    iter=1761 E=-1.6524434455 nfev=1765 t=1618.2s remaining=239
    iter=1762 E=-1.6524435376 nfev=1766 t=1619.1s remaining=238
    iter=1763 E=-1.6524436253 nfev=1767 t=1620.0s remaining=237
    iter=1764 E=-1.6524436948 nfev=1768 t=1621.0s remaining=236
    iter=1765 E=-1.6524437136 nfev=1769 t=1621.9s remaining=235
    iter=1766 E=-1.6524437389 nfev=1770 t=1622.8s remaining=234
    iter=1767 E=-1.6524437748 nfev=1771 t=1623.9s remaining=233
    iter=1768 E=-1.6524438156 nfev=1772 t=1624.8s remaining=232
    iter=1769 E=-1.6524438483 nfev=1773 t=1625.7s remaining=231
    iter=1770 E=-1.6524438727 nfev=1774 t=1626.6s remaining=230
    iter=1771 E=-1.6524439054 nfev=1775 t=1627.6s remaining=229
    iter=1772 E=-1.6524439519 nfev=1776 t=1628.5s remaining=228
    iter=1773 E=-1.6524440149 nfev=1777 t=1629.4s remaining=227
    iter=1774 E=-1.6524440834 nfev=1778 t=1630.3s remaining=226
    iter=1775 E=-1.6524441388 nfev=1779 t=1631.3s remaining=225
    iter=1776 E=-1.6524441768 nfev=1780 t=1632.2s remaining=224
    iter=1777 E=-1.6524442096 nfev=1781 t=1633.1s remaining=223
    iter=1778 E=-1.6524442481 nfev=1782 t=1634.0s remaining=222
    iter=1779 E=-1.6524442884 nfev=1783 t=1634.9s remaining=221
    iter=1780 E=-1.6524443388 nfev=1784 t=1635.8s remaining=220
    iter=1781 E=-1.6524443868 nfev=1785 t=1636.7s remaining=219
    iter=1782 E=-1.6524444376 nfev=1786 t=1637.6s remaining=218
    iter=1783 E=-1.6524444771 nfev=1787 t=1638.6s remaining=217
    iter=1784 E=-1.6524445146 nfev=1788 t=1639.5s remaining=216
    iter=1785 E=-1.6524445514 nfev=1789 t=1640.4s remaining=215
    iter=1786 E=-1.6524445952 nfev=1790 t=1641.3s remaining=214
    iter=1787 E=-1.6524446505 nfev=1791 t=1642.3s remaining=213
    iter=1788 E=-1.6524447263 nfev=1792 t=1643.2s remaining=212
    iter=1789 E=-1.6524448273 nfev=1793 t=1644.1s remaining=211
    iter=1790 E=-1.6524449616 nfev=1794 t=1645.0s remaining=210
    iter=1791 E=-1.6524451084 nfev=1795 t=1646.0s remaining=209
    iter=1792 E=-1.6524452530 nfev=1796 t=1646.9s remaining=208
    iter=1793 E=-1.6524454280 nfev=1797 t=1647.7s remaining=207
    iter=1794 E=-1.6524457095 nfev=1798 t=1648.6s remaining=206
    iter=1795 E=-1.6524460521 nfev=1799 t=1649.5s remaining=205
    iter=1796 E=-1.6524462310 nfev=1800 t=1650.4s remaining=204
    iter=1797 E=-1.6524463515 nfev=1801 t=1651.2s remaining=203
    iter=1798 E=-1.6524464972 nfev=1802 t=1652.1s remaining=202
    iter=1799 E=-1.6524466089 nfev=1803 t=1653.0s remaining=201
    iter=1800 E=-1.6524467273 nfev=1804 t=1653.9s remaining=200
    iter=1801 E=-1.6524468443 nfev=1805 t=1654.8s remaining=199
    iter=1802 E=-1.6524469323 nfev=1806 t=1655.6s remaining=198
    iter=1803 E=-1.6524470062 nfev=1807 t=1656.5s remaining=197
    iter=1804 E=-1.6524470613 nfev=1808 t=1657.3s remaining=196
    iter=1805 E=-1.6524471084 nfev=1809 t=1658.2s remaining=195
    iter=1806 E=-1.6524471480 nfev=1810 t=1659.1s remaining=194
    iter=1807 E=-1.6524471981 nfev=1811 t=1660.0s remaining=193
    iter=1808 E=-1.6524472521 nfev=1812 t=1661.0s remaining=192
    iter=1809 E=-1.6524473214 nfev=1813 t=1662.0s remaining=191
    iter=1810 E=-1.6524474111 nfev=1814 t=1662.9s remaining=190
    iter=1811 E=-1.6524475202 nfev=1815 t=1663.9s remaining=189
    iter=1812 E=-1.6524476369 nfev=1816 t=1664.8s remaining=188
    iter=1813 E=-1.6524477458 nfev=1817 t=1665.8s remaining=187
    iter=1814 E=-1.6524478940 nfev=1818 t=1666.7s remaining=186
    iter=1815 E=-1.6524480828 nfev=1819 t=1667.6s remaining=185
    iter=1816 E=-1.6524483249 nfev=1820 t=1668.5s remaining=184
    iter=1817 E=-1.6524484831 nfev=1821 t=1669.4s remaining=183
    iter=1818 E=-1.6524487060 nfev=1822 t=1670.4s remaining=182
    iter=1819 E=-1.6524489733 nfev=1823 t=1671.3s remaining=181
    iter=1820 E=-1.6524491703 nfev=1824 t=1672.2s remaining=180
    iter=1821 E=-1.6524493041 nfev=1825 t=1673.2s remaining=179
    iter=1822 E=-1.6524494180 nfev=1826 t=1674.1s remaining=178
    iter=1823 E=-1.6524494925 nfev=1827 t=1675.0s remaining=177
    iter=1824 E=-1.6524495345 nfev=1828 t=1676.0s remaining=176
    iter=1825 E=-1.6524495667 nfev=1829 t=1676.9s remaining=175
    iter=1826 E=-1.6524495897 nfev=1830 t=1677.8s remaining=174
    iter=1827 E=-1.6524496093 nfev=1831 t=1678.7s remaining=173
    iter=1828 E=-1.6524496274 nfev=1832 t=1679.7s remaining=172
    iter=1829 E=-1.6524496411 nfev=1833 t=1680.6s remaining=171
    iter=1830 E=-1.6524496620 nfev=1834 t=1681.5s remaining=170
    iter=1831 E=-1.6524496931 nfev=1835 t=1682.4s remaining=169
    iter=1832 E=-1.6524497415 nfev=1836 t=1683.3s remaining=168
    iter=1833 E=-1.6524498133 nfev=1837 t=1684.2s remaining=167
    iter=1834 E=-1.6524499132 nfev=1838 t=1685.1s remaining=166
    iter=1835 E=-1.6524500628 nfev=1839 t=1686.0s remaining=165
    iter=1836 E=-1.6524502736 nfev=1840 t=1686.9s remaining=164
    iter=1837 E=-1.6524505730 nfev=1841 t=1687.8s remaining=163
    iter=1838 E=-1.6524509279 nfev=1842 t=1688.7s remaining=162
    iter=1839 E=-1.6524512355 nfev=1843 t=1689.6s remaining=161
    iter=1840 E=-1.6524514223 nfev=1844 t=1690.5s remaining=160
    iter=1841 E=-1.6524515171 nfev=1845 t=1691.4s remaining=159
    iter=1842 E=-1.6524516523 nfev=1846 t=1692.3s remaining=158
    iter=1843 E=-1.6524517307 nfev=1847 t=1693.2s remaining=157
    iter=1844 E=-1.6524517900 nfev=1848 t=1694.1s remaining=156
    iter=1845 E=-1.6524518170 nfev=1849 t=1695.0s remaining=155
    iter=1846 E=-1.6524518410 nfev=1850 t=1695.8s remaining=154
    iter=1847 E=-1.6524518523 nfev=1851 t=1696.7s remaining=153
    iter=1848 E=-1.6524518785 nfev=1852 t=1697.6s remaining=152
    iter=1849 E=-1.6524519242 nfev=1853 t=1698.5s remaining=151
    iter=1850 E=-1.6524519606 nfev=1854 t=1699.4s remaining=150
    iter=1851 E=-1.6524520077 nfev=1855 t=1700.3s remaining=149
    iter=1852 E=-1.6524520819 nfev=1856 t=1701.2s remaining=148
    iter=1853 E=-1.6524521314 nfev=1857 t=1702.0s remaining=147
    iter=1854 E=-1.6524521805 nfev=1858 t=1703.0s remaining=146
    iter=1855 E=-1.6524522296 nfev=1859 t=1703.9s remaining=145
    iter=1856 E=-1.6524522852 nfev=1860 t=1704.8s remaining=144
    iter=1857 E=-1.6524523502 nfev=1861 t=1705.6s remaining=143
    iter=1858 E=-1.6524524270 nfev=1862 t=1706.6s remaining=142
    iter=1859 E=-1.6524525138 nfev=1863 t=1707.5s remaining=141
    iter=1860 E=-1.6524526080 nfev=1864 t=1708.4s remaining=140
    iter=1861 E=-1.6524527062 nfev=1865 t=1709.2s remaining=139
    iter=1862 E=-1.6524528032 nfev=1866 t=1710.1s remaining=138
    iter=1863 E=-1.6524529072 nfev=1867 t=1710.9s remaining=137
    iter=1864 E=-1.6524530109 nfev=1868 t=1711.8s remaining=136
    iter=1865 E=-1.6524531353 nfev=1869 t=1712.6s remaining=135
    iter=1866 E=-1.6524532664 nfev=1870 t=1713.5s remaining=134
    iter=1867 E=-1.6524534336 nfev=1871 t=1714.3s remaining=133
    iter=1868 E=-1.6524535793 nfev=1872 t=1715.2s remaining=132
    iter=1869 E=-1.6524537501 nfev=1873 t=1716.0s remaining=131
    iter=1870 E=-1.6524538993 nfev=1874 t=1716.9s remaining=130
    iter=1871 E=-1.6524540176 nfev=1875 t=1717.8s remaining=129
    iter=1872 E=-1.6524541144 nfev=1876 t=1718.7s remaining=128
    iter=1873 E=-1.6524542465 nfev=1877 t=1719.6s remaining=127
    iter=1874 E=-1.6524543643 nfev=1878 t=1720.5s remaining=126
    iter=1875 E=-1.6524544310 nfev=1879 t=1721.4s remaining=125
    iter=1876 E=-1.6524544648 nfev=1880 t=1722.3s remaining=124
    iter=1877 E=-1.6524545139 nfev=1881 t=1723.2s remaining=123
    iter=1878 E=-1.6524545754 nfev=1882 t=1724.1s remaining=122
    iter=1879 E=-1.6524546400 nfev=1883 t=1725.1s remaining=121
    iter=1880 E=-1.6524547253 nfev=1884 t=1725.9s remaining=120
    iter=1881 E=-1.6524548514 nfev=1885 t=1726.9s remaining=119
    iter=1882 E=-1.6524550183 nfev=1886 t=1727.8s remaining=118
    iter=1883 E=-1.6524551297 nfev=1887 t=1728.7s remaining=117
    iter=1884 E=-1.6524552822 nfev=1888 t=1729.6s remaining=116
    iter=1885 E=-1.6524554438 nfev=1889 t=1730.6s remaining=115
    iter=1886 E=-1.6524556053 nfev=1890 t=1731.4s remaining=114
    iter=1887 E=-1.6524557581 nfev=1891 t=1732.3s remaining=113
    iter=1888 E=-1.6524559152 nfev=1892 t=1733.3s remaining=112
    iter=1889 E=-1.6524560691 nfev=1893 t=1734.2s remaining=111
    iter=1890 E=-1.6524562266 nfev=1894 t=1735.1s remaining=110
    iter=1891 E=-1.6524563550 nfev=1895 t=1736.0s remaining=109
    iter=1892 E=-1.6524564890 nfev=1896 t=1737.2s remaining=108
    iter=1893 E=-1.6524565514 nfev=1897 t=1738.1s remaining=107
    iter=1894 E=-1.6524566340 nfev=1898 t=1739.1s remaining=106
    iter=1895 E=-1.6524567157 nfev=1899 t=1740.0s remaining=105
    iter=1896 E=-1.6524568169 nfev=1900 t=1741.0s remaining=104
    iter=1897 E=-1.6524569097 nfev=1901 t=1741.9s remaining=103
    iter=1898 E=-1.6524569989 nfev=1902 t=1742.9s remaining=102
    iter=1899 E=-1.6524570473 nfev=1903 t=1743.8s remaining=101
    iter=1900 E=-1.6524570819 nfev=1904 t=1744.8s remaining=100
    iter=1901 E=-1.6524571055 nfev=1905 t=1745.7s remaining=99
    iter=1902 E=-1.6524571289 nfev=1906 t=1746.6s remaining=98
    iter=1903 E=-1.6524571546 nfev=1907 t=1747.5s remaining=97
    iter=1904 E=-1.6524571837 nfev=1908 t=1748.4s remaining=96
    iter=1905 E=-1.6524572191 nfev=1909 t=1749.3s remaining=95
    iter=1906 E=-1.6524572481 nfev=1910 t=1750.1s remaining=94
    iter=1907 E=-1.6524572811 nfev=1911 t=1751.0s remaining=93
    iter=1908 E=-1.6524572959 nfev=1912 t=1752.0s remaining=92
    iter=1909 E=-1.6524573188 nfev=1913 t=1752.9s remaining=91
    iter=1910 E=-1.6524573535 nfev=1914 t=1753.8s remaining=90
    iter=1911 E=-1.6524574109 nfev=1915 t=1754.7s remaining=89
    iter=1912 E=-1.6524574813 nfev=1916 t=1755.6s remaining=88
    iter=1913 E=-1.6524575479 nfev=1917 t=1756.4s remaining=87
    iter=1914 E=-1.6524575796 nfev=1918 t=1757.3s remaining=86
    iter=1915 E=-1.6524576338 nfev=1919 t=1758.2s remaining=85
    iter=1916 E=-1.6524577270 nfev=1920 t=1759.1s remaining=84
    iter=1917 E=-1.6524578826 nfev=1921 t=1760.0s remaining=83
    iter=1918 E=-1.6524581306 nfev=1922 t=1761.0s remaining=82
    iter=1919 E=-1.6524584979 nfev=1923 t=1761.9s remaining=81
    iter=1920 E=-1.6524589818 nfev=1924 t=1762.9s remaining=80
    iter=1921 E=-1.6524594870 nfev=1925 t=1763.8s remaining=79
    iter=1922 E=-1.6524597554 nfev=1926 t=1764.7s remaining=78
    iter=1923 E=-1.6524599881 nfev=1927 t=1765.7s remaining=77
    iter=1924 E=-1.6524601115 nfev=1928 t=1766.5s remaining=76
    iter=1925 E=-1.6524602956 nfev=1929 t=1767.4s remaining=75
    iter=1926 E=-1.6524605353 nfev=1930 t=1768.3s remaining=74
    iter=1927 E=-1.6524606814 nfev=1931 t=1769.2s remaining=73
    iter=1928 E=-1.6524606963 nfev=1932 t=1770.1s remaining=72
    iter=1929 E=-1.6524607181 nfev=1933 t=1771.0s remaining=71
    iter=1930 E=-1.6524607523 nfev=1934 t=1771.8s remaining=70
    iter=1931 E=-1.6524608004 nfev=1935 t=1772.7s remaining=69
    iter=1932 E=-1.6524608538 nfev=1936 t=1773.6s remaining=68
    iter=1933 E=-1.6524608720 nfev=1937 t=1774.5s remaining=67
    iter=1934 E=-1.6524608827 nfev=1938 t=1775.4s remaining=66
    iter=1935 E=-1.6524608890 nfev=1939 t=1776.3s remaining=65
    iter=1936 E=-1.6524609085 nfev=1941 t=1778.1s remaining=64
    iter=1937 E=-1.6524609288 nfev=1942 t=1779.0s remaining=63
    iter=1938 E=-1.6524609503 nfev=1943 t=1779.9s remaining=62
    iter=1939 E=-1.6524609772 nfev=1944 t=1780.8s remaining=61
    iter=1940 E=-1.6524610102 nfev=1945 t=1781.7s remaining=60
    iter=1941 E=-1.6524610524 nfev=1946 t=1782.6s remaining=59
    iter=1942 E=-1.6524611049 nfev=1947 t=1783.4s remaining=58
    iter=1943 E=-1.6524611665 nfev=1948 t=1784.3s remaining=57
    iter=1944 E=-1.6524612389 nfev=1949 t=1785.2s remaining=56
    iter=1945 E=-1.6524613079 nfev=1950 t=1786.0s remaining=55
    iter=1946 E=-1.6524613839 nfev=1951 t=1786.9s remaining=54
    iter=1947 E=-1.6524614575 nfev=1952 t=1787.8s remaining=53
    iter=1948 E=-1.6524615427 nfev=1953 t=1788.7s remaining=52
    iter=1949 E=-1.6524616362 nfev=1954 t=1789.6s remaining=51
    iter=1950 E=-1.6524617533 nfev=1955 t=1790.4s remaining=50
    iter=1951 E=-1.6524618908 nfev=1956 t=1791.3s remaining=49
    iter=1952 E=-1.6524620643 nfev=1957 t=1792.1s remaining=48
    iter=1953 E=-1.6524622695 nfev=1958 t=1793.0s remaining=47
    iter=1954 E=-1.6524625064 nfev=1959 t=1794.0s remaining=46
    iter=1955 E=-1.6524627617 nfev=1960 t=1794.9s remaining=45
    iter=1956 E=-1.6524629784 nfev=1961 t=1795.7s remaining=44
    iter=1957 E=-1.6524631972 nfev=1962 t=1796.6s remaining=43
    iter=1958 E=-1.6524632650 nfev=1963 t=1797.5s remaining=42
    iter=1959 E=-1.6524633701 nfev=1964 t=1798.4s remaining=41
    iter=1960 E=-1.6524635539 nfev=1965 t=1799.2s remaining=40
    iter=1961 E=-1.6524638561 nfev=1966 t=1800.1s remaining=39
    iter=1962 E=-1.6524641871 nfev=1967 t=1801.0s remaining=38
    iter=1963 E=-1.6524642829 nfev=1968 t=1801.9s remaining=37
    iter=1964 E=-1.6524644159 nfev=1969 t=1802.7s remaining=36
    iter=1965 E=-1.6524646037 nfev=1970 t=1803.6s remaining=35
    iter=1966 E=-1.6524647668 nfev=1971 t=1804.5s remaining=34
    iter=1967 E=-1.6524648121 nfev=1973 t=1806.3s remaining=33
    iter=1968 E=-1.6524648601 nfev=1974 t=1807.3s remaining=32
    iter=1969 E=-1.6524649015 nfev=1975 t=1808.2s remaining=31
    iter=1970 E=-1.6524649540 nfev=1976 t=1809.1s remaining=30
    iter=1971 E=-1.6524650057 nfev=1977 t=1810.1s remaining=29
    iter=1972 E=-1.6524650757 nfev=1978 t=1811.0s remaining=28
    iter=1973 E=-1.6524651260 nfev=1979 t=1811.9s remaining=27
    iter=1974 E=-1.6524651943 nfev=1980 t=1812.8s remaining=26
    iter=1975 E=-1.6524652823 nfev=1981 t=1813.7s remaining=25
    iter=1976 E=-1.6524653649 nfev=1982 t=1814.6s remaining=24
    iter=1977 E=-1.6524654572 nfev=1983 t=1815.5s remaining=23
    iter=1978 E=-1.6524655117 nfev=1984 t=1816.3s remaining=22
    iter=1979 E=-1.6524655539 nfev=1985 t=1817.2s remaining=21
    iter=1980 E=-1.6524655782 nfev=1986 t=1818.1s remaining=20
    iter=1981 E=-1.6524656329 nfev=1988 t=1819.8s remaining=19
    iter=1982 E=-1.6524656526 nfev=1989 t=1820.7s remaining=18
    iter=1983 E=-1.6524656765 nfev=1991 t=1822.5s remaining=17
    iter=1984 E=-1.6524656803 nfev=1993 t=1824.2s remaining=16
    iter=1985 E=-1.6524656903 nfev=1996 t=1826.9s remaining=15
    iter=1985 E=-1.6524656903 nfev=2031 t=1860.5s remaining=15
    seed=0 E=-1.6524656903 dE=+6.513e-04 nit=1985 ok=False t=1860.5s
  r=0.50  L=7   npar=302   E=-1.6524656903  |E-FCI|=6.513e-04  FCI=no   chem=yes

=== summary (best seed per layer) ===
  bond   L ansatz                 npar              E     |E-FCI|  FCI? chem?
  0.50   7 (ECD+SNAP)^7 + ECD      302  -1.6524656903   6.513e-04    no   yes

wrote data/results/h4_hybrid_L7_nobs_r0050.json
