self-check ok (nfock=4, use_bs=False, worst FD rel err 0.00e+00)
per-iter log: data/results/h4_hybrid_L11_nobs_r0050_iters.jsonl
live snapshot: data/results/h4_hybrid_L11_nobs_r0050_live.json

=== build H4 JWT Hamiltonian at R=0.50 Å ===
=== r=0.50 Å   FCI(pyscf)=-1.6531169519  eig=-1.6531169519  paper_fci=-1.65311695  paper_SNAP_D20=-1.6531169543899968 ===
-- r=0.50  (ECD+SNAP)^11 + ECD   npar=470 --
    iter=1 E=2.8899129295 nfev=3 t=5.8s remaining=1999
    iter=2 E=2.4621573239 nfev=5 t=9.6s remaining=1998
    iter=3 E=2.2845785442 nfev=7 t=13.4s remaining=1997
    iter=4 E=2.1667106429 nfev=9 t=17.1s remaining=1996
    iter=5 E=1.9996937335 nfev=10 t=18.9s remaining=1995
    iter=6 E=1.7909580835 nfev=11 t=20.8s remaining=1994
    iter=7 E=1.7100181793 nfev=12 t=22.7s remaining=1993
    iter=8 E=1.6193514982 nfev=13 t=24.5s remaining=1992
    iter=9 E=1.5033428410 nfev=14 t=26.3s remaining=1991
    iter=10 E=1.3762592465 nfev=15 t=28.1s remaining=1990
    iter=11 E=1.2373444576 nfev=16 t=29.9s remaining=1989
    iter=12 E=1.1013647849 nfev=17 t=31.8s remaining=1988
    iter=13 E=0.9314678639 nfev=18 t=33.6s remaining=1987
    iter=14 E=0.8069007891 nfev=19 t=35.6s remaining=1986
    iter=15 E=0.6754994509 nfev=20 t=37.4s remaining=1985
    iter=16 E=0.5783030295 nfev=21 t=39.3s remaining=1984
    iter=17 E=0.4384309974 nfev=22 t=41.1s remaining=1983
    iter=18 E=0.2679261453 nfev=23 t=43.0s remaining=1982
    iter=19 E=0.1137676718 nfev=24 t=44.9s remaining=1981
    iter=20 E=-0.0071366887 nfev=25 t=46.8s remaining=1980
    iter=21 E=-0.1545061139 nfev=26 t=48.7s remaining=1979
    iter=22 E=-0.3065920919 nfev=27 t=50.7s remaining=1978
    iter=23 E=-0.4241323226 nfev=28 t=52.7s remaining=1977
    iter=24 E=-0.4913379649 nfev=29 t=54.7s remaining=1976
    iter=25 E=-0.5831698633 nfev=30 t=56.6s remaining=1975
    iter=26 E=-0.6779376311 nfev=31 t=58.6s remaining=1974
    iter=27 E=-0.8013690971 nfev=32 t=60.5s remaining=1973
    iter=28 E=-0.9177259866 nfev=33 t=62.4s remaining=1972
    iter=29 E=-1.0166567641 nfev=34 t=64.3s remaining=1971
    iter=30 E=-1.1060867133 nfev=35 t=66.2s remaining=1970
    iter=31 E=-1.2034570925 nfev=36 t=68.1s remaining=1969
    iter=32 E=-1.2781916216 nfev=37 t=70.0s remaining=1968
    iter=33 E=-1.3508297538 nfev=38 t=71.9s remaining=1967
    iter=34 E=-1.3897934970 nfev=40 t=75.7s remaining=1966
    iter=35 E=-1.4298661840 nfev=41 t=77.7s remaining=1965
    iter=36 E=-1.4667265445 nfev=42 t=80.1s remaining=1964
    iter=37 E=-1.5035058294 nfev=43 t=82.8s remaining=1963
    iter=38 E=-1.5418428062 nfev=44 t=85.3s remaining=1962
    iter=39 E=-1.5637657062 nfev=45 t=87.3s remaining=1961
    iter=40 E=-1.5860941497 nfev=46 t=89.1s remaining=1960
    iter=41 E=-1.5901340625 nfev=47 t=91.0s remaining=1959
    iter=42 E=-1.5968088370 nfev=48 t=92.8s remaining=1958
    iter=43 E=-1.6065871779 nfev=49 t=94.6s remaining=1957
    iter=44 E=-1.6168464163 nfev=50 t=96.6s remaining=1956
    iter=45 E=-1.6222757468 nfev=52 t=100.6s remaining=1955
    iter=46 E=-1.6275495706 nfev=53 t=102.5s remaining=1954
    iter=47 E=-1.6299811986 nfev=55 t=106.2s remaining=1953
    iter=48 E=-1.6318702413 nfev=56 t=108.2s remaining=1952
    iter=49 E=-1.6333903923 nfev=57 t=110.2s remaining=1951
    iter=50 E=-1.6337013305 nfev=58 t=112.3s remaining=1950
    iter=51 E=-1.6342362402 nfev=59 t=114.2s remaining=1949
    iter=52 E=-1.6351356946 nfev=60 t=116.2s remaining=1948
    iter=53 E=-1.6363950699 nfev=61 t=118.1s remaining=1947
    iter=54 E=-1.6377054513 nfev=62 t=120.0s remaining=1946
    iter=55 E=-1.6381141210 nfev=63 t=121.8s remaining=1945
    iter=56 E=-1.6386934558 nfev=64 t=123.6s remaining=1944
    iter=57 E=-1.6392253551 nfev=65 t=125.5s remaining=1943
    iter=58 E=-1.6397107374 nfev=66 t=127.3s remaining=1942
    iter=59 E=-1.6400210180 nfev=67 t=129.2s remaining=1941
    iter=60 E=-1.6403824295 nfev=68 t=131.2s remaining=1940
    iter=61 E=-1.6405703366 nfev=70 t=135.0s remaining=1939
    iter=62 E=-1.6407968492 nfev=71 t=136.9s remaining=1938
    iter=63 E=-1.6410315710 nfev=72 t=138.8s remaining=1937
    iter=64 E=-1.6411429306 nfev=73 t=140.7s remaining=1936
    iter=65 E=-1.6413039872 nfev=74 t=142.7s remaining=1935
    iter=66 E=-1.6413544641 nfev=75 t=144.5s remaining=1934
    iter=67 E=-1.6414204426 nfev=76 t=146.4s remaining=1933
    iter=68 E=-1.6414288972 nfev=77 t=148.2s remaining=1932
    iter=69 E=-1.6414444048 nfev=78 t=150.4s remaining=1931
    iter=70 E=-1.6414697066 nfev=79 t=152.3s remaining=1930
    iter=71 E=-1.6415038147 nfev=80 t=154.2s remaining=1929
    iter=72 E=-1.6415256915 nfev=81 t=156.2s remaining=1928
    iter=73 E=-1.6415467672 nfev=82 t=158.1s remaining=1927
    iter=74 E=-1.6415729992 nfev=83 t=159.9s remaining=1926
    iter=75 E=-1.6416052583 nfev=84 t=161.6s remaining=1925
    iter=76 E=-1.6416468380 nfev=85 t=163.4s remaining=1924
    iter=77 E=-1.6416943744 nfev=86 t=165.3s remaining=1923
    iter=78 E=-1.6417072059 nfev=87 t=167.1s remaining=1922
    iter=79 E=-1.6417270256 nfev=88 t=169.0s remaining=1921
    iter=80 E=-1.6417520248 nfev=89 t=170.9s remaining=1920
    iter=81 E=-1.6417836295 nfev=90 t=172.7s remaining=1919
    iter=82 E=-1.6418324687 nfev=91 t=174.5s remaining=1918
    iter=83 E=-1.6418981071 nfev=92 t=176.3s remaining=1917
    iter=84 E=-1.6419429080 nfev=93 t=178.1s remaining=1916
    iter=85 E=-1.6419900749 nfev=94 t=179.9s remaining=1915
    iter=86 E=-1.6420226404 nfev=95 t=181.9s remaining=1914
    iter=87 E=-1.6420655642 nfev=96 t=183.8s remaining=1913
    iter=88 E=-1.6421305044 nfev=97 t=185.8s remaining=1912
    iter=89 E=-1.6422018861 nfev=98 t=188.3s remaining=1911
    iter=90 E=-1.6422434888 nfev=99 t=190.8s remaining=1910
    iter=91 E=-1.6422969004 nfev=100 t=193.3s remaining=1909
    iter=92 E=-1.6423534591 nfev=101 t=195.3s remaining=1908
    iter=93 E=-1.6424261282 nfev=102 t=197.4s remaining=1907
    iter=94 E=-1.6424958398 nfev=103 t=199.2s remaining=1906
    iter=95 E=-1.6425921707 nfev=104 t=201.1s remaining=1905
    iter=96 E=-1.6426638140 nfev=105 t=203.0s remaining=1904
    iter=97 E=-1.6427101770 nfev=106 t=204.9s remaining=1903
    iter=98 E=-1.6427548009 nfev=107 t=206.9s remaining=1902
    iter=99 E=-1.6428219716 nfev=108 t=208.7s remaining=1901
    iter=100 E=-1.6429149483 nfev=109 t=210.6s remaining=1900
    iter=101 E=-1.6430036862 nfev=110 t=212.5s remaining=1899
    iter=102 E=-1.6431026710 nfev=111 t=214.4s remaining=1898
    iter=103 E=-1.6432029123 nfev=112 t=216.2s remaining=1897
    iter=104 E=-1.6432393418 nfev=113 t=218.0s remaining=1896
    iter=105 E=-1.6432893994 nfev=114 t=219.9s remaining=1895
    iter=106 E=-1.6433613257 nfev=115 t=221.8s remaining=1894
    iter=107 E=-1.6434624978 nfev=116 t=223.6s remaining=1893
    iter=108 E=-1.6435526092 nfev=117 t=226.1s remaining=1892
    iter=109 E=-1.6436278873 nfev=118 t=228.4s remaining=1891
    iter=110 E=-1.6437067478 nfev=119 t=230.3s remaining=1890
    iter=111 E=-1.6438132422 nfev=120 t=232.0s remaining=1889
    iter=112 E=-1.6438986965 nfev=121 t=233.9s remaining=1888
    iter=113 E=-1.6439664152 nfev=122 t=235.7s remaining=1887
    iter=114 E=-1.6440601386 nfev=123 t=237.5s remaining=1886
    iter=115 E=-1.6441681361 nfev=124 t=239.4s remaining=1885
    iter=116 E=-1.6442455257 nfev=125 t=241.2s remaining=1884
    iter=117 E=-1.6443150686 nfev=126 t=243.0s remaining=1883
    iter=118 E=-1.6443879229 nfev=127 t=244.8s remaining=1882
    iter=119 E=-1.6444568846 nfev=128 t=246.7s remaining=1881
    iter=120 E=-1.6445237570 nfev=129 t=248.8s remaining=1880
    iter=121 E=-1.6445845405 nfev=130 t=250.8s remaining=1879
    iter=122 E=-1.6446446383 nfev=131 t=252.7s remaining=1878
    iter=123 E=-1.6447034653 nfev=132 t=254.6s remaining=1877
    iter=124 E=-1.6447645847 nfev=133 t=256.4s remaining=1876
    iter=125 E=-1.6448236536 nfev=134 t=258.3s remaining=1875
    iter=126 E=-1.6448850888 nfev=135 t=260.1s remaining=1874
    iter=127 E=-1.6449587568 nfev=136 t=261.9s remaining=1873
    iter=128 E=-1.6450376828 nfev=137 t=263.9s remaining=1872
    iter=129 E=-1.6451227660 nfev=138 t=266.0s remaining=1871
    iter=130 E=-1.6452076129 nfev=139 t=267.9s remaining=1870
    iter=131 E=-1.6452923344 nfev=140 t=269.9s remaining=1869
    iter=132 E=-1.6453774673 nfev=141 t=271.7s remaining=1868
    iter=133 E=-1.6454748760 nfev=142 t=273.5s remaining=1867
    iter=134 E=-1.6455554941 nfev=143 t=275.4s remaining=1866
    iter=135 E=-1.6456484420 nfev=144 t=277.5s remaining=1865
    iter=136 E=-1.6457355813 nfev=145 t=279.7s remaining=1864
    iter=137 E=-1.6458054840 nfev=146 t=281.7s remaining=1863
    iter=138 E=-1.6458583329 nfev=147 t=283.8s remaining=1862
    iter=139 E=-1.6459148248 nfev=148 t=285.7s remaining=1861
    iter=140 E=-1.6459783722 nfev=149 t=287.7s remaining=1860
    iter=141 E=-1.6460691489 nfev=150 t=289.6s remaining=1859
    iter=142 E=-1.6461791402 nfev=151 t=291.4s remaining=1858
    iter=143 E=-1.6462641534 nfev=152 t=293.2s remaining=1857
    iter=144 E=-1.6463378361 nfev=153 t=295.1s remaining=1856
    iter=145 E=-1.6464005285 nfev=154 t=296.9s remaining=1855
    iter=146 E=-1.6464683195 nfev=155 t=298.6s remaining=1854
    iter=147 E=-1.6465500789 nfev=156 t=300.6s remaining=1853
    iter=148 E=-1.6466035396 nfev=157 t=302.4s remaining=1852
    iter=149 E=-1.6466622542 nfev=158 t=304.2s remaining=1851
    iter=150 E=-1.6467094377 nfev=159 t=306.0s remaining=1850
    iter=151 E=-1.6467623861 nfev=160 t=307.8s remaining=1849
    iter=152 E=-1.6468326784 nfev=161 t=309.7s remaining=1848
    iter=153 E=-1.6469065840 nfev=162 t=311.7s remaining=1847
    iter=154 E=-1.6469639940 nfev=163 t=313.7s remaining=1846
    iter=155 E=-1.6470141163 nfev=164 t=315.5s remaining=1845
    iter=156 E=-1.6470550441 nfev=165 t=317.4s remaining=1844
    iter=157 E=-1.6471021991 nfev=166 t=319.2s remaining=1843
    iter=158 E=-1.6471632800 nfev=167 t=321.0s remaining=1842
    iter=159 E=-1.6472329347 nfev=168 t=322.8s remaining=1841
    iter=160 E=-1.6472944974 nfev=169 t=324.7s remaining=1840
    iter=161 E=-1.6473564617 nfev=170 t=326.6s remaining=1839
    iter=162 E=-1.6474288207 nfev=171 t=328.3s remaining=1838
    iter=163 E=-1.6475166922 nfev=172 t=330.1s remaining=1837
    iter=164 E=-1.6475908559 nfev=173 t=332.7s remaining=1836
    iter=165 E=-1.6476315125 nfev=174 t=335.4s remaining=1835
    iter=166 E=-1.6476658848 nfev=175 t=337.5s remaining=1834
    iter=167 E=-1.6476998420 nfev=176 t=339.6s remaining=1833
    iter=168 E=-1.6477416666 nfev=177 t=341.7s remaining=1832
    iter=169 E=-1.6477966343 nfev=178 t=343.6s remaining=1831
    iter=170 E=-1.6478608625 nfev=179 t=345.6s remaining=1830
    iter=171 E=-1.6479353758 nfev=180 t=347.4s remaining=1829
    iter=172 E=-1.6479979222 nfev=181 t=349.5s remaining=1828
    iter=173 E=-1.6480380902 nfev=182 t=351.6s remaining=1827
    iter=174 E=-1.6480719064 nfev=183 t=353.4s remaining=1826
    iter=175 E=-1.6481187819 nfev=184 t=355.2s remaining=1825
    iter=176 E=-1.6481794161 nfev=185 t=357.1s remaining=1824
    iter=177 E=-1.6482545409 nfev=186 t=358.9s remaining=1823
    iter=178 E=-1.6483178270 nfev=187 t=360.7s remaining=1822
    iter=179 E=-1.6483486912 nfev=188 t=362.5s remaining=1821
    iter=180 E=-1.6483820516 nfev=189 t=364.3s remaining=1820
    iter=181 E=-1.6484071819 nfev=190 t=366.2s remaining=1819
    iter=182 E=-1.6484437482 nfev=191 t=368.0s remaining=1818
    iter=183 E=-1.6484976577 nfev=192 t=369.9s remaining=1817
    iter=184 E=-1.6485449679 nfev=193 t=371.7s remaining=1816
    iter=185 E=-1.6485789435 nfev=194 t=373.6s remaining=1815
    iter=186 E=-1.6486103382 nfev=195 t=375.4s remaining=1814
    iter=187 E=-1.6486390107 nfev=196 t=377.3s remaining=1813
    iter=188 E=-1.6486783802 nfev=197 t=379.1s remaining=1812
    iter=189 E=-1.6487307057 nfev=198 t=380.9s remaining=1811
    iter=190 E=-1.6487786018 nfev=199 t=382.8s remaining=1810
    iter=191 E=-1.6488237392 nfev=200 t=384.8s remaining=1809
    iter=192 E=-1.6488782439 nfev=201 t=386.7s remaining=1808
    iter=193 E=-1.6489336192 nfev=202 t=388.6s remaining=1807
    iter=194 E=-1.6489758346 nfev=203 t=390.5s remaining=1806
    iter=195 E=-1.6490188856 nfev=204 t=392.4s remaining=1805
    iter=196 E=-1.6490687465 nfev=205 t=394.3s remaining=1804
    iter=197 E=-1.6491245178 nfev=206 t=396.2s remaining=1803
    iter=198 E=-1.6491905727 nfev=207 t=398.1s remaining=1802
    iter=199 E=-1.6492308118 nfev=208 t=399.9s remaining=1801
    iter=200 E=-1.6492573731 nfev=209 t=401.8s remaining=1800
    iter=201 E=-1.6492872693 nfev=210 t=403.6s remaining=1799
    iter=202 E=-1.6493224162 nfev=211 t=405.5s remaining=1798
    iter=203 E=-1.6493512511 nfev=212 t=407.3s remaining=1797
    iter=204 E=-1.6493803999 nfev=213 t=409.1s remaining=1796
    iter=205 E=-1.6494171175 nfev=214 t=410.8s remaining=1795
    iter=206 E=-1.6494532234 nfev=215 t=412.7s remaining=1794
    iter=207 E=-1.6494896235 nfev=216 t=414.6s remaining=1793
    iter=208 E=-1.6495230040 nfev=217 t=416.4s remaining=1792
    iter=209 E=-1.6495550590 nfev=218 t=418.1s remaining=1791
    iter=210 E=-1.6495960481 nfev=219 t=420.0s remaining=1790
    iter=211 E=-1.6496438220 nfev=220 t=421.9s remaining=1789
    iter=212 E=-1.6496788618 nfev=221 t=423.7s remaining=1788
    iter=213 E=-1.6497149606 nfev=222 t=425.5s remaining=1787
    iter=214 E=-1.6497525180 nfev=223 t=427.4s remaining=1786
    iter=215 E=-1.6497921672 nfev=224 t=429.5s remaining=1785
    iter=216 E=-1.6498247685 nfev=225 t=431.5s remaining=1784
    iter=217 E=-1.6498513753 nfev=226 t=433.3s remaining=1783
    iter=218 E=-1.6498759427 nfev=227 t=435.2s remaining=1782
    iter=219 E=-1.6499045442 nfev=228 t=437.0s remaining=1781
    iter=220 E=-1.6499420685 nfev=229 t=438.8s remaining=1780
    iter=221 E=-1.6499825137 nfev=230 t=440.7s remaining=1779
    iter=222 E=-1.6500197567 nfev=231 t=443.0s remaining=1778
    iter=223 E=-1.6500635417 nfev=232 t=444.8s remaining=1777
    iter=224 E=-1.6501117024 nfev=233 t=446.6s remaining=1776
    iter=225 E=-1.6501455232 nfev=234 t=448.5s remaining=1775
    iter=226 E=-1.6501758793 nfev=235 t=450.4s remaining=1774
    iter=227 E=-1.6502045814 nfev=236 t=452.3s remaining=1773
    iter=228 E=-1.6502287902 nfev=237 t=454.3s remaining=1772
    iter=229 E=-1.6502522093 nfev=238 t=456.3s remaining=1771
    iter=230 E=-1.6502752158 nfev=239 t=458.2s remaining=1770
    iter=231 E=-1.6502935537 nfev=240 t=460.1s remaining=1769
    iter=232 E=-1.6503085370 nfev=241 t=462.1s remaining=1768
    iter=233 E=-1.6503311637 nfev=242 t=463.9s remaining=1767
    iter=234 E=-1.6503572788 nfev=243 t=465.8s remaining=1766
    iter=235 E=-1.6503720981 nfev=244 t=467.6s remaining=1765
    iter=236 E=-1.6503919607 nfev=245 t=469.5s remaining=1764
    iter=237 E=-1.6504135408 nfev=246 t=471.3s remaining=1763
    iter=238 E=-1.6504377523 nfev=247 t=473.2s remaining=1762
    iter=239 E=-1.6504664008 nfev=248 t=475.0s remaining=1761
    iter=240 E=-1.6504870190 nfev=249 t=476.8s remaining=1760
    iter=241 E=-1.6505091914 nfev=250 t=478.6s remaining=1759
    iter=242 E=-1.6505294018 nfev=251 t=480.5s remaining=1758
    iter=243 E=-1.6505503944 nfev=252 t=482.4s remaining=1757
    iter=244 E=-1.6505756875 nfev=253 t=484.2s remaining=1756
    iter=245 E=-1.6506015634 nfev=254 t=486.1s remaining=1755
    iter=246 E=-1.6506318385 nfev=255 t=488.4s remaining=1754
    iter=247 E=-1.6506599342 nfev=256 t=490.3s remaining=1753
    iter=248 E=-1.6506810688 nfev=257 t=492.4s remaining=1752
    iter=249 E=-1.6507060600 nfev=258 t=494.3s remaining=1751
    iter=250 E=-1.6507359703 nfev=259 t=496.1s remaining=1750
    iter=251 E=-1.6507629512 nfev=260 t=497.9s remaining=1749
    iter=252 E=-1.6507896499 nfev=261 t=499.8s remaining=1748
    iter=253 E=-1.6508148674 nfev=262 t=501.9s remaining=1747
    iter=254 E=-1.6508349563 nfev=263 t=504.0s remaining=1746
    iter=255 E=-1.6508554631 nfev=264 t=505.9s remaining=1745
    iter=256 E=-1.6508729450 nfev=265 t=507.7s remaining=1744
    iter=257 E=-1.6508826725 nfev=266 t=509.7s remaining=1743
    iter=258 E=-1.6508960175 nfev=267 t=511.6s remaining=1742
    iter=259 E=-1.6509103046 nfev=268 t=513.4s remaining=1741
    iter=260 E=-1.6509238672 nfev=269 t=515.7s remaining=1740
    iter=261 E=-1.6509402461 nfev=270 t=517.9s remaining=1739
    iter=262 E=-1.6509565278 nfev=271 t=520.1s remaining=1738
    iter=263 E=-1.6509720631 nfev=272 t=522.0s remaining=1737
    iter=264 E=-1.6509853376 nfev=273 t=523.9s remaining=1736
    iter=265 E=-1.6509963303 nfev=274 t=525.9s remaining=1735
    iter=266 E=-1.6510107257 nfev=275 t=527.7s remaining=1734
    iter=267 E=-1.6510285926 nfev=276 t=529.7s remaining=1733
    iter=268 E=-1.6510453728 nfev=277 t=531.5s remaining=1732
    iter=269 E=-1.6510578434 nfev=278 t=533.3s remaining=1731
    iter=270 E=-1.6510683088 nfev=279 t=535.1s remaining=1730
    iter=271 E=-1.6510785689 nfev=280 t=537.0s remaining=1729
    iter=272 E=-1.6510914608 nfev=281 t=538.8s remaining=1728
    iter=273 E=-1.6511095375 nfev=282 t=540.5s remaining=1727
    iter=274 E=-1.6511276783 nfev=283 t=542.6s remaining=1726
    iter=275 E=-1.6511408288 nfev=284 t=544.4s remaining=1725
    iter=276 E=-1.6511539596 nfev=285 t=546.2s remaining=1724
    iter=277 E=-1.6511694252 nfev=286 t=548.1s remaining=1723
    iter=278 E=-1.6511880303 nfev=287 t=549.9s remaining=1722
    iter=279 E=-1.6512073457 nfev=288 t=551.8s remaining=1721
    iter=280 E=-1.6512229132 nfev=289 t=553.7s remaining=1720
    iter=281 E=-1.6512346835 nfev=290 t=555.5s remaining=1719
    iter=282 E=-1.6512463920 nfev=291 t=557.4s remaining=1718
    iter=283 E=-1.6512572517 nfev=292 t=559.2s remaining=1717
    iter=284 E=-1.6512678576 nfev=293 t=561.1s remaining=1716
    iter=285 E=-1.6512782737 nfev=294 t=562.8s remaining=1715
    iter=286 E=-1.6512871683 nfev=295 t=564.6s remaining=1714
    iter=287 E=-1.6512945377 nfev=296 t=566.4s remaining=1713
    iter=288 E=-1.6513054096 nfev=297 t=568.3s remaining=1712
    iter=289 E=-1.6513185726 nfev=298 t=570.1s remaining=1711
    iter=290 E=-1.6513288826 nfev=299 t=572.0s remaining=1710
    iter=291 E=-1.6513395755 nfev=300 t=573.8s remaining=1709
    iter=292 E=-1.6513496176 nfev=301 t=575.6s remaining=1708
    iter=293 E=-1.6513579921 nfev=302 t=577.5s remaining=1707
    iter=294 E=-1.6513658911 nfev=303 t=579.3s remaining=1706
    iter=295 E=-1.6513743477 nfev=304 t=581.0s remaining=1705
    iter=296 E=-1.6513826449 nfev=305 t=582.8s remaining=1704
    iter=297 E=-1.6513905470 nfev=306 t=584.6s remaining=1703
    iter=298 E=-1.6513998184 nfev=307 t=586.4s remaining=1702
    iter=299 E=-1.6514090628 nfev=308 t=588.5s remaining=1701
    iter=300 E=-1.6514189506 nfev=309 t=590.3s remaining=1700
    iter=301 E=-1.6514303145 nfev=310 t=592.3s remaining=1699
    iter=302 E=-1.6514386738 nfev=311 t=594.1s remaining=1698
    iter=303 E=-1.6514456454 nfev=312 t=596.4s remaining=1697
    iter=304 E=-1.6514525517 nfev=313 t=598.9s remaining=1696
    iter=305 E=-1.6514600300 nfev=314 t=601.0s remaining=1695
    iter=306 E=-1.6514680921 nfev=315 t=602.8s remaining=1694
    iter=307 E=-1.6514773171 nfev=316 t=604.6s remaining=1693
    iter=308 E=-1.6514867023 nfev=317 t=606.5s remaining=1692
    iter=309 E=-1.6514957788 nfev=318 t=608.3s remaining=1691
    iter=310 E=-1.6515033293 nfev=319 t=610.2s remaining=1690
    iter=311 E=-1.6515097729 nfev=320 t=612.1s remaining=1689
    iter=312 E=-1.6515160896 nfev=321 t=614.0s remaining=1688
    iter=313 E=-1.6515216727 nfev=322 t=616.0s remaining=1687
    iter=314 E=-1.6515270526 nfev=323 t=617.7s remaining=1686
    iter=315 E=-1.6515323590 nfev=324 t=619.6s remaining=1685
    iter=316 E=-1.6515395915 nfev=325 t=621.4s remaining=1684
    iter=317 E=-1.6515500225 nfev=326 t=623.2s remaining=1683
    iter=318 E=-1.6515627362 nfev=327 t=625.1s remaining=1682
    iter=319 E=-1.6515725610 nfev=328 t=626.9s remaining=1681
    iter=320 E=-1.6515798344 nfev=329 t=628.6s remaining=1680
    iter=321 E=-1.6515862254 nfev=330 t=630.5s remaining=1679
    iter=322 E=-1.6515926510 nfev=331 t=632.3s remaining=1678
    iter=323 E=-1.6515990194 nfev=332 t=634.2s remaining=1677
    iter=324 E=-1.6516052902 nfev=333 t=636.0s remaining=1676
    iter=325 E=-1.6516105426 nfev=334 t=637.9s remaining=1675
    iter=326 E=-1.6516165764 nfev=335 t=640.4s remaining=1674
    iter=327 E=-1.6516257600 nfev=336 t=642.3s remaining=1673
    iter=328 E=-1.6516392056 nfev=337 t=644.3s remaining=1672
    iter=329 E=-1.6516552500 nfev=338 t=646.3s remaining=1671
    iter=330 E=-1.6516680105 nfev=339 t=648.2s remaining=1670
    iter=331 E=-1.6516772682 nfev=340 t=650.0s remaining=1669
    iter=332 E=-1.6516826960 nfev=341 t=651.8s remaining=1668
    iter=333 E=-1.6516867744 nfev=342 t=653.7s remaining=1667
    iter=334 E=-1.6516919397 nfev=343 t=655.6s remaining=1666
    iter=335 E=-1.6516996778 nfev=344 t=657.5s remaining=1665
    iter=336 E=-1.6517088798 nfev=345 t=659.3s remaining=1664
    iter=337 E=-1.6517164699 nfev=346 t=661.2s remaining=1663
    iter=338 E=-1.6517242245 nfev=347 t=663.0s remaining=1662
    iter=339 E=-1.6517298983 nfev=348 t=665.0s remaining=1661
    iter=340 E=-1.6517347640 nfev=349 t=666.9s remaining=1660
    iter=341 E=-1.6517408511 nfev=350 t=668.9s remaining=1659
    iter=342 E=-1.6517482289 nfev=351 t=670.7s remaining=1658
    iter=343 E=-1.6517556056 nfev=352 t=672.6s remaining=1657
    iter=344 E=-1.6517614325 nfev=353 t=674.4s remaining=1656
    iter=345 E=-1.6517675538 nfev=354 t=676.4s remaining=1655
    iter=346 E=-1.6517757172 nfev=355 t=678.2s remaining=1654
    iter=347 E=-1.6517844345 nfev=356 t=680.0s remaining=1653
    iter=348 E=-1.6517917156 nfev=357 t=681.8s remaining=1652
    iter=349 E=-1.6517998452 nfev=358 t=683.6s remaining=1651
    iter=350 E=-1.6518079691 nfev=359 t=685.4s remaining=1650
    iter=351 E=-1.6518161241 nfev=360 t=687.3s remaining=1649
    iter=352 E=-1.6518240656 nfev=361 t=689.2s remaining=1648
    iter=353 E=-1.6518297296 nfev=362 t=691.0s remaining=1647
    iter=354 E=-1.6518354275 nfev=363 t=692.8s remaining=1646
    iter=355 E=-1.6518397757 nfev=364 t=694.7s remaining=1645
    iter=356 E=-1.6518442353 nfev=365 t=696.6s remaining=1644
    iter=357 E=-1.6518488935 nfev=366 t=698.4s remaining=1643
    iter=358 E=-1.6518538512 nfev=367 t=700.3s remaining=1642
    iter=359 E=-1.6518582846 nfev=368 t=702.1s remaining=1641
    iter=360 E=-1.6518639413 nfev=369 t=703.9s remaining=1640
    iter=361 E=-1.6518689328 nfev=370 t=705.7s remaining=1639
    iter=362 E=-1.6518742811 nfev=371 t=707.6s remaining=1638
    iter=363 E=-1.6518804859 nfev=372 t=709.4s remaining=1637
    iter=364 E=-1.6518857295 nfev=373 t=711.3s remaining=1636
    iter=365 E=-1.6518909722 nfev=374 t=713.1s remaining=1635
    iter=366 E=-1.6518977683 nfev=375 t=714.9s remaining=1634
    iter=367 E=-1.6519064614 nfev=376 t=716.8s remaining=1633
    iter=368 E=-1.6519143584 nfev=377 t=719.5s remaining=1632
    iter=369 E=-1.6519205318 nfev=378 t=721.4s remaining=1631
    iter=370 E=-1.6519258567 nfev=379 t=723.3s remaining=1630
    iter=371 E=-1.6519308143 nfev=380 t=725.1s remaining=1629
    iter=372 E=-1.6519355327 nfev=381 t=727.2s remaining=1628
    iter=373 E=-1.6519414826 nfev=382 t=729.3s remaining=1627
    iter=374 E=-1.6519468338 nfev=383 t=731.3s remaining=1626
    iter=375 E=-1.6519513376 nfev=384 t=733.3s remaining=1625
    iter=376 E=-1.6519560641 nfev=385 t=735.2s remaining=1624
    iter=377 E=-1.6519602922 nfev=386 t=737.1s remaining=1623
    iter=378 E=-1.6519644235 nfev=387 t=738.9s remaining=1622
    iter=379 E=-1.6519686094 nfev=388 t=740.8s remaining=1621
    iter=380 E=-1.6519725789 nfev=389 t=742.7s remaining=1620
    iter=381 E=-1.6519766370 nfev=390 t=744.5s remaining=1619
    iter=382 E=-1.6519815290 nfev=391 t=746.2s remaining=1618
    iter=383 E=-1.6519869820 nfev=392 t=748.0s remaining=1617
    iter=384 E=-1.6519927738 nfev=393 t=749.9s remaining=1616
    iter=385 E=-1.6519987184 nfev=394 t=751.9s remaining=1615
    iter=386 E=-1.6520051729 nfev=395 t=753.9s remaining=1614
    iter=387 E=-1.6520110620 nfev=396 t=755.7s remaining=1613
    iter=388 E=-1.6520158751 nfev=397 t=757.5s remaining=1612
    iter=389 E=-1.6520199560 nfev=398 t=759.4s remaining=1611
    iter=390 E=-1.6520231141 nfev=399 t=761.3s remaining=1610
    iter=391 E=-1.6520265720 nfev=400 t=763.2s remaining=1609
    iter=392 E=-1.6520315011 nfev=401 t=765.1s remaining=1608
    iter=393 E=-1.6520365499 nfev=402 t=766.9s remaining=1607
    iter=394 E=-1.6520408355 nfev=403 t=768.8s remaining=1606
    iter=395 E=-1.6520449740 nfev=404 t=770.8s remaining=1605
    iter=396 E=-1.6520494595 nfev=405 t=772.5s remaining=1604
    iter=397 E=-1.6520540465 nfev=406 t=774.3s remaining=1603
    iter=398 E=-1.6520590860 nfev=407 t=776.2s remaining=1602
    iter=399 E=-1.6520649947 nfev=408 t=778.1s remaining=1601
    iter=400 E=-1.6520713801 nfev=409 t=779.9s remaining=1600
    iter=401 E=-1.6520776377 nfev=410 t=781.8s remaining=1599
    iter=402 E=-1.6520835623 nfev=411 t=784.0s remaining=1598
    iter=403 E=-1.6520893896 nfev=412 t=785.9s remaining=1597
    iter=404 E=-1.6520939351 nfev=413 t=787.7s remaining=1596
    iter=405 E=-1.6520979629 nfev=414 t=789.6s remaining=1595
    iter=406 E=-1.6521021537 nfev=415 t=791.4s remaining=1594
    iter=407 E=-1.6521055277 nfev=416 t=793.2s remaining=1593
    iter=408 E=-1.6521091004 nfev=417 t=795.1s remaining=1592
    iter=409 E=-1.6521140664 nfev=418 t=797.0s remaining=1591
    iter=410 E=-1.6521192260 nfev=419 t=798.8s remaining=1590
    iter=411 E=-1.6521243791 nfev=420 t=800.7s remaining=1589
    iter=412 E=-1.6521282915 nfev=421 t=802.5s remaining=1588
    iter=413 E=-1.6521311130 nfev=422 t=804.5s remaining=1587
    iter=414 E=-1.6521337072 nfev=423 t=806.3s remaining=1586
    iter=415 E=-1.6521370102 nfev=424 t=808.1s remaining=1585
    iter=416 E=-1.6521417869 nfev=425 t=810.0s remaining=1584
    iter=417 E=-1.6521472073 nfev=426 t=811.7s remaining=1583
    iter=418 E=-1.6521516527 nfev=427 t=813.5s remaining=1582
    iter=419 E=-1.6521568345 nfev=428 t=815.3s remaining=1581
    iter=420 E=-1.6521636392 nfev=429 t=817.1s remaining=1580
    iter=421 E=-1.6521704941 nfev=430 t=818.9s remaining=1579
    iter=422 E=-1.6521763244 nfev=431 t=820.7s remaining=1578
    iter=423 E=-1.6521807562 nfev=432 t=822.6s remaining=1577
    iter=424 E=-1.6521846111 nfev=433 t=824.3s remaining=1576
    iter=425 E=-1.6521890204 nfev=434 t=826.1s remaining=1575
    iter=426 E=-1.6521934794 nfev=435 t=827.9s remaining=1574
    iter=427 E=-1.6521963208 nfev=436 t=829.8s remaining=1573
    iter=428 E=-1.6521988002 nfev=437 t=832.1s remaining=1572
    iter=429 E=-1.6522020173 nfev=438 t=834.0s remaining=1571
    iter=430 E=-1.6522063982 nfev=439 t=835.8s remaining=1570
    iter=431 E=-1.6522117755 nfev=440 t=837.7s remaining=1569
    iter=432 E=-1.6522161950 nfev=441 t=839.5s remaining=1568
    iter=433 E=-1.6522199006 nfev=442 t=841.3s remaining=1567
    iter=434 E=-1.6522235572 nfev=443 t=843.2s remaining=1566
    iter=435 E=-1.6522280610 nfev=444 t=845.0s remaining=1565
    iter=436 E=-1.6522336918 nfev=445 t=846.9s remaining=1564
    iter=437 E=-1.6522386882 nfev=446 t=848.7s remaining=1563
    iter=438 E=-1.6522431202 nfev=447 t=850.5s remaining=1562
    iter=439 E=-1.6522483788 nfev=448 t=852.4s remaining=1561
    iter=440 E=-1.6522527939 nfev=449 t=854.2s remaining=1560
    iter=441 E=-1.6522570582 nfev=450 t=856.2s remaining=1559
    iter=442 E=-1.6522603443 nfev=451 t=858.0s remaining=1558
    iter=443 E=-1.6522627374 nfev=452 t=859.9s remaining=1557
    iter=444 E=-1.6522653389 nfev=453 t=861.7s remaining=1556
    iter=445 E=-1.6522685191 nfev=454 t=863.7s remaining=1555
    iter=446 E=-1.6522724008 nfev=455 t=865.7s remaining=1554
    iter=447 E=-1.6522772439 nfev=456 t=867.5s remaining=1553
    iter=448 E=-1.6522815013 nfev=457 t=869.4s remaining=1552
    iter=449 E=-1.6522845399 nfev=458 t=871.5s remaining=1551
    iter=450 E=-1.6522880297 nfev=459 t=873.3s remaining=1550
    iter=451 E=-1.6522920790 nfev=460 t=875.1s remaining=1549
    iter=452 E=-1.6522955917 nfev=461 t=877.0s remaining=1548
    iter=453 E=-1.6522985533 nfev=462 t=878.9s remaining=1547
    iter=454 E=-1.6523011667 nfev=463 t=880.7s remaining=1546
    iter=455 E=-1.6523038649 nfev=464 t=882.6s remaining=1545
    iter=456 E=-1.6523072307 nfev=465 t=884.4s remaining=1544
    iter=457 E=-1.6523116338 nfev=466 t=886.2s remaining=1543
    iter=458 E=-1.6523169484 nfev=467 t=888.1s remaining=1542
    iter=459 E=-1.6523220958 nfev=468 t=889.9s remaining=1541
    iter=460 E=-1.6523260513 nfev=469 t=891.7s remaining=1540
    iter=461 E=-1.6523299007 nfev=470 t=893.5s remaining=1539
    iter=462 E=-1.6523337248 nfev=471 t=895.4s remaining=1538
    iter=463 E=-1.6523362339 nfev=472 t=897.3s remaining=1537
    iter=464 E=-1.6523386018 nfev=473 t=899.1s remaining=1536
    iter=465 E=-1.6523403228 nfev=474 t=901.5s remaining=1535
    iter=466 E=-1.6523426492 nfev=475 t=903.6s remaining=1534
    iter=467 E=-1.6523448865 nfev=476 t=905.4s remaining=1533
    iter=468 E=-1.6523477350 nfev=477 t=907.3s remaining=1532
    iter=469 E=-1.6523517465 nfev=478 t=909.2s remaining=1531
    iter=470 E=-1.6523568040 nfev=479 t=911.2s remaining=1530
    iter=471 E=-1.6523607943 nfev=480 t=913.1s remaining=1529
    iter=472 E=-1.6523649319 nfev=481 t=915.1s remaining=1528
    iter=473 E=-1.6523687015 nfev=482 t=917.8s remaining=1527
    iter=474 E=-1.6523708797 nfev=483 t=920.1s remaining=1526
    iter=475 E=-1.6523736723 nfev=484 t=921.9s remaining=1525
    iter=476 E=-1.6523775792 nfev=485 t=923.8s remaining=1524
    iter=477 E=-1.6523822715 nfev=486 t=925.6s remaining=1523
    iter=478 E=-1.6523861215 nfev=487 t=927.9s remaining=1522
    iter=479 E=-1.6523897547 nfev=488 t=929.7s remaining=1521
    iter=480 E=-1.6523932223 nfev=489 t=931.6s remaining=1520
    iter=481 E=-1.6523964123 nfev=490 t=933.4s remaining=1519
    iter=482 E=-1.6523991857 nfev=491 t=935.3s remaining=1518
    iter=483 E=-1.6524020864 nfev=492 t=937.2s remaining=1517
    iter=484 E=-1.6524042708 nfev=493 t=939.2s remaining=1516
    iter=485 E=-1.6524061822 nfev=494 t=941.2s remaining=1515
    iter=486 E=-1.6524085428 nfev=495 t=943.1s remaining=1514
    iter=487 E=-1.6524116747 nfev=496 t=945.1s remaining=1513
    iter=488 E=-1.6524142698 nfev=497 t=947.0s remaining=1512
    iter=489 E=-1.6524171092 nfev=498 t=948.8s remaining=1511
    iter=490 E=-1.6524198056 nfev=499 t=951.1s remaining=1510
    iter=491 E=-1.6524222579 nfev=500 t=953.8s remaining=1509
    iter=492 E=-1.6524244745 nfev=501 t=955.9s remaining=1508
    iter=493 E=-1.6524269410 nfev=502 t=957.8s remaining=1507
    iter=494 E=-1.6524298381 nfev=503 t=959.6s remaining=1506
    iter=495 E=-1.6524334351 nfev=504 t=961.5s remaining=1505
    iter=496 E=-1.6524371969 nfev=505 t=963.4s remaining=1504
    iter=497 E=-1.6524403448 nfev=506 t=965.2s remaining=1503
    iter=498 E=-1.6524420499 nfev=507 t=967.0s remaining=1502
    iter=499 E=-1.6524438107 nfev=508 t=968.9s remaining=1501
    iter=500 E=-1.6524454568 nfev=509 t=970.8s remaining=1500
    iter=501 E=-1.6524479222 nfev=510 t=972.7s remaining=1499
    iter=502 E=-1.6524505141 nfev=511 t=974.6s remaining=1498
    iter=503 E=-1.6524531516 nfev=512 t=976.6s remaining=1497
    iter=504 E=-1.6524566489 nfev=513 t=978.7s remaining=1496
    iter=505 E=-1.6524600826 nfev=514 t=980.5s remaining=1495
    iter=506 E=-1.6524625241 nfev=515 t=982.3s remaining=1494
    iter=507 E=-1.6524644515 nfev=516 t=984.1s remaining=1493
    iter=508 E=-1.6524660551 nfev=517 t=986.1s remaining=1492
    iter=509 E=-1.6524671257 nfev=518 t=987.9s remaining=1491
    iter=510 E=-1.6524683457 nfev=519 t=989.7s remaining=1490
    iter=511 E=-1.6524700852 nfev=520 t=991.5s remaining=1489
    iter=512 E=-1.6524724505 nfev=521 t=993.4s remaining=1488
    iter=513 E=-1.6524754409 nfev=522 t=995.3s remaining=1487
    iter=514 E=-1.6524786843 nfev=523 t=997.2s remaining=1486
    iter=515 E=-1.6524813702 nfev=524 t=999.1s remaining=1485
    iter=516 E=-1.6524832399 nfev=525 t=1000.9s remaining=1484
    iter=517 E=-1.6524845565 nfev=526 t=1002.9s remaining=1483
    iter=518 E=-1.6524856410 nfev=527 t=1004.8s remaining=1482
    iter=519 E=-1.6524867630 nfev=528 t=1006.8s remaining=1481
    iter=520 E=-1.6524883165 nfev=529 t=1008.7s remaining=1480
    iter=521 E=-1.6524902240 nfev=530 t=1010.7s remaining=1479
    iter=522 E=-1.6524919660 nfev=531 t=1012.7s remaining=1478
    iter=523 E=-1.6524938508 nfev=532 t=1014.5s remaining=1477
    iter=524 E=-1.6524961698 nfev=533 t=1016.3s remaining=1476
    iter=525 E=-1.6524990165 nfev=534 t=1018.1s remaining=1475
    iter=526 E=-1.6525017594 nfev=535 t=1019.9s remaining=1474
    iter=527 E=-1.6525035353 nfev=536 t=1021.7s remaining=1473
    iter=528 E=-1.6525044209 nfev=537 t=1023.5s remaining=1472
    iter=529 E=-1.6525050802 nfev=538 t=1025.6s remaining=1471
    iter=530 E=-1.6525058895 nfev=539 t=1028.3s remaining=1470
    iter=531 E=-1.6525070889 nfev=540 t=1031.0s remaining=1469
    iter=532 E=-1.6525089211 nfev=541 t=1033.6s remaining=1468
    iter=533 E=-1.6525115511 nfev=542 t=1036.3s remaining=1467
    iter=534 E=-1.6525142328 nfev=543 t=1039.1s remaining=1466
    iter=535 E=-1.6525164266 nfev=544 t=1041.8s remaining=1465
    iter=536 E=-1.6525177175 nfev=545 t=1044.6s remaining=1464
    iter=537 E=-1.6525186262 nfev=546 t=1047.2s remaining=1463
    iter=538 E=-1.6525198155 nfev=547 t=1049.4s remaining=1462
    iter=539 E=-1.6525215880 nfev=548 t=1051.2s remaining=1461
    iter=540 E=-1.6525237710 nfev=549 t=1053.0s remaining=1460
    iter=541 E=-1.6525254526 nfev=550 t=1054.9s remaining=1459
    iter=542 E=-1.6525271611 nfev=551 t=1056.7s remaining=1458
    iter=543 E=-1.6525289772 nfev=552 t=1058.7s remaining=1457
    iter=544 E=-1.6525310890 nfev=553 t=1061.3s remaining=1456
    iter=545 E=-1.6525332496 nfev=554 t=1063.2s remaining=1455
    iter=546 E=-1.6525349072 nfev=555 t=1065.0s remaining=1454
    iter=547 E=-1.6525356607 nfev=556 t=1066.9s remaining=1453
    iter=548 E=-1.6525362656 nfev=557 t=1068.8s remaining=1452
    iter=549 E=-1.6525371261 nfev=558 t=1070.6s remaining=1451
    iter=550 E=-1.6525380382 nfev=559 t=1073.2s remaining=1450
    iter=551 E=-1.6525391750 nfev=560 t=1075.3s remaining=1449
    iter=552 E=-1.6525406084 nfev=561 t=1077.1s remaining=1448
    iter=553 E=-1.6525421624 nfev=562 t=1078.9s remaining=1447
    iter=554 E=-1.6525436603 nfev=563 t=1080.8s remaining=1446
    iter=555 E=-1.6525452725 nfev=564 t=1083.0s remaining=1445
    iter=556 E=-1.6525471799 nfev=565 t=1085.0s remaining=1444
    iter=557 E=-1.6525487952 nfev=566 t=1086.9s remaining=1443
    iter=558 E=-1.6525503766 nfev=567 t=1088.7s remaining=1442
    iter=559 E=-1.6525519819 nfev=568 t=1090.5s remaining=1441
    iter=560 E=-1.6525532345 nfev=569 t=1092.4s remaining=1440
    iter=561 E=-1.6525544863 nfev=570 t=1094.2s remaining=1439
    iter=562 E=-1.6525555839 nfev=571 t=1096.0s remaining=1438
    iter=563 E=-1.6525565329 nfev=572 t=1097.8s remaining=1437
    iter=564 E=-1.6525578361 nfev=573 t=1099.6s remaining=1436
    iter=565 E=-1.6525593745 nfev=574 t=1101.5s remaining=1435
    iter=566 E=-1.6525609014 nfev=575 t=1103.4s remaining=1434
    iter=567 E=-1.6525623727 nfev=576 t=1105.2s remaining=1433
    iter=568 E=-1.6525637256 nfev=577 t=1107.3s remaining=1432
    iter=569 E=-1.6525649952 nfev=578 t=1109.5s remaining=1431
    iter=570 E=-1.6525663017 nfev=579 t=1111.5s remaining=1430
    iter=571 E=-1.6525679270 nfev=580 t=1113.3s remaining=1429
    iter=572 E=-1.6525694349 nfev=581 t=1115.1s remaining=1428
    iter=573 E=-1.6525708884 nfev=582 t=1116.9s remaining=1427
    iter=574 E=-1.6525722417 nfev=583 t=1118.7s remaining=1426
    iter=575 E=-1.6525735776 nfev=584 t=1120.6s remaining=1425
    iter=576 E=-1.6525750577 nfev=585 t=1122.4s remaining=1424
    iter=577 E=-1.6525770427 nfev=586 t=1124.2s remaining=1423
    iter=578 E=-1.6525791857 nfev=587 t=1126.1s remaining=1422
    iter=579 E=-1.6525810698 nfev=588 t=1127.9s remaining=1421
    iter=580 E=-1.6525826493 nfev=589 t=1129.9s remaining=1420
    iter=581 E=-1.6525840998 nfev=590 t=1132.0s remaining=1419
    iter=582 E=-1.6525852299 nfev=591 t=1134.0s remaining=1418
    iter=583 E=-1.6525861522 nfev=592 t=1135.9s remaining=1417
    iter=584 E=-1.6525868757 nfev=593 t=1137.7s remaining=1416
    iter=585 E=-1.6525875348 nfev=594 t=1140.0s remaining=1415
    iter=586 E=-1.6525882335 nfev=595 t=1142.7s remaining=1414
    iter=587 E=-1.6525891326 nfev=596 t=1145.5s remaining=1413
    iter=588 E=-1.6525903494 nfev=597 t=1148.2s remaining=1412
    iter=589 E=-1.6525918265 nfev=598 t=1150.9s remaining=1411
    iter=590 E=-1.6525934105 nfev=599 t=1153.5s remaining=1410
    iter=591 E=-1.6525949439 nfev=600 t=1156.2s remaining=1409
    iter=592 E=-1.6525959166 nfev=601 t=1158.4s remaining=1408
    iter=593 E=-1.6525963734 nfev=602 t=1160.2s remaining=1407
    iter=594 E=-1.6525969556 nfev=603 t=1162.1s remaining=1406
    iter=595 E=-1.6525974932 nfev=604 t=1163.9s remaining=1405
    iter=596 E=-1.6525980040 nfev=605 t=1165.9s remaining=1404
    iter=597 E=-1.6525987530 nfev=606 t=1167.7s remaining=1403
    iter=598 E=-1.6525998181 nfev=607 t=1169.9s remaining=1402
    iter=599 E=-1.6526012669 nfev=608 t=1172.5s remaining=1401
    iter=600 E=-1.6526032930 nfev=609 t=1174.4s remaining=1400
    iter=601 E=-1.6526059333 nfev=610 t=1176.2s remaining=1399
    iter=602 E=-1.6526082585 nfev=611 t=1178.1s remaining=1398
    iter=603 E=-1.6526098914 nfev=612 t=1180.0s remaining=1397
    iter=604 E=-1.6526112889 nfev=613 t=1181.8s remaining=1396
    iter=605 E=-1.6526126739 nfev=614 t=1183.7s remaining=1395
    iter=606 E=-1.6526136550 nfev=615 t=1185.5s remaining=1394
    iter=607 E=-1.6526146789 nfev=616 t=1187.7s remaining=1393
    iter=608 E=-1.6526155888 nfev=617 t=1189.6s remaining=1392
    iter=609 E=-1.6526165437 nfev=618 t=1191.4s remaining=1391
    iter=610 E=-1.6526173221 nfev=619 t=1193.4s remaining=1390
    iter=611 E=-1.6526183432 nfev=620 t=1195.4s remaining=1389
    iter=612 E=-1.6526198359 nfev=621 t=1197.3s remaining=1388
    iter=613 E=-1.6526218999 nfev=622 t=1199.1s remaining=1387
    iter=614 E=-1.6526239776 nfev=623 t=1201.0s remaining=1386
    iter=615 E=-1.6526256529 nfev=624 t=1202.9s remaining=1385
    iter=616 E=-1.6526270396 nfev=625 t=1204.7s remaining=1384
    iter=617 E=-1.6526283548 nfev=626 t=1206.6s remaining=1383
    iter=618 E=-1.6526293267 nfev=627 t=1208.4s remaining=1382
    iter=619 E=-1.6526303969 nfev=628 t=1210.2s remaining=1381
    iter=620 E=-1.6526310308 nfev=629 t=1212.0s remaining=1380
    iter=621 E=-1.6526315773 nfev=630 t=1213.9s remaining=1379
    iter=622 E=-1.6526321690 nfev=631 t=1215.7s remaining=1378
    iter=623 E=-1.6526329960 nfev=632 t=1217.6s remaining=1377
    iter=624 E=-1.6526343185 nfev=633 t=1219.4s remaining=1376
    iter=625 E=-1.6526365203 nfev=634 t=1221.2s remaining=1375
    iter=626 E=-1.6526397916 nfev=635 t=1223.0s remaining=1374
    iter=627 E=-1.6526429198 nfev=636 t=1224.8s remaining=1373
    iter=628 E=-1.6526449085 nfev=637 t=1226.6s remaining=1372
    iter=629 E=-1.6526469120 nfev=638 t=1228.4s remaining=1371
    iter=630 E=-1.6526484736 nfev=639 t=1230.2s remaining=1370
    iter=631 E=-1.6526493739 nfev=640 t=1232.1s remaining=1369
    iter=632 E=-1.6526502572 nfev=641 t=1234.2s remaining=1368
    iter=633 E=-1.6526510535 nfev=642 t=1236.2s remaining=1367
    iter=634 E=-1.6526517674 nfev=643 t=1238.3s remaining=1366
    iter=635 E=-1.6526525073 nfev=644 t=1240.2s remaining=1365
    iter=636 E=-1.6526531939 nfev=645 t=1242.0s remaining=1364
    iter=637 E=-1.6526540106 nfev=646 t=1243.8s remaining=1363
    iter=638 E=-1.6526548987 nfev=647 t=1245.6s remaining=1362
    iter=639 E=-1.6526558471 nfev=648 t=1247.4s remaining=1361
    iter=640 E=-1.6526568212 nfev=649 t=1249.3s remaining=1360
    iter=641 E=-1.6526579223 nfev=650 t=1251.1s remaining=1359
    iter=642 E=-1.6526590953 nfev=651 t=1252.9s remaining=1358
    iter=643 E=-1.6526599829 nfev=652 t=1254.7s remaining=1357
    iter=644 E=-1.6526609880 nfev=653 t=1256.5s remaining=1356
    iter=645 E=-1.6526618587 nfev=654 t=1258.3s remaining=1355
    iter=646 E=-1.6526629371 nfev=655 t=1260.3s remaining=1354
    iter=647 E=-1.6526639776 nfev=656 t=1262.1s remaining=1353
    iter=648 E=-1.6526650328 nfev=657 t=1264.0s remaining=1352
    iter=649 E=-1.6526662025 nfev=658 t=1266.1s remaining=1351
    iter=650 E=-1.6526670001 nfev=659 t=1268.4s remaining=1350
    iter=651 E=-1.6526677711 nfev=660 t=1270.6s remaining=1349
    iter=652 E=-1.6526684830 nfev=661 t=1272.9s remaining=1348
    iter=653 E=-1.6526692369 nfev=662 t=1274.7s remaining=1347
    iter=654 E=-1.6526701951 nfev=663 t=1276.6s remaining=1346
    iter=655 E=-1.6526712174 nfev=664 t=1278.5s remaining=1345
    iter=656 E=-1.6526726257 nfev=665 t=1280.4s remaining=1344
    iter=657 E=-1.6526744299 nfev=666 t=1282.5s remaining=1343
    iter=658 E=-1.6526765642 nfev=667 t=1284.5s remaining=1342
    iter=659 E=-1.6526785132 nfev=668 t=1286.6s remaining=1341
    iter=660 E=-1.6526800613 nfev=669 t=1288.6s remaining=1340
    iter=661 E=-1.6526814425 nfev=670 t=1290.4s remaining=1339
    iter=662 E=-1.6526825629 nfev=671 t=1292.3s remaining=1338
    iter=663 E=-1.6526833870 nfev=672 t=1294.6s remaining=1337
    iter=664 E=-1.6526840202 nfev=673 t=1296.4s remaining=1336
    iter=665 E=-1.6526846175 nfev=674 t=1298.2s remaining=1335
    iter=666 E=-1.6526850030 nfev=675 t=1300.2s remaining=1334
    iter=667 E=-1.6526855201 nfev=676 t=1302.1s remaining=1333
    iter=668 E=-1.6526861625 nfev=677 t=1304.1s remaining=1332
    iter=669 E=-1.6526870324 nfev=678 t=1306.1s remaining=1331
    iter=670 E=-1.6526881311 nfev=679 t=1308.0s remaining=1330
    iter=671 E=-1.6526894653 nfev=680 t=1309.9s remaining=1329
    iter=672 E=-1.6526911464 nfev=681 t=1311.9s remaining=1328
    iter=673 E=-1.6526932642 nfev=682 t=1313.8s remaining=1327
    iter=674 E=-1.6526951203 nfev=683 t=1315.8s remaining=1326
    iter=675 E=-1.6526963215 nfev=684 t=1317.6s remaining=1325
    iter=676 E=-1.6526971050 nfev=685 t=1319.5s remaining=1324
    iter=677 E=-1.6526976574 nfev=686 t=1321.3s remaining=1323
    iter=678 E=-1.6526981935 nfev=687 t=1323.1s remaining=1322
    iter=679 E=-1.6526989164 nfev=688 t=1325.3s remaining=1321
    iter=680 E=-1.6526998699 nfev=689 t=1327.9s remaining=1320
    iter=681 E=-1.6527012156 nfev=690 t=1329.8s remaining=1319
    iter=682 E=-1.6527030335 nfev=691 t=1331.7s remaining=1318
    iter=683 E=-1.6527048945 nfev=692 t=1333.5s remaining=1317
    iter=684 E=-1.6527065076 nfev=693 t=1335.4s remaining=1316
    iter=685 E=-1.6527080781 nfev=694 t=1337.2s remaining=1315
    iter=686 E=-1.6527096068 nfev=695 t=1339.1s remaining=1314
    iter=687 E=-1.6527106026 nfev=696 t=1340.9s remaining=1313
    iter=688 E=-1.6527118143 nfev=697 t=1342.7s remaining=1312
    iter=689 E=-1.6527127068 nfev=698 t=1344.6s remaining=1311
    iter=690 E=-1.6527136264 nfev=699 t=1346.3s remaining=1310
    iter=691 E=-1.6527144189 nfev=700 t=1348.0s remaining=1309
    iter=692 E=-1.6527149574 nfev=701 t=1349.9s remaining=1308
    iter=693 E=-1.6527157194 nfev=702 t=1351.8s remaining=1307
    iter=694 E=-1.6527167647 nfev=703 t=1353.6s remaining=1306
    iter=695 E=-1.6527182062 nfev=704 t=1355.4s remaining=1305
    iter=696 E=-1.6527201354 nfev=705 t=1357.2s remaining=1304
    iter=697 E=-1.6527223053 nfev=706 t=1359.0s remaining=1303
    iter=698 E=-1.6527241129 nfev=707 t=1360.9s remaining=1302
    iter=699 E=-1.6527254770 nfev=708 t=1362.7s remaining=1301
    iter=700 E=-1.6527265315 nfev=709 t=1364.5s remaining=1300
    iter=701 E=-1.6527273044 nfev=710 t=1366.5s remaining=1299
    iter=702 E=-1.6527278296 nfev=711 t=1368.6s remaining=1298
    iter=703 E=-1.6527283638 nfev=712 t=1370.5s remaining=1297
    iter=704 E=-1.6527288272 nfev=713 t=1372.3s remaining=1296
    iter=705 E=-1.6527294374 nfev=714 t=1374.3s remaining=1295
    iter=706 E=-1.6527301315 nfev=715 t=1376.2s remaining=1294
    iter=707 E=-1.6527310611 nfev=716 t=1378.6s remaining=1293
    iter=708 E=-1.6527320226 nfev=717 t=1380.7s remaining=1292
    iter=709 E=-1.6527333007 nfev=718 t=1382.4s remaining=1291
    iter=710 E=-1.6527350773 nfev=719 t=1384.2s remaining=1290
    iter=711 E=-1.6527367884 nfev=720 t=1386.0s remaining=1289
    iter=712 E=-1.6527378362 nfev=721 t=1387.9s remaining=1288
    iter=713 E=-1.6527386242 nfev=722 t=1390.0s remaining=1287
    iter=714 E=-1.6527392317 nfev=723 t=1391.9s remaining=1286
    iter=715 E=-1.6527398174 nfev=724 t=1393.9s remaining=1285
    iter=716 E=-1.6527404571 nfev=725 t=1396.0s remaining=1284
    iter=717 E=-1.6527411037 nfev=726 t=1398.0s remaining=1283
    iter=718 E=-1.6527417676 nfev=727 t=1400.0s remaining=1282
    iter=719 E=-1.6527425040 nfev=728 t=1401.9s remaining=1281
    iter=720 E=-1.6527434176 nfev=729 t=1403.8s remaining=1280
    iter=721 E=-1.6527446658 nfev=730 t=1406.2s remaining=1279
    iter=722 E=-1.6527461619 nfev=731 t=1408.0s remaining=1278
    iter=723 E=-1.6527476066 nfev=732 t=1409.9s remaining=1277
    iter=724 E=-1.6527491749 nfev=733 t=1411.8s remaining=1276
    iter=725 E=-1.6527506185 nfev=734 t=1413.6s remaining=1275
    iter=726 E=-1.6527517641 nfev=735 t=1415.5s remaining=1274
    iter=727 E=-1.6527526802 nfev=736 t=1417.4s remaining=1273
    iter=728 E=-1.6527536131 nfev=737 t=1419.2s remaining=1272
    iter=729 E=-1.6527545745 nfev=738 t=1421.0s remaining=1271
    iter=730 E=-1.6527552302 nfev=739 t=1422.8s remaining=1270
    iter=731 E=-1.6527556903 nfev=740 t=1424.6s remaining=1269
    iter=732 E=-1.6527560234 nfev=741 t=1426.5s remaining=1268
    iter=733 E=-1.6527564150 nfev=742 t=1428.3s remaining=1267
    iter=734 E=-1.6527569972 nfev=743 t=1430.0s remaining=1266
    iter=735 E=-1.6527578165 nfev=744 t=1432.1s remaining=1265
    iter=736 E=-1.6527588064 nfev=745 t=1434.2s remaining=1264
    iter=737 E=-1.6527602130 nfev=746 t=1436.0s remaining=1263
    iter=738 E=-1.6527619810 nfev=747 t=1438.5s remaining=1262
    iter=739 E=-1.6527632388 nfev=748 t=1440.5s remaining=1261
    iter=740 E=-1.6527641230 nfev=749 t=1442.6s remaining=1260
    iter=741 E=-1.6527647181 nfev=750 t=1444.5s remaining=1259
    iter=742 E=-1.6527652341 nfev=751 t=1446.4s remaining=1258
    iter=743 E=-1.6527657361 nfev=752 t=1448.4s remaining=1257
    iter=744 E=-1.6527661904 nfev=753 t=1450.3s remaining=1256
    iter=745 E=-1.6527667054 nfev=754 t=1452.1s remaining=1255
    iter=746 E=-1.6527672370 nfev=755 t=1454.0s remaining=1254
    iter=747 E=-1.6527677685 nfev=756 t=1456.0s remaining=1253
    iter=748 E=-1.6527683967 nfev=757 t=1457.9s remaining=1252
    iter=749 E=-1.6527692278 nfev=758 t=1459.8s remaining=1251
    iter=750 E=-1.6527700772 nfev=759 t=1461.6s remaining=1250
    iter=751 E=-1.6527710459 nfev=760 t=1463.5s remaining=1249
    iter=752 E=-1.6527720742 nfev=761 t=1465.6s remaining=1248
    iter=753 E=-1.6527735072 nfev=762 t=1467.6s remaining=1247
    iter=754 E=-1.6527751787 nfev=763 t=1469.6s remaining=1246
    iter=755 E=-1.6527772349 nfev=764 t=1471.4s remaining=1245
    iter=756 E=-1.6527792305 nfev=765 t=1473.4s remaining=1244
    iter=757 E=-1.6527803184 nfev=766 t=1475.3s remaining=1243
    iter=758 E=-1.6527810006 nfev=767 t=1477.2s remaining=1242
    iter=759 E=-1.6527814695 nfev=768 t=1479.5s remaining=1241
    iter=760 E=-1.6527819425 nfev=769 t=1481.8s remaining=1240
    iter=761 E=-1.6527824641 nfev=770 t=1483.6s remaining=1239
    iter=762 E=-1.6527829261 nfev=771 t=1485.5s remaining=1238
    iter=763 E=-1.6527835490 nfev=772 t=1487.3s remaining=1237
    iter=764 E=-1.6527844545 nfev=773 t=1489.4s remaining=1236
    iter=765 E=-1.6527856293 nfev=774 t=1491.1s remaining=1235
    iter=766 E=-1.6527868397 nfev=775 t=1492.9s remaining=1234
    iter=767 E=-1.6527882172 nfev=776 t=1494.8s remaining=1233
    iter=768 E=-1.6527892925 nfev=777 t=1496.7s remaining=1232
    iter=769 E=-1.6527900465 nfev=778 t=1498.5s remaining=1231
    iter=770 E=-1.6527906254 nfev=779 t=1500.3s remaining=1230
    iter=771 E=-1.6527910239 nfev=780 t=1502.0s remaining=1229
    iter=772 E=-1.6527914079 nfev=781 t=1503.9s remaining=1228
    iter=773 E=-1.6527918946 nfev=782 t=1505.8s remaining=1227
    iter=774 E=-1.6527925513 nfev=783 t=1507.7s remaining=1226
    iter=775 E=-1.6527933460 nfev=784 t=1509.6s remaining=1225
    iter=776 E=-1.6527941936 nfev=785 t=1511.5s remaining=1224
    iter=777 E=-1.6527949368 nfev=786 t=1513.4s remaining=1223
    iter=778 E=-1.6527958148 nfev=787 t=1516.3s remaining=1222
    iter=779 E=-1.6527966841 nfev=788 t=1518.4s remaining=1221
    iter=780 E=-1.6527973964 nfev=789 t=1520.2s remaining=1220
    iter=781 E=-1.6527983296 nfev=790 t=1522.1s remaining=1219
    iter=782 E=-1.6527989932 nfev=791 t=1524.0s remaining=1218
    iter=783 E=-1.6527998252 nfev=792 t=1525.8s remaining=1217
    iter=784 E=-1.6528008481 nfev=793 t=1527.7s remaining=1216
    iter=785 E=-1.6528019750 nfev=794 t=1529.6s remaining=1215
    iter=786 E=-1.6528029622 nfev=795 t=1531.4s remaining=1214
    iter=787 E=-1.6528040424 nfev=796 t=1533.2s remaining=1213
    iter=788 E=-1.6528049765 nfev=797 t=1535.1s remaining=1212
    iter=789 E=-1.6528056299 nfev=798 t=1537.0s remaining=1211
    iter=790 E=-1.6528064419 nfev=799 t=1538.9s remaining=1210
    iter=791 E=-1.6528074793 nfev=800 t=1541.0s remaining=1209
    iter=792 E=-1.6528082168 nfev=801 t=1542.9s remaining=1208
    iter=793 E=-1.6528088414 nfev=802 t=1544.8s remaining=1207
    iter=794 E=-1.6528093654 nfev=803 t=1546.7s remaining=1206
    iter=795 E=-1.6528098592 nfev=804 t=1548.5s remaining=1205
    iter=796 E=-1.6528104314 nfev=805 t=1550.3s remaining=1204
    iter=797 E=-1.6528112591 nfev=806 t=1552.1s remaining=1203
    iter=798 E=-1.6528122758 nfev=807 t=1553.9s remaining=1202
    iter=799 E=-1.6528133380 nfev=808 t=1555.8s remaining=1201
    iter=800 E=-1.6528144603 nfev=809 t=1557.8s remaining=1200
    iter=801 E=-1.6528156302 nfev=810 t=1559.8s remaining=1199
    iter=802 E=-1.6528163898 nfev=811 t=1561.6s remaining=1198
    iter=803 E=-1.6528172098 nfev=812 t=1563.5s remaining=1197
    iter=804 E=-1.6528180751 nfev=813 t=1565.3s remaining=1196
    iter=805 E=-1.6528187489 nfev=814 t=1567.1s remaining=1195
    iter=806 E=-1.6528194174 nfev=815 t=1568.9s remaining=1194
    iter=807 E=-1.6528200767 nfev=816 t=1570.8s remaining=1193
    iter=808 E=-1.6528206400 nfev=817 t=1572.5s remaining=1192
    iter=809 E=-1.6528210580 nfev=818 t=1574.3s remaining=1191
    iter=810 E=-1.6528214937 nfev=819 t=1576.1s remaining=1190
    iter=811 E=-1.6528219337 nfev=820 t=1578.1s remaining=1189
    iter=812 E=-1.6528223912 nfev=821 t=1579.9s remaining=1188
    iter=813 E=-1.6528229472 nfev=822 t=1581.8s remaining=1187
    iter=814 E=-1.6528235471 nfev=823 t=1583.5s remaining=1186
    iter=815 E=-1.6528242706 nfev=824 t=1585.4s remaining=1185
    iter=816 E=-1.6528251579 nfev=825 t=1587.6s remaining=1184
    iter=817 E=-1.6528260455 nfev=826 t=1590.1s remaining=1183
    iter=818 E=-1.6528270181 nfev=827 t=1591.9s remaining=1182
    iter=819 E=-1.6528279402 nfev=828 t=1593.7s remaining=1181
    iter=820 E=-1.6528288475 nfev=829 t=1595.6s remaining=1180
    iter=821 E=-1.6528297385 nfev=830 t=1597.4s remaining=1179
    iter=822 E=-1.6528304498 nfev=831 t=1599.3s remaining=1178
    iter=823 E=-1.6528309241 nfev=832 t=1602.1s remaining=1177
    iter=824 E=-1.6528314229 nfev=833 t=1605.0s remaining=1176
    iter=825 E=-1.6528319883 nfev=834 t=1608.0s remaining=1175
    iter=826 E=-1.6528325586 nfev=835 t=1610.8s remaining=1174
    iter=827 E=-1.6528332155 nfev=836 t=1613.6s remaining=1173
    iter=828 E=-1.6528337498 nfev=837 t=1615.9s remaining=1172
    iter=829 E=-1.6528342688 nfev=838 t=1617.8s remaining=1171
    iter=830 E=-1.6528347809 nfev=839 t=1619.7s remaining=1170
    iter=831 E=-1.6528353466 nfev=840 t=1621.5s remaining=1169
    iter=832 E=-1.6528358582 nfev=841 t=1623.4s remaining=1168
    iter=833 E=-1.6528362563 nfev=842 t=1625.2s remaining=1167
    iter=834 E=-1.6528365076 nfev=843 t=1626.9s remaining=1166
    iter=835 E=-1.6528368609 nfev=844 t=1628.8s remaining=1165
    iter=836 E=-1.6528373476 nfev=845 t=1630.7s remaining=1164
    iter=837 E=-1.6528380671 nfev=846 t=1632.6s remaining=1163
    iter=838 E=-1.6528390709 nfev=847 t=1634.5s remaining=1162
    iter=839 E=-1.6528401754 nfev=848 t=1636.4s remaining=1161
    iter=840 E=-1.6528412205 nfev=849 t=1638.2s remaining=1160
    iter=841 E=-1.6528421959 nfev=850 t=1640.1s remaining=1159
    iter=842 E=-1.6528429221 nfev=851 t=1641.9s remaining=1158
    iter=843 E=-1.6528434382 nfev=852 t=1643.7s remaining=1157
    iter=844 E=-1.6528437886 nfev=853 t=1645.4s remaining=1156
    iter=845 E=-1.6528440198 nfev=854 t=1647.3s remaining=1155
    iter=846 E=-1.6528442087 nfev=855 t=1649.1s remaining=1154
    iter=847 E=-1.6528444802 nfev=856 t=1650.9s remaining=1153
    iter=848 E=-1.6528447335 nfev=857 t=1652.8s remaining=1152
    iter=849 E=-1.6528451086 nfev=858 t=1654.6s remaining=1151
    iter=850 E=-1.6528456721 nfev=859 t=1656.5s remaining=1150
    iter=851 E=-1.6528464639 nfev=860 t=1658.4s remaining=1149
    iter=852 E=-1.6528473945 nfev=861 t=1660.4s remaining=1148
    iter=853 E=-1.6528483819 nfev=862 t=1662.4s remaining=1147
    iter=854 E=-1.6528494659 nfev=863 t=1664.3s remaining=1146
    iter=855 E=-1.6528503635 nfev=864 t=1666.1s remaining=1145
    iter=856 E=-1.6528510430 nfev=865 t=1668.0s remaining=1144
    iter=857 E=-1.6528515372 nfev=866 t=1670.1s remaining=1143
    iter=858 E=-1.6528520391 nfev=867 t=1672.0s remaining=1142
    iter=859 E=-1.6528523570 nfev=868 t=1673.9s remaining=1141
    iter=860 E=-1.6528526583 nfev=869 t=1675.8s remaining=1140
    iter=861 E=-1.6528529359 nfev=870 t=1677.8s remaining=1139
    iter=862 E=-1.6528531512 nfev=871 t=1679.6s remaining=1138
    iter=863 E=-1.6528534198 nfev=872 t=1681.4s remaining=1137
    iter=864 E=-1.6528537941 nfev=873 t=1683.4s remaining=1136
    iter=865 E=-1.6528541995 nfev=874 t=1685.4s remaining=1135
    iter=866 E=-1.6528546397 nfev=875 t=1687.3s remaining=1134
    iter=867 E=-1.6528549914 nfev=876 t=1689.0s remaining=1133
    iter=868 E=-1.6528553841 nfev=877 t=1690.9s remaining=1132
    iter=869 E=-1.6528559689 nfev=878 t=1692.7s remaining=1131
    iter=870 E=-1.6528568323 nfev=879 t=1694.6s remaining=1130
    iter=871 E=-1.6528579102 nfev=880 t=1696.5s remaining=1129
    iter=872 E=-1.6528587492 nfev=881 t=1698.4s remaining=1128
    iter=873 E=-1.6528593894 nfev=882 t=1700.2s remaining=1127
    iter=874 E=-1.6528598471 nfev=883 t=1702.1s remaining=1126
    iter=875 E=-1.6528601053 nfev=884 t=1703.9s remaining=1125
    iter=876 E=-1.6528603083 nfev=885 t=1705.7s remaining=1124
    iter=877 E=-1.6528604650 nfev=886 t=1707.5s remaining=1123
    iter=878 E=-1.6528606117 nfev=887 t=1709.3s remaining=1122
    iter=879 E=-1.6528607971 nfev=888 t=1711.1s remaining=1121
    iter=880 E=-1.6528610579 nfev=889 t=1712.9s remaining=1120
    iter=881 E=-1.6528613214 nfev=890 t=1714.8s remaining=1119
    iter=882 E=-1.6528616649 nfev=891 t=1716.6s remaining=1118
    iter=883 E=-1.6528621773 nfev=892 t=1718.5s remaining=1117
    iter=884 E=-1.6528628441 nfev=893 t=1720.4s remaining=1116
    iter=885 E=-1.6528636184 nfev=894 t=1722.3s remaining=1115
    iter=886 E=-1.6528647070 nfev=895 t=1724.0s remaining=1114
    iter=887 E=-1.6528659942 nfev=896 t=1725.9s remaining=1113
    iter=888 E=-1.6528667032 nfev=897 t=1727.8s remaining=1112
    iter=889 E=-1.6528671388 nfev=898 t=1729.5s remaining=1111
    iter=890 E=-1.6528673534 nfev=899 t=1731.4s remaining=1110
    iter=891 E=-1.6528675294 nfev=900 t=1734.0s remaining=1109
    iter=892 E=-1.6528676646 nfev=901 t=1736.8s remaining=1108
    iter=893 E=-1.6528678223 nfev=902 t=1739.6s remaining=1107
    iter=894 E=-1.6528680269 nfev=903 t=1742.4s remaining=1106
    iter=895 E=-1.6528682984 nfev=904 t=1745.1s remaining=1105
    iter=896 E=-1.6528686056 nfev=905 t=1747.7s remaining=1104
    iter=897 E=-1.6528690301 nfev=906 t=1750.2s remaining=1103
    iter=898 E=-1.6528697010 nfev=907 t=1752.3s remaining=1102
    iter=899 E=-1.6528707293 nfev=908 t=1754.6s remaining=1101
    iter=900 E=-1.6528719172 nfev=909 t=1756.8s remaining=1100
    iter=901 E=-1.6528730477 nfev=910 t=1759.2s remaining=1099
    iter=902 E=-1.6528739767 nfev=911 t=1761.2s remaining=1098
    iter=903 E=-1.6528745681 nfev=912 t=1763.1s remaining=1097
    iter=904 E=-1.6528749842 nfev=913 t=1764.8s remaining=1096
    iter=905 E=-1.6528753173 nfev=914 t=1766.7s remaining=1095
    iter=906 E=-1.6528756212 nfev=915 t=1768.8s remaining=1094
    iter=907 E=-1.6528758773 nfev=916 t=1770.6s remaining=1093
    iter=908 E=-1.6528760846 nfev=917 t=1772.4s remaining=1092
    iter=909 E=-1.6528762572 nfev=918 t=1774.2s remaining=1091
    iter=910 E=-1.6528764424 nfev=919 t=1776.1s remaining=1090
    iter=911 E=-1.6528766383 nfev=920 t=1778.1s remaining=1089
    iter=912 E=-1.6528769140 nfev=921 t=1779.9s remaining=1088
    iter=913 E=-1.6528772997 nfev=922 t=1781.8s remaining=1087
    iter=914 E=-1.6528778896 nfev=923 t=1783.7s remaining=1086
    iter=915 E=-1.6528787558 nfev=924 t=1785.7s remaining=1085
    iter=916 E=-1.6528799432 nfev=925 t=1787.5s remaining=1084
    iter=917 E=-1.6528806881 nfev=926 t=1789.2s remaining=1083
    iter=918 E=-1.6528817043 nfev=927 t=1791.0s remaining=1082
    iter=919 E=-1.6528826469 nfev=928 t=1792.7s remaining=1081
    iter=920 E=-1.6528831652 nfev=929 t=1794.6s remaining=1080
    iter=921 E=-1.6528834537 nfev=930 t=1796.3s remaining=1079
    iter=922 E=-1.6528836619 nfev=931 t=1798.4s remaining=1078
    iter=923 E=-1.6528838176 nfev=932 t=1800.2s remaining=1077
    iter=924 E=-1.6528839404 nfev=933 t=1801.9s remaining=1076
    iter=925 E=-1.6528841108 nfev=934 t=1803.7s remaining=1075
    iter=926 E=-1.6528843068 nfev=935 t=1805.7s remaining=1074
    iter=927 E=-1.6528845097 nfev=936 t=1807.5s remaining=1073
    iter=928 E=-1.6528847655 nfev=937 t=1809.3s remaining=1072
    iter=929 E=-1.6528851047 nfev=938 t=1811.1s remaining=1071
    iter=930 E=-1.6528854957 nfev=939 t=1813.1s remaining=1070
    iter=931 E=-1.6528859996 nfev=940 t=1815.0s remaining=1069
    iter=932 E=-1.6528867093 nfev=941 t=1817.1s remaining=1068
    iter=933 E=-1.6528874686 nfev=942 t=1820.0s remaining=1067
    iter=934 E=-1.6528878448 nfev=943 t=1822.2s remaining=1066
    iter=935 E=-1.6528881816 nfev=944 t=1824.1s remaining=1065
    iter=936 E=-1.6528884429 nfev=945 t=1826.0s remaining=1064
    iter=937 E=-1.6528886127 nfev=946 t=1827.9s remaining=1063
    iter=938 E=-1.6528887545 nfev=947 t=1829.8s remaining=1062
    iter=939 E=-1.6528889252 nfev=948 t=1831.6s remaining=1061
    iter=940 E=-1.6528891170 nfev=949 t=1833.8s remaining=1060
    iter=941 E=-1.6528893402 nfev=950 t=1835.8s remaining=1059
    iter=942 E=-1.6528896658 nfev=951 t=1837.6s remaining=1058
    iter=943 E=-1.6528901013 nfev=952 t=1839.4s remaining=1057
    iter=944 E=-1.6528905987 nfev=953 t=1841.1s remaining=1056
    iter=945 E=-1.6528912139 nfev=954 t=1842.9s remaining=1055
    iter=946 E=-1.6528919308 nfev=955 t=1844.7s remaining=1054
    iter=947 E=-1.6528926916 nfev=956 t=1846.5s remaining=1053
    iter=948 E=-1.6528931751 nfev=957 t=1848.3s remaining=1052
    iter=949 E=-1.6528935407 nfev=958 t=1850.1s remaining=1051
    iter=950 E=-1.6528937442 nfev=959 t=1851.8s remaining=1050
    iter=951 E=-1.6528938831 nfev=960 t=1853.6s remaining=1049
    iter=952 E=-1.6528940133 nfev=961 t=1855.4s remaining=1048
    iter=953 E=-1.6528942117 nfev=962 t=1857.3s remaining=1047
    iter=954 E=-1.6528944387 nfev=963 t=1859.1s remaining=1046
    iter=955 E=-1.6528946190 nfev=964 t=1861.0s remaining=1045
    iter=956 E=-1.6528948309 nfev=965 t=1862.8s remaining=1044
    iter=957 E=-1.6528950635 nfev=966 t=1864.6s remaining=1043
    iter=958 E=-1.6528953443 nfev=967 t=1866.4s remaining=1042
    iter=959 E=-1.6528957025 nfev=968 t=1868.3s remaining=1041
    iter=960 E=-1.6528961518 nfev=969 t=1870.2s remaining=1040
    iter=961 E=-1.6528966467 nfev=970 t=1872.0s remaining=1039
    iter=962 E=-1.6528972278 nfev=971 t=1874.2s remaining=1038
    iter=963 E=-1.6528979380 nfev=972 t=1876.2s remaining=1037
    iter=964 E=-1.6528986359 nfev=973 t=1878.3s remaining=1036
    iter=965 E=-1.6528991228 nfev=974 t=1880.3s remaining=1035
    iter=966 E=-1.6528994568 nfev=975 t=1882.1s remaining=1034
    iter=967 E=-1.6528996951 nfev=976 t=1883.9s remaining=1033
    iter=968 E=-1.6528998546 nfev=977 t=1885.7s remaining=1032
    iter=969 E=-1.6528999863 nfev=978 t=1887.4s remaining=1031
    iter=970 E=-1.6529001183 nfev=979 t=1889.2s remaining=1030
    iter=971 E=-1.6529002804 nfev=980 t=1891.0s remaining=1029
    iter=972 E=-1.6529004096 nfev=981 t=1892.9s remaining=1028
    iter=973 E=-1.6529005675 nfev=982 t=1894.7s remaining=1027
    iter=974 E=-1.6529007559 nfev=983 t=1896.5s remaining=1026
    iter=975 E=-1.6529009658 nfev=984 t=1898.3s remaining=1025
    iter=976 E=-1.6529012102 nfev=985 t=1900.0s remaining=1024
    iter=977 E=-1.6529015363 nfev=986 t=1901.9s remaining=1023
    iter=978 E=-1.6529019515 nfev=987 t=1903.7s remaining=1022
    iter=979 E=-1.6529024821 nfev=988 t=1905.5s remaining=1021
    iter=980 E=-1.6529030320 nfev=989 t=1907.3s remaining=1020
    iter=981 E=-1.6529036203 nfev=990 t=1909.2s remaining=1019
    iter=982 E=-1.6529042034 nfev=991 t=1911.2s remaining=1018
    iter=983 E=-1.6529046084 nfev=992 t=1912.9s remaining=1017
    iter=984 E=-1.6529048412 nfev=993 t=1914.7s remaining=1016
    iter=985 E=-1.6529050035 nfev=994 t=1916.5s remaining=1015
    iter=986 E=-1.6529051366 nfev=995 t=1918.3s remaining=1014
    iter=987 E=-1.6529052797 nfev=996 t=1920.8s remaining=1013
    iter=988 E=-1.6529054383 nfev=997 t=1922.6s remaining=1012
    iter=989 E=-1.6529056145 nfev=998 t=1924.4s remaining=1011
    iter=990 E=-1.6529058231 nfev=999 t=1926.2s remaining=1010
    iter=991 E=-1.6529060551 nfev=1000 t=1928.0s remaining=1009
    iter=992 E=-1.6529063460 nfev=1001 t=1929.8s remaining=1008
    iter=993 E=-1.6529067044 nfev=1002 t=1931.7s remaining=1007
    iter=994 E=-1.6529071741 nfev=1003 t=1933.5s remaining=1006
    iter=995 E=-1.6529077812 nfev=1004 t=1935.3s remaining=1005
    iter=996 E=-1.6529085134 nfev=1005 t=1937.1s remaining=1004
    iter=997 E=-1.6529090159 nfev=1006 t=1939.0s remaining=1003
    iter=998 E=-1.6529093187 nfev=1007 t=1940.9s remaining=1002
    iter=999 E=-1.6529094967 nfev=1008 t=1942.9s remaining=1001
    iter=1000 E=-1.6529096246 nfev=1009 t=1944.8s remaining=1000
    iter=1001 E=-1.6529097618 nfev=1010 t=1946.7s remaining=999
    iter=1002 E=-1.6529099416 nfev=1011 t=1948.5s remaining=998
    iter=1003 E=-1.6529100940 nfev=1012 t=1950.3s remaining=997
    iter=1004 E=-1.6529102107 nfev=1013 t=1952.1s remaining=996
    iter=1005 E=-1.6529102926 nfev=1014 t=1953.9s remaining=995
    iter=1006 E=-1.6529104039 nfev=1015 t=1955.9s remaining=994
    iter=1007 E=-1.6529105631 nfev=1016 t=1957.9s remaining=993
    iter=1008 E=-1.6529107682 nfev=1017 t=1959.8s remaining=992
    iter=1009 E=-1.6529110435 nfev=1018 t=1961.5s remaining=991
    iter=1010 E=-1.6529114291 nfev=1019 t=1963.3s remaining=990
    iter=1011 E=-1.6529119970 nfev=1020 t=1965.1s remaining=989
    iter=1012 E=-1.6529127587 nfev=1021 t=1967.1s remaining=988
    iter=1013 E=-1.6529133545 nfev=1022 t=1968.9s remaining=987
    iter=1014 E=-1.6529138819 nfev=1023 t=1970.6s remaining=986
    iter=1015 E=-1.6529144607 nfev=1024 t=1972.4s remaining=985
    iter=1016 E=-1.6529149135 nfev=1025 t=1974.2s remaining=984
    iter=1017 E=-1.6529152343 nfev=1026 t=1976.0s remaining=983
    iter=1018 E=-1.6529154248 nfev=1027 t=1977.8s remaining=982
    iter=1019 E=-1.6529155815 nfev=1028 t=1979.7s remaining=981
    iter=1020 E=-1.6529157196 nfev=1029 t=1981.6s remaining=980
    iter=1021 E=-1.6529158239 nfev=1030 t=1983.7s remaining=979
    iter=1022 E=-1.6529159246 nfev=1031 t=1985.6s remaining=978
    iter=1023 E=-1.6529160777 nfev=1032 t=1987.4s remaining=977
    iter=1024 E=-1.6529162816 nfev=1033 t=1989.5s remaining=976
    iter=1025 E=-1.6529165249 nfev=1034 t=1991.4s remaining=975
    iter=1026 E=-1.6529168834 nfev=1035 t=1993.2s remaining=974
    iter=1027 E=-1.6529173669 nfev=1036 t=1995.3s remaining=973
    iter=1028 E=-1.6529178592 nfev=1037 t=1997.1s remaining=972
    iter=1029 E=-1.6529183913 nfev=1038 t=1998.9s remaining=971
    iter=1030 E=-1.6529189558 nfev=1039 t=2000.7s remaining=970
    iter=1031 E=-1.6529194847 nfev=1040 t=2002.5s remaining=969
    iter=1032 E=-1.6529198553 nfev=1041 t=2004.3s remaining=968
    iter=1033 E=-1.6529200860 nfev=1042 t=2006.6s remaining=967
    iter=1034 E=-1.6529202662 nfev=1043 t=2008.4s remaining=966
    iter=1035 E=-1.6529204184 nfev=1044 t=2010.3s remaining=965
    iter=1036 E=-1.6529205434 nfev=1045 t=2012.2s remaining=964
    iter=1037 E=-1.6529206487 nfev=1046 t=2014.0s remaining=963
    iter=1038 E=-1.6529207316 nfev=1047 t=2015.9s remaining=962
    iter=1039 E=-1.6529208251 nfev=1048 t=2017.7s remaining=961
    iter=1040 E=-1.6529209645 nfev=1049 t=2019.5s remaining=960
    iter=1041 E=-1.6529211937 nfev=1050 t=2021.4s remaining=959
    iter=1042 E=-1.6529215702 nfev=1051 t=2023.2s remaining=958
    iter=1043 E=-1.6529221518 nfev=1052 t=2025.0s remaining=957
    iter=1044 E=-1.6529229389 nfev=1053 t=2026.7s remaining=956
    iter=1045 E=-1.6529236139 nfev=1054 t=2028.6s remaining=955
    iter=1046 E=-1.6529241394 nfev=1055 t=2030.3s remaining=954
    iter=1047 E=-1.6529244787 nfev=1056 t=2032.1s remaining=953
    iter=1048 E=-1.6529247639 nfev=1057 t=2034.0s remaining=952
    iter=1049 E=-1.6529250877 nfev=1058 t=2035.9s remaining=951
    iter=1050 E=-1.6529253414 nfev=1059 t=2037.7s remaining=950
    iter=1051 E=-1.6529255044 nfev=1060 t=2039.6s remaining=949
    iter=1052 E=-1.6529256541 nfev=1061 t=2041.4s remaining=948
    iter=1053 E=-1.6529257959 nfev=1062 t=2043.1s remaining=947
    iter=1054 E=-1.6529259499 nfev=1063 t=2044.8s remaining=946
    iter=1055 E=-1.6529260660 nfev=1064 t=2046.6s remaining=945
    iter=1056 E=-1.6529262158 nfev=1065 t=2048.8s remaining=944
    iter=1057 E=-1.6529264394 nfev=1066 t=2050.7s remaining=943
    iter=1058 E=-1.6529267781 nfev=1067 t=2052.7s remaining=942
    iter=1059 E=-1.6529272393 nfev=1068 t=2054.5s remaining=941
    iter=1060 E=-1.6529277864 nfev=1069 t=2056.3s remaining=940
    iter=1061 E=-1.6529283427 nfev=1070 t=2058.2s remaining=939
    iter=1062 E=-1.6529289731 nfev=1071 t=2060.0s remaining=938
    iter=1063 E=-1.6529294516 nfev=1072 t=2061.7s remaining=937
    iter=1064 E=-1.6529299612 nfev=1073 t=2063.9s remaining=936
    iter=1065 E=-1.6529304672 nfev=1074 t=2066.5s remaining=935
    iter=1066 E=-1.6529307927 nfev=1075 t=2068.3s remaining=934
    iter=1067 E=-1.6529310046 nfev=1076 t=2070.1s remaining=933
    iter=1068 E=-1.6529311660 nfev=1077 t=2071.9s remaining=932
    iter=1069 E=-1.6529313251 nfev=1078 t=2073.8s remaining=931
    iter=1070 E=-1.6529314449 nfev=1079 t=2075.6s remaining=930
    iter=1071 E=-1.6529315499 nfev=1080 t=2077.4s remaining=929
    iter=1072 E=-1.6529316551 nfev=1081 t=2079.3s remaining=928
    iter=1073 E=-1.6529317595 nfev=1082 t=2081.0s remaining=927
    iter=1074 E=-1.6529318882 nfev=1083 t=2082.9s remaining=926
    iter=1075 E=-1.6529320577 nfev=1084 t=2084.8s remaining=925
    iter=1076 E=-1.6529323133 nfev=1085 t=2086.9s remaining=924
    iter=1077 E=-1.6529326510 nfev=1086 t=2088.9s remaining=923
    iter=1078 E=-1.6529330157 nfev=1087 t=2091.0s remaining=922
    iter=1079 E=-1.6529334229 nfev=1088 t=2093.0s remaining=921
    iter=1080 E=-1.6529339225 nfev=1089 t=2094.8s remaining=920
    iter=1081 E=-1.6529343359 nfev=1090 t=2096.6s remaining=919
    iter=1082 E=-1.6529346241 nfev=1091 t=2098.4s remaining=918
    iter=1083 E=-1.6529349576 nfev=1092 t=2100.2s remaining=917
    iter=1084 E=-1.6529352373 nfev=1093 t=2102.1s remaining=916
    iter=1085 E=-1.6529353739 nfev=1094 t=2104.1s remaining=915
    iter=1086 E=-1.6529354729 nfev=1095 t=2106.2s remaining=914
    iter=1087 E=-1.6529355450 nfev=1096 t=2108.2s remaining=913
    iter=1088 E=-1.6529356193 nfev=1097 t=2110.2s remaining=912
    iter=1089 E=-1.6529357103 nfev=1098 t=2112.0s remaining=911
    iter=1090 E=-1.6529358249 nfev=1099 t=2113.9s remaining=910
    iter=1091 E=-1.6529359297 nfev=1100 t=2115.7s remaining=909
    iter=1092 E=-1.6529360605 nfev=1101 t=2117.6s remaining=908
    iter=1093 E=-1.6529362553 nfev=1102 t=2119.5s remaining=907
    iter=1094 E=-1.6529365563 nfev=1103 t=2121.4s remaining=906
    iter=1095 E=-1.6529370120 nfev=1104 t=2123.2s remaining=905
    iter=1096 E=-1.6529376015 nfev=1105 t=2125.1s remaining=904
    iter=1097 E=-1.6529380753 nfev=1106 t=2127.0s remaining=903
    iter=1098 E=-1.6529384212 nfev=1107 t=2128.9s remaining=902
    iter=1099 E=-1.6529386452 nfev=1108 t=2130.6s remaining=901
    iter=1100 E=-1.6529388053 nfev=1109 t=2132.4s remaining=900
    iter=1101 E=-1.6529389396 nfev=1110 t=2134.2s remaining=899
    iter=1102 E=-1.6529390396 nfev=1111 t=2136.0s remaining=898
    iter=1103 E=-1.6529391322 nfev=1112 t=2137.8s remaining=897
    iter=1104 E=-1.6529392202 nfev=1113 t=2139.6s remaining=896
    iter=1105 E=-1.6529393288 nfev=1114 t=2141.5s remaining=895
    iter=1106 E=-1.6529394575 nfev=1115 t=2143.5s remaining=894
    iter=1107 E=-1.6529395954 nfev=1116 t=2145.6s remaining=893
    iter=1108 E=-1.6529397822 nfev=1117 t=2147.4s remaining=892
    iter=1109 E=-1.6529400180 nfev=1118 t=2149.4s remaining=891
    iter=1110 E=-1.6529403610 nfev=1119 t=2151.3s remaining=890
    iter=1111 E=-1.6529408549 nfev=1120 t=2153.2s remaining=889
    iter=1112 E=-1.6529415008 nfev=1121 t=2155.1s remaining=888
    iter=1113 E=-1.6529419521 nfev=1122 t=2157.0s remaining=887
    iter=1114 E=-1.6529424772 nfev=1123 t=2159.0s remaining=886
    iter=1115 E=-1.6529429197 nfev=1124 t=2160.9s remaining=885
    iter=1116 E=-1.6529432945 nfev=1125 t=2162.7s remaining=884
    iter=1117 E=-1.6529435330 nfev=1126 t=2164.5s remaining=883
    iter=1118 E=-1.6529436652 nfev=1127 t=2166.4s remaining=882
    iter=1119 E=-1.6529437393 nfev=1128 t=2168.6s remaining=881
    iter=1120 E=-1.6529438207 nfev=1129 t=2171.4s remaining=880
    iter=1121 E=-1.6529439369 nfev=1130 t=2173.9s remaining=879
    iter=1122 E=-1.6529440789 nfev=1131 t=2176.2s remaining=878
    iter=1123 E=-1.6529442337 nfev=1132 t=2178.1s remaining=877
    iter=1124 E=-1.6529444581 nfev=1133 t=2179.9s remaining=876
    iter=1125 E=-1.6529447482 nfev=1134 t=2181.7s remaining=875
    iter=1126 E=-1.6529450790 nfev=1135 t=2183.7s remaining=874
    iter=1127 E=-1.6529455083 nfev=1136 t=2185.8s remaining=873
    iter=1128 E=-1.6529459471 nfev=1137 t=2187.9s remaining=872
    iter=1129 E=-1.6529463285 nfev=1138 t=2189.9s remaining=871
    iter=1130 E=-1.6529465748 nfev=1139 t=2192.1s remaining=870
    iter=1131 E=-1.6529467596 nfev=1140 t=2194.3s remaining=869
    iter=1132 E=-1.6529469343 nfev=1141 t=2196.5s remaining=868
    iter=1133 E=-1.6529471226 nfev=1142 t=2198.4s remaining=867
    iter=1134 E=-1.6529473117 nfev=1143 t=2200.2s remaining=866
    iter=1135 E=-1.6529474746 nfev=1144 t=2202.1s remaining=865
    iter=1136 E=-1.6529476204 nfev=1145 t=2203.9s remaining=864
    iter=1137 E=-1.6529477626 nfev=1146 t=2205.8s remaining=863
    iter=1138 E=-1.6529478888 nfev=1147 t=2208.3s remaining=862
    iter=1139 E=-1.6529480384 nfev=1148 t=2211.0s remaining=861
    iter=1140 E=-1.6529482091 nfev=1149 t=2213.6s remaining=860
    iter=1141 E=-1.6529484090 nfev=1150 t=2215.4s remaining=859
    iter=1142 E=-1.6529485829 nfev=1151 t=2217.3s remaining=858
    iter=1143 E=-1.6529488024 nfev=1152 t=2219.1s remaining=857
    iter=1144 E=-1.6529490582 nfev=1153 t=2220.9s remaining=856
    iter=1145 E=-1.6529494251 nfev=1154 t=2222.7s remaining=855
    iter=1146 E=-1.6529498727 nfev=1155 t=2224.5s remaining=854
    iter=1147 E=-1.6529503490 nfev=1156 t=2226.3s remaining=853
    iter=1148 E=-1.6529508100 nfev=1157 t=2228.2s remaining=852
    iter=1149 E=-1.6529511151 nfev=1158 t=2230.1s remaining=851
    iter=1150 E=-1.6529512600 nfev=1159 t=2231.9s remaining=850
    iter=1151 E=-1.6529513816 nfev=1160 t=2233.7s remaining=849
    iter=1152 E=-1.6529514709 nfev=1161 t=2235.7s remaining=848
    iter=1153 E=-1.6529515578 nfev=1162 t=2237.6s remaining=847
    iter=1154 E=-1.6529516461 nfev=1163 t=2239.6s remaining=846
    iter=1155 E=-1.6529517602 nfev=1164 t=2241.5s remaining=845
    iter=1156 E=-1.6529519268 nfev=1165 t=2243.3s remaining=844
    iter=1157 E=-1.6529521209 nfev=1166 t=2245.2s remaining=843
    iter=1158 E=-1.6529522988 nfev=1167 t=2247.1s remaining=842
    iter=1159 E=-1.6529524903 nfev=1168 t=2248.9s remaining=841
    iter=1160 E=-1.6529527047 nfev=1169 t=2250.7s remaining=840
    iter=1161 E=-1.6529529696 nfev=1170 t=2252.6s remaining=839
    iter=1162 E=-1.6529532369 nfev=1171 t=2254.4s remaining=838
    iter=1163 E=-1.6529535226 nfev=1172 t=2256.3s remaining=837
    iter=1164 E=-1.6529538098 nfev=1173 t=2258.2s remaining=836
    iter=1165 E=-1.6529540603 nfev=1174 t=2259.9s remaining=835
    iter=1166 E=-1.6529542472 nfev=1175 t=2261.8s remaining=834
    iter=1167 E=-1.6529544301 nfev=1176 t=2263.8s remaining=833
    iter=1168 E=-1.6529546058 nfev=1177 t=2266.0s remaining=832
    iter=1169 E=-1.6529547734 nfev=1178 t=2267.9s remaining=831
    iter=1170 E=-1.6529548640 nfev=1179 t=2269.7s remaining=830
    iter=1171 E=-1.6529549266 nfev=1180 t=2271.5s remaining=829
    iter=1172 E=-1.6529549744 nfev=1181 t=2273.4s remaining=828
    iter=1173 E=-1.6529550354 nfev=1182 t=2275.2s remaining=827
    iter=1174 E=-1.6529551259 nfev=1183 t=2277.2s remaining=826
    iter=1175 E=-1.6529552754 nfev=1184 t=2279.3s remaining=825
    iter=1176 E=-1.6529555152 nfev=1185 t=2281.1s remaining=824
    iter=1177 E=-1.6529558980 nfev=1186 t=2283.2s remaining=823
    iter=1178 E=-1.6529563824 nfev=1187 t=2285.1s remaining=822
    iter=1179 E=-1.6529570606 nfev=1188 t=2287.1s remaining=821
    iter=1180 E=-1.6529576344 nfev=1189 t=2289.3s remaining=820
    iter=1181 E=-1.6529580090 nfev=1190 t=2291.3s remaining=819
    iter=1182 E=-1.6529581836 nfev=1191 t=2293.6s remaining=818
    iter=1183 E=-1.6529583330 nfev=1192 t=2295.5s remaining=817
    iter=1184 E=-1.6529584229 nfev=1193 t=2297.3s remaining=816
    iter=1185 E=-1.6529584923 nfev=1194 t=2299.3s remaining=815
    iter=1186 E=-1.6529585500 nfev=1195 t=2301.1s remaining=814
    iter=1187 E=-1.6529586092 nfev=1196 t=2303.0s remaining=813
    iter=1188 E=-1.6529586532 nfev=1197 t=2304.8s remaining=812
    iter=1189 E=-1.6529587164 nfev=1198 t=2306.6s remaining=811
    iter=1190 E=-1.6529588174 nfev=1199 t=2308.5s remaining=810
    iter=1191 E=-1.6529589768 nfev=1200 t=2310.3s remaining=809
    iter=1192 E=-1.6529592196 nfev=1201 t=2312.1s remaining=808
    iter=1193 E=-1.6529595406 nfev=1202 t=2313.9s remaining=807
    iter=1194 E=-1.6529598672 nfev=1203 t=2315.7s remaining=806
    iter=1195 E=-1.6529603963 nfev=1204 t=2317.5s remaining=805
    iter=1196 E=-1.6529610710 nfev=1205 t=2319.4s remaining=804
    iter=1197 E=-1.6529614864 nfev=1206 t=2321.3s remaining=803
    iter=1198 E=-1.6529618142 nfev=1207 t=2323.1s remaining=802
    iter=1199 E=-1.6529620304 nfev=1208 t=2325.1s remaining=801
    iter=1200 E=-1.6529621697 nfev=1209 t=2327.0s remaining=800
    iter=1201 E=-1.6529622642 nfev=1210 t=2329.2s remaining=799
    iter=1202 E=-1.6529623425 nfev=1211 t=2331.1s remaining=798
    iter=1203 E=-1.6529624524 nfev=1212 t=2333.0s remaining=797
    iter=1204 E=-1.6529625498 nfev=1213 t=2334.9s remaining=796
    iter=1205 E=-1.6529626828 nfev=1214 t=2336.7s remaining=795
    iter=1206 E=-1.6529628748 nfev=1215 t=2338.6s remaining=794
    iter=1207 E=-1.6529630699 nfev=1216 t=2340.6s remaining=793
    iter=1208 E=-1.6529632625 nfev=1217 t=2342.4s remaining=792
    iter=1209 E=-1.6529634779 nfev=1218 t=2344.3s remaining=791
    iter=1210 E=-1.6529637680 nfev=1219 t=2346.3s remaining=790
    iter=1211 E=-1.6529641012 nfev=1220 t=2348.1s remaining=789
    iter=1212 E=-1.6529644966 nfev=1221 t=2349.9s remaining=788
    iter=1213 E=-1.6529649138 nfev=1222 t=2351.8s remaining=787
    iter=1214 E=-1.6529652509 nfev=1223 t=2353.7s remaining=786
    iter=1215 E=-1.6529654486 nfev=1224 t=2355.7s remaining=785
    iter=1216 E=-1.6529655811 nfev=1225 t=2357.6s remaining=784
    iter=1217 E=-1.6529656716 nfev=1226 t=2359.5s remaining=783
    iter=1218 E=-1.6529657852 nfev=1227 t=2361.9s remaining=782
    iter=1219 E=-1.6529658913 nfev=1228 t=2364.3s remaining=781
    iter=1220 E=-1.6529660254 nfev=1229 t=2366.2s remaining=780
    iter=1221 E=-1.6529661227 nfev=1230 t=2368.4s remaining=779
    iter=1222 E=-1.6529662175 nfev=1231 t=2370.5s remaining=778
    iter=1223 E=-1.6529662856 nfev=1232 t=2372.4s remaining=777
    iter=1224 E=-1.6529663435 nfev=1233 t=2374.2s remaining=776
    iter=1225 E=-1.6529664071 nfev=1234 t=2376.5s remaining=775
    iter=1226 E=-1.6529664923 nfev=1235 t=2379.1s remaining=774
    iter=1227 E=-1.6529666186 nfev=1236 t=2381.4s remaining=773
    iter=1228 E=-1.6529668251 nfev=1237 t=2383.3s remaining=772
    iter=1229 E=-1.6529671509 nfev=1238 t=2385.2s remaining=771
    iter=1230 E=-1.6529676367 nfev=1239 t=2387.1s remaining=770
    iter=1231 E=-1.6529681048 nfev=1240 t=2388.9s remaining=769
    iter=1232 E=-1.6529686335 nfev=1241 t=2390.7s remaining=768
    iter=1233 E=-1.6529690721 nfev=1242 t=2392.5s remaining=767
    iter=1234 E=-1.6529692991 nfev=1243 t=2394.3s remaining=766
    iter=1235 E=-1.6529694152 nfev=1244 t=2396.2s remaining=765
    iter=1236 E=-1.6529694703 nfev=1245 t=2398.0s remaining=764
    iter=1237 E=-1.6529695282 nfev=1246 t=2399.9s remaining=763
    iter=1238 E=-1.6529695724 nfev=1247 t=2401.8s remaining=762
    iter=1239 E=-1.6529696288 nfev=1248 t=2403.8s remaining=761
    iter=1240 E=-1.6529697047 nfev=1249 t=2405.7s remaining=760
    iter=1241 E=-1.6529698229 nfev=1250 t=2407.7s remaining=759
    iter=1242 E=-1.6529699412 nfev=1251 t=2409.7s remaining=758
    iter=1243 E=-1.6529701109 nfev=1252 t=2411.6s remaining=757
    iter=1244 E=-1.6529703559 nfev=1253 t=2413.5s remaining=756
    iter=1245 E=-1.6529706913 nfev=1254 t=2415.4s remaining=755
    iter=1246 E=-1.6529710096 nfev=1255 t=2417.2s remaining=754
    iter=1247 E=-1.6529712385 nfev=1256 t=2419.1s remaining=753
    iter=1248 E=-1.6529714699 nfev=1257 t=2421.0s remaining=752
    iter=1249 E=-1.6529717062 nfev=1258 t=2422.9s remaining=751
    iter=1250 E=-1.6529719606 nfev=1259 t=2424.8s remaining=750
    iter=1251 E=-1.6529721392 nfev=1260 t=2426.7s remaining=749
    iter=1252 E=-1.6529722694 nfev=1261 t=2428.6s remaining=748
    iter=1253 E=-1.6529723373 nfev=1262 t=2430.5s remaining=747
    iter=1254 E=-1.6529723962 nfev=1263 t=2432.3s remaining=746
    iter=1255 E=-1.6529724258 nfev=1264 t=2434.3s remaining=745
    iter=1256 E=-1.6529724702 nfev=1265 t=2437.2s remaining=744
    iter=1257 E=-1.6529725381 nfev=1266 t=2439.8s remaining=743
    iter=1258 E=-1.6529726508 nfev=1267 t=2442.0s remaining=742
    iter=1259 E=-1.6529728328 nfev=1268 t=2444.1s remaining=741
    iter=1260 E=-1.6529731100 nfev=1269 t=2445.9s remaining=740
    iter=1261 E=-1.6529734674 nfev=1270 t=2447.9s remaining=739
    iter=1262 E=-1.6529739041 nfev=1271 t=2449.8s remaining=738
    iter=1263 E=-1.6529742790 nfev=1272 t=2451.7s remaining=737
    iter=1264 E=-1.6529744907 nfev=1273 t=2453.8s remaining=736
    iter=1265 E=-1.6529746980 nfev=1274 t=2455.7s remaining=735
    iter=1266 E=-1.6529748538 nfev=1275 t=2457.8s remaining=734
    iter=1267 E=-1.6529749319 nfev=1276 t=2459.8s remaining=733
    iter=1268 E=-1.6529749842 nfev=1277 t=2461.7s remaining=732
    iter=1269 E=-1.6529750241 nfev=1278 t=2463.7s remaining=731
    iter=1270 E=-1.6529750527 nfev=1279 t=2465.6s remaining=730
    iter=1271 E=-1.6529750817 nfev=1280 t=2467.5s remaining=729
    iter=1272 E=-1.6529751168 nfev=1281 t=2469.5s remaining=728
    iter=1273 E=-1.6529751679 nfev=1282 t=2471.4s remaining=727
    iter=1274 E=-1.6529752486 nfev=1283 t=2473.4s remaining=726
    iter=1275 E=-1.6529753717 nfev=1284 t=2475.5s remaining=725
    iter=1276 E=-1.6529755641 nfev=1285 t=2477.7s remaining=724
    iter=1277 E=-1.6529758321 nfev=1286 t=2479.5s remaining=723
    iter=1278 E=-1.6529762271 nfev=1287 t=2481.6s remaining=722
    iter=1279 E=-1.6529765966 nfev=1288 t=2483.5s remaining=721
    iter=1280 E=-1.6529767965 nfev=1289 t=2485.6s remaining=720
    iter=1281 E=-1.6529769115 nfev=1290 t=2487.7s remaining=719
    iter=1282 E=-1.6529769573 nfev=1291 t=2489.6s remaining=718
    iter=1283 E=-1.6529769945 nfev=1292 t=2491.6s remaining=717
    iter=1284 E=-1.6529770327 nfev=1293 t=2493.5s remaining=716
    iter=1285 E=-1.6529770725 nfev=1294 t=2495.4s remaining=715
    iter=1286 E=-1.6529771490 nfev=1295 t=2497.3s remaining=714
    iter=1287 E=-1.6529772469 nfev=1296 t=2499.1s remaining=713
    iter=1288 E=-1.6529773489 nfev=1297 t=2500.9s remaining=712
    iter=1289 E=-1.6529774738 nfev=1298 t=2503.0s remaining=711
    iter=1290 E=-1.6529776462 nfev=1299 t=2505.1s remaining=710
    iter=1291 E=-1.6529778435 nfev=1300 t=2507.0s remaining=709
    iter=1292 E=-1.6529781128 nfev=1301 t=2509.0s remaining=708
    iter=1293 E=-1.6529784006 nfev=1302 t=2510.9s remaining=707
    iter=1294 E=-1.6529786559 nfev=1303 t=2512.9s remaining=706
    iter=1295 E=-1.6529788210 nfev=1304 t=2515.0s remaining=705
    iter=1296 E=-1.6529789128 nfev=1305 t=2516.9s remaining=704
    iter=1297 E=-1.6529789484 nfev=1306 t=2518.7s remaining=703
    iter=1298 E=-1.6529789724 nfev=1307 t=2520.7s remaining=702
    iter=1299 E=-1.6529789931 nfev=1308 t=2522.5s remaining=701
    iter=1300 E=-1.6529790119 nfev=1309 t=2524.2s remaining=700
    iter=1301 E=-1.6529790382 nfev=1310 t=2526.1s remaining=699
    iter=1302 E=-1.6529790757 nfev=1311 t=2528.2s remaining=698
    iter=1303 E=-1.6529791292 nfev=1312 t=2530.1s remaining=697
    iter=1304 E=-1.6529791979 nfev=1313 t=2531.9s remaining=696
    iter=1305 E=-1.6529792964 nfev=1314 t=2533.8s remaining=695
    iter=1306 E=-1.6529794510 nfev=1315 t=2535.6s remaining=694
    iter=1307 E=-1.6529796500 nfev=1316 t=2537.4s remaining=693
    iter=1308 E=-1.6529798382 nfev=1317 t=2539.3s remaining=692
    iter=1309 E=-1.6529800375 nfev=1318 t=2541.1s remaining=691
    iter=1310 E=-1.6529802346 nfev=1319 t=2543.1s remaining=690
    iter=1311 E=-1.6529803714 nfev=1320 t=2545.0s remaining=689
    iter=1312 E=-1.6529805033 nfev=1321 t=2546.9s remaining=688
    iter=1313 E=-1.6529805864 nfev=1322 t=2548.9s remaining=687
    iter=1314 E=-1.6529806585 nfev=1323 t=2550.9s remaining=686
    iter=1315 E=-1.6529806929 nfev=1324 t=2552.9s remaining=685
    iter=1316 E=-1.6529807257 nfev=1325 t=2555.2s remaining=684
    iter=1317 E=-1.6529807505 nfev=1326 t=2557.1s remaining=683
    iter=1318 E=-1.6529807831 nfev=1327 t=2559.3s remaining=682
    iter=1319 E=-1.6529808227 nfev=1328 t=2561.4s remaining=681
    iter=1320 E=-1.6529808821 nfev=1329 t=2563.5s remaining=680
    iter=1321 E=-1.6529809578 nfev=1330 t=2565.9s remaining=679
    iter=1322 E=-1.6529810680 nfev=1331 t=2568.0s remaining=678
    iter=1323 E=-1.6529811968 nfev=1332 t=2570.3s remaining=677
    iter=1324 E=-1.6529813639 nfev=1333 t=2572.5s remaining=676
    iter=1325 E=-1.6529815335 nfev=1334 t=2574.9s remaining=675
    iter=1326 E=-1.6529817132 nfev=1335 t=2577.0s remaining=674
    iter=1327 E=-1.6529819176 nfev=1336 t=2579.4s remaining=673
    iter=1328 E=-1.6529821156 nfev=1337 t=2581.3s remaining=672
    iter=1329 E=-1.6529822695 nfev=1338 t=2583.5s remaining=671
    iter=1330 E=-1.6529823808 nfev=1339 t=2585.4s remaining=670
    iter=1331 E=-1.6529824596 nfev=1340 t=2587.2s remaining=669
    iter=1332 E=-1.6529825116 nfev=1341 t=2589.2s remaining=668
    iter=1333 E=-1.6529825561 nfev=1342 t=2591.1s remaining=667
    iter=1334 E=-1.6529825846 nfev=1343 t=2593.0s remaining=666
    iter=1335 E=-1.6529826039 nfev=1344 t=2594.9s remaining=665
    iter=1336 E=-1.6529826275 nfev=1345 t=2596.8s remaining=664
    iter=1337 E=-1.6529826550 nfev=1346 t=2598.8s remaining=663
    iter=1338 E=-1.6529826890 nfev=1347 t=2600.7s remaining=662
    iter=1339 E=-1.6529827331 nfev=1348 t=2602.9s remaining=661
    iter=1340 E=-1.6529827954 nfev=1349 t=2604.8s remaining=660
    iter=1341 E=-1.6529828874 nfev=1350 t=2606.8s remaining=659
    iter=1342 E=-1.6529830293 nfev=1351 t=2608.8s remaining=658
    iter=1343 E=-1.6529832416 nfev=1352 t=2610.7s remaining=657
    iter=1344 E=-1.6529835408 nfev=1353 t=2612.7s remaining=656
    iter=1345 E=-1.6529838212 nfev=1354 t=2614.7s remaining=655
    iter=1346 E=-1.6529840718 nfev=1355 t=2616.7s remaining=654
    iter=1347 E=-1.6529842604 nfev=1356 t=2618.7s remaining=653
    iter=1348 E=-1.6529843460 nfev=1357 t=2620.6s remaining=652
    iter=1349 E=-1.6529843850 nfev=1358 t=2622.7s remaining=651
    iter=1350 E=-1.6529844128 nfev=1359 t=2624.6s remaining=650
    iter=1351 E=-1.6529844493 nfev=1360 t=2626.6s remaining=649
    iter=1352 E=-1.6529844780 nfev=1361 t=2628.5s remaining=648
    iter=1353 E=-1.6529845052 nfev=1362 t=2630.7s remaining=647
    iter=1354 E=-1.6529845404 nfev=1363 t=2632.9s remaining=646
    iter=1355 E=-1.6529845871 nfev=1364 t=2635.3s remaining=645
    iter=1356 E=-1.6529846395 nfev=1365 t=2637.3s remaining=644
    iter=1357 E=-1.6529846976 nfev=1366 t=2639.2s remaining=643
    iter=1358 E=-1.6529847782 nfev=1367 t=2641.1s remaining=642
    iter=1359 E=-1.6529848892 nfev=1368 t=2643.4s remaining=641
    iter=1360 E=-1.6529850624 nfev=1369 t=2645.4s remaining=640
    iter=1361 E=-1.6529853004 nfev=1370 t=2647.3s remaining=639
    iter=1362 E=-1.6529855698 nfev=1371 t=2649.3s remaining=638
    iter=1363 E=-1.6529857268 nfev=1372 t=2651.2s remaining=637
    iter=1364 E=-1.6529858838 nfev=1373 t=2653.2s remaining=636
    iter=1365 E=-1.6529859882 nfev=1374 t=2655.2s remaining=635
    iter=1366 E=-1.6529860115 nfev=1375 t=2657.2s remaining=634
    iter=1367 E=-1.6529860321 nfev=1376 t=2659.3s remaining=633
    iter=1368 E=-1.6529860490 nfev=1377 t=2661.4s remaining=632
    iter=1369 E=-1.6529860685 nfev=1378 t=2663.8s remaining=631
    iter=1370 E=-1.6529860982 nfev=1379 t=2666.0s remaining=630
    iter=1371 E=-1.6529861476 nfev=1380 t=2667.8s remaining=629
    iter=1372 E=-1.6529862277 nfev=1381 t=2669.8s remaining=628
    iter=1373 E=-1.6529863548 nfev=1382 t=2671.7s remaining=627
    iter=1374 E=-1.6529865305 nfev=1383 t=2673.6s remaining=626
    iter=1375 E=-1.6529867765 nfev=1384 t=2675.4s remaining=625
    iter=1376 E=-1.6529870671 nfev=1385 t=2677.3s remaining=624
    iter=1377 E=-1.6529873742 nfev=1386 t=2679.3s remaining=623
    iter=1378 E=-1.6529875514 nfev=1387 t=2681.3s remaining=622
    iter=1379 E=-1.6529876419 nfev=1388 t=2683.4s remaining=621
    iter=1380 E=-1.6529877024 nfev=1389 t=2685.3s remaining=620
    iter=1381 E=-1.6529877742 nfev=1390 t=2687.3s remaining=619
    iter=1382 E=-1.6529878102 nfev=1391 t=2689.3s remaining=618
    iter=1383 E=-1.6529878280 nfev=1392 t=2691.4s remaining=617
    iter=1384 E=-1.6529878611 nfev=1393 t=2693.4s remaining=616
    iter=1385 E=-1.6529879176 nfev=1394 t=2695.3s remaining=615
    iter=1386 E=-1.6529879805 nfev=1395 t=2697.4s remaining=614
    iter=1387 E=-1.6529880613 nfev=1396 t=2699.4s remaining=613
    iter=1388 E=-1.6529881876 nfev=1397 t=2701.3s remaining=612
    iter=1389 E=-1.6529883689 nfev=1398 t=2703.3s remaining=611
    iter=1390 E=-1.6529885909 nfev=1399 t=2705.2s remaining=610
    iter=1391 E=-1.6529888174 nfev=1400 t=2707.1s remaining=609
    iter=1392 E=-1.6529890233 nfev=1401 t=2709.5s remaining=608
    iter=1393 E=-1.6529892740 nfev=1402 t=2711.3s remaining=607
    iter=1394 E=-1.6529894643 nfev=1403 t=2713.3s remaining=606
    iter=1395 E=-1.6529895558 nfev=1404 t=2715.0s remaining=605
    iter=1396 E=-1.6529896333 nfev=1405 t=2717.1s remaining=604
    iter=1397 E=-1.6529896968 nfev=1406 t=2719.7s remaining=603
    iter=1398 E=-1.6529897176 nfev=1407 t=2721.9s remaining=602
    iter=1399 E=-1.6529897421 nfev=1408 t=2723.7s remaining=601
    iter=1400 E=-1.6529897727 nfev=1409 t=2725.6s remaining=600
    iter=1401 E=-1.6529898045 nfev=1410 t=2727.5s remaining=599
    iter=1402 E=-1.6529898474 nfev=1411 t=2729.4s remaining=598
    iter=1403 E=-1.6529899017 nfev=1412 t=2731.6s remaining=597
    iter=1404 E=-1.6529899903 nfev=1413 t=2733.5s remaining=596
    iter=1405 E=-1.6529901072 nfev=1414 t=2735.5s remaining=595
    iter=1406 E=-1.6529902805 nfev=1415 t=2737.4s remaining=594
    iter=1407 E=-1.6529904952 nfev=1416 t=2739.2s remaining=593
    iter=1408 E=-1.6529907351 nfev=1417 t=2741.2s remaining=592
    iter=1409 E=-1.6529909732 nfev=1418 t=2743.1s remaining=591
    iter=1410 E=-1.6529911640 nfev=1419 t=2745.2s remaining=590
    iter=1411 E=-1.6529913309 nfev=1420 t=2747.1s remaining=589
    iter=1412 E=-1.6529914538 nfev=1421 t=2749.0s remaining=588
    iter=1413 E=-1.6529915659 nfev=1422 t=2750.9s remaining=587
    iter=1414 E=-1.6529916567 nfev=1423 t=2752.8s remaining=586
    iter=1415 E=-1.6529917017 nfev=1424 t=2754.9s remaining=585
    iter=1416 E=-1.6529917702 nfev=1425 t=2756.9s remaining=584
    iter=1417 E=-1.6529918416 nfev=1426 t=2758.9s remaining=583
    iter=1418 E=-1.6529918680 nfev=1427 t=2760.8s remaining=582
    iter=1419 E=-1.6529918990 nfev=1428 t=2762.8s remaining=581
    iter=1420 E=-1.6529919346 nfev=1429 t=2764.7s remaining=580
    iter=1421 E=-1.6529919814 nfev=1430 t=2766.7s remaining=579
    iter=1422 E=-1.6529920437 nfev=1431 t=2768.8s remaining=578
    iter=1423 E=-1.6529921436 nfev=1432 t=2770.9s remaining=577
    iter=1424 E=-1.6529922763 nfev=1433 t=2773.0s remaining=576
    iter=1425 E=-1.6529924322 nfev=1434 t=2775.0s remaining=575
    iter=1426 E=-1.6529926007 nfev=1435 t=2776.8s remaining=574
    iter=1427 E=-1.6529928314 nfev=1436 t=2779.3s remaining=573
    iter=1428 E=-1.6529930645 nfev=1437 t=2781.3s remaining=572
    iter=1429 E=-1.6529933540 nfev=1438 t=2783.1s remaining=571
    iter=1430 E=-1.6529936189 nfev=1439 t=2785.0s remaining=570
    iter=1431 E=-1.6529938284 nfev=1440 t=2786.8s remaining=569
    iter=1432 E=-1.6529940007 nfev=1441 t=2788.7s remaining=568
    iter=1433 E=-1.6529941676 nfev=1442 t=2790.6s remaining=567
    iter=1434 E=-1.6529942188 nfev=1443 t=2792.5s remaining=566
    iter=1435 E=-1.6529942539 nfev=1444 t=2794.3s remaining=565
    iter=1436 E=-1.6529942774 nfev=1445 t=2796.2s remaining=564
    iter=1437 E=-1.6529942916 nfev=1446 t=2798.1s remaining=563
    iter=1438 E=-1.6529943090 nfev=1447 t=2799.9s remaining=562
    iter=1439 E=-1.6529943281 nfev=1448 t=2802.1s remaining=561
    iter=1440 E=-1.6529943529 nfev=1449 t=2804.0s remaining=560
    iter=1441 E=-1.6529943839 nfev=1450 t=2805.9s remaining=559
    iter=1442 E=-1.6529944250 nfev=1451 t=2807.9s remaining=558
    iter=1443 E=-1.6529944769 nfev=1452 t=2809.7s remaining=557
    iter=1444 E=-1.6529945447 nfev=1453 t=2812.0s remaining=556
    iter=1445 E=-1.6529946290 nfev=1454 t=2814.1s remaining=555
    iter=1446 E=-1.6529947357 nfev=1455 t=2816.0s remaining=554
    iter=1447 E=-1.6529948624 nfev=1456 t=2818.0s remaining=553
    iter=1448 E=-1.6529950033 nfev=1457 t=2820.0s remaining=552
    iter=1449 E=-1.6529951563 nfev=1458 t=2821.9s remaining=551
    iter=1450 E=-1.6529952534 nfev=1459 t=2823.9s remaining=550
    iter=1451 E=-1.6529954132 nfev=1460 t=2825.8s remaining=549
    iter=1452 E=-1.6529956549 nfev=1461 t=2828.1s remaining=548
    iter=1453 E=-1.6529957708 nfev=1462 t=2830.8s remaining=547
    iter=1454 E=-1.6529958608 nfev=1463 t=2833.7s remaining=546
    iter=1455 E=-1.6529959480 nfev=1464 t=2836.5s remaining=545
    iter=1456 E=-1.6529960577 nfev=1465 t=2839.1s remaining=544
    iter=1457 E=-1.6529961230 nfev=1466 t=2841.2s remaining=543
    iter=1458 E=-1.6529961544 nfev=1467 t=2843.0s remaining=542
    iter=1459 E=-1.6529961853 nfev=1468 t=2844.8s remaining=541
    iter=1460 E=-1.6529962086 nfev=1469 t=2846.7s remaining=540
    iter=1461 E=-1.6529962373 nfev=1470 t=2848.5s remaining=539
    iter=1462 E=-1.6529962641 nfev=1471 t=2850.4s remaining=538
    iter=1463 E=-1.6529962968 nfev=1472 t=2852.3s remaining=537
    iter=1464 E=-1.6529963382 nfev=1473 t=2854.1s remaining=536
    iter=1465 E=-1.6529963902 nfev=1474 t=2855.9s remaining=535
    iter=1466 E=-1.6529964651 nfev=1475 t=2857.7s remaining=534
    iter=1467 E=-1.6529965781 nfev=1476 t=2859.6s remaining=533
    iter=1468 E=-1.6529967450 nfev=1477 t=2861.5s remaining=532
    iter=1469 E=-1.6529969764 nfev=1478 t=2863.3s remaining=531
    iter=1470 E=-1.6529972313 nfev=1479 t=2865.3s remaining=530
    iter=1471 E=-1.6529974111 nfev=1480 t=2867.4s remaining=529
    iter=1472 E=-1.6529975814 nfev=1481 t=2869.5s remaining=528
    iter=1473 E=-1.6529976943 nfev=1482 t=2871.4s remaining=527
    iter=1474 E=-1.6529977436 nfev=1483 t=2873.5s remaining=526
    iter=1475 E=-1.6529977698 nfev=1484 t=2875.2s remaining=525
    iter=1476 E=-1.6529977974 nfev=1485 t=2877.2s remaining=524
    iter=1477 E=-1.6529978198 nfev=1486 t=2879.0s remaining=523
    iter=1478 E=-1.6529978423 nfev=1487 t=2880.8s remaining=522
    iter=1479 E=-1.6529978726 nfev=1488 t=2883.0s remaining=521
    iter=1480 E=-1.6529979206 nfev=1489 t=2884.9s remaining=520
    iter=1481 E=-1.6529979960 nfev=1490 t=2886.8s remaining=519
    iter=1482 E=-1.6529981167 nfev=1491 t=2888.7s remaining=518
    iter=1483 E=-1.6529982968 nfev=1492 t=2890.7s remaining=517
    iter=1484 E=-1.6529985574 nfev=1493 t=2893.3s remaining=516
    iter=1485 E=-1.6529988710 nfev=1494 t=2895.4s remaining=515
    iter=1486 E=-1.6529992136 nfev=1495 t=2897.2s remaining=514
    iter=1487 E=-1.6529995118 nfev=1496 t=2899.1s remaining=513
    iter=1488 E=-1.6529996589 nfev=1497 t=2901.0s remaining=512
    iter=1489 E=-1.6529997488 nfev=1498 t=2903.0s remaining=511
    iter=1490 E=-1.6529998020 nfev=1499 t=2904.8s remaining=510
    iter=1491 E=-1.6529998399 nfev=1500 t=2906.7s remaining=509
    iter=1492 E=-1.6529998725 nfev=1501 t=2908.5s remaining=508
    iter=1493 E=-1.6529998837 nfev=1502 t=2910.3s remaining=507
    iter=1494 E=-1.6529998988 nfev=1503 t=2912.2s remaining=506
    iter=1495 E=-1.6529999193 nfev=1504 t=2913.9s remaining=505
    iter=1496 E=-1.6529999487 nfev=1505 t=2915.6s remaining=504
    iter=1497 E=-1.6529999900 nfev=1506 t=2917.4s remaining=503
    iter=1498 E=-1.6530000477 nfev=1507 t=2919.2s remaining=502
    iter=1499 E=-1.6530001242 nfev=1508 t=2921.0s remaining=501
    iter=1500 E=-1.6530002189 nfev=1509 t=2922.8s remaining=500
    iter=1501 E=-1.6530003235 nfev=1510 t=2924.7s remaining=499
    iter=1502 E=-1.6530004450 nfev=1511 t=2926.6s remaining=498
    iter=1503 E=-1.6530006043 nfev=1512 t=2928.4s remaining=497
    iter=1504 E=-1.6530008440 nfev=1513 t=2930.2s remaining=496
    iter=1505 E=-1.6530011578 nfev=1514 t=2932.0s remaining=495
    iter=1506 E=-1.6530013403 nfev=1515 t=2933.9s remaining=494
    iter=1507 E=-1.6530014912 nfev=1516 t=2935.7s remaining=493
    iter=1508 E=-1.6530015317 nfev=1517 t=2937.5s remaining=492
    iter=1509 E=-1.6530015802 nfev=1518 t=2939.5s remaining=491
    iter=1510 E=-1.6530016208 nfev=1519 t=2941.4s remaining=490
    iter=1511 E=-1.6530016808 nfev=1520 t=2943.2s remaining=489
    iter=1512 E=-1.6530017067 nfev=1521 t=2945.0s remaining=488
    iter=1513 E=-1.6530017289 nfev=1522 t=2947.1s remaining=487
    iter=1514 E=-1.6530017615 nfev=1523 t=2949.2s remaining=486
    iter=1515 E=-1.6530018103 nfev=1524 t=2951.2s remaining=485
    iter=1516 E=-1.6530018638 nfev=1525 t=2953.0s remaining=484
    iter=1517 E=-1.6530019118 nfev=1526 t=2954.8s remaining=483
    iter=1518 E=-1.6530019913 nfev=1527 t=2956.7s remaining=482
    iter=1519 E=-1.6530021186 nfev=1528 t=2958.7s remaining=481
    iter=1520 E=-1.6530022996 nfev=1529 t=2960.8s remaining=480
    iter=1521 E=-1.6530025287 nfev=1530 t=2962.8s remaining=479
    iter=1522 E=-1.6530027565 nfev=1531 t=2964.9s remaining=478
    iter=1523 E=-1.6530029322 nfev=1532 t=2966.9s remaining=477
    iter=1524 E=-1.6530031111 nfev=1533 t=2968.8s remaining=476
    iter=1525 E=-1.6530032132 nfev=1534 t=2970.6s remaining=475
    iter=1526 E=-1.6530032828 nfev=1535 t=2972.5s remaining=474
    iter=1527 E=-1.6530033443 nfev=1536 t=2974.3s remaining=473
    iter=1528 E=-1.6530033979 nfev=1537 t=2976.1s remaining=472
    iter=1529 E=-1.6530034365 nfev=1538 t=2977.9s remaining=471
    iter=1530 E=-1.6530034796 nfev=1539 t=2979.7s remaining=470
    iter=1531 E=-1.6530035178 nfev=1540 t=2981.6s remaining=469
    iter=1532 E=-1.6530035627 nfev=1541 t=2983.4s remaining=468
    iter=1533 E=-1.6530036244 nfev=1542 t=2985.2s remaining=467
    iter=1534 E=-1.6530036961 nfev=1543 t=2987.2s remaining=466
    iter=1535 E=-1.6530037637 nfev=1544 t=2989.0s remaining=465
    iter=1536 E=-1.6530038553 nfev=1545 t=2990.9s remaining=464
    iter=1537 E=-1.6530039762 nfev=1546 t=2992.8s remaining=463
    iter=1538 E=-1.6530041416 nfev=1547 t=2994.6s remaining=462
    iter=1539 E=-1.6530043402 nfev=1548 t=2996.5s remaining=461
    iter=1540 E=-1.6530045330 nfev=1549 t=2998.4s remaining=460
    iter=1541 E=-1.6530047192 nfev=1550 t=3000.5s remaining=459
    iter=1542 E=-1.6530048848 nfev=1551 t=3002.6s remaining=458
    iter=1543 E=-1.6530050188 nfev=1552 t=3004.4s remaining=457
    iter=1544 E=-1.6530051257 nfev=1553 t=3006.3s remaining=456
    iter=1545 E=-1.6530051977 nfev=1554 t=3008.4s remaining=455
    iter=1546 E=-1.6530052508 nfev=1555 t=3010.3s remaining=454
    iter=1547 E=-1.6530052672 nfev=1556 t=3012.1s remaining=453
    iter=1548 E=-1.6530052877 nfev=1557 t=3013.9s remaining=452
    iter=1549 E=-1.6530053004 nfev=1558 t=3015.8s remaining=451
    iter=1550 E=-1.6530053206 nfev=1559 t=3017.6s remaining=450
    iter=1551 E=-1.6530053526 nfev=1560 t=3019.5s remaining=449
    iter=1552 E=-1.6530054053 nfev=1561 t=3021.5s remaining=448
    iter=1553 E=-1.6530054876 nfev=1562 t=3023.4s remaining=447
    iter=1554 E=-1.6530056075 nfev=1563 t=3025.3s remaining=446
    iter=1555 E=-1.6530057590 nfev=1564 t=3028.2s remaining=445
    iter=1556 E=-1.6530059300 nfev=1565 t=3031.1s remaining=444
    iter=1557 E=-1.6530060995 nfev=1566 t=3033.2s remaining=443
    iter=1558 E=-1.6530063044 nfev=1567 t=3035.1s remaining=442
    iter=1559 E=-1.6530065008 nfev=1568 t=3037.1s remaining=441
    iter=1560 E=-1.6530066335 nfev=1569 t=3039.9s remaining=440
    iter=1561 E=-1.6530067493 nfev=1570 t=3042.2s remaining=439
    iter=1562 E=-1.6530068456 nfev=1571 t=3044.1s remaining=438
    iter=1563 E=-1.6530069599 nfev=1572 t=3045.9s remaining=437
    iter=1564 E=-1.6530070125 nfev=1573 t=3047.7s remaining=436
    iter=1565 E=-1.6530070423 nfev=1574 t=3049.6s remaining=435
    iter=1566 E=-1.6530070724 nfev=1575 t=3051.4s remaining=434
    iter=1567 E=-1.6530071119 nfev=1576 t=3053.2s remaining=433
    iter=1568 E=-1.6530071486 nfev=1577 t=3055.5s remaining=432
    iter=1569 E=-1.6530071986 nfev=1578 t=3057.8s remaining=431
    iter=1570 E=-1.6530072769 nfev=1579 t=3059.8s remaining=430
    iter=1571 E=-1.6530074172 nfev=1580 t=3062.0s remaining=429
    iter=1572 E=-1.6530076448 nfev=1581 t=3064.0s remaining=428
    iter=1573 E=-1.6530079978 nfev=1582 t=3066.1s remaining=427
    iter=1574 E=-1.6530083919 nfev=1583 t=3068.2s remaining=426
    iter=1575 E=-1.6530087053 nfev=1584 t=3070.1s remaining=425
    iter=1576 E=-1.6530089759 nfev=1585 t=3072.0s remaining=424
    iter=1577 E=-1.6530091143 nfev=1586 t=3074.3s remaining=423
    iter=1578 E=-1.6530091889 nfev=1587 t=3076.6s remaining=422
    iter=1579 E=-1.6530092578 nfev=1588 t=3078.5s remaining=421
    iter=1580 E=-1.6530093083 nfev=1589 t=3080.4s remaining=420
    iter=1581 E=-1.6530093283 nfev=1590 t=3082.2s remaining=419
    iter=1582 E=-1.6530093466 nfev=1591 t=3084.1s remaining=418
    iter=1583 E=-1.6530093699 nfev=1592 t=3086.0s remaining=417
    iter=1584 E=-1.6530093990 nfev=1593 t=3087.8s remaining=416
    iter=1585 E=-1.6530094245 nfev=1594 t=3089.7s remaining=415
    iter=1586 E=-1.6530094586 nfev=1595 t=3091.7s remaining=414
    iter=1587 E=-1.6530095050 nfev=1596 t=3093.7s remaining=413
    iter=1588 E=-1.6530095738 nfev=1597 t=3095.7s remaining=412
    iter=1589 E=-1.6530096639 nfev=1598 t=3097.7s remaining=411
    iter=1590 E=-1.6530097794 nfev=1599 t=3099.6s remaining=410
    iter=1591 E=-1.6530098793 nfev=1600 t=3101.5s remaining=409
    iter=1592 E=-1.6530100201 nfev=1601 t=3103.4s remaining=408
    iter=1593 E=-1.6530102079 nfev=1602 t=3105.4s remaining=407
    iter=1594 E=-1.6530104678 nfev=1603 t=3107.4s remaining=406
    iter=1595 E=-1.6530106850 nfev=1604 t=3109.2s remaining=405
    iter=1596 E=-1.6530108445 nfev=1605 t=3111.1s remaining=404
    iter=1597 E=-1.6530110132 nfev=1606 t=3113.3s remaining=403
    iter=1598 E=-1.6530111173 nfev=1607 t=3115.3s remaining=402
    iter=1599 E=-1.6530111550 nfev=1608 t=3117.2s remaining=401
    iter=1600 E=-1.6530111947 nfev=1609 t=3119.5s remaining=400
    iter=1601 E=-1.6530112304 nfev=1610 t=3121.6s remaining=399
    iter=1602 E=-1.6530112678 nfev=1611 t=3123.6s remaining=398
    iter=1603 E=-1.6530113076 nfev=1612 t=3125.8s remaining=397
    iter=1604 E=-1.6530113492 nfev=1613 t=3127.6s remaining=396
    iter=1605 E=-1.6530113919 nfev=1614 t=3130.1s remaining=395
    iter=1606 E=-1.6530114431 nfev=1615 t=3132.1s remaining=394
    iter=1607 E=-1.6530115036 nfev=1616 t=3134.2s remaining=393
    iter=1608 E=-1.6530115878 nfev=1617 t=3136.1s remaining=392
    iter=1609 E=-1.6530117095 nfev=1618 t=3137.9s remaining=391
    iter=1610 E=-1.6530118736 nfev=1619 t=3139.8s remaining=390
    iter=1611 E=-1.6530120707 nfev=1620 t=3141.7s remaining=389
    iter=1612 E=-1.6530122097 nfev=1621 t=3143.6s remaining=388
    iter=1613 E=-1.6530123988 nfev=1622 t=3145.4s remaining=387
    iter=1614 E=-1.6530125975 nfev=1623 t=3147.3s remaining=386
    iter=1615 E=-1.6530127165 nfev=1624 t=3149.1s remaining=385
    iter=1616 E=-1.6530128210 nfev=1625 t=3151.0s remaining=384
    iter=1617 E=-1.6530129119 nfev=1626 t=3152.8s remaining=383
    iter=1618 E=-1.6530129396 nfev=1628 t=3156.6s remaining=382
    iter=1619 E=-1.6530129695 nfev=1629 t=3158.6s remaining=381
    iter=1620 E=-1.6530129927 nfev=1630 t=3160.6s remaining=380
    iter=1621 E=-1.6530130107 nfev=1631 t=3162.4s remaining=379
    iter=1622 E=-1.6530130317 nfev=1632 t=3164.3s remaining=378
    iter=1623 E=-1.6530130606 nfev=1633 t=3166.2s remaining=377
    iter=1624 E=-1.6530130922 nfev=1634 t=3168.1s remaining=376
    iter=1625 E=-1.6530131306 nfev=1635 t=3170.1s remaining=375
    iter=1626 E=-1.6530131795 nfev=1636 t=3172.1s remaining=374
    iter=1627 E=-1.6530132315 nfev=1637 t=3174.1s remaining=373
    iter=1628 E=-1.6530132999 nfev=1638 t=3176.0s remaining=372
    iter=1629 E=-1.6530133876 nfev=1639 t=3177.9s remaining=371
    iter=1630 E=-1.6530135059 nfev=1640 t=3179.6s remaining=370
    iter=1631 E=-1.6530136244 nfev=1641 t=3181.5s remaining=369
    iter=1632 E=-1.6530137428 nfev=1642 t=3183.4s remaining=368
    iter=1633 E=-1.6530138566 nfev=1643 t=3185.3s remaining=367
    iter=1634 E=-1.6530139672 nfev=1644 t=3187.1s remaining=366
    iter=1635 E=-1.6530140773 nfev=1645 t=3189.0s remaining=365
    iter=1636 E=-1.6530141712 nfev=1646 t=3190.9s remaining=364
    iter=1637 E=-1.6530142589 nfev=1647 t=3192.7s remaining=363
    iter=1638 E=-1.6530143476 nfev=1648 t=3194.5s remaining=362
    iter=1639 E=-1.6530144120 nfev=1649 t=3196.3s remaining=361
    iter=1640 E=-1.6530144726 nfev=1650 t=3198.1s remaining=360
    iter=1641 E=-1.6530145012 nfev=1651 t=3200.0s remaining=359
    iter=1642 E=-1.6530145390 nfev=1652 t=3201.9s remaining=358
    iter=1643 E=-1.6530145513 nfev=1653 t=3203.7s remaining=357
    iter=1644 E=-1.6530145626 nfev=1654 t=3205.6s remaining=356
    iter=1645 E=-1.6530145690 nfev=1655 t=3207.4s remaining=355
    iter=1646 E=-1.6530145744 nfev=1656 t=3209.3s remaining=354
    iter=1647 E=-1.6530145785 nfev=1657 t=3211.2s remaining=353
    iter=1648 E=-1.6530145828 nfev=1658 t=3213.1s remaining=352
    iter=1649 E=-1.6530145997 nfev=1660 t=3216.9s remaining=351
    iter=1650 E=-1.6530146134 nfev=1661 t=3218.8s remaining=350
    iter=1651 E=-1.6530146254 nfev=1662 t=3220.6s remaining=349
    iter=1652 E=-1.6530146388 nfev=1663 t=3222.4s remaining=348
    iter=1653 E=-1.6530146995 nfev=1665 t=3225.9s remaining=347
    iter=1654 E=-1.6530147596 nfev=1666 t=3227.7s remaining=346
    iter=1655 E=-1.6530148226 nfev=1667 t=3229.5s remaining=345
    iter=1656 E=-1.6530149130 nfev=1668 t=3231.4s remaining=344
    iter=1657 E=-1.6530150372 nfev=1669 t=3233.8s remaining=343
    iter=1658 E=-1.6530152217 nfev=1670 t=3236.0s remaining=342
    iter=1659 E=-1.6530154288 nfev=1671 t=3238.0s remaining=341
    iter=1660 E=-1.6530155731 nfev=1672 t=3240.1s remaining=340
    iter=1661 E=-1.6530157020 nfev=1673 t=3242.0s remaining=339
    iter=1662 E=-1.6530158338 nfev=1674 t=3243.9s remaining=338
    iter=1663 E=-1.6530159452 nfev=1675 t=3245.8s remaining=337
    iter=1664 E=-1.6530159764 nfev=1676 t=3247.7s remaining=336
    iter=1665 E=-1.6530159933 nfev=1677 t=3249.7s remaining=335
    iter=1666 E=-1.6530160085 nfev=1678 t=3251.6s remaining=334
    iter=1667 E=-1.6530160205 nfev=1679 t=3253.5s remaining=333
    iter=1668 E=-1.6530160366 nfev=1680 t=3255.5s remaining=332
    iter=1669 E=-1.6530160608 nfev=1681 t=3257.6s remaining=331
    iter=1670 E=-1.6530161004 nfev=1682 t=3260.1s remaining=330
    iter=1671 E=-1.6530161505 nfev=1683 t=3262.3s remaining=329
    iter=1672 E=-1.6530162239 nfev=1684 t=3264.3s remaining=328
    iter=1673 E=-1.6530163035 nfev=1685 t=3266.2s remaining=327
    iter=1674 E=-1.6530163907 nfev=1686 t=3268.0s remaining=326
    iter=1675 E=-1.6530164838 nfev=1687 t=3269.9s remaining=325
    iter=1676 E=-1.6530165824 nfev=1688 t=3271.8s remaining=324
    iter=1677 E=-1.6530166990 nfev=1689 t=3273.7s remaining=323
    iter=1678 E=-1.6530168399 nfev=1690 t=3275.5s remaining=322
    iter=1679 E=-1.6530170031 nfev=1691 t=3277.3s remaining=321
    iter=1680 E=-1.6530171678 nfev=1692 t=3279.2s remaining=320
    iter=1681 E=-1.6530172905 nfev=1693 t=3281.2s remaining=319
    iter=1682 E=-1.6530174623 nfev=1694 t=3283.2s remaining=318
    iter=1683 E=-1.6530175407 nfev=1695 t=3285.2s remaining=317
    iter=1684 E=-1.6530176076 nfev=1696 t=3287.0s remaining=316
    iter=1685 E=-1.6530176443 nfev=1697 t=3288.9s remaining=315
    iter=1686 E=-1.6530176550 nfev=1698 t=3290.8s remaining=314
    iter=1687 E=-1.6530176591 nfev=1699 t=3292.7s remaining=313
    iter=1688 E=-1.6530176641 nfev=1700 t=3294.5s remaining=312
    iter=1689 E=-1.6530176929 nfev=1702 t=3298.3s remaining=311
    iter=1690 E=-1.6530177208 nfev=1703 t=3300.2s remaining=310
    iter=1691 E=-1.6530177358 nfev=1704 t=3302.1s remaining=309
    iter=1692 E=-1.6530177639 nfev=1705 t=3304.3s remaining=308
    iter=1693 E=-1.6530178101 nfev=1706 t=3306.4s remaining=307
    iter=1694 E=-1.6530178663 nfev=1707 t=3308.5s remaining=306
    iter=1695 E=-1.6530179108 nfev=1708 t=3310.4s remaining=305
    iter=1696 E=-1.6530179523 nfev=1709 t=3312.3s remaining=304
    iter=1697 E=-1.6530180041 nfev=1710 t=3314.8s remaining=303
    iter=1698 E=-1.6530180679 nfev=1711 t=3316.6s remaining=302
    iter=1699 E=-1.6530181558 nfev=1712 t=3318.6s remaining=301
    iter=1700 E=-1.6530182583 nfev=1713 t=3320.6s remaining=300
    iter=1701 E=-1.6530183826 nfev=1714 t=3322.4s remaining=299
    iter=1702 E=-1.6530184342 nfev=1715 t=3324.2s remaining=298
    iter=1703 E=-1.6530184931 nfev=1716 t=3326.0s remaining=297
    iter=1704 E=-1.6530185601 nfev=1717 t=3327.9s remaining=296
    iter=1705 E=-1.6530186388 nfev=1718 t=3330.0s remaining=295
    iter=1706 E=-1.6530187390 nfev=1719 t=3332.0s remaining=294
    iter=1707 E=-1.6530188134 nfev=1720 t=3333.8s remaining=293
    iter=1708 E=-1.6530188696 nfev=1721 t=3335.6s remaining=292
    iter=1709 E=-1.6530189295 nfev=1722 t=3337.7s remaining=291
    iter=1710 E=-1.6530189743 nfev=1723 t=3339.7s remaining=290
    iter=1711 E=-1.6530190095 nfev=1724 t=3341.6s remaining=289
    iter=1712 E=-1.6530190430 nfev=1725 t=3344.1s remaining=288
    iter=1713 E=-1.6530190900 nfev=1726 t=3346.9s remaining=287
    iter=1714 E=-1.6530191337 nfev=1727 t=3349.6s remaining=286
    iter=1715 E=-1.6530191903 nfev=1728 t=3352.3s remaining=285
    iter=1716 E=-1.6530192359 nfev=1729 t=3355.0s remaining=284
    iter=1717 E=-1.6530192732 nfev=1730 t=3356.9s remaining=283
    iter=1718 E=-1.6530193244 nfev=1731 t=3358.8s remaining=282
    iter=1719 E=-1.6530193839 nfev=1732 t=3360.6s remaining=281
    iter=1720 E=-1.6530194510 nfev=1733 t=3362.4s remaining=280
    iter=1721 E=-1.6530195330 nfev=1734 t=3364.2s remaining=279
    iter=1722 E=-1.6530196365 nfev=1735 t=3366.1s remaining=278
    iter=1723 E=-1.6530197583 nfev=1736 t=3368.0s remaining=277
    iter=1724 E=-1.6530198748 nfev=1737 t=3370.0s remaining=276
    iter=1725 E=-1.6530199471 nfev=1738 t=3372.7s remaining=275
    iter=1726 E=-1.6530200475 nfev=1739 t=3375.6s remaining=274
    iter=1727 E=-1.6530201354 nfev=1740 t=3378.5s remaining=273
    iter=1728 E=-1.6530201900 nfev=1741 t=3381.4s remaining=272
    iter=1729 E=-1.6530202372 nfev=1742 t=3383.3s remaining=271
    iter=1730 E=-1.6530202693 nfev=1743 t=3385.1s remaining=270
    iter=1731 E=-1.6530202784 nfev=1744 t=3387.0s remaining=269
    iter=1732 E=-1.6530202909 nfev=1745 t=3388.8s remaining=268
    iter=1733 E=-1.6530203027 nfev=1746 t=3390.6s remaining=267
    iter=1734 E=-1.6530203238 nfev=1747 t=3392.6s remaining=266
    iter=1735 E=-1.6530203319 nfev=1748 t=3395.4s remaining=265
    iter=1736 E=-1.6530203521 nfev=1749 t=3398.1s remaining=264
    iter=1737 E=-1.6530203864 nfev=1750 t=3400.1s remaining=263
    iter=1738 E=-1.6530204287 nfev=1751 t=3402.0s remaining=262
    iter=1739 E=-1.6530204776 nfev=1752 t=3403.9s remaining=261
    iter=1740 E=-1.6530205402 nfev=1753 t=3405.8s remaining=260
    iter=1741 E=-1.6530206173 nfev=1754 t=3407.7s remaining=259
    iter=1742 E=-1.6530207170 nfev=1755 t=3409.5s remaining=258
    iter=1743 E=-1.6530208325 nfev=1756 t=3411.4s remaining=257
    iter=1744 E=-1.6530209671 nfev=1757 t=3413.2s remaining=256
    iter=1745 E=-1.6530210845 nfev=1758 t=3415.0s remaining=255
    iter=1746 E=-1.6530212170 nfev=1759 t=3417.0s remaining=254
    iter=1747 E=-1.6530212987 nfev=1760 t=3419.1s remaining=253
    iter=1748 E=-1.6530213697 nfev=1761 t=3421.1s remaining=252
    iter=1749 E=-1.6530214091 nfev=1762 t=3423.1s remaining=251
    iter=1750 E=-1.6530214317 nfev=1763 t=3425.2s remaining=250
    iter=1751 E=-1.6530214324 nfev=1764 t=3427.1s remaining=249
    iter=1752 E=-1.6530214343 nfev=1766 t=3431.4s remaining=248
    iter=1753 E=-1.6530214373 nfev=1768 t=3435.4s remaining=247
    iter=1754 E=-1.6530214398 nfev=1769 t=3437.3s remaining=246
    iter=1755 E=-1.6530214465 nfev=1771 t=3441.9s remaining=245
    iter=1756 E=-1.6530214537 nfev=1772 t=3444.1s remaining=244
    iter=1757 E=-1.6530214604 nfev=1773 t=3446.0s remaining=243
    iter=1758 E=-1.6530214694 nfev=1774 t=3447.9s remaining=242
    iter=1759 E=-1.6530214816 nfev=1775 t=3449.8s remaining=241
    iter=1760 E=-1.6530214995 nfev=1776 t=3451.8s remaining=240
    iter=1761 E=-1.6530215250 nfev=1777 t=3453.8s remaining=239
    iter=1762 E=-1.6530215616 nfev=1778 t=3455.8s remaining=238
    iter=1763 E=-1.6530216111 nfev=1779 t=3457.7s remaining=237
    iter=1764 E=-1.6530216760 nfev=1780 t=3459.6s remaining=236
    iter=1765 E=-1.6530217500 nfev=1781 t=3461.4s remaining=235
    iter=1766 E=-1.6530218336 nfev=1782 t=3463.2s remaining=234
    iter=1767 E=-1.6530218965 nfev=1783 t=3465.1s remaining=233
    iter=1768 E=-1.6530219743 nfev=1784 t=3467.0s remaining=232
    iter=1769 E=-1.6530220445 nfev=1785 t=3468.9s remaining=231
    iter=1770 E=-1.6530221352 nfev=1786 t=3470.8s remaining=230
    iter=1771 E=-1.6530222439 nfev=1787 t=3472.6s remaining=229
    iter=1772 E=-1.6530223410 nfev=1788 t=3474.4s remaining=228
    iter=1773 E=-1.6530223847 nfev=1789 t=3476.7s remaining=227
    iter=1774 E=-1.6530224225 nfev=1790 t=3478.6s remaining=226
    iter=1775 E=-1.6530224608 nfev=1791 t=3480.5s remaining=225
    iter=1776 E=-1.6530225004 nfev=1792 t=3482.6s remaining=224
    iter=1777 E=-1.6530225306 nfev=1793 t=3484.5s remaining=223
    iter=1778 E=-1.6530225396 nfev=1794 t=3486.4s remaining=222
    iter=1779 E=-1.6530225504 nfev=1795 t=3488.3s remaining=221
    iter=1780 E=-1.6530225652 nfev=1796 t=3490.3s remaining=220
    iter=1781 E=-1.6530225886 nfev=1797 t=3492.4s remaining=219
    iter=1782 E=-1.6530226270 nfev=1798 t=3494.3s remaining=218
    iter=1783 E=-1.6530226869 nfev=1799 t=3496.1s remaining=217
    iter=1784 E=-1.6530227480 nfev=1800 t=3497.9s remaining=216
    iter=1785 E=-1.6530227864 nfev=1801 t=3499.9s remaining=215
    iter=1786 E=-1.6530228610 nfev=1802 t=3501.7s remaining=214
    iter=1787 E=-1.6530229815 nfev=1803 t=3503.6s remaining=213
    iter=1788 E=-1.6530230747 nfev=1804 t=3505.5s remaining=212
    iter=1789 E=-1.6530231470 nfev=1805 t=3507.4s remaining=211
    iter=1790 E=-1.6530231957 nfev=1806 t=3509.3s remaining=210
    iter=1791 E=-1.6530232331 nfev=1807 t=3511.2s remaining=209
    iter=1792 E=-1.6530232554 nfev=1808 t=3513.1s remaining=208
    iter=1793 E=-1.6530232724 nfev=1809 t=3515.0s remaining=207
    iter=1794 E=-1.6530232804 nfev=1810 t=3517.0s remaining=206
    iter=1795 E=-1.6530232866 nfev=1811 t=3519.1s remaining=205
    iter=1796 E=-1.6530232959 nfev=1813 t=3522.9s remaining=204
    iter=1797 E=-1.6530233008 nfev=1814 t=3524.8s remaining=203
    iter=1798 E=-1.6530233017 nfev=1815 t=3526.8s remaining=202
    iter=1799 E=-1.6530233045 nfev=1817 t=3531.0s remaining=201
    iter=1800 E=-1.6530233090 nfev=1819 t=3534.8s remaining=200
    iter=1801 E=-1.6530233115 nfev=1820 t=3536.7s remaining=199
    iter=1802 E=-1.6530233163 nfev=1822 t=3540.5s remaining=198
    iter=1803 E=-1.6530233182 nfev=1823 t=3542.4s remaining=197
    iter=1804 E=-1.6530233234 nfev=1825 t=3546.0s remaining=196
    iter=1805 E=-1.6530233266 nfev=1826 t=3547.7s remaining=195
    iter=1806 E=-1.6530233304 nfev=1827 t=3549.6s remaining=194
    iter=1807 E=-1.6530233361 nfev=1828 t=3551.4s remaining=193
    iter=1808 E=-1.6530233454 nfev=1829 t=3553.2s remaining=192
    iter=1809 E=-1.6530233621 nfev=1830 t=3555.0s remaining=191
    iter=1810 E=-1.6530233894 nfev=1831 t=3556.9s remaining=190
    iter=1811 E=-1.6530234317 nfev=1832 t=3558.9s remaining=189
    iter=1812 E=-1.6530234601 nfev=1833 t=3560.7s remaining=188
    iter=1813 E=-1.6530235130 nfev=1834 t=3562.5s remaining=187
    iter=1814 E=-1.6530236022 nfev=1835 t=3564.4s remaining=186
    iter=1815 E=-1.6530237322 nfev=1836 t=3566.2s remaining=185
    iter=1816 E=-1.6530238617 nfev=1837 t=3568.2s remaining=184
    iter=1817 E=-1.6530239549 nfev=1838 t=3570.1s remaining=183
    iter=1818 E=-1.6530240583 nfev=1839 t=3572.3s remaining=182
    iter=1819 E=-1.6530241622 nfev=1840 t=3574.3s remaining=181
    iter=1820 E=-1.6530242306 nfev=1841 t=3576.2s remaining=180
    iter=1821 E=-1.6530242942 nfev=1842 t=3578.0s remaining=179
    iter=1822 E=-1.6530243167 nfev=1843 t=3579.9s remaining=178
    iter=1823 E=-1.6530243707 nfev=1844 t=3581.8s remaining=177
    iter=1824 E=-1.6530244118 nfev=1845 t=3583.6s remaining=176
    iter=1825 E=-1.6530244400 nfev=1846 t=3585.6s remaining=175
    iter=1826 E=-1.6530244418 nfev=1847 t=3587.4s remaining=174
    iter=1827 E=-1.6530244419 nfev=1850 t=3592.8s remaining=173
    iter=1828 E=-1.6530244419 nfev=1856 t=3603.9s remaining=172
    iter=1829 E=-1.6530244422 nfev=1863 t=3617.7s remaining=171
    iter=1830 E=-1.6530244425 nfev=1868 t=3627.1s remaining=170
    iter=1830 E=-1.6530244425 nfev=1915 t=3722.0s remaining=170
    seed=0 E=-1.6530244425 dE=+9.251e-05 nit=1830 ok=False t=3722.0s
  r=0.50  L=11  npar=470   E=-1.6530244425  |E-FCI|=9.251e-05  FCI=no   chem=yes

=== summary (best seed per layer) ===
  bond   L ansatz                 npar              E     |E-FCI|  FCI? chem?
  0.50  11 (ECD+SNAP)^11 + ECD     470  -1.6530244425   9.251e-05    no   yes

wrote data/results/h4_hybrid_L11_nobs_r0050.json
